[33m[WARN] [1788859946.900843547]: [multi_patrol] coordination log: /mnt/d/desktop/叉车/src/forklift_planner/logs/EXP-20260908-A1-LATE-OWNER-REGRESSION/seed2025_coord.log[0m
[33m[WARN] [1788859947.369668867]: [batch] 无头快速回归模式:将狂跑 72000 拍(≈120 仿真分钟),不发 marker、不按实时。[0m
[33m[WARN] [1788859947.369890437]: [multi_patrol][A1 EXIT PREPARED] V0 target=B9 pickup_dwell=5.00s exit_len=2.555 priority_until_s=0.756 horizon_refresh=IMMEDIATE[0m
[33m[WARN] [1788859947.370269887]: [multi_patrol][A1 EXIT PREPARED] V1 target=B35 pickup_dwell=5.00s exit_len=7.330 priority_until_s=0.758 horizon_refresh=IMMEDIATE[0m
[0m[INFO] [1788859946.902317711]: [multi_patrol][TASK RNG] mode=REPRODUCIBLE_PSEUDO seed=2025[0m
[0m[INFO] [1788859947.028617888]: [multi_patrol] A1 leg catalog loaded: /mnt/d/desktop/叉车/src/forklift_planner/config/a1_cycle_path_catalog.yaml slots=66 B->A1 ok=66 arc=42, A1->B ok=66 arc=2[0m
[0m[INFO] [1788859947.185826321]: [multi_patrol] task cache built: slots=66 pairs=4356 valid=4290 same=66 empty=0 curvature=0 boundary=0 shelf=0 kink=0 valid_target_rows=[650,325,325,650,650,520,520,650][0m
[0m[INFO] [1788859947.367938652]: [spin-check] 0 valid paths have mid-path heading jumps >52deg (0 jump points). worst=0deg at -->-[0m
[0m[INFO] [1788859947.368091572]: [multi_patrol][A1] V0 pickup leg: B38 -> A1  wpts=320 len=3.368[0m
[0m[INFO] [1788859947.368105789]: [multi_patrol][A1] V1 pickup leg: B20 -> A1  wpts=304 len=3.391[0m
[0m[INFO] [1788859947.368113123]: [multi_patrol][A1] initial pickup legs assigned: 2/2[0m
[0m[INFO] [1788859947.368174520]: [res_map] resources built: 152[0m
[0m[INFO] [1788859947.368254231]: [res_map] V0 uses SLOT_DOCK_16 s=[2.800,2.880] (len=3.368)[0m
[0m[INFO] [1788859947.368295880]: [res_map] V0 uses SLOT_DOCK_18 s=[2.580,2.780] (len=3.368)[0m
[0m[INFO] [1788859947.368304917]: [res_map] V0 uses SLOT_DOCK_19 s=[1.040,1.100] (len=3.368)[0m
[0m[INFO] [1788859947.368311329]: [res_map] V0 uses SLOT_BODY_38 s=[0.000,0.040] (len=3.368)[0m
[0m[INFO] [1788859947.368316359]: [res_map] V0 uses SLOT_DOCK_38 s=[0.000,0.300] (len=3.368)[0m
[0m[INFO] [1788859947.368321058]: [res_map] V0 uses NARROW_top_gap s=[3.320,3.368] (len=3.368)[0m
[0m[INFO] [1788859947.368325737]: [res_map] V0 uses LANE_C2_lo s=[0.040,0.380] (len=3.368)[0m
[0m[INFO] [1788859947.368331277]: [res_map] V0 uses LANE_C2_hi s=[0.380,1.600] (len=3.368)[0m
[0m[INFO] [1788859947.368338010]: [res_map] V0 uses LANE_C1_lo s=[2.100,3.000] (len=3.368)[0m
[0m[INFO] [1788859947.368345644]: [res_map] V0 uses LANE_C1_hi s=[3.000,3.320] (len=3.368)[0m
[0m[INFO] [1788859947.368352527]: [res_map] V0 uses XING_C1_x1250 s=[2.840,3.320] (len=3.368)[0m
[0m[INFO] [1788859947.368357978]: [res_map] V0 uses XING_C2_x2009 s=[0.520,1.600] (len=3.368)[0m
[0m[INFO] [1788859947.368365652]: [res_map] V0 uses XING_C1_x2009 s=[2.100,2.460] (len=3.368)[0m
[0m[INFO] [1788859947.368419815]: [res_map] V1 uses SLOT_DOCK_10 s=[2.420,2.600] (len=3.391)[0m
[0m[INFO] [1788859947.368489668]: [res_map] V1 uses SLOT_DOCK_11 s=[0.840,0.900] (len=3.391)[0m
[0m[INFO] [1788859947.368522720]: [res_map] V1 uses SLOT_DOCK_12 s=[2.640,2.840] (len=3.391)[0m
[0m[INFO] [1788859947.368532319]: [res_map] V1 uses SLOT_DOCK_14 s=[2.860,2.900] (len=3.391)[0m
[0m[INFO] [1788859947.368538911]: [res_map] V1 uses SLOT_BODY_20 s=[0.000,0.040] (len=3.391)[0m
[0m[INFO] [1788859947.368544391]: [res_map] V1 uses SLOT_DOCK_20 s=[0.000,0.300] (len=3.391)[0m
[0m[INFO] [1788859947.368552447]: [res_map] V1 uses NARROW_top_gap s=[3.340,3.391] (len=3.391)[0m
[0m[INFO] [1788859947.368557566]: [res_map] V1 uses LANE_C2_lo s=[0.040,0.380] (len=3.391)[0m
[0m[INFO] [1788859947.368563929]: [res_map] V1 uses LANE_C2_hi s=[0.380,1.460] (len=3.391)[0m
[0m[INFO] [1788859947.368568838]: [res_map] V1 uses LANE_C1_lo s=[1.940,3.020] (len=3.391)[0m
[0m[INFO] [1788859947.368638851]: [res_map] V1 uses LANE_C1_hi s=[3.020,3.340] (len=3.391)[0m
[0m[INFO] [1788859947.368672565]: [res_map] V1 uses XING_C1_x1250 s=[2.880,3.340] (len=3.391)[0m
[0m[INFO] [1788859947.368680921]: [res_map] V1 uses XING_C2_x290 s=[0.040,1.460] (len=3.391)[0m
[0m[INFO] [1788859947.368686351]: [res_map] V1 uses XING_C1_x290 s=[1.940,2.280] (len=3.391)[0m
[0m[INFO] [1788859947.388791712]: [sim_plan] built plan=1 start=0.10 horizon=15.00 frames=150 commit_frames=20[0m
[0m[INFO] [1788859947.407180738]: [sim_plan] built plan=2 start=2.10 horizon=15.00 frames=150 commit_frames=20[0m
[0m[INFO] [1788859947.435279095]: [sim_plan] built plan=3 start=4.10 horizon=15.00 frames=150 commit_frames=20[0m
[0m[INFO] [1788859947.461224340]: [sim_plan] built plan=4 start=6.10 horizon=15.00 frames=150 c[33m[WARN] [1788859947.742758821]: [multi_patrol][A1 EXIT HORIZON] V0 target=B9 dwell_part=4.90s departure_window=10.10s total_horizon=15.00s[0m
[33m[WARN] [1788859947.762801834]: [multi_patrol][A1 EXIT HORIZON] V0 target=B9 dwell_part=2.90s departure_window=12.10s total_horizon=15.00s[0m
[33m[WARN] [1788859947.786398522]: [multi_patrol][A1 EXIT HORIZON] V0 target=B9 dwell_part=0.90s departure_window=14.10s total_horizon=15.00s[0m
[33m[WARN] [1788859947.895494820]: [multi_patrol][A1 EXIT HORIZON] V1 target=B35 dwell_part=4.90s departure_window=10.10s total_horizon=15.00s[0m
[33m[WARN] [1788859947.903297358]: [multi_patrol][A1 EXIT HORIZON] V1 target=B35 dwell_part=2.90s departure_window=12.10s total_horizon=15.00s[0m
[33m[WARN] [1788859947.911084060]: [multi_patrol][A1 EXIT HORIZON] V1 target=B35 dwell_part=0.90s departure_window=14.10s total_horizon=15.00s[0m
[33m[WARN] [1788859947.923551728]: [SLOT_DEPARTURE] time=0min46.3s vehicle=V0 owner=V1 result=ALLOW reason=slot_departure_clear candidate_path_gen=3 slot_departure_clear_s=0.346 vehicle_mode=ACTIVE vehicle_speed=0.000 vehicle_path_s=0.000 blocker=none a1_prefix_conflict=0 ordinary_road_conflict=0 owner_phase=TO_B owner_path_gen=2 geometry=actual_to_b protected_zones=0 actual_occupancy_priority=0 spatial_stop_launch_infeasible=0 waiter_stop_s=0.475[0m
[33m[WARN] [1788859947.924122605]: [multi_patrol][A1 EXIT PREPARED] V0 target=B59 pickup_dwell=5.00s exit_len=9.022 priority_until_s=0.758 horizon_refresh=IMMEDIATE[0m
ommit_frames=20[0m
[0m[INFO] [1788859947.511076758]: [sim_plan] built plan=5 start=8.10 horizon=15.00 frames=150 commit_frames=20[0m
[0m[INFO] [1788859947.560239899]: [sim_plan] built plan=6 start=10.10 horizon=15.00 frames=150 commit_frames=20[0m
[0m[INFO] [1788859947.598779110]: [sim_plan] built plan=7 start=12.10 horizon=15.00 frames=150 commit_frames=20[0m
[0m[INFO] [1788859947.634612044]: [sim_plan] built plan=8 start=14.10 horizon=15.00 frames=150 commit_frames=20[0m
[0m[INFO] [1788859947.670244480]: [sim_plan] built plan=9 start=16.10 horizon=15.00 frames=150 commit_frames=20[0m
[0m[INFO] [1788859947.701209760]: [sim_plan] built plan=10 start=18.10 horizon=15.00 frames=150 commit_frames=20[0m
[0m[INFO] [1788859947.724298982]: [sim_plan] built plan=11 start=20.10 horizon=15.00 frames=150 commit_frames=20[0m
[0m[INFO] [1788859947.742694489]: [sim_plan] built plan=12 start=21.20 horizon=15.00 frames=150 commit_frames=20[0m
[0m[INFO] [1788859947.762756588]: [sim_plan] built plan=13 start=23.20 horizon=15.00 frames=150 commit_frames=20[0m
[0m[INFO] [1788859947.786354328]: [sim_plan] built plan=14 start=25.20 horizon=15.00 frames=150 commit_frames=20[0m
[0m[INFO] [1788859947.787607017]: [multi_patrol][A1] V0 activate prepared dropoff: A1 -> B9 len=2.555 priority_until_s=0.756[0m
[0m[INFO] [1788859947.809312782]: [sim_plan] built plan=15 start=26.10 horizon=15.00 frames=150 commit_frames=20[0m
[0m[INFO] [1788859947.830035104]: [sim_plan] built plan=16 start=28.10 horizon=15.00 frames=150 commit_frames=20[0m
[0m[INFO] [1788859947.845206394]: [sim_plan] built plan=17 start=30.10 horizon=15.00 frames=150 commit_frames=20[0m
[0m[INFO] [1788859947.846298137]: [multi_patrol][A1 EXIT PRIORITY RELEASE] V0 s=0.768 threshold=0.756[0m
[0m[INFO] [1788859947.855804904]: [sim_plan] built plan=18 start=32.10 horizon=15.00 frames=150 commit_frames=20[0m
[0m[INFO] [1788859947.865462893]: [sim_plan] built plan=19 start=34.10 horizon=15.00 frames=150 commit_frames=20[0m
[0m[INFO] [1788859947.877767800]: [sim_plan] built plan=20 start=36.10 horizon=15.00 frames=150 commit_frames=20[0m
[0m[INFO] [1788859947.889208720]: [sim_plan] built plan=21 start=38.10 horizon=15.00 frames=150 commit_frames=20[0m
[0m[INFO] [1788859947.895447149]: [sim_plan] built plan=22 start=40.00 horizon=15.00 frames=150 commit_frames=20[0m
[0m[INFO] [1788859947.903236372]: [sim_plan] built plan=23 start=42.00 horizon=15.00 frames=150 commit_frames=20[0m
[0m[INFO] [1788859947.911023135]: [sim_plan] built plan=24 start=44.00 horizon=15.00 frames=150 commit_frames=20[0m
[0m[INFO] [1788859947.912642888]: [multi_patrol][A1] V1 activate prepared dropoff: A1 -> B35 len=7.330 priority_until_s=0.758[0m
[0m[INFO] [1788859947.917421476]: [sim_plan] built plan=25 start=44.90 horizon=15.00 frames=150 commit_frames=20[0m
[0m[INFO] [1788859947.923497766]: [multi_patrol][A1] V0 pickup leg: B9 -> A1  wpts=298 len=3.034[0m
[0m[INFO] [1788859947.963243067]: [sim_plan] built plan=26 start=46.30 horizon=15.00 frames=150 commit_frames=20[0m
[0m[INFO] [1788859948.005545891]: [sim_plan] built plan=27 start=48.30 horizon=15.00 frames=150 commit_frames=20[0m
[0m[INFO] [1788859948.040037259]: [sim_plan] built plan=28 start=50.30 horizon=15.00 frames=150 commit_frames=20[0m
[0m[INFO] [1788859948.040469365]: [multi_patrol][A1 EXIT PRIORITY RELEASE] V1 s=0.771 threshold=0.758[0m
[0m[INFO] [1788859948.067221154]: [sim_plan] built plan=29 start=52.30 horizon=15.00 frames=150 commit_frames=20[0m
[0m[INFO] [1788859948.089396141]: [sim_plan] built plan=30 start=54.30 horizon=15.00 frames=150 commit_frames=20[0m
[0m[INFO] [1788859948.109211963]: [sim_plan] built plan=31 start=56.30 horizon=15.00 frames=150 commit_frames=20[0m
[0m[INFO] [1788859948.126001232]: [sim_plan] built plan=32 start=58.30 horizon=15.00 frames=150 commit_frames=20[0m
[0m[INFO] [1788859948.141015913]: [sim_plan] built plan=33 start=60.30 horizon=15.00 frames=150 commit_frames=20[0m
[0m[INFO] [1788859948.154455524]: [sim_plan] built plan=34 start=62.30 horizon=15.[33m[WARN] [1788859948.205034964]: [multi_patrol][A1 EXIT HORIZON] V0 target=B59 dwell_part=4.90s departure_window=10.10s total_horizon=15.00s[0m
[33m[WARN] [1788859948.217421988]: [multi_patrol][A1 EXIT HORIZON] V0 target=B59 dwell_part=2.90s departure_window=12.10s total_horizon=15.00s[0m
[33m[WARN] [1788859948.231405274]: [multi_patrol][A1 EXIT HORIZON] V0 target=B59 dwell_part=0.90s departure_window=14.10s total_horizon=15.00s[0m
[33m[WARN] [1788859948.317615699]: [SLOT_DEPARTURE] time=1min32.5s vehicle=V1 owner=none result=ALLOW reason=no_service_owner candidate_path_gen=3 slot_departure_clear_s=0.327 vehicle_mode=ACTIVE vehicle_speed=0.000 vehicle_path_s=0.000 blocker=none a1_prefix_conflict=0 ordinary_road_conflict=0[0m
[33m[WARN] [1788859948.318108640]: [multi_patrol][A1 EXIT PREPARED] V1 target=B25 pickup_dwell=5.00s exit_len=7.735 priority_until_s=0.758 horizon_refresh=IMMEDIATE[0m
00 frames=150 commit_frames=20[0m
[0m[INFO] [1788859948.166659884]: [sim_plan] built plan=35 start=64.30 horizon=15.00 frames=150 commit_frames=20[0m
[0m[INFO] [1788859948.177505403]: [sim_plan] built plan=36 start=66.30 horizon=15.00 frames=150 commit_frames=20[0m
[0m[INFO] [1788859948.187266237]: [sim_plan] built plan=37 start=68.30 horizon=15.00 frames=150 commit_frames=20[0m
[0m[INFO] [1788859948.195852359]: [sim_plan] built plan=38 start=70.30 horizon=15.00 frames=150 commit_frames=20[0m
[0m[INFO] [1788859948.204976804]: [sim_plan] built plan=39 start=71.60 horizon=15.00 frames=150 commit_frames=20[0m
[0m[INFO] [1788859948.217363457]: [sim_plan] built plan=40 start=73.60 horizon=15.00 frames=150 commit_frames=20[0m
[0m[INFO] [1788859948.231347524]: [sim_plan] built plan=41 start=75.60 horizon=15.00 frames=150 commit_frames=20[0m
[0m[INFO] [1788859948.232914306]: [multi_patrol][A1] V0 activate prepared dropoff: A1 -> B59 len=9.022 priority_until_s=0.758[0m
[0m[INFO] [1788859948.245546357]: [sim_plan] built plan=42 start=76.50 horizon=15.00 frames=150 commit_frames=20[0m
[0m[INFO] [1788859948.272915400]: [sim_plan] built plan=43 start=78.50 horizon=15.00 frames=150 commit_frames=20[0m
[0m[INFO] [1788859948.284904532]: [sim_plan] built plan=44 start=80.50 horizon=15.00 frames=150 commit_frames=20[0m
[0m[INFO] [1788859948.286467670]: [multi_patrol][A1 EXIT PRIORITY RELEASE] V0 s=0.771 threshold=0.758[0m
[0m[INFO] [1788859948.295459721]: [sim_plan] built plan=45 start=82.50 horizon=15.00 frames=150 commit_frames=20[0m
[0m[INFO] [1788859948.303007913]: [sim_plan] built plan=46 start=84.50 horizon=15.00 frames=150 commit_frames=20[0m
[0m[INFO] [1788859948.308226713]: [sim_plan] built plan=47 start=86.50 horizon=15.00 frames=150 commit_frames=20[0m
[0m[INFO] [1788859948.312388144]: [sim_plan] built plan=48 start=88.50 horizon=15.00 frames=150 commit_frames=20[0m
[0m[INFO] [1788859948.316662901]: [sim_plan] built plan=49 start=90.50 horizon=15.00 frames=150 commit_frames=20[0m
[0m[INFO] [1788859948.317570343]: [multi_patrol][A1] V1 pickup leg: B35 -> A1  wpts=491 len=5.663[0m
[0m[INFO] [1788859948.357313593]: [sim_plan] built plan=50 start=92.50 horizon=15.00 frames=150 commit_frames=20[0m
[0m[INFO] [1788859948.383625521]: [sim_plan] built plan=51 start=94.50 horizon=15.00 frames=150 commit_frames=20[0m
[0m[INFO] [1788859948.404985274]: [sim_plan] built plan=52 start=96.50 horizon=15.00 frames=150 commit_frames=20[0m
[0m[INFO] [1788859948.425238486]: [sim_plan] built plan=53 start=98.50 horizon=15.00 frames=150 commit_frames=20[0m
[0m[INFO] [1788859948.440887821]: [sim_plan] built plan=54 start=100.50 horizon=15.00 frames=150 commit_frames=20[0m
[0m[INFO] [1788859948.465131476]: [sim_plan] built plan=55 start=102.50 horizon=15.00 frames=150 commit_frames=20[0m
[0m[INFO] [1788859948.485741355]: [sim_plan] built plan=56 start=104.50 horizon=15.00 frames=150 commit_frames=20[0m
[0m[INFO] [1788859948.503710613]: [sim_plan] built plan=57 start=106.50 horizon=15.00 frames=150 commit_frames=20[0m
[0m[INFO] [1788859948.520581076]: [sim_plan] built plan=58 start=108.50 horizon=15.00 frames=150 commit_frames=20[0m
[0m[INFO] [1788859948.537712804]: [sim_plan] built plan=59 start=110.50 horizon=15.00 frames=150 commit_frames=20[0m
[0m[INFO] [1788859948.554637900]: [sim_plan] built plan=60 start=112.50 horizon=15.00 frames=150 commit_frames=20[0m
[0m[INFO] [1788859948.572905886]: [sim_plan] built plan=61 start=114.50 horizon=15.00 frames=150 commit_frames=20[0m
[0m[INFO] [1788859948.590033436]: [sim_plan] built plan=62 start=116.50 horizon=15.00 frames=150 commit_frames=20[0m
[0m[INFO] [1788859948.603946578]: [sim_plan] built plan=63 start=118.50 horizon=15.00 frames=150 commit_frames=20[0m
[0m[INFO] [1788859948.626491527]: [sim_plan] built plan=64 start=120.50 horizon=15.00 frames=150 commit_frames=20[0m
[0m[INFO] [1788859948.637502322]: [sim_plan] built plan=65 start=122.50 horizon=15.00 frames=150 commit_frames=20[0m
[0m[INFO] [1788859948.646611087]: [sim_plan] buil[33m[WARN] [1788859948.683666432]: [multi_patrol][A1 EXIT HORIZON] V1 target=B25 dwell_part=4.90s departure_window=10.10s total_horizon=15.00s[0m
[33m[WARN] [1788859948.692044410]: [SLOT_DEPARTURE] time=2min15.1s vehicle=V0 owner=V1 result=ALLOW reason=slot_departure_clear candidate_path_gen=5 slot_departure_clear_s=0.346 vehicle_mode=ACTIVE vehicle_speed=0.000 vehicle_path_s=0.000 blocker=none a1_prefix_conflict=0 ordinary_road_conflict=0 owner_phase=PICKUP_DWELL owner_path_gen=3 geometry=pending_preview protected_zones=0 actual_occupancy_priority=0 spatial_stop_launch_infeasible=0 waiter_stop_s=4.850[0m
[33m[WARN] [1788859948.692508034]: [multi_patrol][A1 EXIT PREPARED] V0 target=B62 pickup_dwell=5.00s exit_len=8.617 priority_until_s=0.758 horizon_refresh=IMMEDIATE[0m
[33m[WARN] [1788859948.704163176]: [multi_patrol][A1 EXIT HORIZON] V1 target=B25 dwell_part=4.70s departure_window=10.30s total_horizon=15.00s[0m
[33m[WARN] [1788859948.720408551]: [multi_patrol][A1 EXIT HORIZON] V1 target=B25 dwell_part=2.70s departure_window=12.30s total_horizon=15.00s[0m
[33m[WARN] [1788859948.739661946]: [multi_patrol][A1 EXIT HORIZON] V1 target=B25 dwell_part=0.70s departure_window=14.30s total_horizon=15.00s[0m
[31m[ERROR] [1788859949.135960163]: [FIRST-WEDGE] @tick=1707 sim_t=170.7s 最久=V0 wait=25.0s —— 回放前 80 拍历史 + 卡死车几何 ===[0m
[33m[WARN] [1788859949.136248499]: [WHIST]
tick=1628
  V0 mode=1 act=0 reason=dynamic_speed_STOP_V1 blk=1 task=2 slot=59->-1 s=1.954/6.287 rem=4.332 spd=0.000 wait=17.1 gen=5
  V1 mode=1 act=3 reason=clear blk=-1 task=1 slot=35->25 s=3.819/7.735 rem=3.917 spd=0.142 wait=0.0 gen=4[0m
[33m[WARN] [1788859949.136569370]: [WHIST]
tick=1629
  V0 mode=1 act=0 reason=dynamic_speed_STOP_V1 blk=1 task=2 slot=59->-1 s=1.954/6.287 rem=4.332 spd=0.000 wait=17.2 gen=5
  V1 mode=1 act=3 reason=clear blk=-1 task=1 slot=35->25 s=3.833/7.735 rem=3.902 spd=0.142 wait=0.0 gen=4[0m
[33m[WARN] [1788859949.136831645]: [WHIST]
tick=1630
  V0 mode=1 act=0 reason=dynamic_speed_STOP_V1 blk=1 task=2 slot=59->-1 s=1.954/6.287 rem=4.332 spd=0.000 wait=17.3 gen=5
  V1 mode=1 act=3 reason=clear blk=-1 task=1 slot=35->25 s=3.847/7.735 rem=3.888 spd=0.143 wait=0.0 gen=4[0m
[33m[WARN] [1788859949.137079225]: [WHIST]
tick=1631
  V0 mode=1 act=0 reason=dynamic_speed_STOP_V1 blk=1 task=2 slot=59->-1 s=1.954/6.287 rem=4.332 spd=0.000 wait=17.4 gen=5
  V1 mode=1 act=3 reason=clear blk=-1 task=1 slot=35->25 s=3.861/7.735 rem=3.874 spd=0.143 wait=0.0 gen=4[0m
[33m[WARN] [1788859949.137341072]: [WHIST]
tick=1632
  V0 mode=1 act=0 reason=dynamic_speed_STOP_V1 blk=1 task=2 slot=59->-1 s=1.954/6.287 rem=4.332 spd=0.000 wait=17.5 gen=5
  V1 mode=1 act=3 reason=clear blk=-1 task=1 slot=35->25 s=3.876/7.735 rem=3.859 spd=0.145 wait=0.0 gen=4[0m
[33m[WARN] [1788859949.137579229]: [WHIST]
tick=1633
  V0 mode=1 act=0 reason=dynamic_speed_STOP_V1 blk=1 task=2 slot=59->-1 s=1.954/6.287 rem=4.332 spd=0.000 wait=17.6 gen=5
  V1 mode=1 act=3 reason=clear blk=-1 task=1 slot=35->25 s=3.891/7.735 rem=3.845 spd=0.147 wait=0.0 gen=4[0m
[33m[WARN] [1788859949.137808599]: [WHIST]
tick=1634
  V0 mode=1 act=0 reason=dynamic_speed_STOP_V1 blk=1 task=2 slot=59->-1 s=1.954/6.287 rem=4.332 spd=0.000 wait=17.7 gen=5
  V1 mode=1 act=3 reason=clear blk=-1 task=1 slot=35->25 s=3.906/7.735 rem=3.830 spd=0.150 wait=0.0 gen=4[0m
[33m[WARN] [1788859949.138023126]: [WHIST]
tick=1635
  V0 mode=1 act=0 reason=dynamic_speed_STOP_V1 blk=1 task=2 slot=59->-1 s=1.954/6.287 rem=4.332 spd=0.000 wait=17.8 gen=5
  V1 mode=1 act=3 reason=clear blk=-1 task=1 slot=35->25 s=3.921/7.735 rem=3.814 spd=0.154 wait=0.0 gen=4[0m
[33m[WARN] [1788859949.138284216]: [WHIST]
tick=1636
  V0 mode=1 act=0 reason=dynamic_speed_STOP_V1 blk=1 task=2 slot=59->-1 s=1.954/6.287 rem=4.332 spd=0.000 wait=17.9 gen=5
  V1 mode=1 act=3 reason=clear blk=-1 task=1 slot=35->25 s=3.937/7.735 rem=3.798 spd=0.159 wait=0.0 gen=4[0m
[33m[WARN] [1788859949.138542582]: [WHIST]
tick=1637
  V0 mode=1 act=0 reason=dynamic_speed_STOP_V1 blk=1 task=2 slot=59->-1 s=1.954/6.287 rem=4.332 spd=0.000 wait=18.0 gen=5
  V1 mode=1 act=3 reason=clear blk=-1 task=1 slot=35->25 s=3.953/7.735 rem=3.782 spd=0.164 wait=0.0 gen=4[0m
[33m[WARN] [1788859949.138792548]: [WHIST]
tick=1638
  V0 mode=1 act=0 reason=dynamic_speed_STOP_V1 blk=1 task=2 slot=59->-1 s=1.954/6.287 rem=4.332 spd=0.000 wait=18.1 gen=5
  V1 mode=1 act=3 reason=clear blk=-1 task=1 slot=35->25 s=3.970/7.735 rem=3.765 spd=0.170 wait=0.0 gen=4[0m
[33m[WARN] [1788859949.139026069]: [WHIST]
tick=1639
  V0 mode=1 act=0 reason=dynamic_speed_STOP_V1 blk=1 task=2 slot=59->-1 s=1.954/6.287 rem=4.332 spd=0.000 wait=18.2 gen=5
  V1 mode=1 act=3 reason=clear blk=-1 task=1 slot=35->25 s=3.988/7.735 rem=3.747 spd=0.177 wait=0.0 gen=4[0m
[33m[WARN] [1788859949.139265756]: [WHIST]
tick=1640
  V0 mode=1 act=0 reason=dynamic_speed_STOP_V1 blk=1 task=2 slot=59->-1 s=1.954/6.287 rem=4.332 spd=0.000 wait=18.3 gen=5
  V1 mode=1 act=3 reason=clear blk=-1 task=1 slot=35->25 s=4.006/7.735 rem=3.729 spd=0.185 wait=0.0 gen=4[0m
[33m[WARN] [1788859949.139504800]: [WHIST]
tick=1641
  V0 mode=1 act=0 reason=dynamic_speed_STOP_V1 blk=1 task=2 slot=59->-1 s=1.954/6.287 rem=4.332 spd=0.000 wait=18.4 gen=5
  V1 mode=1 act=3 reason=clear blk=-1 task=1 slot=35->25 s=4.026/7.735 rem=3.709 spd=0.194 wait=0.0 gen=4[0m
[33m[WARN] [1788859949.139772644]: [WHIST]
tick=1642
  V0 mode=1 act=0 reason=dynamic_speed_STOP_V1 blk=1 task=2 slot=59->-1 s=1.954/6.287 rem=4.332 spd=0.000 wait=18.5 gen=5
  V1 mode=1 act=3 reason=clear blk=-1 task=1 slot=35->25 s=4.046/7.735 rem=3.689 spd=0.200 wait=0.0 gen=4[0m
[33m[WARN] [1788859949.140015407]: [WHIST]
tick=1643
  V0 mode=1 act=0 reason=dynamic_speed_STOP_V1 blk=1 task=2 slot=59->-1 s=1.954/6.287 rem=4.332 spd=0.000 wait=18.6 gen=5
  V1 mode=1 act=3 reason=clear blk=-1 task=1 slot=35->25 s=4.066/7.735 rem=3.669 spd=0.200 wait=0.0 gen=4[0m
[33m[WARN] [1788859949.140229388]: [WHIST]
tick=1644
  V0 mode=1 act=0 reason=dynamic_speed_STOP_V1 blk=1 task=2 slot=59->-1 s=1.954/6.287 rem=4.332 spd=0.000 wait=18.7 gen=5
  V1 mode=1 act=3 reason=clear blk=-1 task=1 slot=35->25 s=4.086/7.735 rem=3.649 spd=0.200 wait=0.0 gen=4[0m
[33m[WARN] [1788859949.140443660]: [WHIST]
tick=1645
  V0 mode=1 act=0 reason=dynamic_speed_STOP_V1 blk=1 task=2 slot=59->-1 s=1.954/6.287 rem=4.332 spd=0.000 wait=18.8 gen=5
  V1 mode=1 act=3 reason=clear blk=-1 task=1 slot=35->25 s=4.106/7.735 rem=3.629 spd=0.200 wait=0.0 gen=4[0m
[33m[WARN] [1788859949.140672786]: [WHIST]
tick=1646
  V0 mode=1 act=0 reason=dynamic_speed_STOP_V1 blk=1 task=2 slot=59->-1 s=1.954/6.287 rem=4.332 spd=0.000 wait=18.9 gen=5
  V1 mode=1 act=3 reason=clear blk=-1 task=1 slot=35->25 s=4.126/7.735 rem=3.609 spd=0.200 wait=0.0 gen=4[0m
[33m[WARN] [1788859949.140907399]: [WHIST]
tick=1647
  V0 mode=1 act=0 reason=dynamic_speed_STOP_V1 blk=1 task=2 slot=59->-1 s=1.954/6.287 rem=4.332 spd=0.000 wait=19.0 gen=5
  V1 mode=1 act=3 reason=clear blk=-1 task=1 slot=35->25 s=4.146/7.735 rem=3.589 spd=0.200 wait=0.0 gen=4[0m
[33m[WARN] [1788859949.141120994]: [WHIST]
tick=1648
  V0 mode=1 act=0 reason=dynamic_speed_STOP_V1 blk=1 task=2 slot=59->-1 s=1.954/6.287 rem=4.332 spd=0.000 wait=19.1 gen=5
  V1 mode=1 act=3 reason=clear blk=-1 task=1 slot=35->25 s=4.166/7.735 rem=3.569 spd=0.200 wait=0.0 gen=4[0m
[33m[WARN] [1788859949.141339234]: [WHIST]
tick=1649
  V0 mode=1 act=0 reason=dynamic_speed_STOP_V1 blk=1 task=2 slot=59->-1 s=1.954/6.287 rem=4.332 spd=0.000 wait=19.2 gen=5
  V1 mode=1 act=3 reason=clear blk=-1 task=1 slot=35->25 s=4.186/7.735 rem=3.549 spd=0.200 wait=0.0 gen=4[0m
[33m[WARN] [1788859949.141551897]: [WHIST]
tick=1650
  V0 mode=1 act=0 reason=dynamic_speed_STOP_V1 blk=1 task=2 slot=59->-1 s=1.954/6.287 rem=4.332 spd=0.000 wait=19.3 gen=5
  V1 mode=1 act=3 reason=clear blk=-1 task=1 slot=35->25 s=4.206/7.735 rem=3.529 spd=0.200 wait=0.0 gen=4[0m
[33m[WARN] [1788859949.141764030]: [WHIST]
tick=1651
  V0 mode=1 act=0 reason=dynamic_speed_STOP_V1 blk=1 task=2 slot=59->-1 s=1.954/6.287 rem=4.332 spd=0.000 wait=19.4 gen=5
  V1 mode=1 act=3 reason=clear blk=-1 task=1 slot=35->25 s=4.226/7.735 rem=3.509 spd=0.200 wait=0.0 gen=4[0m
[33m[WARN] [1788859949.142004583]: [WHIST]
tick=1652
  V0 mode=1 act=0 reason=dynamic_speed_STOP_V1 blk=1 task=2 slot=59->-1 s=1.954/6.287 rem=4.332 spd=0.000 wait=19.5 gen=5
  V1 mode=1 act=3 reason=clear blk=-1 task=1 slot=35->25 s=4.246/7.735 rem=3.489 spd=0.200 wait=0.0 gen=4[0m
[33m[WARN] [1788859949.142256752]: [WHIST]
tick=1653
  V0 mode=1 act=0 reason=dynamic_speed_STOP_V1 blk=1 task=2 slot=59->-1 s=1.954/6.287 rem=4.332 spd=0.000 wait=19.6 gen=5
  V1 mode=1 act=3 reason=clear blk=-1 task=1 slot=35->25 s=4.266/7.735 rem=3.469 spd=0.200 wait=0.0 gen=4[0m
[33m[WARN] [1788859949.142493714]: [WHIST]
tick=1654
  V0 mode=1 act=0 reason=dynamic_speed_STOP_V1 blk=1 task=2 slot=59->-1 s=1.954/6.287 rem=4.332 spd=0.000 wait=19.7 gen=5
  V1 mode=1 act=3 reason=clear blk=-1 task=1 slot=35->25 s=4.286/7.735 rem=3.449 spd=0.200 wait=0.0 gen=4[0m
[33m[WARN] [1788859949.142705541]: [WHIST]
tick=1655
  V0 mode=1 act=0 reason=dynamic_speed_STOP_V1 blk=1 task=2 slot=59->-1 s=1.954/6.287 rem=4.332 spd=0.000 wait=19.8 gen=5
  V1 mode=1 act=3 reason=clear blk=-1 task=1 slot=35->25 s=4.306/7.735 rem=3.429 spd=0.200 wait=0.0 gen=4[0m
[33m[WARN] [1788859949.142926730]: [WHIST]
tick=1656
  V0 mode=1 act=0 reason=dynamic_speed_STOP_V1 blk=1 task=2 slot=59->-1 s=1.954/6.287 rem=4.332 spd=0.000 wait=19.9 gen=5
  V1 mode=1 act=3 reason=clear blk=-1 task=1 slot=35->25 s=4.326/7.735 rem=3.409 spd=0.200 wait=0.0 gen=4[0m
[33m[WARN] [1788859949.143148953]: [WHIST]
tick=1657
  V0 mode=1 act=0 reason=dynamic_speed_STOP_V1 blk=1 task=2 slot=59->-1 s=1.954/6.287 rem=4.332 spd=0.000 wait=20.0 gen=5
  V1 mode=1 act=3 reason=clear blk=-1 task=1 slot=35->25 s=4.346/7.735 rem=3.389 spd=0.200 wait=0.0 gen=4[0m
[33m[WARN] [1788859949.143351237]: [WHIST]
tick=1658
  V0 mode=1 act=0 reason=dynamic_speed_STOP_V1 blk=1 task=2 slot=59->-1 s=1.954/6.287 rem=4.332 spd=0.000 wait=20.1 gen=5
  V1 mode=1 act=3 reason=clear blk=-1 task=1 slot=35->25 s=4.366/7.735 rem=3.369 spd=0.200 wait=0.0 gen=4[0m
[33m[WARN] [1788859949.143570663]: [WHIST]
tick=1659
  V0 mode=1 act=0 reason=dynamic_speed_STOP_V1 blk=1 task=2 slot=59->-1 s=1.954/6.287 rem=4.332 spd=0.000 wait=20.2 gen=5
  V1 mode=1 act=3 reason=clear blk=-1 task=1 slot=35->25 s=4.386/7.735 rem=3.349 spd=0.200 wait=0.0 gen=4[0m
[33m[WARN] [1788859949.143767206]: [WHIST]
tick=1660
  V0 mode=1 act=0 reason=dynamic_speed_STOP_V1 blk=1 task=2 slot=59->-1 s=1.954/6.287 rem=4.332 spd=0.000 wait=20.3 gen=5
  V1 mode=1 act=3 reason=clear blk=-1 task=1 slot=35->25 s=4.406/7.735 rem=3.329 spd=0.200 wait=0.0 gen=4[0m
[33m[WARN] [1788859949.143999737]: [WHIST]
tick=1661
  V0 mode=1 act=0 reason=dynamic_speed_STOP_V1 blk=1 task=2 slot=59->-1 s=1.954/6.287 rem=4.332 spd=0.000 wait=20.4 gen=5
  V1 mode=1 act=3 reason=clear blk=-1 task=1 slot=35->25 s=4.426/7.735 rem=3.309 spd=0.200 wait=0.0 gen=4[0m
[33m[WARN] [1788859949.144212301]: [WHIST]
tick=1662
  V0 mode=1 act=0 reason=dynamic_speed_STOP_V1 blk=1 task=2 slot=59->-1 s=1.954/6.287 rem=4.332 spd=0.000 wait=20.5 gen=5
  V1 mode=1 act=3 reason=clear blk=-1 task=1 slot=35->25 s=4.446/7.735 rem=3.289 spd=0.200 wait=0.0 gen=4[0m
[33m[WARN] [1788859949.144405086]: [WHIST]
tick=1663
  V0 mode=1 act=0 reason=dynamic_speed_STOP_V1 blk=1 task=2 slot=59->-1 s=1.954/6.287 rem=4.332 spd=0.000 wait=20.6 gen=5
  V1 mode=1 act=3 reason=clear blk=-1 task=1 slot=35->25 s=4.466/7.735 rem=3.269 spd=0.200 wait=0.0 gen=4[0m
[33m[WARN] [1788859949.144625675]: [WHIST]
tick=1664
  V0 mode=1 act=0 reason=dynamic_speed_STOP_V1 blk=1 task=2 slot=59->-1 s=1.954/6.287 rem=4.332 spd=0.000 wait=20.7 gen=5
  V1 mode=1 act=3 reason=clear blk=-1 task=1 slot=35->25 s=4.486/7.735 rem=3.249 spd=0.200 wait=0.0 gen=4[0m
[33m[WARN] [1788859949.144854700]: [WHIST]
tick=1665
  V0 mode=1 act=0 reason=dynamic_speed_STOP_V1 blk=1 task=2 slot=59->-1 s=1.954/6.287 rem=4.332 spd=0.000 wait=20.8 gen=5
  V1 mode=1 act=3 reason=clear blk=-1 task=1 slot=35->25 s=4.506/7.735 rem=3.229 spd=0.200 wait=0.0 gen=4[0m
[33m[WARN] [1788859949.145083063]: [WHIST]
tick=1666
  V0 mode=1 act=0 reason=dynamic_speed_STOP_V1 blk=1 task=2 slot=59->-1 s=1.954/6.287 rem=4.332 spd=0.000 wait=20.9 gen=5
  V1 mode=1 act=3 reason=clear blk=-1 task=1 slot=35->25 s=4.526/7.735 rem=3.209 spd=0.200 wait=0.0 gen=4[0m
[33m[WARN] [1788859949.145302259]: [WHIST]
tick=1667
  V0 mode=1 act=0 reason=dynamic_speed_STOP_V1 blk=1 task=2 slot=59->-1 s=1.954/6.287 rem=4.332 spd=0.000 wait=21.0 gen=5
  V1 mode=1 act=3 reason=clear blk=-1 task=1 slot=35->25 s=4.546/7.735 rem=3.189 spd=0.200 wait=0.0 gen=4[0m
[33m[WARN] [1788859949.145501628]: [WHIST]
tick=1668
  V0 mode=1 act=0 reason=dynamic_speed_STOP_V1 blk=1 task=2 slot=59->-1 s=1.954/6.287 rem=4.332 spd=0.000 wait=21.1 gen=5
  V1 mode=1 act=3 reason=clear blk=-1 task=1 slot=35->25 s=4.566/7.735 rem=3.169 spd=0.200 wait=0.0 gen=4[0m
[33m[WARN] [1788859949.145703871]: [WHIST]
tick=1669
  V0 mode=1 act=0 reason=dynamic_speed_STOP_V1 blk=1 task=2 slot=59->-1 s=1.954/6.287 rem=4.332 spd=0.000 wait=21.2 gen=5
  V1 mode=1 act=3 reason=clear blk=-1 task=1 slot=35->25 s=4.586/7.735 rem=3.149 spd=0.200 wait=0.0 gen=4[0m
[33m[WARN] [1788859949.145914310]: [WHIST]
tick=1670
  V0 mode=1 act=0 reason=dynamic_speed_STOP_V1 blk=1 task=2 slot=59->-1 s=1.954/6.287 rem=4.332 spd=0.000 wait=21.3 gen=5
  V1 mode=1 act=3 reason=clear blk=-1 task=1 slot=35->25 s=4.606/7.735 rem=3.129 spd=0.200 wait=0.0 gen=4[0m
[33m[WARN] [1788859949.146199211]: [WHIST]
tick=1671
  V0 mode=1 act=0 reason=dynamic_speed_STOP_V1 blk=1 task=2 slot=59->-1 s=1.954/6.287 rem=4.332 spd=0.000 wait=21.4 gen=5
  V1 mode=1 act=3 reason=clear blk=-1 task=1 slot=35->25 s=4.626/7.735 rem=3.109 spd=0.200 wait=0.0 gen=4[0m
[33m[WARN] [1788859949.146456970]: [WHIST]
tick=1672
  V0 mode=1 act=0 reason=dynamic_speed_STOP_V1 blk=1 task=2 slot=59->-1 s=1.954/6.287 rem=4.332 spd=0.000 wait=21.5 gen=5
  V1 mode=1 act=3 reason=clear blk=-1 task=1 slot=35->25 s=4.646/7.735 rem=3.089 spd=0.200 wait=0.0 gen=4[0m
[33m[WARN] [1788859949.146735549]: [WHIST]
tick=1673
  V0 mode=1 act=0 reason=dynamic_speed_STOP_V1 blk=1 task=2 slot=59->-1 s=1.954/6.287 rem=4.332 spd=0.000 wait=21.6 gen=5
  V1 mode=1 act=3 reason=clear blk=-1 task=1 slot=35->25 s=4.666/7.735 rem=3.069 spd=0.200 wait=0.0 gen=4[0m
[33m[WARN] [1788859949.146985142]: [WHIST]
tick=1674
  V0 mode=1 act=0 reason=dynamic_speed_STOP_V1 blk=1 task=2 slot=59->-1 s=1.954/6.287 rem=4.332 spd=0.000 wait=21.7 gen=5
  V1 mode=1 act=3 reason=clear blk=-1 task=1 slot=35->25 s=4.686/7.735 rem=3.049 spd=0.200 wait=0.0 gen=4[0m
[33m[WARN] [1788859949.147249334]: [WHIST]
tick=1675
  V0 mode=1 act=0 reason=dynamic_speed_STOP_V1 blk=1 task=2 slot=59->-1 s=1.954/6.287 rem=4.332 spd=0.000 wait=21.8 gen=5
  V1 mode=1 act=3 reason=clear blk=-1 task=1 slot=35->25 s=4.706/7.735 rem=3.029 spd=0.200 wait=0.0 gen=4[0m
[33m[WARN] [1788859949.147549920]: [WHIST]
tick=1676
  V0 mode=1 act=0 reason=dynamic_speed_STOP_V1 blk=1 task=2 slot=59->-1 s=1.954/6.287 rem=4.332 spd=0.000 wait=21.9 gen=5
  V1 mode=1 act=3 reason=clear blk=-1 task=1 slot=35->25 s=4.726/7.735 rem=3.009 spd=0.200 wait=0.0 gen=4[0m
[33m[WARN] [1788859949.147816616]: [WHIST]
tick=1677
  V0 mode=1 act=0 reason=dynamic_speed_STOP_V1 blk=1 task=2 slot=59->-1 s=1.954/6.287 rem=4.332 spd=0.000 wait=22.0 gen=5
  V1 mode=1 act=3 reason=clear blk=-1 task=1 slot=35->25 s=4.746/7.735 rem=2.989 spd=0.200 wait=0.0 gen=4[0m
[33m[WARN] [1788859949.148069710]: [WHIST]
tick=1678
  V0 mode=1 act=0 reason=dynamic_speed_STOP_V1 blk=1 task=2 slot=59->-1 s=1.954/6.287 rem=4.332 spd=0.000 wait=22.1 gen=5
  V1 mode=1 act=3 reason=clear blk=-1 task=1 slot=35->25 s=4.764/7.735 rem=2.971 spd=0.184 wait=0.0 gen=4[0m
[33m[WARN] [1788859949.148311980]: [WHIST]
tick=1679
  V0 mode=1 act=0 reason=dynamic_speed_STOP_V1 blk=1 task=2 slot=59->-1 s=1.954/6.287 rem=4.332 spd=0.000 wait=22.2 gen=5
  V1 mode=1 act=3 reason=clear blk=-1 task=1 slot=35->25 s=4.781/7.735 rem=2.954 spd=0.172 wait=0.0 gen=4[0m
[33m[WARN] [1788859949.148557155]: [WHIST]
tick=1680
  V0 mode=1 act=0 reason=dynamic_speed_STOP_V1 blk=1 task=2 slot=59->-1 s=1.954/6.287 rem=4.332 spd=0.000 wait=22.3 gen=5
  V1 mode=1 act=3 reason=clear blk=-1 task=1 slot=35->25 s=4.798/7.735 rem=2.938 spd=0.162 wait=0.0 gen=4[0m
[33m[WARN] [1788859949.148812760]: [WHIST]
tick=1681
  V0 mode=1 act=0 reason=dynamic_speed_STOP_V1 blk=1 task=2 slot=59->-1 s=1.954/6.287 rem=4.332 spd=0.000 wait=22.4 gen=5
  V1 mode=1 act=3 reason=clear blk=-1 task=1 slot=35->25 s=4.813/7.735 rem=2.922 spd=0.154 wait=0.0 gen=4[0m
[33m[WARN] [1788859949.149049159]: [WHIST]
tick=1682
  V0 mode=1 act=0 reason=dynamic_speed_STOP_V1 blk=1 task=2 slot=59->-1 s=1.954/6.287 rem=4.332 spd=0.000 wait=22.5 gen=5
  V1 mode=1 act=3 reason=clear blk=-1 task=1 slot=35->25 s=4.828/7.735 rem=2.907 spd=0.149 wait=0.0 gen=4[0m
[33m[WARN] [1788859949.149301618]: [WHIST]
tick=1683
  V0 mode=1 act=0 reason=dynamic_speed_STOP_V1 blk=1 task=2 slot=59->-1 s=1.954/6.287 rem=4.332 spd=0.000 wait=22.6 gen=5
  V1 mode=1 act=3 reason=clear blk=-1 task=1 slot=35->25 s=4.842/7.735 rem=2.893 spd=0.145 wait=0.0 gen=4[0m
[33m[WARN] [1788859949.149543769]: [WHIST]
tick=1684
  V0 mode=1 act=0 reason=dynamic_speed_STOP_V1 blk=1 task=2 slot=59->-1 s=1.954/6.287 rem=4.332 spd=0.000 wait=22.7 gen=5
  V1 mode=1 act=3 reason=clear blk=-1 task=1 slot=35->25 s=4.857/7.735 rem=2.878 spd=0.143 wait=0.0 gen=4[0m
[33m[WARN] [1788859949.149765538]: [WHIST]
tick=1685
  V0 mode=1 act=0 reason=dynamic_speed_STOP_V1 blk=1 task=2 slot=59->-1 s=1.954/6.287 rem=4.332 spd=0.000 wait=22.8 gen=5
  V1 mode=1 act=3 reason=clear blk=-1 task=1 slot=35->25 s=4.871/7.735 rem=2.864 spd=0.143 wait=0.0 gen=4[0m
[33m[WARN] [1788859949.150009458]: [WHIST]
tick=1686
  V0 mode=1 act=0 reason=dynamic_speed_STOP_V1 blk=1 task=2 slot=59->-1 s=1.954/6.287 rem=4.332 spd=0.000 wait=22.9 gen=5
  V1 mode=1 act=3 reason=clear blk=-1 task=1 slot=35->25 s=4.885/7.735 rem=2.850 spd=0.142 wait=0.0 gen=4[0m
[33m[WARN] [1788859949.150349007]: [WHIST]
tick=1687
  V0 mode=1 act=0 reason=dynamic_speed_STOP_V1 blk=1 task=2 slot=59->-1 s=1.954/6.287 rem=4.332 spd=0.000 wait=23.0 gen=5
  V1 mode=1 act=3 reason=clear blk=-1 task=1 slot=35->25 s=4.900/7.735 rem=2.836 spd=0.142 wait=0.0 gen=4[0m
[33m[WARN] [1788859949.150678811]: [WHIST]
tick=1688
  V0 mode=1 act=0 reason=dynamic_speed_STOP_V1 blk=1 task=2 slot=59->-1 s=1.954/6.287 rem=4.332 spd=0.000 wait=23.1 gen=5
  V1 mode=1 act=3 reason=clear blk=-1 task=1 slot=35->25 s=4.914/7.735 rem=2.821 spd=0.142 wait=0.0 gen=4[0m
[33m[WARN] [1788859949.150939787]: [WHIST]
tick=1689
  V0 mode=1 act=0 reason=dynamic_speed_STOP_V1 blk=1 task=2 slot=59->-1 s=1.954/6.287 rem=4.332 spd=0.000 wait=23.2 gen=5
  V1 mode=1 act=3 reason=clear blk=-1 task=1 slot=35->25 s=4.928/7.735 rem=2.807 spd=0.142 wait=0.0 gen=4[0m
[33m[WARN] [1788859949.151179538]: [WHIST]
tick=1690
  V0 mode=1 act=0 reason=dynamic_speed_STOP_V1 blk=1 task=2 slot=59->-1 s=1.954/6.287 rem=4.332 spd=0.000 wait=23.3 gen=5
  V1 mode=1 act=3 reason=clear blk=-1 task=1 slot=35->25 s=4.942/7.735 rem=2.793 spd=0.142 wait=0.0 gen=4[0m
[33m[WARN] [1788859949.151480920]: [WHIST]
tick=1691
  V0 mode=1 act=0 reason=dynamic_speed_STOP_V1 blk=1 task=2 slot=59->-1 s=1.954/6.287 rem=4.332 spd=0.000 wait=23.4 gen=5
  V1 mode=1 act=3 reason=clear blk=-1 task=1 slot=35->25 s=4.957/7.735 rem=2.779 spd=0.142 wait=0.0 gen=4[0m
[33m[WARN] [1788859949.151749565]: [WHIST]
tick=1692
  V0 mode=1 act=0 reason=dynamic_speed_STOP_V1 blk=1 task=2 slot=59->-1 s=1.954/6.287 rem=4.332 spd=0.000 wait=23.5 gen=5
  V1 mode=1 act=3 reason=clear blk=-1 task=1 slot=35->25 s=4.971/7.735 rem=2.764 spd=0.142 wait=0.0 gen=4[0m
[33m[WARN] [1788859949.152002956]: [WHIST]
tick=1693
  V0 mode=1 act=0 reason=dynamic_speed_STOP_V1 blk=1 task=2 slot=59->-1 s=1.954/6.287 rem=4.332 spd=0.000 wait=23.6 gen=5
  V1 mode=1 act=3 reason=clear blk=-1 task=1 slot=35->25 s=4.985/7.735 rem=2.750 spd=0.142 wait=0.0 gen=4[0m
[33m[WARN] [1788859949.152245877]: [WHIST]
tick=1694
  V0 mode=1 act=0 reason=dynamic_speed_STOP_V1 blk=1 task=2 slot=59->-1 s=1.954/6.287 rem=4.332 spd=0.000 wait=23.7 gen=5
  V1 mode=1 act=3 reason=clear blk=-1 task=1 slot=35->25 s=4.999/7.735 rem=2.736 spd=0.142 wait=0.0 gen=4[0m
[33m[WARN] [1788859949.152498056]: [WHIST]
tick=1695
  V0 mode=1 act=0 reason=dynamic_speed_STOP_V1 blk=1 task=2 slot=59->-1 s=1.954/6.287 rem=4.332 spd=0.000 wait=23.8 gen=5
  V1 mode=1 act=3 reason=clear blk=-1 task=1 slot=35->25 s=5.014/7.735 rem=2.722 spd=0.142 wait=0.0 gen=4[0m
[33m[WARN] [1788859949.152778916]: [WHIST]
tick=1696
  V0 mode=1 act=0 reason=dynamic_speed_STOP_V1 blk=1 task=2 slot=59->-1 s=1.954/6.287 rem=4.332 spd=0.000 wait=23.9 gen=5
  V1 mode=1 act=3 reason=clear blk=-1 task=1 slot=35->25 s=5.028/7.735 rem=2.707 spd=0.142 wait=0.0 gen=4[0m
[33m[WARN] [1788859949.153043881]: [WHIST]
tick=1697
  V0 mode=1 act=0 reason=dynamic_speed_STOP_V1 blk=1 task=2 slot=59->-1 s=1.954/6.287 rem=4.332 spd=0.000 wait=24.0 gen=5
  V1 mode=1 act=3 reason=clear blk=-1 task=1 slot=35->25 s=5.042/7.735 rem=2.693 spd=0.142 wait=0.0 gen=4[0m
[33m[WARN] [1788859949.153357633]: [WHIST]
tick=1698
  V0 mode=1 act=1 reason=dynamic_speed_CREEP_V1 blk=1 task=2 slot=59->-1 s=1.956/6.287 rem=4.330 spd=0.020 wait=24.1 gen=5
  V1 mode=1 act=3 reason=clear blk=-1 task=1 slot=35->25 s=5.056/7.735 rem=2.679 spd=0.142 wait=0.0 gen=4[0m
[33m[WARN] [1788859949.153600135]: [WHIST]
tick=1699
  V0 mode=1 act=1 reason=dynamic_speed_CREEP_V1 blk=1 task=2 slot=59->-1 s=1.960/6.287 rem=4.326 spd=0.040 wait=24.2 gen=5
  V1 mode=1 act=3 reason=clear blk=-1 task=1 slot=35->25 s=5.071/7.735 rem=2.665 spd=0.142 wait=0.0 gen=4[0m
[33m[WARN] [1788859949.153871278]: [WHIST]
tick=1700
  V0 mode=1 act=1 reason=dynamic_speed_CREEP_V1 blk=1 task=2 slot=59->-1 s=1.965/6.287 rem=4.321 spd=0.050 wait=24.3 gen=5
  V1 mode=1 act=3 reason=clear blk=-1 task=1 slot=35->25 s=5.085/7.735 rem=2.650 spd=0.142 wait=0.0 gen=4[0m
[33m[WARN] [1788859949.154168144]: [WHIST]
tick=1701
  V0 mode=1 act=1 reason=dynamic_speed_CREEP_V1 blk=1 task=2 slot=59->-1 s=1.970/6.287 rem=4.316 spd=0.050 wait=24.4 gen=5
  V1 mode=1 act=3 reason=clear blk=-1 task=1 slot=35->25 s=5.099/7.735 rem=2.636 spd=0.142 wait=0.0 gen=4[0m
[33m[WARN] [1788859949.154569604]: [WHIST]
tick=1702
  V0 mode=1 act=1 reason=dynamic_speed_CREEP_V1 blk=1 task=2 slot=59->-1 s=1.975/6.287 rem=4.311 spd=0.050 wait=24.5 gen=5
  V1 mode=1 act=3 reason=clear blk=-1 task=1 slot=35->25 s=5.113/7.735 rem=2.622 spd=0.142 wait=0.0 gen=4[0m
[33m[WARN] [1788859949.154856479]: [WHIST]
tick=1703
  V0 mode=1 act=1 reason=dynamic_speed_CREEP_V1 blk=1 task=2 slot=59->-1 s=1.980/6.287 rem=4.306 spd=0.050 wait=24.6 gen=5
  V1 mode=1 act=3 reason=clear blk=-1 task=1 slot=35->25 s=5.127/7.735 rem=2.608 spd=0.142 wait=0.0 gen=4[0m
[33m[WARN] [1788859949.155137190]: [WHIST]
tick=1704
  V0 mode=1 act=1 reason=dynamic_speed_CREEP_V1 blk=1 task=2 slot=59->-1 s=1.985/6.287 rem=4.301 spd=0.050 wait=24.7 gen=5
  V1 mode=1 act=3 reason=clear blk=-1 task=1 slot=35->25 s=5.142/7.735 rem=2.593 spd=0.143 wait=0.0 gen=4[0m
[33m[WARN] [1788859949.155445682]: [WHIST]
tick=1705
  V0 mode=1 act=1 reason=dynamic_speed_CREEP_V1 blk=1 task=2 slot=59->-1 s=1.990/6.287 rem=4.296 spd=0.050 wait=24.8 gen=5
  V1 mode=1 act=3 reason=clear blk=-1 task=1 slot=35->25 s=5.156/7.735 rem=2.579 spd=0.143 wait=0.0 gen=4[0m
[33m[WARN] [1788859949.155697065]: [WHIST]
tick=1706
  V0 mode=1 act=1 reason=dynamic_speed_CREEP_V1 blk=1 task=2 slot=59->-1 s=1.995/6.287 rem=4.291 spd=0.050 wait=24.9 gen=5
  V1 mode=1 act=3 reason=clear blk=-1 task=1 slot=35->25 s=5.171/7.735 rem=2.565 spd=0.145 wait=0.0 gen=4[0m
[33m[WARN] [1788859949.155929026]: [WHIST]
tick=1707
  V0 mode=1 act=1 reason=dynamic_speed_CREEP_V1 blk=1 task=2 slot=59->-1 s=2.000/6.287 rem=4.286 spd=0.050 wait=25.0 gen=5
  V1 mode=1 act=3 reason=clear blk=-1 task=1 slot=35->25 s=5.185/7.735 rem=2.550 spd=0.149 wait=0.0 gen=4[0m
[33m[WARN] [1788859949.156169192]: [SOURCE=REAL] [plan=91] [frame=9] [rollout_step=-1] [CONFLICT] V0(s=2.000 rem=4.286 act=1 blk=1) vs V1(s=5.185 rem=2.550 act=3 blk=-1) | owner=V-1 following=0 nzones=2 all_same_dir=0[0m
[33m[WARN] [1788859949.156422041]: [SOURCE=REAL] [plan=91] [frame=9] [rollout_step=-1] [CONFLICT]   zone0 same_dir=0 | A[2.225,4.575] stopA=2.046 committedA=0 | B[2.775,5.175] stopB=2.596 committedB=1 | @(0.48,3.03)[0m
[33m[WARN] [1788859949.156657328]: [SOURCE=REAL] [plan=91] [frame=9] [rollout_step=-1] [CONFLICT]   zone1 same_dir=0 | A[2.225,2.625] stopA=2.046 committedA=0 | B[5.600,6.000] stopB=5.421 committedB=0 | @(1.23,1.60)[0m
t plan=66 start=124.50 horizon=15.00 frames=150 commit_frames=20[0m
[0m[INFO] [1788859948.655483162]: [sim_plan] built plan=67 start=126.50 horizon=15.00 frames=150 commit_frames=20[0m
[0m[INFO] [1788859948.663318029]: [sim_plan] built plan=68 start=128.50 horizon=15.00 frames=150 commit_frames=20[0m
[0m[INFO] [1788859948.669863920]: [sim_plan] built plan=69 start=130.50 horizon=15.00 frames=150 commit_frames=20[0m
[0m[INFO] [1788859948.675432547]: [sim_plan] built plan=70 start=132.50 horizon=15.00 frames=150 commit_frames=20[0m
[0m[INFO] [1788859948.678960922]: [sim_plan] built plan=71 start=134.50 horizon=15.00 frames=150 commit_frames=20[0m
[0m[INFO] [1788859948.683625554]: [sim_plan] built plan=72 start=134.90 horizon=15.00 frames=150 commit_frames=20[0m
[0m[INFO] [1788859948.692003201]: [multi_patrol][A1] V0 pickup leg: B59 -> A1  wpts=583 len=6.287[0m
[0m[INFO] [1788859948.704103633]: [sim_plan] built plan=73 start=135.10 horizon=15.00 frames=150 commit_frames=20[0m
[0m[INFO] [1788859948.720359939]: [sim_plan] built plan=74 start=137.10 horizon=15.00 frames=150 commit_frames=20[0m
[0m[INFO] [1788859948.739605428]: [sim_plan] built plan=75 start=139.10 horizon=15.00 frames=150 commit_frames=20[0m
[0m[INFO] [1788859948.740849900]: [multi_patrol][A1] V1 activate prepared dropoff: A1 -> B25 len=7.735 priority_until_s=0.758[0m
[0m[INFO] [1788859948.760729907]: [sim_plan] built plan=76 start=139.80 horizon=15.00 frames=150 commit_frames=20[0m
[0m[INFO] [1788859948.790507675]: [sim_plan] built plan=77 start=141.80 horizon=15.00 frames=150 commit_frames=20[0m
[0m[INFO] [1788859948.812345669]: [sim_plan] built plan=78 start=143.80 horizon=15.00 frames=150 commit_frames=20[0m
[0m[INFO] [1788859948.813740266]: [multi_patrol][A1 EXIT PRIORITY RELEASE] V1 s=0.771 threshold=0.758[0m
[0m[INFO] [1788859948.843927878]: [sim_plan] built plan=79 start=145.80 horizon=15.00 frames=150 commit_frames=20[0m
[0m[INFO] [1788859948.869405345]: [sim_plan] built plan=80 start=147.80 horizon=15.00 frames=150 commit_frames=20[0m
[0m[INFO] [1788859948.904924623]: [sim_plan] built plan=81 start=149.80 horizon=15.00 frames=150 commit_frames=20[0m
[0m[INFO] [1788859948.931981838]: [sim_plan] built plan=82 start=151.80 horizon=15.00 frames=150 commit_frames=20[0m
[0m[INFO] [1788859948.962154553]: [sim_plan] built plan=83 start=153.80 horizon=15.00 frames=150 commit_frames=20[0m
[0m[INFO] [1788859948.990773049]: [sim_plan] built plan=84 start=155.80 horizon=15.00 frames=150 commit_frames=20[0m
[0m[INFO] [1788859949.016248200]: [sim_plan] built plan=85 start=157.80 horizon=15.00 frames=150 commit_frames=20[0m
[0m[INFO] [1788859949.040865812]: [sim_plan] built plan=86 start=159.80 horizon=15.00 frames=150 commit_frames=20[0m
[0m[INFO] [1788859949.063099842]: [sim_plan] built plan=87 start=161.80 horizon=15.00 frames=150 commit_frames=20[0m
[0m[INFO] [1788859949.083466359]: [sim_plan] built plan=88 start=163.80 horizon=15.00 frames=150 commit_frames=20[0m
[0m[INFO] [1788859949.101628996]: [sim_plan] built plan=89 start=165.80 horizon=15.00 frames=150 commit_frames=20[0m
[0m[INFO] [1788859949.117913246]: [sim_plan] built plan=90 start=167.80 horizon=15.00 frames=150 commit_frames=20[0m
[0m[INFO] [1788859949.135435845]: [sim_plan] built plan=91 start=169.80 horizon=15.00 frames=150 commit_frames=20[0m
[0m[INFO] [1788859949.173160520]: [sim_plan] built plan=92 start=171.80 horizon=15.00 frames=150 commit_frames=20[0m
[0m[INFO] [1788859949.186438546]: [sim_plan] built plan=93 start=173.80 horizon=15.00 frames=150 commit_frames=20[0m
[0m[INFO] [1788859949.199505261]: [sim_plan] built plan=94 start=175.80 horizon=15.00 frames=150 commit_frames=20[0m
[0m[INFO] [1788859949.209748871]: [sim_plan] built plan=95 start=177.80 horizon=15.00 frames=150 commit_frames=20[0m
[0m[INFO] [1788859949.219032532]: [sim_plan] built plan=96 start=179.80 horizon=15.00 frames=150 commit_frames=20[0m
[0m[INFO] [1788859949.226307040]: [sim_plan] built plan=97 start=181.80 horizon=15.00 frames=150 commit_frames=20[[33m[WARN] [1788859949.285245840]: [SLOT_DEPARTURE] time=3min9.5s vehicle=V1 owner=V0 result=ALLOW reason=slot_departure_clear candidate_path_gen=5 slot_departure_clear_s=0.327 vehicle_mode=ACTIVE vehicle_speed=0.000 vehicle_path_s=0.000 blocker=none a1_prefix_conflict=0 ordinary_road_conflict=0 owner_phase=TO_A1 owner_path_gen=5 geometry=pending_preview protected_zones=0 actual_occupancy_priority=0 spatial_stop_launch_infeasible=0 waiter_stop_s=4.625[0m
[33m[WARN] [1788859949.285927216]: [multi_patrol][A1 EXIT PREPARED] V1 target=B6 pickup_dwell=5.00s exit_len=1.901 priority_until_s=0.758 horizon_refresh=IMMEDIATE[0m
[33m[WARN] [1788859949.372774315]: [multi_patrol][A1 EXIT HORIZON] V0 target=B62 dwell_part=4.90s departure_window=10.10s total_horizon=15.00s[0m
[33m[WARN] [1788859949.387217420]: [multi_patrol][A1 EXIT HORIZON] V0 target=B62 dwell_part=2.90s departure_window=12.10s total_horizon=15.00s[0m
[33m[WARN] [1788859949.405831210]: [multi_patrol][A1 EXIT HORIZON] V0 target=B62 dwell_part=0.90s departure_window=14.10s total_horizon=15.00s[0m
[33m[WARN] [1788859949.584399287]: [multi_patrol][A1 EXIT HORIZON] V1 target=B6 dwell_part=4.90s departure_window=10.10s total_horizon=15.00s[0m
[33m[WARN] [1788859949.597798187]: [multi_patrol][A1 EXIT HORIZON] V1 target=B6 dwell_part=2.90s departure_window=12.10s total_horizon=15.00s[0m
[33m[WARN] [1788859949.613892622]: [multi_patrol][A1 EXIT HORIZON] V1 target=B6 dwell_part=0.90s departure_window=14.10s total_horizon=15.00s[0m
0m
[0m[INFO] [1788859949.231627998]: [sim_plan] built plan=98 start=183.80 horizon=15.00 frames=150 commit_frames=20[0m
[0m[INFO] [1788859949.254431429]: [sim_plan] built plan=99 start=185.80 horizon=15.00 frames=150 commit_frames=20[0m
[0m[INFO] [1788859949.271521437]: [sim_plan] built plan=100 start=187.80 horizon=15.00 frames=150 commit_frames=20[0m
[0m[INFO] [1788859949.285155319]: [multi_patrol][A1] V1 pickup leg: B25 -> A1  wpts=491 len=5.663[0m
[0m[INFO] [1788859949.303079071]: [sim_plan] built plan=101 start=189.50 horizon=15.00 frames=150 commit_frames=20[0m
[0m[INFO] [1788859949.327338674]: [sim_plan] built plan=102 start=191.50 horizon=15.00 frames=150 commit_frames=20[0m
[0m[INFO] [1788859949.338297611]: [sim_plan] built plan=103 start=193.50 horizon=15.00 frames=150 commit_frames=20[0m
[0m[INFO] [1788859949.350303742]: [sim_plan] built plan=104 start=195.50 horizon=15.00 frames=150 commit_frames=20[0m
[0m[INFO] [1788859949.361045407]: [sim_plan] built plan=105 start=197.50 horizon=15.00 frames=150 commit_frames=20[0m
[0m[INFO] [1788859949.372723879]: [sim_plan] built plan=106 start=199.50 horizon=15.00 frames=150 commit_frames=20[0m
[0m[INFO] [1788859949.387161524]: [sim_plan] built plan=107 start=201.50 horizon=15.00 frames=150 commit_frames=20[0m
[0m[INFO] [1788859949.405731761]: [sim_plan] built plan=108 start=203.50 horizon=15.00 frames=150 commit_frames=20[0m
[0m[INFO] [1788859949.407243250]: [multi_patrol][A1] V0 activate prepared dropoff: A1 -> B62 len=8.617 priority_until_s=0.758[0m
[0m[INFO] [1788859949.425617081]: [sim_plan] built plan=109 start=204.40 horizon=15.00 frames=150 commit_frames=20[0m
[0m[INFO] [1788859949.457475068]: [sim_plan] built plan=110 start=206.40 horizon=15.00 frames=150 commit_frames=20[0m
[0m[INFO] [1788859949.479746960]: [sim_plan] built plan=111 start=208.40 horizon=15.00 frames=150 commit_frames=20[0m
[0m[INFO] [1788859949.481247499]: [multi_patrol][A1 EXIT PRIORITY RELEASE] V0 s=0.771 threshold=0.758[0m
[0m[INFO] [1788859949.500850776]: [sim_plan] built plan=112 start=210.40 horizon=15.00 frames=150 commit_frames=20[0m
[0m[INFO] [1788859949.518264139]: [sim_plan] built plan=113 start=212.40 horizon=15.00 frames=150 commit_frames=20[0m
[0m[INFO] [1788859949.532973304]: [sim_plan] built plan=114 start=214.40 horizon=15.00 frames=150 commit_frames=20[0m
[0m[INFO] [1788859949.545527004]: [sim_plan] built plan=115 start=216.40 horizon=15.00 frames=150 commit_frames=20[0m
[0m[INFO] [1788859949.555453350]: [sim_plan] built plan=116 start=218.40 horizon=15.00 frames=150 commit_frames=20[0m
[0m[INFO] [1788859949.565216867]: [sim_plan] built plan=117 start=220.40 horizon=15.00 frames=150 commit_frames=20[0m
[0m[INFO] [1788859949.574731301]: [sim_plan] built plan=118 start=222.40 horizon=15.00 frames=150 commit_frames=20[0m
[0m[INFO] [1788859949.584356696]: [sim_plan] built plan=119 start=224.00 horizon=15.00 frames=150 commit_frames=20[0m
[0m[INFO] [1788859949.597726371]: [sim_plan] built plan=120 start=226.00 horizon=15.00 frames=150 commit_frames=20[0m
[0m[INFO] [1788859949.613844100]: [sim_plan] built plan=121 start=228.00 horizon=15.00 frames=150 commit_frames=20[0m
[0m[INFO] [1788859949.614976679]: [multi_patrol][A1] V1 activate prepared dropoff: A1 -> B6 len=1.901 priority_until_s=0.758[0m
[0m[INFO] [1788859949.629118234]: [sim_plan] built plan=122 start=228.90 horizon=15.00 frames=150 commit_frames=20[0m
[0m[INFO] [1788859949.645607985]: [sim_plan] built plan=123 start=230.90 horizon=15.00 frames=150 commit_frames=20[0m
[0m[INFO] [1788859949.657475323]: [sim_plan] built plan=124 start=232.90 horizon=15.00 frames=150 commit_frames=20[0m
[0m[INFO] [1788859949.658358148]: [multi_patrol][A1 EXIT PRIORITY RELEASE] V1 s=0.771 threshold=0.758[0m
[0m[INFO] [1788859949.667828639]: [sim_plan] built plan=125 start=234.90 horizon=15.00 frames=150 commit_frames=20[0m
[0m[INFO] [1788859949.675673286]: [sim_plan] built plan=126 start=236.90 horizon=15.00 frames=150 commit_frames=20[0m
[0m[INFO] [1788859949.681090295]: [sim_plan] built plan=127 start=238.90 horizon=15.00 frames=150 commit_frames=20[0m
[0m[INFO] [1788859949.683982443]: [sim_plan] built plan=128 start=240.90 horizon=15.00 frames=150 commit_frames=20[0m
[0m[INFO] [1788859949.686317063]: [sim_plan] built plan=129 start=242.90 horizon=15.00 frames=150 commit_frames=20[0m
[0m[INFO] [1788859949.688714243]: [sim_plan] built plan=130 start=242.90 horizon=15.00 frames=150 commit_frames=20[0m
[0m[INFO] [1788859949.690848905]: [sim_plan] built plan=131 start=243.00 horizon=15.00 frames=150 commit_frames=20[0m
[0m[INFO] [1788859949.692752838]: [sim_plan] built plan=132 start=243.00 horizon=15.00 frames=150 commit_frames=20[0m
[0m[INFO] [1788859949.694784122]: [sim_plan] built plan=133 start=243.10 horizon=15.00 frames=150 commit_frames=20[0m
[0m[INFO] [1788859949.697481548]: [sim_plan] built plan=134 start=243.10 horizon=15.00 frames=150 commit_frames=20[0m
[0m[INFO] [1788859949.699551907]: [sim_plan] built plan=135 start=243.20 horizon=15.00 frames=150 commit_frames=20[0m
[0m[INFO] [1788859949.701390917]: [sim_plan] built plan=136 start=243.20 horizon=15.00 frames=150 commit_frames=20[0m
[0m[INFO] [1788859949.703283699]: [sim_plan] built plan=137 start=243.30 horizon=15.00 frames=150 commit_frames=20[0m
[0m[INFO] [1788859949.705215189]: [sim_plan] built plan=138 start=243.30 horizon=15.00 frames=150 commit_frames=20[0m
[0m[INFO] [1788859949.707031580]: [sim_plan] built plan=139 start=243.40 horizon=15.00 frames=150 commit_frames=20[0m
[0m[INFO] [1788859949.708818972]: [sim_plan] built plan=140 start=243.40 horizon=15.00 frames=150 commit_frames=20[0m
[0m[INFO] [1788859949.710686516]: [sim_plan] built plan=141 start=243.50 horizon=15.00 frames=150 commit_frames=20[0m
[0m[INFO] [1788859949.712542798]: [sim_plan] built plan=142 start=243.50 horizon=15.00 frames=150 commit_frames=20[0m
[0m[INFO] [1788859949.714351480]: [sim_plan] built plan=143 start=243.60 horizon=15.00 frames=150 commit_frames=20[0m
[0m[INFO] [1788859949.716066305]: [sim_plan] built plan=144 start=243.60 horizon=15.00 frames=150 commit_frames=20[0m
[0m[INFO] [1788859949.717857033]: [sim_plan] built plan=145 start=243.70 horizon=15.00 frames=150 commit_frames=20[0m
[0m[INFO] [1788859949.719590662]: [sim_plan] built plan=146 start=243.70 horizon=15.00 frames=150 commit_frames=20[0m
[0m[INFO] [1788859949.721754128]: [sim_plan] built plan=147 start=243.80 horizon=15.00 frames=150 commit_frames=20[0m
[0m[INFO] [1788859949.723743304]: [sim_plan] built plan=148 start=243.80 horizon=15.00 frames=150 commit_frames=20[0m
[0m[INFO] [1788859949.726281308]: [sim_plan] built plan=149 start=243.90 horizon=15.00 frames=150 commit_frames=20[0m
[0m[INFO] [1788859949.728027332]: [sim_plan] built plan=150 start=243.90 horizon=15.00 frames=150 commit_frames=20[0m
[0m[INFO] [1788859949.729819593]: [sim_plan] built plan=151 start=244.00 horizon=15.00 frames=150 commit_frames=20[0m
[0m[INFO] [1788859949.731493749]: [sim_plan] built plan=152 start=244.00 horizon=15.00 frames=150 commit_frames=20[0m
[0m[INFO] [1788859949.733249931]: [sim_plan] built plan=153 start=244.10 horizon=15.00 frames=150 commit_frames=20[0m
[0m[INFO] [1788859949.734810042]: [sim_plan] built plan=154 start=244.10 horizon=15.00 frames=150 commit_frames=20[0m
[0m[INFO] [1788859949.736483077]: [sim_plan] built plan=155 start=244.20 horizon=15.00 frames=150 commit_frames=20[0m
[0m[INFO] [1788859949.738144539]: [sim_plan] built plan=156 start=244.20 horizon=15.00 frames=150 commit_frames=20[0m
[0m[INFO] [1788859949.739778350]: [sim_plan] built plan=157 start=244.30 horizon=15.00 frames=150 commit_frames=20[0m
[0m[INFO] [1788859949.741893512]: [sim_plan] built plan=158 start=244.30 horizon=15.00 frames=150 commit_frames=20[0m
[0m[INFO] [1788859949.743861480]: [sim_plan] built plan=159 start=244.40 horizon=15.00 frames=150 commit_frames=20[0m
[0m[INFO] [1788859949.745750763]: [sim_plan] built plan=160 start=244.40 horizon=15.00 frames=150 commit_frames=20[0m
[0m[INFO] [1788859949.747529909]: [sim_plan] built p[33m[WARN] [1788859949.788766410]: [SLOT_DEPARTURE] time=4min5.8s vehicle=V1 owner=none result=ALLOW reason=no_service_owner candidate_path_gen=7 slot_departure_clear_s=0.346 vehicle_mode=ACTIVE vehicle_speed=0.000 vehicle_path_s=0.000 blocker=none a1_prefix_conflict=0 ordinary_road_conflict=0[0m
[33m[WARN] [1788859949.789294011]: [multi_patrol][A1 EXIT PREPARED] V1 target=B32 pickup_dwell=5.00s exit_len=4.055 priority_until_s=0.758 horizon_refresh=IMMEDIATE[0m
[33m[WARN] [1788859949.837352825]: [multi_patrol][A1 EXIT HORIZON] V1 target=B32 dwell_part=4.90s departure_window=10.10s total_horizon=15.00s[0m
lan=161 start=244.50 horizon=15.00 frames=150 commit_frames=20[0m
[0m[INFO] [1788859949.749444232]: [sim_plan] built plan=162 start=244.50 horizon=15.00 frames=150 commit_frames=20[0m
[0m[INFO] [1788859949.751574620]: [sim_plan] built plan=163 start=244.60 horizon=15.00 frames=150 commit_frames=20[0m
[0m[INFO] [1788859949.753413709]: [sim_plan] built plan=164 start=244.60 horizon=15.00 frames=150 commit_frames=20[0m
[0m[INFO] [1788859949.755462822]: [sim_plan] built plan=165 start=244.70 horizon=15.00 frames=150 commit_frames=20[0m
[0m[INFO] [1788859949.757240866]: [sim_plan] built plan=166 start=244.70 horizon=15.00 frames=150 commit_frames=20[0m
[0m[INFO] [1788859949.758899564]: [sim_plan] built plan=167 start=244.80 horizon=15.00 frames=150 commit_frames=20[0m
[0m[INFO] [1788859949.760924619]: [sim_plan] built plan=168 start=244.80 horizon=15.00 frames=150 commit_frames=20[0m
[0m[INFO] [1788859949.762802610]: [sim_plan] built plan=169 start=244.90 horizon=15.00 frames=150 commit_frames=20[0m
[0m[INFO] [1788859949.764326702]: [sim_plan] built plan=170 start=244.90 horizon=15.00 frames=150 commit_frames=20[0m
[0m[INFO] [1788859949.765887975]: [sim_plan] built plan=171 start=245.00 horizon=15.00 frames=150 commit_frames=20[0m
[0m[INFO] [1788859949.767374836]: [sim_plan] built plan=172 start=245.00 horizon=15.00 frames=150 commit_frames=20[0m
[0m[INFO] [1788859949.768860666]: [sim_plan] built plan=173 start=245.10 horizon=15.00 frames=150 commit_frames=20[0m
[0m[INFO] [1788859949.770332459]: [sim_plan] built plan=174 start=245.10 horizon=15.00 frames=150 commit_frames=20[0m
[0m[INFO] [1788859949.771827736]: [sim_plan] built plan=175 start=245.20 horizon=15.00 frames=150 commit_frames=20[0m
[0m[INFO] [1788859949.773305831]: [sim_plan] built plan=176 start=245.20 horizon=15.00 frames=150 commit_frames=20[0m
[0m[INFO] [1788859949.774819322]: [sim_plan] built plan=177 start=245.30 horizon=15.00 frames=150 commit_frames=20[0m
[0m[INFO] [1788859949.776328596]: [sim_plan] built plan=178 start=245.30 horizon=15.00 frames=150 commit_frames=20[0m
[0m[INFO] [1788859949.777777325]: [sim_plan] built plan=179 start=245.40 horizon=15.00 frames=150 commit_frames=20[0m
[0m[INFO] [1788859949.779252996]: [sim_plan] built plan=180 start=245.40 horizon=15.00 frames=150 commit_frames=20[0m
[0m[INFO] [1788859949.780670996]: [sim_plan] built plan=181 start=245.50 horizon=15.00 frames=150 commit_frames=20[0m
[0m[INFO] [1788859949.782082725]: [sim_plan] built plan=182 start=245.50 horizon=15.00 frames=150 commit_frames=20[0m
[0m[INFO] [1788859949.783518780]: [sim_plan] built plan=183 start=245.60 horizon=15.00 frames=150 commit_frames=20[0m
[0m[INFO] [1788859949.785055101]: [sim_plan] built plan=184 start=245.60 horizon=15.00 frames=150 commit_frames=20[0m
[0m[INFO] [1788859949.786635870]: [sim_plan] built plan=185 start=245.70 horizon=15.00 frames=150 commit_frames=20[0m
[0m[INFO] [1788859949.788369176]: [sim_plan] built plan=186 start=245.70 horizon=15.00 frames=150 commit_frames=20[0m
[0m[INFO] [1788859949.788727156]: [multi_patrol][A1] V1 pickup leg: B6 -> A1  wpts=162 len=1.900[0m
[0m[INFO] [1788859949.804076460]: [sim_plan] built plan=187 start=245.80 horizon=15.00 frames=150 commit_frames=20[0m
[0m[INFO] [1788859949.815446437]: [sim_plan] built plan=188 start=247.80 horizon=15.00 frames=150 commit_frames=20[0m
[0m[INFO] [1788859949.822023651]: [sim_plan] built plan=189 start=249.80 horizon=15.00 frames=150 commit_frames=20[0m
[0m[INFO] [1788859949.826867959]: [sim_plan] built plan=190 start=251.80 horizon=15.00 frames=150 commit_frames=20[0m
[0m[INFO] [1788859949.830204310]: [sim_plan] built plan=191 start=253.80 horizon=15.00 frames=150 commit_frames=20[0m
[0m[INFO] [1788859949.833456383]: [sim_plan] built plan=192 start=255.80 horizon=15.00 frames=150 commit_frames=20[0m
[0m[INFO] [1788859949.837276961]: [sim_plan] built plan=193 start=257.80 horizon=15.00 frames=150 commit_frames=20[0m
[0m[INFO] [1788859949.842337483]: [multi_patrol][A1] V0 pickup leg: B62 -> A1  wpts=50[33m[WARN] [1788859949.842572544]: [SLOT_DEPARTURE] time=4min18.6s vehicle=V0 owner=V1 result=ALLOW reason=slot_departure_clear candidate_path_gen=7 slot_departure_clear_s=0.346 vehicle_mode=ACTIVE vehicle_speed=0.000 vehicle_path_s=0.000 blocker=none a1_prefix_conflict=0 ordinary_road_conflict=0 owner_phase=PICKUP_DWELL owner_path_gen=7 geometry=pending_preview protected_zones=0 actual_occupancy_priority=0 spatial_stop_launch_infeasible=0 waiter_stop_s=4.925[0m
[33m[WARN] [1788859949.842999509]: [multi_patrol][A1 EXIT PREPARED] V0 target=B44 pickup_dwell=5.00s exit_len=7.399 priority_until_s=0.758 horizon_refresh=IMMEDIATE[0m
[33m[WARN] [1788859949.855620861]: [multi_patrol][A1 EXIT HORIZON] V1 target=B32 dwell_part=4.10s departure_window=10.90s total_horizon=15.00s[0m
[33m[WARN] [1788859949.872509076]: [multi_patrol][A1 EXIT HORIZON] V1 target=B32 dwell_part=2.10s departure_window=12.90s total_horizon=15.00s[0m
[33m[WARN] [1788859949.894769617]: [multi_patrol][A1 EXIT HORIZON] V1 target=B32 dwell_part=0.10s departure_window=14.90s total_horizon=15.00s[0m
[33m[WARN] [1788859950.118427373]: [SLOT_DEPARTURE] time=4min54.6s vehicle=V1 owner=V0 result=ALLOW reason=slot_departure_clear candidate_path_gen=9 slot_departure_clear_s=0.327 vehicle_mode=ACTIVE vehicle_speed=0.000 vehicle_path_s=0.000 blocker=none a1_prefix_conflict=0 ordinary_road_conflict=0 owner_phase=TO_A1 owner_path_gen=7 geometry=pending_preview protected_zones=0 actual_occupancy_priority=0 spatial_stop_launch_infeasible=0 waiter_stop_s=2.275[0m
[33m[WARN] [1788859950.119391333]: [multi_patrol][A1 EXIT PREPARED] V1 target=B27 pickup_dwell=5.00s exit_len=7.516 priority_until_s=0.758 horizon_refresh=IMMEDIATE[0m
[33m[WARN] [1788859950.145710180]: [multi_patrol][A1 EXIT HORIZON] V0 target=B44 dwell_part=4.90s departure_window=10.10s total_horizon=15.00s[0m
[33m[WARN] [1788859950.159826562]: [multi_patrol][A1 EXIT HORIZON] V0 target=B44 dwell_part=2.90s departure_window=12.10s total_horizon=15.00s[0m
[33m[WARN] [1788859950.176071763]: [multi_patrol][A1 EXIT HORIZON] V0 target=B44 dwell_part=0.90s departure_window=14.10s total_horizon=15.00s[0m
1 len=6.026[0m
[0m[INFO] [1788859949.855557381]: [sim_plan] built plan=194 start=258.60 horizon=15.00 frames=150 commit_frames=20[0m
[0m[INFO] [1788859949.872461666]: [sim_plan] built plan=195 start=260.60 horizon=15.00 frames=150 commit_frames=20[0m
[0m[INFO] [1788859949.894723649]: [sim_plan] built plan=196 start=262.60 horizon=15.00 frames=150 commit_frames=20[0m
[0m[INFO] [1788859949.895494763]: [multi_patrol][A1] V1 activate prepared dropoff: A1 -> B32 len=4.055 priority_until_s=0.758[0m
[0m[INFO] [1788859949.914197578]: [sim_plan] built plan=197 start=262.70 horizon=15.00 frames=150 commit_frames=20[0m
[0m[INFO] [1788859949.939632127]: [sim_plan] built plan=198 start=264.70 horizon=15.00 frames=150 commit_frames=20[0m
[0m[INFO] [1788859949.960029632]: [sim_plan] built plan=199 start=266.70 horizon=15.00 frames=150 commit_frames=20[0m
[0m[INFO] [1788859949.961508000]: [multi_patrol][A1 EXIT PRIORITY RELEASE] V1 s=0.771 threshold=0.758[0m
[0m[INFO] [1788859949.978130801]: [sim_plan] built plan=200 start=268.70 horizon=15.00 frames=150 commit_frames=20[0m
[0m[INFO] [1788859949.996098215]: [sim_plan] built plan=201 start=270.70 horizon=15.00 frames=150 commit_frames=20[0m
[0m[INFO] [1788859950.012972225]: [sim_plan] built plan=202 start=272.70 horizon=15.00 frames=150 commit_frames=20[0m
[0m[INFO] [1788859950.029777713]: [sim_plan] built plan=203 start=274.70 horizon=15.00 frames=150 commit_frames=20[0m
[0m[INFO] [1788859950.043275227]: [sim_plan] built plan=204 start=276.70 horizon=15.00 frames=150 commit_frames=20[0m
[0m[INFO] [1788859950.055949065]: [sim_plan] built plan=205 start=278.70 horizon=15.00 frames=150 commit_frames=20[0m
[0m[INFO] [1788859950.070848660]: [sim_plan] built plan=206 start=280.70 horizon=15.00 frames=150 commit_frames=20[0m
[0m[INFO] [1788859950.085571786]: [sim_plan] built plan=207 start=282.70 horizon=15.00 frames=150 commit_frames=20[0m
[0m[INFO] [1788859950.093934937]: [sim_plan] built plan=208 start=284.70 horizon=15.00 frames=150 commit_frames=20[0m
[0m[INFO] [1788859950.100357029]: [sim_plan] built plan=209 start=286.70 horizon=15.00 frames=150 commit_frames=20[0m
[0m[INFO] [1788859950.105189385]: [sim_plan] built plan=210 start=288.70 horizon=15.00 frames=150 commit_frames=20[0m
[0m[INFO] [1788859950.109198152]: [sim_plan] built plan=211 start=290.70 horizon=15.00 frames=150 commit_frames=20[0m
[0m[INFO] [1788859950.113277101]: [sim_plan] built plan=212 start=292.70 horizon=15.00 frames=150 commit_frames=20[0m
[0m[INFO] [1788859950.118380575]: [multi_patrol][A1] V1 pickup leg: B32 -> A1  wpts=286 len=3.302[0m
[0m[INFO] [1788859950.130794842]: [sim_plan] built plan=213 start=294.60 horizon=15.00 frames=150 commit_frames=20[0m
[0m[INFO] [1788859950.145638834]: [sim_plan] built plan=214 start=295.80 horizon=15.00 frames=150 commit_frames=20[0m
[0m[INFO] [1788859950.159777338]: [sim_plan] built plan=215 start=297.80 horizon=15.00 frames=150 commit_frames=20[0m
[0m[INFO] [1788859950.176032679]: [sim_plan] built plan=216 start=299.80 horizon=15.00 frames=150 commit_frames=20[0m
[0m[INFO] [1788859950.177342394]: [multi_patrol][A1] V0 activate prepared dropoff: A1 -> B44 len=7.399 priority_until_s=0.758[0m
[0m[INFO] [1788859950.194118463]: [sim_plan] built plan=217 start=300.70 horizon=15.00 frames=150 commit_frames=20[0m
[0m[INFO] [1788859950.215413390]: [sim_plan] built plan=218 start=302.70 horizon=15.00 frames=150 commit_frames=20[0m
[0m[INFO] [1788859950.230418103]: [sim_plan] built plan=219 start=304.70 horizon=15.00 frames=150 commit_frames=20[0m
[0m[INFO] [1788859950.231893881]: [multi_patrol][A1 EXIT PRIORITY RELEASE] V0 s=0.771 threshold=0.758[0m
[0m[INFO] [1788859950.244858526]: [sim_plan] built plan=220 start=306.70 horizon=15.00 frames=150 commit_frames=20[0m
[0m[INFO] [1788859950.257539708]: [sim_plan] built plan=221 start=308.70 horizon=15.00 frames=150 commit_frames=20[0m
[0m[INFO] [1788859950.268257459]: [sim_plan] built plan=222 start=310.70 horizon=15.00 frames=150 commit_frames=20[0m
[0m[INFO] [178885995[33m[WARN] [1788859950.299580900]: [multi_patrol][A1 EXIT HORIZON] V1 target=B27 dwell_part=4.90s departure_window=10.10s total_horizon=15.00s[0m
[33m[WARN] [1788859950.313272216]: [multi_patrol][A1 EXIT HORIZON] V1 target=B27 dwell_part=2.90s departure_window=12.10s total_horizon=15.00s[0m
[33m[WARN] [1788859950.329364523]: [multi_patrol][A1 EXIT HORIZON] V1 target=B27 dwell_part=0.90s departure_window=14.10s total_horizon=15.00s[0m
[33m[WARN] [1788859950.511533390]: [SLOT_DEPARTURE] time=5min48.7s vehicle=V0 owner=none result=ALLOW reason=no_service_owner candidate_path_gen=9 slot_departure_clear_s=0.327 vehicle_mode=ACTIVE vehicle_speed=0.000 vehicle_path_s=0.000 blocker=none a1_prefix_conflict=0 ordinary_road_conflict=0[0m
[33m[WARN] [1788859950.511949580]: [multi_patrol][A1 EXIT PREPARED] V0 target=B61 pickup_dwell=5.00s exit_len=8.398 priority_until_s=0.758 horizon_refresh=IMMEDIATE[0m
0.279089692]: [sim_plan] built plan=223 start=312.70 horizon=15.00 frames=150 commit_frames=20[0m
[0m[INFO] [1788859950.289268366]: [sim_plan] built plan=224 start=314.70 horizon=15.00 frames=150 commit_frames=20[0m
[0m[INFO] [1788859950.299520516]: [sim_plan] built plan=225 start=315.50 horizon=15.00 frames=150 commit_frames=20[0m
[0m[INFO] [1788859950.313219726]: [sim_plan] built plan=226 start=317.50 horizon=15.00 frames=150 commit_frames=20[0m
[0m[INFO] [1788859950.329310200]: [sim_plan] built plan=227 start=319.50 horizon=15.00 frames=150 commit_frames=20[0m
[0m[INFO] [1788859950.330624664]: [multi_patrol][A1] V1 activate prepared dropoff: A1 -> B27 len=7.516 priority_until_s=0.758[0m
[0m[INFO] [1788859950.348525690]: [sim_plan] built plan=228 start=320.40 horizon=15.00 frames=150 commit_frames=20[0m
[0m[INFO] [1788859950.381308089]: [sim_plan] built plan=229 start=322.40 horizon=15.00 frames=150 commit_frames=20[0m
[0m[INFO] [1788859950.399732088]: [sim_plan] built plan=230 start=324.40 horizon=15.00 frames=150 commit_frames=20[0m
[0m[INFO] [1788859950.401176172]: [multi_patrol][A1 EXIT PRIORITY RELEASE] V1 s=0.771 threshold=0.758[0m
[0m[INFO] [1788859950.417481861]: [sim_plan] built plan=231 start=326.40 horizon=15.00 frames=150 commit_frames=20[0m
[0m[INFO] [1788859950.433607936]: [sim_plan] built plan=232 start=328.40 horizon=15.00 frames=150 commit_frames=20[0m
[0m[INFO] [1788859950.448468050]: [sim_plan] built plan=233 start=330.40 horizon=15.00 frames=150 commit_frames=20[0m
[0m[INFO] [1788859950.461355264]: [sim_plan] built plan=234 start=332.40 horizon=15.00 frames=150 commit_frames=20[0m
[0m[INFO] [1788859950.472937551]: [sim_plan] built plan=235 start=334.40 horizon=15.00 frames=150 commit_frames=20[0m
[0m[INFO] [1788859950.482686412]: [sim_plan] built plan=236 start=336.40 horizon=15.00 frames=150 commit_frames=20[0m
[0m[INFO] [1788859950.490717762]: [sim_plan] built plan=237 start=338.40 horizon=15.00 frames=150 commit_frames=20[0m
[0m[INFO] [1788859950.497121463]: [sim_plan] built plan=238 start=340.40 horizon=15.00 frames=150 commit_frames=20[0m
[0m[INFO] [1788859950.501671838]: [sim_plan] built plan=239 start=342.40 horizon=15.00 frames=150 commit_frames=20[0m
[0m[INFO] [1788859950.504761521]: [sim_plan] built plan=240 start=344.40 horizon=15.00 frames=150 commit_frames=20[0m
[0m[INFO] [1788859950.507802901]: [sim_plan] built plan=241 start=346.40 horizon=15.00 frames=150 commit_frames=20[0m
[0m[INFO] [1788859950.510978948]: [sim_plan] built plan=242 start=348.40 horizon=15.00 frames=150 commit_frames=20[0m
[0m[INFO] [1788859950.511496661]: [multi_patrol][A1] V0 pickup leg: B44 -> A1  wpts=486 len=5.327[0m
[0m[INFO] [1788859950.527870511]: [sim_plan] built plan=243 start=348.70 horizon=15.00 frames=150 commit_frames=20[0m
[0m[INFO] [1788859950.552056667]: [sim_plan] built plan=244 start=350.70 horizon=15.00 frames=150 commit_frames=20[0m
[0m[INFO] [1788859950.565682852]: [sim_plan] built plan=245 start=352.70 horizon=15.00 frames=150 commit_frames=20[0m
[0m[INFO] [1788859950.577779947]: [sim_plan] built plan=246 start=354.70 horizon=15.00 frames=150 commit_frames=20[0m
[0m[INFO] [1788859950.588070804]: [sim_plan] built plan=247 start=356.70 horizon=15.00 frames=150 commit_frames=20[0m
[0m[INFO] [1788859950.596621111]: [sim_plan] built plan=248 start=358.70 horizon=15.00 frames=150 commit_frames=20[0m
[0m[INFO] [1788859950.603186840]: [sim_plan] built plan=249 start=360.70 horizon=15.00 frames=150 commit_frames=20[0m
[0m[INFO] [1788859950.608522434]: [sim_plan] built plan=250 start=362.70 horizon=15.00 frames=150 commit_frames=20[0m
[0m[INFO] [1788859950.612320702]: [sim_plan] built plan=251 start=364.70 horizon=15.00 frames=150 commit_frames=20[0m
[0m[INFO] [1788859950.625998819]: [sim_plan] built plan=252 start=366.70 horizon=15.00 frames=150 commit_frames=20[0m
[0m[INFO] [1788859950.635145101]: [sim_plan] built plan=253 start=368.70 horizon=15.00 frames=150 commit_frames=20[0m
[0m[INFO] [1788859950.642918253]: [multi_patrol][A1] V1[33m[WARN] [1788859950.643162146]: [SLOT_DEPARTURE] time=6min9.0s vehicle=V1 owner=V0 result=ALLOW reason=slot_departure_clear candidate_path_gen=11 slot_departure_clear_s=0.327 vehicle_mode=ACTIVE vehicle_speed=0.000 vehicle_path_s=0.000 blocker=none a1_prefix_conflict=0 ordinary_road_conflict=0 owner_phase=TO_A1 owner_path_gen=9 geometry=pending_preview protected_zones=0 actual_occupancy_priority=0 spatial_stop_launch_infeasible=0 waiter_stop_s=4.400[0m
[33m[WARN] [1788859950.643545914]: [multi_patrol][A1 EXIT PREPARED] V1 target=B20 pickup_dwell=5.00s exit_len=4.313 priority_until_s=0.758 horizon_refresh=IMMEDIATE[0m
[33m[WARN] [1788859950.750518351]: [multi_patrol][A1 EXIT HORIZON] V0 target=B61 dwell_part=4.90s departure_window=10.10s total_horizon=15.00s[0m
[33m[WARN] [1788859950.764285395]: [multi_patrol][A1 EXIT HORIZON] V0 target=B61 dwell_part=2.90s departure_window=12.10s total_horizon=15.00s[0m
[33m[WARN] [1788859950.781132464]: [multi_patrol][A1 EXIT HORIZON] V0 target=B61 dwell_part=0.90s departure_window=14.10s total_horizon=15.00s[0m
[33m[WARN] [1788859950.905686355]: [multi_patrol][A1 EXIT HORIZON] V1 target=B20 dwell_part=4.90s departure_window=10.10s total_horizon=15.00s[0m
[33m[WARN] [1788859950.917542443]: [multi_patrol][A1 EXIT HORIZON] V1 target=B20 dwell_part=2.90s departure_window=12.10s total_horizon=15.00s[0m
[33m[WARN] [1788859950.931967435]: [multi_patrol][A1 EXIT HORIZON] V1 target=B20 dwell_part=0.90s departure_window=14.10s total_horizon=15.00s[0m
 pickup leg: B27 -> A1  wpts=469 len=5.444[0m
[0m[INFO] [1788859950.658765775]: [sim_plan] built plan=254 start=369.00 horizon=15.00 frames=150 commit_frames=20[0m
[0m[INFO] [1788859950.681156191]: [sim_plan] built plan=255 start=371.00 horizon=15.00 frames=150 commit_frames=20[0m
[0m[INFO] [1788859950.695464682]: [sim_plan] built plan=256 start=373.00 horizon=15.00 frames=150 commit_frames=20[0m
[0m[INFO] [1788859950.708077827]: [sim_plan] built plan=257 start=375.00 horizon=15.00 frames=150 commit_frames=20[0m
[0m[INFO] [1788859950.719990973]: [sim_plan] built plan=258 start=377.00 horizon=15.00 frames=150 commit_frames=20[0m
[0m[INFO] [1788859950.730338799]: [sim_plan] built plan=259 start=379.00 horizon=15.00 frames=150 commit_frames=20[0m
[0m[INFO] [1788859950.739617546]: [sim_plan] built plan=260 start=381.00 horizon=15.00 frames=150 commit_frames=20[0m
[0m[INFO] [1788859950.750461874]: [sim_plan] built plan=261 start=381.50 horizon=15.00 frames=150 commit_frames=20[0m
[0m[INFO] [1788859950.764242544]: [sim_plan] built plan=262 start=383.50 horizon=15.00 frames=150 commit_frames=20[0m
[0m[INFO] [1788859950.781070726]: [sim_plan] built plan=263 start=385.50 horizon=15.00 frames=150 commit_frames=20[0m
[0m[INFO] [1788859950.782848450]: [multi_patrol][A1] V0 activate prepared dropoff: A1 -> B61 len=8.398 priority_until_s=0.758[0m
[0m[INFO] [1788859950.800807288]: [sim_plan] built plan=264 start=386.40 horizon=15.00 frames=150 commit_frames=20[0m
[0m[INFO] [1788859950.826895592]: [sim_plan] built plan=265 start=388.40 horizon=15.00 frames=150 commit_frames=20[0m
[0m[INFO] [1788859950.842235362]: [sim_plan] built plan=266 start=390.40 horizon=15.00 frames=150 commit_frames=20[0m
[0m[INFO] [1788859950.843494240]: [multi_patrol][A1 EXIT PRIORITY RELEASE] V0 s=0.771 threshold=0.758[0m
[0m[INFO] [1788859950.857654060]: [sim_plan] built plan=267 start=392.40 horizon=15.00 frames=150 commit_frames=20[0m
[0m[INFO] [1788859950.868963382]: [sim_plan] built plan=268 start=394.40 horizon=15.00 frames=150 commit_frames=20[0m
[0m[INFO] [1788859950.878826334]: [sim_plan] built plan=269 start=396.40 horizon=15.00 frames=150 commit_frames=20[0m
[0m[INFO] [1788859950.889038243]: [sim_plan] built plan=270 start=398.40 horizon=15.00 frames=150 commit_frames=20[0m
[0m[INFO] [1788859950.897286045]: [sim_plan] built plan=271 start=400.40 horizon=15.00 frames=150 commit_frames=20[0m
[0m[INFO] [1788859950.905634436]: [sim_plan] built plan=272 start=402.40 horizon=15.00 frames=150 commit_frames=20[0m
[0m[INFO] [1788859950.917497587]: [sim_plan] built plan=273 start=404.40 horizon=15.00 frames=150 commit_frames=20[0m
[0m[INFO] [1788859950.931926147]: [sim_plan] built plan=274 start=406.40 horizon=15.00 frames=150 commit_frames=20[0m
[0m[INFO] [1788859950.933393620]: [multi_patrol][A1] V1 activate prepared dropoff: A1 -> B20 len=4.313 priority_until_s=0.758[0m
[0m[INFO] [1788859950.950403618]: [sim_plan] built plan=275 start=407.30 horizon=15.00 frames=150 commit_frames=20[0m
[0m[INFO] [1788859950.979188800]: [sim_plan] built plan=276 start=409.30 horizon=15.00 frames=150 commit_frames=20[0m
[0m[INFO] [1788859951.002316236]: [sim_plan] built plan=277 start=411.30 horizon=15.00 frames=150 commit_frames=20[0m
[0m[INFO] [1788859951.003598519]: [multi_patrol][A1 EXIT PRIORITY RELEASE] V1 s=0.771 threshold=0.758[0m
[0m[INFO] [1788859951.021853980]: [sim_plan] built plan=278 start=413.30 horizon=15.00 frames=150 commit_frames=20[0m
[0m[INFO] [1788859951.040582308]: [sim_plan] built plan=279 start=415.30 horizon=15.00 frames=150 commit_frames=20[0m
[0m[INFO] [1788859951.061530299]: [sim_plan] built plan=280 start=417.30 horizon=15.00 frames=150 commit_frames=20[0m
[0m[INFO] [1788859951.078779280]: [sim_plan] built plan=281 start=419.30 horizon=15.00 frames=150 commit_frames=20[0m
[0m[INFO] [1788859951.092268607]: [sim_plan] built plan=282 start=421.30 horizon=15.00 frames=150 commit_frames=20[0m
[0m[INFO] [1788859951.102529499]: [sim_plan] built plan=283 start=423.30 horizon=15.00 frame[33m[WARN] [1788859951.127537092]: [SLOT_DEPARTURE] time=7min18.1s vehicle=V1 owner=none result=ALLOW reason=no_service_owner candidate_path_gen=13 slot_departure_clear_s=0.327 vehicle_mode=ACTIVE vehicle_speed=0.000 vehicle_path_s=0.000 blocker=none a1_prefix_conflict=0 ordinary_road_conflict=0[0m
[33m[WARN] [1788859951.128007806]: [multi_patrol][A1 EXIT PREPARED] V1 target=B22 pickup_dwell=5.00s exit_len=4.094 priority_until_s=0.758 horizon_refresh=IMMEDIATE[0m
[33m[WARN] [1788859951.132664414]: [SLOT_DEPARTURE] time=7min19.5s vehicle=V0 owner=none result=ALLOW reason=no_service_owner candidate_path_gen=11 slot_departure_clear_s=0.346 vehicle_mode=ACTIVE vehicle_speed=0.000 vehicle_path_s=0.000 blocker=none a1_prefix_conflict=0 ordinary_road_conflict=0[0m
[33m[WARN] [1788859951.133259538]: [multi_patrol][A1 EXIT PREPARED] V0 target=B45 pickup_dwell=5.00s exit_len=8.932 priority_until_s=0.758 horizon_refresh=IMMEDIATE[0m
[33m[WARN] [1788859951.311055140]: [multi_patrol][A1 EXIT HORIZON] V1 target=B22 dwell_part=4.90s departure_window=10.10s total_horizon=15.00s[0m
[33m[WARN] [1788859951.341890352]: [multi_patrol][A1 EXIT HORIZON] V1 target=B22 dwell_part=2.90s departure_window=12.10s total_horizon=15.00s[0m
[33m[WARN] [1788859951.387249305]: [multi_patrol][A1 EXIT HORIZON] V1 target=B22 dwell_part=0.90s departure_window=14.10s total_horizon=15.00s[0m
s=150 commit_frames=20[0m
[0m[INFO] [1788859951.111643181]: [sim_plan] built plan=284 start=425.30 horizon=15.00 frames=150 commit_frames=20[0m
[0m[INFO] [1788859951.117863925]: [sim_plan] built plan=285 start=427.30 horizon=15.00 frames=150 commit_frames=20[0m
[0m[INFO] [1788859951.122244688]: [sim_plan] built plan=286 start=429.30 horizon=15.00 frames=150 commit_frames=20[0m
[0m[INFO] [1788859951.124746155]: [sim_plan] built plan=287 start=431.30 horizon=15.00 frames=150 commit_frames=20[0m
[0m[INFO] [1788859951.125643087]: [sim_plan] built plan=288 start=433.30 horizon=15.00 frames=150 commit_frames=20[0m
[0m[INFO] [1788859951.126401205]: [sim_plan] built plan=289 start=435.30 horizon=15.00 frames=150 commit_frames=20[0m
[0m[INFO] [1788859951.127160747]: [sim_plan] built plan=290 start=437.30 horizon=15.00 frames=150 commit_frames=20[0m
[0m[INFO] [1788859951.127498880]: [multi_patrol][A1] V1 pickup leg: B20 -> A1  wpts=304 len=3.391[0m
[0m[INFO] [1788859951.131944875]: [sim_plan] built plan=291 start=438.10 horizon=15.00 frames=150 commit_frames=20[0m
[0m[INFO] [1788859951.132620601]: [multi_patrol][A1] V0 pickup leg: B61 -> A1  wpts=479 len=5.806[0m
[0m[INFO] [1788859951.150794485]: [sim_plan] built plan=292 start=439.50 horizon=15.00 frames=150 commit_frames=20[0m
[0m[INFO] [1788859951.173175624]: [sim_plan] built plan=293 start=441.50 horizon=15.00 frames=150 commit_frames=20[0m
[0m[INFO] [1788859951.191202461]: [sim_plan] built plan=294 start=443.50 horizon=15.00 frames=150 commit_frames=20[0m
[0m[INFO] [1788859951.212310445]: [sim_plan] built plan=295 start=445.50 horizon=15.00 frames=150 commit_frames=20[0m
[0m[INFO] [1788859951.228648247]: [sim_plan] built plan=296 start=447.50 horizon=15.00 frames=150 commit_frames=20[0m
[0m[INFO] [1788859951.247282878]: [sim_plan] built plan=297 start=449.50 horizon=15.00 frames=150 commit_frames=20[0m
[0m[INFO] [1788859951.260055528]: [sim_plan] built plan=298 start=451.50 horizon=15.00 frames=150 commit_frames=20[0m
[0m[INFO] [1788859951.272213856]: [sim_plan] built plan=299 start=453.50 horizon=15.00 frames=150 commit_frames=20[0m
[0m[INFO] [1788859951.284164124]: [sim_plan] built plan=300 start=455.50 horizon=15.00 frames=150 commit_frames=20[0m
[0m[INFO] [1788859951.295148487]: [sim_plan] built plan=301 start=457.50 horizon=15.00 frames=150 commit_frames=20[0m
[0m[INFO] [1788859951.311001538]: [sim_plan] built plan=302 start=459.30 horizon=15.00 frames=150 commit_frames=20[0m
[0m[INFO] [1788859951.341842762]: [sim_plan] built plan=303 start=461.30 horizon=15.00 frames=150 commit_frames=20[0m
[0m[INFO] [1788859951.387181386]: [sim_plan] built plan=304 start=463.30 horizon=15.00 frames=150 commit_frames=20[0m
[0m[INFO] [1788859951.388751224]: [multi_patrol][A1] V1 activate prepared dropoff: A1 -> B22 len=4.094 priority_until_s=0.758[0m
[0m[INFO] [1788859951.435484373]: [sim_plan] built plan=305 start=464.20 horizon=15.00 frames=150 commit_frames=20[0m
[0m[INFO] [1788859951.496336044]: [sim_plan] built plan=306 start=466.20 horizon=15.00 frames=150 commit_frames=20[0m
[0m[INFO] [1788859951.547522035]: [sim_plan] built plan=307 start=468.20 horizon=15.00 frames=150 commit_frames=20[0m
[0m[INFO] [1788859951.548863110]: [multi_patrol][A1 EXIT PRIORITY RELEASE] V1 s=0.771 threshold=0.758[0m
[0m[INFO] [1788859951.592935598]: [sim_plan] built plan=308 start=470.20 horizon=15.00 frames=150 commit_frames=20[0m
[0m[INFO] [1788859951.629791495]: [sim_plan] built plan=309 start=472.20 horizon=15.00 frames=150 commit_frames=20[0m
[0m[INFO] [1788859951.662091829]: [sim_plan] built plan=310 start=474.20 horizon=15.00 frames=150 commit_frames=20[0m
[0m[INFO] [1788859951.687756819]: [sim_plan] built plan=311 start=476.20 horizon=15.00 frames=150 commit_frames=20[0m
[0m[INFO] [1788859951.706466535]: [sim_plan] built plan=312 start=478.20 horizon=15.00 frames=150 commit_frames=20[0m
[0m[INFO] [1788859951.721557628]: [sim_plan] built plan=313 start=480.20 horizon=15.00 frames=150 commit_frames=20[0m
[0m[INFO] [1788859951.73[33m[WARN] [1788859951.775157489]: [SLOT_DEPARTURE] time=8min14.0s vehicle=V1 owner=V0 result=HOLD reason=a1_stop_s_before_slot_clear candidate_path_gen=15 slot_departure_clear_s=0.327 vehicle_mode=DWELL vehicle_speed=0.000 vehicle_path_s=4.094 blocker=V0 a1_prefix_conflict=1 ordinary_road_conflict=0 owner_phase=TO_A1 owner_path_gen=11 geometry=pending_preview protected_zones=2 actual_occupancy_priority=0 spatial_stop_launch_infeasible=1 waiter_stop_s=0.250[0m
[33m[WARN] [1788859952.126186562]: [multi_patrol][A1 EXIT HORIZON] V0 target=B45 dwell_part=4.90s departure_window=10.10s total_horizon=15.00s[0m
[33m[WARN] [1788859952.227761051]: [multi_patrol][A1 EXIT HORIZON] V0 target=B45 dwell_part=2.90s departure_window=12.10s total_horizon=15.00s[0m
[33m[WARN] [1788859952.319746586]: [multi_patrol][A1 EXIT HORIZON] V0 target=B45 dwell_part=0.90s departure_window=14.10s total_horizon=15.00s[0m
[33m[WARN] [1788859952.638795881]: [SLOT_DEPARTURE] time=8min30.6s vehicle=V1 owner=V0 result=ALLOW reason=slot_departure_clear_after_retry candidate_path_gen=15 slot_departure_clear_s=0.327 vehicle_mode=ACTIVE vehicle_speed=0.000 vehicle_path_s=0.000 blocker=none a1_prefix_conflict=0 ordinary_road_conflict=0 owner_phase=TO_B owner_path_gen=12 geometry=actual_to_b protected_zones=0 actual_occupancy_priority=0 spatial_stop_launch_infeasible=0[0m
[33m[WARN] [1788859952.639250365]: [multi_patrol][A1 EXIT PREPARED] V1 target=B53 pickup_dwell=5.00s exit_len=6.964 priority_until_s=0.758 horizon_refresh=IMMEDIATE[0m
2445759]: [sim_plan] built plan=314 start=482.20 horizon=15.00 frames=150 commit_frames=20[0m
[0m[INFO] [1788859951.741094590]: [sim_plan] built plan=315 start=484.20 horizon=15.00 frames=150 commit_frames=20[0m
[0m[INFO] [1788859951.754224535]: [sim_plan] built plan=316 start=486.20 horizon=15.00 frames=150 commit_frames=20[0m
[0m[INFO] [1788859951.759386340]: [sim_plan] built plan=317 start=488.20 horizon=15.00 frames=150 commit_frames=20[0m
[0m[INFO] [1788859951.764859546]: [sim_plan] built plan=318 start=490.20 horizon=15.00 frames=150 commit_frames=20[0m
[0m[INFO] [1788859951.769355519]: [sim_plan] built plan=319 start=492.20 horizon=15.00 frames=150 commit_frames=20[0m
[0m[INFO] [1788859951.789835661]: [sim_plan] built plan=320 start=494.20 horizon=15.00 frames=150 commit_frames=20[0m
[0m[INFO] [1788859951.906179715]: [sim_plan] built plan=321 start=496.20 horizon=15.00 frames=150 commit_frames=20[0m
[0m[INFO] [1788859952.022288917]: [sim_plan] built plan=322 start=498.20 horizon=15.00 frames=150 commit_frames=20[0m
[0m[INFO] [1788859952.126044272]: [sim_plan] built plan=323 start=500.20 horizon=15.00 frames=150 commit_frames=20[0m
[0m[INFO] [1788859952.227723975]: [sim_plan] built plan=324 start=502.20 horizon=15.00 frames=150 commit_frames=20[0m
[0m[INFO] [1788859952.319703283]: [sim_plan] built plan=325 start=504.20 horizon=15.00 frames=150 commit_frames=20[0m
[0m[INFO] [1788859952.356632517]: [multi_patrol][A1] V0 activate prepared dropoff: A1 -> B45 len=8.932 priority_until_s=0.758[0m
[0m[INFO] [1788859952.364986416]: [sim_plan] built plan=326 start=505.10 horizon=15.00 frames=150 commit_frames=20[0m
[0m[INFO] [1788859952.469390765]: [sim_plan] built plan=327 start=507.10 horizon=15.00 frames=150 commit_frames=20[0m
[0m[INFO] [1788859952.570007403]: [sim_plan] built plan=328 start=509.10 horizon=15.00 frames=150 commit_frames=20[0m
[0m[INFO] [1788859952.638447428]: [multi_patrol][A1 EXIT PRIORITY RELEASE] V0 s=0.771 threshold=0.758[0m
[0m[INFO] [1788859952.638754158]: [multi_patrol][A1] V1 pickup leg: B22 -> A1  wpts=288 len=3.280[0m
[0m[INFO] [1788859952.682716506]: [sim_plan] built plan=329 start=510.60 horizon=15.00 frames=150 commit_frames=20[0m
[0m[INFO] [1788859952.727726843]: [sim_plan] built plan=330 start=512.60 horizon=15.00 frames=150 commit_frames=20[0m
[0m[INFO] [1788859952.759672089]: [sim_plan] built plan=331 start=514.60 horizon=15.00 frames=150 commit_frames=20[0m
[0m[INFO] [1788859952.789170534]: [sim_plan] built plan=332 start=516.60 horizon=15.00 frames=150 commit_frames=20[0m
[0m[INFO] [1788859952.812567401]: [sim_plan] built plan=333 start=518.60 horizon=15.00 frames=150 commit_frames=20[0m
[0m[INFO] [1788859952.832293186]: [sim_plan] built plan=334 start=520.60 horizon=15.00 frames=150 commit_frames=20[0m
[0m[INFO] [1788859952.849725785]: [sim_plan] built plan=335 start=522.60 horizon=15.00 frames=150 commit_frames=20[0m
[0m[INFO] [1788859952.866214753]: [sim_plan] built plan=336 start=524.60 horizon=15.00 frames=150 commit_frames=20[0m
[0m[INFO] [1788859952.883270606]: [sim_plan] built plan=337 start=526.60 horizon=15.00 frames=150 commit_frames=20[0m
[0m[INFO] [1788859952.899741104]: [sim_plan] built plan=338 start=528.60 horizon=15.00 frames=150 commit_frames=20[0m
[0m[INFO] [1788859952.914558199]: [sim_plan] built plan=339 start=530.60 horizon=15.00 frames=150 commit_frames=20[0m
[0m[INFO] [1788859952.927628653]: [sim_plan] built plan=340 start=532.60 horizon=15.00 frames=150 commit_frames=20[0m
[0m[INFO] [1788859952.939266902]: [sim_plan] built plan=341 start=534.60 horizon=15.00 frames=150 commit_frames=20[0m
[0m[INFO] [1788859952.949621629]: [sim_plan] built plan=342 start=536.60 horizon=15.00 frames=150 commit_frames=20[0m
[0m[INFO] [1788859952.959391356]: [sim_plan] built plan=343 start=538.60 horizon=15.00 frames=150 commit_frames=20[0m
[0m[INFO] [1788859952.969135220]: [sim_plan] built plan=344 start=540.60 horizon=15.00 frames=150 commit_frames=20[0m
[0m[INFO] [1788859952.976981166]: [sim_plan] built plan=345[33m[WARN] [1788859952.991768280]: [multi_patrol][A1 EXIT HORIZON] V1 target=B53 dwell_part=4.90s departure_window=10.10s total_horizon=15.00s[0m
[33m[WARN] [1788859953.000000783]: [multi_patrol][A1 EXIT HORIZON] V1 target=B53 dwell_part=2.90s departure_window=12.10s total_horizon=15.00s[0m
[33m[WARN] [1788859953.010216169]: [multi_patrol][A1 EXIT HORIZON] V1 target=B53 dwell_part=0.90s departure_window=14.10s total_horizon=15.00s[0m
[33m[WARN] [1788859953.057387576]: [SLOT_DEPARTURE] time=9min21.0s vehicle=V0 owner=none result=ALLOW reason=no_service_owner candidate_path_gen=13 slot_departure_clear_s=0.327 vehicle_mode=ACTIVE vehicle_speed=0.000 vehicle_path_s=0.000 blocker=none a1_prefix_conflict=0 ordinary_road_conflict=0[0m
[33m[WARN] [1788859953.057963512]: [multi_patrol][A1 EXIT PREPARED] V0 target=B34 pickup_dwell=5.00s exit_len=4.275 priority_until_s=0.758 horizon_refresh=IMMEDIATE[0m
[33m[WARN] [1788859953.367306497]: [SLOT_DEPARTURE] time=9min55.6s vehicle=V1 owner=none result=ALLOW reason=no_service_owner candidate_path_gen=17 slot_departure_clear_s=0.327 vehicle_mode=ACTIVE vehicle_speed=0.000 vehicle_path_s=0.000 blocker=none a1_prefix_conflict=0 ordinary_road_conflict=0[0m
[33m[WARN] [1788859953.367769366]: [multi_patrol][A1 EXIT PREPARED] V1 target=B7 pickup_dwell=5.00s exit_len=2.116 priority_until_s=0.756 horizon_refresh=IMMEDIATE[0m
 start=542.60 horizon=15.00 frames=150 commit_frames=20[0m
[0m[INFO] [1788859952.984386189]: [sim_plan] built plan=346 start=544.60 horizon=15.00 frames=150 commit_frames=20[0m
[0m[INFO] [1788859952.991731690]: [sim_plan] built plan=347 start=544.80 horizon=15.00 frames=150 commit_frames=20[0m
[0m[INFO] [1788859952.999950895]: [sim_plan] built plan=348 start=546.80 horizon=15.00 frames=150 commit_frames=20[0m
[0m[INFO] [1788859953.010149547]: [sim_plan] built plan=349 start=548.80 horizon=15.00 frames=150 commit_frames=20[0m
[0m[INFO] [1788859953.011585517]: [multi_patrol][A1] V1 activate prepared dropoff: A1 -> B53 len=6.964 priority_until_s=0.758[0m
[0m[INFO] [1788859953.020305392]: [sim_plan] built plan=350 start=549.70 horizon=15.00 frames=150 commit_frames=20[0m
[0m[INFO] [1788859953.038201584]: [sim_plan] built plan=351 start=551.70 horizon=15.00 frames=150 commit_frames=20[0m
[0m[INFO] [1788859953.045295973]: [sim_plan] built plan=352 start=553.70 horizon=15.00 frames=150 commit_frames=20[0m
[0m[INFO] [1788859953.046579065]: [multi_patrol][A1 EXIT PRIORITY RELEASE] V1 s=0.771 threshold=0.758[0m
[0m[INFO] [1788859953.050276370]: [sim_plan] built plan=353 start=555.70 horizon=15.00 frames=150 commit_frames=20[0m
[0m[INFO] [1788859953.053630190]: [sim_plan] built plan=354 start=557.70 horizon=15.00 frames=150 commit_frames=20[0m
[0m[INFO] [1788859953.056784991]: [sim_plan] built plan=355 start=559.70 horizon=15.00 frames=150 commit_frames=20[0m
[0m[INFO] [1788859953.057347781]: [multi_patrol][A1] V0 pickup leg: B45 -> A1  wpts=572 len=6.460[0m
[0m[INFO] [1788859953.075382789]: [sim_plan] built plan=356 start=561.00 horizon=15.00 frames=150 commit_frames=20[0m
[0m[INFO] [1788859953.114814027]: [sim_plan] built plan=357 start=563.00 horizon=15.00 frames=150 commit_frames=20[0m
[0m[INFO] [1788859953.148825933]: [sim_plan] built plan=358 start=565.00 horizon=15.00 frames=150 commit_frames=20[0m
[0m[INFO] [1788859953.179479216]: [sim_plan] built plan=359 start=567.00 horizon=15.00 frames=150 commit_frames=20[0m
[0m[INFO] [1788859953.208997472]: [sim_plan] built plan=360 start=569.00 horizon=15.00 frames=150 commit_frames=20[0m
[0m[INFO] [1788859953.235773644]: [sim_plan] built plan=361 start=571.00 horizon=15.00 frames=150 commit_frames=20[0m
[0m[INFO] [1788859953.257250216]: [sim_plan] built plan=362 start=573.00 horizon=15.00 frames=150 commit_frames=20[0m
[0m[INFO] [1788859953.275541451]: [sim_plan] built plan=363 start=575.00 horizon=15.00 frames=150 commit_frames=20[0m
[0m[INFO] [1788859953.291314307]: [sim_plan] built plan=364 start=577.00 horizon=15.00 frames=150 commit_frames=20[0m
[0m[INFO] [1788859953.305810224]: [sim_plan] built plan=365 start=579.00 horizon=15.00 frames=150 commit_frames=20[0m
[0m[INFO] [1788859953.318638659]: [sim_plan] built plan=366 start=581.00 horizon=15.00 frames=150 commit_frames=20[0m
[0m[INFO] [1788859953.329924561]: [sim_plan] built plan=367 start=583.00 horizon=15.00 frames=150 commit_frames=20[0m
[0m[INFO] [1788859953.340770682]: [sim_plan] built plan=368 start=585.00 horizon=15.00 frames=150 commit_frames=20[0m
[0m[INFO] [1788859953.348525621]: [sim_plan] built plan=369 start=587.00 horizon=15.00 frames=150 commit_frames=20[0m
[0m[INFO] [1788859953.354396847]: [sim_plan] built plan=370 start=589.00 horizon=15.00 frames=150 commit_frames=20[0m
[0m[INFO] [1788859953.358481739]: [sim_plan] built plan=371 start=591.00 horizon=15.00 frames=150 commit_frames=20[0m
[0m[INFO] [1788859953.362311894]: [sim_plan] built plan=372 start=593.00 horizon=15.00 frames=150 commit_frames=20[0m
[0m[INFO] [1788859953.366516554]: [sim_plan] built plan=373 start=595.00 horizon=15.00 frames=150 commit_frames=20[0m
[0m[INFO] [1788859953.367264167]: [multi_patrol][A1] V1 pickup leg: B53 -> A1  wpts=514 len=6.437[0m
[0m[INFO] [1788859953.383613359]: [sim_plan] built plan=374 start=595.60 horizon=15.00 frames=150 commit_frames=20[0m
[0m[INFO] [1788859953.408074515]: [sim_plan] built plan=375 start=597.60 horizon=15.00 frames=150 commit_frames[33m[WARN] [1788859953.581460064]: [multi_patrol][A1 EXIT HORIZON] V0 target=B34 dwell_part=4.90s departure_window=10.10s total_horizon=15.00s[0m
[33m[WARN] [1788859953.602487581]: [multi_patrol][A1 EXIT HORIZON] V0 target=B34 dwell_part=2.90s departure_window=12.10s total_horizon=15.00s[0m
[33m[WARN] [1788859953.626536434]: [multi_patrol][A1 EXIT HORIZON] V0 target=B34 dwell_part=0.90s departure_window=14.10s total_horizon=15.00s[0m
[33m[WARN] [1788859953.744450008]: [multi_patrol][A1 EXIT HORIZON] V1 target=B7 dwell_part=4.90s departure_window=10.10s total_horizon=15.00s[0m
[33m[WARN] [1788859953.756217083]: [multi_patrol][A1 EXIT HORIZON] V1 target=B7 dwell_part=2.90s departure_window=12.10s total_horizon=15.00s[0m
[33m[WARN] [1788859953.763741189]: [multi_patrol][A1 EXIT HORIZON] V1 target=B7 dwell_part=0.90s departure_window=14.10s total_horizon=15.00s[0m
[33m[WARN] [1788859953.786384509]: [SLOT_DEPARTURE] time=10min53.5s vehicle=V0 owner=none result=ALLOW reason=no_service_owner candidate_path_gen=15 slot_departure_clear_s=0.327 vehicle_mode=ACTIVE vehicle_speed=0.000 vehicle_path_s=0.000 blocker=none a1_prefix_conflict=0 ordinary_road_conflict=0[0m
[33m[WARN] [1788859953.786744746]: [multi_patrol][A1 EXIT PREPARED] V0 target=B63 pickup_dwell=5.00s exit_len=6.551 priority_until_s=0.758 horizon_refresh=IMMEDIATE[0m
=20[0m
[0m[INFO] [1788859953.424005511]: [sim_plan] built plan=376 start=599.60 horizon=15.00 frames=150 commit_frames=20[0m
[0m[INFO] [1788859953.440433238]: [sim_plan] built plan=377 start=601.60 horizon=15.00 frames=150 commit_frames=20[0m
[0m[INFO] [1788859953.460717008]: [sim_plan] built plan=378 start=603.60 horizon=15.00 frames=150 commit_frames=20[0m
[0m[INFO] [1788859953.474575715]: [sim_plan] built plan=379 start=605.60 horizon=15.00 frames=150 commit_frames=20[0m
[0m[INFO] [1788859953.487415271]: [sim_plan] built plan=380 start=607.60 horizon=15.00 frames=150 commit_frames=20[0m
[0m[INFO] [1788859953.498807533]: [sim_plan] built plan=381 start=609.60 horizon=15.00 frames=150 commit_frames=20[0m
[0m[INFO] [1788859953.509771927]: [sim_plan] built plan=382 start=611.60 horizon=15.00 frames=150 commit_frames=20[0m
[0m[INFO] [1788859953.528192828]: [sim_plan] built plan=383 start=613.60 horizon=15.00 frames=150 commit_frames=20[0m
[0m[INFO] [1788859953.546274771]: [sim_plan] built plan=384 start=615.60 horizon=15.00 frames=150 commit_frames=20[0m
[0m[INFO] [1788859953.562997025]: [sim_plan] built plan=385 start=617.60 horizon=15.00 frames=150 commit_frames=20[0m
[0m[INFO] [1788859953.581410158]: [sim_plan] built plan=386 start=617.90 horizon=15.00 frames=150 commit_frames=20[0m
[0m[INFO] [1788859953.602441660]: [sim_plan] built plan=387 start=619.90 horizon=15.00 frames=150 commit_frames=20[0m
[0m[INFO] [1788859953.626491157]: [sim_plan] built plan=388 start=621.90 horizon=15.00 frames=150 commit_frames=20[0m
[0m[INFO] [1788859953.627930157]: [multi_patrol][A1] V0 activate prepared dropoff: A1 -> B34 len=4.275 priority_until_s=0.758[0m
[0m[INFO] [1788859953.650173802]: [sim_plan] built plan=389 start=622.80 horizon=15.00 frames=150 commit_frames=20[0m
[0m[INFO] [1788859953.675079275]: [sim_plan] built plan=390 start=624.80 horizon=15.00 frames=150 commit_frames=20[0m
[0m[INFO] [1788859953.690192364]: [sim_plan] built plan=391 start=626.80 horizon=15.00 frames=150 commit_frames=20[0m
[0m[INFO] [1788859953.691418716]: [multi_patrol][A1 EXIT PRIORITY RELEASE] V0 s=0.771 threshold=0.758[0m
[0m[INFO] [1788859953.702973171]: [sim_plan] built plan=392 start=628.80 horizon=15.00 frames=150 commit_frames=20[0m
[0m[INFO] [1788859953.713252937]: [sim_plan] built plan=393 start=630.80 horizon=15.00 frames=150 commit_frames=20[0m
[0m[INFO] [1788859953.723228166]: [sim_plan] built plan=394 start=632.80 horizon=15.00 frames=150 commit_frames=20[0m
[0m[INFO] [1788859953.731701921]: [sim_plan] built plan=395 start=634.80 horizon=15.00 frames=150 commit_frames=20[0m
[0m[INFO] [1788859953.738244904]: [sim_plan] built plan=396 start=636.80 horizon=15.00 frames=150 commit_frames=20[0m
[0m[INFO] [1788859953.744396382]: [sim_plan] built plan=397 start=638.80 horizon=15.00 frames=150 commit_frames=20[0m
[0m[INFO] [1788859953.756175709]: [sim_plan] built plan=398 start=640.80 horizon=15.00 frames=150 commit_frames=20[0m
[0m[INFO] [1788859953.763697096]: [sim_plan] built plan=399 start=642.80 horizon=15.00 frames=150 commit_frames=20[0m
[0m[INFO] [1788859953.765032835]: [multi_patrol][A1] V1 activate prepared dropoff: A1 -> B7 len=2.116 priority_until_s=0.756[0m
[0m[INFO] [1788859953.771695258]: [sim_plan] built plan=400 start=643.70 horizon=15.00 frames=150 commit_frames=20[0m
[0m[INFO] [1788859953.779159520]: [sim_plan] built plan=401 start=645.70 horizon=15.00 frames=150 commit_frames=20[0m
[0m[INFO] [1788859953.782621021]: [sim_plan] built plan=402 start=647.70 horizon=15.00 frames=150 commit_frames=20[0m
[0m[INFO] [1788859953.783333149]: [multi_patrol][A1 EXIT PRIORITY RELEASE] V1 s=0.768 threshold=0.756[0m
[0m[INFO] [1788859953.784580568]: [sim_plan] built plan=403 start=649.70 horizon=15.00 frames=150 commit_frames=20[0m
[0m[INFO] [1788859953.785841920]: [sim_plan] built plan=404 start=651.70 horizon=15.00 frames=150 commit_frames=20[0m
[0m[INFO] [1788859953.786347552]: [multi_patrol][A1] V0 pickup leg: B34 -> A1  wpts=284 len=3.088[0m
[0m[INFO] [1788859953.7934301[33m[WARN] [1788859953.817564233]: [SLOT_DEPARTURE] time=11min1.7s vehicle=V1 owner=V0 result=HOLD reason=a1_stop_s_before_slot_clear candidate_path_gen=19 slot_departure_clear_s=0.346 vehicle_mode=DWELL vehicle_speed=0.000 vehicle_path_s=2.116 blocker=V0 a1_prefix_conflict=1 ordinary_road_conflict=0 owner_phase=TO_A1 owner_path_gen=15 geometry=pending_preview protected_zones=2 actual_occupancy_priority=0 spatial_stop_launch_infeasible=1 waiter_stop_s=0.275[0m
[33m[WARN] [1788859953.874530763]: [SLOT_DEPARTURE] time=11min3.9s vehicle=V1 owner=V0 result=HOLD reason=ordinary_immediate_conflict candidate_path_gen=19 slot_departure_clear_s=0.346 vehicle_mode=DWELL vehicle_speed=0.000 vehicle_path_s=2.116 blocker=V0 a1_prefix_conflict=1 ordinary_road_conflict=1 first_t=2.500 candidate_s=0.345 interaction=OPPOSING owner_phase=TO_A1 owner_path_gen=15 geometry=pending_preview protected_zones=2 actual_occupancy_priority=0 spatial_stop_launch_infeasible=1 waiter_stop_s=0.275[0m
[33m[WARN] [1788859953.884356586]: [SLOT_DEPARTURE] time=11min4.3s vehicle=V1 owner=V0 result=HOLD reason=a1_stop_s_before_slot_clear candidate_path_gen=19 slot_departure_clear_s=0.346 vehicle_mode=DWELL vehicle_speed=0.000 vehicle_path_s=2.116 blocker=V0 a1_prefix_conflict=1 ordinary_road_conflict=0 owner_phase=TO_A1 owner_path_gen=15 geometry=pending_preview protected_zones=2 actual_occupancy_priority=0 spatial_stop_launch_infeasible=1 waiter_stop_s=0.275[0m
[33m[WARN] [1788859954.116565007]: [multi_patrol][A1 EXIT HORIZON] V0 target=B63 dwell_part=4.90s departure_window=10.10s total_horizon=15.00s[0m
[33m[WARN] [1788859954.167022256]: [multi_patrol][A1 EXIT HORIZON] V0 target=B63 dwell_part=2.90s departure_window=12.10s total_horizon=15.00s[0m
[33m[WARN] [1788859954.217589208]: [multi_patrol][A1 EXIT HORIZON] V0 target=B63 dwell_part=0.90s departure_window=14.10s total_horizon=15.00s[0m
[33m[WARN] [1788859954.377678475]: [SLOT_DEPARTURE] time=11min23.8s vehicle=V1 owner=V0 result=ALLOW reason=slot_departure_clear_after_retry candidate_path_gen=19 slot_departure_clear_s=0.346 vehicle_mode=ACTIVE vehicle_speed=0.000 vehicle_path_s=0.000 blocker=none a1_prefix_conflict=0 ordinary_road_conflict=0 owner_phase=TO_B owner_path_gen=16 geometry=actual_to_b protected_zones=0 actual_occupancy_priority=0 spatial_stop_launch_infeasible=0[0m
[33m[WARN] [1788859954.378025266]: [multi_patrol][A1 EXIT PREPARED] V1 target=B58 pickup_dwell=5.00s exit_len=6.957 priority_until_s=0.758 horizon_refresh=IMMEDIATE[0m
[33m[WARN] [1788859954.516463232]: [multi_patrol][A1 EXIT HORIZON] V1 target=B58 dwell_part=4.90s departure_window=10.10s total_horizon=15.00s[0m
[33m[WARN] [1788859954.527148412]: [multi_patrol][A1 EXIT HORIZON] V1 target=B58 dwell_part=2.90s departure_window=12.10s total_horizon=15.00s[0m
[33m[WARN] [1788859954.541333366]: [multi_patrol][A1 EXIT HORIZON] V1 target=B58 dwell_part=0.90s departure_window=14.10s total_horizon=15.00s[0m
42]: [sim_plan] built plan=405 start=653.50 horizon=15.00 frames=150 commit_frames=20[0m
[0m[INFO] [1788859953.799953448]: [sim_plan] built plan=406 start=655.50 horizon=15.00 frames=150 commit_frames=20[0m
[0m[INFO] [1788859953.804161552]: [sim_plan] built plan=407 start=657.50 horizon=15.00 frames=150 commit_frames=20[0m
[0m[INFO] [1788859953.811137534]: [sim_plan] built plan=408 start=659.50 horizon=15.00 frames=150 commit_frames=20[0m
[0m[INFO] [1788859953.814883662]: [sim_plan] built plan=409 start=661.50 horizon=15.00 frames=150 commit_frames=20[0m
[0m[INFO] [1788859953.864450659]: [sim_plan] built plan=410 start=663.50 horizon=15.00 frames=150 commit_frames=20[0m
[0m[INFO] [1788859953.916477908]: [sim_plan] built plan=411 start=665.50 horizon=15.00 frames=150 commit_frames=20[0m
[0m[INFO] [1788859953.968220755]: [sim_plan] built plan=412 start=667.50 horizon=15.00 frames=150 commit_frames=20[0m
[0m[INFO] [1788859954.019610116]: [sim_plan] built plan=413 start=669.50 horizon=15.00 frames=150 commit_frames=20[0m
[0m[INFO] [1788859954.069177122]: [sim_plan] built plan=414 start=671.50 horizon=15.00 frames=150 commit_frames=20[0m
[0m[INFO] [1788859954.116514183]: [sim_plan] built plan=415 start=673.40 horizon=15.00 frames=150 commit_frames=20[0m
[0m[INFO] [1788859954.166974600]: [sim_plan] built plan=416 start=675.40 horizon=15.00 frames=150 commit_frames=20[0m
[0m[INFO] [1788859954.217541763]: [sim_plan] built plan=417 start=677.40 horizon=15.00 frames=150 commit_frames=20[0m
[0m[INFO] [1788859954.236217583]: [multi_patrol][A1] V0 activate prepared dropoff: A1 -> B63 len=6.551 priority_until_s=0.758[0m
[0m[INFO] [1788859954.242139063]: [sim_plan] built plan=418 start=678.30 horizon=15.00 frames=150 commit_frames=20[0m
[0m[INFO] [1788859954.294377061]: [sim_plan] built plan=419 start=680.30 horizon=15.00 frames=150 commit_frames=20[0m
[0m[INFO] [1788859954.345004058]: [sim_plan] built plan=420 start=682.30 horizon=15.00 frames=150 commit_frames=20[0m
[0m[INFO] [1788859954.377421449]: [multi_patrol][A1 EXIT PRIORITY RELEASE] V0 s=0.771 threshold=0.758[0m
[0m[INFO] [1788859954.377646312]: [multi_patrol][A1] V1 pickup leg: B7 -> A1  wpts=162 len=2.116[0m
[0m[INFO] [1788859954.399527196]: [sim_plan] built plan=421 start=683.80 horizon=15.00 frames=150 commit_frames=20[0m
[0m[INFO] [1788859954.421023375]: [sim_plan] built plan=422 start=685.80 horizon=15.00 frames=150 commit_frames=20[0m
[0m[INFO] [1788859954.435737232]: [sim_plan] built plan=423 start=687.80 horizon=15.00 frames=150 commit_frames=20[0m
[0m[INFO] [1788859954.448961785]: [sim_plan] built plan=424 start=689.80 horizon=15.00 frames=150 commit_frames=20[0m
[0m[INFO] [1788859954.460569047]: [sim_plan] built plan=425 start=691.80 horizon=15.00 frames=150 commit_frames=20[0m
[0m[INFO] [1788859954.471848419]: [sim_plan] built plan=426 start=693.80 horizon=15.00 frames=150 commit_frames=20[0m
[0m[INFO] [1788859954.482928754]: [sim_plan] built plan=427 start=695.80 horizon=15.00 frames=150 commit_frames=20[0m
[0m[INFO] [1788859954.491179964]: [sim_plan] built plan=428 start=697.80 horizon=15.00 frames=150 commit_frames=20[0m
[0m[INFO] [1788859954.499272969]: [sim_plan] built plan=429 start=699.80 horizon=15.00 frames=150 commit_frames=20[0m
[0m[INFO] [1788859954.507794587]: [sim_plan] built plan=430 start=701.80 horizon=15.00 frames=150 commit_frames=20[0m
[0m[INFO] [1788859954.516425835]: [sim_plan] built plan=431 start=702.00 horizon=15.00 frames=150 commit_frames=20[0m
[0m[INFO] [1788859954.527104411]: [sim_plan] built plan=432 start=704.00 horizon=15.00 frames=150 commit_frames=20[0m
[0m[INFO] [1788859954.541271878]: [sim_plan] built plan=433 start=706.00 horizon=15.00 frames=150 commit_frames=20[0m
[0m[INFO] [1788859954.542438974]: [multi_patrol][A1] V1 activate prepared dropoff: A1 -> B58 len=6.957 priority_until_s=0.758[0m
[0m[INFO] [1788859954.553444477]: [sim_plan] built plan=434 start=706.90 horizon=15.00 frames=150 commit_frames=20[0m
[0m[INFO] [1788859954.571955569]: [sim_plan] built pla[33m[WARN] [1788859954.606148671]: [SLOT_DEPARTURE] time=12min2.5s vehicle=V0 owner=none result=ALLOW reason=no_service_owner candidate_path_gen=17 slot_departure_clear_s=0.346 vehicle_mode=ACTIVE vehicle_speed=0.000 vehicle_path_s=0.000 blocker=none a1_prefix_conflict=0 ordinary_road_conflict=0[0m
[33m[WARN] [1788859954.606595253]: [multi_patrol][A1 EXIT PREPARED] V0 target=B52 pickup_dwell=5.00s exit_len=5.439 priority_until_s=0.758 horizon_refresh=IMMEDIATE[0m
[33m[WARN] [1788859954.816250865]: [SLOT_DEPARTURE] time=12min33.1s vehicle=V1 owner=V0 result=ALLOW reason=slot_departure_clear candidate_path_gen=21 slot_departure_clear_s=0.346 vehicle_mode=ACTIVE vehicle_speed=0.000 vehicle_path_s=0.000 blocker=none a1_prefix_conflict=0 ordinary_road_conflict=0 owner_phase=TO_A1 owner_path_gen=17 geometry=pending_preview protected_zones=0 actual_occupancy_priority=0 spatial_stop_launch_infeasible=0 waiter_stop_s=5.475[0m
[33m[WARN] [1788859954.816734592]: [multi_patrol][A1 EXIT PREPARED] V1 target=B27 pickup_dwell=5.00s exit_len=7.516 priority_until_s=0.758 horizon_refresh=IMMEDIATE[0m
[33m[WARN] [1788859954.883084409]: [multi_patrol][A1 EXIT HORIZON] V0 target=B52 dwell_part=4.90s departure_window=10.10s total_horizon=15.00s[0m
[33m[WARN] [1788859954.898846748]: [multi_patrol][A1 EXIT HORIZON] V0 target=B52 dwell_part=2.90s departure_window=12.10s total_horizon=15.00s[0m
[33m[WARN] [1788859954.917685410]: [multi_patrol][A1 EXIT HORIZON] V0 target=B52 dwell_part=0.90s departure_window=14.10s total_horizon=15.00s[0m
n=435 start=708.90 horizon=15.00 frames=150 commit_frames=20[0m
[0m[INFO] [1788859954.581356012]: [sim_plan] built plan=436 start=710.90 horizon=15.00 frames=150 commit_frames=20[0m
[0m[INFO] [1788859954.582354444]: [multi_patrol][A1 EXIT PRIORITY RELEASE] V1 s=0.771 threshold=0.758[0m
[0m[INFO] [1788859954.588808778]: [sim_plan] built plan=437 start=712.90 horizon=15.00 frames=150 commit_frames=20[0m
[0m[INFO] [1788859954.594904573]: [sim_plan] built plan=438 start=714.90 horizon=15.00 frames=150 commit_frames=20[0m
[0m[INFO] [1788859954.599100692]: [sim_plan] built plan=439 start=716.90 horizon=15.00 frames=150 commit_frames=20[0m
[0m[INFO] [1788859954.602501123]: [sim_plan] built plan=440 start=718.90 horizon=15.00 frames=150 commit_frames=20[0m
[0m[INFO] [1788859954.602784488]: [batch] 7200/72000 ticks (sim_t=720s) hard_guard=0[0m
[0m[INFO] [1788859954.605436285]: [sim_plan] built plan=441 start=720.90 horizon=15.00 frames=150 commit_frames=20[0m
[0m[INFO] [1788859954.606095706]: [multi_patrol][A1] V0 pickup leg: B63 -> A1  wpts=523 len=6.245[0m
[0m[INFO] [1788859954.621504253]: [sim_plan] built plan=442 start=722.50 horizon=15.00 frames=150 commit_frames=20[0m
[0m[INFO] [1788859954.643729052]: [sim_plan] built plan=443 start=724.50 horizon=15.00 frames=150 commit_frames=20[0m
[0m[INFO] [1788859954.658032296]: [sim_plan] built plan=444 start=726.50 horizon=15.00 frames=150 commit_frames=20[0m
[0m[INFO] [1788859954.674467279]: [sim_plan] built plan=445 start=728.50 horizon=15.00 frames=150 commit_frames=20[0m
[0m[INFO] [1788859954.691972337]: [sim_plan] built plan=446 start=730.50 horizon=15.00 frames=150 commit_frames=20[0m
[0m[INFO] [1788859954.708886371]: [sim_plan] built plan=447 start=732.50 horizon=15.00 frames=150 commit_frames=20[0m
[0m[INFO] [1788859954.727896904]: [sim_plan] built plan=448 start=734.50 horizon=15.00 frames=150 commit_frames=20[0m
[0m[INFO] [1788859954.742163853]: [sim_plan] built plan=449 start=736.50 horizon=15.00 frames=150 commit_frames=20[0m
[0m[INFO] [1788859954.753542127]: [sim_plan] built plan=450 start=738.50 horizon=15.00 frames=150 commit_frames=20[0m
[0m[INFO] [1788859954.764032576]: [sim_plan] built plan=451 start=740.50 horizon=15.00 frames=150 commit_frames=20[0m
[0m[INFO] [1788859954.772675369]: [sim_plan] built plan=452 start=742.50 horizon=15.00 frames=150 commit_frames=20[0m
[0m[INFO] [1788859954.779547680]: [sim_plan] built plan=453 start=744.50 horizon=15.00 frames=150 commit_frames=20[0m
[0m[INFO] [1788859954.791865084]: [sim_plan] built plan=454 start=746.50 horizon=15.00 frames=150 commit_frames=20[0m
[0m[INFO] [1788859954.799360582]: [sim_plan] built plan=455 start=748.50 horizon=15.00 frames=150 commit_frames=20[0m
[0m[INFO] [1788859954.805499478]: [sim_plan] built plan=456 start=750.50 horizon=15.00 frames=150 commit_frames=20[0m
[0m[INFO] [1788859954.809925339]: [sim_plan] built plan=457 start=752.50 horizon=15.00 frames=150 commit_frames=20[0m
[0m[INFO] [1788859954.816208490]: [multi_patrol][A1] V1 pickup leg: B58 -> A1  wpts=605 len=6.506[0m
[0m[INFO] [1788859954.829603693]: [sim_plan] built plan=458 start=753.10 horizon=15.00 frames=150 commit_frames=20[0m
[0m[INFO] [1788859954.849830292]: [sim_plan] built plan=459 start=755.10 horizon=15.00 frames=150 commit_frames=20[0m
[0m[INFO] [1788859954.862493486]: [sim_plan] built plan=460 start=757.10 horizon=15.00 frames=150 commit_frames=20[0m
[0m[INFO] [1788859954.872933606]: [sim_plan] built plan=461 start=759.10 horizon=15.00 frames=150 commit_frames=20[0m
[0m[INFO] [1788859954.883044936]: [sim_plan] built plan=462 start=760.80 horizon=15.00 frames=150 commit_frames=20[0m
[0m[INFO] [1788859954.898806035]: [sim_plan] built plan=463 start=762.80 horizon=15.00 frames=150 commit_frames=20[0m
[0m[INFO] [1788859954.917644927]: [sim_plan] built plan=464 start=764.80 horizon=15.00 frames=150 commit_frames=20[0m
[0m[INFO] [1788859954.918896498]: [multi_patrol][A1] V0 activate prepared dropoff: A1 -> B52 len=5.439 priority_until_s=0.758[0m
[0m[INFO] [17888[33m[WARN] [1788859955.148047472]: [multi_patrol][A1 EXIT HORIZON] V1 target=B27 dwell_part=4.90s departure_window=10.10s total_horizon=15.00s[0m
[33m[WARN] [1788859955.155427864]: [multi_patrol][A1 EXIT HORIZON] V1 target=B27 dwell_part=2.90s departure_window=12.10s total_horizon=15.00s[0m
[33m[WARN] [1788859955.162108530]: [multi_patrol][A1 EXIT HORIZON] V1 target=B27 dwell_part=0.90s departure_window=14.10s total_horizon=15.00s[0m
[33m[WARN] [1788859955.191400436]: [SLOT_DEPARTURE] time=13min23.9s vehicle=V0 owner=none result=ALLOW reason=no_service_owner candidate_path_gen=19 slot_departure_clear_s=0.327 vehicle_mode=ACTIVE vehicle_speed=0.000 vehicle_path_s=0.000 blocker=none a1_prefix_conflict=0 ordinary_road_conflict=0[0m
[33m[WARN] [1788859955.191797492]: [multi_patrol][A1 EXIT PREPARED] V0 target=B32 pickup_dwell=5.00s exit_len=4.055 priority_until_s=0.758 horizon_refresh=IMMEDIATE[0m
59954.936815217]: [sim_plan] built plan=465 start=765.70 horizon=15.00 frames=150 commit_frames=20[0m
[0m[INFO] [1788859954.962979058]: [sim_plan] built plan=466 start=767.70 horizon=15.00 frames=150 commit_frames=20[0m
[0m[INFO] [1788859954.987078828]: [sim_plan] built plan=467 start=769.70 horizon=15.00 frames=150 commit_frames=20[0m
[0m[INFO] [1788859954.988383778]: [multi_patrol][A1 EXIT PRIORITY RELEASE] V0 s=0.771 threshold=0.758[0m
[0m[INFO] [1788859955.009503143]: [sim_plan] built plan=468 start=771.70 horizon=15.00 frames=150 commit_frames=20[0m
[0m[INFO] [1788859955.032501137]: [sim_plan] built plan=469 start=773.70 horizon=15.00 frames=150 commit_frames=20[0m
[0m[INFO] [1788859955.051711458]: [sim_plan] built plan=470 start=775.70 horizon=15.00 frames=150 commit_frames=20[0m
[0m[INFO] [1788859955.069514962]: [sim_plan] built plan=471 start=777.70 horizon=15.00 frames=150 commit_frames=20[0m
[0m[INFO] [1788859955.087117427]: [sim_plan] built plan=472 start=779.70 horizon=15.00 frames=150 commit_frames=20[0m
[0m[INFO] [1788859955.101649345]: [sim_plan] built plan=473 start=781.70 horizon=15.00 frames=150 commit_frames=20[0m
[0m[INFO] [1788859955.114340119]: [sim_plan] built plan=474 start=783.70 horizon=15.00 frames=150 commit_frames=20[0m
[0m[INFO] [1788859955.125133727]: [sim_plan] built plan=475 start=785.70 horizon=15.00 frames=150 commit_frames=20[0m
[0m[INFO] [1788859955.132633597]: [sim_plan] built plan=476 start=787.70 horizon=15.00 frames=150 commit_frames=20[0m
[0m[INFO] [1788859955.138694793]: [sim_plan] built plan=477 start=789.70 horizon=15.00 frames=150 commit_frames=20[0m
[0m[INFO] [1788859955.143382933]: [sim_plan] built plan=478 start=791.70 horizon=15.00 frames=150 commit_frames=20[0m
[0m[INFO] [1788859955.148001937]: [sim_plan] built plan=479 start=791.90 horizon=15.00 frames=150 commit_frames=20[0m
[0m[INFO] [1788859955.155378950]: [sim_plan] built plan=480 start=793.90 horizon=15.00 frames=150 commit_frames=20[0m
[0m[INFO] [1788859955.162071234]: [sim_plan] built plan=481 start=795.90 horizon=15.00 frames=150 commit_frames=20[0m
[0m[INFO] [1788859955.163363795]: [multi_patrol][A1] V1 activate prepared dropoff: A1 -> B27 len=7.516 priority_until_s=0.758[0m
[0m[INFO] [1788859955.168912007]: [sim_plan] built plan=482 start=796.80 horizon=15.00 frames=150 commit_frames=20[0m
[0m[INFO] [1788859955.181183096]: [sim_plan] built plan=483 start=798.80 horizon=15.00 frames=150 commit_frames=20[0m
[0m[INFO] [1788859955.186343178]: [sim_plan] built plan=484 start=800.80 horizon=15.00 frames=150 commit_frames=20[0m
[0m[INFO] [1788859955.187612879]: [multi_patrol][A1 EXIT PRIORITY RELEASE] V1 s=0.771 threshold=0.758[0m
[0m[INFO] [1788859955.190813535]: [sim_plan] built plan=485 start=802.80 horizon=15.00 frames=150 commit_frames=20[0m
[0m[INFO] [1788859955.191361569]: [multi_patrol][A1] V0 pickup leg: B52 -> A1  wpts=427 len=5.304[0m
[0m[INFO] [1788859955.208206924]: [sim_plan] built plan=486 start=803.90 horizon=15.00 frames=150 commit_frames=20[0m
[0m[INFO] [1788859955.238284153]: [sim_plan] built plan=487 start=805.90 horizon=15.00 frames=150 commit_frames=20[0m
[0m[INFO] [1788859955.269368574]: [sim_plan] built plan=488 start=807.90 horizon=15.00 frames=150 commit_frames=20[0m
[0m[INFO] [1788859955.294256606]: [sim_plan] built plan=489 start=809.90 horizon=15.00 frames=150 commit_frames=20[0m
[0m[INFO] [1788859955.316908797]: [sim_plan] built plan=490 start=811.90 horizon=15.00 frames=150 commit_frames=20[0m
[0m[INFO] [1788859955.338292849]: [sim_plan] built plan=491 start=813.90 horizon=15.00 frames=150 commit_frames=20[0m
[0m[INFO] [1788859955.356981020]: [sim_plan] built plan=492 start=815.90 horizon=15.00 frames=150 commit_frames=20[0m
[0m[INFO] [1788859955.374398150]: [sim_plan] built plan=493 start=817.90 horizon=15.00 frames=150 commit_frames=20[0m
[0m[INFO] [1788859955.392774044]: [sim_plan] built plan=494 start=819.90 horizon=15.00 frames=150 commit_frames=20[0m
[0m[INFO] [1788859955.411414595]: [sim_plan] built plan=495 star[33m[WARN] [1788859955.539551471]: [SLOT_DEPARTURE] time=14min7.7s vehicle=V1 owner=V0 result=ALLOW reason=slot_departure_clear candidate_path_gen=23 slot_departure_clear_s=0.327 vehicle_mode=ACTIVE vehicle_speed=0.000 vehicle_path_s=0.000 blocker=none a1_prefix_conflict=0 ordinary_road_conflict=0 owner_phase=TO_A1 owner_path_gen=19 geometry=pending_preview protected_zones=0 actual_occupancy_priority=0 spatial_stop_launch_infeasible=0 waiter_stop_s=2.675[0m
[33m[WARN] [1788859955.539931685]: [multi_patrol][A1 EXIT PREPARED] V1 target=B9 pickup_dwell=5.00s exit_len=2.555 priority_until_s=0.756 horizon_refresh=IMMEDIATE[0m
[33m[WARN] [1788859955.578271861]: [multi_patrol][A1 EXIT HORIZON] V0 target=B32 dwell_part=4.90s departure_window=10.10s total_horizon=15.00s[0m
[33m[WARN] [1788859955.593418746]: [multi_patrol][A1 EXIT HORIZON] V0 target=B32 dwell_part=2.90s departure_window=12.10s total_horizon=15.00s[0m
[33m[WARN] [1788859955.634813993]: [multi_patrol][A1 EXIT HORIZON] V0 target=B32 dwell_part=0.90s departure_window=14.10s total_horizon=15.00s[0m
t=821.90 horizon=15.00 frames=150 commit_frames=20[0m
[0m[INFO] [1788859955.428716602]: [sim_plan] built plan=496 start=823.90 horizon=15.00 frames=150 commit_frames=20[0m
[0m[INFO] [1788859955.443851548]: [sim_plan] built plan=497 start=825.90 horizon=15.00 frames=150 commit_frames=20[0m
[0m[INFO] [1788859955.457966877]: [sim_plan] built plan=498 start=827.90 horizon=15.00 frames=150 commit_frames=20[0m
[0m[INFO] [1788859955.471791418]: [sim_plan] built plan=499 start=829.90 horizon=15.00 frames=150 commit_frames=20[0m
[0m[INFO] [1788859955.484250744]: [sim_plan] built plan=500 start=831.90 horizon=15.00 frames=150 commit_frames=20[0m
[0m[INFO] [1788859955.494657323]: [sim_plan] built plan=501 start=833.90 horizon=15.00 frames=150 commit_frames=20[0m
[0m[INFO] [1788859955.508392953]: [sim_plan] built plan=502 start=835.90 horizon=15.00 frames=150 commit_frames=20[0m
[0m[INFO] [1788859955.516070948]: [sim_plan] built plan=503 start=837.90 horizon=15.00 frames=150 commit_frames=20[0m
[0m[INFO] [1788859955.523204299]: [sim_plan] built plan=504 start=839.90 horizon=15.00 frames=150 commit_frames=20[0m
[0m[INFO] [1788859955.527813367]: [sim_plan] built plan=505 start=841.90 horizon=15.00 frames=150 commit_frames=20[0m
[0m[INFO] [1788859955.531479224]: [sim_plan] built plan=506 start=843.90 horizon=15.00 frames=150 commit_frames=20[0m
[0m[INFO] [1788859955.534911796]: [sim_plan] built plan=507 start=845.90 horizon=15.00 frames=150 commit_frames=20[0m
[0m[INFO] [1788859955.539511622]: [multi_patrol][A1] V1 pickup leg: B27 -> A1  wpts=469 len=5.444[0m
[0m[INFO] [1788859955.549741591]: [sim_plan] built plan=508 start=847.70 horizon=15.00 frames=150 commit_frames=20[0m
[0m[INFO] [1788859955.567049083]: [sim_plan] built plan=509 start=849.70 horizon=15.00 frames=150 commit_frames=20[0m
[0m[INFO] [1788859955.578218832]: [sim_plan] built plan=510 start=850.70 horizon=15.00 frames=150 commit_frames=20[0m
[0m[INFO] [1788859955.593364734]: [sim_plan] built plan=511 start=852.70 horizon=15.00 frames=150 commit_frames=20[0m
[0m[INFO] [1788859955.634759568]: [sim_plan] built plan=512 start=854.70 horizon=15.00 frames=150 commit_frames=20[0m
[0m[INFO] [1788859955.636107040]: [multi_patrol][A1] V0 activate prepared dropoff: A1 -> B32 len=4.055 priority_until_s=0.758[0m
[0m[INFO] [1788859955.678086251]: [sim_plan] built plan=513 start=855.60 horizon=15.00 frames=150 commit_frames=20[0m
[0m[INFO] [1788859955.729266166]: [sim_plan] built plan=514 start=857.60 horizon=15.00 frames=150 commit_frames=20[0m
[0m[INFO] [1788859955.776483723]: [sim_plan] built plan=515 start=859.60 horizon=15.00 frames=150 commit_frames=20[0m
[0m[INFO] [1788859955.777637439]: [multi_patrol][A1 EXIT PRIORITY RELEASE] V0 s=0.771 threshold=0.758[0m
[0m[INFO] [1788859955.819390368]: [sim_plan] built plan=516 start=861.60 horizon=15.00 frames=150 commit_frames=20[0m
[0m[INFO] [1788859955.856484256]: [sim_plan] built plan=517 start=863.60 horizon=15.00 frames=150 commit_frames=20[0m
[0m[INFO] [1788859955.891706919]: [sim_plan] built plan=518 start=865.60 horizon=15.00 frames=150 commit_frames=20[0m
[0m[INFO] [1788859955.921522226]: [sim_plan] built plan=519 start=867.60 horizon=15.00 frames=150 commit_frames=20[0m
[0m[INFO] [1788859955.944271074]: [sim_plan] built plan=520 start=869.60 horizon=15.00 frames=150 commit_frames=20[0m
[0m[INFO] [1788859955.962377136]: [sim_plan] built plan=521 start=871.60 horizon=15.00 frames=150 commit_frames=20[0m
[0m[INFO] [1788859955.976026005]: [sim_plan] built plan=522 start=873.60 horizon=15.00 frames=150 commit_frames=20[0m
[0m[INFO] [1788859955.986241886]: [sim_plan] built plan=523 start=875.60 horizon=15.00 frames=150 commit_frames=20[0m
[0m[INFO] [1788859955.993372838]: [sim_plan] built plan=524 start=877.60 horizon=15.00 frames=150 commit_frames=20[0m
[0m[INFO] [1788859956.000807667]: [sim_plan] built plan=525 start=879.60 horizon=15.00 frames=150 commit_frames=20[0m
[0m[INFO] [1788859956.005749985]: [sim_plan] built plan=526 start=881.60 horizon=15.00 frames=150 c[33m[WARN] [1788859956.012356233]: [SLOT_DEPARTURE] time=14min45.2s vehicle=V0 owner=V1 result=ALLOW reason=slot_departure_clear candidate_path_gen=21 slot_departure_clear_s=0.327 vehicle_mode=ACTIVE vehicle_speed=0.000 vehicle_path_s=0.000 blocker=none a1_prefix_conflict=0 ordinary_road_conflict=0 owner_phase=TO_A1 owner_path_gen=23 geometry=pending_preview protected_zones=0 actual_occupancy_priority=0 spatial_stop_launch_infeasible=0 waiter_stop_s=1.825[0m
[33m[WARN] [1788859956.012793644]: [multi_patrol][A1 EXIT PREPARED] V0 target=B54 pickup_dwell=5.00s exit_len=5.654 priority_until_s=0.758 horizon_refresh=IMMEDIATE[0m
[33m[WARN] [1788859956.135161848]: [multi_patrol][A1 EXIT HORIZON] V1 target=B9 dwell_part=4.90s departure_window=10.10s total_horizon=15.00s[0m
[33m[WARN] [1788859956.173186501]: [multi_patrol][A1 EXIT HORIZON] V1 target=B9 dwell_part=2.90s departure_window=12.10s total_horizon=15.00s[0m
[33m[WARN] [1788859956.211549793]: [multi_patrol][A1 EXIT HORIZON] V1 target=B9 dwell_part=0.90s departure_window=14.10s total_horizon=15.00s[0m
[33m[WARN] [1788859956.378416463]: [SLOT_DEPARTURE] time=15min19.2s vehicle=V1 owner=V0 result=ALLOW reason=slot_departure_clear candidate_path_gen=25 slot_departure_clear_s=0.346 vehicle_mode=ACTIVE vehicle_speed=0.000 vehicle_path_s=0.000 blocker=none a1_prefix_conflict=0 ordinary_road_conflict=0 owner_phase=TO_A1 owner_path_gen=21 geometry=pending_preview protected_zones=0 actual_occupancy_priority=0 spatial_stop_launch_infeasible=0 waiter_stop_s=0.475[0m
[33m[WARN] [1788859956.378874319]: [multi_patrol][A1 EXIT PREPARED] V1 target=B28 pickup_dwell=5.00s exit_len=3.444 priority_until_s=0.758 horizon_refresh=IMMEDIATE[0m
[33m[WARN] [1788859956.426455677]: [multi_patrol][A1 EXIT HORIZON] V0 target=B54 dwell_part=4.90s departure_window=10.10s total_horizon=15.00s[0m
[33m[WARN] [1788859956.460065622]: [multi_patrol][A1 EXIT HORIZON] V0 target=B54 dwell_part=2.90s departure_window=12.10s total_horizon=15.00s[0m
[33m[WARN] [1788859956.494080044]: [multi_patrol][A1 EXIT HORIZON] V0 target=B54 dwell_part=0.90s departure_window=14.10s total_horizon=15.00s[0m
ommit_frames=20[0m
[0m[INFO] [1788859956.010094623]: [sim_plan] built plan=527 start=883.60 horizon=15.00 frames=150 commit_frames=20[0m
[0m[INFO] [1788859956.012312195]: [multi_patrol][A1] V0 pickup leg: B32 -> A1  wpts=286 len=3.302[0m
[0m[INFO] [1788859956.026669653]: [sim_plan] built plan=528 start=885.20 horizon=15.00 frames=150 commit_frames=20[0m
[0m[INFO] [1788859956.042161032]: [sim_plan] built plan=529 start=887.20 horizon=15.00 frames=150 commit_frames=20[0m
[0m[INFO] [1788859956.052978087]: [sim_plan] built plan=530 start=889.20 horizon=15.00 frames=150 commit_frames=20[0m
[0m[INFO] [1788859956.077523093]: [sim_plan] built plan=531 start=891.20 horizon=15.00 frames=150 commit_frames=20[0m
[0m[INFO] [1788859956.105122894]: [sim_plan] built plan=532 start=893.20 horizon=15.00 frames=150 commit_frames=20[0m
[0m[INFO] [1788859956.135116653]: [sim_plan] built plan=533 start=894.10 horizon=15.00 frames=150 commit_frames=20[0m
[0m[INFO] [1788859956.173142086]: [sim_plan] built plan=534 start=896.10 horizon=15.00 frames=150 commit_frames=20[0m
[0m[INFO] [1788859956.211505021]: [sim_plan] built plan=535 start=898.10 horizon=15.00 frames=150 commit_frames=20[0m
[0m[INFO] [1788859956.212673440]: [multi_patrol][A1] V1 activate prepared dropoff: A1 -> B9 len=2.555 priority_until_s=0.756[0m
[0m[INFO] [1788859956.253338522]: [sim_plan] built plan=536 start=899.00 horizon=15.00 frames=150 commit_frames=20[0m
[0m[INFO] [1788859956.287777123]: [sim_plan] built plan=537 start=901.00 horizon=15.00 frames=150 commit_frames=20[0m
[0m[INFO] [1788859956.313144132]: [sim_plan] built plan=538 start=903.00 horizon=15.00 frames=150 commit_frames=20[0m
[0m[INFO] [1788859956.313955290]: [multi_patrol][A1 EXIT PRIORITY RELEASE] V1 s=0.768 threshold=0.756[0m
[0m[INFO] [1788859956.333173319]: [sim_plan] built plan=539 start=905.00 horizon=15.00 frames=150 commit_frames=20[0m
[0m[INFO] [1788859956.345965901]: [sim_plan] built plan=540 start=907.00 horizon=15.00 frames=150 commit_frames=20[0m
[0m[INFO] [1788859956.355530030]: [sim_plan] built plan=541 start=909.00 horizon=15.00 frames=150 commit_frames=20[0m
[0m[INFO] [1788859956.361019023]: [sim_plan] built plan=542 start=911.00 horizon=15.00 frames=150 commit_frames=20[0m
[0m[INFO] [1788859956.367585560]: [sim_plan] built plan=543 start=913.00 horizon=15.00 frames=150 commit_frames=20[0m
[0m[INFO] [1788859956.370347851]: [sim_plan] built plan=544 start=915.00 horizon=15.00 frames=150 commit_frames=20[0m
[0m[INFO] [1788859956.372817085]: [sim_plan] built plan=545 start=917.00 horizon=15.00 frames=150 commit_frames=20[0m
[0m[INFO] [1788859956.375290436]: [sim_plan] built plan=546 start=919.00 horizon=15.00 frames=150 commit_frames=20[0m
[0m[INFO] [1788859956.378370790]: [multi_patrol][A1] V1 pickup leg: B9 -> A1  wpts=298 len=3.034[0m
[0m[INFO] [1788859956.398550991]: [sim_plan] built plan=547 start=919.20 horizon=15.00 frames=150 commit_frames=20[0m
[0m[INFO] [1788859956.426411795]: [sim_plan] built plan=548 start=920.80 horizon=15.00 frames=150 commit_frames=20[0m
[0m[INFO] [1788859956.460020666]: [sim_plan] built plan=549 start=922.80 horizon=15.00 frames=150 commit_frames=20[0m
[0m[INFO] [1788859956.494024572]: [sim_plan] built plan=550 start=924.80 horizon=15.00 frames=150 commit_frames=20[0m
[0m[INFO] [1788859956.495446850]: [multi_patrol][A1] V0 activate prepared dropoff: A1 -> B54 len=5.654 priority_until_s=0.758[0m
[0m[INFO] [1788859956.529869697]: [sim_plan] built plan=551 start=925.70 horizon=15.00 frames=150 commit_frames=20[0m
[0m[INFO] [1788859956.564391062]: [sim_plan] built plan=552 start=927.70 horizon=15.00 frames=150 commit_frames=20[0m
[0m[INFO] [1788859956.589374270]: [sim_plan] built plan=553 start=929.70 horizon=15.00 frames=150 commit_frames=20[0m
[0m[INFO] [1788859956.590810489]: [multi_patrol][A1 EXIT PRIORITY RELEASE] V0 s=0.771 threshold=0.758[0m
[0m[INFO] [1788859956.611281952]: [sim_plan] built plan=554 start=931.70 horizon=15.00 frames=150 commit_frames=20[0m
[0m[INFO] [1788859956.630439284]: [[33m[WARN] [1788859956.727951412]: [multi_patrol][A1 EXIT HORIZON] V1 target=B28 dwell_part=4.90s departure_window=10.10s total_horizon=15.00s[0m
[33m[WARN] [1788859956.733147771]: [multi_patrol][A1 EXIT HORIZON] V1 target=B28 dwell_part=2.90s departure_window=12.10s total_horizon=15.00s[0m
[33m[WARN] [1788859956.739374414]: [multi_patrol][A1 EXIT HORIZON] V1 target=B28 dwell_part=0.90s departure_window=14.10s total_horizon=15.00s[0m
[33m[WARN] [1788859956.763273704]: [SLOT_DEPARTURE] time=16min4.7s vehicle=V0 owner=none result=ALLOW reason=no_service_owner candidate_path_gen=23 slot_departure_clear_s=0.327 vehicle_mode=ACTIVE vehicle_speed=0.000 vehicle_path_s=0.000 blocker=none a1_prefix_conflict=0 ordinary_road_conflict=0[0m
[33m[WARN] [1788859956.763615177]: [multi_patrol][A1 EXIT PREPARED] V0 target=B2 pickup_dwell=5.00s exit_len=2.116 priority_until_s=0.756 horizon_refresh=IMMEDIATE[0m
[33m[WARN] [1788859956.847842671]: [SLOT_DEPARTURE] time=16min23.9s vehicle=V1 owner=none result=ALLOW reason=no_service_owner candidate_path_gen=27 slot_departure_clear_s=0.327 vehicle_mode=ACTIVE vehicle_speed=0.000 vehicle_path_s=0.000 blocker=none a1_prefix_conflict=0 ordinary_road_conflict=0[0m
[33m[WARN] [1788859956.848219265]: [multi_patrol][A1 EXIT PREPARED] V1 target=B38 pickup_dwell=5.00s exit_len=4.713 priority_until_s=0.758 horizon_refresh=IMMEDIATE[0m
sim_plan] built plan=555 start=933.70 horizon=15.00 frames=150 commit_frames=20[0m
[0m[INFO] [1788859956.646942008]: [sim_plan] built plan=556 start=935.70 horizon=15.00 frames=150 commit_frames=20[0m
[0m[INFO] [1788859956.662173405]: [sim_plan] built plan=557 start=937.70 horizon=15.00 frames=150 commit_frames=20[0m
[0m[INFO] [1788859956.674626302]: [sim_plan] built plan=558 start=939.70 horizon=15.00 frames=150 commit_frames=20[0m
[0m[INFO] [1788859956.686914537]: [sim_plan] built plan=559 start=941.70 horizon=15.00 frames=150 commit_frames=20[0m
[0m[INFO] [1788859956.697307655]: [sim_plan] built plan=560 start=943.70 horizon=15.00 frames=150 commit_frames=20[0m
[0m[INFO] [1788859956.706731701]: [sim_plan] built plan=561 start=945.70 horizon=15.00 frames=150 commit_frames=20[0m
[0m[INFO] [1788859956.714149087]: [sim_plan] built plan=562 start=947.70 horizon=15.00 frames=150 commit_frames=20[0m
[0m[INFO] [1788859956.719641661]: [sim_plan] built plan=563 start=949.70 horizon=15.00 frames=150 commit_frames=20[0m
[0m[INFO] [1788859956.723829507]: [sim_plan] built plan=564 start=951.70 horizon=15.00 frames=150 commit_frames=20[0m
[0m[INFO] [1788859956.727919240]: [sim_plan] built plan=565 start=952.40 horizon=15.00 frames=150 commit_frames=20[0m
[0m[INFO] [1788859956.733095744]: [sim_plan] built plan=566 start=954.40 horizon=15.00 frames=150 commit_frames=20[0m
[0m[INFO] [1788859956.739323947]: [sim_plan] built plan=567 start=956.40 horizon=15.00 frames=150 commit_frames=20[0m
[0m[INFO] [1788859956.740693727]: [multi_patrol][A1] V1 activate prepared dropoff: A1 -> B28 len=3.444 priority_until_s=0.758[0m
[0m[INFO] [1788859956.746270180]: [sim_plan] built plan=568 start=957.30 horizon=15.00 frames=150 commit_frames=20[0m
[0m[INFO] [1788859956.753882370]: [sim_plan] built plan=569 start=959.30 horizon=15.00 frames=150 commit_frames=20[0m
[0m[INFO] [1788859956.757898842]: [sim_plan] built plan=570 start=961.30 horizon=15.00 frames=150 commit_frames=20[0m
[0m[INFO] [1788859956.758888244]: [multi_patrol][A1 EXIT PRIORITY RELEASE] V1 s=0.771 threshold=0.758[0m
[0m[INFO] [1788859956.762743699]: [sim_plan] built plan=571 start=963.30 horizon=15.00 frames=150 commit_frames=20[0m
[0m[INFO] [1788859956.763240191]: [multi_patrol][A1] V0 pickup leg: B54 -> A1  wpts=451 len=5.542[0m
[0m[INFO] [1788859956.777803629]: [sim_plan] built plan=572 start=964.70 horizon=15.00 frames=150 commit_frames=20[0m
[0m[INFO] [1788859956.794785965]: [sim_plan] built plan=573 start=966.70 horizon=15.00 frames=150 commit_frames=20[0m
[0m[INFO] [1788859956.807506965]: [sim_plan] built plan=574 start=968.70 horizon=15.00 frames=150 commit_frames=20[0m
[0m[INFO] [1788859956.817233149]: [sim_plan] built plan=575 start=970.70 horizon=15.00 frames=150 commit_frames=20[0m
[0m[INFO] [1788859956.825861451]: [sim_plan] built plan=576 start=972.70 horizon=15.00 frames=150 commit_frames=20[0m
[0m[INFO] [1788859956.832542878]: [sim_plan] built plan=577 start=974.70 horizon=15.00 frames=150 commit_frames=20[0m
[0m[INFO] [1788859956.837475499]: [sim_plan] built plan=578 start=976.70 horizon=15.00 frames=150 commit_frames=20[0m
[0m[INFO] [1788859956.840774692]: [sim_plan] built plan=579 start=978.70 horizon=15.00 frames=150 commit_frames=20[0m
[0m[INFO] [1788859956.843836386]: [sim_plan] built plan=580 start=980.70 horizon=15.00 frames=150 commit_frames=20[0m
[0m[INFO] [1788859956.847269023]: [sim_plan] built plan=581 start=982.70 horizon=15.00 frames=150 commit_frames=20[0m
[0m[INFO] [1788859956.847808708]: [multi_patrol][A1] V1 pickup leg: B28 -> A1  wpts=298 len=3.913[0m
[0m[INFO] [1788859956.861966888]: [sim_plan] built plan=582 start=983.90 horizon=15.00 frames=150 commit_frames=20[0m
[0m[INFO] [1788859956.880449805]: [sim_plan] built plan=583 start=985.90 horizon=15.00 frames=150 commit_frames=20[0m
[0m[INFO] [1788859956.892928288]: [sim_plan] built plan=584 start=987.90 horizon=15.00 frames=150 commit_frames=20[0m
[0m[INFO] [1788859956.903930010]: [sim_plan] built plan=585 start=989.90 horizon=15.00 [33m[WARN] [1788859957.023020743]: [multi_patrol][A1 EXIT HORIZON] V0 target=B2 dwell_part=4.90s departure_window=10.10s total_horizon=15.00s[0m
[33m[WARN] [1788859957.054601456]: [multi_patrol][A1 EXIT HORIZON] V0 target=B2 dwell_part=2.90s departure_window=12.10s total_horizon=15.00s[0m
[33m[WARN] [1788859957.087132204]: [multi_patrol][A1 EXIT HORIZON] V0 target=B2 dwell_part=0.90s departure_window=14.10s total_horizon=15.00s[0m
[33m[WARN] [1788859957.209677205]: [SLOT_DEPARTURE] time=17min2.3s vehicle=V0 owner=V1 result=HOLD reason=a1_stop_s_before_slot_clear candidate_path_gen=25 slot_departure_clear_s=0.346 vehicle_mode=DWELL vehicle_speed=0.000 vehicle_path_s=2.116 blocker=V1 a1_prefix_conflict=1 ordinary_road_conflict=0 owner_phase=TO_A1 owner_path_gen=27 geometry=pending_preview protected_zones=2 actual_occupancy_priority=0 spatial_stop_launch_infeasible=1 waiter_stop_s=0.275[0m
[33m[WARN] [1788859957.238904668]: [multi_patrol][A1 EXIT HORIZON] V1 target=B38 dwell_part=4.90s departure_window=10.10s total_horizon=15.00s[0m
[33m[WARN] [1788859957.273834882]: [multi_patrol][A1 EXIT HORIZON] V1 target=B38 dwell_part=2.90s departure_window=12.10s total_horizon=15.00s[0m
[33m[WARN] [1788859957.309325124]: [multi_patrol][A1 EXIT HORIZON] V1 target=B38 dwell_part=0.90s departure_window=14.10s total_horizon=15.00s[0m
[33m[WARN] [1788859957.431858737]: [SLOT_DEPARTURE] time=17min14.1s vehicle=V0 owner=V1 result=ALLOW reason=slot_departure_clear_after_retry candidate_path_gen=25 slot_departure_clear_s=0.346 vehicle_mode=ACTIVE vehicle_speed=0.000 vehicle_path_s=0.000 blocker=none a1_prefix_conflict=0 ordinary_road_conflict=0 owner_phase=TO_B owner_path_gen=28 geometry=actual_to_b protected_zones=0 actual_occupancy_priority=0 spatial_stop_launch_infeasible=0[0m
[33m[WARN] [1788859957.432349859]: [multi_patrol][A1 EXIT PREPARED] V0 target=B52 pickup_dwell=5.00s exit_len=5.439 priority_until_s=0.758 horizon_refresh=IMMEDIATE[0m
frames=150 commit_frames=20[0m
[0m[INFO] [1788859956.929532698]: [sim_plan] built plan=586 start=991.90 horizon=15.00 frames=150 commit_frames=20[0m
[0m[INFO] [1788859956.951359965]: [sim_plan] built plan=587 start=993.90 horizon=15.00 frames=150 commit_frames=20[0m
[0m[INFO] [1788859956.972458456]: [sim_plan] built plan=588 start=995.90 horizon=15.00 frames=150 commit_frames=20[0m
[0m[INFO] [1788859956.997008404]: [sim_plan] built plan=589 start=997.90 horizon=15.00 frames=150 commit_frames=20[0m
[0m[INFO] [1788859957.022979488]: [sim_plan] built plan=590 start=999.40 horizon=15.00 frames=150 commit_frames=20[0m
[0m[INFO] [1788859957.054554994]: [sim_plan] built plan=591 start=1001.40 horizon=15.00 frames=150 commit_frames=20[0m
[0m[INFO] [1788859957.087046406]: [sim_plan] built plan=592 start=1003.40 horizon=15.00 frames=150 commit_frames=20[0m
[0m[INFO] [1788859957.088469986]: [multi_patrol][A1] V0 activate prepared dropoff: A1 -> B2 len=2.116 priority_until_s=0.756[0m
[0m[INFO] [1788859957.118926519]: [sim_plan] built plan=593 start=1004.30 horizon=15.00 frames=150 commit_frames=20[0m
[0m[INFO] [1788859957.146941660]: [sim_plan] built plan=594 start=1006.30 horizon=15.00 frames=150 commit_frames=20[0m
[0m[INFO] [1788859957.167105415]: [sim_plan] built plan=595 start=1008.30 horizon=15.00 frames=150 commit_frames=20[0m
[0m[INFO] [1788859957.167919815]: [multi_patrol][A1 EXIT PRIORITY RELEASE] V0 s=0.768 threshold=0.756[0m
[0m[INFO] [1788859957.183006680]: [sim_plan] built plan=596 start=1010.30 horizon=15.00 frames=150 commit_frames=20[0m
[0m[INFO] [1788859957.192227951]: [sim_plan] built plan=597 start=1012.30 horizon=15.00 frames=150 commit_frames=20[0m
[0m[INFO] [1788859957.197053623]: [sim_plan] built plan=598 start=1014.30 horizon=15.00 frames=150 commit_frames=20[0m
[0m[INFO] [1788859957.200088425]: [sim_plan] built plan=599 start=1016.30 horizon=15.00 frames=150 commit_frames=20[0m
[0m[INFO] [1788859957.204701843]: [sim_plan] built plan=600 start=1018.30 horizon=15.00 frames=150 commit_frames=20[0m
[0m[INFO] [1788859957.207482427]: [sim_plan] built plan=601 start=1020.30 horizon=15.00 frames=150 commit_frames=20[0m
[0m[INFO] [1788859957.212517664]: [sim_plan] built plan=602 start=1022.30 horizon=15.00 frames=150 commit_frames=20[0m
[0m[INFO] [1788859957.238856451]: [sim_plan] built plan=603 start=1023.70 horizon=15.00 frames=150 commit_frames=20[0m
[0m[INFO] [1788859957.273775690]: [sim_plan] built plan=604 start=1025.70 horizon=15.00 frames=150 commit_frames=20[0m
[0m[INFO] [1788859957.309280499]: [sim_plan] built plan=605 start=1027.70 horizon=15.00 frames=150 commit_frames=20[0m
[0m[INFO] [1788859957.324555186]: [multi_patrol][A1] V1 activate prepared dropoff: A1 -> B38 len=4.713 priority_until_s=0.758[0m
[0m[INFO] [1788859957.328003065]: [sim_plan] built plan=606 start=1028.60 horizon=15.00 frames=150 commit_frames=20[0m
[0m[INFO] [1788859957.366596134]: [sim_plan] built plan=607 start=1030.60 horizon=15.00 frames=150 commit_frames=20[0m
[0m[INFO] [1788859957.405589079]: [sim_plan] built plan=608 start=1032.60 horizon=15.00 frames=150 commit_frames=20[0m
[0m[INFO] [1788859957.431583085]: [multi_patrol][A1 EXIT PRIORITY RELEASE] V1 s=0.771 threshold=0.758[0m
[0m[INFO] [1788859957.431822340]: [multi_patrol][A1] V0 pickup leg: B2 -> A1  wpts=162 len=2.116[0m
[0m[INFO] [1788859957.452788737]: [sim_plan] built plan=609 start=1034.10 horizon=15.00 frames=150 commit_frames=20[0m
[0m[INFO] [1788859957.469541030]: [sim_plan] built plan=610 start=1036.10 horizon=15.00 frames=150 commit_frames=20[0m
[0m[INFO] [1788859957.483150553]: [sim_plan] built plan=611 start=1038.10 horizon=15.00 frames=150 commit_frames=20[0m
[0m[INFO] [1788859957.494694987]: [sim_plan] built plan=612 start=1040.10 horizon=15.00 frames=150 commit_frames=20[0m
[0m[INFO] [1788859957.506618573]: [sim_plan] built plan=613 start=1042.10 horizon=15.00 frames=150 commit_frames=20[0m
[0m[INFO] [1788859957.519008232]: [sim_plan] built plan=614 start=1044.10 horizon=15.00 frames=150 comm[33m[WARN] [1788859957.541097476]: [multi_patrol][A1 EXIT HORIZON] V0 target=B52 dwell_part=4.90s departure_window=10.10s total_horizon=15.00s[0m
[33m[WARN] [1788859957.545724082]: [multi_patrol][A1 EXIT HORIZON] V0 target=B52 dwell_part=2.90s departure_window=12.10s total_horizon=15.00s[0m
[33m[WARN] [1788859957.551115321]: [multi_patrol][A1 EXIT HORIZON] V0 target=B52 dwell_part=0.90s departure_window=14.10s total_horizon=15.00s[0m
[33m[WARN] [1788859957.573565213]: [SLOT_DEPARTURE] time=17min41.4s vehicle=V1 owner=V0 result=ALLOW reason=slot_departure_clear candidate_path_gen=29 slot_departure_clear_s=0.327 vehicle_mode=ACTIVE vehicle_speed=0.000 vehicle_path_s=0.000 blocker=none a1_prefix_conflict=0 ordinary_road_conflict=0 owner_phase=TO_B owner_path_gen=26 geometry=actual_to_b protected_zones=0 actual_occupancy_priority=0 spatial_stop_launch_infeasible=0 waiter_stop_s=0.450[0m
[33m[WARN] [1788859957.574018610]: [multi_patrol][A1 EXIT PREPARED] V1 target=B26 pickup_dwell=5.00s exit_len=3.655 priority_until_s=0.758 horizon_refresh=IMMEDIATE[0m
[33m[WARN] [1788859957.870776387]: [multi_patrol][A1 EXIT HORIZON] V1 target=B26 dwell_part=4.90s departure_window=10.10s total_horizon=15.00s[0m
[33m[WARN] [1788859957.874909132]: [SLOT_DEPARTURE] time=18min15.1s vehicle=V0 owner=V1 result=ALLOW reason=slot_departure_clear candidate_path_gen=27 slot_departure_clear_s=0.327 vehicle_mode=ACTIVE vehicle_speed=0.000 vehicle_path_s=0.000 blocker=none a1_prefix_conflict=0 ordinary_road_conflict=0 owner_phase=PICKUP_DWELL owner_path_gen=29 geometry=pending_preview protected_zones=0 actual_occupancy_priority=0 spatial_stop_launch_infeasible=0 waiter_stop_s=2.800[0m
[33m[WARN] [1788859957.875441862]: [multi_patrol][A1 EXIT PREPARED] V0 target=B0 pickup_dwell=5.00s exit_len=2.555 priority_until_s=0.756 horizon_refresh=IMMEDIATE[0m
[33m[WARN] [1788859957.885747441]: [multi_patrol][A1 EXIT HORIZON] V1 target=B26 dwell_part=3.90s departure_window=11.10s total_horizon=15.00s[0m
[33m[WARN] [1788859957.899854073]: [multi_patrol][A1 EXIT HORIZON] V1 target=B26 dwell_part=1.90s departure_window=13.10s total_horizon=15.00s[0m
it_frames=20[0m
[0m[INFO] [1788859957.526793782]: [sim_plan] built plan=615 start=1046.10 horizon=15.00 frames=150 commit_frames=20[0m
[0m[INFO] [1788859957.532848231]: [sim_plan] built plan=616 start=1048.10 horizon=15.00 frames=150 commit_frames=20[0m
[0m[INFO] [1788859957.537500544]: [sim_plan] built plan=617 start=1050.10 horizon=15.00 frames=150 commit_frames=20[0m
[0m[INFO] [1788859957.541061162]: [sim_plan] built plan=618 start=1052.00 horizon=15.00 frames=150 commit_frames=20[0m
[0m[INFO] [1788859957.545677078]: [sim_plan] built plan=619 start=1054.00 horizon=15.00 frames=150 commit_frames=20[0m
[0m[INFO] [1788859957.551066526]: [sim_plan] built plan=620 start=1056.00 horizon=15.00 frames=150 commit_frames=20[0m
[0m[INFO] [1788859957.552572010]: [multi_patrol][A1] V0 activate prepared dropoff: A1 -> B52 len=5.439 priority_until_s=0.758[0m
[0m[INFO] [1788859957.556509178]: [sim_plan] built plan=621 start=1056.90 horizon=15.00 frames=150 commit_frames=20[0m
[0m[INFO] [1788859957.562681732]: [sim_plan] built plan=622 start=1058.90 horizon=15.00 frames=150 commit_frames=20[0m
[0m[INFO] [1788859957.568939967]: [sim_plan] built plan=623 start=1060.90 horizon=15.00 frames=150 commit_frames=20[0m
[0m[INFO] [1788859957.573519697]: [multi_patrol][A1] V1 pickup leg: B38 -> A1  wpts=320 len=3.368[0m
[0m[INFO] [1788859957.618006362]: [sim_plan] built plan=624 start=1061.40 horizon=15.00 frames=150 commit_frames=20[0m
[0m[INFO] [1788859957.623979434]: [multi_patrol][A1 EXIT PRIORITY RELEASE] V0 s=0.771 threshold=0.758[0m
[0m[INFO] [1788859957.659700702]: [sim_plan] built plan=625 start=1063.40 horizon=15.00 frames=150 commit_frames=20[0m
[0m[INFO] [1788859957.687969814]: [sim_plan] built plan=626 start=1065.40 horizon=15.00 frames=150 commit_frames=20[0m
[0m[INFO] [1788859957.713494733]: [sim_plan] built plan=627 start=1067.40 horizon=15.00 frames=150 commit_frames=20[0m
[0m[INFO] [1788859957.736145153]: [sim_plan] built plan=628 start=1069.40 horizon=15.00 frames=150 commit_frames=20[0m
[0m[INFO] [1788859957.755607479]: [sim_plan] built plan=629 start=1071.40 horizon=15.00 frames=150 commit_frames=20[0m
[0m[INFO] [1788859957.774138978]: [sim_plan] built plan=630 start=1073.40 horizon=15.00 frames=150 commit_frames=20[0m
[0m[INFO] [1788859957.791773046]: [sim_plan] built plan=631 start=1075.40 horizon=15.00 frames=150 commit_frames=20[0m
[0m[INFO] [1788859957.808033916]: [sim_plan] built plan=632 start=1077.40 horizon=15.00 frames=150 commit_frames=20[0m
[0m[INFO] [1788859957.825347752]: [sim_plan] built plan=633 start=1079.40 horizon=15.00 frames=150 commit_frames=20[0m
[0m[INFO] [1788859957.836651893]: [sim_plan] built plan=634 start=1081.40 horizon=15.00 frames=150 commit_frames=20[0m
[0m[INFO] [1788859957.844932824]: [sim_plan] built plan=635 start=1083.40 horizon=15.00 frames=150 commit_frames=20[0m
[0m[INFO] [1788859957.852252420]: [sim_plan] built plan=636 start=1085.40 horizon=15.00 frames=150 commit_frames=20[0m
[0m[INFO] [1788859957.857558239]: [sim_plan] built plan=637 start=1087.40 horizon=15.00 frames=150 commit_frames=20[0m
[0m[INFO] [1788859957.861234186]: [sim_plan] built plan=638 start=1089.40 horizon=15.00 frames=150 commit_frames=20[0m
[0m[INFO] [1788859957.864340532]: [sim_plan] built plan=639 start=1091.40 horizon=15.00 frames=150 commit_frames=20[0m
[0m[INFO] [1788859957.867482176]: [sim_plan] built plan=640 start=1093.40 horizon=15.00 frames=150 commit_frames=20[0m
[0m[INFO] [1788859957.870744215]: [sim_plan] built plan=641 start=1094.10 horizon=15.00 frames=150 commit_frames=20[0m
[0m[INFO] [1788859957.874850483]: [multi_patrol][A1] V0 pickup leg: B52 -> A1  wpts=427 len=5.304[0m
[0m[INFO] [1788859957.885684301]: [sim_plan] built plan=642 start=1095.10 horizon=15.00 frames=150 commit_frames=20[0m
[0m[INFO] [1788859957.899814462]: [sim_plan] built plan=643 start=1097.10 horizon=15.00 frames=150 commit_frames=20[0m
[0m[INFO] [1788859957.901471466]: [multi_patrol][A1] V1 activate prepared dropoff: A1 -> B26 len=3.655 priority_until_s=0.758[33m[WARN] [1788859958.220969092]: [SLOT_DEPARTURE] time=18min46.5s vehicle=V1 owner=V0 result=ALLOW reason=slot_departure_clear candidate_path_gen=31 slot_departure_clear_s=0.327 vehicle_mode=ACTIVE vehicle_speed=0.000 vehicle_path_s=0.000 blocker=none a1_prefix_conflict=0 ordinary_road_conflict=0 owner_phase=TO_A1 owner_path_gen=27 geometry=pending_preview protected_zones=0 actual_occupancy_priority=0 spatial_stop_launch_infeasible=0 waiter_stop_s=2.075[0m
[33m[WARN] [1788859958.221332735]: [multi_patrol][A1 EXIT PREPARED] V1 target=B6 pickup_dwell=5.00s exit_len=1.901 priority_until_s=0.758 horizon_refresh=IMMEDIATE[0m
[33m[WARN] [1788859958.314886556]: [multi_patrol][A1 EXIT HORIZON] V0 target=B0 dwell_part=4.90s departure_window=10.10s total_horizon=15.00s[0m
[33m[WARN] [1788859958.347693372]: [multi_patrol][A1 EXIT HORIZON] V0 target=B0 dwell_part=2.90s departure_window=12.10s total_horizon=15.00s[0m
[33m[WARN] [1788859958.381826562]: [multi_patrol][A1 EXIT HORIZON] V0 target=B0 dwell_part=0.90s departure_window=14.10s total_horizon=15.00s[0m
[0m
[0m[INFO] [1788859957.945387305]: [sim_plan] built plan=644 start=1099.00 horizon=15.00 frames=150 commit_frames=20[0m
[0m[INFO] [1788859957.999569669]: [sim_plan] built plan=645 start=1101.00 horizon=15.00 frames=150 commit_frames=20[0m
[0m[INFO] [1788859958.045276710]: [sim_plan] built plan=646 start=1103.00 horizon=15.00 frames=150 commit_frames=20[0m
[0m[INFO] [1788859958.046493263]: [multi_patrol][A1 EXIT PRIORITY RELEASE] V1 s=0.771 threshold=0.758[0m
[0m[INFO] [1788859958.084547166]: [sim_plan] built plan=647 start=1105.00 horizon=15.00 frames=150 commit_frames=20[0m
[0m[INFO] [1788859958.118262076]: [sim_plan] built plan=648 start=1107.00 horizon=15.00 frames=150 commit_frames=20[0m
[0m[INFO] [1788859958.145026368]: [sim_plan] built plan=649 start=1109.00 horizon=15.00 frames=150 commit_frames=20[0m
[0m[INFO] [1788859958.164795727]: [sim_plan] built plan=650 start=1111.00 horizon=15.00 frames=150 commit_frames=20[0m
[0m[INFO] [1788859958.181211488]: [sim_plan] built plan=651 start=1113.00 horizon=15.00 frames=150 commit_frames=20[0m
[0m[INFO] [1788859958.192027954]: [sim_plan] built plan=652 start=1115.00 horizon=15.00 frames=150 commit_frames=20[0m
[0m[INFO] [1788859958.200142817]: [sim_plan] built plan=653 start=1117.00 horizon=15.00 frames=150 commit_frames=20[0m
[0m[INFO] [1788859958.206290898]: [sim_plan] built plan=654 start=1119.00 horizon=15.00 frames=150 commit_frames=20[0m
[0m[INFO] [1788859958.212432540]: [sim_plan] built plan=655 start=1121.00 horizon=15.00 frames=150 commit_frames=20[0m
[0m[INFO] [1788859958.215906883]: [sim_plan] built plan=656 start=1123.00 horizon=15.00 frames=150 commit_frames=20[0m
[0m[INFO] [1788859958.218759537]: [sim_plan] built plan=657 start=1125.00 horizon=15.00 frames=150 commit_frames=20[0m
[0m[INFO] [1788859958.220934642]: [multi_patrol][A1] V1 pickup leg: B26 -> A1  wpts=298 len=3.694[0m
[0m[INFO] [1788859958.233005068]: [sim_plan] built plan=658 start=1126.50 horizon=15.00 frames=150 commit_frames=20[0m
[0m[INFO] [1788859958.245866996]: [sim_plan] built plan=659 start=1128.50 horizon=15.00 frames=150 commit_frames=20[0m
[0m[INFO] [1788859958.255100824]: [sim_plan] built plan=660 start=1130.50 horizon=15.00 frames=150 commit_frames=20[0m
[0m[INFO] [1788859958.268014375]: [sim_plan] built plan=661 start=1132.50 horizon=15.00 frames=150 commit_frames=20[0m
[0m[INFO] [1788859958.290534693]: [sim_plan] built plan=662 start=1134.50 horizon=15.00 frames=150 commit_frames=20[0m
[0m[INFO] [1788859958.314835538]: [sim_plan] built plan=663 start=1135.20 horizon=15.00 frames=150 commit_frames=20[0m
[0m[INFO] [1788859958.347642391]: [sim_plan] built plan=664 start=1137.20 horizon=15.00 frames=150 commit_frames=20[0m
[0m[INFO] [1788859958.381784903]: [sim_plan] built plan=665 start=1139.20 horizon=15.00 frames=150 commit_frames=20[0m
[0m[INFO] [1788859958.382927161]: [multi_patrol][A1] V0 activate prepared dropoff: A1 -> B0 len=2.555 priority_until_s=0.756[0m
[0m[INFO] [1788859958.417029411]: [sim_plan] built plan=666 start=1140.10 horizon=15.00 frames=150 commit_frames=20[0m
[0m[INFO] [1788859958.450862453]: [sim_plan] built plan=667 start=1142.10 horizon=15.00 frames=150 commit_frames=20[0m
[0m[INFO] [1788859958.476239404]: [sim_plan] built plan=668 start=1144.10 horizon=15.00 frames=150 commit_frames=20[0m
[0m[INFO] [1788859958.477153693]: [multi_patrol][A1 EXIT PRIORITY RELEASE] V0 s=0.768 threshold=0.756[0m
[0m[INFO] [1788859958.497189223]: [sim_plan] built plan=669 start=1146.10 horizon=15.00 frames=150 commit_frames=20[0m
[0m[INFO] [1788859958.511641832]: [sim_plan] built plan=670 start=1148.10 horizon=15.00 frames=150 commit_frames=20[0m
[0m[INFO] [1788859958.520685630]: [sim_plan] built plan=671 start=1150.10 horizon=15.00 frames=150 commit_frames=20[0m
[0m[INFO] [1788859958.526254891]: [sim_plan] built plan=672 start=1152.10 horizon=15.00 frames=150 commit_frames=20[0m
[0m[INFO] [1788859958.529819488]: [sim_plan] built plan=673 start=1154.10 horizon=15.00 frames=150 commit_frames=20[0m
[0m[INFO] [17[33m[WARN] [1788859958.540249293]: [SLOT_DEPARTURE] time=19min20.3s vehicle=V0 owner=V1 result=ALLOW reason=slot_departure_clear candidate_path_gen=29 slot_departure_clear_s=0.346 vehicle_mode=ACTIVE vehicle_speed=0.000 vehicle_path_s=0.000 blocker=none a1_prefix_conflict=0 ordinary_road_conflict=0 owner_phase=TO_A1 owner_path_gen=31 geometry=pending_preview protected_zones=0 actual_occupancy_priority=0 spatial_stop_launch_infeasible=0 waiter_stop_s=0.975[0m
[33m[WARN] [1788859958.540655579]: [multi_patrol][A1 EXIT PREPARED] V0 target=B24 pickup_dwell=5.00s exit_len=3.875 priority_until_s=0.758 horizon_refresh=IMMEDIATE[0m
[33m[WARN] [1788859958.604608449]: [multi_patrol][A1 EXIT HORIZON] V1 target=B6 dwell_part=4.90s departure_window=10.10s total_horizon=15.00s[0m
[33m[WARN] [1788859958.629634507]: [multi_patrol][A1 EXIT HORIZON] V1 target=B6 dwell_part=2.90s departure_window=12.10s total_horizon=15.00s[0m
[33m[WARN] [1788859958.656948281]: [multi_patrol][A1 EXIT HORIZON] V1 target=B6 dwell_part=0.90s departure_window=14.10s total_horizon=15.00s[0m
[33m[WARN] [1788859958.758265857]: [SLOT_DEPARTURE] time=19min45.0s vehicle=V1 owner=V0 result=HOLD reason=a1_stop_s_before_slot_clear candidate_path_gen=33 slot_departure_clear_s=0.346 vehicle_mode=DWELL vehicle_speed=0.000 vehicle_path_s=1.901 blocker=V0 a1_prefix_conflict=1 ordinary_road_conflict=0 owner_phase=TO_A1 owner_path_gen=29 geometry=pending_preview protected_zones=2 actual_occupancy_priority=0 spatial_stop_launch_infeasible=1 waiter_stop_s=0.275[0m
[33m[WARN] [1788859958.844066530]: [multi_patrol][A1 EXIT HORIZON] V0 target=B24 dwell_part=4.90s departure_window=10.10s total_horizon=15.00s[0m
[33m[WARN] [1788859958.877782538]: [multi_patrol][A1 EXIT HORIZON] V0 target=B24 dwell_part=2.90s departure_window=12.10s total_horizon=15.00s[0m
[33m[WARN] [1788859958.913203857]: [multi_patrol][A1 EXIT HORIZON] V0 target=B24 dwell_part=0.90s departure_window=14.10s total_horizon=15.00s[0m
[33m[WARN] [1788859959.024919360]: [SLOT_DEPARTURE] time=20min0.3s vehicle=V1 owner=V0 result=ALLOW reason=slot_departure_clear_after_retry candidate_path_gen=33 slot_departure_clear_s=0.346 vehicle_mode=ACTIVE vehicle_speed=0.000 vehicle_path_s=0.000 blocker=none a1_prefix_conflict=0 ordinary_road_conflict=0 owner_phase=TO_B owner_path_gen=30 geometry=actual_to_b protected_zones=0 actual_occupancy_priority=0 spatial_stop_launch_infeasible=0[0m
[33m[WARN] [1788859959.025364845]: [multi_patrol][A1 EXIT PREPARED] V1 target=B26 pickup_dwell=5.00s exit_len=3.655 priority_until_s=0.758 horizon_refresh=IMMEDIATE[0m
88859958.533535850]: [sim_plan] built plan=674 start=1156.10 horizon=15.00 frames=150 commit_frames=20[0m
[0m[INFO] [1788859958.536439069]: [sim_plan] built plan=675 start=1158.10 horizon=15.00 frames=150 commit_frames=20[0m
[0m[INFO] [1788859958.538705897]: [sim_plan] built plan=676 start=1160.10 horizon=15.00 frames=150 commit_frames=20[0m
[0m[INFO] [1788859958.540214770]: [multi_patrol][A1] V0 pickup leg: B0 -> A1  wpts=298 len=3.034[0m
[0m[INFO] [1788859958.559944051]: [sim_plan] built plan=677 start=1160.30 horizon=15.00 frames=150 commit_frames=20[0m
[0m[INFO] [1788859958.582728144]: [sim_plan] built plan=678 start=1162.30 horizon=15.00 frames=150 commit_frames=20[0m
[0m[INFO] [1788859958.604556871]: [sim_plan] built plan=679 start=1163.20 horizon=15.00 frames=150 commit_frames=20[0m
[0m[INFO] [1788859958.629580679]: [sim_plan] built plan=680 start=1165.20 horizon=15.00 frames=150 commit_frames=20[0m
[0m[INFO] [1788859958.656904775]: [sim_plan] built plan=681 start=1167.20 horizon=15.00 frames=150 commit_frames=20[0m
[0m[INFO] [1788859958.658137473]: [multi_patrol][A1] V1 activate prepared dropoff: A1 -> B6 len=1.901 priority_until_s=0.758[0m
[0m[INFO] [1788859958.683963825]: [sim_plan] built plan=682 start=1168.10 horizon=15.00 frames=150 commit_frames=20[0m
[0m[INFO] [1788859958.706517793]: [sim_plan] built plan=683 start=1170.10 horizon=15.00 frames=150 commit_frames=20[0m
[0m[INFO] [1788859958.719607689]: [sim_plan] built plan=684 start=1172.10 horizon=15.00 frames=150 commit_frames=20[0m
[0m[INFO] [1788859958.720385317]: [multi_patrol][A1 EXIT PRIORITY RELEASE] V1 s=0.771 threshold=0.758[0m
[0m[INFO] [1788859958.730590985]: [sim_plan] built plan=685 start=1174.10 horizon=15.00 frames=150 commit_frames=20[0m
[0m[INFO] [1788859958.738251391]: [sim_plan] built plan=686 start=1176.10 horizon=15.00 frames=150 commit_frames=20[0m
[0m[INFO] [1788859958.743286084]: [sim_plan] built plan=687 start=1178.10 horizon=15.00 frames=150 commit_frames=20[0m
[0m[INFO] [1788859958.748950494]: [sim_plan] built plan=688 start=1180.10 horizon=15.00 frames=150 commit_frames=20[0m
[0m[INFO] [1788859958.753363518]: [sim_plan] built plan=689 start=1182.10 horizon=15.00 frames=150 commit_frames=20[0m
[0m[INFO] [1788859958.756337702]: [sim_plan] built plan=690 start=1184.10 horizon=15.00 frames=150 commit_frames=20[0m
[0m[INFO] [1788859958.777503549]: [sim_plan] built plan=691 start=1186.10 horizon=15.00 frames=150 commit_frames=20[0m
[0m[INFO] [1788859958.811609105]: [sim_plan] built plan=692 start=1188.10 horizon=15.00 frames=150 commit_frames=20[0m
[0m[INFO] [1788859958.844010571]: [sim_plan] built plan=693 start=1189.90 horizon=15.00 frames=150 commit_frames=20[0m
[0m[INFO] [1788859958.877731162]: [sim_plan] built plan=694 start=1191.90 horizon=15.00 frames=150 commit_frames=20[0m
[0m[INFO] [1788859958.913157937]: [sim_plan] built plan=695 start=1193.90 horizon=15.00 frames=150 commit_frames=20[0m
[0m[INFO] [1788859958.925898019]: [multi_patrol][A1] V0 activate prepared dropoff: A1 -> B24 len=3.875 priority_until_s=0.758[0m
[0m[INFO] [1788859958.931032379]: [sim_plan] built plan=696 start=1194.80 horizon=15.00 frames=150 commit_frames=20[0m
[0m[INFO] [1788859958.966263963]: [sim_plan] built plan=697 start=1196.80 horizon=15.00 frames=150 commit_frames=20[0m
[0m[INFO] [1788859959.000876662]: [sim_plan] built plan=698 start=1198.80 horizon=15.00 frames=150 commit_frames=20[0m
[0m[INFO] [1788859959.024590909]: [multi_patrol][A1 EXIT PRIORITY RELEASE] V0 s=0.771 threshold=0.758[0m
[0m[INFO] [1788859959.024846797]: [multi_patrol][A1] V1 pickup leg: B6 -> A1  wpts=162 len=1.900[0m
[0m[INFO] [1788859959.046942062]: [sim_plan] built plan=699 start=1200.30 horizon=15.00 frames=150 commit_frames=20[0m
[0m[INFO] [1788859959.065355394]: [sim_plan] built plan=700 start=1202.30 horizon=15.00 frames=150 commit_frames=20[0m
[0m[INFO] [1788859959.078686059]: [sim_plan] built plan=701 start=1204.30 horizon=15.00 frames=150 commit_frames=20[0m
[0m[INFO] [1788859959.089606720]: [sim_pla[33m[WARN] [1788859959.118907452]: [multi_patrol][A1 EXIT HORIZON] V1 target=B26 dwell_part=4.90s departure_window=10.10s total_horizon=15.00s[0m
[33m[WARN] [1788859959.123042452]: [multi_patrol][A1 EXIT HORIZON] V1 target=B26 dwell_part=2.90s departure_window=12.10s total_horizon=15.00s[0m
[33m[WARN] [1788859959.127514069]: [multi_patrol][A1 EXIT HORIZON] V1 target=B26 dwell_part=0.90s departure_window=14.10s total_horizon=15.00s[0m
[33m[WARN] [1788859959.139901989]: [SLOT_DEPARTURE] time=20min23.5s vehicle=V0 owner=V1 result=ALLOW reason=slot_departure_clear candidate_path_gen=31 slot_departure_clear_s=0.327 vehicle_mode=ACTIVE vehicle_speed=0.000 vehicle_path_s=0.000 blocker=none a1_prefix_conflict=0 ordinary_road_conflict=0 owner_phase=TO_B owner_path_gen=34 geometry=actual_to_b protected_zones=0 actual_occupancy_priority=0 spatial_stop_launch_infeasible=0 waiter_stop_s=2.475[0m
[33m[WARN] [1788859959.140360482]: [multi_patrol][A1 EXIT PREPARED] V0 target=B43 pickup_dwell=5.00s exit_len=7.369 priority_until_s=0.758 horizon_refresh=IMMEDIATE[0m
[33m[WARN] [1788859959.179439284]: [SOURCE=REAL] [plan=713] [frame=4] [rollout_step=-1] [multi_patrol][A1 EXIT INTRUSION ENTER] owner=V1 target=B26 blocker=V0 dwell_remaining=0.00s visible_exit_t=14.90s owner_exit_s=3.209 blocker_phase=1 blocker_s=0.344 action=DIAG_ONLY[0m
[33m[WARN] [1788859959.180199873]: [SOURCE=REAL] [plan=713] [frame=9] [rollout_step=-1] [multi_patrol][A1 EXIT INTRUSION CLEAR] owner=V1 blocker=V0[0m
[33m[WARN] [1788859959.278619395]: [multi_patrol][A1 EXIT HORIZON] V0 target=B43 dwell_part=4.90s departure_window=10.10s total_horizon=15.00s[0m
[33m[WARN] [1788859959.283038547]: [multi_patrol][A1 EXIT HORIZON] V0 target=B43 dwell_part=2.90s departure_window=12.10s total_horizon=15.00s[0m
[33m[WARN] [1788859959.288861926]: [SLOT_DEPARTURE] time=20min48.5s vehicle=V1 owner=V0 result=HOLD reason=a1_stop_s_before_slot_clear candidate_path_gen=35 slot_departure_clear_s=0.327 vehicle_mode=DWELL vehicle_speed=0.000 vehicle_path_s=3.655 blocker=V0 a1_prefix_conflict=1 ordinary_road_conflict=0 owner_phase=PICKUP_DWELL owner_path_gen=31 geometry=pending_preview protected_zones=2 actual_occupancy_priority=0 spatial_stop_launch_infeasible=1 waiter_stop_s=0.250[0m
[33m[WARN] [1788859959.328428857]: [multi_patrol][A1 EXIT HORIZON] V0 target=B43 dwell_part=0.90s departure_window=14.10s total_horizon=15.00s[0m
[33m[WARN] [1788859959.653740380]: [SLOT_DEPARTURE] time=20min55.6s vehicle=V1 owner=V0 result=ALLOW reason=slot_departure_clear_after_retry candidate_path_gen=35 slot_departure_clear_s=0.327 vehicle_mode=ACTIVE vehicle_speed=0.000 vehicle_path_s=0.000 blocker=none a1_prefix_conflict=0 ordinary_road_conflict=0 owner_phase=TO_B owner_path_gen=32 geometry=actual_to_b protected_zones=0 actual_occupancy_priority=0 spatial_stop_launch_infeasible=0[0m
[33m[WARN] [1788859959.654277723]: [multi_patrol][A1 EXIT PREPARED] V1 target=B50 pickup_dwell=5.00s exit_len=6.993 priority_until_s=0.758 horizon_refresh=IMMEDIATE[0m
n] built plan=702 start=1206.30 horizon=15.00 frames=150 commit_frames=20[0m
[0m[INFO] [1788859959.100011858]: [sim_plan] built plan=703 start=1208.30 horizon=15.00 frames=150 commit_frames=20[0m
[0m[INFO] [1788859959.106530389]: [sim_plan] built plan=704 start=1210.30 horizon=15.00 frames=150 commit_frames=20[0m
[0m[INFO] [1788859959.111822644]: [sim_plan] built plan=705 start=1212.30 horizon=15.00 frames=150 commit_frames=20[0m
[0m[INFO] [1788859959.115620952]: [sim_plan] built plan=706 start=1214.30 horizon=15.00 frames=150 commit_frames=20[0m
[0m[INFO] [1788859959.118874343]: [sim_plan] built plan=707 start=1216.10 horizon=15.00 frames=150 commit_frames=20[0m
[0m[INFO] [1788859959.123005550]: [sim_plan] built plan=708 start=1218.10 horizon=15.00 frames=150 commit_frames=20[0m
[0m[INFO] [1788859959.127482806]: [sim_plan] built plan=709 start=1220.10 horizon=15.00 frames=150 commit_frames=20[0m
[0m[INFO] [1788859959.128515851]: [multi_patrol][A1] V1 activate prepared dropoff: A1 -> B26 len=3.655 priority_until_s=0.758[0m
[0m[INFO] [1788859959.132210676]: [sim_plan] built plan=710 start=1221.00 horizon=15.00 frames=150 commit_frames=20[0m
[0m[INFO] [1788859959.137005849]: [sim_plan] built plan=711 start=1223.00 horizon=15.00 frames=150 commit_frames=20[0m
[0m[INFO] [1788859959.139847031]: [multi_patrol][A1] V0 pickup leg: B24 -> A1  wpts=298 len=3.474[0m
[0m[INFO] [1788859959.157782619]: [sim_plan] built plan=712 start=1223.50 horizon=15.00 frames=150 commit_frames=20[0m
[0m[INFO] [1788859959.178835466]: [sim_plan] built plan=713 start=1225.50 horizon=15.00 frames=150 commit_frames=20[0m
[0m[INFO] [1788859959.180163330]: [multi_patrol][A1 EXIT PRIORITY RELEASE] V1 s=0.771 threshold=0.758[0m
[0m[INFO] [1788859959.198115321]: [sim_plan] built plan=714 start=1227.50 horizon=15.00 frames=150 commit_frames=20[0m
[0m[INFO] [1788859959.214814559]: [sim_plan] built plan=715 start=1229.50 horizon=15.00 frames=150 commit_frames=20[0m
[0m[INFO] [1788859959.233787354]: [sim_plan] built plan=716 start=1231.50 horizon=15.00 frames=150 commit_frames=20[0m
[0m[INFO] [1788859959.244860874]: [sim_plan] built plan=717 start=1233.50 horizon=15.00 frames=150 commit_frames=20[0m
[0m[INFO] [1788859959.254138933]: [sim_plan] built plan=718 start=1235.50 horizon=15.00 frames=150 commit_frames=20[0m
[0m[INFO] [1788859959.262407121]: [sim_plan] built plan=719 start=1237.50 horizon=15.00 frames=150 commit_frames=20[0m
[0m[INFO] [1788859959.268158534]: [sim_plan] built plan=720 start=1239.50 horizon=15.00 frames=150 commit_frames=20[0m
[0m[INFO] [1788859959.272002573]: [sim_plan] built plan=721 start=1241.50 horizon=15.00 frames=150 commit_frames=20[0m
[0m[INFO] [1788859959.274867946]: [sim_plan] built plan=722 start=1243.50 horizon=15.00 frames=150 commit_frames=20[0m
[0m[INFO] [1788859959.278582393]: [sim_plan] built plan=723 start=1245.20 horizon=15.00 frames=150 commit_frames=20[0m
[0m[INFO] [1788859959.282991387]: [sim_plan] built plan=724 start=1247.20 horizon=15.00 frames=150 commit_frames=20[0m
[0m[INFO] [1788859959.328380824]: [sim_plan] built plan=725 start=1249.20 horizon=15.00 frames=150 commit_frames=20[0m
[0m[INFO] [1788859959.369224908]: [multi_patrol][A1] V0 activate prepared dropoff: A1 -> B43 len=7.369 priority_until_s=0.758[0m
[0m[INFO] [1788859959.378614531]: [sim_plan] built plan=726 start=1250.10 horizon=15.00 frames=150 commit_frames=20[0m
[0m[INFO] [1788859959.477690463]: [sim_plan] built plan=727 start=1252.10 horizon=15.00 frames=150 commit_frames=20[0m
[0m[INFO] [1788859959.580377820]: [sim_plan] built plan=728 start=1254.10 horizon=15.00 frames=150 commit_frames=20[0m
[0m[INFO] [1788859959.653387243]: [multi_patrol][A1 EXIT PRIORITY RELEASE] V0 s=0.771 threshold=0.758[0m
[0m[INFO] [1788859959.653696214]: [multi_patrol][A1] V1 pickup leg: B26 -> A1  wpts=298 len=3.694[0m
[0m[INFO] [1788859959.700856750]: [sim_plan] built plan=729 start=1255.60 horizon=15.00 frames=150 commit_frames=20[0m
[0m[INFO] [1788859959.750760961]: [sim_plan] built plan=730 start=12[33m[WARN] [1788859960.061314543]: [multi_patrol][A1 EXIT HORIZON] V1 target=B50 dwell_part=4.90s departure_window=10.10s total_horizon=15.00s[0m
[33m[WARN] [1788859960.065710272]: [multi_patrol][A1 EXIT HORIZON] V1 target=B50 dwell_part=2.90s departure_window=12.10s total_horizon=15.00s[0m
[33m[WARN] [1788859960.073984929]: [SLOT_DEPARTURE] time=21min38.1s vehicle=V0 owner=V1 result=ALLOW reason=slot_departure_clear candidate_path_gen=33 slot_departure_clear_s=0.327 vehicle_mode=ACTIVE vehicle_speed=0.000 vehicle_path_s=0.000 blocker=none a1_prefix_conflict=0 ordinary_road_conflict=0 owner_phase=PICKUP_DWELL owner_path_gen=35 geometry=pending_preview protected_zones=0 actual_occupancy_priority=0 spatial_stop_launch_infeasible=0 waiter_stop_s=5.650[0m
[33m[WARN] [1788859960.074467356]: [multi_patrol][A1 EXIT PREPARED] V0 target=B60 pickup_dwell=5.00s exit_len=8.803 priority_until_s=0.758 horizon_refresh=IMMEDIATE[0m
[33m[WARN] [1788859960.090406383]: [multi_patrol][A1 EXIT HORIZON] V1 target=B50 dwell_part=1.20s departure_window=13.80s total_horizon=15.00s[0m
57.60 horizon=15.00 frames=150 commit_frames=20[0m
[0m[INFO] [1788859959.788679850]: [sim_plan] built plan=731 start=1259.60 horizon=15.00 frames=150 commit_frames=20[0m
[0m[INFO] [1788859959.820974795]: [sim_plan] built plan=732 start=1261.60 horizon=15.00 frames=150 commit_frames=20[0m
[0m[INFO] [1788859959.847369308]: [sim_plan] built plan=733 start=1263.60 horizon=15.00 frames=150 commit_frames=20[0m
[0m[INFO] [1788859959.869353889]: [sim_plan] built plan=734 start=1265.60 horizon=15.00 frames=150 commit_frames=20[0m
[0m[INFO] [1788859959.889790520]: [sim_plan] built plan=735 start=1267.60 horizon=15.00 frames=150 commit_frames=20[0m
[0m[INFO] [1788859959.907058536]: [sim_plan] built plan=736 start=1269.60 horizon=15.00 frames=150 commit_frames=20[0m
[0m[INFO] [1788859959.922556970]: [sim_plan] built plan=737 start=1271.60 horizon=15.00 frames=150 commit_frames=20[0m
[0m[INFO] [1788859959.939132433]: [sim_plan] built plan=738 start=1273.60 horizon=15.00 frames=150 commit_frames=20[0m
[0m[INFO] [1788859959.956412966]: [sim_plan] built plan=739 start=1275.60 horizon=15.00 frames=150 commit_frames=20[0m
[0m[INFO] [1788859959.976010592]: [sim_plan] built plan=740 start=1277.60 horizon=15.00 frames=150 commit_frames=20[0m
[0m[INFO] [1788859959.999676015]: [sim_plan] built plan=741 start=1279.60 horizon=15.00 frames=150 commit_frames=20[0m
[0m[INFO] [1788859960.013190194]: [sim_plan] built plan=742 start=1281.60 horizon=15.00 frames=150 commit_frames=20[0m
[0m[INFO] [1788859960.024246057]: [sim_plan] built plan=743 start=1283.60 horizon=15.00 frames=150 commit_frames=20[0m
[0m[INFO] [1788859960.033174296]: [sim_plan] built plan=744 start=1285.60 horizon=15.00 frames=150 commit_frames=20[0m
[0m[INFO] [1788859960.039897650]: [sim_plan] built plan=745 start=1287.60 horizon=15.00 frames=150 commit_frames=20[0m
[0m[INFO] [1788859960.045610415]: [sim_plan] built plan=746 start=1289.60 horizon=15.00 frames=150 commit_frames=20[0m
[0m[INFO] [1788859960.052639065]: [sim_plan] built plan=747 start=1291.60 horizon=15.00 frames=150 commit_frames=20[0m
[0m[INFO] [1788859960.057651357]: [sim_plan] built plan=748 start=1293.60 horizon=15.00 frames=150 commit_frames=20[0m
[0m[INFO] [1788859960.061282582]: [sim_plan] built plan=749 start=1294.40 horizon=15.00 frames=150 commit_frames=20[0m
[0m[INFO] [1788859960.065676337]: [sim_plan] built plan=750 start=1296.40 horizon=15.00 frames=150 commit_frames=20[0m
[0m[INFO] [1788859960.073937953]: [multi_patrol][A1] V0 pickup leg: B43 -> A1  wpts=596 len=6.698[0m
[0m[INFO] [1788859960.090368279]: [sim_plan] built plan=751 start=1298.10 horizon=15.00 frames=150 commit_frames=20[0m
[0m[INFO] [1788859960.091664963]: [multi_patrol][A1] V1 activate prepared dropoff: A1 -> B50 len=6.993 priority_until_s=0.758[0m
[0m[INFO] [1788859960.108239977]: [sim_plan] built plan=752 start=1299.30 horizon=15.00 frames=150 commit_frames=20[0m
[0m[INFO] [1788859960.134064105]: [sim_plan] built plan=753 start=1301.30 horizon=15.00 frames=150 commit_frames=20[0m
[0m[INFO] [1788859960.151955116]: [sim_plan] built plan=754 start=1303.30 horizon=15.00 frames=150 commit_frames=20[0m
[0m[INFO] [1788859960.153154035]: [multi_patrol][A1 EXIT PRIORITY RELEASE] V1 s=0.771 threshold=0.758[0m
[0m[INFO] [1788859960.172765575]: [sim_plan] built plan=755 start=1305.30 horizon=15.00 frames=150 commit_frames=20[0m
[0m[INFO] [1788859960.200295589]: [sim_plan] built plan=756 start=1307.30 horizon=15.00 frames=150 commit_frames=20[0m
[0m[INFO] [1788859960.232259211]: [sim_plan] built plan=757 start=1309.30 horizon=15.00 frames=150 commit_frames=20[0m
[0m[INFO] [1788859960.258418992]: [sim_plan] built plan=758 start=1311.30 horizon=15.00 frames=150 commit_frames=20[0m
[0m[INFO] [1788859960.281330690]: [sim_plan] built plan=759 start=1313.30 horizon=15.00 frames=150 commit_frames=20[0m
[0m[INFO] [1788859960.304754364]: [sim_plan] built plan=760 start=1315.30 horizon=15.00 frames=150 commit_frames=20[0m
[0m[INFO] [1788859960.324949526]: [sim_plan] built plan=761 start=1317.3[33m[WARN] [1788859960.491248095]: [SLOT_DEPARTURE] time=22min25.3s vehicle=V1 owner=V0 result=ALLOW reason=slot_departure_clear candidate_path_gen=37 slot_departure_clear_s=0.327 vehicle_mode=ACTIVE vehicle_speed=0.000 vehicle_path_s=0.000 blocker=none a1_prefix_conflict=0 ordinary_road_conflict=0 owner_phase=TO_A1 owner_path_gen=33 geometry=pending_preview protected_zones=0 actual_occupancy_priority=0 spatial_stop_launch_infeasible=0 waiter_stop_s=3.950[0m
[33m[WARN] [1788859960.491661076]: [multi_patrol][A1 EXIT PREPARED] V1 target=B4 pickup_dwell=5.00s exit_len=1.681 priority_until_s=0.758 horizon_refresh=IMMEDIATE[0m
[33m[WARN] [1788859960.576663571]: [multi_patrol][A1 EXIT HORIZON] V0 target=B60 dwell_part=4.90s departure_window=10.10s total_horizon=15.00s[0m
[33m[WARN] [1788859960.591716023]: [multi_patrol][A1 EXIT HORIZON] V0 target=B60 dwell_part=2.90s departure_window=12.10s total_horizon=15.00s[0m
[33m[WARN] [1788859960.606981741]: [multi_patrol][A1 EXIT HORIZON] V0 target=B60 dwell_part=0.90s departure_window=14.10s total_horizon=15.00s[0m
0 horizon=15.00 frames=150 commit_frames=20[0m
[0m[INFO] [1788859960.342939265]: [sim_plan] built plan=762 start=1319.30 horizon=15.00 frames=150 commit_frames=20[0m
[0m[INFO] [1788859960.360317353]: [sim_plan] built plan=763 start=1321.30 horizon=15.00 frames=150 commit_frames=20[0m
[0m[INFO] [1788859960.376391015]: [sim_plan] built plan=764 start=1323.30 horizon=15.00 frames=150 commit_frames=20[0m
[0m[INFO] [1788859960.393764832]: [sim_plan] built plan=765 start=1325.30 horizon=15.00 frames=150 commit_frames=20[0m
[0m[INFO] [1788859960.411294797]: [sim_plan] built plan=766 start=1327.30 horizon=15.00 frames=150 commit_frames=20[0m
[0m[INFO] [1788859960.424342832]: [sim_plan] built plan=767 start=1329.30 horizon=15.00 frames=150 commit_frames=20[0m
[0m[INFO] [1788859960.435504923]: [sim_plan] built plan=768 start=1331.30 horizon=15.00 frames=150 commit_frames=20[0m
[0m[INFO] [1788859960.445139304]: [sim_plan] built plan=769 start=1333.30 horizon=15.00 frames=150 commit_frames=20[0m
[0m[INFO] [1788859960.453059060]: [sim_plan] built plan=770 start=1335.30 horizon=15.00 frames=150 commit_frames=20[0m
[0m[INFO] [1788859960.459237348]: [sim_plan] built plan=771 start=1337.30 horizon=15.00 frames=150 commit_frames=20[0m
[0m[INFO] [1788859960.463976450]: [sim_plan] built plan=772 start=1339.30 horizon=15.00 frames=150 commit_frames=20[0m
[0m[INFO] [1788859960.475893318]: [sim_plan] built plan=773 start=1341.30 horizon=15.00 frames=150 commit_frames=20[0m
[0m[INFO] [1788859960.484022095]: [sim_plan] built plan=774 start=1343.30 horizon=15.00 frames=150 commit_frames=20[0m
[0m[INFO] [1788859960.491084737]: [multi_patrol][A1] V1 pickup leg: B50 -> A1  wpts=404 len=5.066[0m
[0m[INFO] [1788859960.504334941]: [sim_plan] built plan=775 start=1345.30 horizon=15.00 frames=150 commit_frames=20[0m
[0m[INFO] [1788859960.521321925]: [sim_plan] built plan=776 start=1347.30 horizon=15.00 frames=150 commit_frames=20[0m
[0m[INFO] [1788859960.534039269]: [sim_plan] built plan=777 start=1349.30 horizon=15.00 frames=150 commit_frames=20[0m
[0m[INFO] [1788859960.546128981]: [sim_plan] built plan=778 start=1351.30 horizon=15.00 frames=150 commit_frames=20[0m
[0m[INFO] [1788859960.557950719]: [sim_plan] built plan=779 start=1353.30 horizon=15.00 frames=150 commit_frames=20[0m
[0m[INFO] [1788859960.566860770]: [sim_plan] built plan=780 start=1355.30 horizon=15.00 frames=150 commit_frames=20[0m
[0m[INFO] [1788859960.576617246]: [sim_plan] built plan=781 start=1356.00 horizon=15.00 frames=150 commit_frames=20[0m
[0m[INFO] [1788859960.591677193]: [sim_plan] built plan=782 start=1358.00 horizon=15.00 frames=150 commit_frames=20[0m
[0m[INFO] [1788859960.606941065]: [sim_plan] built plan=783 start=1360.00 horizon=15.00 frames=150 commit_frames=20[0m
[0m[INFO] [1788859960.608202299]: [multi_patrol][A1] V0 activate prepared dropoff: A1 -> B60 len=8.803 priority_until_s=0.758[0m
[0m[INFO] [1788859960.623894967]: [sim_plan] built plan=784 start=1360.90 horizon=15.00 frames=150 commit_frames=20[0m
[0m[INFO] [1788859960.647108757]: [sim_plan] built plan=785 start=1362.90 horizon=15.00 frames=150 commit_frames=20[0m
[0m[INFO] [1788859960.661345646]: [sim_plan] built plan=786 start=1364.90 horizon=15.00 frames=150 commit_frames=20[0m
[0m[INFO] [1788859960.662760034]: [multi_patrol][A1 EXIT PRIORITY RELEASE] V0 s=0.771 threshold=0.758[0m
[0m[INFO] [1788859960.674869794]: [sim_plan] built plan=787 start=1366.90 horizon=15.00 frames=150 commit_frames=20[0m
[0m[INFO] [1788859960.685264214]: [sim_plan] built plan=788 start=1368.90 horizon=15.00 frames=150 commit_frames=20[0m
[0m[INFO] [1788859960.694977475]: [sim_plan] built plan=789 start=1370.90 horizon=15.00 frames=150 commit_frames=20[0m
[0m[INFO] [1788859960.703951209]: [sim_plan] built plan=790 start=1372.90 horizon=15.00 frames=150 commit_frames=20[0m
[0m[INFO] [1788859960.711976960]: [sim_plan] built plan=791 start=1374.90 horizon=15.00 frames=150 commit_frames=20[0m
[0m[INFO] [1788859960.720493241]: [sim_plan] built plan=792 start=1376.90 ho[33m[WARN] [1788859960.730369890]: [multi_patrol][A1 EXIT HORIZON] V1 target=B4 dwell_part=4.90s departure_window=10.10s total_horizon=15.00s[0m
[33m[WARN] [1788859960.741796032]: [multi_patrol][A1 EXIT HORIZON] V1 target=B4 dwell_part=2.90s departure_window=12.10s total_horizon=15.00s[0m
[33m[WARN] [1788859960.756878079]: [multi_patrol][A1 EXIT HORIZON] V1 target=B4 dwell_part=0.90s departure_window=14.10s total_horizon=15.00s[0m
rizon=15.00 frames=150 commit_frames=20[0m
[0m[INFO] [1788859960.730324814]: [sim_plan] built plan=793 start=1377.60 horizon=15.00 frames=150 commit_frames=20[0m
[0m[INFO] [1788859960.741749671]: [sim_plan] built plan=794 start=1379.60 horizon=15.00 frames=150 commit_frames=20[0m
[0m[INFO] [1788859960.756833903]: [sim_plan] built plan=795 start=1381.60 horizon=15.00 frames=150 commit_frames=20[0m
[0m[INFO] [1788859960.757825363]: [multi_patrol][A1] V1 activate prepared dropoff: A1 -> B4 len=1.681 priority_until_s=0.758[0m
[0m[INFO] [1788859960.771903486]: [sim_plan] built plan=796 start=1382.50 horizon=15.00 frames=150 commit_frames=20[0m
[0m[INFO] [1788859960.787486093]: [sim_plan] built plan=797 start=1384.50 horizon=15.00 frames=150 commit_frames=20[0m
[0m[INFO] [1788859960.797824031]: [sim_plan] built plan=798 start=1386.50 horizon=15.00 frames=150 commit_frames=20[0m
[0m[INFO] [1788859960.798409728]: [multi_patrol][A1 EXIT PRIORITY RELEASE] V1 s=0.771 threshold=0.758[0m
[0m[INFO] [1788859960.805462864]: [sim_plan] built plan=799 start=1388.50 horizon=15.00 frames=150 commit_frames=20[0m
[0m[INFO] [1788859960.810799099]: [sim_plan] built plan=800 start=1390.50 horizon=15.00 frames=150 commit_frames=20[0m
[0m[INFO] [1788859960.814947462]: [sim_plan] built plan=801 start=1392.50 horizon=15.00 frames=150 commit_frames=20[0m
[0m[INFO] [1788859960.818152949]: [sim_plan] built plan=802 start=1394.50 horizon=15.00 frames=150 commit_frames=20[0m
[0m[INFO] [1788859960.820886100]: [sim_plan] built plan=803 start=1394.50 horizon=15.00 frames=150 commit_frames=20[0m
[0m[INFO] [1788859960.823805796]: [sim_plan] built plan=804 start=1394.60 horizon=15.00 frames=150 commit_frames=20[0m
[0m[INFO] [1788859960.826195406]: [sim_plan] built plan=805 start=1394.60 horizon=15.00 frames=150 commit_frames=20[0m
[0m[INFO] [1788859960.828680622]: [sim_plan] built plan=806 start=1394.70 horizon=15.00 frames=150 commit_frames=20[0m
[0m[INFO] [1788859960.831141436]: [sim_plan] built plan=807 start=1394.70 horizon=15.00 frames=150 commit_frames=20[0m
[0m[INFO] [1788859960.834082863]: [sim_plan] built plan=808 start=1394.80 horizon=15.00 frames=150 commit_frames=20[0m
[0m[INFO] [1788859960.836909645]: [sim_plan] built plan=809 start=1394.80 horizon=15.00 frames=150 commit_frames=20[0m
[0m[INFO] [1788859960.839874590]: [sim_plan] built plan=810 start=1394.90 horizon=15.00 frames=150 commit_frames=20[0m
[0m[INFO] [1788859960.842552773]: [sim_plan] built plan=811 start=1394.90 horizon=15.00 frames=150 commit_frames=20[0m
[0m[INFO] [1788859960.845235567]: [sim_plan] built plan=812 start=1395.00 horizon=15.00 frames=150 commit_frames=20[0m
[0m[INFO] [1788859960.847699393]: [sim_plan] built plan=813 start=1395.00 horizon=15.00 frames=150 commit_frames=20[0m
[0m[INFO] [1788859960.850312864]: [sim_plan] built plan=814 start=1395.10 horizon=15.00 frames=150 commit_frames=20[0m
[0m[INFO] [1788859960.852709988]: [sim_plan] built plan=815 start=1395.10 horizon=15.00 frames=150 commit_frames=20[0m
[0m[INFO] [1788859960.855134872]: [sim_plan] built plan=816 start=1395.20 horizon=15.00 frames=150 commit_frames=20[0m
[0m[INFO] [1788859960.857554882]: [sim_plan] built plan=817 start=1395.20 horizon=15.00 frames=150 commit_frames=20[0m
[0m[INFO] [1788859960.860151087]: [sim_plan] built plan=818 start=1395.30 horizon=15.00 frames=150 commit_frames=20[0m
[0m[INFO] [1788859960.862545390]: [sim_plan] built plan=819 start=1395.30 horizon=15.00 frames=150 commit_frames=20[0m
[0m[INFO] [1788859960.864968200]: [sim_plan] built plan=820 start=1395.40 horizon=15.00 frames=150 commit_frames=20[0m
[0m[INFO] [1788859960.867386326]: [sim_plan] built plan=821 start=1395.40 horizon=15.00 frames=150 commit_frames=20[0m
[0m[INFO] [1788859960.869931927]: [sim_plan] built plan=822 start=1395.50 horizon=15.00 frames=150 commit_frames=20[0m
[0m[INFO] [1788859960.872458958]: [sim_plan] built plan=823 start=1395.50 horizon=15.00 frames=150 commit_frames=20[0m
[0m[INFO] [1788859960.875033332]: [sim_plan] built plan=824 start=1395.60 horizon=15.00 frames=150 commit_frames=20[0m
[0m[INFO] [1788859960.877654988]: [sim_plan] built plan=825 start=1395.60 horizon=15.00 frames=150 commit_frames=20[0m
[0m[INFO] [1788859960.880182524]: [sim_plan] built plan=826 start=1395.70 horizon=15.00 frames=150 commit_frames=20[0m
[0m[INFO] [1788859960.882629837]: [sim_plan] built plan=827 start=1395.70 horizon=15.00 frames=150 commit_frames=20[0m
[0m[INFO] [1788859960.885108109]: [sim_plan] built plan=828 start=1395.80 horizon=15.00 frames=150 commit_frames=20[0m
[0m[INFO] [1788859960.887545641]: [sim_plan] built plan=829 start=1395.80 horizon=15.00 frames=150 commit_frames=20[0m
[0m[INFO] [1788859960.890144024]: [sim_plan] built plan=830 start=1395.90 horizon=15.00 frames=150 commit_frames=20[0m
[0m[INFO] [1788859960.892510665]: [sim_plan] built plan=831 start=1395.90 horizon=15.00 frames=150 commit_frames=20[0m
[0m[INFO] [1788859960.895919140]: [sim_plan] built plan=832 start=1396.00 horizon=15.00 frames=150 commit_frames=20[0m
[0m[INFO] [1788859960.898766622]: [sim_plan] built plan=833 start=1396.00 horizon=15.00 frames=150 commit_frames=20[0m
[0m[INFO] [1788859960.901768599]: [sim_plan] built plan=834 start=1396.10 horizon=15.00 frames=150 commit_frames=20[0m
[0m[INFO] [1788859960.904475656]: [sim_plan] built plan=835 start=1396.10 horizon=15.00 frames=150 commit_frames=20[0m
[0m[INFO] [1788859960.906974465]: [sim_plan] built plan=836 start=1396.20 horizon=15.00 frames=150 commit_frames=20[0m
[0m[INFO] [1788859960.909466761]: [sim_plan] built plan=837 start=1396.20 horizon=15.00 frames=150 commit_frames=20[0m
[0m[INFO] [1788859960.911978968]: [sim_plan] built plan=838 start=1396.30 horizon=15.00 frames=150 commit_frames=20[0m
[0m[INFO] [1788859960.914418539]: [sim_plan] built plan=839 start=1396.30 horizon=15.00 frames=150 commit_frames=20[0m
[0m[INFO] [1788859960.916898897]: [sim_plan] built plan=840 start=1396.40 horizon=15.00 frames=150 commit_frames=20[0m
[0m[INFO] [1788859960.919800338]: [sim_plan] built plan=841 start=1396.40 horizon=15.00 frames=150 commit_frames=20[0m
[0m[INFO] [1788859960.922488100]: [sim_plan] built plan=842 start=1396.50 horizon=15.00 frames=150 commit_frames=20[0m
[0m[INFO] [1788859960.925311545]: [sim_plan] built plan=843 start=1396.50 horizon=15.00 frames=150 commit_frames=20[0m
[0m[INFO] [1788859960.928292638]: [sim_plan] built plan=844 start=1396.60 horizon=15.00 frames=150 commit_frames=20[0m
[0m[INFO] [1788859960.930842850]: [sim_plan] built plan=845 start=1396.60 horizon=15.00 frames=150 commit_frames=20[0m
[0m[INFO] [1788859960.933312626]: [sim_plan] built plan=846 start=1396.70 horizon=15.00 frames=150 commit_frames=20[0m
[0m[INFO] [1788859960.935640546]: [sim_plan] built plan=847 start=1396.70 horizon=15.00 frames=150 commit_frames=20[0m
[0m[INFO] [1788859960.938496947]: [sim_plan] built plan=848 start=1396.80 horizon=15.00 frames=150 commit_frames=20[0m
[0m[INFO] [1788859960.940792843]: [sim_plan] built plan=849 start=1396.80 horizon=15.00 frames=150 commit_frames=20[0m
[0m[INFO] [1788859960.943229832]: [sim_plan] built plan=850 start=1396.90 horizon=15.00 frames=150 commit_frames=20[0m
[0m[INFO] [1788859960.945586480]: [sim_plan] built plan=851 start=1396.90 horizon=15.00 frames=150 commit_frames=20[0m
[0m[INFO] [1788859960.948022809]: [sim_plan] built plan=852 start=1397.00 horizon=15.00 frames=150 commit_frames=20[0m
[0m[INFO] [1788859960.950209174]: [sim_plan] built plan=853 start=1397.00 horizon=15.00 frames=150 commit_frames=20[0m
[0m[INFO] [1788859960.952457147]: [sim_plan] built plan=854 start=1397.10 horizon=15.00 frames=150 commit_frames=20[0m
[0m[INFO] [1788859960.955216510]: [sim_plan] built plan=855 start=1397.10 horizon=15.00 frames=150 commit_frames=20[0m
[0m[INFO] [1788859960.958178150]: [sim_plan] built plan=856 start=1397.20 horizon=15.00 frames=150 commit_frames=20[0m
[0m[INFO] [1788859960.961104853]: [sim_plan] built plan=857 start=1397.20 horizon=15.00 frames=150 commit_frames=20[0m
[0m[INFO] [1788859960.963814373]: [sim_plan] [33m[WARN] [1788859961.007473131]: [SLOT_DEPARTURE] time=23min18.3s vehicle=V1 owner=none result=ALLOW reason=no_service_owner candidate_path_gen=39 slot_departure_clear_s=0.346 vehicle_mode=ACTIVE vehicle_speed=0.000 vehicle_path_s=0.000 blocker=none a1_prefix_conflict=0 ordinary_road_conflict=0[0m
[33m[WARN] [1788859961.007899698]: [multi_patrol][A1 EXIT PREPARED] V1 target=B23 pickup_dwell=5.00s exit_len=6.156 priority_until_s=0.758 horizon_refresh=IMMEDIATE[0m
[33m[WARN] [1788859961.063762609]: [multi_patrol][A1 EXIT HORIZON] V1 target=B23 dwell_part=4.90s departure_window=10.10s total_horizon=15.00s[0m
[33m[WARN] [1788859961.068912994]: [multi_patrol][A1 EXIT HORIZON] V1 target=B23 dwell_part=2.90s departure_window=12.10s total_horizon=15.00s[0m
[33m[WARN] [1788859961.074714733]: [multi_patrol][A1 EXIT HORIZON] V1 target=B23 dwell_part=0.90s departure_window=14.10s total_horizon=15.00s[0m
[33m[WARN] [1788859961.088086361]: [SLOT_DEPARTURE] time=23min36.1s vehicle=V0 owner=V1 result=ALLOW reason=slot_departure_clear candidate_path_gen=35 slot_departure_clear_s=0.346 vehicle_mode=ACTIVE vehicle_speed=0.000 vehicle_path_s=0.000 blocker=none a1_prefix_conflict=0 ordinary_road_conflict=0 owner_phase=TO_B owner_path_gen=40 geometry=actual_to_b protected_zones=0 actual_occupancy_priority=0 spatial_stop_launch_infeasible=0 waiter_stop_s=4.625[0m
[33m[WARN] [1788859961.088434126]: [multi_patrol][A1 EXIT PREPARED] V0 target=B4 pickup_dwell=5.00s exit_len=1.681 priority_until_s=0.758 horizon_refresh=IMMEDIATE[0m
built plan=858 start=1397.30 horizon=15.00 frames=150 commit_frames=20[0m
[0m[INFO] [1788859960.966337802]: [sim_plan] built plan=859 start=1397.30 horizon=15.00 frames=150 commit_frames=20[0m
[0m[INFO] [1788859960.968557461]: [sim_plan] built plan=860 start=1397.40 horizon=15.00 frames=150 commit_frames=20[0m
[0m[INFO] [1788859960.970827751]: [sim_plan] built plan=861 start=1397.40 horizon=15.00 frames=150 commit_frames=20[0m
[0m[INFO] [1788859960.973182295]: [sim_plan] built plan=862 start=1397.50 horizon=15.00 frames=150 commit_frames=20[0m
[0m[INFO] [1788859960.975457011]: [sim_plan] built plan=863 start=1397.50 horizon=15.00 frames=150 commit_frames=20[0m
[0m[INFO] [1788859960.977623806]: [sim_plan] built plan=864 start=1397.60 horizon=15.00 frames=150 commit_frames=20[0m
[0m[INFO] [1788859960.979741961]: [sim_plan] built plan=865 start=1397.60 horizon=15.00 frames=150 commit_frames=20[0m
[0m[INFO] [1788859960.981796498]: [sim_plan] built plan=866 start=1397.70 horizon=15.00 frames=150 commit_frames=20[0m
[0m[INFO] [1788859960.984550383]: [sim_plan] built plan=867 start=1397.70 horizon=15.00 frames=150 commit_frames=20[0m
[0m[INFO] [1788859960.986941391]: [sim_plan] built plan=868 start=1397.80 horizon=15.00 frames=150 commit_frames=20[0m
[0m[INFO] [1788859960.989524977]: [sim_plan] built plan=869 start=1397.80 horizon=15.00 frames=150 commit_frames=20[0m
[0m[INFO] [1788859960.992368345]: [sim_plan] built plan=870 start=1397.90 horizon=15.00 frames=150 commit_frames=20[0m
[0m[INFO] [1788859960.994575320]: [sim_plan] built plan=871 start=1397.90 horizon=15.00 frames=150 commit_frames=20[0m
[0m[INFO] [1788859960.996715149]: [sim_plan] built plan=872 start=1398.00 horizon=15.00 frames=150 commit_frames=20[0m
[0m[INFO] [1788859960.998791737]: [sim_plan] built plan=873 start=1398.00 horizon=15.00 frames=150 commit_frames=20[0m
[0m[INFO] [1788859961.000917387]: [sim_plan] built plan=874 start=1398.10 horizon=15.00 frames=150 commit_frames=20[0m
[0m[INFO] [1788859961.003040740]: [sim_plan] built plan=875 start=1398.10 horizon=15.00 frames=150 commit_frames=20[0m
[0m[INFO] [1788859961.005027132]: [sim_plan] built plan=876 start=1398.20 horizon=15.00 frames=150 commit_frames=20[0m
[0m[INFO] [1788859961.007165666]: [sim_plan] built plan=877 start=1398.20 horizon=15.00 frames=150 commit_frames=20[0m
[0m[INFO] [1788859961.007442254]: [multi_patrol][A1] V1 pickup leg: B4 -> A1  wpts=162 len=1.680[0m
[0m[INFO] [1788859961.025173076]: [sim_plan] built plan=878 start=1398.30 horizon=15.00 frames=150 commit_frames=20[0m
[0m[INFO] [1788859961.036971203]: [sim_plan] built plan=879 start=1400.30 horizon=15.00 frames=150 commit_frames=20[0m
[0m[INFO] [1788859961.045070866]: [sim_plan] built plan=880 start=1402.30 horizon=15.00 frames=150 commit_frames=20[0m
[0m[INFO] [1788859961.051792199]: [sim_plan] built plan=881 start=1404.30 horizon=15.00 frames=150 commit_frames=20[0m
[0m[INFO] [1788859961.056776132]: [sim_plan] built plan=882 start=1406.30 horizon=15.00 frames=150 commit_frames=20[0m
[0m[INFO] [1788859961.060022011]: [sim_plan] built plan=883 start=1408.30 horizon=15.00 frames=150 commit_frames=20[0m
[0m[INFO] [1788859961.063726525]: [sim_plan] built plan=884 start=1409.20 horizon=15.00 frames=150 commit_frames=20[0m
[0m[INFO] [1788859961.068873402]: [sim_plan] built plan=885 start=1411.20 horizon=15.00 frames=150 commit_frames=20[0m
[0m[INFO] [1788859961.074659169]: [sim_plan] built plan=886 start=1413.20 horizon=15.00 frames=150 commit_frames=20[0m
[0m[INFO] [1788859961.076027773]: [multi_patrol][A1] V1 activate prepared dropoff: A1 -> B23 len=6.156 priority_until_s=0.758[0m
[0m[INFO] [1788859961.080438867]: [sim_plan] built plan=887 start=1414.10 horizon=15.00 frames=150 commit_frames=20[0m
[0m[INFO] [1788859961.088049073]: [multi_patrol][A1] V0 pickup leg: B60 -> A1  wpts=561 len=6.067[0m
[0m[INFO] [1788859961.107856878]: [sim_plan] built plan=888 start=1416.10 horizon=15.00 frames=150 commit_frames=20[0m
[0m[INFO] [1788859961.142193726]: [sim_plan] built pla[33m[WARN] [1788859961.491378670]: [SLOT_DEPARTURE] time=24min15.8s vehicle=V1 owner=V0 result=ALLOW reason=slot_departure_clear candidate_path_gen=41 slot_departure_clear_s=0.327 vehicle_mode=ACTIVE vehicle_speed=0.000 vehicle_path_s=0.000 blocker=none a1_prefix_conflict=0 ordinary_road_conflict=0 owner_phase=TO_A1 owner_path_gen=35 geometry=pending_preview protected_zones=0 actual_occupancy_priority=0 spatial_stop_launch_infeasible=0 waiter_stop_s=4.950[0m
[33m[WARN] [1788859961.491837515]: [multi_patrol][A1 EXIT PREPARED] V1 target=B20 pickup_dwell=5.00s exit_len=4.313 priority_until_s=0.758 horizon_refresh=IMMEDIATE[0m
[33m[WARN] [1788859961.578101131]: [multi_patrol][A1 EXIT HORIZON] V0 target=B4 dwell_part=4.90s departure_window=10.10s total_horizon=15.00s[0m
[33m[WARN] [1788859961.591363074]: [multi_patrol][A1 EXIT HORIZON] V0 target=B4 dwell_part=2.90s departure_window=12.10s total_horizon=15.00s[0m
[33m[WARN] [1788859961.606986339]: [multi_patrol][A1 EXIT HORIZON] V0 target=B4 dwell_part=0.90s departure_window=14.10s total_horizon=15.00s[0m
n=889 start=1418.10 horizon=15.00 frames=150 commit_frames=20[0m
[0m[INFO] [1788859961.143977030]: [multi_patrol][A1 EXIT PRIORITY RELEASE] V1 s=0.771 threshold=0.758[0m
[0m[INFO] [1788859961.165070239]: [sim_plan] built plan=890 start=1420.10 horizon=15.00 frames=150 commit_frames=20[0m
[0m[INFO] [1788859961.195554002]: [sim_plan] built plan=891 start=1422.10 horizon=15.00 frames=150 commit_frames=20[0m
[0m[INFO] [1788859961.234667516]: [sim_plan] built plan=892 start=1424.10 horizon=15.00 frames=150 commit_frames=20[0m
[0m[INFO] [1788859961.271399494]: [sim_plan] built plan=893 start=1426.10 horizon=15.00 frames=150 commit_frames=20[0m
[0m[INFO] [1788859961.307542706]: [sim_plan] built plan=894 start=1428.10 horizon=15.00 frames=150 commit_frames=20[0m
[0m[INFO] [1788859961.338651693]: [sim_plan] built plan=895 start=1430.10 horizon=15.00 frames=150 commit_frames=20[0m
[0m[INFO] [1788859961.367533989]: [sim_plan] built plan=896 start=1432.10 horizon=15.00 frames=150 commit_frames=20[0m
[0m[INFO] [1788859961.385726559]: [sim_plan] built plan=897 start=1434.10 horizon=15.00 frames=150 commit_frames=20[0m
[0m[INFO] [1788859961.402113104]: [sim_plan] built plan=898 start=1436.10 horizon=15.00 frames=150 commit_frames=20[0m
[0m[INFO] [1788859961.416599497]: [sim_plan] built plan=899 start=1438.10 horizon=15.00 frames=150 commit_frames=20[0m
[0m[INFO] [1788859961.416945636]: [batch] 14400/72000 ticks (sim_t=1440s) hard_guard=0[0m
[0m[INFO] [1788859961.434471542]: [sim_plan] built plan=900 start=1440.10 horizon=15.00 frames=150 commit_frames=20[0m
[0m[INFO] [1788859961.447865047]: [sim_plan] built plan=901 start=1442.10 horizon=15.00 frames=150 commit_frames=20[0m
[0m[INFO] [1788859961.458575648]: [sim_plan] built plan=902 start=1444.10 horizon=15.00 frames=150 commit_frames=20[0m
[0m[INFO] [1788859961.467147033]: [sim_plan] built plan=903 start=1446.10 horizon=15.00 frames=150 commit_frames=20[0m
[0m[INFO] [1788859961.473074687]: [sim_plan] built plan=904 start=1448.10 horizon=15.00 frames=150 commit_frames=20[0m
[0m[INFO] [1788859961.477367563]: [sim_plan] built plan=905 start=1450.10 horizon=15.00 frames=150 commit_frames=20[0m
[0m[INFO] [1788859961.483831750]: [sim_plan] built plan=906 start=1452.10 horizon=15.00 frames=150 commit_frames=20[0m
[0m[INFO] [1788859961.488889587]: [sim_plan] built plan=907 start=1454.10 horizon=15.00 frames=150 commit_frames=20[0m
[0m[INFO] [1788859961.491339390]: [multi_patrol][A1] V1 pickup leg: B23 -> A1  wpts=513 len=5.883[0m
[0m[INFO] [1788859961.505418844]: [sim_plan] built plan=908 start=1455.80 horizon=15.00 frames=150 commit_frames=20[0m
[0m[INFO] [1788859961.526423832]: [sim_plan] built plan=909 start=1457.80 horizon=15.00 frames=150 commit_frames=20[0m
[0m[INFO] [1788859961.537171969]: [sim_plan] built plan=910 start=1459.80 horizon=15.00 frames=150 commit_frames=20[0m
[0m[INFO] [1788859961.547448987]: [sim_plan] built plan=911 start=1461.80 horizon=15.00 frames=150 commit_frames=20[0m
[0m[INFO] [1788859961.557070263]: [sim_plan] built plan=912 start=1463.80 horizon=15.00 frames=150 commit_frames=20[0m
[0m[INFO] [1788859961.567316534]: [sim_plan] built plan=913 start=1465.80 horizon=15.00 frames=150 commit_frames=20[0m
[0m[INFO] [1788859961.578013037]: [sim_plan] built plan=914 start=1466.90 horizon=15.00 frames=150 commit_frames=20[0m
[0m[INFO] [1788859961.591322563]: [sim_plan] built plan=915 start=1468.90 horizon=15.00 frames=150 commit_frames=20[0m
[0m[INFO] [1788859961.606938968]: [sim_plan] built plan=916 start=1470.90 horizon=15.00 frames=150 commit_frames=20[0m
[0m[INFO] [1788859961.608014205]: [multi_patrol][A1] V0 activate prepared dropoff: A1 -> B4 len=1.681 priority_until_s=0.758[0m
[0m[INFO] [1788859961.620152802]: [sim_plan] built plan=917 start=1471.80 horizon=15.00 frames=150 commit_frames=20[0m
[0m[INFO] [1788859961.633917582]: [sim_plan] built plan=918 start=1473.80 horizon=15.00 frames=150 commit_frames=20[0m
[0m[INFO] [1788859961.644170098]: [sim_plan] built plan=919 start=1475.80 horizon=15.00 [33m[WARN] [1788859961.669122988]: [SLOT_DEPARTURE] time=24min47.6s vehicle=V0 owner=V1 result=HOLD reason=a1_stop_s_before_slot_clear candidate_path_gen=37 slot_departure_clear_s=0.346 vehicle_mode=DWELL vehicle_speed=0.000 vehicle_path_s=1.681 blocker=V1 a1_prefix_conflict=1 ordinary_road_conflict=0 owner_phase=TO_A1 owner_path_gen=41 geometry=pending_preview protected_zones=2 actual_occupancy_priority=0 spatial_stop_launch_infeasible=1 waiter_stop_s=0.225[0m
[33m[WARN] [1788859961.730925137]: [multi_patrol][A1 EXIT HORIZON] V1 target=B20 dwell_part=4.90s departure_window=10.10s total_horizon=15.00s[0m
[33m[WARN] [1788859961.759863115]: [multi_patrol][A1 EXIT HORIZON] V1 target=B20 dwell_part=2.90s departure_window=12.10s total_horizon=15.00s[0m
[33m[WARN] [1788859961.789910955]: [multi_patrol][A1 EXIT HORIZON] V1 target=B20 dwell_part=0.90s departure_window=14.10s total_horizon=15.00s[0m
[33m[WARN] [1788859961.819056072]: [SLOT_DEPARTURE] time=24min57.2s vehicle=V0 owner=V1 result=HOLD reason=ordinary_immediate_conflict candidate_path_gen=37 slot_departure_clear_s=0.346 vehicle_mode=DWELL vehicle_speed=0.000 vehicle_path_s=1.681 blocker=V1 a1_prefix_conflict=1 ordinary_road_conflict=1 first_t=2.450 candidate_s=0.338 interaction=SAME_DIRECTION owner_phase=TO_B owner_path_gen=42 geometry=actual_to_b protected_zones=2 actual_occupancy_priority=0 spatial_stop_launch_infeasible=1 waiter_stop_s=0.225[0m
[33m[WARN] [1788859961.846898452]: [SLOT_DEPARTURE] time=24min58.8s vehicle=V0 owner=V1 result=HOLD reason=a1_stop_s_before_slot_clear candidate_path_gen=37 slot_departure_clear_s=0.346 vehicle_mode=DWELL vehicle_speed=0.000 vehicle_path_s=1.681 blocker=V1 a1_prefix_conflict=1 ordinary_road_conflict=0 owner_phase=TO_B owner_path_gen=42 geometry=actual_to_b protected_zones=2 actual_occupancy_priority=0 spatial_stop_launch_infeasible=1 waiter_stop_s=0.225[0m
[33m[WARN] [1788859961.892325829]: [SLOT_DEPARTURE] time=25min1.8s vehicle=V0 owner=V1 result=ALLOW reason=slot_departure_clear_after_retry candidate_path_gen=37 slot_departure_clear_s=0.346 vehicle_mode=ACTIVE vehicle_speed=0.000 vehicle_path_s=0.000 blocker=none a1_prefix_conflict=0 ordinary_road_conflict=0 owner_phase=TO_B owner_path_gen=42 geometry=actual_to_b protected_zones=0 actual_occupancy_priority=0 spatial_stop_launch_infeasible=0[0m
[33m[WARN] [1788859961.892809344]: [multi_patrol][A1 EXIT PREPARED] V0 target=B15 pickup_dwell=5.00s exit_len=4.311 priority_until_s=0.758 horizon_refresh=IMMEDIATE[0m
[33m[WARN] [1788859961.961249709]: [multi_patrol][A1 EXIT HORIZON] V0 target=B15 dwell_part=4.90s departure_window=10.10s total_horizon=15.00s[0m
[33m[WARN] [1788859961.967698541]: [multi_patrol][A1 EXIT HORIZON] V0 target=B15 dwell_part=2.90s departure_window=12.10s total_horizon=15.00s[0m
[33m[WARN] [1788859961.974756169]: [multi_patrol][A1 EXIT HORIZON] V0 target=B15 dwell_part=0.90s departure_window=14.10s total_horizon=15.00s[0m
[33m[WARN] [1788859961.986267660]: [SOURCE=REAL] [plan=942] [frame=5] [rollout_step=-1] [multi_patrol][A1 EXIT INTRUSION ENTER] owner=V0 target=B15 blocker=V1 dwell_remaining=0.00s visible_exit_t=14.95s owner_exit_s=2.609 blocker_phase=4 blocker_s=3.786 action=DIAG_ONLY[0m
[33m[WARN] [1788859961.993150422]: [SOURCE=REAL] [plan=943] [frame=14] [rollout_step=-1] [multi_patrol][A1 EXIT INTRUSION CLEAR] owner=V0 blocker=V1[0m
[33m[WARN] [1788859962.004151249]: [SLOT_DEPARTURE] time=25min27.1s vehicle=V1 owner=none result=ALLOW reason=no_service_owner candidate_path_gen=43 slot_departure_clear_s=0.327 vehicle_mode=ACTIVE vehicle_speed=0.000 vehicle_path_s=0.000 blocker=none a1_prefix_conflict=0 ordinary_road_conflict=0[0m
[33m[WARN] [1788859962.004484697]: [multi_patrol][A1 EXIT PREPARED] V1 target=B46 pickup_dwell=5.00s exit_len=7.160 priority_until_s=0.758 horizon_refresh=IMMEDIATE[0m
frames=150 commit_frames=20[0m
[0m[INFO] [1788859961.645043001]: [multi_patrol][A1 EXIT PRIORITY RELEASE] V0 s=0.771 threshold=0.758[0m
[0m[INFO] [1788859961.651805130]: [sim_plan] built plan=920 start=1477.80 horizon=15.00 frames=150 commit_frames=20[0m
[0m[INFO] [1788859961.656626550]: [sim_plan] built plan=921 start=1479.80 horizon=15.00 frames=150 commit_frames=20[0m
[0m[INFO] [1788859961.660133050]: [sim_plan] built plan=922 start=1481.80 horizon=15.00 frames=150 commit_frames=20[0m
[0m[INFO] [1788859961.664595506]: [sim_plan] built plan=923 start=1483.80 horizon=15.00 frames=150 commit_frames=20[0m
[0m[INFO] [1788859961.667269648]: [sim_plan] built plan=924 start=1485.80 horizon=15.00 frames=150 commit_frames=20[0m
[0m[INFO] [1788859961.674699343]: [sim_plan] built plan=925 start=1487.80 horizon=15.00 frames=150 commit_frames=20[0m
[0m[INFO] [1788859961.704571406]: [sim_plan] built plan=926 start=1489.80 horizon=15.00 frames=150 commit_frames=20[0m
[0m[INFO] [1788859961.730886306]: [sim_plan] built plan=927 start=1491.40 horizon=15.00 frames=150 commit_frames=20[0m
[0m[INFO] [1788859961.759822430]: [sim_plan] built plan=928 start=1493.40 horizon=15.00 frames=150 commit_frames=20[0m
[0m[INFO] [1788859961.789871005]: [sim_plan] built plan=929 start=1495.40 horizon=15.00 frames=150 commit_frames=20[0m
[0m[INFO] [1788859961.802266685]: [multi_patrol][A1] V1 activate prepared dropoff: A1 -> B20 len=4.313 priority_until_s=0.758[0m
[0m[INFO] [1788859961.805573951]: [sim_plan] built plan=930 start=1496.30 horizon=15.00 frames=150 commit_frames=20[0m
[0m[INFO] [1788859961.839301470]: [sim_plan] built plan=931 start=1498.30 horizon=15.00 frames=150 commit_frames=20[0m
[0m[INFO] [1788859961.871594472]: [sim_plan] built plan=932 start=1500.30 horizon=15.00 frames=150 commit_frames=20[0m
[0m[INFO] [1788859961.892046145]: [multi_patrol][A1 EXIT PRIORITY RELEASE] V1 s=0.771 threshold=0.758[0m
[0m[INFO] [1788859961.892296182]: [multi_patrol][A1] V0 pickup leg: B4 -> A1  wpts=162 len=1.680[0m
[0m[INFO] [1788859961.907912026]: [sim_plan] built plan=933 start=1501.80 horizon=15.00 frames=150 commit_frames=20[0m
[0m[INFO] [1788859961.921836493]: [sim_plan] built plan=934 start=1503.80 horizon=15.00 frames=150 commit_frames=20[0m
[0m[INFO] [1788859961.932641688]: [sim_plan] built plan=935 start=1505.80 horizon=15.00 frames=150 commit_frames=20[0m
[0m[INFO] [1788859961.942903039]: [sim_plan] built plan=936 start=1507.80 horizon=15.00 frames=150 commit_frames=20[0m
[0m[INFO] [1788859961.950039889]: [sim_plan] built plan=937 start=1509.80 horizon=15.00 frames=150 commit_frames=20[0m
[0m[INFO] [1788859961.955945050]: [sim_plan] built plan=938 start=1511.80 horizon=15.00 frames=150 commit_frames=20[0m
[0m[INFO] [1788859961.961216674]: [sim_plan] built plan=939 start=1513.40 horizon=15.00 frames=150 commit_frames=20[0m
[0m[INFO] [1788859961.967663348]: [sim_plan] built plan=940 start=1515.40 horizon=15.00 frames=150 commit_frames=20[0m
[0m[INFO] [1788859961.974722693]: [sim_plan] built plan=941 start=1517.40 horizon=15.00 frames=150 commit_frames=20[0m
[0m[INFO] [1788859961.975710396]: [multi_patrol][A1] V0 activate prepared dropoff: A1 -> B15 len=4.311 priority_until_s=0.758[0m
[0m[INFO] [1788859961.981685228]: [sim_plan] built plan=942 start=1518.30 horizon=15.00 frames=150 commit_frames=20[0m
[0m[INFO] [1788859961.992151211]: [sim_plan] built plan=943 start=1520.30 horizon=15.00 frames=150 commit_frames=20[0m
[0m[INFO] [1788859961.996834925]: [sim_plan] built plan=944 start=1522.30 horizon=15.00 frames=150 commit_frames=20[0m
[0m[INFO] [1788859961.997903089]: [multi_patrol][A1 EXIT PRIORITY RELEASE] V0 s=0.771 threshold=0.758[0m
[0m[INFO] [1788859962.000600008]: [sim_plan] built plan=945 start=1524.30 horizon=15.00 frames=150 commit_frames=20[0m
[0m[INFO] [1788859962.003680252]: [sim_plan] built plan=946 start=1526.30 horizon=15.00 frames=150 commit_frames=20[0m
[0m[INFO] [1788859962.004119389]: [multi_patrol][A1] V1 pickup leg: B20 -> A1  wpts=304 len=3.391[0m
[0m[INFO[33m[WARN] [1788859962.216546724]: [SLOT_DEPARTURE] time=25min57.4s vehicle=V0 owner=V1 result=ALLOW reason=slot_departure_clear candidate_path_gen=39 slot_departure_clear_s=0.327 vehicle_mode=ACTIVE vehicle_speed=0.000 vehicle_path_s=0.000 blocker=none a1_prefix_conflict=0 ordinary_road_conflict=0 owner_phase=TO_A1 owner_path_gen=43 geometry=pending_preview protected_zones=0 actual_occupancy_priority=0 spatial_stop_launch_infeasible=0 waiter_stop_s=2.325[0m
[33m[WARN] [1788859962.216992216]: [multi_patrol][A1 EXIT PREPARED] V0 target=B22 pickup_dwell=5.00s exit_len=4.094 priority_until_s=0.758 horizon_refresh=IMMEDIATE[0m
[33m[WARN] [1788859962.295069488]: [multi_patrol][A1 EXIT HORIZON] V1 target=B46 dwell_part=4.90s departure_window=10.10s total_horizon=15.00s[0m
[33m[WARN] [1788859962.331392684]: [multi_patrol][A1 EXIT HORIZON] V1 target=B46 dwell_part=2.90s departure_window=12.10s total_horizon=15.00s[0m
[33m[WARN] [1788859962.371379512]: [multi_patrol][A1 EXIT HORIZON] V1 target=B46 dwell_part=0.90s departure_window=14.10s total_horizon=15.00s[0m
[33m[WARN] [1788859962.421442146]: [SOURCE=REAL] [plan=969] [frame=17] [rollout_step=-1] [multi_patrol][A1 EXIT INTRUSION ENTER] owner=V1 target=B46 blocker=V0 dwell_remaining=0.00s visible_exit_t=14.85s owner_exit_s=2.745 blocker_phase=1 blocker_s=1.751 action=DIAG_ONLY[0m
[33m[WARN] [1788859962.486933747]: [SOURCE=REAL] [plan=971] [frame=0] [rollout_step=-1] [multi_patrol][A1 EXIT INTRUSION CLEAR] owner=V1 blocker=V0[0m
] [1788859962.024083672]: [sim_plan] built plan=947 start=1527.10 horizon=15.00 frames=150 commit_frames=20[0m
[0m[INFO] [1788859962.040970604]: [sim_plan] built plan=948 start=1529.10 horizon=15.00 frames=150 commit_frames=20[0m
[0m[INFO] [1788859962.062847253]: [sim_plan] built plan=949 start=1531.10 horizon=15.00 frames=150 commit_frames=20[0m
[0m[INFO] [1788859962.075684100]: [sim_plan] built plan=950 start=1533.10 horizon=15.00 frames=150 commit_frames=20[0m
[0m[INFO] [1788859962.095012540]: [sim_plan] built plan=951 start=1535.10 horizon=15.00 frames=150 commit_frames=20[0m
[0m[INFO] [1788859962.115011273]: [sim_plan] built plan=952 start=1537.10 horizon=15.00 frames=150 commit_frames=20[0m
[0m[INFO] [1788859962.139442763]: [sim_plan] built plan=953 start=1539.10 horizon=15.00 frames=150 commit_frames=20[0m
[0m[INFO] [1788859962.154264716]: [sim_plan] built plan=954 start=1541.10 horizon=15.00 frames=150 commit_frames=20[0m
[0m[INFO] [1788859962.167649155]: [sim_plan] built plan=955 start=1543.10 horizon=15.00 frames=150 commit_frames=20[0m
[0m[INFO] [1788859962.177324534]: [sim_plan] built plan=956 start=1545.10 horizon=15.00 frames=150 commit_frames=20[0m
[0m[INFO] [1788859962.190308817]: [sim_plan] built plan=957 start=1547.10 horizon=15.00 frames=150 commit_frames=20[0m
[0m[INFO] [1788859962.197278098]: [sim_plan] built plan=958 start=1549.10 horizon=15.00 frames=150 commit_frames=20[0m
[0m[INFO] [1788859962.201867106]: [sim_plan] built plan=959 start=1551.10 horizon=15.00 frames=150 commit_frames=20[0m
[0m[INFO] [1788859962.205237954]: [sim_plan] built plan=960 start=1553.10 horizon=15.00 frames=150 commit_frames=20[0m
[0m[INFO] [1788859962.208389558]: [sim_plan] built plan=961 start=1555.10 horizon=15.00 frames=150 commit_frames=20[0m
[0m[INFO] [1788859962.211425048]: [sim_plan] built plan=962 start=1557.10 horizon=15.00 frames=150 commit_frames=20[0m
[0m[INFO] [1788859962.216506332]: [multi_patrol][A1] V0 pickup leg: B15 -> A1  wpts=295 len=3.763[0m
[0m[INFO] [1788859962.228588529]: [sim_plan] built plan=963 start=1557.40 horizon=15.00 frames=150 commit_frames=20[0m
[0m[INFO] [1788859962.241009578]: [sim_plan] built plan=964 start=1559.40 horizon=15.00 frames=150 commit_frames=20[0m
[0m[INFO] [1788859962.267527199]: [sim_plan] built plan=965 start=1561.40 horizon=15.00 frames=150 commit_frames=20[0m
[0m[INFO] [1788859962.295031218]: [sim_plan] built plan=966 start=1561.60 horizon=15.00 frames=150 commit_frames=20[0m
[0m[INFO] [1788859962.331335430]: [sim_plan] built plan=967 start=1563.60 horizon=15.00 frames=150 commit_frames=20[0m
[0m[INFO] [1788859962.371337513]: [sim_plan] built plan=968 start=1565.60 horizon=15.00 frames=150 commit_frames=20[0m
[0m[INFO] [1788859962.372682274]: [multi_patrol][A1] V1 activate prepared dropoff: A1 -> B46 len=7.160 priority_until_s=0.758[0m
[0m[INFO] [1788859962.414353128]: [sim_plan] built plan=969 start=1566.50 horizon=15.00 frames=150 commit_frames=20[0m
[0m[INFO] [1788859962.456580619]: [sim_plan] built plan=970 start=1568.50 horizon=15.00 frames=150 commit_frames=20[0m
[0m[INFO] [1788859962.486559313]: [sim_plan] built plan=971 start=1570.50 horizon=15.00 frames=150 commit_frames=20[0m
[0m[INFO] [1788859962.488306273]: [multi_patrol][A1 EXIT PRIORITY RELEASE] V1 s=0.771 threshold=0.758[0m
[0m[INFO] [1788859962.511865467]: [sim_plan] built plan=972 start=1572.50 horizon=15.00 frames=150 commit_frames=20[0m
[0m[INFO] [1788859962.534036577]: [sim_plan] built plan=973 start=1574.50 horizon=15.00 frames=150 commit_frames=20[0m
[0m[INFO] [1788859962.553386151]: [sim_plan] built plan=974 start=1576.50 horizon=15.00 frames=150 commit_frames=20[0m
[0m[INFO] [1788859962.567706908]: [sim_plan] built plan=975 start=1578.50 horizon=15.00 frames=150 commit_frames=20[0m
[0m[INFO] [1788859962.579074631]: [sim_plan] built plan=976 start=1580.50 horizon=15.00 frames=150 commit_frames=20[0m
[0m[INFO] [1788859962.589288409]: [sim_plan] built plan=977 start=1582.50 horizon=15.00 frames=150 commit_frames=20[0m
[0m[INFO] [1[33m[WARN] [1788859962.624451339]: [multi_patrol][A1 EXIT HORIZON] V0 target=B22 dwell_part=4.90s departure_window=10.10s total_horizon=15.00s[0m
[33m[WARN] [1788859962.636488958]: [multi_patrol][A1 EXIT HORIZON] V0 target=B22 dwell_part=2.90s departure_window=12.10s total_horizon=15.00s[0m
[33m[WARN] [1788859962.654779790]: [multi_patrol][A1 EXIT HORIZON] V0 target=B22 dwell_part=0.90s departure_window=14.10s total_horizon=15.00s[0m
[33m[WARN] [1788859962.749838297]: [SLOT_DEPARTURE] time=26min53.3s vehicle=V1 owner=none result=ALLOW reason=no_service_owner candidate_path_gen=45 slot_departure_clear_s=0.327 vehicle_mode=ACTIVE vehicle_speed=0.000 vehicle_path_s=0.000 blocker=none a1_prefix_conflict=0 ordinary_road_conflict=0[0m
[33m[WARN] [1788859962.750375143]: [multi_patrol][A1 EXIT PREPARED] V1 target=B65 pickup_dwell=5.00s exit_len=6.956 priority_until_s=0.758 horizon_refresh=IMMEDIATE[0m
[33m[WARN] [1788859962.787700596]: [SLOT_DEPARTURE] time=27min3.4s vehicle=V0 owner=none result=ALLOW reason=no_service_owner candidate_path_gen=41 slot_departure_clear_s=0.327 vehicle_mode=ACTIVE vehicle_speed=0.000 vehicle_path_s=0.000 blocker=none a1_prefix_conflict=0 ordinary_road_conflict=0[0m
[33m[WARN] [1788859962.788086007]: [multi_patrol][A1 EXIT PREPARED] V0 target=B42 pickup_dwell=5.00s exit_len=5.845 priority_until_s=0.758 horizon_refresh=IMMEDIATE[0m
788859962.598210264]: [sim_plan] built plan=978 start=1584.50 horizon=15.00 frames=150 commit_frames=20[0m
[0m[INFO] [1788859962.607349297]: [sim_plan] built plan=979 start=1586.50 horizon=15.00 frames=150 commit_frames=20[0m
[0m[INFO] [1788859962.616222354]: [sim_plan] built plan=980 start=1588.50 horizon=15.00 frames=150 commit_frames=20[0m
[0m[INFO] [1788859962.624404160]: [sim_plan] built plan=981 start=1588.70 horizon=15.00 frames=150 commit_frames=20[0m
[0m[INFO] [1788859962.636432293]: [sim_plan] built plan=982 start=1590.70 horizon=15.00 frames=150 commit_frames=20[0m
[0m[INFO] [1788859962.654723620]: [sim_plan] built plan=983 start=1592.70 horizon=15.00 frames=150 commit_frames=20[0m
[0m[INFO] [1788859962.656118913]: [multi_patrol][A1] V0 activate prepared dropoff: A1 -> B22 len=4.094 priority_until_s=0.758[0m
[0m[INFO] [1788859962.671680010]: [sim_plan] built plan=984 start=1593.60 horizon=15.00 frames=150 commit_frames=20[0m
[0m[INFO] [1788859962.691520510]: [sim_plan] built plan=985 start=1595.60 horizon=15.00 frames=150 commit_frames=20[0m
[0m[INFO] [1788859962.706326061]: [sim_plan] built plan=986 start=1597.60 horizon=15.00 frames=150 commit_frames=20[0m
[0m[INFO] [1788859962.707447898]: [multi_patrol][A1 EXIT PRIORITY RELEASE] V0 s=0.771 threshold=0.758[0m
[0m[INFO] [1788859962.717906339]: [sim_plan] built plan=987 start=1599.60 horizon=15.00 frames=150 commit_frames=20[0m
[0m[INFO] [1788859962.728173477]: [sim_plan] built plan=988 start=1601.60 horizon=15.00 frames=150 commit_frames=20[0m
[0m[INFO] [1788859962.736588164]: [sim_plan] built plan=989 start=1603.60 horizon=15.00 frames=150 commit_frames=20[0m
[0m[INFO] [1788859962.741738560]: [sim_plan] built plan=990 start=1605.60 horizon=15.00 frames=150 commit_frames=20[0m
[0m[INFO] [1788859962.745150212]: [sim_plan] built plan=991 start=1607.60 horizon=15.00 frames=150 commit_frames=20[0m
[0m[INFO] [1788859962.747458091]: [sim_plan] built plan=992 start=1609.60 horizon=15.00 frames=150 commit_frames=20[0m
[0m[INFO] [1788859962.749155816]: [sim_plan] built plan=993 start=1611.60 horizon=15.00 frames=150 commit_frames=20[0m
[0m[INFO] [1788859962.749790558]: [multi_patrol][A1] V1 pickup leg: B46 -> A1  wpts=462 len=5.089[0m
[0m[INFO] [1788859962.759492523]: [sim_plan] built plan=994 start=1613.30 horizon=15.00 frames=150 commit_frames=20[0m
[0m[INFO] [1788859962.770441589]: [sim_plan] built plan=995 start=1615.30 horizon=15.00 frames=150 commit_frames=20[0m
[0m[INFO] [1788859962.775804827]: [sim_plan] built plan=996 start=1617.30 horizon=15.00 frames=150 commit_frames=20[0m
[0m[INFO] [1788859962.779842593]: [sim_plan] built plan=997 start=1619.30 horizon=15.00 frames=150 commit_frames=20[0m
[0m[INFO] [1788859962.783507377]: [sim_plan] built plan=998 start=1621.30 horizon=15.00 frames=150 commit_frames=20[0m
[0m[INFO] [1788859962.787162398]: [sim_plan] built plan=999 start=1623.30 horizon=15.00 frames=150 commit_frames=20[0m
[0m[INFO] [1788859962.787665274]: [multi_patrol][A1] V0 pickup leg: B22 -> A1  wpts=288 len=3.280[0m
[0m[INFO] [1788859962.814194806]: [sim_plan] built plan=1000 start=1623.40 horizon=15.00 frames=150 commit_frames=20[0m
[0m[INFO] [1788859962.836524049]: [sim_plan] built plan=1001 start=1625.40 horizon=15.00 frames=150 commit_frames=20[0m
[0m[INFO] [1788859962.859451469]: [sim_plan] built plan=1002 start=1627.40 horizon=15.00 frames=150 commit_frames=20[0m
[0m[INFO] [1788859962.892525138]: [sim_plan] built plan=1003 start=1629.40 horizon=15.00 frames=150 commit_frames=20[0m
[0m[INFO] [1788859962.920552549]: [sim_plan] built plan=1004 start=1631.40 horizon=15.00 frames=150 commit_frames=20[0m
[0m[INFO] [1788859962.946650844]: [sim_plan] built plan=1005 start=1633.40 horizon=15.00 frames=150 commit_frames=20[0m
[0m[INFO] [1788859962.973112672]: [sim_plan] built plan=1006 start=1635.40 horizon=15.00 frames=150 commit_frames=20[0m
[0m[INFO] [1788859962.999371043]: [sim_plan] built plan=1007 start=1637.40 horizon=15.00 frames=150 commit_frames=20[0m
[0m[INFO] [1788859963.0218[33m[WARN] [1788859963.095371323]: [multi_patrol][A1 EXIT HORIZON] V0 target=B42 dwell_part=4.90s departure_window=10.10s total_horizon=15.00s[0m
[33m[WARN] [1788859963.130407227]: [multi_patrol][A1 EXIT HORIZON] V0 target=B42 dwell_part=2.90s departure_window=12.10s total_horizon=15.00s[0m
[33m[WARN] [1788859963.167083475]: [multi_patrol][A1 EXIT HORIZON] V0 target=B42 dwell_part=0.90s departure_window=14.10s total_horizon=15.00s[0m
[33m[WARN] [1788859963.420214660]: [multi_patrol][A1 EXIT HORIZON] V1 target=B65 dwell_part=4.90s departure_window=10.10s total_horizon=15.00s[0m
[33m[WARN] [1788859963.430270950]: [multi_patrol][A1 EXIT HORIZON] V1 target=B65 dwell_part=2.90s departure_window=12.10s total_horizon=15.00s[0m
[33m[WARN] [1788859963.441904001]: [multi_patrol][A1 EXIT HORIZON] V1 target=B65 dwell_part=0.90s departure_window=14.10s total_horizon=15.00s[0m
[33m[WARN] [1788859963.499956375]: [SLOT_DEPARTURE] time=28min9.3s vehicle=V0 owner=none result=ALLOW reason=no_service_owner candidate_path_gen=43 slot_departure_clear_s=0.327 vehicle_mode=ACTIVE vehicle_speed=0.000 vehicle_path_s=0.000 blocker=none a1_prefix_conflict=0 ordinary_road_conflict=0[0m
[33m[WARN] [1788859963.500363872]: [multi_patrol][A1 EXIT PREPARED] V0 target=B32 pickup_dwell=5.00s exit_len=4.055 priority_until_s=0.758 horizon_refresh=IMMEDIATE[0m
78760]: [sim_plan] built plan=1008 start=1639.40 horizon=15.00 frames=150 commit_frames=20[0m
[0m[INFO] [1788859963.043791531]: [sim_plan] built plan=1009 start=1641.40 horizon=15.00 frames=150 commit_frames=20[0m
[0m[INFO] [1788859963.069485853]: [sim_plan] built plan=1010 start=1643.40 horizon=15.00 frames=150 commit_frames=20[0m
[0m[INFO] [1788859963.095327028]: [sim_plan] built plan=1011 start=1644.20 horizon=15.00 frames=150 commit_frames=20[0m
[0m[INFO] [1788859963.130361169]: [sim_plan] built plan=1012 start=1646.20 horizon=15.00 frames=150 commit_frames=20[0m
[0m[INFO] [1788859963.167041568]: [sim_plan] built plan=1013 start=1648.20 horizon=15.00 frames=150 commit_frames=20[0m
[0m[INFO] [1788859963.168167428]: [multi_patrol][A1] V0 activate prepared dropoff: A1 -> B42 len=5.845 priority_until_s=0.758[0m
[0m[INFO] [1788859963.203749174]: [sim_plan] built plan=1014 start=1649.10 horizon=15.00 frames=150 commit_frames=20[0m
[0m[INFO] [1788859963.248241018]: [sim_plan] built plan=1015 start=1651.10 horizon=15.00 frames=150 commit_frames=20[0m
[0m[INFO] [1788859963.277815252]: [sim_plan] built plan=1016 start=1653.10 horizon=15.00 frames=150 commit_frames=20[0m
[0m[INFO] [1788859963.279188551]: [multi_patrol][A1 EXIT PRIORITY RELEASE] V0 s=0.771 threshold=0.758[0m
[0m[INFO] [1788859963.304522865]: [sim_plan] built plan=1017 start=1655.10 horizon=15.00 frames=150 commit_frames=20[0m
[0m[INFO] [1788859963.326381624]: [sim_plan] built plan=1018 start=1657.10 horizon=15.00 frames=150 commit_frames=20[0m
[0m[INFO] [1788859963.343845400]: [sim_plan] built plan=1019 start=1659.10 horizon=15.00 frames=150 commit_frames=20[0m
[0m[INFO] [1788859963.358086302]: [sim_plan] built plan=1020 start=1661.10 horizon=15.00 frames=150 commit_frames=20[0m
[0m[INFO] [1788859963.371652348]: [sim_plan] built plan=1021 start=1663.10 horizon=15.00 frames=150 commit_frames=20[0m
[0m[INFO] [1788859963.382423380]: [sim_plan] built plan=1022 start=1665.10 horizon=15.00 frames=150 commit_frames=20[0m
[0m[INFO] [1788859963.393458152]: [sim_plan] built plan=1023 start=1667.10 horizon=15.00 frames=150 commit_frames=20[0m
[0m[INFO] [1788859963.403151091]: [sim_plan] built plan=1024 start=1669.10 horizon=15.00 frames=150 commit_frames=20[0m
[0m[INFO] [1788859963.411908244]: [sim_plan] built plan=1025 start=1671.10 horizon=15.00 frames=150 commit_frames=20[0m
[0m[INFO] [1788859963.420147469]: [sim_plan] built plan=1026 start=1671.30 horizon=15.00 frames=150 commit_frames=20[0m
[0m[INFO] [1788859963.430224864]: [sim_plan] built plan=1027 start=1673.30 horizon=15.00 frames=150 commit_frames=20[0m
[0m[INFO] [1788859963.441861764]: [sim_plan] built plan=1028 start=1675.30 horizon=15.00 frames=150 commit_frames=20[0m
[0m[INFO] [1788859963.443039752]: [multi_patrol][A1] V1 activate prepared dropoff: A1 -> B65 len=6.956 priority_until_s=0.758[0m
[0m[INFO] [1788859963.453946772]: [sim_plan] built plan=1029 start=1676.20 horizon=15.00 frames=150 commit_frames=20[0m
[0m[INFO] [1788859963.472462613]: [sim_plan] built plan=1030 start=1678.20 horizon=15.00 frames=150 commit_frames=20[0m
[0m[INFO] [1788859963.481008476]: [sim_plan] built plan=1031 start=1680.20 horizon=15.00 frames=150 commit_frames=20[0m
[0m[INFO] [1788859963.482416328]: [multi_patrol][A1 EXIT PRIORITY RELEASE] V1 s=0.771 threshold=0.758[0m
[0m[INFO] [1788859963.488307003]: [sim_plan] built plan=1032 start=1682.20 horizon=15.00 frames=150 commit_frames=20[0m
[0m[INFO] [1788859963.492253518]: [sim_plan] built plan=1033 start=1684.20 horizon=15.00 frames=150 commit_frames=20[0m
[0m[INFO] [1788859963.495747223]: [sim_plan] built plan=1034 start=1686.20 horizon=15.00 frames=150 commit_frames=20[0m
[0m[INFO] [1788859963.499327723]: [sim_plan] built plan=1035 start=1688.20 horizon=15.00 frames=150 commit_frames=20[0m
[0m[INFO] [1788859963.499919115]: [multi_patrol][A1] V0 pickup leg: B42 -> A1  wpts=509 len=5.565[0m
[0m[INFO] [1788859963.530168903]: [sim_plan] built plan=1036 start=1689.30 horizon=15.00 frames=150 commit_frames=20[0m
[0m[I[33m[WARN] [1788859963.648882026]: [DEADLOCK] event=CONFIRMED pair=V0-V1 duration=4 path_gen=43/46[0m
[33m[WARN] [1788859963.649481041]: [DEADLOCK] event=SELECT pair=V0-V1 retreat=V0 pass=V1 target_s=1.01615 pass_clear_s=4.555 distance=0.07 estimated_time=0.7 selection_reason=priority_yielding_vehicle_retreat[0m
[33m[WARN] [1788859963.663474340]: [DEADLOCK] event=RETREAT_DONE pair=V0-V1 retreat=V0 pass=V1 target_s=1.01615[0m
[33m[WARN] [1788859963.663960123]: [DEADLOCK] event=PASS_START pair=V0-V1 retreat=V0 pass=V1 target_s=1.01615[0m
[33m[WARN] [1788859963.695792083]: [DEADLOCK] event=CLEAR pair=V0-V1 pass_s=4.57114 reason=passer_cleared_pass_corridor[0m
[33m[WARN] [1788859963.793340001]: [SLOT_DEPARTURE] time=28min48.4s vehicle=V1 owner=V0 result=ALLOW reason=slot_departure_clear candidate_path_gen=47 slot_departure_clear_s=0.346 vehicle_mode=ACTIVE vehicle_speed=0.000 vehicle_path_s=0.000 blocker=none a1_prefix_conflict=0 ordinary_road_conflict=0 owner_phase=TO_A1 owner_path_gen=43 geometry=pending_preview protected_zones=0 actual_occupancy_priority=0 spatial_stop_launch_infeasible=0 waiter_stop_s=5.575[0m
[33m[WARN] [1788859963.793734164]: [multi_patrol][A1 EXIT PREPARED] V1 target=B64 pickup_dwell=5.00s exit_len=6.737 priority_until_s=0.758 horizon_refresh=IMMEDIATE[0m
[33m[WARN] [1788859963.881631705]: [multi_patrol][A1 EXIT HORIZON] V0 target=B32 dwell_part=4.90s departure_window=10.10s total_horizon=15.00s[0m
[33m[WARN] [1788859963.895286009]: [multi_patrol][A1 EXIT HORIZON] V0 target=B32 dwell_part=2.90s departure_window=12.10s total_horizon=15.00s[0m
[33m[WARN] [1788859963.911611140]: [multi_patrol][A1 EXIT HORIZON] V0 target=B32 dwell_part=0.90s departure_window=14.10s total_horizon=15.00s[0m
NFO] [1788859963.550809245]: [sim_plan] built plan=1037 start=1691.30 horizon=15.00 frames=150 commit_frames=20[0m
[0m[INFO] [1788859963.568304394]: [sim_plan] built plan=1038 start=1693.30 horizon=15.00 frames=150 commit_frames=20[0m
[0m[INFO] [1788859963.583315108]: [sim_plan] built plan=1039 start=1695.30 horizon=15.00 frames=150 commit_frames=20[0m
[0m[INFO] [1788859963.597109616]: [sim_plan] built plan=1040 start=1697.30 horizon=15.00 frames=150 commit_frames=20[0m
[0m[INFO] [1788859963.609529212]: [sim_plan] built plan=1041 start=1699.30 horizon=15.00 frames=150 commit_frames=20[0m
[0m[INFO] [1788859963.621954199]: [sim_plan] built plan=1042 start=1701.30 horizon=15.00 frames=150 commit_frames=20[0m
[0m[INFO] [1788859963.635821418]: [sim_plan] built plan=1043 start=1703.30 horizon=15.00 frames=150 commit_frames=20[0m
[0m[INFO] [1788859963.648353859]: [sim_plan] built plan=1044 start=1705.30 horizon=15.00 frames=150 commit_frames=20[0m
[0m[INFO] [1788859963.662943104]: [sim_plan] built plan=1045 start=1705.70 horizon=15.00 frames=150 commit_frames=20[0m
[0m[INFO] [1788859963.677921176]: [sim_plan] built plan=1046 start=1706.50 horizon=15.00 frames=150 commit_frames=20[0m
[0m[INFO] [1788859963.695288914]: [sim_plan] built plan=1047 start=1708.50 horizon=15.00 frames=150 commit_frames=20[0m
[0m[INFO] [1788859963.710322900]: [sim_plan] built plan=1048 start=1709.90 horizon=15.00 frames=150 commit_frames=20[0m
[0m[INFO] [1788859963.724957918]: [sim_plan] built plan=1049 start=1711.90 horizon=15.00 frames=150 commit_frames=20[0m
[0m[INFO] [1788859963.737240230]: [sim_plan] built plan=1050 start=1713.90 horizon=15.00 frames=150 commit_frames=20[0m
[0m[INFO] [1788859963.747827663]: [sim_plan] built plan=1051 start=1715.90 horizon=15.00 frames=150 commit_frames=20[0m
[0m[INFO] [1788859963.757177833]: [sim_plan] built plan=1052 start=1717.90 horizon=15.00 frames=150 commit_frames=20[0m
[0m[INFO] [1788859963.764239519]: [sim_plan] built plan=1053 start=1719.90 horizon=15.00 frames=150 commit_frames=20[0m
[0m[INFO] [1788859963.769417293]: [sim_plan] built plan=1054 start=1721.90 horizon=15.00 frames=150 commit_frames=20[0m
[0m[INFO] [1788859963.773673452]: [sim_plan] built plan=1055 start=1723.90 horizon=15.00 frames=150 commit_frames=20[0m
[0m[INFO] [1788859963.783670665]: [sim_plan] built plan=1056 start=1725.90 horizon=15.00 frames=150 commit_frames=20[0m
[0m[INFO] [1788859963.788562867]: [sim_plan] built plan=1057 start=1727.90 horizon=15.00 frames=150 commit_frames=20[0m
[0m[INFO] [1788859963.793302383]: [multi_patrol][A1] V1 pickup leg: B65 -> A1  wpts=567 len=6.684[0m
[0m[INFO] [1788859963.807904772]: [sim_plan] built plan=1058 start=1728.40 horizon=15.00 frames=150 commit_frames=20[0m
[0m[INFO] [1788859963.827098788]: [sim_plan] built plan=1059 start=1730.40 horizon=15.00 frames=150 commit_frames=20[0m
[0m[INFO] [1788859963.838698269]: [sim_plan] built plan=1060 start=1732.40 horizon=15.00 frames=150 commit_frames=20[0m
[0m[INFO] [1788859963.850097510]: [sim_plan] built plan=1061 start=1734.40 horizon=15.00 frames=150 commit_frames=20[0m
[0m[INFO] [1788859963.860040862]: [sim_plan] built plan=1062 start=1736.40 horizon=15.00 frames=150 commit_frames=20[0m
[0m[INFO] [1788859963.870147894]: [sim_plan] built plan=1063 start=1738.40 horizon=15.00 frames=150 commit_frames=20[0m
[0m[INFO] [1788859963.881595877]: [sim_plan] built plan=1064 start=1739.90 horizon=15.00 frames=150 commit_frames=20[0m
[0m[INFO] [1788859963.895232714]: [sim_plan] built plan=1065 start=1741.90 horizon=15.00 frames=150 commit_frames=20[0m
[0m[INFO] [1788859963.911566744]: [sim_plan] built plan=1066 start=1743.90 horizon=15.00 frames=150 commit_frames=20[0m
[0m[INFO] [1788859963.913043722]: [multi_patrol][A1] V0 activate prepared dropoff: A1 -> B32 len=4.055 priority_until_s=0.758[0m
[0m[INFO] [1788859963.929758783]: [sim_plan] built plan=1067 start=1744.80 horizon=15.00 frames=150 commit_frames=20[0m
[0m[INFO] [1788859963.954102821]: [sim_plan] built plan=1068 start=1746.80 horizon=15[33m[WARN] [1788859964.090788684]: [multi_patrol][A1 EXIT HORIZON] V1 target=B64 dwell_part=4.90s departure_window=10.10s total_horizon=15.00s[0m
[33m[WARN] [1788859964.095111637]: [multi_patrol][A1 EXIT HORIZON] V1 target=B64 dwell_part=2.90s departure_window=12.10s total_horizon=15.00s[0m
[33m[WARN] [1788859964.099877834]: [multi_patrol][A1 EXIT HORIZON] V1 target=B64 dwell_part=0.90s departure_window=14.10s total_horizon=15.00s[0m
[33m[WARN] [1788859964.108390729]: [SLOT_DEPARTURE] time=29min34.4s vehicle=V0 owner=V1 result=HOLD reason=a1_stop_s_before_slot_clear candidate_path_gen=45 slot_departure_clear_s=0.327 vehicle_mode=DWELL vehicle_speed=0.000 vehicle_path_s=4.055 blocker=V1 a1_prefix_conflict=1 ordinary_road_conflict=0 owner_phase=TO_B owner_path_gen=48 geometry=actual_to_b protected_zones=2 actual_occupancy_priority=0 spatial_stop_launch_infeasible=1 waiter_stop_s=0.200[0m
[33m[WARN] [1788859964.339593637]: [SLOT_DEPARTURE] time=29min39.3s vehicle=V0 owner=V1 result=ALLOW reason=slot_departure_clear_after_retry candidate_path_gen=45 slot_departure_clear_s=0.327 vehicle_mode=ACTIVE vehicle_speed=0.000 vehicle_path_s=0.000 blocker=none a1_prefix_conflict=0 ordinary_road_conflict=0 owner_phase=TO_B owner_path_gen=48 geometry=actual_to_b protected_zones=0 actual_occupancy_priority=0 spatial_stop_launch_infeasible=0[0m
[33m[WARN] [1788859964.340089469]: [multi_patrol][A1 EXIT PREPARED] V0 target=B7 pickup_dwell=5.00s exit_len=2.116 priority_until_s=0.756 horizon_refresh=IMMEDIATE[0m
.00 frames=150 commit_frames=20[0m
[0m[INFO] [1788859963.975819659]: [sim_plan] built plan=1069 start=1748.80 horizon=15.00 frames=150 commit_frames=20[0m
[0m[INFO] [1788859963.977786130]: [multi_patrol][A1 EXIT PRIORITY RELEASE] V0 s=0.771 threshold=0.758[0m
[0m[INFO] [1788859963.995082938]: [sim_plan] built plan=1070 start=1750.80 horizon=15.00 frames=150 commit_frames=20[0m
[0m[INFO] [1788859964.011962091]: [sim_plan] built plan=1071 start=1752.80 horizon=15.00 frames=150 commit_frames=20[0m
[0m[INFO] [1788859964.034006978]: [sim_plan] built plan=1072 start=1754.80 horizon=15.00 frames=150 commit_frames=20[0m
[0m[INFO] [1788859964.049889506]: [sim_plan] built plan=1073 start=1756.80 horizon=15.00 frames=150 commit_frames=20[0m
[0m[INFO] [1788859964.059751341]: [sim_plan] built plan=1074 start=1758.80 horizon=15.00 frames=150 commit_frames=20[0m
[0m[INFO] [1788859964.068381029]: [sim_plan] built plan=1075 start=1760.80 horizon=15.00 frames=150 commit_frames=20[0m
[0m[INFO] [1788859964.075220049]: [sim_plan] built plan=1076 start=1762.80 horizon=15.00 frames=150 commit_frames=20[0m
[0m[INFO] [1788859964.080680403]: [sim_plan] built plan=1077 start=1764.80 horizon=15.00 frames=150 commit_frames=20[0m
[0m[INFO] [1788859964.084713488]: [sim_plan] built plan=1078 start=1766.80 horizon=15.00 frames=150 commit_frames=20[0m
[0m[INFO] [1788859964.087577998]: [sim_plan] built plan=1079 start=1768.80 horizon=15.00 frames=150 commit_frames=20[0m
[0m[INFO] [1788859964.090753849]: [sim_plan] built plan=1080 start=1768.90 horizon=15.00 frames=150 commit_frames=20[0m
[0m[INFO] [1788859964.095078198]: [sim_plan] built plan=1081 start=1770.90 horizon=15.00 frames=150 commit_frames=20[0m
[0m[INFO] [1788859964.099846470]: [sim_plan] built plan=1082 start=1772.90 horizon=15.00 frames=150 commit_frames=20[0m
[0m[INFO] [1788859964.100853579]: [multi_patrol][A1] V1 activate prepared dropoff: A1 -> B64 len=6.737 priority_until_s=0.758[0m
[0m[INFO] [1788859964.103906942]: [sim_plan] built plan=1083 start=1773.80 horizon=15.00 frames=150 commit_frames=20[0m
[0m[INFO] [1788859964.174812849]: [sim_plan] built plan=1084 start=1775.80 horizon=15.00 frames=150 commit_frames=20[0m
[0m[INFO] [1788859964.268426857]: [sim_plan] built plan=1085 start=1777.80 horizon=15.00 frames=150 commit_frames=20[0m
[0m[INFO] [1788859964.339242915]: [multi_patrol][A1 EXIT PRIORITY RELEASE] V1 s=0.771 threshold=0.758[0m
[0m[INFO] [1788859964.339556478]: [multi_patrol][A1] V0 pickup leg: B32 -> A1  wpts=286 len=3.302[0m
[0m[INFO] [1788859964.388394644]: [sim_plan] built plan=1086 start=1779.30 horizon=15.00 frames=150 commit_frames=20[0m
[0m[INFO] [1788859964.435692241]: [sim_plan] built plan=1087 start=1781.30 horizon=15.00 frames=150 commit_frames=20[0m
[0m[INFO] [1788859964.471636710]: [sim_plan] built plan=1088 start=1783.30 horizon=15.00 frames=150 commit_frames=20[0m
[0m[INFO] [1788859964.499461769]: [sim_plan] built plan=1089 start=1785.30 horizon=15.00 frames=150 commit_frames=20[0m
[0m[INFO] [1788859964.524997235]: [sim_plan] built plan=1090 start=1787.30 horizon=15.00 frames=150 commit_frames=20[0m
[0m[INFO] [1788859964.545263214]: [sim_plan] built plan=1091 start=1789.30 horizon=15.00 frames=150 commit_frames=20[0m
[0m[INFO] [1788859964.562556000]: [sim_plan] built plan=1092 start=1791.30 horizon=15.00 frames=150 commit_frames=20[0m
[0m[INFO] [1788859964.580001260]: [sim_plan] built plan=1093 start=1793.30 horizon=15.00 frames=150 commit_frames=20[0m
[0m[INFO] [1788859964.597398801]: [sim_plan] built plan=1094 start=1795.30 horizon=15.00 frames=150 commit_frames=20[0m
[0m[INFO] [1788859964.617490485]: [sim_plan] built plan=1095 start=1797.30 horizon=15.00 frames=150 commit_frames=20[0m
[0m[INFO] [1788859964.634142910]: [sim_plan] built plan=1096 start=1799.30 horizon=15.00 frames=150 commit_frames=20[0m
[0m[INFO] [1788859964.649584090]: [sim_plan] built plan=1097 start=1801.30 horizon=15.00 frames=150 commit_frames=20[0m
[0m[INFO] [1788859964.661447625]: [sim_plan] built plan=1098 start=1803.3[33m[WARN] [1788859964.695172794]: [multi_patrol][A1 EXIT HORIZON] V0 target=B7 dwell_part=4.90s departure_window=10.10s total_horizon=15.00s[0m
[33m[WARN] [1788859964.699271666]: [multi_patrol][A1 EXIT HORIZON] V0 target=B7 dwell_part=2.90s departure_window=12.10s total_horizon=15.00s[0m
[33m[WARN] [1788859964.702873409]: [SLOT_DEPARTURE] time=30min18.5s vehicle=V1 owner=V0 result=ALLOW reason=slot_departure_clear candidate_path_gen=49 slot_departure_clear_s=0.346 vehicle_mode=ACTIVE vehicle_speed=0.000 vehicle_path_s=0.000 blocker=none a1_prefix_conflict=0 ordinary_road_conflict=0 owner_phase=PICKUP_DWELL owner_path_gen=45 geometry=pending_preview protected_zones=0 actual_occupancy_priority=0 spatial_stop_launch_infeasible=0 waiter_stop_s=5.225[0m
[33m[WARN] [1788859964.703374145]: [multi_patrol][A1 EXIT PREPARED] V1 target=B63 pickup_dwell=5.00s exit_len=6.551 priority_until_s=0.758 horizon_refresh=IMMEDIATE[0m
[33m[WARN] [1788859964.717996122]: [multi_patrol][A1 EXIT HORIZON] V0 target=B7 dwell_part=0.90s departure_window=14.10s total_horizon=15.00s[0m
[33m[WARN] [1788859964.801739127]: [SLOT_DEPARTURE] time=30min37.4s vehicle=V0 owner=none result=ALLOW reason=no_service_owner candidate_path_gen=47 slot_departure_clear_s=0.346 vehicle_mode=ACTIVE vehicle_speed=0.000 vehicle_path_s=0.000 blocker=none a1_prefix_conflict=0 ordinary_road_conflict=0[0m
[33m[WARN] [1788859964.802166500]: [multi_patrol][A1 EXIT PREPARED] V0 target=B60 pickup_dwell=5.00s exit_len=8.803 priority_until_s=0.758 horizon_refresh=IMMEDIATE[0m
[33m[WARN] [1788859964.979390405]: [multi_patrol][A1 EXIT HORIZON] V0 target=B60 dwell_part=4.90s departure_window=10.10s total_horizon=15.00s[0m
[33m[WARN] [1788859964.999057314]: [multi_patrol][A1 EXIT HORIZON] V0 target=B60 dwell_part=2.90s departure_window=12.10s total_horizon=15.00s[0m
[33m[WARN] [1788859965.026549339]: [multi_patrol][A1 EXIT HORIZON] V0 target=B60 dwell_part=0.90s departure_window=14.10s total_horizon=15.00s[0m
0 horizon=15.00 frames=150 commit_frames=20[0m
[0m[INFO] [1788859964.670732505]: [sim_plan] built plan=1099 start=1805.30 horizon=15.00 frames=150 commit_frames=20[0m
[0m[INFO] [1788859964.677960473]: [sim_plan] built plan=1100 start=1807.30 horizon=15.00 frames=150 commit_frames=20[0m
[0m[INFO] [1788859964.683861995]: [sim_plan] built plan=1101 start=1809.30 horizon=15.00 frames=150 commit_frames=20[0m
[0m[INFO] [1788859964.688948670]: [sim_plan] built plan=1102 start=1811.30 horizon=15.00 frames=150 commit_frames=20[0m
[0m[INFO] [1788859964.692009977]: [sim_plan] built plan=1103 start=1813.30 horizon=15.00 frames=150 commit_frames=20[0m
[0m[INFO] [1788859964.695138951]: [sim_plan] built plan=1104 start=1814.50 horizon=15.00 frames=150 commit_frames=20[0m
[0m[INFO] [1788859964.699238208]: [sim_plan] built plan=1105 start=1816.50 horizon=15.00 frames=150 commit_frames=20[0m
[0m[INFO] [1788859964.702836930]: [multi_patrol][A1] V1 pickup leg: B64 -> A1  wpts=545 len=6.464[0m
[0m[INFO] [1788859964.717937215]: [sim_plan] built plan=1106 start=1818.50 horizon=15.00 frames=150 commit_frames=20[0m
[0m[INFO] [1788859964.719212538]: [multi_patrol][A1] V0 activate prepared dropoff: A1 -> B7 len=2.116 priority_until_s=0.756[0m
[0m[INFO] [1788859964.732887800]: [sim_plan] built plan=1107 start=1819.40 horizon=15.00 frames=150 commit_frames=20[0m
[0m[INFO] [1788859964.750185261]: [sim_plan] built plan=1108 start=1821.40 horizon=15.00 frames=150 commit_frames=20[0m
[0m[INFO] [1788859964.762589197]: [sim_plan] built plan=1109 start=1823.40 horizon=15.00 frames=150 commit_frames=20[0m
[0m[INFO] [1788859964.763364961]: [multi_patrol][A1 EXIT PRIORITY RELEASE] V0 s=0.768 threshold=0.756[0m
[0m[INFO] [1788859964.773936250]: [sim_plan] built plan=1110 start=1825.40 horizon=15.00 frames=150 commit_frames=20[0m
[0m[INFO] [1788859964.782830050]: [sim_plan] built plan=1111 start=1827.40 horizon=15.00 frames=150 commit_frames=20[0m
[0m[INFO] [1788859964.789327100]: [sim_plan] built plan=1112 start=1829.40 horizon=15.00 frames=150 commit_frames=20[0m
[0m[INFO] [1788859964.794064715]: [sim_plan] built plan=1113 start=1831.40 horizon=15.00 frames=150 commit_frames=20[0m
[0m[INFO] [1788859964.797629201]: [sim_plan] built plan=1114 start=1833.40 horizon=15.00 frames=150 commit_frames=20[0m
[0m[INFO] [1788859964.801127861]: [sim_plan] built plan=1115 start=1835.40 horizon=15.00 frames=150 commit_frames=20[0m
[0m[INFO] [1788859964.801698616]: [multi_patrol][A1] V0 pickup leg: B7 -> A1  wpts=162 len=2.116[0m
[0m[INFO] [1788859964.826250857]: [sim_plan] built plan=1116 start=1837.40 horizon=15.00 frames=150 commit_frames=20[0m
[0m[INFO] [1788859964.847703425]: [sim_plan] built plan=1117 start=1839.40 horizon=15.00 frames=150 commit_frames=20[0m
[0m[INFO] [1788859964.860840903]: [sim_plan] built plan=1118 start=1841.40 horizon=15.00 frames=150 commit_frames=20[0m
[0m[INFO] [1788859964.886357616]: [sim_plan] built plan=1119 start=1843.40 horizon=15.00 frames=150 commit_frames=20[0m
[0m[INFO] [1788859964.914613177]: [sim_plan] built plan=1120 start=1845.40 horizon=15.00 frames=150 commit_frames=20[0m
[0m[INFO] [1788859964.939886105]: [sim_plan] built plan=1121 start=1847.40 horizon=15.00 frames=150 commit_frames=20[0m
[0m[INFO] [1788859964.962184287]: [sim_plan] built plan=1122 start=1849.40 horizon=15.00 frames=150 commit_frames=20[0m
[0m[INFO] [1788859964.979339323]: [sim_plan] built plan=1123 start=1850.50 horizon=15.00 frames=150 commit_frames=20[0m
[0m[INFO] [1788859964.999013883]: [sim_plan] built plan=1124 start=1852.50 horizon=15.00 frames=150 commit_frames=20[0m
[0m[INFO] [1788859965.026508406]: [sim_plan] built plan=1125 start=1854.50 horizon=15.00 frames=150 commit_frames=20[0m
[0m[INFO] [1788859965.027631703]: [multi_patrol][A1] V0 activate prepared dropoff: A1 -> B60 len=8.803 priority_until_s=0.758[0m
[0m[INFO] [1788859965.050561035]: [sim_plan] built plan=1126 start=1855.40 horizon=15.00 frames=150 commit_frames=20[0m
[0m[INFO] [1788859965.080607642]: [sim_plan] built plan=11[33m[WARN] [1788859965.153919416]: [multi_patrol][A1 EXIT HORIZON] V1 target=B63 dwell_part=4.90s departure_window=10.10s total_horizon=15.00s[0m
[33m[WARN] [1788859965.166996419]: [multi_patrol][A1 EXIT HORIZON] V1 target=B63 dwell_part=2.90s departure_window=12.10s total_horizon=15.00s[0m
[33m[WARN] [1788859965.181959273]: [multi_patrol][A1 EXIT HORIZON] V1 target=B63 dwell_part=0.90s departure_window=14.10s total_horizon=15.00s[0m
[33m[WARN] [1788859965.404595941]: [SLOT_DEPARTURE] time=31min50.6s vehicle=V0 owner=none result=ALLOW reason=no_service_owner candidate_path_gen=49 slot_departure_clear_s=0.346 vehicle_mode=ACTIVE vehicle_speed=0.000 vehicle_path_s=0.000 blocker=none a1_prefix_conflict=0 ordinary_road_conflict=0[0m
[33m[WARN] [1788859965.404946397]: [multi_patrol][A1 EXIT PREPARED] V0 target=B34 pickup_dwell=5.00s exit_len=4.275 priority_until_s=0.758 horizon_refresh=IMMEDIATE[0m
27 start=1857.40 horizon=15.00 frames=150 commit_frames=20[0m
[0m[INFO] [1788859965.095297510]: [sim_plan] built plan=1128 start=1859.40 horizon=15.00 frames=150 commit_frames=20[0m
[0m[INFO] [1788859965.096606170]: [multi_patrol][A1 EXIT PRIORITY RELEASE] V0 s=0.771 threshold=0.758[0m
[0m[INFO] [1788859965.108307890]: [sim_plan] built plan=1129 start=1861.40 horizon=15.00 frames=150 commit_frames=20[0m
[0m[INFO] [1788859965.118980214]: [sim_plan] built plan=1130 start=1863.40 horizon=15.00 frames=150 commit_frames=20[0m
[0m[INFO] [1788859965.129537382]: [sim_plan] built plan=1131 start=1865.40 horizon=15.00 frames=150 commit_frames=20[0m
[0m[INFO] [1788859965.137894973]: [sim_plan] built plan=1132 start=1867.40 horizon=15.00 frames=150 commit_frames=20[0m
[0m[INFO] [1788859965.145574226]: [sim_plan] built plan=1133 start=1869.40 horizon=15.00 frames=150 commit_frames=20[0m
[0m[INFO] [1788859965.153875140]: [sim_plan] built plan=1134 start=1871.40 horizon=15.00 frames=150 commit_frames=20[0m
[0m[INFO] [1788859965.166952996]: [sim_plan] built plan=1135 start=1873.40 horizon=15.00 frames=150 commit_frames=20[0m
[0m[INFO] [1788859965.181904380]: [sim_plan] built plan=1136 start=1875.40 horizon=15.00 frames=150 commit_frames=20[0m
[0m[INFO] [1788859965.183251451]: [multi_patrol][A1] V1 activate prepared dropoff: A1 -> B63 len=6.551 priority_until_s=0.758[0m
[0m[INFO] [1788859965.201199152]: [sim_plan] built plan=1137 start=1876.30 horizon=15.00 frames=150 commit_frames=20[0m
[0m[INFO] [1788859965.231211100]: [sim_plan] built plan=1138 start=1878.30 horizon=15.00 frames=150 commit_frames=20[0m
[0m[INFO] [1788859965.250458234]: [sim_plan] built plan=1139 start=1880.30 horizon=15.00 frames=150 commit_frames=20[0m
[0m[INFO] [1788859965.251838318]: [multi_patrol][A1 EXIT PRIORITY RELEASE] V1 s=0.771 threshold=0.758[0m
[0m[INFO] [1788859965.267720758]: [sim_plan] built plan=1140 start=1882.30 horizon=15.00 frames=150 commit_frames=20[0m
[0m[INFO] [1788859965.286640607]: [sim_plan] built plan=1141 start=1884.30 horizon=15.00 frames=150 commit_frames=20[0m
[0m[INFO] [1788859965.303423015]: [sim_plan] built plan=1142 start=1886.30 horizon=15.00 frames=150 commit_frames=20[0m
[0m[INFO] [1788859965.320875981]: [sim_plan] built plan=1143 start=1888.30 horizon=15.00 frames=150 commit_frames=20[0m
[0m[INFO] [1788859965.336289050]: [sim_plan] built plan=1144 start=1890.30 horizon=15.00 frames=150 commit_frames=20[0m
[0m[INFO] [1788859965.349270416]: [sim_plan] built plan=1145 start=1892.30 horizon=15.00 frames=150 commit_frames=20[0m
[0m[INFO] [1788859965.362552260]: [sim_plan] built plan=1146 start=1894.30 horizon=15.00 frames=150 commit_frames=20[0m
[0m[INFO] [1788859965.372706112]: [sim_plan] built plan=1147 start=1896.30 horizon=15.00 frames=150 commit_frames=20[0m
[0m[INFO] [1788859965.381540936]: [sim_plan] built plan=1148 start=1898.30 horizon=15.00 frames=150 commit_frames=20[0m
[0m[INFO] [1788859965.389551698]: [sim_plan] built plan=1149 start=1900.30 horizon=15.00 frames=150 commit_frames=20[0m
[0m[INFO] [1788859965.395800481]: [sim_plan] built plan=1150 start=1902.30 horizon=15.00 frames=150 commit_frames=20[0m
[0m[INFO] [1788859965.399407167]: [sim_plan] built plan=1151 start=1904.30 horizon=15.00 frames=150 commit_frames=20[0m
[0m[INFO] [1788859965.401263217]: [sim_plan] built plan=1152 start=1906.30 horizon=15.00 frames=150 commit_frames=20[0m
[0m[INFO] [1788859965.402927853]: [sim_plan] built plan=1153 start=1908.30 horizon=15.00 frames=150 commit_frames=20[0m
[0m[INFO] [1788859965.404143827]: [sim_plan] built plan=1154 start=1910.30 horizon=15.00 frames=150 commit_frames=20[0m
[0m[INFO] [1788859965.404561951]: [multi_patrol][A1] V0 pickup leg: B60 -> A1  wpts=561 len=6.067[0m
[0m[INFO] [1788859965.413480550]: [sim_plan] built plan=1155 start=1910.60 horizon=15.00 frames=150 commit_frames=20[0m
[0m[INFO] [1788859965.427957532]: [sim_plan] built plan=1156 start=1912.60 horizon=15.00 frames=150 commit_frames=20[0m
[0m[INFO] [1788859965.432211171]: [sim_plan] b[33m[WARN] [1788859965.439809265]: [SLOT_DEPARTURE] time=32min0.5s vehicle=V1 owner=none result=ALLOW reason=no_service_owner candidate_path_gen=51 slot_departure_clear_s=0.346 vehicle_mode=ACTIVE vehicle_speed=0.000 vehicle_path_s=0.000 blocker=none a1_prefix_conflict=0 ordinary_road_conflict=0[0m
[33m[WARN] [1788859965.440376261]: [multi_patrol][A1 EXIT PREPARED] V1 target=B61 pickup_dwell=5.00s exit_len=8.398 priority_until_s=0.758 horizon_refresh=IMMEDIATE[0m
[33m[WARN] [1788859965.712028873]: [multi_patrol][A1 EXIT HORIZON] V0 target=B34 dwell_part=4.90s departure_window=10.10s total_horizon=15.00s[0m
[33m[WARN] [1788859965.733592658]: [multi_patrol][A1 EXIT HORIZON] V0 target=B34 dwell_part=2.90s departure_window=12.10s total_horizon=15.00s[0m
[33m[WARN] [1788859965.757477428]: [multi_patrol][A1 EXIT HORIZON] V0 target=B34 dwell_part=0.90s departure_window=14.10s total_horizon=15.00s[0m
[33m[WARN] [1788859965.888126971]: [multi_patrol][A1 EXIT HORIZON] V1 target=B61 dwell_part=4.90s departure_window=10.10s total_horizon=15.00s[0m
[33m[WARN] [1788859965.896785928]: [multi_patrol][A1 EXIT HORIZON] V1 target=B61 dwell_part=2.90s departure_window=12.10s total_horizon=15.00s[0m
uilt plan=1157 start=1914.60 horizon=15.00 frames=150 commit_frames=20[0m
[0m[INFO] [1788859965.435882917]: [sim_plan] built plan=1158 start=1916.60 horizon=15.00 frames=150 commit_frames=20[0m
[0m[INFO] [1788859965.439198265]: [sim_plan] built plan=1159 start=1918.60 horizon=15.00 frames=150 commit_frames=20[0m
[0m[INFO] [1788859965.439773952]: [multi_patrol][A1] V1 pickup leg: B63 -> A1  wpts=523 len=6.245[0m
[0m[INFO] [1788859965.457927397]: [sim_plan] built plan=1160 start=1920.50 horizon=15.00 frames=150 commit_frames=20[0m
[0m[INFO] [1788859965.481492893]: [sim_plan] built plan=1161 start=1922.50 horizon=15.00 frames=150 commit_frames=20[0m
[0m[INFO] [1788859965.496517583]: [sim_plan] built plan=1162 start=1924.50 horizon=15.00 frames=150 commit_frames=20[0m
[0m[INFO] [1788859965.513892659]: [sim_plan] built plan=1163 start=1926.50 horizon=15.00 frames=150 commit_frames=20[0m
[0m[INFO] [1788859965.531226452]: [sim_plan] built plan=1164 start=1928.50 horizon=15.00 frames=150 commit_frames=20[0m
[0m[INFO] [1788859965.549109307]: [sim_plan] built plan=1165 start=1930.50 horizon=15.00 frames=150 commit_frames=20[0m
[0m[INFO] [1788859965.568759677]: [sim_plan] built plan=1166 start=1932.50 horizon=15.00 frames=150 commit_frames=20[0m
[0m[INFO] [1788859965.583383665]: [sim_plan] built plan=1167 start=1934.50 horizon=15.00 frames=150 commit_frames=20[0m
[0m[INFO] [1788859965.597585406]: [sim_plan] built plan=1168 start=1936.50 horizon=15.00 frames=150 commit_frames=20[0m
[0m[INFO] [1788859965.610576455]: [sim_plan] built plan=1169 start=1938.50 horizon=15.00 frames=150 commit_frames=20[0m
[0m[INFO] [1788859965.623114745]: [sim_plan] built plan=1170 start=1940.50 horizon=15.00 frames=150 commit_frames=20[0m
[0m[INFO] [1788859965.643784304]: [sim_plan] built plan=1171 start=1942.50 horizon=15.00 frames=150 commit_frames=20[0m
[0m[INFO] [1788859965.670612255]: [sim_plan] built plan=1172 start=1944.50 horizon=15.00 frames=150 commit_frames=20[0m
[0m[INFO] [1788859965.692266597]: [sim_plan] built plan=1173 start=1946.50 horizon=15.00 frames=150 commit_frames=20[0m
[0m[INFO] [1788859965.711977644]: [sim_plan] built plan=1174 start=1947.20 horizon=15.00 frames=150 commit_frames=20[0m
[0m[INFO] [1788859965.733545902]: [sim_plan] built plan=1175 start=1949.20 horizon=15.00 frames=150 commit_frames=20[0m
[0m[INFO] [1788859965.757432471]: [sim_plan] built plan=1176 start=1951.20 horizon=15.00 frames=150 commit_frames=20[0m
[0m[INFO] [1788859965.758709199]: [multi_patrol][A1] V0 activate prepared dropoff: A1 -> B34 len=4.275 priority_until_s=0.758[0m
[0m[INFO] [1788859965.781266491]: [sim_plan] built plan=1177 start=1952.10 horizon=15.00 frames=150 commit_frames=20[0m
[0m[INFO] [1788859965.806969703]: [sim_plan] built plan=1178 start=1954.10 horizon=15.00 frames=150 commit_frames=20[0m
[0m[INFO] [1788859965.821564954]: [sim_plan] built plan=1179 start=1956.10 horizon=15.00 frames=150 commit_frames=20[0m
[0m[INFO] [1788859965.822891067]: [multi_patrol][A1 EXIT PRIORITY RELEASE] V0 s=0.771 threshold=0.758[0m
[0m[INFO] [1788859965.835774118]: [sim_plan] built plan=1180 start=1958.10 horizon=15.00 frames=150 commit_frames=20[0m
[0m[INFO] [1788859965.848112544]: [sim_plan] built plan=1181 start=1960.10 horizon=15.00 frames=150 commit_frames=20[0m
[0m[INFO] [1788859965.859173472]: [sim_plan] built plan=1182 start=1962.10 horizon=15.00 frames=150 commit_frames=20[0m
[0m[INFO] [1788859965.869295867]: [sim_plan] built plan=1183 start=1964.10 horizon=15.00 frames=150 commit_frames=20[0m
[0m[INFO] [1788859965.876585982]: [sim_plan] built plan=1184 start=1966.10 horizon=15.00 frames=150 commit_frames=20[0m
[0m[INFO] [1788859965.882110975]: [sim_plan] built plan=1185 start=1968.10 horizon=15.00 frames=150 commit_frames=20[0m
[0m[INFO] [1788859965.888072050]: [sim_plan] built plan=1186 start=1968.20 horizon=15.00 frames=150 commit_frames=20[0m
[0m[INFO] [1788859965.896729675]: [sim_plan] built plan=1187 start=1970.20 horizon=15.00 frames=150 commit_frames=20[0m
[0m[INFO] [17888599[33m[WARN] [1788859965.905569696]: [multi_patrol][A1 EXIT HORIZON] V1 target=B61 dwell_part=0.90s departure_window=14.10s total_horizon=15.00s[0m
[33m[WARN] [1788859965.921122602]: [SOURCE=REAL] [plan=1189] [frame=8] [rollout_step=-1] [multi_patrol][A1 EXIT INTRUSION ENTER] owner=V1 target=B61 blocker=V0 dwell_remaining=0.00s visible_exit_t=14.80s owner_exit_s=2.551 blocker_phase=4 blocker_s=3.670 action=DIAG_ONLY[0m
[33m[WARN] [1788859965.929059049]: [SOURCE=REAL] [plan=1190] [frame=11] [rollout_step=-1] [multi_patrol][A1 EXIT INTRUSION CLEAR] owner=V1 blocker=V0[0m
[33m[WARN] [1788859965.943232025]: [SLOT_DEPARTURE] time=33min2.8s vehicle=V0 owner=none result=ALLOW reason=no_service_owner candidate_path_gen=51 slot_departure_clear_s=0.327 vehicle_mode=ACTIVE vehicle_speed=0.000 vehicle_path_s=0.000 blocker=none a1_prefix_conflict=0 ordinary_road_conflict=0[0m
[33m[WARN] [1788859965.943688341]: [multi_patrol][A1 EXIT PREPARED] V0 target=B30 pickup_dwell=5.00s exit_len=3.835 priority_until_s=0.758 horizon_refresh=IMMEDIATE[0m
[33m[WARN] [1788859966.171864397]: [multi_patrol][A1 EXIT HORIZON] V0 target=B30 dwell_part=4.90s departure_window=10.10s total_horizon=15.00s[0m
[33m[WARN] [1788859966.182276121]: [multi_patrol][A1 EXIT HORIZON] V0 target=B30 dwell_part=2.90s departure_window=12.10s total_horizon=15.00s[0m
[33m[WARN] [1788859966.193909878]: [multi_patrol][A1 EXIT HORIZON] V0 target=B30 dwell_part=0.90s departure_window=14.10s total_horizon=15.00s[0m
65.905344677]: [sim_plan] built plan=1188 start=1972.20 horizon=15.00 frames=150 commit_frames=20[0m
[0m[INFO] [1788859965.906870899]: [multi_patrol][A1] V1 activate prepared dropoff: A1 -> B61 len=8.398 priority_until_s=0.758[0m
[0m[INFO] [1788859965.913726605]: [sim_plan] built plan=1189 start=1973.10 horizon=15.00 frames=150 commit_frames=20[0m
[0m[INFO] [1788859965.928031440]: [sim_plan] built plan=1190 start=1975.10 horizon=15.00 frames=150 commit_frames=20[0m
[0m[INFO] [1788859965.934443736]: [sim_plan] built plan=1191 start=1977.10 horizon=15.00 frames=150 commit_frames=20[0m
[0m[INFO] [1788859965.935606930]: [multi_patrol][A1 EXIT PRIORITY RELEASE] V1 s=0.771 threshold=0.758[0m
[0m[INFO] [1788859965.938972018]: [sim_plan] built plan=1192 start=1979.10 horizon=15.00 frames=150 commit_frames=20[0m
[0m[INFO] [1788859965.942667385]: [sim_plan] built plan=1193 start=1981.10 horizon=15.00 frames=150 commit_frames=20[0m
[0m[INFO] [1788859965.943190449]: [multi_patrol][A1] V0 pickup leg: B34 -> A1  wpts=284 len=3.088[0m
[0m[INFO] [1788859965.963774527]: [sim_plan] built plan=1194 start=1982.80 horizon=15.00 frames=150 commit_frames=20[0m
[0m[INFO] [1788859965.988703685]: [sim_plan] built plan=1195 start=1984.80 horizon=15.00 frames=150 commit_frames=20[0m
[0m[INFO] [1788859966.008774769]: [sim_plan] built plan=1196 start=1986.80 horizon=15.00 frames=150 commit_frames=20[0m
[0m[INFO] [1788859966.026702131]: [sim_plan] built plan=1197 start=1988.80 horizon=15.00 frames=150 commit_frames=20[0m
[0m[INFO] [1788859966.046782702]: [sim_plan] built plan=1198 start=1990.80 horizon=15.00 frames=150 commit_frames=20[0m
[0m[INFO] [1788859966.064238808]: [sim_plan] built plan=1199 start=1992.80 horizon=15.00 frames=150 commit_frames=20[0m
[0m[INFO] [1788859966.081910392]: [sim_plan] built plan=1200 start=1994.80 horizon=15.00 frames=150 commit_frames=20[0m
[0m[INFO] [1788859966.096844914]: [sim_plan] built plan=1201 start=1996.80 horizon=15.00 frames=150 commit_frames=20[0m
[0m[INFO] [1788859966.110940707]: [sim_plan] built plan=1202 start=1998.80 horizon=15.00 frames=150 commit_frames=20[0m
[0m[INFO] [1788859966.123013413]: [sim_plan] built plan=1203 start=2000.80 horizon=15.00 frames=150 commit_frames=20[0m
[0m[INFO] [1788859966.133909622]: [sim_plan] built plan=1204 start=2002.80 horizon=15.00 frames=150 commit_frames=20[0m
[0m[INFO] [1788859966.144949181]: [sim_plan] built plan=1205 start=2004.80 horizon=15.00 frames=150 commit_frames=20[0m
[0m[INFO] [1788859966.155071345]: [sim_plan] built plan=1206 start=2006.80 horizon=15.00 frames=150 commit_frames=20[0m
[0m[INFO] [1788859966.163539034]: [sim_plan] built plan=1207 start=2008.80 horizon=15.00 frames=150 commit_frames=20[0m
[0m[INFO] [1788859966.171818155]: [sim_plan] built plan=1208 start=2009.80 horizon=15.00 frames=150 commit_frames=20[0m
[0m[INFO] [1788859966.182225002]: [sim_plan] built plan=1209 start=2011.80 horizon=15.00 frames=150 commit_frames=20[0m
[0m[INFO] [1788859966.193867007]: [sim_plan] built plan=1210 start=2013.80 horizon=15.00 frames=150 commit_frames=20[0m
[0m[INFO] [1788859966.195168615]: [multi_patrol][A1] V0 activate prepared dropoff: A1 -> B30 len=3.835 priority_until_s=0.758[0m
[0m[INFO] [1788859966.204788171]: [sim_plan] built plan=1211 start=2014.70 horizon=15.00 frames=150 commit_frames=20[0m
[0m[INFO] [1788859966.220457954]: [sim_plan] built plan=1212 start=2016.70 horizon=15.00 frames=150 commit_frames=20[0m
[0m[INFO] [1788859966.227835913]: [sim_plan] built plan=1213 start=2018.70 horizon=15.00 frames=150 commit_frames=20[0m
[0m[INFO] [1788859966.228978424]: [multi_patrol][A1 EXIT PRIORITY RELEASE] V0 s=0.771 threshold=0.758[0m
[0m[INFO] [1788859966.232639957]: [sim_plan] built plan=1214 start=2020.70 horizon=15.00 frames=150 commit_frames=20[0m
[0m[INFO] [1788859966.236328886]: [sim_plan] built plan=1215 start=2022.70 horizon=15.00 frames=150 commit_frames=20[0m
[0m[INFO] [1788859966.239650928]: [sim_plan] built plan=1216 start=2024.70 horizon=15.00 frames=150 commit_frames=20[0m[33m[WARN] [1788859966.240520506]: [SLOT_DEPARTURE] time=33min46.2s vehicle=V1 owner=none result=ALLOW reason=no_service_owner candidate_path_gen=53 slot_departure_clear_s=0.346 vehicle_mode=ACTIVE vehicle_speed=0.000 vehicle_path_s=0.000 blocker=none a1_prefix_conflict=0 ordinary_road_conflict=0[0m
[33m[WARN] [1788859966.240920730]: [multi_patrol][A1 EXIT PREPARED] V1 target=B21 pickup_dwell=5.00s exit_len=6.358 priority_until_s=0.758 horizon_refresh=IMMEDIATE[0m
[33m[WARN] [1788859966.325193678]: [SLOT_DEPARTURE] time=34min3.1s vehicle=V0 owner=none result=ALLOW reason=no_service_owner candidate_path_gen=53 slot_departure_clear_s=0.327 vehicle_mode=ACTIVE vehicle_speed=0.000 vehicle_path_s=0.000 blocker=none a1_prefix_conflict=0 ordinary_road_conflict=0[0m
[33m[WARN] [1788859966.325750546]: [multi_patrol][A1 EXIT PREPARED] V0 target=B37 pickup_dwell=5.00s exit_len=5.751 priority_until_s=0.758 horizon_refresh=IMMEDIATE[0m
[33m[WARN] [1788859966.650076069]: [multi_patrol][A1 EXIT HORIZON] V0 target=B37 dwell_part=4.90s departure_window=10.10s total_horizon=15.00s[0m
[33m[WARN] [1788859966.685042868]: [multi_patrol][A1 EXIT HORIZON] V0 target=B37 dwell_part=2.90s departure_window=12.10s total_horizon=15.00s[0m
[33m[WARN] [1788859966.721446330]: [multi_patrol][A1 EXIT HORIZON] V0 target=B37 dwell_part=0.90s departure_window=14.10s total_horizon=15.00s[0m

[0m[INFO] [1788859966.240480785]: [multi_patrol][A1] V1 pickup leg: B61 -> A1  wpts=479 len=5.806[0m
[0m[INFO] [1788859966.260717000]: [sim_plan] built plan=1217 start=2026.20 horizon=15.00 frames=150 commit_frames=20[0m
[0m[INFO] [1788859966.279093013]: [sim_plan] built plan=1218 start=2028.20 horizon=15.00 frames=150 commit_frames=20[0m
[0m[INFO] [1788859966.290565058]: [sim_plan] built plan=1219 start=2030.20 horizon=15.00 frames=150 commit_frames=20[0m
[0m[INFO] [1788859966.299953361]: [sim_plan] built plan=1220 start=2032.20 horizon=15.00 frames=150 commit_frames=20[0m
[0m[INFO] [1788859966.307804492]: [sim_plan] built plan=1221 start=2034.20 horizon=15.00 frames=150 commit_frames=20[0m
[0m[INFO] [1788859966.313250156]: [sim_plan] built plan=1222 start=2036.20 horizon=15.00 frames=150 commit_frames=20[0m
[0m[INFO] [1788859966.316972873]: [sim_plan] built plan=1223 start=2038.20 horizon=15.00 frames=150 commit_frames=20[0m
[0m[INFO] [1788859966.320828522]: [sim_plan] built plan=1224 start=2040.20 horizon=15.00 frames=150 commit_frames=20[0m
[0m[INFO] [1788859966.324613858]: [sim_plan] built plan=1225 start=2042.20 horizon=15.00 frames=150 commit_frames=20[0m
[0m[INFO] [1788859966.325153277]: [multi_patrol][A1] V0 pickup leg: B30 -> A1  wpts=286 len=3.524[0m
[0m[INFO] [1788859966.344124343]: [sim_plan] built plan=1226 start=2043.10 horizon=15.00 frames=150 commit_frames=20[0m
[0m[INFO] [1788859966.367172296]: [sim_plan] built plan=1227 start=2045.10 horizon=15.00 frames=150 commit_frames=20[0m
[0m[INFO] [1788859966.387532625]: [sim_plan] built plan=1228 start=2047.10 horizon=15.00 frames=150 commit_frames=20[0m
[0m[INFO] [1788859966.405109557]: [sim_plan] built plan=1229 start=2049.10 horizon=15.00 frames=150 commit_frames=20[0m
[0m[INFO] [1788859966.435616803]: [sim_plan] built plan=1230 start=2051.10 horizon=15.00 frames=150 commit_frames=20[0m
[0m[INFO] [1788859966.463851281]: [sim_plan] built plan=1231 start=2053.10 horizon=15.00 frames=150 commit_frames=20[0m
[0m[INFO] [1788859966.489192972]: [sim_plan] built plan=1232 start=2055.10 horizon=15.00 frames=150 commit_frames=20[0m
[0m[INFO] [1788859966.514231032]: [sim_plan] built plan=1233 start=2057.10 horizon=15.00 frames=150 commit_frames=20[0m
[0m[INFO] [1788859966.539860928]: [sim_plan] built plan=1234 start=2059.10 horizon=15.00 frames=150 commit_frames=20[0m
[0m[INFO] [1788859966.560408328]: [sim_plan] built plan=1235 start=2061.10 horizon=15.00 frames=150 commit_frames=20[0m
[0m[INFO] [1788859966.588390197]: [sim_plan] built plan=1236 start=2063.10 horizon=15.00 frames=150 commit_frames=20[0m
[0m[INFO] [1788859966.619861203]: [sim_plan] built plan=1237 start=2065.10 horizon=15.00 frames=150 commit_frames=20[0m
[0m[INFO] [1788859966.650013828]: [sim_plan] built plan=1238 start=2065.20 horizon=15.00 frames=150 commit_frames=20[0m
[0m[INFO] [1788859966.684995340]: [sim_plan] built plan=1239 start=2067.20 horizon=15.00 frames=150 commit_frames=20[0m
[0m[INFO] [1788859966.721400575]: [sim_plan] built plan=1240 start=2069.20 horizon=15.00 frames=150 commit_frames=20[0m
[0m[INFO] [1788859966.722761887]: [multi_patrol][A1] V0 activate prepared dropoff: A1 -> B37 len=5.751 priority_until_s=0.758[0m
[0m[INFO] [1788859966.758242623]: [sim_plan] built plan=1241 start=2070.10 horizon=15.00 frames=150 commit_frames=20[0m
[0m[INFO] [1788859966.797124450]: [sim_plan] built plan=1242 start=2072.10 horizon=15.00 frames=150 commit_frames=20[0m
[0m[INFO] [1788859966.823798595]: [sim_plan] built plan=1243 start=2074.10 horizon=15.00 frames=150 commit_frames=20[0m
[0m[INFO] [1788859966.825039074]: [multi_patrol][A1 EXIT PRIORITY RELEASE] V0 s=0.771 threshold=0.758[0m
[0m[INFO] [1788859966.848324506]: [sim_plan] built plan=1244 start=2076.10 horizon=15.00 frames=150 commit_frames=20[0m
[0m[INFO] [1788859966.866422238]: [sim_plan] built plan=1245 start=2078.10 horizon=15.00 frames=150 commit_frames=20[0m
[0m[INFO] [1788859966.881583151]: [sim_plan] built plan=1246 start=2080.10 horizon=15.00 frames=150 commit_frame[33m[WARN] [1788859966.939932788]: [multi_patrol][A1 EXIT HORIZON] V1 target=B21 dwell_part=4.90s departure_window=10.10s total_horizon=15.00s[0m
[33m[WARN] [1788859966.951029819]: [multi_patrol][A1 EXIT HORIZON] V1 target=B21 dwell_part=2.90s departure_window=12.10s total_horizon=15.00s[0m
[33m[WARN] [1788859966.963227654]: [multi_patrol][A1 EXIT HORIZON] V1 target=B21 dwell_part=0.90s departure_window=14.10s total_horizon=15.00s[0m
[33m[WARN] [1788859967.021811118]: [SLOT_DEPARTURE] time=35min9.8s vehicle=V0 owner=none result=ALLOW reason=no_service_owner candidate_path_gen=55 slot_departure_clear_s=0.327 vehicle_mode=ACTIVE vehicle_speed=0.000 vehicle_path_s=0.000 blocker=none a1_prefix_conflict=0 ordinary_road_conflict=0[0m
[33m[WARN] [1788859967.022187133]: [multi_patrol][A1 EXIT PREPARED] V0 target=B36 pickup_dwell=5.00s exit_len=4.494 priority_until_s=0.758 horizon_refresh=IMMEDIATE[0m
s=20[0m
[0m[INFO] [1788859966.894007900]: [sim_plan] built plan=1247 start=2082.10 horizon=15.00 frames=150 commit_frames=20[0m
[0m[INFO] [1788859966.904333329]: [sim_plan] built plan=1248 start=2084.10 horizon=15.00 frames=150 commit_frames=20[0m
[0m[INFO] [1788859966.914175802]: [sim_plan] built plan=1249 start=2086.10 horizon=15.00 frames=150 commit_frames=20[0m
[0m[INFO] [1788859966.923015347]: [sim_plan] built plan=1250 start=2088.10 horizon=15.00 frames=150 commit_frames=20[0m
[0m[INFO] [1788859966.931666488]: [sim_plan] built plan=1251 start=2090.10 horizon=15.00 frames=150 commit_frames=20[0m
[0m[INFO] [1788859966.939873174]: [sim_plan] built plan=1252 start=2091.40 horizon=15.00 frames=150 commit_frames=20[0m
[0m[INFO] [1788859966.950982751]: [sim_plan] built plan=1253 start=2093.40 horizon=15.00 frames=150 commit_frames=20[0m
[0m[INFO] [1788859966.963180053]: [sim_plan] built plan=1254 start=2095.40 horizon=15.00 frames=150 commit_frames=20[0m
[0m[INFO] [1788859966.964459838]: [multi_patrol][A1] V1 activate prepared dropoff: A1 -> B21 len=6.358 priority_until_s=0.758[0m
[0m[INFO] [1788859966.975625934]: [sim_plan] built plan=1255 start=2096.30 horizon=15.00 frames=150 commit_frames=20[0m
[0m[INFO] [1788859966.993830533]: [sim_plan] built plan=1256 start=2098.30 horizon=15.00 frames=150 commit_frames=20[0m
[0m[INFO] [1788859967.002757978]: [sim_plan] built plan=1257 start=2100.30 horizon=15.00 frames=150 commit_frames=20[0m
[0m[INFO] [1788859967.003987529]: [multi_patrol][A1 EXIT PRIORITY RELEASE] V1 s=0.771 threshold=0.758[0m
[0m[INFO] [1788859967.010807690]: [sim_plan] built plan=1258 start=2102.30 horizon=15.00 frames=150 commit_frames=20[0m
[0m[INFO] [1788859967.014850897]: [sim_plan] built plan=1259 start=2104.30 horizon=15.00 frames=150 commit_frames=20[0m
[0m[INFO] [1788859967.018103922]: [sim_plan] built plan=1260 start=2106.30 horizon=15.00 frames=150 commit_frames=20[0m
[0m[INFO] [1788859967.021223637]: [sim_plan] built plan=1261 start=2108.30 horizon=15.00 frames=150 commit_frames=20[0m
[0m[INFO] [1788859967.021777137]: [multi_patrol][A1] V0 pickup leg: B37 -> A1  wpts=513 len=5.883[0m
[0m[INFO] [1788859967.056118511]: [sim_plan] built plan=1262 start=2109.80 horizon=15.00 frames=150 commit_frames=20[0m
[0m[INFO] [1788859967.102339375]: [sim_plan] built plan=1263 start=2111.80 horizon=15.00 frames=150 commit_frames=20[0m
[0m[INFO] [1788859967.129223699]: [sim_plan] built plan=1264 start=2113.80 horizon=15.00 frames=150 commit_frames=20[0m
[0m[INFO] [1788859967.152632201]: [sim_plan] built plan=1265 start=2115.80 horizon=15.00 frames=150 commit_frames=20[0m
[0m[INFO] [1788859967.172418598]: [sim_plan] built plan=1266 start=2117.80 horizon=15.00 frames=150 commit_frames=20[0m
[0m[INFO] [1788859967.188753759]: [sim_plan] built plan=1267 start=2119.80 horizon=15.00 frames=150 commit_frames=20[0m
[0m[INFO] [1788859967.203799562]: [sim_plan] built plan=1268 start=2121.80 horizon=15.00 frames=150 commit_frames=20[0m
[0m[INFO] [1788859967.215268669]: [sim_plan] built plan=1269 start=2123.80 horizon=15.00 frames=150 commit_frames=20[0m
[0m[INFO] [1788859967.224742329]: [sim_plan] built plan=1270 start=2125.80 horizon=15.00 frames=150 commit_frames=20[0m
[0m[INFO] [1788859967.232970368]: [sim_plan] built plan=1271 start=2127.80 horizon=15.00 frames=150 commit_frames=20[0m
[0m[INFO] [1788859967.240106455]: [sim_plan] built plan=1272 start=2129.80 horizon=15.00 frames=150 commit_frames=20[0m
[0m[INFO] [1788859967.245222096]: [sim_plan] built plan=1273 start=2131.80 horizon=15.00 frames=150 commit_frames=20[0m
[0m[INFO] [1788859967.248531080]: [sim_plan] built plan=1274 start=2133.80 horizon=15.00 frames=150 commit_frames=20[0m
[0m[INFO] [1788859967.251982389]: [sim_plan] built plan=1275 start=2135.80 horizon=15.00 frames=150 commit_frames=20[0m
[0m[INFO] [1788859967.255352134]: [sim_plan] built plan=1276 start=2137.80 horizon=15.00 frames=150 commit_frames=20[0m
[0m[INFO] [1788859967.256020043]: [multi_patrol][A1] V1 pickup leg: B21 -> A1  wpts=5[33m[WARN] [1788859967.256257540]: [SLOT_DEPARTURE] time=35min38.9s vehicle=V1 owner=none result=ALLOW reason=no_service_owner candidate_path_gen=55 slot_departure_clear_s=0.327 vehicle_mode=ACTIVE vehicle_speed=0.000 vehicle_path_s=0.000 blocker=none a1_prefix_conflict=0 ordinary_road_conflict=0[0m
[33m[WARN] [1788859967.256713889]: [multi_patrol][A1 EXIT PREPARED] V1 target=B32 pickup_dwell=5.00s exit_len=4.055 priority_until_s=0.758 horizon_refresh=IMMEDIATE[0m
[33m[WARN] [1788859967.397560355]: [multi_patrol][A1 EXIT HORIZON] V0 target=B36 dwell_part=4.90s departure_window=10.10s total_horizon=15.00s[0m
[33m[WARN] [1788859967.420070020]: [multi_patrol][A1 EXIT HORIZON] V0 target=B36 dwell_part=2.90s departure_window=12.10s total_horizon=15.00s[0m
[33m[WARN] [1788859967.454654113]: [multi_patrol][A1 EXIT HORIZON] V0 target=B36 dwell_part=0.90s departure_window=14.10s total_horizon=15.00s[0m
[33m[WARN] [1788859967.822411563]: [SLOT_DEPARTURE] time=36min32.9s vehicle=V0 owner=V1 result=ALLOW reason=slot_departure_clear candidate_path_gen=57 slot_departure_clear_s=0.327 vehicle_mode=ACTIVE vehicle_speed=0.000 vehicle_path_s=0.000 blocker=none a1_prefix_conflict=0 ordinary_road_conflict=0 owner_phase=TO_A1 owner_path_gen=55 geometry=pending_preview protected_zones=0 actual_occupancy_priority=0 spatial_stop_launch_infeasible=0 waiter_stop_s=2.125[0m
[33m[WARN] [1788859967.822940664]: [multi_patrol][A1 EXIT PREPARED] V0 target=B9 pickup_dwell=5.00s exit_len=2.555 priority_until_s=0.756 horizon_refresh=IMMEDIATE[0m
35 len=6.102[0m
[0m[INFO] [1788859967.273588722]: [sim_plan] built plan=1277 start=2138.90 horizon=15.00 frames=150 commit_frames=20[0m
[0m[INFO] [1788859967.299750369]: [sim_plan] built plan=1278 start=2140.90 horizon=15.00 frames=150 commit_frames=20[0m
[0m[INFO] [1788859967.318328856]: [sim_plan] built plan=1279 start=2142.90 horizon=15.00 frames=150 commit_frames=20[0m
[0m[INFO] [1788859967.331510050]: [sim_plan] built plan=1280 start=2144.90 horizon=15.00 frames=150 commit_frames=20[0m
[0m[INFO] [1788859967.342869985]: [sim_plan] built plan=1281 start=2146.90 horizon=15.00 frames=150 commit_frames=20[0m
[0m[INFO] [1788859967.354516656]: [sim_plan] built plan=1282 start=2148.90 horizon=15.00 frames=150 commit_frames=20[0m
[0m[INFO] [1788859967.365379777]: [sim_plan] built plan=1283 start=2150.90 horizon=15.00 frames=150 commit_frames=20[0m
[0m[INFO] [1788859967.375679730]: [sim_plan] built plan=1284 start=2152.90 horizon=15.00 frames=150 commit_frames=20[0m
[0m[INFO] [1788859967.385877462]: [sim_plan] built plan=1285 start=2154.90 horizon=15.00 frames=150 commit_frames=20[0m
[0m[INFO] [1788859967.397517557]: [sim_plan] built plan=1286 start=2156.20 horizon=15.00 frames=150 commit_frames=20[0m
[0m[INFO] [1788859967.420029812]: [sim_plan] built plan=1287 start=2158.20 horizon=15.00 frames=150 commit_frames=20[0m
[0m[INFO] [1788859967.421485756]: [batch] 21600/72000 ticks (sim_t=2160s) hard_guard=0[0m
[0m[INFO] [1788859967.454611590]: [sim_plan] built plan=1288 start=2160.20 horizon=15.00 frames=150 commit_frames=20[0m
[0m[INFO] [1788859967.455789928]: [multi_patrol][A1] V0 activate prepared dropoff: A1 -> B36 len=4.494 priority_until_s=0.758[0m
[0m[INFO] [1788859967.492707437]: [sim_plan] built plan=1289 start=2161.10 horizon=15.00 frames=150 commit_frames=20[0m
[0m[INFO] [1788859967.540772234]: [sim_plan] built plan=1290 start=2163.10 horizon=15.00 frames=150 commit_frames=20[0m
[0m[INFO] [1788859967.588174838]: [sim_plan] built plan=1291 start=2165.10 horizon=15.00 frames=150 commit_frames=20[0m
[0m[INFO] [1788859967.589780862]: [multi_patrol][A1 EXIT PRIORITY RELEASE] V0 s=0.771 threshold=0.758[0m
[0m[INFO] [1788859967.631973985]: [sim_plan] built plan=1292 start=2167.10 horizon=15.00 frames=150 commit_frames=20[0m
[0m[INFO] [1788859967.668704140]: [sim_plan] built plan=1293 start=2169.10 horizon=15.00 frames=150 commit_frames=20[0m
[0m[INFO] [1788859967.701862632]: [sim_plan] built plan=1294 start=2171.10 horizon=15.00 frames=150 commit_frames=20[0m
[0m[INFO] [1788859967.729610104]: [sim_plan] built plan=1295 start=2173.10 horizon=15.00 frames=150 commit_frames=20[0m
[0m[INFO] [1788859967.753211047]: [sim_plan] built plan=1296 start=2175.10 horizon=15.00 frames=150 commit_frames=20[0m
[0m[INFO] [1788859967.769788835]: [sim_plan] built plan=1297 start=2177.10 horizon=15.00 frames=150 commit_frames=20[0m
[0m[INFO] [1788859967.782745295]: [sim_plan] built plan=1298 start=2179.10 horizon=15.00 frames=150 commit_frames=20[0m
[0m[INFO] [1788859967.792289911]: [sim_plan] built plan=1299 start=2181.10 horizon=15.00 frames=150 commit_frames=20[0m
[0m[INFO] [1788859967.799828831]: [sim_plan] built plan=1300 start=2183.10 horizon=15.00 frames=150 commit_frames=20[0m
[0m[INFO] [1788859967.808590484]: [sim_plan] built plan=1301 start=2185.10 horizon=15.00 frames=150 commit_frames=20[0m
[0m[INFO] [1788859967.813089171]: [sim_plan] built plan=1302 start=2187.10 horizon=15.00 frames=150 commit_frames=20[0m
[0m[INFO] [1788859967.816449231]: [sim_plan] built plan=1303 start=2189.10 horizon=15.00 frames=150 commit_frames=20[0m
[0m[INFO] [1788859967.819781698]: [sim_plan] built plan=1304 start=2191.10 horizon=15.00 frames=150 commit_frames=20[0m
[0m[INFO] [1788859967.822372907]: [multi_patrol][A1] V0 pickup leg: B36 -> A1  wpts=298 len=3.149[0m
[0m[INFO] [1788859967.834238206]: [sim_plan] built plan=1305 start=2192.90 horizon=15.00 frames=150 commit_frames=20[0m
[0m[INFO] [1788859967.856353836]: [sim_plan] built plan=1306 start=2194.90 horizon=15.00 frames=150 commit_[33m[WARN] [1788859967.918055958]: [multi_patrol][A1 EXIT HORIZON] V1 target=B32 dwell_part=4.90s departure_window=10.10s total_horizon=15.00s[0m
[33m[WARN] [1788859967.938036369]: [multi_patrol][A1 EXIT HORIZON] V1 target=B32 dwell_part=2.90s departure_window=12.10s total_horizon=15.00s[0m
[33m[WARN] [1788859967.960901981]: [multi_patrol][A1 EXIT HORIZON] V1 target=B32 dwell_part=0.90s departure_window=14.10s total_horizon=15.00s[0m
[33m[WARN] [1788859968.069531464]: [multi_patrol][A1 EXIT HORIZON] V0 target=B9 dwell_part=4.90s departure_window=10.10s total_horizon=15.00s[0m
[33m[WARN] [1788859968.076786348]: [multi_patrol][A1 EXIT HORIZON] V0 target=B9 dwell_part=2.90s departure_window=12.10s total_horizon=15.00s[0m
[33m[WARN] [1788859968.084833561]: [multi_patrol][A1 EXIT HORIZON] V0 target=B9 dwell_part=0.90s departure_window=14.10s total_horizon=15.00s[0m
[33m[WARN] [1788859968.114802308]: [SLOT_DEPARTURE] time=37min14.0s vehicle=V1 owner=none result=ALLOW reason=no_service_owner candidate_path_gen=57 slot_departure_clear_s=0.327 vehicle_mode=ACTIVE vehicle_speed=0.000 vehicle_path_s=0.000 blocker=none a1_prefix_conflict=0 ordinary_road_conflict=0[0m
[33m[WARN] [1788859968.115338429]: [multi_patrol][A1 EXIT PREPARED] V1 target=B8 pickup_dwell=5.00s exit_len=2.336 priority_until_s=0.756 horizon_refresh=IMMEDIATE[0m
[33m[WARN] [1788859968.146544317]: [SLOT_DEPARTURE] time=37min23.7s vehicle=V0 owner=V1 result=HOLD reason=a1_stop_s_before_slot_clear candidate_path_gen=59 slot_departure_clear_s=0.346 vehicle_mode=DWELL vehicle_speed=0.000 vehicle_path_s=2.555 blocker=V1 a1_prefix_conflict=1 ordinary_road_conflict=0 owner_phase=TO_A1 owner_path_gen=57 geometry=pending_preview protected_zones=2 actual_occupancy_priority=0 spatial_stop_launch_infeasible=1 waiter_stop_s=0.150[0m
frames=20[0m
[0m[INFO] [1788859967.880435816]: [sim_plan] built plan=1307 start=2196.90 horizon=15.00 frames=150 commit_frames=20[0m
[0m[INFO] [1788859967.898942501]: [sim_plan] built plan=1308 start=2198.90 horizon=15.00 frames=150 commit_frames=20[0m
[0m[INFO] [1788859967.917998613]: [sim_plan] built plan=1309 start=2199.50 horizon=15.00 frames=150 commit_frames=20[0m
[0m[INFO] [1788859967.937979483]: [sim_plan] built plan=1310 start=2201.50 horizon=15.00 frames=150 commit_frames=20[0m
[0m[INFO] [1788859967.960859532]: [sim_plan] built plan=1311 start=2203.50 horizon=15.00 frames=150 commit_frames=20[0m
[0m[INFO] [1788859967.962156380]: [multi_patrol][A1] V1 activate prepared dropoff: A1 -> B32 len=4.055 priority_until_s=0.758[0m
[0m[INFO] [1788859967.984444653]: [sim_plan] built plan=1312 start=2204.40 horizon=15.00 frames=150 commit_frames=20[0m
[0m[INFO] [1788859968.007604091]: [sim_plan] built plan=1313 start=2206.40 horizon=15.00 frames=150 commit_frames=20[0m
[0m[INFO] [1788859968.021121819]: [sim_plan] built plan=1314 start=2208.40 horizon=15.00 frames=150 commit_frames=20[0m
[0m[INFO] [1788859968.022309931]: [multi_patrol][A1 EXIT PRIORITY RELEASE] V1 s=0.771 threshold=0.758[0m
[0m[INFO] [1788859968.032622206]: [sim_plan] built plan=1315 start=2210.40 horizon=15.00 frames=150 commit_frames=20[0m
[0m[INFO] [1788859968.042151889]: [sim_plan] built plan=1316 start=2212.40 horizon=15.00 frames=150 commit_frames=20[0m
[0m[INFO] [1788859968.050014742]: [sim_plan] built plan=1317 start=2214.40 horizon=15.00 frames=150 commit_frames=20[0m
[0m[INFO] [1788859968.057137070]: [sim_plan] built plan=1318 start=2216.40 horizon=15.00 frames=150 commit_frames=20[0m
[0m[INFO] [1788859968.063691400]: [sim_plan] built plan=1319 start=2218.40 horizon=15.00 frames=150 commit_frames=20[0m
[0m[INFO] [1788859968.069496372]: [sim_plan] built plan=1320 start=2218.60 horizon=15.00 frames=150 commit_frames=20[0m
[0m[INFO] [1788859968.076746783]: [sim_plan] built plan=1321 start=2220.60 horizon=15.00 frames=150 commit_frames=20[0m
[0m[INFO] [1788859968.084784913]: [sim_plan] built plan=1322 start=2222.60 horizon=15.00 frames=150 commit_frames=20[0m
[0m[INFO] [1788859968.085968936]: [multi_patrol][A1] V0 activate prepared dropoff: A1 -> B9 len=2.555 priority_until_s=0.756[0m
[0m[INFO] [1788859968.095043519]: [sim_plan] built plan=1323 start=2223.50 horizon=15.00 frames=150 commit_frames=20[0m
[0m[INFO] [1788859968.104384073]: [sim_plan] built plan=1324 start=2225.50 horizon=15.00 frames=150 commit_frames=20[0m
[0m[INFO] [1788859968.108454032]: [sim_plan] built plan=1325 start=2227.50 horizon=15.00 frames=150 commit_frames=20[0m
[0m[INFO] [1788859968.109231882]: [multi_patrol][A1 EXIT PRIORITY RELEASE] V0 s=0.768 threshold=0.756[0m
[0m[INFO] [1788859968.111096505]: [sim_plan] built plan=1326 start=2229.50 horizon=15.00 frames=150 commit_frames=20[0m
[0m[INFO] [1788859968.112794631]: [sim_plan] built plan=1327 start=2231.50 horizon=15.00 frames=150 commit_frames=20[0m
[0m[INFO] [1788859968.114298284]: [sim_plan] built plan=1328 start=2233.50 horizon=15.00 frames=150 commit_frames=20[0m
[0m[INFO] [1788859968.114762320]: [multi_patrol][A1] V1 pickup leg: B32 -> A1  wpts=286 len=3.302[0m
[0m[INFO] [1788859968.122991057]: [sim_plan] built plan=1329 start=2234.00 horizon=15.00 frames=150 commit_frames=20[0m
[0m[INFO] [1788859968.130996473]: [sim_plan] built plan=1330 start=2236.00 horizon=15.00 frames=150 commit_frames=20[0m
[0m[INFO] [1788859968.135130592]: [sim_plan] built plan=1331 start=2238.00 horizon=15.00 frames=150 commit_frames=20[0m
[0m[INFO] [1788859968.140527808]: [sim_plan] built plan=1332 start=2240.00 horizon=15.00 frames=150 commit_frames=20[0m
[0m[INFO] [1788859968.144536877]: [sim_plan] built plan=1333 start=2242.00 horizon=15.00 frames=150 commit_frames=20[0m
[0m[INFO] [1788859968.154942144]: [sim_plan] built plan=1334 start=2244.00 horizon=15.00 frames=150 commit_frames=20[0m
[0m[INFO] [1788859968.188345382]: [sim_plan] built plan=1335 start=2246.00 horizon=15.0[33m[WARN] [1788859968.346760446]: [multi_patrol][A1 EXIT HORIZON] V1 target=B8 dwell_part=4.90s departure_window=10.10s total_horizon=15.00s[0m
[33m[WARN] [1788859968.378649974]: [multi_patrol][A1 EXIT HORIZON] V1 target=B8 dwell_part=2.90s departure_window=12.10s total_horizon=15.00s[0m
[33m[WARN] [1788859968.393666347]: [SOURCE=REAL] [plan=1341] [frame=10] [rollout_step=-1] [multi_patrol][A1 EXIT INTRUSION ENTER] owner=V1 target=B8 blocker=V0 dwell_remaining=1.90s visible_exit_t=15.00s owner_exit_s=2.115 blocker_phase=5 blocker_s=2.555 action=DIAG_ONLY[0m
[33m[WARN] [1788859968.412785573]: [multi_patrol][A1 EXIT HORIZON] V1 target=B8 dwell_part=0.90s departure_window=14.10s total_horizon=15.00s[0m
[33m[WARN] [1788859968.520543112]: [SOURCE=REAL] [plan=1345] [frame=14] [rollout_step=-1] [multi_patrol][A1 EXIT INTRUSION CLEAR] owner=V1 blocker=V0[0m
[33m[WARN] [1788859968.521422842]: [SLOT_DEPARTURE] time=37min45.3s vehicle=V0 owner=V1 result=ALLOW reason=slot_departure_clear_after_retry candidate_path_gen=59 slot_departure_clear_s=0.346 vehicle_mode=ACTIVE vehicle_speed=0.000 vehicle_path_s=0.000 blocker=none a1_prefix_conflict=0 ordinary_road_conflict=0 owner_phase=TO_B owner_path_gen=58 geometry=actual_to_b protected_zones=0 actual_occupancy_priority=0 spatial_stop_launch_infeasible=0[0m
[33m[WARN] [1788859968.522002939]: [multi_patrol][A1 EXIT PREPARED] V0 target=B0 pickup_dwell=5.00s exit_len=2.555 priority_until_s=0.756 horizon_refresh=IMMEDIATE[0m
[33m[WARN] [1788859968.593641488]: [SLOT_DEPARTURE] time=37min58.9s vehicle=V1 owner=V0 result=ALLOW reason=slot_departure_clear candidate_path_gen=59 slot_departure_clear_s=0.346 vehicle_mode=ACTIVE vehicle_speed=0.000 vehicle_path_s=0.000 blocker=none a1_prefix_conflict=0 ordinary_road_conflict=0 owner_phase=TO_A1 owner_path_gen=59 geometry=pending_preview protected_zones=0 actual_occupancy_priority=0 spatial_stop_launch_infeasible=0 waiter_stop_s=0.775[0m
[33m[WARN] [1788859968.594035597]: [multi_patrol][A1 EXIT PREPARED] V1 target=B4 pickup_dwell=5.00s exit_len=1.681 priority_until_s=0.758 horizon_refresh=IMMEDIATE[0m
[33m[WARN] [1788859968.761678652]: [multi_patrol][A1 EXIT HORIZON] V0 target=B0 dwell_part=4.90s departure_window=10.10s total_horizon=15.00s[0m
[33m[WARN] [1788859968.785419150]: [multi_patrol][A1 EXIT HORIZON] V0 target=B0 dwell_part=2.90s departure_window=12.10s total_horizon=15.00s[0m
[33m[WARN] [1788859968.816913251]: [multi_patrol][A1 EXIT HORIZON] V0 target=B0 dwell_part=0.90s departure_window=14.10s total_horizon=15.00s[0m
0 frames=150 commit_frames=20[0m
[0m[INFO] [1788859968.221509592]: [sim_plan] built plan=1336 start=2248.00 horizon=15.00 frames=150 commit_frames=20[0m
[0m[INFO] [1788859968.256310318]: [sim_plan] built plan=1337 start=2250.00 horizon=15.00 frames=150 commit_frames=20[0m
[0m[INFO] [1788859968.294583470]: [sim_plan] built plan=1338 start=2252.00 horizon=15.00 frames=150 commit_frames=20[0m
[0m[INFO] [1788859968.329862245]: [sim_plan] built plan=1339 start=2254.00 horizon=15.00 frames=150 commit_frames=20[0m
[0m[INFO] [1788859968.346717462]: [sim_plan] built plan=1340 start=2254.90 horizon=15.00 frames=150 commit_frames=20[0m
[0m[INFO] [1788859968.378606211]: [sim_plan] built plan=1341 start=2256.90 horizon=15.00 frames=150 commit_frames=20[0m
[0m[INFO] [1788859968.412743358]: [sim_plan] built plan=1342 start=2258.90 horizon=15.00 frames=150 commit_frames=20[0m
[0m[INFO] [1788859968.426677327]: [multi_patrol][A1] V1 activate prepared dropoff: A1 -> B8 len=2.336 priority_until_s=0.756[0m
[0m[INFO] [1788859968.430418080]: [sim_plan] built plan=1343 start=2259.80 horizon=15.00 frames=150 commit_frames=20[0m
[0m[INFO] [1788859968.465395683]: [sim_plan] built plan=1344 start=2261.80 horizon=15.00 frames=150 commit_frames=20[0m
[0m[INFO] [1788859968.498910086]: [sim_plan] built plan=1345 start=2263.80 horizon=15.00 frames=150 commit_frames=20[0m
[0m[INFO] [1788859968.520486485]: [multi_patrol][A1 EXIT PRIORITY RELEASE] V1 s=0.768 threshold=0.756[0m
[0m[INFO] [1788859968.521384752]: [multi_patrol][A1] V0 pickup leg: B9 -> A1  wpts=298 len=3.034[0m
[0m[INFO] [1788859968.542791281]: [sim_plan] built plan=1346 start=2265.30 horizon=15.00 frames=150 commit_frames=20[0m
[0m[INFO] [1788859968.561784254]: [sim_plan] built plan=1347 start=2267.30 horizon=15.00 frames=150 commit_frames=20[0m
[0m[INFO] [1788859968.571690504]: [sim_plan] built plan=1348 start=2269.30 horizon=15.00 frames=150 commit_frames=20[0m
[0m[INFO] [1788859968.577828625]: [sim_plan] built plan=1349 start=2271.30 horizon=15.00 frames=150 commit_frames=20[0m
[0m[INFO] [1788859968.582181222]: [sim_plan] built plan=1350 start=2273.30 horizon=15.00 frames=150 commit_frames=20[0m
[0m[INFO] [1788859968.587832996]: [sim_plan] built plan=1351 start=2275.30 horizon=15.00 frames=150 commit_frames=20[0m
[0m[INFO] [1788859968.591581572]: [sim_plan] built plan=1352 start=2277.30 horizon=15.00 frames=150 commit_frames=20[0m
[0m[INFO] [1788859968.593575207]: [multi_patrol][A1] V1 pickup leg: B8 -> A1  wpts=276 len=2.815[0m
[0m[INFO] [1788859968.616433223]: [sim_plan] built plan=1353 start=2278.90 horizon=15.00 frames=150 commit_frames=20[0m
[0m[INFO] [1788859968.638859843]: [sim_plan] built plan=1354 start=2280.90 horizon=15.00 frames=150 commit_frames=20[0m
[0m[INFO] [1788859968.666618806]: [sim_plan] built plan=1355 start=2282.90 horizon=15.00 frames=150 commit_frames=20[0m
[0m[INFO] [1788859968.698308934]: [sim_plan] built plan=1356 start=2284.90 horizon=15.00 frames=150 commit_frames=20[0m
[0m[INFO] [1788859968.722510514]: [sim_plan] built plan=1357 start=2286.90 horizon=15.00 frames=150 commit_frames=20[0m
[0m[INFO] [1788859968.742406248]: [sim_plan] built plan=1358 start=2288.90 horizon=15.00 frames=150 commit_frames=20[0m
[0m[INFO] [1788859968.761580346]: [sim_plan] built plan=1359 start=2289.10 horizon=15.00 frames=150 commit_frames=20[0m
[0m[INFO] [1788859968.785370967]: [sim_plan] built plan=1360 start=2291.10 horizon=15.00 frames=150 commit_frames=20[0m
[0m[INFO] [1788859968.816860579]: [sim_plan] built plan=1361 start=2293.10 horizon=15.00 frames=150 commit_frames=20[0m
[0m[INFO] [1788859968.818150337]: [multi_patrol][A1] V0 activate prepared dropoff: A1 -> B0 len=2.555 priority_until_s=0.756[0m
[0m[INFO] [1788859968.843515651]: [sim_plan] built plan=1362 start=2294.00 horizon=15.00 frames=150 commit_frames=20[0m
[0m[INFO] [1788859968.869628498]: [sim_plan] built plan=1363 start=2296.00 horizon=15.00 frames=150 commit_frames=20[0m
[0m[INFO] [1788859968.887709150]: [sim_plan] built plan=1364 start=2298.00[33m[WARN] [1788859968.946295549]: [SLOT_DEPARTURE] time=38min34.2s vehicle=V0 owner=V1 result=ALLOW reason=slot_departure_clear candidate_path_gen=61 slot_departure_clear_s=0.346 vehicle_mode=ACTIVE vehicle_speed=0.000 vehicle_path_s=0.000 blocker=none a1_prefix_conflict=0 ordinary_road_conflict=0 owner_phase=TO_A1 owner_path_gen=59 geometry=pending_preview protected_zones=0 actual_occupancy_priority=0 spatial_stop_launch_infeasible=0 waiter_stop_s=1.075[0m
[33m[WARN] [1788859968.946743035]: [multi_patrol][A1 EXIT PREPARED] V0 target=B26 pickup_dwell=5.00s exit_len=3.655 priority_until_s=0.758 horizon_refresh=IMMEDIATE[0m
[33m[WARN] [1788859969.013017067]: [multi_patrol][A1 EXIT HORIZON] V1 target=B4 dwell_part=4.90s departure_window=10.10s total_horizon=15.00s[0m
[33m[WARN] [1788859969.046054920]: [multi_patrol][A1 EXIT HORIZON] V1 target=B4 dwell_part=2.90s departure_window=12.10s total_horizon=15.00s[0m
[33m[WARN] [1788859969.078133173]: [multi_patrol][A1 EXIT HORIZON] V1 target=B4 dwell_part=0.90s departure_window=14.10s total_horizon=15.00s[0m
[33m[WARN] [1788859969.187706853]: [SLOT_DEPARTURE] time=38min56.8s vehicle=V1 owner=V0 result=HOLD reason=a1_stop_s_before_slot_clear candidate_path_gen=61 slot_departure_clear_s=0.346 vehicle_mode=DWELL vehicle_speed=0.000 vehicle_path_s=1.681 blocker=V0 a1_prefix_conflict=1 ordinary_road_conflict=0 owner_phase=TO_A1 owner_path_gen=61 geometry=pending_preview protected_zones=2 actual_occupancy_priority=0 spatial_stop_launch_infeasible=1 waiter_stop_s=0.225[0m
[33m[WARN] [1788859969.195284828]: [SLOT_DEPARTURE] time=38min57.1s vehicle=V1 owner=V0 result=HOLD reason=ordinary_immediate_conflict candidate_path_gen=61 slot_departure_clear_s=0.346 vehicle_mode=DWELL vehicle_speed=0.000 vehicle_path_s=1.681 blocker=V0 a1_prefix_conflict=1 ordinary_road_conflict=1 first_t=2.300 candidate_s=0.316 interaction=OPPOSING owner_phase=TO_A1 owner_path_gen=61 geometry=pending_preview protected_zones=2 actual_occupancy_priority=0 spatial_stop_launch_infeasible=1 waiter_stop_s=0.225[0m
[33m[WARN] [1788859969.202530924]: [SLOT_DEPARTURE] time=38min57.6s vehicle=V1 owner=V0 result=HOLD reason=a1_stop_s_before_slot_clear candidate_path_gen=61 slot_departure_clear_s=0.346 vehicle_mode=DWELL vehicle_speed=0.000 vehicle_path_s=1.681 blocker=V0 a1_prefix_conflict=1 ordinary_road_conflict=0 owner_phase=TO_A1 owner_path_gen=61 geometry=pending_preview protected_zones=2 actual_occupancy_priority=0 spatial_stop_launch_infeasible=1 waiter_stop_s=0.225[0m
[33m[WARN] [1788859969.265089513]: [multi_patrol][A1 EXIT HORIZON] V0 target=B26 dwell_part=4.90s departure_window=10.10s total_horizon=15.00s[0m
[33m[WARN] [1788859969.296720304]: [multi_patrol][A1 EXIT HORIZON] V0 target=B26 dwell_part=2.90s departure_window=12.10s total_horizon=15.00s[0m
[33m[WARN] [1788859969.327972882]: [multi_patrol][A1 EXIT HORIZON] V0 target=B26 dwell_part=0.90s departure_window=14.10s total_horizon=15.00s[0m
[33m[WARN] [1788859969.359609932]: [SLOT_DEPARTURE] time=39min7.0s vehicle=V1 owner=V0 result=HOLD reason=ordinary_immediate_conflict candidate_path_gen=61 slot_departure_clear_s=0.346 vehicle_mode=DWELL vehicle_speed=0.000 vehicle_path_s=1.681 blocker=V0 a1_prefix_conflict=1 ordinary_road_conflict=1 first_t=2.450 candidate_s=0.338 interaction=SAME_DIRECTION owner_phase=TO_B owner_path_gen=62 geometry=actual_to_b protected_zones=2 actual_occupancy_priority=0 spatial_stop_launch_infeasible=1 waiter_stop_s=0.225[0m
[33m[WARN] [1788859969.388576926]: [SLOT_DEPARTURE] time=39min8.6s vehicle=V1 owner=V0 result=HOLD reason=a1_stop_s_before_slot_clear candidate_path_gen=61 slot_departure_clear_s=0.346 vehicle_mode=DWELL vehicle_speed=0.000 vehicle_path_s=1.681 blocker=V0 a1_prefix_conflict=1 ordinary_road_conflict=0 owner_phase=TO_B owner_path_gen=62 geometry=actual_to_b protected_zones=2 actual_occupancy_priority=0 spatial_stop_launch_infeasible=1 waiter_stop_s=0.225[0m
 horizon=15.00 frames=150 commit_frames=20[0m
[0m[INFO] [1788859968.888874179]: [multi_patrol][A1 EXIT PRIORITY RELEASE] V0 s=0.768 threshold=0.756[0m
[0m[INFO] [1788859968.900963697]: [sim_plan] built plan=1365 start=2300.00 horizon=15.00 frames=150 commit_frames=20[0m
[0m[INFO] [1788859968.913061995]: [sim_plan] built plan=1366 start=2302.00 horizon=15.00 frames=150 commit_frames=20[0m
[0m[INFO] [1788859968.922134193]: [sim_plan] built plan=1367 start=2304.00 horizon=15.00 frames=150 commit_frames=20[0m
[0m[INFO] [1788859968.927956619]: [sim_plan] built plan=1368 start=2306.00 horizon=15.00 frames=150 commit_frames=20[0m
[0m[INFO] [1788859968.934657177]: [sim_plan] built plan=1369 start=2308.00 horizon=15.00 frames=150 commit_frames=20[0m
[0m[INFO] [1788859968.938154469]: [sim_plan] built plan=1370 start=2310.00 horizon=15.00 frames=150 commit_frames=20[0m
[0m[INFO] [1788859968.941018750]: [sim_plan] built plan=1371 start=2312.00 horizon=15.00 frames=150 commit_frames=20[0m
[0m[INFO] [1788859968.944294417]: [sim_plan] built plan=1372 start=2314.00 horizon=15.00 frames=150 commit_frames=20[0m
[0m[INFO] [1788859968.946226156]: [multi_patrol][A1] V0 pickup leg: B0 -> A1  wpts=298 len=3.034[0m
[0m[INFO] [1788859968.978195623]: [sim_plan] built plan=1373 start=2314.20 horizon=15.00 frames=150 commit_frames=20[0m
[0m[INFO] [1788859969.012971972]: [sim_plan] built plan=1374 start=2316.10 horizon=15.00 frames=150 commit_frames=20[0m
[0m[INFO] [1788859969.045997424]: [sim_plan] built plan=1375 start=2318.10 horizon=15.00 frames=150 commit_frames=20[0m
[0m[INFO] [1788859969.078092113]: [sim_plan] built plan=1376 start=2320.10 horizon=15.00 frames=150 commit_frames=20[0m
[0m[INFO] [1788859969.079214957]: [multi_patrol][A1] V1 activate prepared dropoff: A1 -> B4 len=1.681 priority_until_s=0.758[0m
[0m[INFO] [1788859969.109476975]: [sim_plan] built plan=1377 start=2321.00 horizon=15.00 frames=150 commit_frames=20[0m
[0m[INFO] [1788859969.137226728]: [sim_plan] built plan=1378 start=2323.00 horizon=15.00 frames=150 commit_frames=20[0m
[0m[INFO] [1788859969.155484195]: [sim_plan] built plan=1379 start=2325.00 horizon=15.00 frames=150 commit_frames=20[0m
[0m[INFO] [1788859969.156392860]: [multi_patrol][A1 EXIT PRIORITY RELEASE] V1 s=0.771 threshold=0.758[0m
[0m[INFO] [1788859969.167507723]: [sim_plan] built plan=1380 start=2327.00 horizon=15.00 frames=150 commit_frames=20[0m
[0m[INFO] [1788859969.173577328]: [sim_plan] built plan=1381 start=2329.00 horizon=15.00 frames=150 commit_frames=20[0m
[0m[INFO] [1788859969.177240548]: [sim_plan] built plan=1382 start=2331.00 horizon=15.00 frames=150 commit_frames=20[0m
[0m[INFO] [1788859969.182305700]: [sim_plan] built plan=1383 start=2333.00 horizon=15.00 frames=150 commit_frames=20[0m
[0m[INFO] [1788859969.185603154]: [sim_plan] built plan=1384 start=2335.00 horizon=15.00 frames=150 commit_frames=20[0m
[0m[INFO] [1788859969.193701683]: [sim_plan] built plan=1385 start=2337.00 horizon=15.00 frames=150 commit_frames=20[0m
[0m[INFO] [1788859969.225657428]: [sim_plan] built plan=1386 start=2339.00 horizon=15.00 frames=150 commit_frames=20[0m
[0m[INFO] [1788859969.258586277]: [sim_plan] built plan=1387 start=2341.00 horizon=15.00 frames=150 commit_frames=20[0m
[0m[INFO] [1788859969.265040649]: [sim_plan] built plan=1388 start=2341.20 horizon=15.00 frames=150 commit_frames=20[0m
[0m[INFO] [1788859969.296661516]: [sim_plan] built plan=1389 start=2343.20 horizon=15.00 frames=150 commit_frames=20[0m
[0m[INFO] [1788859969.327916215]: [sim_plan] built plan=1390 start=2345.20 horizon=15.00 frames=150 commit_frames=20[0m
[0m[INFO] [1788859969.339672891]: [multi_patrol][A1] V0 activate prepared dropoff: A1 -> B26 len=3.655 priority_until_s=0.758[0m
[0m[INFO] [1788859969.345340738]: [sim_plan] built plan=1391 start=2346.10 horizon=15.00 frames=150 commit_frames=20[0m
[0m[INFO] [1788859969.381035153]: [sim_plan] built plan=1392 start=2348.10 horizon=15.00 frames=150 commit_frames=20[0m
[0m[INFO] [1788859969.413860370]: [sim_plan] built plan[33m[WARN] [1788859969.436134143]: [SLOT_DEPARTURE] time=39min11.6s vehicle=V1 owner=V0 result=ALLOW reason=slot_departure_clear_after_retry candidate_path_gen=61 slot_departure_clear_s=0.346 vehicle_mode=ACTIVE vehicle_speed=0.000 vehicle_path_s=0.000 blocker=none a1_prefix_conflict=0 ordinary_road_conflict=0 owner_phase=TO_B owner_path_gen=62 geometry=actual_to_b protected_zones=0 actual_occupancy_priority=0 spatial_stop_launch_infeasible=0[0m
[33m[WARN] [1788859969.436618107]: [multi_patrol][A1 EXIT PREPARED] V1 target=B35 pickup_dwell=5.00s exit_len=7.330 priority_until_s=0.758 horizon_refresh=IMMEDIATE[0m
[33m[WARN] [1788859969.508728500]: [multi_patrol][A1 EXIT HORIZON] V1 target=B35 dwell_part=4.90s departure_window=10.10s total_horizon=15.00s[0m
[33m[WARN] [1788859969.513823351]: [multi_patrol][A1 EXIT HORIZON] V1 target=B35 dwell_part=2.90s departure_window=12.10s total_horizon=15.00s[0m
[33m[WARN] [1788859969.519773051]: [multi_patrol][A1 EXIT HORIZON] V1 target=B35 dwell_part=0.90s departure_window=14.10s total_horizon=15.00s[0m
[33m[WARN] [1788859969.546100738]: [SLOT_DEPARTURE] time=39min33.6s vehicle=V0 owner=none result=ALLOW reason=no_service_owner candidate_path_gen=63 slot_departure_clear_s=0.327 vehicle_mode=ACTIVE vehicle_speed=0.000 vehicle_path_s=0.000 blocker=none a1_prefix_conflict=0 ordinary_road_conflict=0[0m
[33m[WARN] [1788859969.546613592]: [multi_patrol][A1 EXIT PREPARED] V0 target=B65 pickup_dwell=5.00s exit_len=6.956 priority_until_s=0.758 horizon_refresh=IMMEDIATE[0m
[33m[WARN] [1788859969.791689661]: [multi_patrol][A1 EXIT HORIZON] V0 target=B65 dwell_part=4.90s departure_window=10.10s total_horizon=15.00s[0m
[33m[WARN] [1788859969.804732069]: [multi_patrol][A1 EXIT HORIZON] V0 target=B65 dwell_part=2.90s departure_window=12.10s total_horizon=15.00s[0m
[33m[WARN] [1788859969.819894403]: [multi_patrol][A1 EXIT HORIZON] V0 target=B65 dwell_part=0.90s departure_window=14.10s total_horizon=15.00s[0m
=1393 start=2350.10 horizon=15.00 frames=150 commit_frames=20[0m
[0m[INFO] [1788859969.435700350]: [multi_patrol][A1 EXIT PRIORITY RELEASE] V0 s=0.771 threshold=0.758[0m
[0m[INFO] [1788859969.436062411]: [multi_patrol][A1] V1 pickup leg: B4 -> A1  wpts=162 len=1.680[0m
[0m[INFO] [1788859969.453008629]: [sim_plan] built plan=1394 start=2351.60 horizon=15.00 frames=150 commit_frames=20[0m
[0m[INFO] [1788859969.470532173]: [sim_plan] built plan=1395 start=2353.60 horizon=15.00 frames=150 commit_frames=20[0m
[0m[INFO] [1788859969.481969882]: [sim_plan] built plan=1396 start=2355.60 horizon=15.00 frames=150 commit_frames=20[0m
[0m[INFO] [1788859969.491267642]: [sim_plan] built plan=1397 start=2357.60 horizon=15.00 frames=150 commit_frames=20[0m
[0m[INFO] [1788859969.499144733]: [sim_plan] built plan=1398 start=2359.60 horizon=15.00 frames=150 commit_frames=20[0m
[0m[INFO] [1788859969.504647390]: [sim_plan] built plan=1399 start=2361.60 horizon=15.00 frames=150 commit_frames=20[0m
[0m[INFO] [1788859969.508682132]: [sim_plan] built plan=1400 start=2363.20 horizon=15.00 frames=150 commit_frames=20[0m
[0m[INFO] [1788859969.513776668]: [sim_plan] built plan=1401 start=2365.20 horizon=15.00 frames=150 commit_frames=20[0m
[0m[INFO] [1788859969.519726210]: [sim_plan] built plan=1402 start=2367.20 horizon=15.00 frames=150 commit_frames=20[0m
[0m[INFO] [1788859969.521062039]: [multi_patrol][A1] V1 activate prepared dropoff: A1 -> B35 len=7.330 priority_until_s=0.758[0m
[0m[INFO] [1788859969.525622075]: [sim_plan] built plan=1403 start=2368.10 horizon=15.00 frames=150 commit_frames=20[0m
[0m[INFO] [1788859969.538203819]: [sim_plan] built plan=1404 start=2370.10 horizon=15.00 frames=150 commit_frames=20[0m
[0m[INFO] [1788859969.543658266]: [sim_plan] built plan=1405 start=2372.10 horizon=15.00 frames=150 commit_frames=20[0m
[0m[INFO] [1788859969.545559136]: [multi_patrol][A1 EXIT PRIORITY RELEASE] V1 s=0.771 threshold=0.758[0m
[0m[INFO] [1788859969.546042088]: [multi_patrol][A1] V0 pickup leg: B26 -> A1  wpts=298 len=3.694[0m
[0m[INFO] [1788859969.570868965]: [sim_plan] built plan=1406 start=2373.60 horizon=15.00 frames=150 commit_frames=20[0m
[0m[INFO] [1788859969.599819032]: [sim_plan] built plan=1407 start=2375.60 horizon=15.00 frames=150 commit_frames=20[0m
[0m[INFO] [1788859969.621278030]: [sim_plan] built plan=1408 start=2377.60 horizon=15.00 frames=150 commit_frames=20[0m
[0m[INFO] [1788859969.644636282]: [sim_plan] built plan=1409 start=2379.60 horizon=15.00 frames=150 commit_frames=20[0m
[0m[INFO] [1788859969.667345882]: [sim_plan] built plan=1410 start=2381.60 horizon=15.00 frames=150 commit_frames=20[0m
[0m[INFO] [1788859969.689340781]: [sim_plan] built plan=1411 start=2383.60 horizon=15.00 frames=150 commit_frames=20[0m
[0m[INFO] [1788859969.710953741]: [sim_plan] built plan=1412 start=2385.60 horizon=15.00 frames=150 commit_frames=20[0m
[0m[INFO] [1788859969.730030676]: [sim_plan] built plan=1413 start=2387.60 horizon=15.00 frames=150 commit_frames=20[0m
[0m[INFO] [1788859969.744032459]: [sim_plan] built plan=1414 start=2389.60 horizon=15.00 frames=150 commit_frames=20[0m
[0m[INFO] [1788859969.756706587]: [sim_plan] built plan=1415 start=2391.60 horizon=15.00 frames=150 commit_frames=20[0m
[0m[INFO] [1788859969.769613667]: [sim_plan] built plan=1416 start=2393.60 horizon=15.00 frames=150 commit_frames=20[0m
[0m[INFO] [1788859969.780554712]: [sim_plan] built plan=1417 start=2395.60 horizon=15.00 frames=150 commit_frames=20[0m
[0m[INFO] [1788859969.791636230]: [sim_plan] built plan=1418 start=2396.40 horizon=15.00 frames=150 commit_frames=20[0m
[0m[INFO] [1788859969.804669098]: [sim_plan] built plan=1419 start=2398.40 horizon=15.00 frames=150 commit_frames=20[0m
[0m[INFO] [1788859969.819842511]: [sim_plan] built plan=1420 start=2400.40 horizon=15.00 frames=150 commit_frames=20[0m
[0m[INFO] [1788859969.821181821]: [multi_patrol][A1] V0 activate prepared dropoff: A1 -> B65 len=6.956 priority_until_s=0.758[0m
[0m[INFO] [1788859969.835403759]: [sim_plan] built pla[33m[WARN] [1788859969.902986555]: [SLOT_DEPARTURE] time=40min15.7s vehicle=V1 owner=none result=ALLOW reason=no_service_owner candidate_path_gen=63 slot_departure_clear_s=0.327 vehicle_mode=ACTIVE vehicle_speed=0.000 vehicle_path_s=0.000 blocker=none a1_prefix_conflict=0 ordinary_road_conflict=0[0m
[33m[WARN] [1788859969.903556096]: [multi_patrol][A1 EXIT PREPARED] V1 target=B7 pickup_dwell=5.00s exit_len=2.116 priority_until_s=0.756 horizon_refresh=IMMEDIATE[0m
[33m[WARN] [1788859970.153625845]: [SLOT_DEPARTURE] time=40min47.1s vehicle=V0 owner=V1 result=ALLOW reason=slot_departure_clear candidate_path_gen=65 slot_departure_clear_s=0.346 vehicle_mode=ACTIVE vehicle_speed=0.000 vehicle_path_s=0.000 blocker=none a1_prefix_conflict=0 ordinary_road_conflict=0 owner_phase=TO_A1 owner_path_gen=63 geometry=pending_preview protected_zones=0 actual_occupancy_priority=0 spatial_stop_launch_infeasible=0 waiter_stop_s=5.450[0m
[33m[WARN] [1788859970.154261598]: [multi_patrol][A1 EXIT PREPARED] V0 target=B36 pickup_dwell=5.00s exit_len=4.494 priority_until_s=0.758 horizon_refresh=IMMEDIATE[0m
[33m[WARN] [1788859970.256531081]: [multi_patrol][A1 EXIT HORIZON] V1 target=B7 dwell_part=4.90s departure_window=10.10s total_horizon=15.00s[0m
n=1421 start=2401.30 horizon=15.00 frames=150 commit_frames=20[0m
[0m[INFO] [1788859969.864478543]: [sim_plan] built plan=1422 start=2403.30 horizon=15.00 frames=150 commit_frames=20[0m
[0m[INFO] [1788859969.875513024]: [sim_plan] built plan=1423 start=2405.30 horizon=15.00 frames=150 commit_frames=20[0m
[0m[INFO] [1788859969.876890437]: [multi_patrol][A1 EXIT PRIORITY RELEASE] V0 s=0.771 threshold=0.758[0m
[0m[INFO] [1788859969.884756879]: [sim_plan] built plan=1424 start=2407.30 horizon=15.00 frames=150 commit_frames=20[0m
[0m[INFO] [1788859969.890920901]: [sim_plan] built plan=1425 start=2409.30 horizon=15.00 frames=150 commit_frames=20[0m
[0m[INFO] [1788859969.895122453]: [sim_plan] built plan=1426 start=2411.30 horizon=15.00 frames=150 commit_frames=20[0m
[0m[INFO] [1788859969.898737974]: [sim_plan] built plan=1427 start=2413.30 horizon=15.00 frames=150 commit_frames=20[0m
[0m[INFO] [1788859969.902325640]: [sim_plan] built plan=1428 start=2415.30 horizon=15.00 frames=150 commit_frames=20[0m
[0m[INFO] [1788859969.902944696]: [multi_patrol][A1] V1 pickup leg: B35 -> A1  wpts=491 len=5.663[0m
[0m[INFO] [1788859969.939076489]: [sim_plan] built plan=1429 start=2415.70 horizon=15.00 frames=150 commit_frames=20[0m
[0m[INFO] [1788859969.964705033]: [sim_plan] built plan=1430 start=2417.70 horizon=15.00 frames=150 commit_frames=20[0m
[0m[INFO] [1788859969.987085926]: [sim_plan] built plan=1431 start=2419.70 horizon=15.00 frames=150 commit_frames=20[0m
[0m[INFO] [1788859970.008309094]: [sim_plan] built plan=1432 start=2421.70 horizon=15.00 frames=150 commit_frames=20[0m
[0m[INFO] [1788859970.025102387]: [sim_plan] built plan=1433 start=2423.70 horizon=15.00 frames=150 commit_frames=20[0m
[0m[INFO] [1788859970.043381828]: [sim_plan] built plan=1434 start=2425.70 horizon=15.00 frames=150 commit_frames=20[0m
[0m[INFO] [1788859970.060809756]: [sim_plan] built plan=1435 start=2427.70 horizon=15.00 frames=150 commit_frames=20[0m
[0m[INFO] [1788859970.078357538]: [sim_plan] built plan=1436 start=2429.70 horizon=15.00 frames=150 commit_frames=20[0m
[0m[INFO] [1788859970.092930835]: [sim_plan] built plan=1437 start=2431.70 horizon=15.00 frames=150 commit_frames=20[0m
[0m[INFO] [1788859970.105706909]: [sim_plan] built plan=1438 start=2433.70 horizon=15.00 frames=150 commit_frames=20[0m
[0m[INFO] [1788859970.116767255]: [sim_plan] built plan=1439 start=2435.70 horizon=15.00 frames=150 commit_frames=20[0m
[0m[INFO] [1788859970.125570442]: [sim_plan] built plan=1440 start=2437.70 horizon=15.00 frames=150 commit_frames=20[0m
[0m[INFO] [1788859970.133394983]: [sim_plan] built plan=1441 start=2439.70 horizon=15.00 frames=150 commit_frames=20[0m
[0m[INFO] [1788859970.138141496]: [sim_plan] built plan=1442 start=2441.70 horizon=15.00 frames=150 commit_frames=20[0m
[0m[INFO] [1788859970.142004191]: [sim_plan] built plan=1443 start=2443.70 horizon=15.00 frames=150 commit_frames=20[0m
[0m[INFO] [1788859970.150254123]: [sim_plan] built plan=1444 start=2445.70 horizon=15.00 frames=150 commit_frames=20[0m
[0m[INFO] [1788859970.153578975]: [multi_patrol][A1] V0 pickup leg: B65 -> A1  wpts=567 len=6.684[0m
[0m[INFO] [1788859970.174186158]: [sim_plan] built plan=1445 start=2447.10 horizon=15.00 frames=150 commit_frames=20[0m
[0m[INFO] [1788859970.197638370]: [sim_plan] built plan=1446 start=2449.10 horizon=15.00 frames=150 commit_frames=20[0m
[0m[INFO] [1788859970.211063834]: [sim_plan] built plan=1447 start=2451.10 horizon=15.00 frames=150 commit_frames=20[0m
[0m[INFO] [1788859970.223784860]: [sim_plan] built plan=1448 start=2453.10 horizon=15.00 frames=150 commit_frames=20[0m
[0m[INFO] [1788859970.235609982]: [sim_plan] built plan=1449 start=2455.10 horizon=15.00 frames=150 commit_frames=20[0m
[0m[INFO] [1788859970.245761822]: [sim_plan] built plan=1450 start=2457.10 horizon=15.00 frames=150 commit_frames=20[0m
[0m[INFO] [1788859970.256491856]: [sim_plan] built plan=1451 start=2459.00 horizon=15.00 frames=150 commit_frames=20[0m
[0m[INFO] [1788859970.270243913]: [sim_plan] built plan[33m[WARN] [1788859970.270473659]: [multi_patrol][A1 EXIT HORIZON] V1 target=B7 dwell_part=2.90s departure_window=12.10s total_horizon=15.00s[0m
[33m[WARN] [1788859970.287633712]: [multi_patrol][A1 EXIT HORIZON] V1 target=B7 dwell_part=0.90s departure_window=14.10s total_horizon=15.00s[0m
[33m[WARN] [1788859970.385621932]: [SLOT_DEPARTURE] time=41min21.9s vehicle=V1 owner=V0 result=ALLOW reason=slot_departure_clear candidate_path_gen=65 slot_departure_clear_s=0.346 vehicle_mode=ACTIVE vehicle_speed=0.000 vehicle_path_s=0.000 blocker=none a1_prefix_conflict=0 ordinary_road_conflict=0 owner_phase=TO_A1 owner_path_gen=65 geometry=pending_preview protected_zones=0 actual_occupancy_priority=0 spatial_stop_launch_infeasible=0 waiter_stop_s=1.100[0m
[33m[WARN] [1788859970.386264146]: [multi_patrol][A1 EXIT PREPARED] V1 target=B53 pickup_dwell=5.00s exit_len=6.964 priority_until_s=0.758 horizon_refresh=IMMEDIATE[0m
[33m[WARN] [1788859970.501617537]: [multi_patrol][A1 EXIT HORIZON] V0 target=B36 dwell_part=4.90s departure_window=10.10s total_horizon=15.00s[0m
[33m[WARN] [1788859970.524450138]: [multi_patrol][A1 EXIT HORIZON] V0 target=B36 dwell_part=2.90s departure_window=12.10s total_horizon=15.00s[0m
[33m[WARN] [1788859970.550584265]: [multi_patrol][A1 EXIT HORIZON] V0 target=B36 dwell_part=0.90s departure_window=14.10s total_horizon=15.00s[0m
[33m[WARN] [1788859970.664639594]: [multi_patrol][A1 EXIT HORIZON] V1 target=B53 dwell_part=4.90s departure_window=10.10s total_horizon=15.00s[0m
[33m[WARN] [1788859970.674323507]: [multi_patrol][A1 EXIT HORIZON] V1 target=B53 dwell_part=2.90s departure_window=12.10s total_horizon=15.00s[0m
[33m[WARN] [1788859970.684958506]: [multi_patrol][A1 EXIT HORIZON] V1 target=B53 dwell_part=0.90s departure_window=14.10s total_horizon=15.00s[0m
=1452 start=2461.00 horizon=15.00 frames=150 commit_frames=20[0m
[0m[INFO] [1788859970.287570140]: [sim_plan] built plan=1453 start=2463.00 horizon=15.00 frames=150 commit_frames=20[0m
[0m[INFO] [1788859970.289206699]: [multi_patrol][A1] V1 activate prepared dropoff: A1 -> B7 len=2.116 priority_until_s=0.756[0m
[0m[INFO] [1788859970.305534207]: [sim_plan] built plan=1454 start=2463.90 horizon=15.00 frames=150 commit_frames=20[0m
[0m[INFO] [1788859970.322554114]: [sim_plan] built plan=1455 start=2465.90 horizon=15.00 frames=150 commit_frames=20[0m
[0m[INFO] [1788859970.337345748]: [sim_plan] built plan=1456 start=2467.90 horizon=15.00 frames=150 commit_frames=20[0m
[0m[INFO] [1788859970.338314696]: [multi_patrol][A1 EXIT PRIORITY RELEASE] V1 s=0.768 threshold=0.756[0m
[0m[INFO] [1788859970.349675762]: [sim_plan] built plan=1457 start=2469.90 horizon=15.00 frames=150 commit_frames=20[0m
[0m[INFO] [1788859970.360550922]: [sim_plan] built plan=1458 start=2471.90 horizon=15.00 frames=150 commit_frames=20[0m
[0m[INFO] [1788859970.367885952]: [sim_plan] built plan=1459 start=2473.90 horizon=15.00 frames=150 commit_frames=20[0m
[0m[INFO] [1788859970.372440858]: [sim_plan] built plan=1460 start=2475.90 horizon=15.00 frames=150 commit_frames=20[0m
[0m[INFO] [1788859970.378796857]: [sim_plan] built plan=1461 start=2477.90 horizon=15.00 frames=150 commit_frames=20[0m
[0m[INFO] [1788859970.382949011]: [sim_plan] built plan=1462 start=2479.90 horizon=15.00 frames=150 commit_frames=20[0m
[0m[INFO] [1788859970.385576097]: [multi_patrol][A1] V1 pickup leg: B7 -> A1  wpts=162 len=2.116[0m
[0m[INFO] [1788859970.421635650]: [sim_plan] built plan=1463 start=2481.90 horizon=15.00 frames=150 commit_frames=20[0m
[0m[INFO] [1788859970.455986503]: [sim_plan] built plan=1464 start=2483.90 horizon=15.00 frames=150 commit_frames=20[0m
[0m[INFO] [1788859970.480945027]: [sim_plan] built plan=1465 start=2485.90 horizon=15.00 frames=150 commit_frames=20[0m
[0m[INFO] [1788859970.501566198]: [sim_plan] built plan=1466 start=2487.60 horizon=15.00 frames=150 commit_frames=20[0m
[0m[INFO] [1788859970.524405299]: [sim_plan] built plan=1467 start=2489.60 horizon=15.00 frames=150 commit_frames=20[0m
[0m[INFO] [1788859970.550535342]: [sim_plan] built plan=1468 start=2491.60 horizon=15.00 frames=150 commit_frames=20[0m
[0m[INFO] [1788859970.551916946]: [multi_patrol][A1] V0 activate prepared dropoff: A1 -> B36 len=4.494 priority_until_s=0.758[0m
[0m[INFO] [1788859970.575500859]: [sim_plan] built plan=1469 start=2492.50 horizon=15.00 frames=150 commit_frames=20[0m
[0m[INFO] [1788859970.598245610]: [sim_plan] built plan=1470 start=2494.50 horizon=15.00 frames=150 commit_frames=20[0m
[0m[INFO] [1788859970.614347377]: [sim_plan] built plan=1471 start=2496.50 horizon=15.00 frames=150 commit_frames=20[0m
[0m[INFO] [1788859970.615559927]: [multi_patrol][A1 EXIT PRIORITY RELEASE] V0 s=0.771 threshold=0.758[0m
[0m[INFO] [1788859970.626830052]: [sim_plan] built plan=1472 start=2498.50 horizon=15.00 frames=150 commit_frames=20[0m
[0m[INFO] [1788859970.638370029]: [sim_plan] built plan=1473 start=2500.50 horizon=15.00 frames=150 commit_frames=20[0m
[0m[INFO] [1788859970.648117601]: [sim_plan] built plan=1474 start=2502.50 horizon=15.00 frames=150 commit_frames=20[0m
[0m[INFO] [1788859970.656750904]: [sim_plan] built plan=1475 start=2504.50 horizon=15.00 frames=150 commit_frames=20[0m
[0m[INFO] [1788859970.664564597]: [sim_plan] built plan=1476 start=2506.50 horizon=15.00 frames=150 commit_frames=20[0m
[0m[INFO] [1788859970.674280404]: [sim_plan] built plan=1477 start=2508.50 horizon=15.00 frames=150 commit_frames=20[0m
[0m[INFO] [1788859970.684894440]: [sim_plan] built plan=1478 start=2510.50 horizon=15.00 frames=150 commit_frames=20[0m
[0m[INFO] [1788859970.686157208]: [multi_patrol][A1] V1 activate prepared dropoff: A1 -> B53 len=6.964 priority_until_s=0.758[0m
[0m[INFO] [1788859970.695663777]: [sim_plan] built plan=1479 start=2511.40 horizon=15.00 frames=150 commit_frames=20[0m
[0m[INFO] [1788859970.71131[33m[WARN] [1788859970.712017044]: [SOURCE=REAL] [plan=1480] [frame=1] [rollout_step=-1] [multi_patrol][A1 EXIT INTRUSION ENTER] owner=V1 target=B53 blocker=V0 dwell_remaining=0.00s visible_exit_t=14.80s owner_exit_s=2.745 blocker_phase=4 blocker_s=3.517 action=DIAG_ONLY[0m
[33m[WARN] [1788859970.721745030]: [SOURCE=REAL] [plan=1481] [frame=14] [rollout_step=-1] [multi_patrol][A1 EXIT INTRUSION CLEAR] owner=V1 blocker=V0[0m
[33m[WARN] [1788859970.739692697]: [SLOT_DEPARTURE] time=42min4.3s vehicle=V0 owner=none result=ALLOW reason=no_service_owner candidate_path_gen=67 slot_departure_clear_s=0.327 vehicle_mode=ACTIVE vehicle_speed=0.000 vehicle_path_s=0.000 blocker=none a1_prefix_conflict=0 ordinary_road_conflict=0[0m
[33m[WARN] [1788859970.740083107]: [multi_patrol][A1 EXIT PREPARED] V0 target=B58 pickup_dwell=5.00s exit_len=6.957 priority_until_s=0.758 horizon_refresh=IMMEDIATE[0m
[33m[WARN] [1788859970.897562484]: [multi_patrol][A1 EXIT HORIZON] V0 target=B58 dwell_part=4.90s departure_window=10.10s total_horizon=15.00s[0m
[33m[WARN] [1788859970.903152026]: [multi_patrol][A1 EXIT HORIZON] V0 target=B58 dwell_part=2.90s departure_window=12.10s total_horizon=15.00s[0m
[33m[WARN] [1788859970.909258283]: [multi_patrol][A1 EXIT HORIZON] V0 target=B58 dwell_part=0.90s departure_window=14.10s total_horizon=15.00s[0m
[33m[WARN] [1788859970.940827258]: [SLOT_DEPARTURE] time=42min37.3s vehicle=V1 owner=none result=ALLOW reason=no_service_owner candidate_path_gen=67 slot_departure_clear_s=0.327 vehicle_mode=ACTIVE vehicle_speed=0.000 vehicle_path_s=0.000 blocker=none a1_prefix_conflict=0 ordinary_road_conflict=0[0m
[33m[WARN] [1788859970.941306912]: [multi_patrol][A1 EXIT PREPARED] V1 target=B38 pickup_dwell=5.00s exit_len=4.713 priority_until_s=0.758 horizon_refresh=IMMEDIATE[0m
0433]: [sim_plan] built plan=1480 start=2513.40 horizon=15.00 frames=150 commit_frames=20[0m
[0m[INFO] [1788859970.720503085]: [sim_plan] built plan=1481 start=2515.40 horizon=15.00 frames=150 commit_frames=20[0m
[0m[INFO] [1788859970.721706229]: [multi_patrol][A1 EXIT PRIORITY RELEASE] V1 s=0.771 threshold=0.758[0m
[0m[INFO] [1788859970.727168603]: [sim_plan] built plan=1482 start=2517.40 horizon=15.00 frames=150 commit_frames=20[0m
[0m[INFO] [1788859970.731358274]: [sim_plan] built plan=1483 start=2519.40 horizon=15.00 frames=150 commit_frames=20[0m
[0m[INFO] [1788859970.734999285]: [sim_plan] built plan=1484 start=2521.40 horizon=15.00 frames=150 commit_frames=20[0m
[0m[INFO] [1788859970.739071881]: [sim_plan] built plan=1485 start=2523.40 horizon=15.00 frames=150 commit_frames=20[0m
[0m[INFO] [1788859970.739656837]: [multi_patrol][A1] V0 pickup leg: B36 -> A1  wpts=298 len=3.149[0m
[0m[INFO] [1788859970.759265965]: [sim_plan] built plan=1486 start=2524.30 horizon=15.00 frames=150 commit_frames=20[0m
[0m[INFO] [1788859970.781788685]: [sim_plan] built plan=1487 start=2526.30 horizon=15.00 frames=150 commit_frames=20[0m
[0m[INFO] [1788859970.800142216]: [sim_plan] built plan=1488 start=2528.30 horizon=15.00 frames=150 commit_frames=20[0m
[0m[INFO] [1788859970.818030957]: [sim_plan] built plan=1489 start=2530.30 horizon=15.00 frames=150 commit_frames=20[0m
[0m[INFO] [1788859970.833890419]: [sim_plan] built plan=1490 start=2532.30 horizon=15.00 frames=150 commit_frames=20[0m
[0m[INFO] [1788859970.847647273]: [sim_plan] built plan=1491 start=2534.30 horizon=15.00 frames=150 commit_frames=20[0m
[0m[INFO] [1788859970.861910182]: [sim_plan] built plan=1492 start=2536.30 horizon=15.00 frames=150 commit_frames=20[0m
[0m[INFO] [1788859970.872555680]: [sim_plan] built plan=1493 start=2538.30 horizon=15.00 frames=150 commit_frames=20[0m
[0m[INFO] [1788859970.881215788]: [sim_plan] built plan=1494 start=2540.30 horizon=15.00 frames=150 commit_frames=20[0m
[0m[INFO] [1788859970.887723517]: [sim_plan] built plan=1495 start=2542.30 horizon=15.00 frames=150 commit_frames=20[0m
[0m[INFO] [1788859970.892782892]: [sim_plan] built plan=1496 start=2544.30 horizon=15.00 frames=150 commit_frames=20[0m
[0m[INFO] [1788859970.897509270]: [sim_plan] built plan=1497 start=2545.60 horizon=15.00 frames=150 commit_frames=20[0m
[0m[INFO] [1788859970.903115613]: [sim_plan] built plan=1498 start=2547.60 horizon=15.00 frames=150 commit_frames=20[0m
[0m[INFO] [1788859970.909210435]: [sim_plan] built plan=1499 start=2549.60 horizon=15.00 frames=150 commit_frames=20[0m
[0m[INFO] [1788859970.911067108]: [multi_patrol][A1] V0 activate prepared dropoff: A1 -> B58 len=6.957 priority_until_s=0.758[0m
[0m[INFO] [1788859970.916317252]: [sim_plan] built plan=1500 start=2550.50 horizon=15.00 frames=150 commit_frames=20[0m
[0m[INFO] [1788859970.929908312]: [sim_plan] built plan=1501 start=2552.50 horizon=15.00 frames=150 commit_frames=20[0m
[0m[INFO] [1788859970.935189813]: [sim_plan] built plan=1502 start=2554.50 horizon=15.00 frames=150 commit_frames=20[0m
[0m[INFO] [1788859970.936573135]: [multi_patrol][A1 EXIT PRIORITY RELEASE] V0 s=0.771 threshold=0.758[0m
[0m[INFO] [1788859970.940223681]: [sim_plan] built plan=1503 start=2556.50 horizon=15.00 frames=150 commit_frames=20[0m
[0m[INFO] [1788859970.940784817]: [multi_patrol][A1] V1 pickup leg: B53 -> A1  wpts=514 len=6.437[0m
[0m[INFO] [1788859970.959161102]: [sim_plan] built plan=1504 start=2557.30 horizon=15.00 frames=150 commit_frames=20[0m
[0m[INFO] [1788859970.987964585]: [sim_plan] built plan=1505 start=2559.30 horizon=15.00 frames=150 commit_frames=20[0m
[0m[INFO] [1788859971.007999600]: [sim_plan] built plan=1506 start=2561.30 horizon=15.00 frames=150 commit_frames=20[0m
[0m[INFO] [1788859971.034804270]: [sim_plan] built plan=1507 start=2563.30 horizon=15.00 frames=150 commit_frames=20[0m
[0m[INFO] [1788859971.064773335]: [sim_plan] built plan=1508 start=2565.30 horizon=15.00 frames=150 commit_frames=20[0m
[0m[INFO] [1788859971.097708675]: [33m[WARN] [1788859971.342550106]: [SLOT_DEPARTURE] time=43min16.7s vehicle=V0 owner=none result=ALLOW reason=no_service_owner candidate_path_gen=69 slot_departure_clear_s=0.346 vehicle_mode=ACTIVE vehicle_speed=0.000 vehicle_path_s=0.000 blocker=none a1_prefix_conflict=0 ordinary_road_conflict=0[0m
[33m[WARN] [1788859971.342976302]: [multi_patrol][A1 EXIT PREPARED] V0 target=B3 pickup_dwell=5.00s exit_len=1.901 priority_until_s=0.758 horizon_refresh=IMMEDIATE[0m
[33m[WARN] [1788859971.514482718]: [multi_patrol][A1 EXIT HORIZON] V1 target=B38 dwell_part=4.90s departure_window=10.10s total_horizon=15.00s[0m
[33m[WARN] [1788859971.542765821]: [multi_patrol][A1 EXIT HORIZON] V1 target=B38 dwell_part=2.90s departure_window=12.10s total_horizon=15.00s[0m
[33m[WARN] [1788859971.589319466]: [multi_patrol][A1 EXIT HORIZON] V1 target=B38 dwell_part=0.90s departure_window=14.10s total_horizon=15.00s[0m
[sim_plan] built plan=1509 start=2567.30 horizon=15.00 frames=150 commit_frames=20[0m
[0m[INFO] [1788859971.132717129]: [sim_plan] built plan=1510 start=2569.30 horizon=15.00 frames=150 commit_frames=20[0m
[0m[INFO] [1788859971.163799360]: [sim_plan] built plan=1511 start=2571.30 horizon=15.00 frames=150 commit_frames=20[0m
[0m[INFO] [1788859971.195368427]: [sim_plan] built plan=1512 start=2573.30 horizon=15.00 frames=150 commit_frames=20[0m
[0m[INFO] [1788859971.227120758]: [sim_plan] built plan=1513 start=2575.30 horizon=15.00 frames=150 commit_frames=20[0m
[0m[INFO] [1788859971.251404583]: [sim_plan] built plan=1514 start=2577.30 horizon=15.00 frames=150 commit_frames=20[0m
[0m[INFO] [1788859971.270843016]: [sim_plan] built plan=1515 start=2579.30 horizon=15.00 frames=150 commit_frames=20[0m
[0m[INFO] [1788859971.286599079]: [sim_plan] built plan=1516 start=2581.30 horizon=15.00 frames=150 commit_frames=20[0m
[0m[INFO] [1788859971.301106345]: [sim_plan] built plan=1517 start=2583.30 horizon=15.00 frames=150 commit_frames=20[0m
[0m[INFO] [1788859971.312592219]: [sim_plan] built plan=1518 start=2585.30 horizon=15.00 frames=150 commit_frames=20[0m
[0m[INFO] [1788859971.322197887]: [sim_plan] built plan=1519 start=2587.30 horizon=15.00 frames=150 commit_frames=20[0m
[0m[INFO] [1788859971.329256355]: [sim_plan] built plan=1520 start=2589.30 horizon=15.00 frames=150 commit_frames=20[0m
[0m[INFO] [1788859971.333853732]: [sim_plan] built plan=1521 start=2591.30 horizon=15.00 frames=150 commit_frames=20[0m
[0m[INFO] [1788859971.337802172]: [sim_plan] built plan=1522 start=2593.30 horizon=15.00 frames=150 commit_frames=20[0m
[0m[INFO] [1788859971.341759293]: [sim_plan] built plan=1523 start=2595.30 horizon=15.00 frames=150 commit_frames=20[0m
[0m[INFO] [1788859971.342501381]: [multi_patrol][A1] V0 pickup leg: B58 -> A1  wpts=605 len=6.506[0m
[0m[INFO] [1788859971.360229572]: [sim_plan] built plan=1524 start=2596.70 horizon=15.00 frames=150 commit_frames=20[0m
[0m[INFO] [1788859971.386934158]: [sim_plan] built plan=1525 start=2598.70 horizon=15.00 frames=150 commit_frames=20[0m
[0m[INFO] [1788859971.410657754]: [sim_plan] built plan=1526 start=2600.70 horizon=15.00 frames=150 commit_frames=20[0m
[0m[INFO] [1788859971.427550367]: [sim_plan] built plan=1527 start=2602.70 horizon=15.00 frames=150 commit_frames=20[0m
[0m[INFO] [1788859971.443783816]: [sim_plan] built plan=1528 start=2604.70 horizon=15.00 frames=150 commit_frames=20[0m
[0m[INFO] [1788859971.457332196]: [sim_plan] built plan=1529 start=2606.70 horizon=15.00 frames=150 commit_frames=20[0m
[0m[INFO] [1788859971.470833617]: [sim_plan] built plan=1530 start=2608.70 horizon=15.00 frames=150 commit_frames=20[0m
[0m[INFO] [1788859971.486933924]: [sim_plan] built plan=1531 start=2610.70 horizon=15.00 frames=150 commit_frames=20[0m
[0m[INFO] [1788859971.499327795]: [sim_plan] built plan=1532 start=2612.70 horizon=15.00 frames=150 commit_frames=20[0m
[0m[INFO] [1788859971.514406192]: [sim_plan] built plan=1533 start=2613.90 horizon=15.00 frames=150 commit_frames=20[0m
[0m[INFO] [1788859971.542706924]: [sim_plan] built plan=1534 start=2615.90 horizon=15.00 frames=150 commit_frames=20[0m
[0m[INFO] [1788859971.589266193]: [sim_plan] built plan=1535 start=2617.90 horizon=15.00 frames=150 commit_frames=20[0m
[0m[INFO] [1788859971.590864057]: [multi_patrol][A1] V1 activate prepared dropoff: A1 -> B38 len=4.713 priority_until_s=0.758[0m
[0m[INFO] [1788859971.637212787]: [sim_plan] built plan=1536 start=2618.80 horizon=15.00 frames=150 commit_frames=20[0m
[0m[INFO] [1788859971.693584990]: [sim_plan] built plan=1537 start=2620.80 horizon=15.00 frames=150 commit_frames=20[0m
[0m[INFO] [1788859971.748614398]: [sim_plan] built plan=1538 start=2622.80 horizon=15.00 frames=150 commit_frames=20[0m
[0m[INFO] [1788859971.749861349]: [multi_patrol][A1 EXIT PRIORITY RELEASE] V1 s=0.771 threshold=0.758[0m
[0m[INFO] [1788859971.799291689]: [sim_plan] built plan=1539 start=2624.80 horizon=15.00 frames=150 commit_frames=20[0m
[0m[INF[33m[WARN] [1788859972.028413760]: [SLOT_DEPARTURE] time=44min11.6s vehicle=V1 owner=V0 result=ALLOW reason=slot_departure_clear candidate_path_gen=69 slot_departure_clear_s=0.327 vehicle_mode=ACTIVE vehicle_speed=0.000 vehicle_path_s=0.000 blocker=none a1_prefix_conflict=0 ordinary_road_conflict=0 owner_phase=TO_A1 owner_path_gen=69 geometry=pending_preview protected_zones=0 actual_occupancy_priority=0 spatial_stop_launch_infeasible=0 waiter_stop_s=2.350[0m
[33m[WARN] [1788859972.028939687]: [multi_patrol][A1 EXIT PREPARED] V1 target=B65 pickup_dwell=5.00s exit_len=6.956 priority_until_s=0.758 horizon_refresh=IMMEDIATE[0m
[33m[WARN] [1788859972.116798502]: [multi_patrol][A1 EXIT HORIZON] V0 target=B3 dwell_part=4.90s departure_window=10.10s total_horizon=15.00s[0m
[33m[WARN] [1788859972.142727763]: [multi_patrol][A1 EXIT HORIZON] V0 target=B3 dwell_part=2.90s departure_window=12.10s total_horizon=15.00s[0m
[33m[WARN] [1788859972.169724334]: [multi_patrol][A1 EXIT HORIZON] V0 target=B3 dwell_part=0.90s departure_window=14.10s total_horizon=15.00s[0m
[33m[WARN] [1788859972.266437528]: [multi_patrol][A1 EXIT HORIZON] V1 target=B65 dwell_part=4.90s departure_window=10.10s total_horizon=15.00s[0m
[33m[WARN] [1788859972.271789198]: [multi_patrol][A1 EXIT HORIZON] V1 target=B65 dwell_part=2.90s departure_window=12.10s total_horizon=15.00s[0m
[33m[WARN] [1788859972.275355064]: [SLOT_DEPARTURE] time=44min39.0s vehicle=V0 owner=V1 result=ALLOW reason=slot_departure_clear candidate_path_gen=71 slot_departure_clear_s=0.346 vehicle_mode=ACTIVE vehicle_speed=0.000 vehicle_path_s=0.000 blocker=none a1_prefix_conflict=0 ordinary_road_conflict=0 owner_phase=PICKUP_DWELL owner_path_gen=69 geometry=pending_preview protected_zones=0 actual_occupancy_priority=0 spatial_stop_launch_infeasible=0 waiter_stop_s=0.900[0m
[33m[WARN] [1788859972.275815049]: [multi_patrol][A1 EXIT PREPARED] V0 target=B22 pickup_dwell=5.00s exit_len=4.094 priority_until_s=0.758 horizon_refresh=IMMEDIATE[0m
[33m[WARN] [1788859972.298957172]: [multi_patrol][A1 EXIT HORIZON] V1 target=B65 dwell_part=2.30s departure_window=12.70s total_horizon=15.00s[0m
O] [1788859971.840290295]: [sim_plan] built plan=1540 start=2626.80 horizon=15.00 frames=150 commit_frames=20[0m
[0m[INFO] [1788859971.876150623]: [sim_plan] built plan=1541 start=2628.80 horizon=15.00 frames=150 commit_frames=20[0m
[0m[INFO] [1788859971.907606076]: [sim_plan] built plan=1542 start=2630.80 horizon=15.00 frames=150 commit_frames=20[0m
[0m[INFO] [1788859971.936212321]: [sim_plan] built plan=1543 start=2632.80 horizon=15.00 frames=150 commit_frames=20[0m
[0m[INFO] [1788859971.957723736]: [sim_plan] built plan=1544 start=2634.80 horizon=15.00 frames=150 commit_frames=20[0m
[0m[INFO] [1788859971.974691490]: [sim_plan] built plan=1545 start=2636.80 horizon=15.00 frames=150 commit_frames=20[0m
[0m[INFO] [1788859971.986587300]: [sim_plan] built plan=1546 start=2638.80 horizon=15.00 frames=150 commit_frames=20[0m
[0m[INFO] [1788859971.997118001]: [sim_plan] built plan=1547 start=2640.80 horizon=15.00 frames=150 commit_frames=20[0m
[0m[INFO] [1788859972.007648348]: [sim_plan] built plan=1548 start=2642.80 horizon=15.00 frames=150 commit_frames=20[0m
[0m[INFO] [1788859972.014232743]: [sim_plan] built plan=1549 start=2644.80 horizon=15.00 frames=150 commit_frames=20[0m
[0m[INFO] [1788859972.018700102]: [sim_plan] built plan=1550 start=2646.80 horizon=15.00 frames=150 commit_frames=20[0m
[0m[INFO] [1788859972.022903623]: [sim_plan] built plan=1551 start=2648.80 horizon=15.00 frames=150 commit_frames=20[0m
[0m[INFO] [1788859972.026533595]: [sim_plan] built plan=1552 start=2650.80 horizon=15.00 frames=150 commit_frames=20[0m
[0m[INFO] [1788859972.028363594]: [multi_patrol][A1] V1 pickup leg: B38 -> A1  wpts=320 len=3.368[0m
[0m[INFO] [1788859972.040526954]: [sim_plan] built plan=1553 start=2651.60 horizon=15.00 frames=150 commit_frames=20[0m
[0m[INFO] [1788859972.067985503]: [sim_plan] built plan=1554 start=2653.60 horizon=15.00 frames=150 commit_frames=20[0m
[0m[INFO] [1788859972.092373145]: [sim_plan] built plan=1555 start=2655.60 horizon=15.00 frames=150 commit_frames=20[0m
[0m[INFO] [1788859972.116743374]: [sim_plan] built plan=1556 start=2657.20 horizon=15.00 frames=150 commit_frames=20[0m
[0m[INFO] [1788859972.142660964]: [sim_plan] built plan=1557 start=2659.20 horizon=15.00 frames=150 commit_frames=20[0m
[0m[INFO] [1788859972.169669087]: [sim_plan] built plan=1558 start=2661.20 horizon=15.00 frames=150 commit_frames=20[0m
[0m[INFO] [1788859972.171143757]: [multi_patrol][A1] V0 activate prepared dropoff: A1 -> B3 len=1.901 priority_until_s=0.758[0m
[0m[INFO] [1788859972.196630932]: [sim_plan] built plan=1559 start=2662.10 horizon=15.00 frames=150 commit_frames=20[0m
[0m[INFO] [1788859972.217553727]: [sim_plan] built plan=1560 start=2664.10 horizon=15.00 frames=150 commit_frames=20[0m
[0m[INFO] [1788859972.230141596]: [sim_plan] built plan=1561 start=2666.10 horizon=15.00 frames=150 commit_frames=20[0m
[0m[INFO] [1788859972.231199436]: [multi_patrol][A1 EXIT PRIORITY RELEASE] V0 s=0.771 threshold=0.758[0m
[0m[INFO] [1788859972.239414348]: [sim_plan] built plan=1562 start=2668.10 horizon=15.00 frames=150 commit_frames=20[0m
[0m[INFO] [1788859972.247102870]: [sim_plan] built plan=1563 start=2670.10 horizon=15.00 frames=150 commit_frames=20[0m
[0m[INFO] [1788859972.254960812]: [sim_plan] built plan=1564 start=2672.10 horizon=15.00 frames=150 commit_frames=20[0m
[0m[INFO] [1788859972.258634020]: [sim_plan] built plan=1565 start=2674.10 horizon=15.00 frames=150 commit_frames=20[0m
[0m[INFO] [1788859972.262533393]: [sim_plan] built plan=1566 start=2676.10 horizon=15.00 frames=150 commit_frames=20[0m
[0m[INFO] [1788859972.266394771]: [sim_plan] built plan=1567 start=2676.40 horizon=15.00 frames=150 commit_frames=20[0m
[0m[INFO] [1788859972.271745079]: [sim_plan] built plan=1568 start=2678.40 horizon=15.00 frames=150 commit_frames=20[0m
[0m[INFO] [1788859972.275305244]: [multi_patrol][A1] V0 pickup leg: B3 -> A1  wpts=162 len=1.900[0m
[0m[INFO] [1788859972.298908753]: [sim_plan] built plan=1569 start=2679.00 horizon=15.00 frames=150 commit_frames=20[0m
[[33m[WARN] [1788859972.326162035]: [multi_patrol][A1 EXIT HORIZON] V1 target=B65 dwell_part=0.30s departure_window=14.70s total_horizon=15.00s[0m
[33m[WARN] [1788859972.326964223]: [SOURCE=REAL] [plan=1570] [frame=2] [rollout_step=-1] [multi_patrol][A1 EXIT INTRUSION ENTER] owner=V1 target=B65 blocker=V0 dwell_remaining=0.10s visible_exit_t=5.30s owner_exit_s=0.726 blocker_phase=1 blocker_s=0.321 action=DIAG_ONLY[0m
[33m[WARN] [1788859972.356967782]: [SOURCE=REAL] [plan=1571] [frame=14] [rollout_step=-1] [multi_patrol][A1 EXIT INTRUSION CLEAR] owner=V1 blocker=V0[0m
[33m[WARN] [1788859972.457221381]: [multi_patrol][A1 EXIT HORIZON] V0 target=B22 dwell_part=4.90s departure_window=10.10s total_horizon=15.00s[0m
[33m[WARN] [1788859972.472357027]: [multi_patrol][A1 EXIT HORIZON] V0 target=B22 dwell_part=2.90s departure_window=12.10s total_horizon=15.00s[0m
[33m[WARN] [1788859972.473710378]: [SOURCE=REAL] [plan=1579] [frame=8] [rollout_step=-1] [multi_patrol][A1 EXIT INTRUSION ENTER] owner=V0 target=B22 blocker=V1 dwell_remaining=2.10s visible_exit_t=14.95s owner_exit_s=2.038 blocker_phase=4 blocker_s=2.732 action=DIAG_ONLY[0m
[33m[WARN] [1788859972.493572557]: [multi_patrol][A1 EXIT HORIZON] V0 target=B22 dwell_part=0.90s departure_window=14.10s total_horizon=15.00s[0m
[33m[WARN] [1788859972.548216830]: [SOURCE=REAL] [plan=1582] [frame=5] [rollout_step=-1] [multi_patrol][A1 EXIT INTRUSION CLEAR] owner=V0 blocker=V1[0m
[33m[WARN] [1788859972.672712190]: [SLOT_DEPARTURE] time=45min27.1s vehicle=V1 owner=none result=ALLOW reason=no_service_owner candidate_path_gen=71 slot_departure_clear_s=0.346 vehicle_mode=ACTIVE vehicle_speed=0.000 vehicle_path_s=0.000 blocker=none a1_prefix_conflict=0 ordinary_road_conflict=0[0m
[33m[WARN] [1788859972.673283566]: [multi_patrol][A1 EXIT PREPARED] V1 target=B0 pickup_dwell=5.00s exit_len=2.555 priority_until_s=0.756 horizon_refresh=IMMEDIATE[0m
[33m[WARN] [1788859972.682713008]: [SLOT_DEPARTURE] time=45min30.0s vehicle=V0 owner=none result=ALLOW reason=no_service_owner candidate_path_gen=73 slot_departure_clear_s=0.327 vehicle_mode=ACTIVE vehicle_speed=0.000 vehicle_path_s=0.000 blocker=none a1_prefix_conflict=0 ordinary_road_conflict=0[0m
[33m[WARN] [1788859972.683286406]: [multi_patrol][A1 EXIT PREPARED] V0 target=B34 pickup_dwell=5.00s exit_len=4.275 priority_until_s=0.758 horizon_refresh=IMMEDIATE[0m
0m[INFO] [1788859972.325827864]: [sim_plan] built plan=1570 start=2681.00 horizon=15.00 frames=150 commit_frames=20[0m
[0m[INFO] [1788859972.327592562]: [multi_patrol][A1] V1 activate prepared dropoff: A1 -> B65 len=6.956 priority_until_s=0.758[0m
[0m[INFO] [1788859972.353000973]: [sim_plan] built plan=1571 start=2681.30 horizon=15.00 frames=150 commit_frames=20[0m
[0m[INFO] [1788859972.378603361]: [sim_plan] built plan=1572 start=2683.30 horizon=15.00 frames=150 commit_frames=20[0m
[0m[INFO] [1788859972.396806363]: [sim_plan] built plan=1573 start=2685.30 horizon=15.00 frames=150 commit_frames=20[0m
[0m[INFO] [1788859972.398388004]: [multi_patrol][A1 EXIT PRIORITY RELEASE] V1 s=0.771 threshold=0.758[0m
[0m[INFO] [1788859972.411748389]: [sim_plan] built plan=1574 start=2687.30 horizon=15.00 frames=150 commit_frames=20[0m
[0m[INFO] [1788859972.423797868]: [sim_plan] built plan=1575 start=2689.30 horizon=15.00 frames=150 commit_frames=20[0m
[0m[INFO] [1788859972.435297868]: [sim_plan] built plan=1576 start=2691.30 horizon=15.00 frames=150 commit_frames=20[0m
[0m[INFO] [1788859972.446305522]: [sim_plan] built plan=1577 start=2693.30 horizon=15.00 frames=150 commit_frames=20[0m
[0m[INFO] [1788859972.457169755]: [sim_plan] built plan=1578 start=2695.30 horizon=15.00 frames=150 commit_frames=20[0m
[0m[INFO] [1788859972.472297588]: [sim_plan] built plan=1579 start=2697.30 horizon=15.00 frames=150 commit_frames=20[0m
[0m[INFO] [1788859972.493495252]: [sim_plan] built plan=1580 start=2699.30 horizon=15.00 frames=150 commit_frames=20[0m
[0m[INFO] [1788859972.495614790]: [multi_patrol][A1] V0 activate prepared dropoff: A1 -> B22 len=4.094 priority_until_s=0.758[0m
[0m[INFO] [1788859972.515968477]: [sim_plan] built plan=1581 start=2700.20 horizon=15.00 frames=150 commit_frames=20[0m
[0m[INFO] [1788859972.547339535]: [sim_plan] built plan=1582 start=2702.20 horizon=15.00 frames=150 commit_frames=20[0m
[0m[INFO] [1788859972.569917671]: [sim_plan] built plan=1583 start=2704.20 horizon=15.00 frames=150 commit_frames=20[0m
[0m[INFO] [1788859972.571524650]: [multi_patrol][A1 EXIT PRIORITY RELEASE] V0 s=0.771 threshold=0.758[0m
[0m[INFO] [1788859972.592002272]: [sim_plan] built plan=1584 start=2706.20 horizon=15.00 frames=150 commit_frames=20[0m
[0m[INFO] [1788859972.610224203]: [sim_plan] built plan=1585 start=2708.20 horizon=15.00 frames=150 commit_frames=20[0m
[0m[INFO] [1788859972.626665637]: [sim_plan] built plan=1586 start=2710.20 horizon=15.00 frames=150 commit_frames=20[0m
[0m[INFO] [1788859972.642126475]: [sim_plan] built plan=1587 start=2712.20 horizon=15.00 frames=150 commit_frames=20[0m
[0m[INFO] [1788859972.652349446]: [sim_plan] built plan=1588 start=2714.20 horizon=15.00 frames=150 commit_frames=20[0m
[0m[INFO] [1788859972.659914845]: [sim_plan] built plan=1589 start=2716.20 horizon=15.00 frames=150 commit_frames=20[0m
[0m[INFO] [1788859972.665030947]: [sim_plan] built plan=1590 start=2718.20 horizon=15.00 frames=150 commit_frames=20[0m
[0m[INFO] [1788859972.668386398]: [sim_plan] built plan=1591 start=2720.20 horizon=15.00 frames=150 commit_frames=20[0m
[0m[INFO] [1788859972.669824561]: [sim_plan] built plan=1592 start=2722.20 horizon=15.00 frames=150 commit_frames=20[0m
[0m[INFO] [1788859972.671116822]: [sim_plan] built plan=1593 start=2724.20 horizon=15.00 frames=150 commit_frames=20[0m
[0m[INFO] [1788859972.672232383]: [sim_plan] built plan=1594 start=2726.20 horizon=15.00 frames=150 commit_frames=20[0m
[0m[INFO] [1788859972.672663859]: [multi_patrol][A1] V1 pickup leg: B65 -> A1  wpts=567 len=6.684[0m
[0m[INFO] [1788859972.677566402]: [sim_plan] built plan=1595 start=2727.10 horizon=15.00 frames=150 commit_frames=20[0m
[0m[INFO] [1788859972.681965129]: [sim_plan] built plan=1596 start=2729.10 horizon=15.00 frames=150 commit_frames=20[0m
[0m[INFO] [1788859972.682668968]: [multi_patrol][A1] V0 pickup leg: B22 -> A1  wpts=288 len=3.280[0m
[0m[INFO] [1788859972.703087343]: [sim_plan] built plan=1597 start=2730.00 horizon=15.00 frames=150 commit_frames=20[0m
[33m[WARN] [1788859972.913058092]: [multi_patrol][A1 EXIT HORIZON] V0 target=B34 dwell_part=4.90s departure_window=10.10s total_horizon=15.00s[0m
[33m[WARN] [1788859972.937273688]: [multi_patrol][A1 EXIT HORIZON] V0 target=B34 dwell_part=2.90s departure_window=12.10s total_horizon=15.00s[0m
[33m[WARN] [1788859972.965007200]: [multi_patrol][A1 EXIT HORIZON] V0 target=B34 dwell_part=0.90s departure_window=14.10s total_horizon=15.00s[0m
[33m[WARN] [1788859973.117091336]: [multi_patrol][A1 EXIT HORIZON] V1 target=B0 dwell_part=4.90s departure_window=10.10s total_horizon=15.00s[0m
[33m[WARN] [1788859973.126636231]: [multi_patrol][A1 EXIT HORIZON] V1 target=B0 dwell_part=2.90s departure_window=12.10s total_horizon=15.00s[0m
[33m[WARN] [1788859973.137041492]: [multi_patrol][A1 EXIT HORIZON] V1 target=B0 dwell_part=0.90s departure_window=14.10s total_horizon=15.00s[0m
[0m[INFO] [1788859972.726380513]: [sim_plan] built plan=1598 start=2732.00 horizon=15.00 frames=150 commit_frames=20[0m
[0m[INFO] [1788859972.743927744]: [sim_plan] built plan=1599 start=2734.00 horizon=15.00 frames=150 commit_frames=20[0m
[0m[INFO] [1788859972.766755522]: [sim_plan] built plan=1600 start=2736.00 horizon=15.00 frames=150 commit_frames=20[0m
[0m[INFO] [1788859972.785484234]: [sim_plan] built plan=1601 start=2738.00 horizon=15.00 frames=150 commit_frames=20[0m
[0m[INFO] [1788859972.801534249]: [sim_plan] built plan=1602 start=2740.00 horizon=15.00 frames=150 commit_frames=20[0m
[0m[INFO] [1788859972.815915209]: [sim_plan] built plan=1603 start=2742.00 horizon=15.00 frames=150 commit_frames=20[0m
[0m[INFO] [1788859972.827307360]: [sim_plan] built plan=1604 start=2744.00 horizon=15.00 frames=150 commit_frames=20[0m
[0m[INFO] [1788859972.849460866]: [sim_plan] built plan=1605 start=2746.00 horizon=15.00 frames=150 commit_frames=20[0m
[0m[INFO] [1788859972.870582122]: [sim_plan] built plan=1606 start=2748.00 horizon=15.00 frames=150 commit_frames=20[0m
[0m[INFO] [1788859972.891321343]: [sim_plan] built plan=1607 start=2750.00 horizon=15.00 frames=150 commit_frames=20[0m
[0m[INFO] [1788859972.913012286]: [sim_plan] built plan=1608 start=2750.80 horizon=15.00 frames=150 commit_frames=20[0m
[0m[INFO] [1788859972.937222112]: [sim_plan] built plan=1609 start=2752.80 horizon=15.00 frames=150 commit_frames=20[0m
[0m[INFO] [1788859972.964952605]: [sim_plan] built plan=1610 start=2754.80 horizon=15.00 frames=150 commit_frames=20[0m
[0m[INFO] [1788859972.966720075]: [multi_patrol][A1] V0 activate prepared dropoff: A1 -> B34 len=4.275 priority_until_s=0.758[0m
[0m[INFO] [1788859972.994482390]: [sim_plan] built plan=1611 start=2755.70 horizon=15.00 frames=150 commit_frames=20[0m
[0m[INFO] [1788859973.027886694]: [sim_plan] built plan=1612 start=2757.70 horizon=15.00 frames=150 commit_frames=20[0m
[0m[INFO] [1788859973.048217857]: [sim_plan] built plan=1613 start=2759.70 horizon=15.00 frames=150 commit_frames=20[0m
[0m[INFO] [1788859973.049843502]: [multi_patrol][A1 EXIT PRIORITY RELEASE] V0 s=0.771 threshold=0.758[0m
[0m[INFO] [1788859973.065235928]: [sim_plan] built plan=1614 start=2761.70 horizon=15.00 frames=150 commit_frames=20[0m
[0m[INFO] [1788859973.079467189]: [sim_plan] built plan=1615 start=2763.70 horizon=15.00 frames=150 commit_frames=20[0m
[0m[INFO] [1788859973.091594610]: [sim_plan] built plan=1616 start=2765.70 horizon=15.00 frames=150 commit_frames=20[0m
[0m[INFO] [1788859973.102024407]: [sim_plan] built plan=1617 start=2767.70 horizon=15.00 frames=150 commit_frames=20[0m
[0m[INFO] [1788859973.110216945]: [sim_plan] built plan=1618 start=2769.70 horizon=15.00 frames=150 commit_frames=20[0m
[0m[INFO] [1788859973.117039316]: [sim_plan] built plan=1619 start=2771.70 horizon=15.00 frames=150 commit_frames=20[0m
[0m[INFO] [1788859973.126578498]: [sim_plan] built plan=1620 start=2773.70 horizon=15.00 frames=150 commit_frames=20[0m
[0m[INFO] [1788859973.136989422]: [sim_plan] built plan=1621 start=2775.70 horizon=15.00 frames=150 commit_frames=20[0m
[0m[INFO] [1788859973.138393994]: [multi_patrol][A1] V1 activate prepared dropoff: A1 -> B0 len=2.555 priority_until_s=0.756[0m
[0m[INFO] [1788859973.147106290]: [sim_plan] built plan=1622 start=2776.60 horizon=15.00 frames=150 commit_frames=20[0m
[0m[INFO] [1788859973.158243281]: [sim_plan] built plan=1623 start=2778.60 horizon=15.00 frames=150 commit_frames=20[0m
[0m[INFO] [1788859973.163230047]: [sim_plan] built plan=1624 start=2780.60 horizon=15.00 frames=150 commit_frames=20[0m
[0m[INFO] [1788859973.164173773]: [multi_patrol][A1 EXIT PRIORITY RELEASE] V1 s=0.768 threshold=0.756[0m
[0m[INFO] [1788859973.166060368]: [sim_plan] built plan=1625 start=2782.60 horizon=15.00 frames=150 commit_frames=20[0m
[0m[INFO] [1788859973.167891451]: [sim_plan] built plan=1626 start=2784.60 horizon=15.00 frames=150 commit_frames=20[0m
[0m[INFO] [1788859973.168467928]: [multi_patrol][A1] V0 pickup leg: B34 -> A1  wpt[33m[WARN] [1788859973.168714790]: [SLOT_DEPARTURE] time=46min26.4s vehicle=V0 owner=none result=ALLOW reason=no_service_owner candidate_path_gen=75 slot_departure_clear_s=0.327 vehicle_mode=ACTIVE vehicle_speed=0.000 vehicle_path_s=0.000 blocker=none a1_prefix_conflict=0 ordinary_road_conflict=0[0m
[33m[WARN] [1788859973.169165127]: [multi_patrol][A1 EXIT PREPARED] V0 target=B29 pickup_dwell=5.00s exit_len=7.297 priority_until_s=0.758 horizon_refresh=IMMEDIATE[0m
[33m[WARN] [1788859973.223259726]: [SLOT_DEPARTURE] time=46min36.8s vehicle=V1 owner=V0 result=ALLOW reason=slot_departure_clear candidate_path_gen=73 slot_departure_clear_s=0.346 vehicle_mode=ACTIVE vehicle_speed=0.000 vehicle_path_s=0.000 blocker=none a1_prefix_conflict=0 ordinary_road_conflict=0 owner_phase=TO_A1 owner_path_gen=75 geometry=pending_preview protected_zones=0 actual_occupancy_priority=0 spatial_stop_launch_infeasible=0 waiter_stop_s=0.350[0m
[33m[WARN] [1788859973.224010102]: [multi_patrol][A1 EXIT PREPARED] V1 target=B51 pickup_dwell=5.00s exit_len=8.527 priority_until_s=0.758 horizon_refresh=IMMEDIATE[0m
[33m[WARN] [1788859973.352115719]: [multi_patrol][A1 EXIT HORIZON] V0 target=B29 dwell_part=4.90s departure_window=10.10s total_horizon=15.00s[0m
[33m[WARN] [1788859973.391940990]: [multi_patrol][A1 EXIT HORIZON] V0 target=B29 dwell_part=2.90s departure_window=12.10s total_horizon=15.00s[0m
[33m[WARN] [1788859973.435702614]: [multi_patrol][A1 EXIT HORIZON] V0 target=B29 dwell_part=0.90s departure_window=14.10s total_horizon=15.00s[0m
[33m[WARN] [1788859973.746094789]: [multi_patrol][A1 EXIT HORIZON] V1 target=B51 dwell_part=4.90s departure_window=10.10s total_horizon=15.00s[0m
s=284 len=3.088[0m
[0m[INFO] [1788859973.179725790]: [sim_plan] built plan=1627 start=2786.40 horizon=15.00 frames=150 commit_frames=20[0m
[0m[INFO] [1788859973.190394371]: [sim_plan] built plan=1628 start=2788.40 horizon=15.00 frames=150 commit_frames=20[0m
[0m[INFO] [1788859973.196714773]: [sim_plan] built plan=1629 start=2790.40 horizon=15.00 frames=150 commit_frames=20[0m
[0m[INFO] [1788859973.206797497]: [sim_plan] built plan=1630 start=2792.40 horizon=15.00 frames=150 commit_frames=20[0m
[0m[INFO] [1788859973.212149728]: [sim_plan] built plan=1631 start=2794.40 horizon=15.00 frames=150 commit_frames=20[0m
[0m[INFO] [1788859973.217187192]: [sim_plan] built plan=1632 start=2796.40 horizon=15.00 frames=150 commit_frames=20[0m
[0m[INFO] [1788859973.223150299]: [multi_patrol][A1] V1 pickup leg: B0 -> A1  wpts=298 len=3.034[0m
[0m[INFO] [1788859973.244516701]: [sim_plan] built plan=1633 start=2796.80 horizon=15.00 frames=150 commit_frames=20[0m
[0m[INFO] [1788859973.266290173]: [sim_plan] built plan=1634 start=2798.80 horizon=15.00 frames=150 commit_frames=20[0m
[0m[INFO] [1788859973.283243098]: [sim_plan] built plan=1635 start=2800.80 horizon=15.00 frames=150 commit_frames=20[0m
[0m[INFO] [1788859973.298826488]: [sim_plan] built plan=1636 start=2802.80 horizon=15.00 frames=150 commit_frames=20[0m
[0m[INFO] [1788859973.323379798]: [sim_plan] built plan=1637 start=2804.80 horizon=15.00 frames=150 commit_frames=20[0m
[0m[INFO] [1788859973.352063629]: [sim_plan] built plan=1638 start=2806.30 horizon=15.00 frames=150 commit_frames=20[0m
[0m[INFO] [1788859973.391896408]: [sim_plan] built plan=1639 start=2808.30 horizon=15.00 frames=150 commit_frames=20[0m
[0m[INFO] [1788859973.435645523]: [sim_plan] built plan=1640 start=2810.30 horizon=15.00 frames=150 commit_frames=20[0m
[0m[INFO] [1788859973.437098543]: [multi_patrol][A1] V0 activate prepared dropoff: A1 -> B29 len=7.297 priority_until_s=0.758[0m
[0m[INFO] [1788859973.478466765]: [sim_plan] built plan=1641 start=2811.20 horizon=15.00 frames=150 commit_frames=20[0m
[0m[INFO] [1788859973.522382559]: [sim_plan] built plan=1642 start=2813.20 horizon=15.00 frames=150 commit_frames=20[0m
[0m[INFO] [1788859973.553558362]: [sim_plan] built plan=1643 start=2815.20 horizon=15.00 frames=150 commit_frames=20[0m
[0m[INFO] [1788859973.554832847]: [multi_patrol][A1 EXIT PRIORITY RELEASE] V0 s=0.771 threshold=0.758[0m
[0m[INFO] [1788859973.581526319]: [sim_plan] built plan=1644 start=2817.20 horizon=15.00 frames=150 commit_frames=20[0m
[0m[INFO] [1788859973.604331676]: [sim_plan] built plan=1645 start=2819.20 horizon=15.00 frames=150 commit_frames=20[0m
[0m[INFO] [1788859973.623648065]: [sim_plan] built plan=1646 start=2821.20 horizon=15.00 frames=150 commit_frames=20[0m
[0m[INFO] [1788859973.641204892]: [sim_plan] built plan=1647 start=2823.20 horizon=15.00 frames=150 commit_frames=20[0m
[0m[INFO] [1788859973.657460601]: [sim_plan] built plan=1648 start=2825.20 horizon=15.00 frames=150 commit_frames=20[0m
[0m[INFO] [1788859973.672117082]: [sim_plan] built plan=1649 start=2827.20 horizon=15.00 frames=150 commit_frames=20[0m
[0m[INFO] [1788859973.686485257]: [sim_plan] built plan=1650 start=2829.20 horizon=15.00 frames=150 commit_frames=20[0m
[0m[INFO] [1788859973.698814121]: [sim_plan] built plan=1651 start=2831.20 horizon=15.00 frames=150 commit_frames=20[0m
[0m[INFO] [1788859973.709005946]: [sim_plan] built plan=1652 start=2833.20 horizon=15.00 frames=150 commit_frames=20[0m
[0m[INFO] [1788859973.719834923]: [sim_plan] built plan=1653 start=2835.20 horizon=15.00 frames=150 commit_frames=20[0m
[0m[INFO] [1788859973.729389476]: [sim_plan] built plan=1654 start=2837.20 horizon=15.00 frames=150 commit_frames=20[0m
[0m[INFO] [1788859973.737790236]: [sim_plan] built plan=1655 start=2839.20 horizon=15.00 frames=150 commit_frames=20[0m
[0m[INFO] [1788859973.746028770]: [sim_plan] built plan=1656 start=2839.40 horizon=15.00 frames=150 commit_frames=20[0m
[0m[INFO] [1788859973.756861645]: [sim_plan] built plan=1657 start=2841.40 [33m[WARN] [1788859973.757204218]: [multi_patrol][A1 EXIT HORIZON] V1 target=B51 dwell_part=2.90s departure_window=12.10s total_horizon=15.00s[0m
[33m[WARN] [1788859973.768974293]: [multi_patrol][A1 EXIT HORIZON] V1 target=B51 dwell_part=0.90s departure_window=14.10s total_horizon=15.00s[0m
[33m[WARN] [1788859973.837598446]: [SLOT_DEPARTURE] time=47min38.7s vehicle=V0 owner=none result=ALLOW reason=no_service_owner candidate_path_gen=77 slot_departure_clear_s=0.327 vehicle_mode=ACTIVE vehicle_speed=0.000 vehicle_path_s=0.000 blocker=none a1_prefix_conflict=0 ordinary_road_conflict=0[0m
[33m[WARN] [1788859973.837994701]: [multi_patrol][A1 EXIT PREPARED] V0 target=B58 pickup_dwell=5.00s exit_len=6.957 priority_until_s=0.758 horizon_refresh=IMMEDIATE[0m
[33m[WARN] [1788859974.092218952]: [DEADLOCK] event=CONFIRMED pair=V0-V1 duration=4 path_gen=77/74[0m
[33m[WARN] [1788859974.093068830]: [DEADLOCK] event=SELECT pair=V0-V1 retreat=V1 pass=V0 target_s=3.1463 pass_clear_s=2.78 distance=1.27 estimated_time=12.7 selection_reason=preferred_retreat_infeasible[0m
[33m[WARN] [1788859974.186895269]: [DEADLOCK] event=RETREAT_DONE pair=V1-V0 retreat=V1 pass=V0 target_s=3.1463[0m
[33m[WARN] [1788859974.187318836]: [DEADLOCK] event=PASS_START pair=V1-V0 retreat=V1 pass=V0 target_s=3.1463[0m
horizon=15.00 frames=150 commit_frames=20[0m
[0m[INFO] [1788859973.768930461]: [sim_plan] built plan=1658 start=2843.40 horizon=15.00 frames=150 commit_frames=20[0m
[0m[INFO] [1788859973.770154538]: [multi_patrol][A1] V1 activate prepared dropoff: A1 -> B51 len=8.527 priority_until_s=0.758[0m
[0m[INFO] [1788859973.780778078]: [sim_plan] built plan=1659 start=2844.30 horizon=15.00 frames=150 commit_frames=20[0m
[0m[INFO] [1788859973.803747603]: [sim_plan] built plan=1660 start=2846.30 horizon=15.00 frames=150 commit_frames=20[0m
[0m[INFO] [1788859973.813245448]: [sim_plan] built plan=1661 start=2848.30 horizon=15.00 frames=150 commit_frames=20[0m
[0m[INFO] [1788859973.814516975]: [multi_patrol][A1 EXIT PRIORITY RELEASE] V1 s=0.771 threshold=0.758[0m
[0m[INFO] [1788859973.821446878]: [sim_plan] built plan=1662 start=2850.30 horizon=15.00 frames=150 commit_frames=20[0m
[0m[INFO] [1788859973.826563394]: [sim_plan] built plan=1663 start=2852.30 horizon=15.00 frames=150 commit_frames=20[0m
[0m[INFO] [1788859973.830197798]: [sim_plan] built plan=1664 start=2854.30 horizon=15.00 frames=150 commit_frames=20[0m
[0m[INFO] [1788859973.833473889]: [sim_plan] built plan=1665 start=2856.30 horizon=15.00 frames=150 commit_frames=20[0m
[0m[INFO] [1788859973.837041681]: [sim_plan] built plan=1666 start=2858.30 horizon=15.00 frames=150 commit_frames=20[0m
[0m[INFO] [1788859973.837561865]: [multi_patrol][A1] V0 pickup leg: B29 -> A1  wpts=447 len=5.225[0m
[0m[INFO] [1788859973.872966877]: [sim_plan] built plan=1667 start=2858.70 horizon=15.00 frames=150 commit_frames=20[0m
[0m[INFO] [1788859973.898119859]: [sim_plan] built plan=1668 start=2860.70 horizon=15.00 frames=150 commit_frames=20[0m
[0m[INFO] [1788859973.918533428]: [sim_plan] built plan=1669 start=2862.70 horizon=15.00 frames=150 commit_frames=20[0m
[0m[INFO] [1788859973.934932107]: [sim_plan] built plan=1670 start=2864.70 horizon=15.00 frames=150 commit_frames=20[0m
[0m[INFO] [1788859973.951476200]: [sim_plan] built plan=1671 start=2866.70 horizon=15.00 frames=150 commit_frames=20[0m
[0m[INFO] [1788859973.972489598]: [sim_plan] built plan=1672 start=2868.70 horizon=15.00 frames=150 commit_frames=20[0m
[0m[INFO] [1788859973.995029630]: [sim_plan] built plan=1673 start=2870.70 horizon=15.00 frames=150 commit_frames=20[0m
[0m[INFO] [1788859974.012808480]: [sim_plan] built plan=1674 start=2872.70 horizon=15.00 frames=150 commit_frames=20[0m
[0m[INFO] [1788859974.032182266]: [sim_plan] built plan=1675 start=2874.70 horizon=15.00 frames=150 commit_frames=20[0m
[0m[INFO] [1788859974.048896104]: [sim_plan] built plan=1676 start=2876.70 horizon=15.00 frames=150 commit_frames=20[0m
[0m[INFO] [1788859974.064215936]: [sim_plan] built plan=1677 start=2878.70 horizon=15.00 frames=150 commit_frames=20[0m
[0m[INFO] [1788859974.065510661]: [batch] 28800/72000 ticks (sim_t=2880s) hard_guard=0[0m
[0m[INFO] [1788859974.078801201]: [sim_plan] built plan=1678 start=2880.70 horizon=15.00 frames=150 commit_frames=20[0m
[0m[INFO] [1788859974.091682439]: [sim_plan] built plan=1679 start=2882.70 horizon=15.00 frames=150 commit_frames=20[0m
[0m[INFO] [1788859974.105380791]: [sim_plan] built plan=1680 start=2883.10 horizon=15.00 frames=150 commit_frames=20[0m
[0m[INFO] [1788859974.118284276]: [sim_plan] built plan=1681 start=2885.10 horizon=15.00 frames=150 commit_frames=20[0m
[0m[INFO] [1788859974.130561641]: [sim_plan] built plan=1682 start=2887.10 horizon=15.00 frames=150 commit_frames=20[0m
[0m[INFO] [1788859974.145005749]: [sim_plan] built plan=1683 start=2889.10 horizon=15.00 frames=150 commit_frames=20[0m
[0m[INFO] [1788859974.158291589]: [sim_plan] built plan=1684 start=2891.10 horizon=15.00 frames=150 commit_frames=20[0m
[0m[INFO] [1788859974.172553512]: [sim_plan] built plan=1685 start=2893.10 horizon=15.00 frames=150 commit_frames=20[0m
[0m[INFO] [1788859974.186282122]: [sim_plan] built plan=1686 start=2895.10 horizon=15.00 frames=150 commit_frames=20[0m
[0m[INFO] [1788859974.200900266]: [sim_plan] built plan=1687 start=2895.90 hor[33m[WARN] [1788859974.293013533]: [DEADLOCK] event=CLEAR pair=V1-V0 pass_s=2.78503 reason=passer_cleared_pass_corridor[0m
[33m[WARN] [1788859974.412182534]: [multi_patrol][A1 EXIT HORIZON] V0 target=B58 dwell_part=4.90s departure_window=10.10s total_horizon=15.00s[0m
[33m[WARN] [1788859974.425301253]: [multi_patrol][A1 EXIT HORIZON] V0 target=B58 dwell_part=2.90s departure_window=12.10s total_horizon=15.00s[0m
[33m[WARN] [1788859974.439269760]: [multi_patrol][A1 EXIT HORIZON] V0 target=B58 dwell_part=0.90s departure_window=14.10s total_horizon=15.00s[0m
[33m[WARN] [1788859974.525311216]: [SLOT_DEPARTURE] time=49min5.1s vehicle=V1 owner=none result=ALLOW reason=no_service_owner candidate_path_gen=75 slot_departure_clear_s=0.327 vehicle_mode=ACTIVE vehicle_speed=0.000 vehicle_path_s=0.000 blocker=none a1_prefix_conflict=0 ordinary_road_conflict=0[0m
[33m[WARN] [1788859974.525749004]: [multi_patrol][A1 EXIT PREPARED] V1 target=B61 pickup_dwell=5.00s exit_len=8.398 priority_until_s=0.758 horizon_refresh=IMMEDIATE[0m
izon=15.00 frames=150 commit_frames=20[0m
[0m[INFO] [1788859974.215565252]: [sim_plan] built plan=1688 start=2897.90 horizon=15.00 frames=150 commit_frames=20[0m
[0m[INFO] [1788859974.230211417]: [sim_plan] built plan=1689 start=2899.90 horizon=15.00 frames=150 commit_frames=20[0m
[0m[INFO] [1788859974.244550686]: [sim_plan] built plan=1690 start=2901.90 horizon=15.00 frames=150 commit_frames=20[0m
[0m[INFO] [1788859974.259099310]: [sim_plan] built plan=1691 start=2903.90 horizon=15.00 frames=150 commit_frames=20[0m
[0m[INFO] [1788859974.275809101]: [sim_plan] built plan=1692 start=2905.90 horizon=15.00 frames=150 commit_frames=20[0m
[0m[INFO] [1788859974.292461339]: [sim_plan] built plan=1693 start=2907.90 horizon=15.00 frames=150 commit_frames=20[0m
[0m[INFO] [1788859974.309170819]: [sim_plan] built plan=1694 start=2908.20 horizon=15.00 frames=150 commit_frames=20[0m
[0m[INFO] [1788859974.326609241]: [sim_plan] built plan=1695 start=2910.20 horizon=15.00 frames=150 commit_frames=20[0m
[0m[INFO] [1788859974.342437627]: [sim_plan] built plan=1696 start=2912.20 horizon=15.00 frames=150 commit_frames=20[0m
[0m[INFO] [1788859974.357901660]: [sim_plan] built plan=1697 start=2914.20 horizon=15.00 frames=150 commit_frames=20[0m
[0m[INFO] [1788859974.370123390]: [sim_plan] built plan=1698 start=2916.20 horizon=15.00 frames=150 commit_frames=20[0m
[0m[INFO] [1788859974.382274232]: [sim_plan] built plan=1699 start=2918.20 horizon=15.00 frames=150 commit_frames=20[0m
[0m[INFO] [1788859974.392686873]: [sim_plan] built plan=1700 start=2920.20 horizon=15.00 frames=150 commit_frames=20[0m
[0m[INFO] [1788859974.401743946]: [sim_plan] built plan=1701 start=2922.20 horizon=15.00 frames=150 commit_frames=20[0m
[0m[INFO] [1788859974.412113506]: [sim_plan] built plan=1702 start=2923.70 horizon=15.00 frames=150 commit_frames=20[0m
[0m[INFO] [1788859974.425245454]: [sim_plan] built plan=1703 start=2925.70 horizon=15.00 frames=150 commit_frames=20[0m
[0m[INFO] [1788859974.439221666]: [sim_plan] built plan=1704 start=2927.70 horizon=15.00 frames=150 commit_frames=20[0m
[0m[INFO] [1788859974.441084249]: [multi_patrol][A1] V0 activate prepared dropoff: A1 -> B58 len=6.957 priority_until_s=0.758[0m
[0m[INFO] [1788859974.454953638]: [sim_plan] built plan=1705 start=2928.60 horizon=15.00 frames=150 commit_frames=20[0m
[0m[INFO] [1788859974.478225783]: [sim_plan] built plan=1706 start=2930.60 horizon=15.00 frames=150 commit_frames=20[0m
[0m[INFO] [1788859974.491628872]: [sim_plan] built plan=1707 start=2932.60 horizon=15.00 frames=150 commit_frames=20[0m
[0m[INFO] [1788859974.492867605]: [multi_patrol][A1 EXIT PRIORITY RELEASE] V0 s=0.771 threshold=0.758[0m
[0m[INFO] [1788859974.501145370]: [sim_plan] built plan=1708 start=2934.60 horizon=15.00 frames=150 commit_frames=20[0m
[0m[INFO] [1788859974.508466848]: [sim_plan] built plan=1709 start=2936.60 horizon=15.00 frames=150 commit_frames=20[0m
[0m[INFO] [1788859974.514178229]: [sim_plan] built plan=1710 start=2938.60 horizon=15.00 frames=150 commit_frames=20[0m
[0m[INFO] [1788859974.517966198]: [sim_plan] built plan=1711 start=2940.60 horizon=15.00 frames=150 commit_frames=20[0m
[0m[INFO] [1788859974.521401191]: [sim_plan] built plan=1712 start=2942.60 horizon=15.00 frames=150 commit_frames=20[0m
[0m[INFO] [1788859974.524697926]: [sim_plan] built plan=1713 start=2944.60 horizon=15.00 frames=150 commit_frames=20[0m
[0m[INFO] [1788859974.525270471]: [multi_patrol][A1] V1 pickup leg: B51 -> A1  wpts=490 len=6.199[0m
[0m[INFO] [1788859974.554633580]: [sim_plan] built plan=1714 start=2945.10 horizon=15.00 frames=150 commit_frames=20[0m
[0m[INFO] [1788859974.598671503]: [sim_plan] built plan=1715 start=2947.10 horizon=15.00 frames=150 commit_frames=20[0m
[0m[INFO] [1788859974.629659805]: [sim_plan] built plan=1716 start=2949.10 horizon=15.00 frames=150 commit_frames=20[0m
[0m[INFO] [1788859974.657358618]: [sim_plan] built plan=1717 start=2951.10 horizon=15.00 frames=150 commit_frames=20[0m
[0m[INFO] [1788859974.681671301]: [sim_plan] built [33m[WARN] [1788859974.791291598]: [SLOT_DEPARTURE] time=49min34.8s vehicle=V0 owner=none result=ALLOW reason=no_service_owner candidate_path_gen=79 slot_departure_clear_s=0.346 vehicle_mode=ACTIVE vehicle_speed=0.000 vehicle_path_s=0.000 blocker=none a1_prefix_conflict=0 ordinary_road_conflict=0[0m
[33m[WARN] [1788859974.791839792]: [multi_patrol][A1 EXIT PREPARED] V0 target=B34 pickup_dwell=5.00s exit_len=4.275 priority_until_s=0.758 horizon_refresh=IMMEDIATE[0m
[33m[WARN] [1788859974.948382150]: [multi_patrol][A1 EXIT HORIZON] V1 target=B61 dwell_part=4.90s departure_window=10.10s total_horizon=15.00s[0m
[33m[WARN] [1788859974.961109389]: [multi_patrol][A1 EXIT HORIZON] V1 target=B61 dwell_part=2.90s departure_window=12.10s total_horizon=15.00s[0m
[33m[WARN] [1788859974.977519352]: [multi_patrol][A1 EXIT HORIZON] V1 target=B61 dwell_part=0.90s departure_window=14.10s total_horizon=15.00s[0m
plan=1718 start=2953.10 horizon=15.00 frames=150 commit_frames=20[0m
[0m[INFO] [1788859974.704988207]: [sim_plan] built plan=1719 start=2955.10 horizon=15.00 frames=150 commit_frames=20[0m
[0m[INFO] [1788859974.724393265]: [sim_plan] built plan=1720 start=2957.10 horizon=15.00 frames=150 commit_frames=20[0m
[0m[INFO] [1788859974.741183549]: [sim_plan] built plan=1721 start=2959.10 horizon=15.00 frames=150 commit_frames=20[0m
[0m[INFO] [1788859974.753446985]: [sim_plan] built plan=1722 start=2961.10 horizon=15.00 frames=150 commit_frames=20[0m
[0m[INFO] [1788859974.764264287]: [sim_plan] built plan=1723 start=2963.10 horizon=15.00 frames=150 commit_frames=20[0m
[0m[INFO] [1788859974.772522634]: [sim_plan] built plan=1724 start=2965.10 horizon=15.00 frames=150 commit_frames=20[0m
[0m[INFO] [1788859974.778606426]: [sim_plan] built plan=1725 start=2967.10 horizon=15.00 frames=150 commit_frames=20[0m
[0m[INFO] [1788859974.782603059]: [sim_plan] built plan=1726 start=2969.10 horizon=15.00 frames=150 commit_frames=20[0m
[0m[INFO] [1788859974.786521481]: [sim_plan] built plan=1727 start=2971.10 horizon=15.00 frames=150 commit_frames=20[0m
[0m[INFO] [1788859974.790416742]: [sim_plan] built plan=1728 start=2973.10 horizon=15.00 frames=150 commit_frames=20[0m
[0m[INFO] [1788859974.791243327]: [multi_patrol][A1] V0 pickup leg: B58 -> A1  wpts=605 len=6.506[0m
[0m[INFO] [1788859974.807901239]: [sim_plan] built plan=1729 start=2974.80 horizon=15.00 frames=150 commit_frames=20[0m
[0m[INFO] [1788859974.831232727]: [sim_plan] built plan=1730 start=2976.80 horizon=15.00 frames=150 commit_frames=20[0m
[0m[INFO] [1788859974.855541088]: [sim_plan] built plan=1731 start=2978.80 horizon=15.00 frames=150 commit_frames=20[0m
[0m[INFO] [1788859974.877924930]: [sim_plan] built plan=1732 start=2980.80 horizon=15.00 frames=150 commit_frames=20[0m
[0m[INFO] [1788859974.892017013]: [sim_plan] built plan=1733 start=2982.80 horizon=15.00 frames=150 commit_frames=20[0m
[0m[INFO] [1788859974.905251665]: [sim_plan] built plan=1734 start=2984.80 horizon=15.00 frames=150 commit_frames=20[0m
[0m[INFO] [1788859974.916622965]: [sim_plan] built plan=1735 start=2986.80 horizon=15.00 frames=150 commit_frames=20[0m
[0m[INFO] [1788859974.927849248]: [sim_plan] built plan=1736 start=2988.80 horizon=15.00 frames=150 commit_frames=20[0m
[0m[INFO] [1788859974.937715690]: [sim_plan] built plan=1737 start=2990.80 horizon=15.00 frames=150 commit_frames=20[0m
[0m[INFO] [1788859974.948328729]: [sim_plan] built plan=1738 start=2992.10 horizon=15.00 frames=150 commit_frames=20[0m
[0m[INFO] [1788859974.961064847]: [sim_plan] built plan=1739 start=2994.10 horizon=15.00 frames=150 commit_frames=20[0m
[0m[INFO] [1788859974.977471475]: [sim_plan] built plan=1740 start=2996.10 horizon=15.00 frames=150 commit_frames=20[0m
[0m[INFO] [1788859974.978940665]: [multi_patrol][A1] V1 activate prepared dropoff: A1 -> B61 len=8.398 priority_until_s=0.758[0m
[0m[INFO] [1788859974.995296073]: [sim_plan] built plan=1741 start=2997.00 horizon=15.00 frames=150 commit_frames=20[0m
[0m[INFO] [1788859975.026576537]: [sim_plan] built plan=1742 start=2999.00 horizon=15.00 frames=150 commit_frames=20[0m
[0m[INFO] [1788859975.042932714]: [sim_plan] built plan=1743 start=3001.00 horizon=15.00 frames=150 commit_frames=20[0m
[0m[INFO] [1788859975.044330832]: [multi_patrol][A1 EXIT PRIORITY RELEASE] V1 s=0.771 threshold=0.758[0m
[0m[INFO] [1788859975.058196778]: [sim_plan] built plan=1744 start=3003.00 horizon=15.00 frames=150 commit_frames=20[0m
[0m[INFO] [1788859975.070537300]: [sim_plan] built plan=1745 start=3005.00 horizon=15.00 frames=150 commit_frames=20[0m
[0m[INFO] [1788859975.081642941]: [sim_plan] built plan=1746 start=3007.00 horizon=15.00 frames=150 commit_frames=20[0m
[0m[INFO] [1788859975.091343388]: [sim_plan] built plan=1747 start=3009.00 horizon=15.00 frames=150 commit_frames=20[0m
[0m[INFO] [1788859975.100843143]: [sim_plan] built plan=1748 start=3011.00 horizon=15.00 frames=150 commit_frames=20[0m
[0m[INFO] [1788859975.11[33m[WARN] [1788859975.120400857]: [multi_patrol][A1 EXIT HORIZON] V0 target=B34 dwell_part=4.90s departure_window=10.10s total_horizon=15.00s[0m
[33m[WARN] [1788859975.133209082]: [multi_patrol][A1 EXIT HORIZON] V0 target=B34 dwell_part=2.90s departure_window=12.10s total_horizon=15.00s[0m
[33m[WARN] [1788859975.149855894]: [multi_patrol][A1 EXIT HORIZON] V0 target=B34 dwell_part=0.90s departure_window=14.10s total_horizon=15.00s[0m
[33m[WARN] [1788859975.313304230]: [SLOT_DEPARTURE] time=50min49.2s vehicle=V0 owner=none result=ALLOW reason=no_service_owner candidate_path_gen=81 slot_departure_clear_s=0.327 vehicle_mode=ACTIVE vehicle_speed=0.000 vehicle_path_s=0.000 blocker=none a1_prefix_conflict=0 ordinary_road_conflict=0[0m
[33m[WARN] [1788859975.313707657]: [multi_patrol][A1 EXIT PREPARED] V0 target=B28 pickup_dwell=5.00s exit_len=3.444 priority_until_s=0.758 horizon_refresh=IMMEDIATE[0m
[33m[WARN] [1788859975.317931874]: [SLOT_DEPARTURE] time=50min50.1s vehicle=V1 owner=none result=ALLOW reason=no_service_owner candidate_path_gen=77 slot_departure_clear_s=0.346 vehicle_mode=ACTIVE vehicle_speed=0.000 vehicle_path_s=0.000 blocker=none a1_prefix_conflict=0 ordinary_road_conflict=0[0m
[33m[WARN] [1788859975.318339761]: [multi_patrol][A1 EXIT PREPARED] V1 target=B48 pickup_dwell=5.00s exit_len=6.755 priority_until_s=0.758 horizon_refresh=IMMEDIATE[0m
0546827]: [sim_plan] built plan=1749 start=3013.00 horizon=15.00 frames=150 commit_frames=20[0m
[0m[INFO] [1788859975.120347831]: [sim_plan] built plan=1750 start=3013.60 horizon=15.00 frames=150 commit_frames=20[0m
[0m[INFO] [1788859975.133156371]: [sim_plan] built plan=1751 start=3015.60 horizon=15.00 frames=150 commit_frames=20[0m
[0m[INFO] [1788859975.149809902]: [sim_plan] built plan=1752 start=3017.60 horizon=15.00 frames=150 commit_frames=20[0m
[0m[INFO] [1788859975.151032001]: [multi_patrol][A1] V0 activate prepared dropoff: A1 -> B34 len=4.275 priority_until_s=0.758[0m
[0m[INFO] [1788859975.168288507]: [sim_plan] built plan=1753 start=3018.50 horizon=15.00 frames=150 commit_frames=20[0m
[0m[INFO] [1788859975.190648466]: [sim_plan] built plan=1754 start=3020.50 horizon=15.00 frames=150 commit_frames=20[0m
[0m[INFO] [1788859975.206104491]: [sim_plan] built plan=1755 start=3022.50 horizon=15.00 frames=150 commit_frames=20[0m
[0m[INFO] [1788859975.207272183]: [multi_patrol][A1 EXIT PRIORITY RELEASE] V0 s=0.771 threshold=0.758[0m
[0m[INFO] [1788859975.220473249]: [sim_plan] built plan=1756 start=3024.50 horizon=15.00 frames=150 commit_frames=20[0m
[0m[INFO] [1788859975.234875430]: [sim_plan] built plan=1757 start=3026.50 horizon=15.00 frames=150 commit_frames=20[0m
[0m[INFO] [1788859975.253317523]: [sim_plan] built plan=1758 start=3028.50 horizon=15.00 frames=150 commit_frames=20[0m
[0m[INFO] [1788859975.268207944]: [sim_plan] built plan=1759 start=3030.50 horizon=15.00 frames=150 commit_frames=20[0m
[0m[INFO] [1788859975.280761808]: [sim_plan] built plan=1760 start=3032.50 horizon=15.00 frames=150 commit_frames=20[0m
[0m[INFO] [1788859975.289647155]: [sim_plan] built plan=1761 start=3034.50 horizon=15.00 frames=150 commit_frames=20[0m
[0m[INFO] [1788859975.297170754]: [sim_plan] built plan=1762 start=3036.50 horizon=15.00 frames=150 commit_frames=20[0m
[0m[INFO] [1788859975.304530492]: [sim_plan] built plan=1763 start=3038.50 horizon=15.00 frames=150 commit_frames=20[0m
[0m[INFO] [1788859975.308304372]: [sim_plan] built plan=1764 start=3040.50 horizon=15.00 frames=150 commit_frames=20[0m
[0m[INFO] [1788859975.310471036]: [sim_plan] built plan=1765 start=3042.50 horizon=15.00 frames=150 commit_frames=20[0m
[0m[INFO] [1788859975.311262007]: [sim_plan] built plan=1766 start=3044.50 horizon=15.00 frames=150 commit_frames=20[0m
[0m[INFO] [1788859975.312117547]: [sim_plan] built plan=1767 start=3046.50 horizon=15.00 frames=150 commit_frames=20[0m
[0m[INFO] [1788859975.312931967]: [sim_plan] built plan=1768 start=3048.50 horizon=15.00 frames=150 commit_frames=20[0m
[0m[INFO] [1788859975.313268557]: [multi_patrol][A1] V0 pickup leg: B34 -> A1  wpts=284 len=3.088[0m
[0m[INFO] [1788859975.317439787]: [sim_plan] built plan=1769 start=3049.20 horizon=15.00 frames=150 commit_frames=20[0m
[0m[INFO] [1788859975.317895954]: [multi_patrol][A1] V1 pickup leg: B61 -> A1  wpts=479 len=5.806[0m
[0m[INFO] [1788859975.334984374]: [sim_plan] built plan=1770 start=3050.10 horizon=15.00 frames=150 commit_frames=20[0m
[0m[INFO] [1788859975.355362437]: [sim_plan] built plan=1771 start=3052.10 horizon=15.00 frames=150 commit_frames=20[0m
[0m[INFO] [1788859975.375988824]: [sim_plan] built plan=1772 start=3054.10 horizon=15.00 frames=150 commit_frames=20[0m
[0m[INFO] [1788859975.391421212]: [sim_plan] built plan=1773 start=3056.10 horizon=15.00 frames=150 commit_frames=20[0m
[0m[INFO] [1788859975.404884185]: [sim_plan] built plan=1774 start=3058.10 horizon=15.00 frames=150 commit_frames=20[0m
[0m[INFO] [1788859975.416704330]: [sim_plan] built plan=1775 start=3060.10 horizon=15.00 frames=150 commit_frames=20[0m
[0m[INFO] [1788859975.427862353]: [sim_plan] built plan=1776 start=3062.10 horizon=15.00 frames=150 commit_frames=20[0m
[0m[INFO] [1788859975.438620965]: [sim_plan] built plan=1777 start=3064.10 horizon=15.00 frames=150 commit_frames=20[0m
[0m[INFO] [1788859975.449123148]: [sim_plan] built plan=1778 start=3066.10 horizon=15.00 frames=150 commit_frames=20[0m
[0m[INFO] [17888[33m[WARN] [1788859975.473316969]: [multi_patrol][A1 EXIT HORIZON] V0 target=B28 dwell_part=4.90s departure_window=10.10s total_horizon=15.00s[0m
[33m[WARN] [1788859975.500248223]: [multi_patrol][A1 EXIT HORIZON] V0 target=B28 dwell_part=2.90s departure_window=12.10s total_horizon=15.00s[0m
[33m[WARN] [1788859975.546141904]: [multi_patrol][A1 EXIT HORIZON] V0 target=B28 dwell_part=0.90s departure_window=14.10s total_horizon=15.00s[0m
[33m[WARN] [1788859975.702598937]: [SOURCE=REAL] [plan=1785] [frame=7] [rollout_step=-1] [multi_patrol][A1 EXIT INTRUSION ENTER] owner=V0 target=B28 blocker=V1 dwell_remaining=0.00s visible_exit_t=14.95s owner_exit_s=3.122 blocker_phase=1 blocker_s=3.227 action=DIAG_ONLY[0m
[33m[WARN] [1788859975.703757029]: [SOURCE=REAL] [plan=1785] [frame=14] [rollout_step=-1] [multi_patrol][A1 EXIT INTRUSION CLEAR] owner=V0 blocker=V1[0m
[33m[WARN] [1788859975.923771055]: [SLOT_DEPARTURE] time=51min40.6s vehicle=V0 owner=V1 result=ALLOW reason=slot_departure_clear candidate_path_gen=83 slot_departure_clear_s=0.327 vehicle_mode=ACTIVE vehicle_speed=0.000 vehicle_path_s=0.000 blocker=none a1_prefix_conflict=0 ordinary_road_conflict=0 owner_phase=TO_A1 owner_path_gen=77 geometry=pending_preview protected_zones=0 actual_occupancy_priority=0 spatial_stop_launch_infeasible=0 waiter_stop_s=2.900[0m
[33m[WARN] [1788859975.924396111]: [multi_patrol][A1 EXIT PREPARED] V0 target=B61 pickup_dwell=5.00s exit_len=8.398 priority_until_s=0.758 horizon_refresh=IMMEDIATE[0m
[33m[WARN] [1788859976.063836021]: [multi_patrol][A1 EXIT HORIZON] V1 target=B48 dwell_part=4.90s departure_window=10.10s total_horizon=15.00s[0m
[33m[WARN] [1788859976.087236378]: [multi_patrol][A1 EXIT HORIZON] V1 target=B48 dwell_part=2.90s departure_window=12.10s total_horizon=15.00s[0m
[33m[WARN] [1788859976.112781234]: [multi_patrol][A1 EXIT HORIZON] V1 target=B48 dwell_part=0.90s departure_window=14.10s total_horizon=15.00s[0m
59975.459730077]: [sim_plan] built plan=1779 start=3068.10 horizon=15.00 frames=150 commit_frames=20[0m
[0m[INFO] [1788859975.473270454]: [sim_plan] built plan=1780 start=3069.10 horizon=15.00 frames=150 commit_frames=20[0m
[0m[INFO] [1788859975.500200534]: [sim_plan] built plan=1781 start=3071.10 horizon=15.00 frames=150 commit_frames=20[0m
[0m[INFO] [1788859975.546081715]: [sim_plan] built plan=1782 start=3073.10 horizon=15.00 frames=150 commit_frames=20[0m
[0m[INFO] [1788859975.547611921]: [multi_patrol][A1] V0 activate prepared dropoff: A1 -> B28 len=3.444 priority_until_s=0.758[0m
[0m[INFO] [1788859975.592103640]: [sim_plan] built plan=1783 start=3074.00 horizon=15.00 frames=150 commit_frames=20[0m
[0m[INFO] [1788859975.647933432]: [sim_plan] built plan=1784 start=3076.00 horizon=15.00 frames=150 commit_frames=20[0m
[0m[INFO] [1788859975.701599253]: [sim_plan] built plan=1785 start=3078.00 horizon=15.00 frames=150 commit_frames=20[0m
[0m[INFO] [1788859975.703712842]: [multi_patrol][A1 EXIT PRIORITY RELEASE] V0 s=0.771 threshold=0.758[0m
[0m[INFO] [1788859975.751907713]: [sim_plan] built plan=1786 start=3080.00 horizon=15.00 frames=150 commit_frames=20[0m
[0m[INFO] [1788859975.790800998]: [sim_plan] built plan=1787 start=3082.00 horizon=15.00 frames=150 commit_frames=20[0m
[0m[INFO] [1788859975.823523553]: [sim_plan] built plan=1788 start=3084.00 horizon=15.00 frames=150 commit_frames=20[0m
[0m[INFO] [1788859975.849282733]: [sim_plan] built plan=1789 start=3086.00 horizon=15.00 frames=150 commit_frames=20[0m
[0m[INFO] [1788859975.870252577]: [sim_plan] built plan=1790 start=3088.00 horizon=15.00 frames=150 commit_frames=20[0m
[0m[INFO] [1788859975.884124253]: [sim_plan] built plan=1791 start=3090.00 horizon=15.00 frames=150 commit_frames=20[0m
[0m[INFO] [1788859975.893937680]: [sim_plan] built plan=1792 start=3092.00 horizon=15.00 frames=150 commit_frames=20[0m
[0m[INFO] [1788859975.900276286]: [sim_plan] built plan=1793 start=3094.00 horizon=15.00 frames=150 commit_frames=20[0m
[0m[INFO] [1788859975.904382966]: [sim_plan] built plan=1794 start=3096.00 horizon=15.00 frames=150 commit_frames=20[0m
[0m[INFO] [1788859975.913845342]: [sim_plan] built plan=1795 start=3098.00 horizon=15.00 frames=150 commit_frames=20[0m
[0m[INFO] [1788859975.918705326]: [sim_plan] built plan=1796 start=3100.00 horizon=15.00 frames=150 commit_frames=20[0m
[0m[INFO] [1788859975.923695515]: [multi_patrol][A1] V0 pickup leg: B28 -> A1  wpts=298 len=3.913[0m
[0m[INFO] [1788859975.939666772]: [sim_plan] built plan=1797 start=3100.60 horizon=15.00 frames=150 commit_frames=20[0m
[0m[INFO] [1788859975.956448545]: [sim_plan] built plan=1798 start=3102.60 horizon=15.00 frames=150 commit_frames=20[0m
[0m[INFO] [1788859975.969760240]: [sim_plan] built plan=1799 start=3104.60 horizon=15.00 frames=150 commit_frames=20[0m
[0m[INFO] [1788859975.991288998]: [sim_plan] built plan=1800 start=3106.60 horizon=15.00 frames=150 commit_frames=20[0m
[0m[INFO] [1788859976.020009238]: [sim_plan] built plan=1801 start=3108.60 horizon=15.00 frames=150 commit_frames=20[0m
[0m[INFO] [1788859976.042528557]: [sim_plan] built plan=1802 start=3110.60 horizon=15.00 frames=150 commit_frames=20[0m
[0m[INFO] [1788859976.063711016]: [sim_plan] built plan=1803 start=3111.80 horizon=15.00 frames=150 commit_frames=20[0m
[0m[INFO] [1788859976.087165810]: [sim_plan] built plan=1804 start=3113.80 horizon=15.00 frames=150 commit_frames=20[0m
[0m[INFO] [1788859976.112726293]: [sim_plan] built plan=1805 start=3115.80 horizon=15.00 frames=150 commit_frames=20[0m
[0m[INFO] [1788859976.114281264]: [multi_patrol][A1] V1 activate prepared dropoff: A1 -> B48 len=6.755 priority_until_s=0.758[0m
[0m[INFO] [1788859976.139763047]: [sim_plan] built plan=1806 start=3116.70 horizon=15.00 frames=150 commit_frames=20[0m
[0m[INFO] [1788859976.165403062]: [sim_plan] built plan=1807 start=3118.70 horizon=15.00 frames=150 commit_frames=20[0m
[0m[INFO] [1788859976.180966701]: [sim_plan] built plan=1808 start=3120.70 horizon=15.00 frames=150 co[33m[WARN] [1788859976.240018511]: [multi_patrol][A1 EXIT HORIZON] V0 target=B61 dwell_part=4.90s departure_window=10.10s total_horizon=15.00s[0m
[33m[WARN] [1788859976.253521400]: [multi_patrol][A1 EXIT HORIZON] V0 target=B61 dwell_part=2.90s departure_window=12.10s total_horizon=15.00s[0m
[33m[WARN] [1788859976.274479012]: [multi_patrol][A1 EXIT HORIZON] V0 target=B61 dwell_part=0.90s departure_window=14.10s total_horizon=15.00s[0m
[33m[WARN] [1788859976.454919911]: [SLOT_DEPARTURE] time=52min41.5s vehicle=V1 owner=none result=ALLOW reason=no_service_owner candidate_path_gen=79 slot_departure_clear_s=0.327 vehicle_mode=ACTIVE vehicle_speed=0.000 vehicle_path_s=0.000 blocker=none a1_prefix_conflict=0 ordinary_road_conflict=0[0m
[33m[WARN] [1788859976.455388637]: [multi_patrol][A1 EXIT PREPARED] V1 target=B8 pickup_dwell=5.00s exit_len=2.336 priority_until_s=0.756 horizon_refresh=IMMEDIATE[0m
mmit_frames=20[0m
[0m[INFO] [1788859976.182506250]: [multi_patrol][A1 EXIT PRIORITY RELEASE] V1 s=0.771 threshold=0.758[0m
[0m[INFO] [1788859976.195367717]: [sim_plan] built plan=1809 start=3122.70 horizon=15.00 frames=150 commit_frames=20[0m
[0m[INFO] [1788859976.206878843]: [sim_plan] built plan=1810 start=3124.70 horizon=15.00 frames=150 commit_frames=20[0m
[0m[INFO] [1788859976.218953299]: [sim_plan] built plan=1811 start=3126.70 horizon=15.00 frames=150 commit_frames=20[0m
[0m[INFO] [1788859976.229844090]: [sim_plan] built plan=1812 start=3128.70 horizon=15.00 frames=150 commit_frames=20[0m
[0m[INFO] [1788859976.239968447]: [sim_plan] built plan=1813 start=3130.70 horizon=15.00 frames=150 commit_frames=20[0m
[0m[INFO] [1788859976.253469364]: [sim_plan] built plan=1814 start=3132.70 horizon=15.00 frames=150 commit_frames=20[0m
[0m[INFO] [1788859976.274419116]: [sim_plan] built plan=1815 start=3134.70 horizon=15.00 frames=150 commit_frames=20[0m
[0m[INFO] [1788859976.275876529]: [multi_patrol][A1] V0 activate prepared dropoff: A1 -> B61 len=8.398 priority_until_s=0.758[0m
[0m[INFO] [1788859976.293913377]: [sim_plan] built plan=1816 start=3135.60 horizon=15.00 frames=150 commit_frames=20[0m
[0m[INFO] [1788859976.327985267]: [sim_plan] built plan=1817 start=3137.60 horizon=15.00 frames=150 commit_frames=20[0m
[0m[INFO] [1788859976.346628936]: [sim_plan] built plan=1818 start=3139.60 horizon=15.00 frames=150 commit_frames=20[0m
[0m[INFO] [1788859976.347766914]: [multi_patrol][A1 EXIT PRIORITY RELEASE] V0 s=0.771 threshold=0.758[0m
[0m[INFO] [1788859976.364626644]: [sim_plan] built plan=1819 start=3141.60 horizon=15.00 frames=150 commit_frames=20[0m
[0m[INFO] [1788859976.383881641]: [sim_plan] built plan=1820 start=3143.60 horizon=15.00 frames=150 commit_frames=20[0m
[0m[INFO] [1788859976.400520761]: [sim_plan] built plan=1821 start=3145.60 horizon=15.00 frames=150 commit_frames=20[0m
[0m[INFO] [1788859976.413946324]: [sim_plan] built plan=1822 start=3147.60 horizon=15.00 frames=150 commit_frames=20[0m
[0m[INFO] [1788859976.424845246]: [sim_plan] built plan=1823 start=3149.60 horizon=15.00 frames=150 commit_frames=20[0m
[0m[INFO] [1788859976.434097911]: [sim_plan] built plan=1824 start=3151.60 horizon=15.00 frames=150 commit_frames=20[0m
[0m[INFO] [1788859976.441166640]: [sim_plan] built plan=1825 start=3153.60 horizon=15.00 frames=150 commit_frames=20[0m
[0m[INFO] [1788859976.446546492]: [sim_plan] built plan=1826 start=3155.60 horizon=15.00 frames=150 commit_frames=20[0m
[0m[INFO] [1788859976.450470603]: [sim_plan] built plan=1827 start=3157.60 horizon=15.00 frames=150 commit_frames=20[0m
[0m[INFO] [1788859976.454229393]: [sim_plan] built plan=1828 start=3159.60 horizon=15.00 frames=150 commit_frames=20[0m
[0m[INFO] [1788859976.454880481]: [multi_patrol][A1] V1 pickup leg: B48 -> A1  wpts=380 len=4.828[0m
[0m[INFO] [1788859976.476396223]: [sim_plan] built plan=1829 start=3161.50 horizon=15.00 frames=150 commit_frames=20[0m
[0m[INFO] [1788859976.503688371]: [sim_plan] built plan=1830 start=3163.50 horizon=15.00 frames=150 commit_frames=20[0m
[0m[INFO] [1788859976.522090914]: [sim_plan] built plan=1831 start=3165.50 horizon=15.00 frames=150 commit_frames=20[0m
[0m[INFO] [1788859976.540746799]: [sim_plan] built plan=1832 start=3167.50 horizon=15.00 frames=150 commit_frames=20[0m
[0m[INFO] [1788859976.558393049]: [sim_plan] built plan=1833 start=3169.50 horizon=15.00 frames=150 commit_frames=20[0m
[0m[INFO] [1788859976.574641743]: [sim_plan] built plan=1834 start=3171.50 horizon=15.00 frames=150 commit_frames=20[0m
[0m[INFO] [1788859976.590462123]: [sim_plan] built plan=1835 start=3173.50 horizon=15.00 frames=150 commit_frames=20[0m
[0m[INFO] [1788859976.603631431]: [sim_plan] built plan=1836 start=3175.50 horizon=15.00 frames=150 commit_frames=20[0m
[0m[INFO] [1788859976.614187504]: [sim_plan] built plan=1837 start=3177.50 horizon=15.00 frames=150 commit_frames=20[0m
[0m[INFO] [1788859976.625037843]: [sim_plan] built plan=1838 start=3179.50 horizon=15.00 f[33m[WARN] [1788859976.647478941]: [SLOT_DEPARTURE] time=53min8.7s vehicle=V0 owner=V1 result=ALLOW reason=slot_departure_clear candidate_path_gen=85 slot_departure_clear_s=0.346 vehicle_mode=ACTIVE vehicle_speed=0.000 vehicle_path_s=0.000 blocker=none a1_prefix_conflict=0 ordinary_road_conflict=0 owner_phase=TO_A1 owner_path_gen=79 geometry=pending_preview protected_zones=0 actual_occupancy_priority=0 spatial_stop_launch_infeasible=0 waiter_stop_s=4.525[0m
[33m[WARN] [1788859976.648029595]: [multi_patrol][A1 EXIT PREPARED] V0 target=B35 pickup_dwell=5.00s exit_len=7.330 priority_until_s=0.758 horizon_refresh=IMMEDIATE[0m
[33m[WARN] [1788859976.690025108]: [multi_patrol][A1 EXIT HORIZON] V1 target=B8 dwell_part=4.90s departure_window=10.10s total_horizon=15.00s[0m
[33m[WARN] [1788859976.704091577]: [multi_patrol][A1 EXIT HORIZON] V1 target=B8 dwell_part=2.90s departure_window=12.10s total_horizon=15.00s[0m
[33m[WARN] [1788859976.720661742]: [multi_patrol][A1 EXIT HORIZON] V1 target=B8 dwell_part=0.90s departure_window=14.10s total_horizon=15.00s[0m
[33m[WARN] [1788859976.831234166]: [SLOT_DEPARTURE] time=53min36.6s vehicle=V1 owner=V0 result=ALLOW reason=slot_departure_clear candidate_path_gen=81 slot_departure_clear_s=0.346 vehicle_mode=ACTIVE vehicle_speed=0.000 vehicle_path_s=0.000 blocker=none a1_prefix_conflict=0 ordinary_road_conflict=0 owner_phase=TO_A1 owner_path_gen=85 geometry=pending_preview protected_zones=0 actual_occupancy_priority=0 spatial_stop_launch_infeasible=0 waiter_stop_s=0.350[0m
[33m[WARN] [1788859976.831668789]: [multi_patrol][A1 EXIT PREPARED] V1 target=B61 pickup_dwell=5.00s exit_len=8.398 priority_until_s=0.758 horizon_refresh=IMMEDIATE[0m
[33m[WARN] [1788859978.566522202]: [multi_patrol][A1 EXIT HORIZON] V0 target=B35 dwell_part=4.90s departure_window=10.10s total_horizon=15.00s[0m
[33m[WARN] [1788859978.603562778]: [multi_patrol][A1 EXIT HORIZON] V0 target=B35 dwell_part=2.90s departure_window=12.10s total_horizon=15.00s[0m
[33m[WARN] [1788859978.645241601]: [multi_patrol][A1 EXIT HORIZON] V0 target=B35 dwell_part=0.90s departure_window=14.10s total_horizon=15.00s[0m
rames=150 commit_frames=20[0m
[0m[INFO] [1788859976.631906121]: [sim_plan] built plan=1839 start=3181.50 horizon=15.00 frames=150 commit_frames=20[0m
[0m[INFO] [1788859976.636956930]: [sim_plan] built plan=1840 start=3183.50 horizon=15.00 frames=150 commit_frames=20[0m
[0m[INFO] [1788859976.641097337]: [sim_plan] built plan=1841 start=3185.50 horizon=15.00 frames=150 commit_frames=20[0m
[0m[INFO] [1788859976.644687682]: [sim_plan] built plan=1842 start=3187.50 horizon=15.00 frames=150 commit_frames=20[0m
[0m[INFO] [1788859976.647435736]: [multi_patrol][A1] V0 pickup leg: B61 -> A1  wpts=479 len=5.806[0m
[0m[INFO] [1788859976.660716305]: [sim_plan] built plan=1843 start=3188.70 horizon=15.00 frames=150 commit_frames=20[0m
[0m[INFO] [1788859976.679129554]: [sim_plan] built plan=1844 start=3190.70 horizon=15.00 frames=150 commit_frames=20[0m
[0m[INFO] [1788859976.689955549]: [sim_plan] built plan=1845 start=3192.60 horizon=15.00 frames=150 commit_frames=20[0m
[0m[INFO] [1788859976.704049083]: [sim_plan] built plan=1846 start=3194.60 horizon=15.00 frames=150 commit_frames=20[0m
[0m[INFO] [1788859976.720568203]: [sim_plan] built plan=1847 start=3196.60 horizon=15.00 frames=150 commit_frames=20[0m
[0m[INFO] [1788859976.722109774]: [multi_patrol][A1] V1 activate prepared dropoff: A1 -> B8 len=2.336 priority_until_s=0.756[0m
[0m[INFO] [1788859976.738925646]: [sim_plan] built plan=1848 start=3197.50 horizon=15.00 frames=150 commit_frames=20[0m
[0m[INFO] [1788859976.757078992]: [sim_plan] built plan=1849 start=3199.50 horizon=15.00 frames=150 commit_frames=20[0m
[0m[INFO] [1788859976.770676624]: [sim_plan] built plan=1850 start=3201.50 horizon=15.00 frames=150 commit_frames=20[0m
[0m[INFO] [1788859976.771585089]: [multi_patrol][A1 EXIT PRIORITY RELEASE] V1 s=0.768 threshold=0.756[0m
[0m[INFO] [1788859976.781681259]: [sim_plan] built plan=1851 start=3203.50 horizon=15.00 frames=150 commit_frames=20[0m
[0m[INFO] [1788859976.791933857]: [sim_plan] built plan=1852 start=3205.50 horizon=15.00 frames=150 commit_frames=20[0m
[0m[INFO] [1788859976.800316008]: [sim_plan] built plan=1853 start=3207.50 horizon=15.00 frames=150 commit_frames=20[0m
[0m[INFO] [1788859976.806416214]: [sim_plan] built plan=1854 start=3209.50 horizon=15.00 frames=150 commit_frames=20[0m
[0m[INFO] [1788859976.817281753]: [sim_plan] built plan=1855 start=3211.50 horizon=15.00 frames=150 commit_frames=20[0m
[0m[INFO] [1788859976.822613845]: [sim_plan] built plan=1856 start=3213.50 horizon=15.00 frames=150 commit_frames=20[0m
[0m[INFO] [1788859976.827020669]: [sim_plan] built plan=1857 start=3215.50 horizon=15.00 frames=150 commit_frames=20[0m
[0m[INFO] [1788859976.831190971]: [multi_patrol][A1] V1 pickup leg: B8 -> A1  wpts=276 len=2.815[0m
[0m[INFO] [1788859976.846238250]: [sim_plan] built plan=1858 start=3216.60 horizon=15.00 frames=150 commit_frames=20[0m
[0m[INFO] [1788859976.869780005]: [sim_plan] built plan=1859 start=3218.60 horizon=15.00 frames=150 commit_frames=20[0m
[0m[INFO] [1788859976.887184811]: [sim_plan] built plan=1860 start=3220.60 horizon=15.00 frames=150 commit_frames=20[0m
[0m[INFO] [1788859976.914555240]: [sim_plan] built plan=1861 start=3222.60 horizon=15.00 frames=150 commit_frames=20[0m
[0m[INFO] [1788859978.533309325]: [sim_plan] built plan=1862 start=3224.60 horizon=15.00 frames=150 commit_frames=20[0m
[0m[INFO] [1788859978.566407065]: [sim_plan] built plan=1863 start=3224.80 horizon=15.00 frames=150 commit_frames=20[0m
[0m[INFO] [1788859978.603486792]: [sim_plan] built plan=1864 start=3226.80 horizon=15.00 frames=150 commit_frames=20[0m
[0m[INFO] [1788859978.645194571]: [sim_plan] built plan=1865 start=3228.80 horizon=15.00 frames=150 commit_frames=20[0m
[0m[INFO] [1788859978.646560319]: [multi_patrol][A1] V0 activate prepared dropoff: A1 -> B35 len=7.330 priority_until_s=0.758[0m
[0m[INFO] [1788859978.687523615]: [sim_plan] built plan=1866 start=3229.70 horizon=15.00 frames=150 commit_frames=20[0m
[0m[INFO] [1788859978.728306436]: [sim_plan] built plan=1867 start=3231.70 [33m[WARN] [1788859978.932340871]: [multi_patrol][A1 EXIT HORIZON] V1 target=B61 dwell_part=4.90s departure_window=10.10s total_horizon=15.00s[0m
[33m[WARN] [1788859978.945014217]: [multi_patrol][A1 EXIT HORIZON] V1 target=B61 dwell_part=2.90s departure_window=12.10s total_horizon=15.00s[0m
[33m[WARN] [1788859978.960648329]: [multi_patrol][A1 EXIT HORIZON] V1 target=B61 dwell_part=0.90s departure_window=14.10s total_horizon=15.00s[0m
[33m[WARN] [1788859979.057564049]: [SLOT_DEPARTURE] time=54min37.3s vehicle=V0 owner=none result=ALLOW reason=no_service_owner candidate_path_gen=87 slot_departure_clear_s=0.327 vehicle_mode=ACTIVE vehicle_speed=0.000 vehicle_path_s=0.000 blocker=none a1_prefix_conflict=0 ordinary_road_conflict=0[0m
[33m[WARN] [1788859979.058167076]: [multi_patrol][A1 EXIT PREPARED] V0 target=B53 pickup_dwell=5.00s exit_len=6.964 priority_until_s=0.758 horizon_refresh=IMMEDIATE[0m
horizon=15.00 frames=150 commit_frames=20[0m
[0m[INFO] [1788859978.758995223]: [sim_plan] built plan=1868 start=3233.70 horizon=15.00 frames=150 commit_frames=20[0m
[0m[INFO] [1788859978.760363252]: [multi_patrol][A1 EXIT PRIORITY RELEASE] V0 s=0.771 threshold=0.758[0m
[0m[INFO] [1788859978.783736628]: [sim_plan] built plan=1869 start=3235.70 horizon=15.00 frames=150 commit_frames=20[0m
[0m[INFO] [1788859978.807367910]: [sim_plan] built plan=1870 start=3237.70 horizon=15.00 frames=150 commit_frames=20[0m
[0m[INFO] [1788859978.825514598]: [sim_plan] built plan=1871 start=3239.70 horizon=15.00 frames=150 commit_frames=20[0m
[0m[INFO] [1788859978.841256225]: [sim_plan] built plan=1872 start=3241.70 horizon=15.00 frames=150 commit_frames=20[0m
[0m[INFO] [1788859978.856708447]: [sim_plan] built plan=1873 start=3243.70 horizon=15.00 frames=150 commit_frames=20[0m
[0m[INFO] [1788859978.870212800]: [sim_plan] built plan=1874 start=3245.70 horizon=15.00 frames=150 commit_frames=20[0m
[0m[INFO] [1788859978.882050875]: [sim_plan] built plan=1875 start=3247.70 horizon=15.00 frames=150 commit_frames=20[0m
[0m[INFO] [1788859978.893308321]: [sim_plan] built plan=1876 start=3249.70 horizon=15.00 frames=150 commit_frames=20[0m
[0m[INFO] [1788859978.903171974]: [sim_plan] built plan=1877 start=3251.70 horizon=15.00 frames=150 commit_frames=20[0m
[0m[INFO] [1788859978.912372606]: [sim_plan] built plan=1878 start=3253.70 horizon=15.00 frames=150 commit_frames=20[0m
[0m[INFO] [1788859978.922582249]: [sim_plan] built plan=1879 start=3255.70 horizon=15.00 frames=150 commit_frames=20[0m
[0m[INFO] [1788859978.932297225]: [sim_plan] built plan=1880 start=3255.80 horizon=15.00 frames=150 commit_frames=20[0m
[0m[INFO] [1788859978.944942246]: [sim_plan] built plan=1881 start=3257.80 horizon=15.00 frames=150 commit_frames=20[0m
[0m[INFO] [1788859978.960601049]: [sim_plan] built plan=1882 start=3259.80 horizon=15.00 frames=150 commit_frames=20[0m
[0m[INFO] [1788859978.962030918]: [multi_patrol][A1] V1 activate prepared dropoff: A1 -> B61 len=8.398 priority_until_s=0.758[0m
[0m[INFO] [1788859978.975802821]: [sim_plan] built plan=1883 start=3260.70 horizon=15.00 frames=150 commit_frames=20[0m
[0m[INFO] [1788859979.008799994]: [sim_plan] built plan=1884 start=3262.70 horizon=15.00 frames=150 commit_frames=20[0m
[0m[INFO] [1788859979.021662591]: [sim_plan] built plan=1885 start=3264.70 horizon=15.00 frames=150 commit_frames=20[0m
[0m[INFO] [1788859979.022874343]: [multi_patrol][A1 EXIT PRIORITY RELEASE] V1 s=0.771 threshold=0.758[0m
[0m[INFO] [1788859979.031872677]: [sim_plan] built plan=1886 start=3266.70 horizon=15.00 frames=150 commit_frames=20[0m
[0m[INFO] [1788859979.040136685]: [sim_plan] built plan=1887 start=3268.70 horizon=15.00 frames=150 commit_frames=20[0m
[0m[INFO] [1788859979.045810391]: [sim_plan] built plan=1888 start=3270.70 horizon=15.00 frames=150 commit_frames=20[0m
[0m[INFO] [1788859979.049352946]: [sim_plan] built plan=1889 start=3272.70 horizon=15.00 frames=150 commit_frames=20[0m
[0m[INFO] [1788859979.052637222]: [sim_plan] built plan=1890 start=3274.70 horizon=15.00 frames=150 commit_frames=20[0m
[0m[INFO] [1788859979.056830405]: [sim_plan] built plan=1891 start=3276.70 horizon=15.00 frames=150 commit_frames=20[0m
[0m[INFO] [1788859979.057512033]: [multi_patrol][A1] V0 pickup leg: B35 -> A1  wpts=491 len=5.663[0m
[0m[INFO] [1788859979.091330629]: [sim_plan] built plan=1892 start=3277.30 horizon=15.00 frames=150 commit_frames=20[0m
[0m[INFO] [1788859979.111121547]: [sim_plan] built plan=1893 start=3279.30 horizon=15.00 frames=150 commit_frames=20[0m
[0m[INFO] [1788859979.127501368]: [sim_plan] built plan=1894 start=3281.30 horizon=15.00 frames=150 commit_frames=20[0m
[0m[INFO] [1788859979.143568941]: [sim_plan] built plan=1895 start=3283.30 horizon=15.00 frames=150 commit_frames=20[0m
[0m[INFO] [1788859979.161606010]: [sim_plan] built plan=1896 start=3285.30 horizon=15.00 frames=150 commit_frames=20[0m
[0m[INFO] [1788859979.178787670]: [sim_plan] built plan=1897 st[33m[WARN] [1788859979.332880953]: [SLOT_DEPARTURE] time=55min13.8s vehicle=V1 owner=V0 result=ALLOW reason=slot_departure_clear candidate_path_gen=83 slot_departure_clear_s=0.346 vehicle_mode=ACTIVE vehicle_speed=0.000 vehicle_path_s=0.000 blocker=none a1_prefix_conflict=0 ordinary_road_conflict=0 owner_phase=TO_A1 owner_path_gen=87 geometry=pending_preview protected_zones=0 actual_occupancy_priority=0 spatial_stop_launch_infeasible=0 waiter_stop_s=4.475[0m
[33m[WARN] [1788859979.333324588]: [multi_patrol][A1 EXIT PREPARED] V1 target=B11 pickup_dwell=5.00s exit_len=4.555 priority_until_s=0.758 horizon_refresh=IMMEDIATE[0m
[33m[WARN] [1788859979.383683019]: [multi_patrol][A1 EXIT HORIZON] V0 target=B53 dwell_part=4.90s departure_window=10.10s total_horizon=15.00s[0m
[33m[WARN] [1788859979.396677986]: [multi_patrol][A1 EXIT HORIZON] V0 target=B53 dwell_part=2.90s departure_window=12.10s total_horizon=15.00s[0m
[33m[WARN] [1788859979.416640702]: [multi_patrol][A1 EXIT HORIZON] V0 target=B53 dwell_part=0.90s departure_window=14.10s total_horizon=15.00s[0m
art=3287.30 horizon=15.00 frames=150 commit_frames=20[0m
[0m[INFO] [1788859979.195614709]: [sim_plan] built plan=1898 start=3289.30 horizon=15.00 frames=150 commit_frames=20[0m
[0m[INFO] [1788859979.211704070]: [sim_plan] built plan=1899 start=3291.30 horizon=15.00 frames=150 commit_frames=20[0m
[0m[INFO] [1788859979.228938898]: [sim_plan] built plan=1900 start=3293.30 horizon=15.00 frames=150 commit_frames=20[0m
[0m[INFO] [1788859979.244654185]: [sim_plan] built plan=1901 start=3295.30 horizon=15.00 frames=150 commit_frames=20[0m
[0m[INFO] [1788859979.258336904]: [sim_plan] built plan=1902 start=3297.30 horizon=15.00 frames=150 commit_frames=20[0m
[0m[INFO] [1788859979.270755947]: [sim_plan] built plan=1903 start=3299.30 horizon=15.00 frames=150 commit_frames=20[0m
[0m[INFO] [1788859979.282032899]: [sim_plan] built plan=1904 start=3301.30 horizon=15.00 frames=150 commit_frames=20[0m
[0m[INFO] [1788859979.290806147]: [sim_plan] built plan=1905 start=3303.30 horizon=15.00 frames=150 commit_frames=20[0m
[0m[INFO] [1788859979.306028964]: [sim_plan] built plan=1906 start=3305.30 horizon=15.00 frames=150 commit_frames=20[0m
[0m[INFO] [1788859979.311930029]: [sim_plan] built plan=1907 start=3307.30 horizon=15.00 frames=150 commit_frames=20[0m
[0m[INFO] [1788859979.317312094]: [sim_plan] built plan=1908 start=3309.30 horizon=15.00 frames=150 commit_frames=20[0m
[0m[INFO] [1788859979.322017751]: [sim_plan] built plan=1909 start=3311.30 horizon=15.00 frames=150 commit_frames=20[0m
[0m[INFO] [1788859979.325723283]: [sim_plan] built plan=1910 start=3313.30 horizon=15.00 frames=150 commit_frames=20[0m
[0m[INFO] [1788859979.332827214]: [multi_patrol][A1] V1 pickup leg: B61 -> A1  wpts=479 len=5.806[0m
[0m[INFO] [1788859979.344728780]: [sim_plan] built plan=1911 start=3313.80 horizon=15.00 frames=150 commit_frames=20[0m
[0m[INFO] [1788859979.362369934]: [sim_plan] built plan=1912 start=3315.80 horizon=15.00 frames=150 commit_frames=20[0m
[0m[INFO] [1788859979.372751546]: [sim_plan] built plan=1913 start=3317.80 horizon=15.00 frames=150 commit_frames=20[0m
[0m[INFO] [1788859979.383633736]: [sim_plan] built plan=1914 start=3319.10 horizon=15.00 frames=150 commit_frames=20[0m
[0m[INFO] [1788859979.396624398]: [sim_plan] built plan=1915 start=3321.10 horizon=15.00 frames=150 commit_frames=20[0m
[0m[INFO] [1788859979.416591159]: [sim_plan] built plan=1916 start=3323.10 horizon=15.00 frames=150 commit_frames=20[0m
[0m[INFO] [1788859979.418053718]: [multi_patrol][A1] V0 activate prepared dropoff: A1 -> B53 len=6.964 priority_until_s=0.758[0m
[0m[INFO] [1788859979.435563948]: [sim_plan] built plan=1917 start=3324.00 horizon=15.00 frames=150 commit_frames=20[0m
[0m[INFO] [1788859979.476094860]: [sim_plan] built plan=1918 start=3326.00 horizon=15.00 frames=150 commit_frames=20[0m
[0m[INFO] [1788859979.507770743]: [sim_plan] built plan=1919 start=3328.00 horizon=15.00 frames=150 commit_frames=20[0m
[0m[INFO] [1788859979.509243116]: [multi_patrol][A1 EXIT PRIORITY RELEASE] V0 s=0.771 threshold=0.758[0m
[0m[INFO] [1788859979.529419213]: [sim_plan] built plan=1920 start=3330.00 horizon=15.00 frames=150 commit_frames=20[0m
[0m[INFO] [1788859979.549036623]: [sim_plan] built plan=1921 start=3332.00 horizon=15.00 frames=150 commit_frames=20[0m
[0m[INFO] [1788859979.567881026]: [sim_plan] built plan=1922 start=3334.00 horizon=15.00 frames=150 commit_frames=20[0m
[0m[INFO] [1788859979.584522039]: [sim_plan] built plan=1923 start=3336.00 horizon=15.00 frames=150 commit_frames=20[0m
[0m[INFO] [1788859979.598572277]: [sim_plan] built plan=1924 start=3338.00 horizon=15.00 frames=150 commit_frames=20[0m
[0m[INFO] [1788859979.611752098]: [sim_plan] built plan=1925 start=3340.00 horizon=15.00 frames=150 commit_frames=20[0m
[0m[INFO] [1788859979.622546206]: [sim_plan] built plan=1926 start=3342.00 horizon=15.00 frames=150 commit_frames=20[0m
[0m[INFO] [1788859979.633052256]: [sim_plan] built plan=1927 start=3344.00 horizon=15.00 frames=150 commit_frames=20[0m
[0m[INFO] [1788859979.642241242]: [s[33m[WARN] [1788859979.661792145]: [multi_patrol][A1 EXIT HORIZON] V1 target=B11 dwell_part=4.90s departure_window=10.10s total_horizon=15.00s[0m
[33m[WARN] [1788859979.672661577]: [multi_patrol][A1 EXIT HORIZON] V1 target=B11 dwell_part=2.90s departure_window=12.10s total_horizon=15.00s[0m
[33m[WARN] [1788859979.685421996]: [multi_patrol][A1 EXIT HORIZON] V1 target=B11 dwell_part=0.90s departure_window=14.10s total_horizon=15.00s[0m
[33m[WARN] [1788859979.752305553]: [SLOT_DEPARTURE] time=56min9.9s vehicle=V0 owner=none result=ALLOW reason=no_service_owner candidate_path_gen=89 slot_departure_clear_s=0.327 vehicle_mode=ACTIVE vehicle_speed=0.000 vehicle_path_s=0.000 blocker=none a1_prefix_conflict=0 ordinary_road_conflict=0[0m
[33m[WARN] [1788859979.752738813]: [multi_patrol][A1 EXIT PREPARED] V0 target=B59 pickup_dwell=5.00s exit_len=9.022 priority_until_s=0.758 horizon_refresh=IMMEDIATE[0m
[33m[WARN] [1788859979.828333341]: [SLOT_DEPARTURE] time=56min26.5s vehicle=V1 owner=none result=ALLOW reason=no_service_owner candidate_path_gen=85 slot_departure_clear_s=0.327 vehicle_mode=ACTIVE vehicle_speed=0.000 vehicle_path_s=0.000 blocker=none a1_prefix_conflict=0 ordinary_road_conflict=0[0m
[33m[WARN] [1788859979.828760141]: [multi_patrol][A1 EXIT PREPARED] V1 target=B56 pickup_dwell=5.00s exit_len=7.361 priority_until_s=0.758 horizon_refresh=IMMEDIATE[0m
im_plan] built plan=1928 start=3346.00 horizon=15.00 frames=150 commit_frames=20[0m
[0m[INFO] [1788859979.651635729]: [sim_plan] built plan=1929 start=3348.00 horizon=15.00 frames=150 commit_frames=20[0m
[0m[INFO] [1788859979.661731898]: [sim_plan] built plan=1930 start=3349.90 horizon=15.00 frames=150 commit_frames=20[0m
[0m[INFO] [1788859979.672607719]: [sim_plan] built plan=1931 start=3351.90 horizon=15.00 frames=150 commit_frames=20[0m
[0m[INFO] [1788859979.685379512]: [sim_plan] built plan=1932 start=3353.90 horizon=15.00 frames=150 commit_frames=20[0m
[0m[INFO] [1788859979.686476558]: [multi_patrol][A1] V1 activate prepared dropoff: A1 -> B11 len=4.555 priority_until_s=0.758[0m
[0m[INFO] [1788859979.697565158]: [sim_plan] built plan=1933 start=3354.80 horizon=15.00 frames=150 commit_frames=20[0m
[0m[INFO] [1788859979.714480459]: [sim_plan] built plan=1934 start=3356.80 horizon=15.00 frames=150 commit_frames=20[0m
[0m[INFO] [1788859979.725020303]: [sim_plan] built plan=1935 start=3358.80 horizon=15.00 frames=150 commit_frames=20[0m
[0m[INFO] [1788859979.726736546]: [multi_patrol][A1 EXIT PRIORITY RELEASE] V1 s=0.771 threshold=0.758[0m
[0m[INFO] [1788859979.734603691]: [sim_plan] built plan=1936 start=3360.80 horizon=15.00 frames=150 commit_frames=20[0m
[0m[INFO] [1788859979.740958893]: [sim_plan] built plan=1937 start=3362.80 horizon=15.00 frames=150 commit_frames=20[0m
[0m[INFO] [1788859979.744960893]: [sim_plan] built plan=1938 start=3364.80 horizon=15.00 frames=150 commit_frames=20[0m
[0m[INFO] [1788859979.748788900]: [sim_plan] built plan=1939 start=3366.80 horizon=15.00 frames=150 commit_frames=20[0m
[0m[INFO] [1788859979.751795524]: [sim_plan] built plan=1940 start=3368.80 horizon=15.00 frames=150 commit_frames=20[0m
[0m[INFO] [1788859979.752269907]: [multi_patrol][A1] V0 pickup leg: B53 -> A1  wpts=514 len=6.437[0m
[0m[INFO] [1788859979.766229840]: [sim_plan] built plan=1941 start=3369.90 horizon=15.00 frames=150 commit_frames=20[0m
[0m[INFO] [1788859979.785156520]: [sim_plan] built plan=1942 start=3371.90 horizon=15.00 frames=150 commit_frames=20[0m
[0m[INFO] [1788859979.794887624]: [sim_plan] built plan=1943 start=3373.90 horizon=15.00 frames=150 commit_frames=20[0m
[0m[INFO] [1788859979.803828957]: [sim_plan] built plan=1944 start=3375.90 horizon=15.00 frames=150 commit_frames=20[0m
[0m[INFO] [1788859979.811393385]: [sim_plan] built plan=1945 start=3377.90 horizon=15.00 frames=150 commit_frames=20[0m
[0m[INFO] [1788859979.816665640]: [sim_plan] built plan=1946 start=3379.90 horizon=15.00 frames=150 commit_frames=20[0m
[0m[INFO] [1788859979.820184415]: [sim_plan] built plan=1947 start=3381.90 horizon=15.00 frames=150 commit_frames=20[0m
[0m[INFO] [1788859979.823969658]: [sim_plan] built plan=1948 start=3383.90 horizon=15.00 frames=150 commit_frames=20[0m
[0m[INFO] [1788859979.827644862]: [sim_plan] built plan=1949 start=3385.90 horizon=15.00 frames=150 commit_frames=20[0m
[0m[INFO] [1788859979.828284249]: [multi_patrol][A1] V1 pickup leg: B11 -> A1  wpts=295 len=3.319[0m
[0m[INFO] [1788859979.846479735]: [sim_plan] built plan=1950 start=3386.50 horizon=15.00 frames=150 commit_frames=20[0m
[0m[INFO] [1788859979.868190825]: [sim_plan] built plan=1951 start=3388.50 horizon=15.00 frames=150 commit_frames=20[0m
[0m[INFO] [1788859979.892397089]: [sim_plan] built plan=1952 start=3390.50 horizon=15.00 frames=150 commit_frames=20[0m
[0m[INFO] [1788859979.944251504]: [sim_plan] built plan=1953 start=3392.50 horizon=15.00 frames=150 commit_frames=20[0m
[0m[INFO] [1788859979.985346704]: [sim_plan] built plan=1954 start=3394.50 horizon=15.00 frames=150 commit_frames=20[0m
[0m[INFO] [1788859980.024744447]: [sim_plan] built plan=1955 start=3396.50 horizon=15.00 frames=150 commit_frames=20[0m
[0m[INFO] [1788859980.059791777]: [sim_plan] built plan=1956 start=3398.50 horizon=15.00 frames=150 commit_frames=20[0m
[0m[INFO] [1788859980.088536162]: [sim_plan] built plan=1957 start=3400.50 horizon=15.00 frames=150 commit_frames=20[0m
[0m[INFO] [1788859980.123365[33m[WARN] [1788859980.193015260]: [multi_patrol][A1 EXIT HORIZON] V1 target=B56 dwell_part=4.90s departure_window=10.10s total_horizon=15.00s[0m
[33m[WARN] [1788859980.214519819]: [multi_patrol][A1 EXIT HORIZON] V1 target=B56 dwell_part=2.90s departure_window=12.10s total_horizon=15.00s[0m
[33m[WARN] [1788859980.239148740]: [multi_patrol][A1 EXIT HORIZON] V1 target=B56 dwell_part=0.90s departure_window=14.10s total_horizon=15.00s[0m
[33m[WARN] [1788859980.381227434]: [multi_patrol][A1 EXIT HORIZON] V0 target=B59 dwell_part=4.90s departure_window=10.10s total_horizon=15.00s[0m
[33m[WARN] [1788859980.394230789]: [multi_patrol][A1 EXIT HORIZON] V0 target=B59 dwell_part=2.90s departure_window=12.10s total_horizon=15.00s[0m
[33m[WARN] [1788859980.410433354]: [multi_patrol][A1 EXIT HORIZON] V0 target=B59 dwell_part=0.90s departure_window=14.10s total_horizon=15.00s[0m
125]: [sim_plan] built plan=1958 start=3402.50 horizon=15.00 frames=150 commit_frames=20[0m
[0m[INFO] [1788859980.150776664]: [sim_plan] built plan=1959 start=3404.50 horizon=15.00 frames=150 commit_frames=20[0m
[0m[INFO] [1788859980.175066074]: [sim_plan] built plan=1960 start=3406.50 horizon=15.00 frames=150 commit_frames=20[0m
[0m[INFO] [1788859980.192970213]: [sim_plan] built plan=1961 start=3407.50 horizon=15.00 frames=150 commit_frames=20[0m
[0m[INFO] [1788859980.214436743]: [sim_plan] built plan=1962 start=3409.50 horizon=15.00 frames=150 commit_frames=20[0m
[0m[INFO] [1788859980.239103513]: [sim_plan] built plan=1963 start=3411.50 horizon=15.00 frames=150 commit_frames=20[0m
[0m[INFO] [1788859980.240450494]: [multi_patrol][A1] V1 activate prepared dropoff: A1 -> B56 len=7.361 priority_until_s=0.758[0m
[0m[INFO] [1788859980.266307858]: [sim_plan] built plan=1964 start=3412.40 horizon=15.00 frames=150 commit_frames=20[0m
[0m[INFO] [1788859980.296908033]: [sim_plan] built plan=1965 start=3414.40 horizon=15.00 frames=150 commit_frames=20[0m
[0m[INFO] [1788859980.312353125]: [sim_plan] built plan=1966 start=3416.40 horizon=15.00 frames=150 commit_frames=20[0m
[0m[INFO] [1788859980.313965814]: [multi_patrol][A1 EXIT PRIORITY RELEASE] V1 s=0.771 threshold=0.758[0m
[0m[INFO] [1788859980.328921024]: [sim_plan] built plan=1967 start=3418.40 horizon=15.00 frames=150 commit_frames=20[0m
[0m[INFO] [1788859980.340928173]: [sim_plan] built plan=1968 start=3420.40 horizon=15.00 frames=150 commit_frames=20[0m
[0m[INFO] [1788859980.351960524]: [sim_plan] built plan=1969 start=3422.40 horizon=15.00 frames=150 commit_frames=20[0m
[0m[INFO] [1788859980.361747110]: [sim_plan] built plan=1970 start=3424.40 horizon=15.00 frames=150 commit_frames=20[0m
[0m[INFO] [1788859980.371245679]: [sim_plan] built plan=1971 start=3426.40 horizon=15.00 frames=150 commit_frames=20[0m
[0m[INFO] [1788859980.381175618]: [sim_plan] built plan=1972 start=3428.40 horizon=15.00 frames=150 commit_frames=20[0m
[0m[INFO] [1788859980.394175799]: [sim_plan] built plan=1973 start=3430.40 horizon=15.00 frames=150 commit_frames=20[0m
[0m[INFO] [1788859980.410373518]: [sim_plan] built plan=1974 start=3432.40 horizon=15.00 frames=150 commit_frames=20[0m
[0m[INFO] [1788859980.412140857]: [multi_patrol][A1] V0 activate prepared dropoff: A1 -> B59 len=9.022 priority_until_s=0.758[0m
[0m[INFO] [1788859980.430125626]: [sim_plan] built plan=1975 start=3433.30 horizon=15.00 frames=150 commit_frames=20[0m
[0m[INFO] [1788859980.465343505]: [sim_plan] built plan=1976 start=3435.30 horizon=15.00 frames=150 commit_frames=20[0m
[0m[INFO] [1788859980.482837302]: [sim_plan] built plan=1977 start=3437.30 horizon=15.00 frames=150 commit_frames=20[0m
[0m[INFO] [1788859980.484219640]: [multi_patrol][A1 EXIT PRIORITY RELEASE] V0 s=0.771 threshold=0.758[0m
[0m[INFO] [1788859980.500589568]: [sim_plan] built plan=1978 start=3439.30 horizon=15.00 frames=150 commit_frames=20[0m
[0m[INFO] [1788859980.517154093]: [sim_plan] built plan=1979 start=3441.30 horizon=15.00 frames=150 commit_frames=20[0m
[0m[INFO] [1788859980.531971827]: [sim_plan] built plan=1980 start=3443.30 horizon=15.00 frames=150 commit_frames=20[0m
[0m[INFO] [1788859980.545067070]: [sim_plan] built plan=1981 start=3445.30 horizon=15.00 frames=150 commit_frames=20[0m
[0m[INFO] [1788859980.556053441]: [sim_plan] built plan=1982 start=3447.30 horizon=15.00 frames=150 commit_frames=20[0m
[0m[INFO] [1788859980.564805061]: [sim_plan] built plan=1983 start=3449.30 horizon=15.00 frames=150 commit_frames=20[0m
[0m[INFO] [1788859980.572109751]: [sim_plan] built plan=1984 start=3451.30 horizon=15.00 frames=150 commit_frames=20[0m
[0m[INFO] [1788859980.577889661]: [sim_plan] built plan=1985 start=3453.30 horizon=15.00 frames=150 commit_frames=20[0m
[0m[INFO] [1788859980.582150443]: [sim_plan] built plan=1986 start=3455.30 horizon=15.00 frames=150 commit_frames=20[0m
[0m[INFO] [1788859980.586127949]: [sim_plan] built plan=1987 start=3457.30 horizon=15.00 frames=150 commit_fra[33m[WARN] [1788859980.590272269]: [SLOT_DEPARTURE] time=57min40.3s vehicle=V1 owner=none result=ALLOW reason=no_service_owner candidate_path_gen=87 slot_departure_clear_s=0.346 vehicle_mode=ACTIVE vehicle_speed=0.000 vehicle_path_s=0.000 blocker=none a1_prefix_conflict=0 ordinary_road_conflict=0[0m
[33m[WARN] [1788859980.590645833]: [multi_patrol][A1 EXIT PREPARED] V1 target=B33 pickup_dwell=5.00s exit_len=7.111 priority_until_s=0.758 horizon_refresh=IMMEDIATE[0m
[33m[WARN] [1788859980.759137068]: [DEADLOCK] event=CONFIRMED pair=V0-V1 duration=4 path_gen=90/87[0m
[33m[WARN] [1788859980.759883956]: [DEADLOCK] event=SELECT pair=V0-V1 retreat=V1 pass=V0 target_s=0.406776 pass_clear_s=8.705 distance=0.37 estimated_time=3.7 selection_reason=priority_yielding_vehicle_retreat[0m
[33m[WARN] [1788859980.787352400]: [DEADLOCK] event=RETREAT_DONE pair=V1-V0 retreat=V1 pass=V0 target_s=0.406776[0m
[33m[WARN] [1788859980.787736057]: [DEADLOCK] event=PASS_START pair=V1-V0 retreat=V1 pass=V0 target_s=0.406776[0m
[33m[WARN] [1788859980.856369569]: [DEADLOCK] event=CLEAR pair=V1-V0 pass_s=8.70801 reason=passer_cleared_pass_corridor[0m
[33m[WARN] [1788859980.872187765]: [SLOT_DEPARTURE] time=58min18.0s vehicle=V0 owner=none result=ALLOW reason=no_service_owner candidate_path_gen=91 slot_departure_clear_s=0.346 vehicle_mode=ACTIVE vehicle_speed=0.000 vehicle_path_s=0.000 blocker=none a1_prefix_conflict=0 ordinary_road_conflict=0[0m
[33m[WARN] [1788859980.872699107]: [multi_patrol][A1 EXIT PREPARED] V0 target=B4 pickup_dwell=5.00s exit_len=1.681 priority_until_s=0.758 horizon_refresh=IMMEDIATE[0m
mes=20[0m
[0m[INFO] [1788859980.589605380]: [sim_plan] built plan=1988 start=3459.30 horizon=15.00 frames=150 commit_frames=20[0m
[0m[INFO] [1788859980.590234120]: [multi_patrol][A1] V1 pickup leg: B56 -> A1  wpts=649 len=6.945[0m
[0m[INFO] [1788859980.610930199]: [sim_plan] built plan=1989 start=3460.30 horizon=15.00 frames=150 commit_frames=20[0m
[0m[INFO] [1788859980.643997262]: [sim_plan] built plan=1990 start=3462.30 horizon=15.00 frames=150 commit_frames=20[0m
[0m[INFO] [1788859980.669229349]: [sim_plan] built plan=1991 start=3464.30 horizon=15.00 frames=150 commit_frames=20[0m
[0m[INFO] [1788859980.692781681]: [sim_plan] built plan=1992 start=3466.30 horizon=15.00 frames=150 commit_frames=20[0m
[0m[INFO] [1788859980.714910333]: [sim_plan] built plan=1993 start=3468.30 horizon=15.00 frames=150 commit_frames=20[0m
[0m[INFO] [1788859980.729776018]: [sim_plan] built plan=1994 start=3470.30 horizon=15.00 frames=150 commit_frames=20[0m
[0m[INFO] [1788859980.744669998]: [sim_plan] built plan=1995 start=3472.30 horizon=15.00 frames=150 commit_frames=20[0m
[0m[INFO] [1788859980.758660431]: [sim_plan] built plan=1996 start=3474.30 horizon=15.00 frames=150 commit_frames=20[0m
[0m[INFO] [1788859980.773011501]: [sim_plan] built plan=1997 start=3474.70 horizon=15.00 frames=150 commit_frames=20[0m
[0m[INFO] [1788859980.786810680]: [sim_plan] built plan=1998 start=3476.70 horizon=15.00 frames=150 commit_frames=20[0m
[0m[INFO] [1788859980.801623728]: [sim_plan] built plan=1999 start=3478.50 horizon=15.00 frames=150 commit_frames=20[0m
[0m[INFO] [1788859980.815478938]: [sim_plan] built plan=2000 start=3480.50 horizon=15.00 frames=150 commit_frames=20[0m
[0m[INFO] [1788859980.826445174]: [sim_plan] built plan=2001 start=3482.50 horizon=15.00 frames=150 commit_frames=20[0m
[0m[INFO] [1788859980.835563940]: [sim_plan] built plan=2002 start=3484.50 horizon=15.00 frames=150 commit_frames=20[0m
[0m[INFO] [1788859980.843974666]: [sim_plan] built plan=2003 start=3486.50 horizon=15.00 frames=150 commit_frames=20[0m
[0m[INFO] [1788859980.850415828]: [sim_plan] built plan=2004 start=3488.50 horizon=15.00 frames=150 commit_frames=20[0m
[0m[INFO] [1788859980.855791484]: [sim_plan] built plan=2005 start=3490.50 horizon=15.00 frames=150 commit_frames=20[0m
[0m[INFO] [1788859980.860854512]: [sim_plan] built plan=2006 start=3491.40 horizon=15.00 frames=150 commit_frames=20[0m
[0m[INFO] [1788859980.864798769]: [sim_plan] built plan=2007 start=3493.40 horizon=15.00 frames=150 commit_frames=20[0m
[0m[INFO] [1788859980.868192015]: [sim_plan] built plan=2008 start=3495.40 horizon=15.00 frames=150 commit_frames=20[0m
[0m[INFO] [1788859980.871454573]: [sim_plan] built plan=2009 start=3497.40 horizon=15.00 frames=150 commit_frames=20[0m
[0m[INFO] [1788859980.872134468]: [multi_patrol][A1] V0 pickup leg: B59 -> A1  wpts=583 len=6.287[0m
[0m[INFO] [1788859980.893458876]: [sim_plan] built plan=2010 start=3498.00 horizon=15.00 frames=150 commit_frames=20[0m
[0m[INFO] [1788859980.929341549]: [sim_plan] built plan=2011 start=3500.00 horizon=15.00 frames=150 commit_frames=20[0m
[0m[INFO] [1788859980.947582636]: [sim_plan] built plan=2012 start=3502.00 horizon=15.00 frames=150 commit_frames=20[0m
[0m[INFO] [1788859980.965759983]: [sim_plan] built plan=2013 start=3504.00 horizon=15.00 frames=150 commit_frames=20[0m
[0m[INFO] [1788859980.981556130]: [sim_plan] built plan=2014 start=3506.00 horizon=15.00 frames=150 commit_frames=20[0m
[0m[INFO] [1788859980.997925118]: [sim_plan] built plan=2015 start=3508.00 horizon=15.00 frames=150 commit_frames=20[0m
[0m[INFO] [1788859981.014675720]: [sim_plan] built plan=2016 start=3510.00 horizon=15.00 frames=150 commit_frames=20[0m
[0m[INFO] [1788859981.032334126]: [sim_plan] built plan=2017 start=3512.00 horizon=15.00 frames=150 commit_frames=20[0m
[0m[INFO] [1788859981.050255797]: [sim_plan] built plan=2018 start=3514.00 horizon=15.00 frames=150 commit_frames=20[0m
[0m[INFO] [1788859981.072964796]: [sim_plan] built plan=2019 start=3516.00 horizon=15.00 frames=[33m[WARN] [1788859981.315090133]: [multi_patrol][A1 EXIT HORIZON] V1 target=B33 dwell_part=4.90s departure_window=10.10s total_horizon=15.00s[0m
[33m[WARN] [1788859981.337343852]: [multi_patrol][A1 EXIT HORIZON] V1 target=B33 dwell_part=2.90s departure_window=12.10s total_horizon=15.00s[0m
[33m[WARN] [1788859981.363235910]: [multi_patrol][A1 EXIT HORIZON] V1 target=B33 dwell_part=0.90s departure_window=14.10s total_horizon=15.00s[0m
[33m[WARN] [1788859981.502111169]: [multi_patrol][A1 EXIT HORIZON] V0 target=B4 dwell_part=4.90s departure_window=10.10s total_horizon=15.00s[0m
[33m[WARN] [1788859981.515427775]: [multi_patrol][A1 EXIT HORIZON] V0 target=B4 dwell_part=2.90s departure_window=12.10s total_horizon=15.00s[0m
[33m[WARN] [1788859981.530314125]: [multi_patrol][A1 EXIT HORIZON] V0 target=B4 dwell_part=0.90s departure_window=14.10s total_horizon=15.00s[0m
150 commit_frames=20[0m
[0m[INFO] [1788859981.100528320]: [sim_plan] built plan=2020 start=3518.00 horizon=15.00 frames=150 commit_frames=20[0m
[0m[INFO] [1788859981.124684881]: [sim_plan] built plan=2021 start=3520.00 horizon=15.00 frames=150 commit_frames=20[0m
[0m[INFO] [1788859981.169899562]: [sim_plan] built plan=2022 start=3522.00 horizon=15.00 frames=150 commit_frames=20[0m
[0m[INFO] [1788859981.202699494]: [sim_plan] built plan=2023 start=3524.00 horizon=15.00 frames=150 commit_frames=20[0m
[0m[INFO] [1788859981.236460148]: [sim_plan] built plan=2024 start=3526.00 horizon=15.00 frames=150 commit_frames=20[0m
[0m[INFO] [1788859981.268706685]: [sim_plan] built plan=2025 start=3528.00 horizon=15.00 frames=150 commit_frames=20[0m
[0m[INFO] [1788859981.294870398]: [sim_plan] built plan=2026 start=3530.00 horizon=15.00 frames=150 commit_frames=20[0m
[0m[INFO] [1788859981.315042402]: [sim_plan] built plan=2027 start=3531.80 horizon=15.00 frames=150 commit_frames=20[0m
[0m[INFO] [1788859981.337302640]: [sim_plan] built plan=2028 start=3533.80 horizon=15.00 frames=150 commit_frames=20[0m
[0m[INFO] [1788859981.363182702]: [sim_plan] built plan=2029 start=3535.80 horizon=15.00 frames=150 commit_frames=20[0m
[0m[INFO] [1788859981.364441142]: [multi_patrol][A1] V1 activate prepared dropoff: A1 -> B33 len=7.111 priority_until_s=0.758[0m
[0m[INFO] [1788859981.387421346]: [sim_plan] built plan=2030 start=3536.70 horizon=15.00 frames=150 commit_frames=20[0m
[0m[INFO] [1788859981.415943158]: [sim_plan] built plan=2031 start=3538.70 horizon=15.00 frames=150 commit_frames=20[0m
[0m[INFO] [1788859981.433562726]: [sim_plan] built plan=2032 start=3540.70 horizon=15.00 frames=150 commit_frames=20[0m
[0m[INFO] [1788859981.434982773]: [multi_patrol][A1 EXIT PRIORITY RELEASE] V1 s=0.771 threshold=0.758[0m
[0m[INFO] [1788859981.447658502]: [sim_plan] built plan=2033 start=3542.70 horizon=15.00 frames=150 commit_frames=20[0m
[0m[INFO] [1788859981.461256244]: [sim_plan] built plan=2034 start=3544.70 horizon=15.00 frames=150 commit_frames=20[0m
[0m[INFO] [1788859981.471499831]: [sim_plan] built plan=2035 start=3546.70 horizon=15.00 frames=150 commit_frames=20[0m
[0m[INFO] [1788859981.482562439]: [sim_plan] built plan=2036 start=3548.70 horizon=15.00 frames=150 commit_frames=20[0m
[0m[INFO] [1788859981.492158722]: [sim_plan] built plan=2037 start=3550.70 horizon=15.00 frames=150 commit_frames=20[0m
[0m[INFO] [1788859981.502058082]: [sim_plan] built plan=2038 start=3551.30 horizon=15.00 frames=150 commit_frames=20[0m
[0m[INFO] [1788859981.515353320]: [sim_plan] built plan=2039 start=3553.30 horizon=15.00 frames=150 commit_frames=20[0m
[0m[INFO] [1788859981.530258345]: [sim_plan] built plan=2040 start=3555.30 horizon=15.00 frames=150 commit_frames=20[0m
[0m[INFO] [1788859981.531661857]: [multi_patrol][A1] V0 activate prepared dropoff: A1 -> B4 len=1.681 priority_until_s=0.758[0m
[0m[INFO] [1788859981.546168928]: [sim_plan] built plan=2041 start=3556.20 horizon=15.00 frames=150 commit_frames=20[0m
[0m[INFO] [1788859981.562651179]: [sim_plan] built plan=2042 start=3558.20 horizon=15.00 frames=150 commit_frames=20[0m
[0m[INFO] [1788859981.574325846]: [sim_plan] built plan=2043 start=3560.20 horizon=15.00 frames=150 commit_frames=20[0m
[0m[INFO] [1788859981.575107460]: [multi_patrol][A1 EXIT PRIORITY RELEASE] V0 s=0.771 threshold=0.758[0m
[0m[INFO] [1788859981.583792765]: [sim_plan] built plan=2044 start=3562.20 horizon=15.00 frames=150 commit_frames=20[0m
[0m[INFO] [1788859981.589805802]: [sim_plan] built plan=2045 start=3564.20 horizon=15.00 frames=150 commit_frames=20[0m
[0m[INFO] [1788859981.593728724]: [sim_plan] built plan=2046 start=3566.20 horizon=15.00 frames=150 commit_frames=20[0m
[0m[INFO] [1788859981.596002125]: [sim_plan] built plan=2047 start=3568.20 horizon=15.00 frames=150 commit_frames=20[0m
[0m[INFO] [1788859981.597834045]: [sim_plan] built plan=2048 start=3568.20 horizon=15.00 frames=150 commit_frames=20[0m
[0m[INFO] [1788859981.599772209]: [sim_plan] built plan=2049 start=3568.30 horizon=15.00 frames=150 commit_frames=20[0m
[0m[INFO] [1788859981.602310033]: [sim_plan] built plan=2050 start=3568.30 horizon=15.00 frames=150 commit_frames=20[0m
[0m[INFO] [1788859981.604206816]: [sim_plan] built plan=2051 start=3568.40 horizon=15.00 frames=150 commit_frames=20[0m
[0m[INFO] [1788859981.606350352]: [sim_plan] built plan=2052 start=3568.40 horizon=15.00 frames=150 commit_frames=20[0m
[0m[INFO] [1788859981.608524567]: [sim_plan] built plan=2053 start=3568.50 horizon=15.00 frames=150 commit_frames=20[0m
[0m[INFO] [1788859981.610370645]: [sim_plan] built plan=2054 start=3568.50 horizon=15.00 frames=150 commit_frames=20[0m
[0m[INFO] [1788859981.612140805]: [sim_plan] built plan=2055 start=3568.60 horizon=15.00 frames=150 commit_frames=20[0m
[0m[INFO] [1788859981.613819580]: [sim_plan] built plan=2056 start=3568.60 horizon=15.00 frames=150 commit_frames=20[0m
[0m[INFO] [1788859981.615516829]: [sim_plan] built plan=2057 start=3568.70 horizon=15.00 frames=150 commit_frames=20[0m
[0m[INFO] [1788859981.617200070]: [sim_plan] built plan=2058 start=3568.70 horizon=15.00 frames=150 commit_frames=20[0m
[0m[INFO] [1788859981.619329728]: [sim_plan] built plan=2059 start=3568.80 horizon=15.00 frames=150 commit_frames=20[0m
[0m[INFO] [1788859981.621216509]: [sim_plan] built plan=2060 start=3568.80 horizon=15.00 frames=150 commit_frames=20[0m
[0m[INFO] [1788859981.623387959]: [sim_plan] built plan=2061 start=3568.90 horizon=15.00 frames=150 commit_frames=20[0m
[0m[INFO] [1788859981.625253502]: [sim_plan] built plan=2062 start=3568.90 horizon=15.00 frames=150 commit_frames=20[0m
[0m[INFO] [1788859981.627013870]: [sim_plan] built plan=2063 start=3569.00 horizon=15.00 frames=150 commit_frames=20[0m
[0m[INFO] [1788859981.628776211]: [sim_plan] built plan=2064 start=3569.00 horizon=15.00 frames=150 commit_frames=20[0m
[0m[INFO] [1788859981.630394670]: [sim_plan] built plan=2065 start=3569.10 horizon=15.00 frames=150 commit_frames=20[0m
[0m[INFO] [1788859981.632066846]: [sim_plan] built plan=2066 start=3569.10 horizon=15.00 frames=150 commit_frames=20[0m
[0m[INFO] [1788859981.633719267]: [sim_plan] built plan=2067 start=3569.20 horizon=15.00 frames=150 commit_frames=20[0m
[0m[INFO] [1788859981.635300408]: [sim_plan] built plan=2068 start=3569.20 horizon=15.00 frames=150 commit_frames=20[0m
[0m[INFO] [1788859981.636962622]: [sim_plan] built plan=2069 start=3569.30 horizon=15.00 frames=150 commit_frames=20[0m
[0m[INFO] [1788859981.638508359]: [sim_plan] built plan=2070 start=3569.30 horizon=15.00 frames=150 commit_frames=20[0m
[0m[INFO] [1788859981.640141596]: [sim_plan] built plan=2071 start=3569.40 horizon=15.00 frames=150 commit_frames=20[0m
[0m[INFO] [1788859981.642190682]: [sim_plan] built plan=2072 start=3569.40 horizon=15.00 frames=150 commit_frames=20[0m
[0m[INFO] [1788859981.644171159]: [sim_plan] built plan=2073 start=3569.50 horizon=15.00 frames=150 commit_frames=20[0m
[0m[INFO] [1788859981.645726367]: [sim_plan] built plan=2074 start=3569.50 horizon=15.00 frames=150 commit_frames=20[0m
[0m[INFO] [1788859981.647246161]: [sim_plan] built plan=2075 start=3569.60 horizon=15.00 frames=150 commit_frames=20[0m
[0m[INFO] [1788859981.648818950]: [sim_plan] built plan=2076 start=3569.60 horizon=15.00 frames=150 commit_frames=20[0m
[0m[INFO] [1788859981.650318948]: [sim_plan] built plan=2077 start=3569.70 horizon=15.00 frames=150 commit_frames=20[0m
[0m[INFO] [1788859981.651739674]: [sim_plan] built plan=2078 start=3569.70 horizon=15.00 frames=150 commit_frames=20[0m
[0m[INFO] [1788859981.653130753]: [sim_plan] built plan=2079 start=3569.80 horizon=15.00 frames=150 commit_frames=20[0m
[0m[INFO] [1788859981.654470848]: [sim_plan] built plan=2080 start=3569.80 horizon=15.00 frames=150 commit_frames=20[0m
[0m[INFO] [1788859981.655974500]: [sim_plan] built plan=2081 start=3569.90 horizon=15.00 frames=150 commit_frames=20[0m
[0m[INFO] [1788859981.657481647]: [sim_plan] built plan=2082 start=3569.90 horizon=15.00 frames=150 commit_frames=20[0m
[0m[INFO] [1788859981.659364794]: [sim_plan] built plan=2083 start=3570.00 horizon=15.00 frames=150 commit_frames=20[0m
[0m[INFO] [1788859981.661241231]: [sim_plan] built plan=2084 start=3570.00 horizon=15.00 frames=150 commit_frames=20[0m
[0m[INFO] [1788859981.663311750]: [sim_plan] built plan=2085 start=3570.10 horizon=15.00 frames=150 commit_frames=20[0m
[0m[INFO] [1788859981.664815012]: [sim_plan] built plan=2086 start=3570.10 horizon=15.00 frames=150 commit_frames=20[0m
[0m[INFO] [1788859981.666308543]: [sim_plan] built plan=2087 start=3570.20 horizon=15.00 frames=150 commit_frames=20[0m
[0m[INFO] [1788859981.667783127]: [sim_plan] built plan=2088 start=3570.20 horizon=15.00 frames=150 commit_frames=20[0m
[0m[INFO] [1788859981.669263001]: [sim_plan] built plan=2089 start=3570.30 horizon=15.00 frames=150 commit_frames=20[0m
[0m[INFO] [1788859981.670621538]: [sim_plan] built plan=2090 start=3570.30 horizon=15.00 frames=150 commit_frames=20[0m
[0m[INFO] [1788859981.671991569]: [sim_plan] built plan=2091 start=3570.40 horizon=15.00 frames=150 commit_frames=20[0m
[0m[INFO] [1788859981.673341065]: [sim_plan] built plan=2092 start=3570.40 horizon=15.00 frames=150 commit_frames=20[0m
[0m[INFO] [1788859981.674756695]: [sim_plan] built plan=2093 start=3570.50 horizon=15.00 frames=150 commit_frames=20[0m
[0m[INFO] [1788859981.676193873]: [sim_plan] built plan=2094 start=3570.50 horizon=15.00 frames=150 commit_frames=20[0m
[0m[INFO] [1788859981.677552582]: [sim_plan] built plan=2095 start=3570.60 horizon=15.00 frames=150 commit_frames=20[0m
[0m[INFO] [1788859981.678841712]: [sim_plan] built plan=2096 start=3570.60 horizon=15.00 frames=150 commit_frames=20[0m
[0m[INFO] [1788859981.680215067]: [sim_plan] built plan=2097 start=3570.70 horizon=15.00 frames=150 commit_frames=20[0m
[0m[INFO] [1788859981.681476951]: [sim_plan] built plan=2098 start=3570.70 horizon=15.00 frames=150 commit_frames=20[0m
[0m[INFO] [1788859981.682762887]: [sim_plan] built plan=2099 start=3570.80 horizon=15.00 frames=150 commit_frames=20[0m
[0m[INFO] [1788859981.684040161]: [sim_plan] built plan=2100 start=3570.80 horizon=15.00 frames=150 commit_frames=20[0m
[0m[INFO] [1788859981.685320710]: [sim_plan] built plan=2101 start=3570.90 horizon=15.00 frames=150 commit_frames=20[0m
[0m[INFO] [1788859981.686581603]: [sim_plan] built plan=2102 start=3570.90 horizon=15.00 frames=150 commit_frames=20[0m
[0m[INFO] [1788859981.687898638]: [sim_plan] built plan=2103 start=3571.00 horizon=15.00 frames=150 commit_frames=20[0m
[0m[INFO] [1788859981.689174321]: [sim_plan] built plan=2104 start=3571.00 horizon=15.00 frames=150 commit_frames=20[0m
[0m[INFO] [1788859981.690768021]: [sim_plan] built plan=2105 start=3571.10 horizon=15.00 frames=150 commit_frames=20[0m
[0m[INFO] [1788859981.692108375]: [sim_plan] built plan=2106 start=3571.10 horizon=15.00 frames=150 commit_frames=20[0m
[0m[INFO] [1788859981.693436773]: [sim_plan] built plan=2107 start=3571.20 horizon=15.00 frames=150 commit_frames=20[0m
[0m[INFO] [1788859981.695017723]: [sim_plan] built plan=2108 start=3571.20 horizon=15.00 frames=150 commit_frames=20[0m
[0m[INFO] [1788859981.696388747]: [sim_plan] built plan=2109 start=3571.30 horizon=15.00 frames=150 commit_frames=20[0m
[0m[INFO] [1788859981.697652674]: [sim_plan] built plan=2110 start=3571.30 horizon=15.00 frames=150 commit_frames=20[0m
[0m[INFO] [1788859981.698979310]: [sim_plan] built plan=2111 start=3571.40 horizon=15.00 frames=150 commit_frames=20[0m
[0m[INFO] [1788859981.700186004]: [sim_plan] built plan=2112 start=3571.40 horizon=15.00 frames=150 commit_frames=20[0m
[0m[INFO] [1788859981.701393080]: [sim_plan] built plan=2113 start=3571.50 horizon=15.00 frames=150 commit_frames=20[0m
[0m[INFO] [1788859981.702526992]: [sim_plan] built plan=2114 start=3571.50 horizon=15.00 frames=150 commit_frames=20[0m
[0m[INFO] [1788859981.703770793]: [sim_plan] built plan=2115 start=3571.60 horizon=15.00 frames=150 commit_frames=20[0m
[0m[INFO] [1788859981.705043513]: [sim_plan] built plan=2116 start=3571.60 [33m[WARN] [1788859981.713203020]: [SLOT_DEPARTURE] time=59min32.0s vehicle=V0 owner=none result=ALLOW reason=no_service_owner candidate_path_gen=93 slot_departure_clear_s=0.346 vehicle_mode=ACTIVE vehicle_speed=0.000 vehicle_path_s=0.000 blocker=none a1_prefix_conflict=0 ordinary_road_conflict=0[0m
[33m[WARN] [1788859981.713600946]: [multi_patrol][A1 EXIT PREPARED] V0 target=B57 pickup_dwell=5.00s exit_len=7.142 priority_until_s=0.758 horizon_refresh=IMMEDIATE[0m
[33m[WARN] [1788859981.758893524]: [multi_patrol][A1 EXIT HORIZON] V0 target=B57 dwell_part=4.90s departure_window=10.10s total_horizon=15.00s[0m
[33m[WARN] [1788859981.766027937]: [SLOT_DEPARTURE] time=59min43.2s vehicle=V1 owner=V0 result=ALLOW reason=slot_departure_clear candidate_path_gen=89 slot_departure_clear_s=0.327 vehicle_mode=ACTIVE vehicle_speed=0.000 vehicle_path_s=0.000 blocker=none a1_prefix_conflict=0 ordinary_road_conflict=0 owner_phase=PICKUP_DWELL owner_path_gen=93 geometry=pending_preview protected_zones=0 actual_occupancy_priority=0 spatial_stop_launch_infeasible=0 waiter_stop_s=4.000[0m
[33m[WARN] [1788859981.766452627]: [multi_patrol][A1 EXIT PREPARED] V1 target=B65 pickup_dwell=5.00s exit_len=6.956 priority_until_s=0.758 horizon_refresh=IMMEDIATE[0m
[33m[WARN] [1788859981.776468184]: [multi_patrol][A1 EXIT HORIZON] V0 target=B57 dwell_part=4.60s departure_window=10.40s total_horizon=15.00s[0m
[33m[WARN] [1788859981.790388006]: [multi_patrol][A1 EXIT HORIZON] V0 target=B57 dwell_part=2.60s departure_window=12.40s total_horizon=15.00s[0m
[33m[WARN] [1788859981.808501491]: [multi_patrol][A1 EXIT HORIZON] V0 target=B57 dwell_part=0.60s departure_window=14.40s total_horizon=15.00s[0m
horizon=15.00 frames=150 commit_frames=20[0m
[0m[INFO] [1788859981.706513011]: [sim_plan] built plan=2117 start=3571.70 horizon=15.00 frames=150 commit_frames=20[0m
[0m[INFO] [1788859981.708062181]: [sim_plan] built plan=2118 start=3571.70 horizon=15.00 frames=150 commit_frames=20[0m
[0m[INFO] [1788859981.709502353]: [sim_plan] built plan=2119 start=3571.80 horizon=15.00 frames=150 commit_frames=20[0m
[0m[INFO] [1788859981.710629235]: [sim_plan] built plan=2120 start=3571.80 horizon=15.00 frames=150 commit_frames=20[0m
[0m[INFO] [1788859981.711775494]: [sim_plan] built plan=2121 start=3571.90 horizon=15.00 frames=150 commit_frames=20[0m
[0m[INFO] [1788859981.712910948]: [sim_plan] built plan=2122 start=3571.90 horizon=15.00 frames=150 commit_frames=20[0m
[0m[INFO] [1788859981.713169046]: [multi_patrol][A1] V0 pickup leg: B4 -> A1  wpts=162 len=1.680[0m
[0m[INFO] [1788859981.729642495]: [sim_plan] built plan=2123 start=3572.00 horizon=15.00 frames=150 commit_frames=20[0m
[0m[INFO] [1788859981.738547890]: [sim_plan] built plan=2124 start=3574.00 horizon=15.00 frames=150 commit_frames=20[0m
[0m[INFO] [1788859981.743457604]: [sim_plan] built plan=2125 start=3576.00 horizon=15.00 frames=150 commit_frames=20[0m
[0m[INFO] [1788859981.747509176]: [sim_plan] built plan=2126 start=3578.00 horizon=15.00 frames=150 commit_frames=20[0m
[0m[INFO] [1788859981.751052702]: [sim_plan] built plan=2127 start=3580.00 horizon=15.00 frames=150 commit_frames=20[0m
[0m[INFO] [1788859981.754770073]: [sim_plan] built plan=2128 start=3582.00 horizon=15.00 frames=150 commit_frames=20[0m
[0m[INFO] [1788859981.758844191]: [sim_plan] built plan=2129 start=3582.90 horizon=15.00 frames=150 commit_frames=20[0m
[0m[INFO] [1788859981.765977132]: [multi_patrol][A1] V1 pickup leg: B33 -> A1  wpts=469 len=5.444[0m
[0m[INFO] [1788859981.776423076]: [sim_plan] built plan=2130 start=3583.20 horizon=15.00 frames=150 commit_frames=20[0m
[0m[INFO] [1788859981.790308144]: [sim_plan] built plan=2131 start=3585.20 horizon=15.00 frames=150 commit_frames=20[0m
[0m[INFO] [1788859981.808458917]: [sim_plan] built plan=2132 start=3587.20 horizon=15.00 frames=150 commit_frames=20[0m
[0m[INFO] [1788859981.809504468]: [multi_patrol][A1] V0 activate prepared dropoff: A1 -> B57 len=7.142 priority_until_s=0.758[0m
[0m[INFO] [1788859981.827600470]: [sim_plan] built plan=2133 start=3587.80 horizon=15.00 frames=150 commit_frames=20[0m
[0m[INFO] [1788859981.857646311]: [sim_plan] built plan=2134 start=3589.80 horizon=15.00 frames=150 commit_frames=20[0m
[0m[INFO] [1788859981.877949959]: [sim_plan] built plan=2135 start=3591.80 horizon=15.00 frames=150 commit_frames=20[0m
[0m[INFO] [1788859981.879089939]: [multi_patrol][A1 EXIT PRIORITY RELEASE] V0 s=0.771 threshold=0.758[0m
[0m[INFO] [1788859981.906163530]: [sim_plan] built plan=2136 start=3593.80 horizon=15.00 frames=150 commit_frames=20[0m
[0m[INFO] [1788859981.929298861]: [sim_plan] built plan=2137 start=3595.80 horizon=15.00 frames=150 commit_frames=20[0m
[0m[INFO] [1788859981.957561323]: [sim_plan] built plan=2138 start=3597.80 horizon=15.00 frames=150 commit_frames=20[0m
[0m[INFO] [1788859981.982169908]: [sim_plan] built plan=2139 start=3599.80 horizon=15.00 frames=150 commit_frames=20[0m
[0m[INFO] [1788859981.982896735]: [batch] 36000/72000 ticks (sim_t=3600s) hard_guard=0[0m
[0m[INFO] [1788859982.008334352]: [sim_plan] built plan=2140 start=3601.80 horizon=15.00 frames=150 commit_frames=20[0m
[0m[INFO] [1788859982.034972789]: [sim_plan] built plan=2141 start=3603.80 horizon=15.00 frames=150 commit_frames=20[0m
[0m[INFO] [1788859982.055756660]: [sim_plan] built plan=2142 start=3605.80 horizon=15.00 frames=150 commit_frames=20[0m
[0m[INFO] [1788859982.075025295]: [sim_plan] built plan=2143 start=3607.80 horizon=15.00 frames=150 commit_frames=20[0m
[0m[INFO] [1788859982.093741356]: [sim_plan] built plan=2144 start=3609.80 horizon=15.00 frames=150 commit_frames=20[0m
[0m[INFO] [1788859982.112955251]: [sim_plan] built plan=2145 start=3611.80 horizon=15.00 frames=15[33m[WARN] [1788859982.257915439]: [SLOT_DEPARTURE] time=60min34.6s vehicle=V0 owner=V1 result=ALLOW reason=slot_departure_clear candidate_path_gen=95 slot_departure_clear_s=0.346 vehicle_mode=ACTIVE vehicle_speed=0.000 vehicle_path_s=0.000 blocker=none a1_prefix_conflict=0 ordinary_road_conflict=0 owner_phase=TO_A1 owner_path_gen=89 geometry=pending_preview protected_zones=0 actual_occupancy_priority=0 spatial_stop_launch_infeasible=0 waiter_stop_s=5.675[0m
[33m[WARN] [1788859982.258356169]: [multi_patrol][A1 EXIT PREPARED] V0 target=B21 pickup_dwell=5.00s exit_len=6.358 priority_until_s=0.758 horizon_refresh=IMMEDIATE[0m
[33m[WARN] [1788859982.346134168]: [multi_patrol][A1 EXIT HORIZON] V1 target=B65 dwell_part=4.90s departure_window=10.10s total_horizon=15.00s[0m
[33m[WARN] [1788859982.360863422]: [multi_patrol][A1 EXIT HORIZON] V1 target=B65 dwell_part=2.90s departure_window=12.10s total_horizon=15.00s[0m
[33m[WARN] [1788859982.380378236]: [multi_patrol][A1 EXIT HORIZON] V1 target=B65 dwell_part=0.90s departure_window=14.10s total_horizon=15.00s[0m
0 commit_frames=20[0m
[0m[INFO] [1788859982.133907276]: [sim_plan] built plan=2146 start=3613.80 horizon=15.00 frames=150 commit_frames=20[0m
[0m[INFO] [1788859982.151647346]: [sim_plan] built plan=2147 start=3615.80 horizon=15.00 frames=150 commit_frames=20[0m
[0m[INFO] [1788859982.170506389]: [sim_plan] built plan=2148 start=3617.80 horizon=15.00 frames=150 commit_frames=20[0m
[0m[INFO] [1788859982.184123797]: [sim_plan] built plan=2149 start=3619.80 horizon=15.00 frames=150 commit_frames=20[0m
[0m[INFO] [1788859982.195688233]: [sim_plan] built plan=2150 start=3621.80 horizon=15.00 frames=150 commit_frames=20[0m
[0m[INFO] [1788859982.206007106]: [sim_plan] built plan=2151 start=3623.80 horizon=15.00 frames=150 commit_frames=20[0m
[0m[INFO] [1788859982.213835841]: [sim_plan] built plan=2152 start=3625.80 horizon=15.00 frames=150 commit_frames=20[0m
[0m[INFO] [1788859982.220129355]: [sim_plan] built plan=2153 start=3627.80 horizon=15.00 frames=150 commit_frames=20[0m
[0m[INFO] [1788859982.233417075]: [sim_plan] built plan=2154 start=3629.80 horizon=15.00 frames=150 commit_frames=20[0m
[0m[INFO] [1788859982.244003837]: [sim_plan] built plan=2155 start=3631.80 horizon=15.00 frames=150 commit_frames=20[0m
[0m[INFO] [1788859982.249024032]: [sim_plan] built plan=2156 start=3633.80 horizon=15.00 frames=150 commit_frames=20[0m
[0m[INFO] [1788859982.257869320]: [multi_patrol][A1] V0 pickup leg: B57 -> A1  wpts=627 len=6.725[0m
[0m[INFO] [1788859982.274989452]: [sim_plan] built plan=2157 start=3634.60 horizon=15.00 frames=150 commit_frames=20[0m
[0m[INFO] [1788859982.297993456]: [sim_plan] built plan=2158 start=3636.60 horizon=15.00 frames=150 commit_frames=20[0m
[0m[INFO] [1788859982.311928568]: [sim_plan] built plan=2159 start=3638.60 horizon=15.00 frames=150 commit_frames=20[0m
[0m[INFO] [1788859982.323018932]: [sim_plan] built plan=2160 start=3640.60 horizon=15.00 frames=150 commit_frames=20[0m
[0m[INFO] [1788859982.334175400]: [sim_plan] built plan=2161 start=3642.60 horizon=15.00 frames=150 commit_frames=20[0m
[0m[INFO] [1788859982.346090762]: [sim_plan] built plan=2162 start=3643.60 horizon=15.00 frames=150 commit_frames=20[0m
[0m[INFO] [1788859982.360815471]: [sim_plan] built plan=2163 start=3645.60 horizon=15.00 frames=150 commit_frames=20[0m
[0m[INFO] [1788859982.380338375]: [sim_plan] built plan=2164 start=3647.60 horizon=15.00 frames=150 commit_frames=20[0m
[0m[INFO] [1788859982.381575809]: [multi_patrol][A1] V1 activate prepared dropoff: A1 -> B65 len=6.956 priority_until_s=0.758[0m
[0m[INFO] [1788859982.400134651]: [sim_plan] built plan=2165 start=3648.50 horizon=15.00 frames=150 commit_frames=20[0m
[0m[INFO] [1788859982.430195760]: [sim_plan] built plan=2166 start=3650.50 horizon=15.00 frames=150 commit_frames=20[0m
[0m[INFO] [1788859982.451635375]: [sim_plan] built plan=2167 start=3652.50 horizon=15.00 frames=150 commit_frames=20[0m
[0m[INFO] [1788859982.452935029]: [multi_patrol][A1 EXIT PRIORITY RELEASE] V1 s=0.771 threshold=0.758[0m
[0m[INFO] [1788859982.473763296]: [sim_plan] built plan=2168 start=3654.50 horizon=15.00 frames=150 commit_frames=20[0m
[0m[INFO] [1788859982.494213833]: [sim_plan] built plan=2169 start=3656.50 horizon=15.00 frames=150 commit_frames=20[0m
[0m[INFO] [1788859982.514239380]: [sim_plan] built plan=2170 start=3658.50 horizon=15.00 frames=150 commit_frames=20[0m
[0m[INFO] [1788859982.530948269]: [sim_plan] built plan=2171 start=3660.50 horizon=15.00 frames=150 commit_frames=20[0m
[0m[INFO] [1788859982.548971770]: [sim_plan] built plan=2172 start=3662.50 horizon=15.00 frames=150 commit_frames=20[0m
[0m[INFO] [1788859982.563046389]: [sim_plan] built plan=2173 start=3664.50 horizon=15.00 frames=150 commit_frames=20[0m
[0m[INFO] [1788859982.574728795]: [sim_plan] built plan=2174 start=3666.50 horizon=15.00 frames=150 commit_frames=20[0m
[0m[INFO] [1788859982.585095570]: [sim_plan] built plan=2175 start=3668.50 horizon=15.00 frames=150 commit_frames=20[0m
[0m[INFO] [1788859982.594957220]: [sim_plan] built plan=2176 start=3670[33m[WARN] [1788859982.613504898]: [multi_patrol][A1 EXIT HORIZON] V0 target=B21 dwell_part=4.90s departure_window=10.10s total_horizon=15.00s[0m
[33m[WARN] [1788859982.625539863]: [multi_patrol][A1 EXIT HORIZON] V0 target=B21 dwell_part=2.90s departure_window=12.10s total_horizon=15.00s[0m
[33m[WARN] [1788859982.639512933]: [multi_patrol][A1 EXIT HORIZON] V0 target=B21 dwell_part=0.90s departure_window=14.10s total_horizon=15.00s[0m
[33m[WARN] [1788859982.706649524]: [SLOT_DEPARTURE] time=61min34.3s vehicle=V1 owner=none result=ALLOW reason=no_service_owner candidate_path_gen=91 slot_departure_clear_s=0.346 vehicle_mode=ACTIVE vehicle_speed=0.000 vehicle_path_s=0.000 blocker=none a1_prefix_conflict=0 ordinary_road_conflict=0[0m
[33m[WARN] [1788859982.707060174]: [multi_patrol][A1 EXIT PREPARED] V1 target=B55 pickup_dwell=5.00s exit_len=6.954 priority_until_s=0.758 horizon_refresh=IMMEDIATE[0m
[33m[WARN] [1788859982.885484450]: [SLOT_DEPARTURE] time=62min2.0s vehicle=V0 owner=V1 result=ALLOW reason=slot_departure_clear candidate_path_gen=97 slot_departure_clear_s=0.327 vehicle_mode=ACTIVE vehicle_speed=0.000 vehicle_path_s=0.000 blocker=none a1_prefix_conflict=0 ordinary_road_conflict=0 owner_phase=TO_A1 owner_path_gen=91 geometry=pending_preview protected_zones=0 actual_occupancy_priority=0 spatial_stop_launch_infeasible=0 waiter_stop_s=5.050[0m
[33m[WARN] [1788859982.885906806]: [multi_patrol][A1 EXIT PREPARED] V0 target=B26 pickup_dwell=5.00s exit_len=3.655 priority_until_s=0.758 horizon_refresh=IMMEDIATE[0m
.50 horizon=15.00 frames=150 commit_frames=20[0m
[0m[INFO] [1788859982.604232225]: [sim_plan] built plan=2177 start=3672.50 horizon=15.00 frames=150 commit_frames=20[0m
[0m[INFO] [1788859982.613456967]: [sim_plan] built plan=2178 start=3674.50 horizon=15.00 frames=150 commit_frames=20[0m
[0m[INFO] [1788859982.625491040]: [sim_plan] built plan=2179 start=3676.50 horizon=15.00 frames=150 commit_frames=20[0m
[0m[INFO] [1788859982.639467875]: [sim_plan] built plan=2180 start=3678.50 horizon=15.00 frames=150 commit_frames=20[0m
[0m[INFO] [1788859982.640656917]: [multi_patrol][A1] V0 activate prepared dropoff: A1 -> B21 len=6.358 priority_until_s=0.758[0m
[0m[INFO] [1788859982.652290252]: [sim_plan] built plan=2181 start=3679.40 horizon=15.00 frames=150 commit_frames=20[0m
[0m[INFO] [1788859982.671154070]: [sim_plan] built plan=2182 start=3681.40 horizon=15.00 frames=150 commit_frames=20[0m
[0m[INFO] [1788859982.681392221]: [sim_plan] built plan=2183 start=3683.40 horizon=15.00 frames=150 commit_frames=20[0m
[0m[INFO] [1788859982.682596906]: [multi_patrol][A1 EXIT PRIORITY RELEASE] V0 s=0.771 threshold=0.758[0m
[0m[INFO] [1788859982.689724237]: [sim_plan] built plan=2184 start=3685.40 horizon=15.00 frames=150 commit_frames=20[0m
[0m[INFO] [1788859982.695860542]: [sim_plan] built plan=2185 start=3687.40 horizon=15.00 frames=150 commit_frames=20[0m
[0m[INFO] [1788859982.699445589]: [sim_plan] built plan=2186 start=3689.40 horizon=15.00 frames=150 commit_frames=20[0m
[0m[INFO] [1788859982.702656875]: [sim_plan] built plan=2187 start=3691.40 horizon=15.00 frames=150 commit_frames=20[0m
[0m[INFO] [1788859982.706005253]: [sim_plan] built plan=2188 start=3693.40 horizon=15.00 frames=150 commit_frames=20[0m
[0m[INFO] [1788859982.706604437]: [multi_patrol][A1] V1 pickup leg: B65 -> A1  wpts=567 len=6.684[0m
[0m[INFO] [1788859982.724721504]: [sim_plan] built plan=2189 start=3694.30 horizon=15.00 frames=150 commit_frames=20[0m
[0m[INFO] [1788859982.751309987]: [sim_plan] built plan=2190 start=3696.30 horizon=15.00 frames=150 commit_frames=20[0m
[0m[INFO] [1788859982.767542650]: [sim_plan] built plan=2191 start=3698.30 horizon=15.00 frames=150 commit_frames=20[0m
[0m[INFO] [1788859982.782846182]: [sim_plan] built plan=2192 start=3700.30 horizon=15.00 frames=150 commit_frames=20[0m
[0m[INFO] [1788859982.798195752]: [sim_plan] built plan=2193 start=3702.30 horizon=15.00 frames=150 commit_frames=20[0m
[0m[INFO] [1788859982.811688060]: [sim_plan] built plan=2194 start=3704.30 horizon=15.00 frames=150 commit_frames=20[0m
[0m[INFO] [1788859982.826600835]: [sim_plan] built plan=2195 start=3706.30 horizon=15.00 frames=150 commit_frames=20[0m
[0m[INFO] [1788859982.836822514]: [sim_plan] built plan=2196 start=3708.30 horizon=15.00 frames=150 commit_frames=20[0m
[0m[INFO] [1788859982.845726217]: [sim_plan] built plan=2197 start=3710.30 horizon=15.00 frames=150 commit_frames=20[0m
[0m[INFO] [1788859982.853069866]: [sim_plan] built plan=2198 start=3712.30 horizon=15.00 frames=150 commit_frames=20[0m
[0m[INFO] [1788859982.858722825]: [sim_plan] built plan=2199 start=3714.30 horizon=15.00 frames=150 commit_frames=20[0m
[0m[INFO] [1788859982.863007154]: [sim_plan] built plan=2200 start=3716.30 horizon=15.00 frames=150 commit_frames=20[0m
[0m[INFO] [1788859982.866497243]: [sim_plan] built plan=2201 start=3718.30 horizon=15.00 frames=150 commit_frames=20[0m
[0m[INFO] [1788859982.878003114]: [sim_plan] built plan=2202 start=3720.30 horizon=15.00 frames=150 commit_frames=20[0m
[0m[INFO] [1788859982.885430561]: [multi_patrol][A1] V0 pickup leg: B21 -> A1  wpts=535 len=6.102[0m
[0m[INFO] [1788859982.904655018]: [sim_plan] built plan=2203 start=3722.00 horizon=15.00 frames=150 commit_frames=20[0m
[0m[INFO] [1788859982.926552495]: [sim_plan] built plan=2204 start=3724.00 horizon=15.00 frames=150 commit_frames=20[0m
[0m[INFO] [1788859982.939949673]: [sim_plan] built plan=2205 start=3726.00 horizon=15.00 frames=150 commit_frames=20[0m
[0m[INFO] [1788859982.952179529]: [sim_plan] built plan=2206 st[33m[WARN] [1788859982.993873361]: [multi_patrol][A1 EXIT HORIZON] V1 target=B55 dwell_part=4.90s departure_window=10.10s total_horizon=15.00s[0m
[33m[WARN] [1788859983.008452298]: [multi_patrol][A1 EXIT HORIZON] V1 target=B55 dwell_part=2.90s departure_window=12.10s total_horizon=15.00s[0m
[33m[WARN] [1788859983.027592370]: [multi_patrol][A1 EXIT HORIZON] V1 target=B55 dwell_part=0.90s departure_window=14.10s total_horizon=15.00s[0m
[33m[WARN] [1788859983.187999122]: [multi_patrol][A1 EXIT HORIZON] V0 target=B26 dwell_part=4.90s departure_window=10.10s total_horizon=15.00s[0m
[33m[WARN] [1788859983.199889312]: [multi_patrol][A1 EXIT HORIZON] V0 target=B26 dwell_part=2.90s departure_window=12.10s total_horizon=15.00s[0m
[33m[WARN] [1788859983.215372243]: [multi_patrol][A1 EXIT HORIZON] V0 target=B26 dwell_part=0.90s departure_window=14.10s total_horizon=15.00s[0m
art=3728.00 horizon=15.00 frames=150 commit_frames=20[0m
[0m[INFO] [1788859982.962840413]: [sim_plan] built plan=2207 start=3730.00 horizon=15.00 frames=150 commit_frames=20[0m
[0m[INFO] [1788859982.973023313]: [sim_plan] built plan=2208 start=3732.00 horizon=15.00 frames=150 commit_frames=20[0m
[0m[INFO] [1788859982.983472602]: [sim_plan] built plan=2209 start=3734.00 horizon=15.00 frames=150 commit_frames=20[0m
[0m[INFO] [1788859982.993824008]: [sim_plan] built plan=2210 start=3734.80 horizon=15.00 frames=150 commit_frames=20[0m
[0m[INFO] [1788859983.008396718]: [sim_plan] built plan=2211 start=3736.80 horizon=15.00 frames=150 commit_frames=20[0m
[0m[INFO] [1788859983.027544890]: [sim_plan] built plan=2212 start=3738.80 horizon=15.00 frames=150 commit_frames=20[0m
[0m[INFO] [1788859983.028804741]: [multi_patrol][A1] V1 activate prepared dropoff: A1 -> B55 len=6.954 priority_until_s=0.758[0m
[0m[INFO] [1788859983.047264208]: [sim_plan] built plan=2213 start=3739.70 horizon=15.00 frames=150 commit_frames=20[0m
[0m[INFO] [1788859983.075342174]: [sim_plan] built plan=2214 start=3741.70 horizon=15.00 frames=150 commit_frames=20[0m
[0m[INFO] [1788859983.095992365]: [sim_plan] built plan=2215 start=3743.70 horizon=15.00 frames=150 commit_frames=20[0m
[0m[INFO] [1788859983.097347950]: [multi_patrol][A1 EXIT PRIORITY RELEASE] V1 s=0.771 threshold=0.758[0m
[0m[INFO] [1788859983.114367233]: [sim_plan] built plan=2216 start=3745.70 horizon=15.00 frames=150 commit_frames=20[0m
[0m[INFO] [1788859983.128935740]: [sim_plan] built plan=2217 start=3747.70 horizon=15.00 frames=150 commit_frames=20[0m
[0m[INFO] [1788859983.142040591]: [sim_plan] built plan=2218 start=3749.70 horizon=15.00 frames=150 commit_frames=20[0m
[0m[INFO] [1788859983.153010437]: [sim_plan] built plan=2219 start=3751.70 horizon=15.00 frames=150 commit_frames=20[0m
[0m[INFO] [1788859983.161907090]: [sim_plan] built plan=2220 start=3753.70 horizon=15.00 frames=150 commit_frames=20[0m
[0m[INFO] [1788859983.170286607]: [sim_plan] built plan=2221 start=3755.70 horizon=15.00 frames=150 commit_frames=20[0m
[0m[INFO] [1788859983.178918875]: [sim_plan] built plan=2222 start=3757.70 horizon=15.00 frames=150 commit_frames=20[0m
[0m[INFO] [1788859983.187957129]: [sim_plan] built plan=2223 start=3758.70 horizon=15.00 frames=150 commit_frames=20[0m
[0m[INFO] [1788859983.199829576]: [sim_plan] built plan=2224 start=3760.70 horizon=15.00 frames=150 commit_frames=20[0m
[0m[INFO] [1788859983.215327366]: [sim_plan] built plan=2225 start=3762.70 horizon=15.00 frames=150 commit_frames=20[0m
[0m[INFO] [1788859983.216621250]: [multi_patrol][A1] V0 activate prepared dropoff: A1 -> B26 len=3.655 priority_until_s=0.758[0m
[0m[INFO] [1788859983.232032891]: [sim_plan] built plan=2226 start=3763.60 horizon=15.00 frames=150 commit_frames=20[0m
[0m[INFO] [1788859983.254000948]: [sim_plan] built plan=2227 start=3765.60 horizon=15.00 frames=150 commit_frames=20[0m
[0m[INFO] [1788859983.270553338]: [sim_plan] built plan=2228 start=3767.60 horizon=15.00 frames=150 commit_frames=20[0m
[0m[INFO] [1788859983.271763145]: [multi_patrol][A1 EXIT PRIORITY RELEASE] V0 s=0.771 threshold=0.758[0m
[0m[INFO] [1788859983.285483313]: [sim_plan] built plan=2229 start=3769.60 horizon=15.00 frames=150 commit_frames=20[0m
[0m[INFO] [1788859983.297981378]: [sim_plan] built plan=2230 start=3771.60 horizon=15.00 frames=150 commit_frames=20[0m
[0m[INFO] [1788859983.307203516]: [sim_plan] built plan=2231 start=3773.60 horizon=15.00 frames=150 commit_frames=20[0m
[0m[INFO] [1788859983.313771949]: [sim_plan] built plan=2232 start=3775.60 horizon=15.00 frames=150 commit_frames=20[0m
[0m[INFO] [1788859983.318202749]: [sim_plan] built plan=2233 start=3777.60 horizon=15.00 frames=150 commit_frames=20[0m
[0m[INFO] [1788859983.320793912]: [sim_plan] built plan=2234 start=3779.60 horizon=15.00 frames=150 commit_frames=20[0m
[0m[INFO] [1788859983.322146742]: [sim_plan] built plan=2235 start=3781.60 horizon=15.00 frames=150 commit_frames=20[0m
[0m[INFO] [1788859983.3[33m[WARN] [1788859983.324169443]: [SLOT_DEPARTURE] time=63min5.6s vehicle=V1 owner=none result=ALLOW reason=no_service_owner candidate_path_gen=93 slot_departure_clear_s=0.327 vehicle_mode=ACTIVE vehicle_speed=0.000 vehicle_path_s=0.000 blocker=none a1_prefix_conflict=0 ordinary_road_conflict=0[0m
[33m[WARN] [1788859983.324733570]: [multi_patrol][A1 EXIT PREPARED] V1 target=B1 pickup_dwell=5.00s exit_len=2.336 priority_until_s=0.756 horizon_refresh=IMMEDIATE[0m
[33m[WARN] [1788859983.341846678]: [SLOT_DEPARTURE] time=63min11.1s vehicle=V0 owner=none result=ALLOW reason=no_service_owner candidate_path_gen=99 slot_departure_clear_s=0.327 vehicle_mode=ACTIVE vehicle_speed=0.000 vehicle_path_s=0.000 blocker=none a1_prefix_conflict=0 ordinary_road_conflict=0[0m
[33m[WARN] [1788859983.342282889]: [multi_patrol][A1 EXIT PREPARED] V0 target=B7 pickup_dwell=5.00s exit_len=2.116 priority_until_s=0.756 horizon_refresh=IMMEDIATE[0m
[33m[WARN] [1788859983.574564323]: [multi_patrol][A1 EXIT HORIZON] V0 target=B7 dwell_part=4.90s departure_window=10.10s total_horizon=15.00s[0m
[33m[WARN] [1788859983.606675490]: [multi_patrol][A1 EXIT HORIZON] V0 target=B7 dwell_part=2.90s departure_window=12.10s total_horizon=15.00s[0m
[33m[WARN] [1788859983.641433985]: [multi_patrol][A1 EXIT HORIZON] V0 target=B7 dwell_part=0.90s departure_window=14.10s total_horizon=15.00s[0m
[33m[WARN] [1788859983.762934880]: [SLOT_DEPARTURE] time=63min56.8s vehicle=V0 owner=V1 result=ALLOW reason=slot_departure_clear candidate_path_gen=101 slot_departure_clear_s=0.346 vehicle_mode=ACTIVE vehicle_speed=0.000 vehicle_path_s=0.000 blocker=none a1_prefix_conflict=0 ordinary_road_conflict=0 owner_phase=TO_A1 owner_path_gen=93 geometry=pending_preview protected_zones=0 actual_occupancy_priority=0 spatial_stop_launch_infeasible=0 waiter_stop_s=1.125[0m
[33m[WARN] [1788859983.763396594]: [multi_patrol][A1 EXIT PREPARED] V0 target=B21 pickup_dwell=5.00s exit_len=6.358 priority_until_s=0.758 horizon_refresh=IMMEDIATE[0m
23363317]: [sim_plan] built plan=2236 start=3783.60 horizon=15.00 frames=150 commit_frames=20[0m
[0m[INFO] [1788859983.324129672]: [multi_patrol][A1] V1 pickup leg: B55 -> A1  wpts=538 len=6.675[0m
[0m[INFO] [1788859983.330608802]: [sim_plan] built plan=2237 start=3785.60 horizon=15.00 frames=150 commit_frames=20[0m
[0m[INFO] [1788859983.338085598]: [sim_plan] built plan=2238 start=3787.60 horizon=15.00 frames=150 commit_frames=20[0m
[0m[INFO] [1788859983.341221688]: [sim_plan] built plan=2239 start=3789.60 horizon=15.00 frames=150 commit_frames=20[0m
[0m[INFO] [1788859983.341811733]: [multi_patrol][A1] V0 pickup leg: B26 -> A1  wpts=298 len=3.694[0m
[0m[INFO] [1788859983.357569618]: [sim_plan] built plan=2240 start=3791.10 horizon=15.00 frames=150 commit_frames=20[0m
[0m[INFO] [1788859983.377007948]: [sim_plan] built plan=2241 start=3793.10 horizon=15.00 frames=150 commit_frames=20[0m
[0m[INFO] [1788859983.391970767]: [sim_plan] built plan=2242 start=3795.10 horizon=15.00 frames=150 commit_frames=20[0m
[0m[INFO] [1788859983.407217846]: [sim_plan] built plan=2243 start=3797.10 horizon=15.00 frames=150 commit_frames=20[0m
[0m[INFO] [1788859983.426442755]: [sim_plan] built plan=2244 start=3799.10 horizon=15.00 frames=150 commit_frames=20[0m
[0m[INFO] [1788859983.441219807]: [sim_plan] built plan=2245 start=3801.10 horizon=15.00 frames=150 commit_frames=20[0m
[0m[INFO] [1788859983.455340687]: [sim_plan] built plan=2246 start=3803.10 horizon=15.00 frames=150 commit_frames=20[0m
[0m[INFO] [1788859983.467810523]: [sim_plan] built plan=2247 start=3805.10 horizon=15.00 frames=150 commit_frames=20[0m
[0m[INFO] [1788859983.478701412]: [sim_plan] built plan=2248 start=3807.10 horizon=15.00 frames=150 commit_frames=20[0m
[0m[INFO] [1788859983.489834140]: [sim_plan] built plan=2249 start=3809.10 horizon=15.00 frames=150 commit_frames=20[0m
[0m[INFO] [1788859983.515163128]: [sim_plan] built plan=2250 start=3811.10 horizon=15.00 frames=150 commit_frames=20[0m
[0m[INFO] [1788859983.545391294]: [sim_plan] built plan=2251 start=3813.10 horizon=15.00 frames=150 commit_frames=20[0m
[0m[INFO] [1788859983.574518325]: [sim_plan] built plan=2252 start=3813.90 horizon=15.00 frames=150 commit_frames=20[0m
[0m[INFO] [1788859983.606627840]: [sim_plan] built plan=2253 start=3815.90 horizon=15.00 frames=150 commit_frames=20[0m
[0m[INFO] [1788859983.641388518]: [sim_plan] built plan=2254 start=3817.90 horizon=15.00 frames=150 commit_frames=20[0m
[0m[INFO] [1788859983.642948962]: [multi_patrol][A1] V0 activate prepared dropoff: A1 -> B7 len=2.116 priority_until_s=0.756[0m
[0m[INFO] [1788859983.673165118]: [sim_plan] built plan=2255 start=3818.80 horizon=15.00 frames=150 commit_frames=20[0m
[0m[INFO] [1788859983.702288592]: [sim_plan] built plan=2256 start=3820.80 horizon=15.00 frames=150 commit_frames=20[0m
[0m[INFO] [1788859983.723341665]: [sim_plan] built plan=2257 start=3822.80 horizon=15.00 frames=150 commit_frames=20[0m
[0m[INFO] [1788859983.724137057]: [multi_patrol][A1 EXIT PRIORITY RELEASE] V0 s=0.768 threshold=0.756[0m
[0m[INFO] [1788859983.737502895]: [sim_plan] built plan=2258 start=3824.80 horizon=15.00 frames=150 commit_frames=20[0m
[0m[INFO] [1788859983.746621110]: [sim_plan] built plan=2259 start=3826.80 horizon=15.00 frames=150 commit_frames=20[0m
[0m[INFO] [1788859983.751828454]: [sim_plan] built plan=2260 start=3828.80 horizon=15.00 frames=150 commit_frames=20[0m
[0m[INFO] [1788859983.755123845]: [sim_plan] built plan=2261 start=3830.80 horizon=15.00 frames=150 commit_frames=20[0m
[0m[INFO] [1788859983.758626469]: [sim_plan] built plan=2262 start=3832.80 horizon=15.00 frames=150 commit_frames=20[0m
[0m[INFO] [1788859983.761263701]: [sim_plan] built plan=2263 start=3834.80 horizon=15.00 frames=150 commit_frames=20[0m
[0m[INFO] [1788859983.762888401]: [multi_patrol][A1] V0 pickup leg: B7 -> A1  wpts=162 len=2.116[0m
[0m[INFO] [1788859983.787541189]: [sim_plan] built plan=2264 start=3836.80 horizon=15.00 frames=150 commit_frames=20[0m
[0m[INFO] [1788859983.808537252]: [s[33m[WARN] [1788859983.808793476]: [multi_patrol][A1 EXIT HORIZON] V1 target=B1 dwell_part=4.90s departure_window=10.10s total_horizon=15.00s[0m
[33m[WARN] [1788859983.828279267]: [multi_patrol][A1 EXIT HORIZON] V1 target=B1 dwell_part=2.90s departure_window=12.10s total_horizon=15.00s[0m
[33m[WARN] [1788859983.851450643]: [multi_patrol][A1 EXIT HORIZON] V1 target=B1 dwell_part=0.90s departure_window=14.10s total_horizon=15.00s[0m
[33m[WARN] [1788859983.946229336]: [multi_patrol][A1 EXIT HORIZON] V0 target=B21 dwell_part=4.90s departure_window=10.10s total_horizon=15.00s[0m
[33m[WARN] [1788859983.950912321]: [multi_patrol][A1 EXIT HORIZON] V0 target=B21 dwell_part=2.90s departure_window=12.10s total_horizon=15.00s[0m
[33m[WARN] [1788859983.956088865]: [multi_patrol][A1 EXIT HORIZON] V0 target=B21 dwell_part=0.90s departure_window=14.10s total_horizon=15.00s[0m
[33m[WARN] [1788859983.966235749]: [SLOT_DEPARTURE] time=64min22.6s vehicle=V1 owner=V0 result=HOLD reason=a1_stop_s_before_slot_clear candidate_path_gen=95 slot_departure_clear_s=0.346 vehicle_mode=DWELL vehicle_speed=0.000 vehicle_path_s=2.336 blocker=V0 a1_prefix_conflict=1 ordinary_road_conflict=0 owner_phase=TO_B owner_path_gen=102 geometry=actual_to_b protected_zones=2 actual_occupancy_priority=0 spatial_stop_launch_infeasible=1 waiter_stop_s=0.275[0m
[33m[WARN] [1788859984.181155055]: [SLOT_DEPARTURE] time=64min27.8s vehicle=V1 owner=V0 result=ALLOW reason=slot_departure_clear_after_retry candidate_path_gen=95 slot_departure_clear_s=0.346 vehicle_mode=ACTIVE vehicle_speed=0.000 vehicle_path_s=0.000 blocker=none a1_prefix_conflict=0 ordinary_road_conflict=0 owner_phase=TO_B owner_path_gen=102 geometry=actual_to_b protected_zones=0 actual_occupancy_priority=0 spatial_stop_launch_infeasible=0[0m
[33m[WARN] [1788859984.181613779]: [multi_patrol][A1 EXIT PREPARED] V1 target=B37 pickup_dwell=5.00s exit_len=5.751 priority_until_s=0.758 horizon_refresh=IMMEDIATE[0m
[33m[WARN] [1788859984.379963874]: [multi_patrol][A1 EXIT HORIZON] V1 target=B37 dwell_part=4.90s departure_window=10.10s total_horizon=15.00s[0m
[33m[WARN] [1788859984.389921587]: [multi_patrol][A1 EXIT HORIZON] V1 target=B37 dwell_part=2.90s departure_window=12.10s total_horizon=15.00s[0m
im_plan] built plan=2265 start=3838.60 horizon=15.00 frames=150 commit_frames=20[0m
[0m[INFO] [1788859983.828230084]: [sim_plan] built plan=2266 start=3840.60 horizon=15.00 frames=150 commit_frames=20[0m
[0m[INFO] [1788859983.851406788]: [sim_plan] built plan=2267 start=3842.60 horizon=15.00 frames=150 commit_frames=20[0m
[0m[INFO] [1788859983.852612091]: [multi_patrol][A1] V1 activate prepared dropoff: A1 -> B1 len=2.336 priority_until_s=0.756[0m
[0m[INFO] [1788859983.874336838]: [sim_plan] built plan=2268 start=3843.50 horizon=15.00 frames=150 commit_frames=20[0m
[0m[INFO] [1788859983.899760982]: [sim_plan] built plan=2269 start=3845.50 horizon=15.00 frames=150 commit_frames=20[0m
[0m[INFO] [1788859983.912101905]: [sim_plan] built plan=2270 start=3847.50 horizon=15.00 frames=150 commit_frames=20[0m
[0m[INFO] [1788859983.912959856]: [multi_patrol][A1 EXIT PRIORITY RELEASE] V1 s=0.768 threshold=0.756[0m
[0m[INFO] [1788859983.920871928]: [sim_plan] built plan=2271 start=3849.50 horizon=15.00 frames=150 commit_frames=20[0m
[0m[INFO] [1788859983.927858764]: [sim_plan] built plan=2272 start=3851.50 horizon=15.00 frames=150 commit_frames=20[0m
[0m[INFO] [1788859983.937946332]: [sim_plan] built plan=2273 start=3853.50 horizon=15.00 frames=150 commit_frames=20[0m
[0m[INFO] [1788859983.942520250]: [sim_plan] built plan=2274 start=3855.50 horizon=15.00 frames=150 commit_frames=20[0m
[0m[INFO] [1788859983.946180504]: [sim_plan] built plan=2275 start=3857.40 horizon=15.00 frames=150 commit_frames=20[0m
[0m[INFO] [1788859983.950866913]: [sim_plan] built plan=2276 start=3859.40 horizon=15.00 frames=150 commit_frames=20[0m
[0m[INFO] [1788859983.956051688]: [sim_plan] built plan=2277 start=3861.40 horizon=15.00 frames=150 commit_frames=20[0m
[0m[INFO] [1788859983.957262378]: [multi_patrol][A1] V0 activate prepared dropoff: A1 -> B21 len=6.358 priority_until_s=0.758[0m
[0m[INFO] [1788859983.961736109]: [sim_plan] built plan=2278 start=3862.30 horizon=15.00 frames=150 commit_frames=20[0m
[0m[INFO] [1788859984.041351584]: [sim_plan] built plan=2279 start=3864.30 horizon=15.00 frames=150 commit_frames=20[0m
[0m[INFO] [1788859984.129227809]: [sim_plan] built plan=2280 start=3866.30 horizon=15.00 frames=150 commit_frames=20[0m
[0m[INFO] [1788859984.180859849]: [multi_patrol][A1 EXIT PRIORITY RELEASE] V0 s=0.771 threshold=0.758[0m
[0m[INFO] [1788859984.181105391]: [multi_patrol][A1] V1 pickup leg: B1 -> A1  wpts=276 len=2.815[0m
[0m[INFO] [1788859984.206854831]: [sim_plan] built plan=2281 start=3867.80 horizon=15.00 frames=150 commit_frames=20[0m
[0m[INFO] [1788859984.235077319]: [sim_plan] built plan=2282 start=3869.80 horizon=15.00 frames=150 commit_frames=20[0m
[0m[INFO] [1788859984.256857867]: [sim_plan] built plan=2283 start=3871.80 horizon=15.00 frames=150 commit_frames=20[0m
[0m[INFO] [1788859984.278239549]: [sim_plan] built plan=2284 start=3873.80 horizon=15.00 frames=150 commit_frames=20[0m
[0m[INFO] [1788859984.295422391]: [sim_plan] built plan=2285 start=3875.80 horizon=15.00 frames=150 commit_frames=20[0m
[0m[INFO] [1788859984.310444814]: [sim_plan] built plan=2286 start=3877.80 horizon=15.00 frames=150 commit_frames=20[0m
[0m[INFO] [1788859984.326065223]: [sim_plan] built plan=2287 start=3879.80 horizon=15.00 frames=150 commit_frames=20[0m
[0m[INFO] [1788859984.339614910]: [sim_plan] built plan=2288 start=3881.80 horizon=15.00 frames=150 commit_frames=20[0m
[0m[INFO] [1788859984.351905381]: [sim_plan] built plan=2289 start=3883.80 horizon=15.00 frames=150 commit_frames=20[0m
[0m[INFO] [1788859984.363079601]: [sim_plan] built plan=2290 start=3885.80 horizon=15.00 frames=150 commit_frames=20[0m
[0m[INFO] [1788859984.371163382]: [sim_plan] built plan=2291 start=3887.80 horizon=15.00 frames=150 commit_frames=20[0m
[0m[INFO] [1788859984.379916033]: [sim_plan] built plan=2292 start=3889.10 horizon=15.00 frames=150 commit_frames=20[0m
[0m[INFO] [1788859984.389870942]: [sim_plan] built plan=2293 start=3891.10 horizon=15.00 frames=150 commit_frames=20[0m
[0m[INFO] [178885[33m[WARN] [1788859984.402014296]: [multi_patrol][A1 EXIT HORIZON] V1 target=B37 dwell_part=0.90s departure_window=14.10s total_horizon=15.00s[0m
[33m[WARN] [1788859984.447991709]: [SLOT_DEPARTURE] time=65min4.9s vehicle=V0 owner=none result=ALLOW reason=no_service_owner candidate_path_gen=103 slot_departure_clear_s=0.327 vehicle_mode=ACTIVE vehicle_speed=0.000 vehicle_path_s=0.000 blocker=none a1_prefix_conflict=0 ordinary_road_conflict=0[0m
[33m[WARN] [1788859984.448435903]: [multi_patrol][A1 EXIT PREPARED] V0 target=B15 pickup_dwell=5.00s exit_len=4.311 priority_until_s=0.758 horizon_refresh=IMMEDIATE[0m
[33m[WARN] [1788859984.715734159]: [SLOT_DEPARTURE] time=65min33.7s vehicle=V1 owner=none result=ALLOW reason=no_service_owner candidate_path_gen=97 slot_departure_clear_s=0.327 vehicle_mode=ACTIVE vehicle_speed=0.000 vehicle_path_s=0.000 blocker=none a1_prefix_conflict=0 ordinary_road_conflict=0[0m
[33m[WARN] [1788859984.716162933]: [multi_patrol][A1 EXIT PREPARED] V1 target=B45 pickup_dwell=5.00s exit_len=8.932 priority_until_s=0.758 horizon_refresh=IMMEDIATE[0m
9984.401637566]: [sim_plan] built plan=2294 start=3893.10 horizon=15.00 frames=150 commit_frames=20[0m
[0m[INFO] [1788859984.403269331]: [multi_patrol][A1] V1 activate prepared dropoff: A1 -> B37 len=5.751 priority_until_s=0.758[0m
[0m[INFO] [1788859984.412226252]: [sim_plan] built plan=2295 start=3894.00 horizon=15.00 frames=150 commit_frames=20[0m
[0m[INFO] [1788859984.427856439]: [sim_plan] built plan=2296 start=3896.00 horizon=15.00 frames=150 commit_frames=20[0m
[0m[INFO] [1788859984.434504563]: [sim_plan] built plan=2297 start=3898.00 horizon=15.00 frames=150 commit_frames=20[0m
[0m[INFO] [1788859984.435662196]: [multi_patrol][A1 EXIT PRIORITY RELEASE] V1 s=0.771 threshold=0.758[0m
[0m[INFO] [1788859984.438932566]: [sim_plan] built plan=2298 start=3900.00 horizon=15.00 frames=150 commit_frames=20[0m
[0m[INFO] [1788859984.442748458]: [sim_plan] built plan=2299 start=3902.00 horizon=15.00 frames=150 commit_frames=20[0m
[0m[INFO] [1788859984.447215978]: [sim_plan] built plan=2300 start=3904.00 horizon=15.00 frames=150 commit_frames=20[0m
[0m[INFO] [1788859984.447946391]: [multi_patrol][A1] V0 pickup leg: B21 -> A1  wpts=535 len=6.102[0m
[0m[INFO] [1788859984.482035219]: [sim_plan] built plan=2301 start=3904.90 horizon=15.00 frames=150 commit_frames=20[0m
[0m[INFO] [1788859984.528684514]: [sim_plan] built plan=2302 start=3906.90 horizon=15.00 frames=150 commit_frames=20[0m
[0m[INFO] [1788859984.562067087]: [sim_plan] built plan=2303 start=3908.90 horizon=15.00 frames=150 commit_frames=20[0m
[0m[INFO] [1788859984.589604507]: [sim_plan] built plan=2304 start=3910.90 horizon=15.00 frames=150 commit_frames=20[0m
[0m[INFO] [1788859984.613259690]: [sim_plan] built plan=2305 start=3912.90 horizon=15.00 frames=150 commit_frames=20[0m
[0m[INFO] [1788859984.632133661]: [sim_plan] built plan=2306 start=3914.90 horizon=15.00 frames=150 commit_frames=20[0m
[0m[INFO] [1788859984.650415300]: [sim_plan] built plan=2307 start=3916.90 horizon=15.00 frames=150 commit_frames=20[0m
[0m[INFO] [1788859984.666272457]: [sim_plan] built plan=2308 start=3918.90 horizon=15.00 frames=150 commit_frames=20[0m
[0m[INFO] [1788859984.679000002]: [sim_plan] built plan=2309 start=3920.90 horizon=15.00 frames=150 commit_frames=20[0m
[0m[INFO] [1788859984.688635265]: [sim_plan] built plan=2310 start=3922.90 horizon=15.00 frames=150 commit_frames=20[0m
[0m[INFO] [1788859984.696278357]: [sim_plan] built plan=2311 start=3924.90 horizon=15.00 frames=150 commit_frames=20[0m
[0m[INFO] [1788859984.702010405]: [sim_plan] built plan=2312 start=3926.90 horizon=15.00 frames=150 commit_frames=20[0m
[0m[INFO] [1788859984.706435333]: [sim_plan] built plan=2313 start=3928.90 horizon=15.00 frames=150 commit_frames=20[0m
[0m[INFO] [1788859984.710651214]: [sim_plan] built plan=2314 start=3930.90 horizon=15.00 frames=150 commit_frames=20[0m
[0m[INFO] [1788859984.715071405]: [sim_plan] built plan=2315 start=3932.90 horizon=15.00 frames=150 commit_frames=20[0m
[0m[INFO] [1788859984.715692536]: [multi_patrol][A1] V1 pickup leg: B37 -> A1  wpts=513 len=5.883[0m
[0m[INFO] [1788859984.733827791]: [sim_plan] built plan=2316 start=3933.70 horizon=15.00 frames=150 commit_frames=20[0m
[0m[INFO] [1788859984.762461571]: [sim_plan] built plan=2317 start=3935.70 horizon=15.00 frames=150 commit_frames=20[0m
[0m[INFO] [1788859984.783669153]: [sim_plan] built plan=2318 start=3937.70 horizon=15.00 frames=150 commit_frames=20[0m
[0m[INFO] [1788859984.800294335]: [sim_plan] built plan=2319 start=3939.70 horizon=15.00 frames=150 commit_frames=20[0m
[0m[INFO] [1788859984.814158435]: [sim_plan] built plan=2320 start=3941.70 horizon=15.00 frames=150 commit_frames=20[0m
[0m[INFO] [1788859984.826867499]: [sim_plan] built plan=2321 start=3943.70 horizon=15.00 frames=150 commit_frames=20[0m
[0m[INFO] [1788859984.838844980]: [sim_plan] built plan=2322 start=3945.70 horizon=15.00 frames=150 commit_frames=20[0m
[0m[INFO] [1788859984.850428801]: [sim_plan] built plan=2323 start=3947.70 horizon=15.00 frames=150 commit_frames=20[0m
[0m[INFO][33m[WARN] [1788859984.908364219]: [multi_patrol][A1 EXIT HORIZON] V0 target=B15 dwell_part=4.90s departure_window=10.10s total_horizon=15.00s[0m
[33m[WARN] [1788859984.947935643]: [multi_patrol][A1 EXIT HORIZON] V0 target=B15 dwell_part=2.90s departure_window=12.10s total_horizon=15.00s[0m
[33m[WARN] [1788859984.992269292]: [multi_patrol][A1 EXIT HORIZON] V0 target=B15 dwell_part=0.90s departure_window=14.10s total_horizon=15.00s[0m
[33m[WARN] [1788859985.239179061]: [multi_patrol][A1 EXIT HORIZON] V1 target=B45 dwell_part=4.90s departure_window=10.10s total_horizon=15.00s[0m
[33m[WARN] [1788859985.244754742]: [multi_patrol][A1 EXIT HORIZON] V1 target=B45 dwell_part=2.90s departure_window=12.10s total_horizon=15.00s[0m
[33m[WARN] [1788859985.251348297]: [multi_patrol][A1 EXIT HORIZON] V1 target=B45 dwell_part=0.90s departure_window=14.10s total_horizon=15.00s[0m
[33m[WARN] [1788859985.268503623]: [SLOT_DEPARTURE] time=66min26.4s vehicle=V0 owner=V1 result=ALLOW reason=slot_departure_clear candidate_path_gen=105 slot_departure_clear_s=0.327 vehicle_mode=ACTIVE vehicle_speed=0.000 vehicle_path_s=0.000 blocker=none a1_prefix_conflict=0 ordinary_road_conflict=0 owner_phase=TO_B owner_path_gen=98 geometry=actual_to_b protected_zones=0 actual_occupancy_priority=0 spatial_stop_launch_infeasible=0 waiter_stop_s=2.325[0m
[33m[WARN] [1788859985.268861508]: [multi_patrol][A1 EXIT PREPARED] V0 target=B17 pickup_dwell=5.00s exit_len=4.533 priority_until_s=0.758 horizon_refresh=IMMEDIATE[0m
 [1788859984.876967321]: [sim_plan] built plan=2324 start=3949.70 horizon=15.00 frames=150 commit_frames=20[0m
[0m[INFO] [1788859984.908316709]: [sim_plan] built plan=2325 start=3951.00 horizon=15.00 frames=150 commit_frames=20[0m
[0m[INFO] [1788859984.947889184]: [sim_plan] built plan=2326 start=3953.00 horizon=15.00 frames=150 commit_frames=20[0m
[0m[INFO] [1788859984.992211389]: [sim_plan] built plan=2327 start=3955.00 horizon=15.00 frames=150 commit_frames=20[0m
[0m[INFO] [1788859984.993938625]: [multi_patrol][A1] V0 activate prepared dropoff: A1 -> B15 len=4.311 priority_until_s=0.758[0m
[0m[INFO] [1788859985.035492439]: [sim_plan] built plan=2328 start=3955.90 horizon=15.00 frames=150 commit_frames=20[0m
[0m[INFO] [1788859985.078976170]: [sim_plan] built plan=2329 start=3957.90 horizon=15.00 frames=150 commit_frames=20[0m
[0m[INFO] [1788859985.110859998]: [sim_plan] built plan=2330 start=3959.90 horizon=15.00 frames=150 commit_frames=20[0m
[0m[INFO] [1788859985.112318604]: [multi_patrol][A1 EXIT PRIORITY RELEASE] V0 s=0.771 threshold=0.758[0m
[0m[INFO] [1788859985.138384528]: [sim_plan] built plan=2331 start=3961.90 horizon=15.00 frames=150 commit_frames=20[0m
[0m[INFO] [1788859985.162856931]: [sim_plan] built plan=2332 start=3963.90 horizon=15.00 frames=150 commit_frames=20[0m
[0m[INFO] [1788859985.179921212]: [sim_plan] built plan=2333 start=3965.90 horizon=15.00 frames=150 commit_frames=20[0m
[0m[INFO] [1788859985.193453991]: [sim_plan] built plan=2334 start=3967.90 horizon=15.00 frames=150 commit_frames=20[0m
[0m[INFO] [1788859985.203929293]: [sim_plan] built plan=2335 start=3969.90 horizon=15.00 frames=150 commit_frames=20[0m
[0m[INFO] [1788859985.218786808]: [sim_plan] built plan=2336 start=3971.90 horizon=15.00 frames=150 commit_frames=20[0m
[0m[INFO] [1788859985.225529942]: [sim_plan] built plan=2337 start=3973.90 horizon=15.00 frames=150 commit_frames=20[0m
[0m[INFO] [1788859985.230724631]: [sim_plan] built plan=2338 start=3975.90 horizon=15.00 frames=150 commit_frames=20[0m
[0m[INFO] [1788859985.234437301]: [sim_plan] built plan=2339 start=3977.90 horizon=15.00 frames=150 commit_frames=20[0m
[0m[INFO] [1788859985.239140502]: [sim_plan] built plan=2340 start=3978.40 horizon=15.00 frames=150 commit_frames=20[0m
[0m[INFO] [1788859985.244706741]: [sim_plan] built plan=2341 start=3980.40 horizon=15.00 frames=150 commit_frames=20[0m
[0m[INFO] [1788859985.251299855]: [sim_plan] built plan=2342 start=3982.40 horizon=15.00 frames=150 commit_frames=20[0m
[0m[INFO] [1788859985.252586101]: [multi_patrol][A1] V1 activate prepared dropoff: A1 -> B45 len=8.932 priority_until_s=0.758[0m
[0m[INFO] [1788859985.256467612]: [sim_plan] built plan=2343 start=3983.30 horizon=15.00 frames=150 commit_frames=20[0m
[0m[INFO] [1788859985.261864625]: [sim_plan] built plan=2344 start=3985.30 horizon=15.00 frames=150 commit_frames=20[0m
[0m[INFO] [1788859985.268464333]: [multi_patrol][A1] V0 pickup leg: B15 -> A1  wpts=295 len=3.763[0m
[0m[INFO] [1788859985.287650553]: [sim_plan] built plan=2345 start=3986.40 horizon=15.00 frames=150 commit_frames=20[0m
[0m[INFO] [1788859985.311603799]: [sim_plan] built plan=2346 start=3988.40 horizon=15.00 frames=150 commit_frames=20[0m
[0m[INFO] [1788859985.312210416]: [multi_patrol][A1 EXIT PRIORITY RELEASE] V1 s=0.771 threshold=0.758[0m
[0m[INFO] [1788859985.328795186]: [sim_plan] built plan=2347 start=3990.40 horizon=15.00 frames=150 commit_frames=20[0m
[0m[INFO] [1788859985.345919825]: [sim_plan] built plan=2348 start=3992.40 horizon=15.00 frames=150 commit_frames=20[0m
[0m[INFO] [1788859985.362579061]: [sim_plan] built plan=2349 start=3994.40 horizon=15.00 frames=150 commit_frames=20[0m
[0m[INFO] [1788859985.377922964]: [sim_plan] built plan=2350 start=3996.40 horizon=15.00 frames=150 commit_frames=20[0m
[0m[INFO] [1788859985.392444101]: [sim_plan] built plan=2351 start=3998.40 horizon=15.00 frames=150 commit_frames=20[0m
[0m[INFO] [1788859985.405562934]: [sim_plan] built plan=2352 start=4000.40 horizon=15.00 frames=150 commit_fra[33m[WARN] [1788859985.458184492]: [multi_patrol][A1 EXIT HORIZON] V0 target=B17 dwell_part=4.90s departure_window=10.10s total_horizon=15.00s[0m
[33m[WARN] [1788859985.470734876]: [multi_patrol][A1 EXIT HORIZON] V0 target=B17 dwell_part=2.90s departure_window=12.10s total_horizon=15.00s[0m
[33m[WARN] [1788859985.486680523]: [multi_patrol][A1 EXIT HORIZON] V0 target=B17 dwell_part=0.90s departure_window=14.10s total_horizon=15.00s[0m
[33m[WARN] [1788859985.628583733]: [SLOT_DEPARTURE] time=67min19.2s vehicle=V1 owner=none result=ALLOW reason=no_service_owner candidate_path_gen=99 slot_departure_clear_s=0.327 vehicle_mode=ACTIVE vehicle_speed=0.000 vehicle_path_s=0.000 blocker=none a1_prefix_conflict=0 ordinary_road_conflict=0[0m
[33m[WARN] [1788859985.629140787]: [multi_patrol][A1 EXIT PREPARED] V1 target=B60 pickup_dwell=5.00s exit_len=8.803 priority_until_s=0.758 horizon_refresh=IMMEDIATE[0m
[33m[WARN] [1788859985.653014442]: [SLOT_DEPARTURE] time=67min26.1s vehicle=V0 owner=none result=ALLOW reason=no_service_owner candidate_path_gen=107 slot_departure_clear_s=0.327 vehicle_mode=ACTIVE vehicle_speed=0.000 vehicle_path_s=0.000 blocker=none a1_prefix_conflict=0 ordinary_road_conflict=0[0m
[33m[WARN] [1788859985.653455654]: [multi_patrol][A1 EXIT PREPARED] V0 target=B55 pickup_dwell=5.00s exit_len=6.954 priority_until_s=0.758 horizon_refresh=IMMEDIATE[0m
mes=20[0m
[0m[INFO] [1788859985.417059209]: [sim_plan] built plan=2353 start=4002.40 horizon=15.00 frames=150 commit_frames=20[0m
[0m[INFO] [1788859985.427890951]: [sim_plan] built plan=2354 start=4004.40 horizon=15.00 frames=150 commit_frames=20[0m
[0m[INFO] [1788859985.438699054]: [sim_plan] built plan=2355 start=4006.40 horizon=15.00 frames=150 commit_frames=20[0m
[0m[INFO] [1788859985.448220200]: [sim_plan] built plan=2356 start=4008.40 horizon=15.00 frames=150 commit_frames=20[0m
[0m[INFO] [1788859985.458126799]: [sim_plan] built plan=2357 start=4009.60 horizon=15.00 frames=150 commit_frames=20[0m
[0m[INFO] [1788859985.470685554]: [sim_plan] built plan=2358 start=4011.60 horizon=15.00 frames=150 commit_frames=20[0m
[0m[INFO] [1788859985.486634013]: [sim_plan] built plan=2359 start=4013.60 horizon=15.00 frames=150 commit_frames=20[0m
[0m[INFO] [1788859985.487950262]: [multi_patrol][A1] V0 activate prepared dropoff: A1 -> B17 len=4.533 priority_until_s=0.758[0m
[0m[INFO] [1788859985.503466139]: [sim_plan] built plan=2360 start=4014.50 horizon=15.00 frames=150 commit_frames=20[0m
[0m[INFO] [1788859985.528174401]: [sim_plan] built plan=2361 start=4016.50 horizon=15.00 frames=150 commit_frames=20[0m
[0m[INFO] [1788859985.547225679]: [sim_plan] built plan=2362 start=4018.50 horizon=15.00 frames=150 commit_frames=20[0m
[0m[INFO] [1788859985.548542183]: [multi_patrol][A1 EXIT PRIORITY RELEASE] V0 s=0.771 threshold=0.758[0m
[0m[INFO] [1788859985.564223245]: [sim_plan] built plan=2363 start=4020.50 horizon=15.00 frames=150 commit_frames=20[0m
[0m[INFO] [1788859985.580721795]: [sim_plan] built plan=2364 start=4022.50 horizon=15.00 frames=150 commit_frames=20[0m
[0m[INFO] [1788859985.593755772]: [sim_plan] built plan=2365 start=4024.50 horizon=15.00 frames=150 commit_frames=20[0m
[0m[INFO] [1788859985.605274801]: [sim_plan] built plan=2366 start=4026.50 horizon=15.00 frames=150 commit_frames=20[0m
[0m[INFO] [1788859985.613799422]: [sim_plan] built plan=2367 start=4028.50 horizon=15.00 frames=150 commit_frames=20[0m
[0m[INFO] [1788859985.619669607]: [sim_plan] built plan=2368 start=4030.50 horizon=15.00 frames=150 commit_frames=20[0m
[0m[INFO] [1788859985.623229564]: [sim_plan] built plan=2369 start=4032.50 horizon=15.00 frames=150 commit_frames=20[0m
[0m[INFO] [1788859985.625176382]: [sim_plan] built plan=2370 start=4034.50 horizon=15.00 frames=150 commit_frames=20[0m
[0m[INFO] [1788859985.626601434]: [sim_plan] built plan=2371 start=4036.50 horizon=15.00 frames=150 commit_frames=20[0m
[0m[INFO] [1788859985.627807072]: [sim_plan] built plan=2372 start=4038.50 horizon=15.00 frames=150 commit_frames=20[0m
[0m[INFO] [1788859985.628536944]: [multi_patrol][A1] V1 pickup leg: B45 -> A1  wpts=572 len=6.460[0m
[0m[INFO] [1788859985.635210150]: [sim_plan] built plan=2373 start=4039.20 horizon=15.00 frames=150 commit_frames=20[0m
[0m[INFO] [1788859985.645114704]: [sim_plan] built plan=2374 start=4041.20 horizon=15.00 frames=150 commit_frames=20[0m
[0m[INFO] [1788859985.648849736]: [sim_plan] built plan=2375 start=4043.20 horizon=15.00 frames=150 commit_frames=20[0m
[0m[INFO] [1788859985.652422940]: [sim_plan] built plan=2376 start=4045.20 horizon=15.00 frames=150 commit_frames=20[0m
[0m[INFO] [1788859985.652974962]: [multi_patrol][A1] V0 pickup leg: B17 -> A1  wpts=249 len=3.420[0m
[0m[INFO] [1788859985.670220063]: [sim_plan] built plan=2377 start=4046.10 horizon=15.00 frames=150 commit_frames=20[0m
[0m[INFO] [1788859985.690699667]: [sim_plan] built plan=2378 start=4048.10 horizon=15.00 frames=150 commit_frames=20[0m
[0m[INFO] [1788859985.708480248]: [sim_plan] built plan=2379 start=4050.10 horizon=15.00 frames=150 commit_frames=20[0m
[0m[INFO] [1788859985.725303654]: [sim_plan] built plan=2380 start=4052.10 horizon=15.00 frames=150 commit_frames=20[0m
[0m[INFO] [1788859985.750860495]: [sim_plan] built plan=2381 start=4054.10 horizon=15.00 frames=150 commit_frames=20[0m
[0m[INFO] [1788859985.771005051]: [sim_plan] built plan=2382 start=4056.10 horizon=15.00 frames=150 co[33m[WARN] [1788859985.904650280]: [multi_patrol][A1 EXIT HORIZON] V0 target=B55 dwell_part=4.90s departure_window=10.10s total_horizon=15.00s[0m
[33m[WARN] [1788859985.926541367]: [multi_patrol][A1 EXIT HORIZON] V0 target=B55 dwell_part=2.90s departure_window=12.10s total_horizon=15.00s[0m
[33m[WARN] [1788859985.951457649]: [multi_patrol][A1 EXIT HORIZON] V0 target=B55 dwell_part=0.90s departure_window=14.10s total_horizon=15.00s[0m
[33m[WARN] [1788859986.081350638]: [multi_patrol][A1 EXIT HORIZON] V1 target=B60 dwell_part=4.90s departure_window=10.10s total_horizon=15.00s[0m
[33m[WARN] [1788859986.093655124]: [multi_patrol][A1 EXIT HORIZON] V1 target=B60 dwell_part=2.90s departure_window=12.10s total_horizon=15.00s[0m
[33m[WARN] [1788859986.108410860]: [multi_patrol][A1 EXIT HORIZON] V1 target=B60 dwell_part=0.90s departure_window=14.10s total_horizon=15.00s[0m
mmit_frames=20[0m
[0m[INFO] [1788859985.785673738]: [sim_plan] built plan=2383 start=4058.10 horizon=15.00 frames=150 commit_frames=20[0m
[0m[INFO] [1788859985.798656466]: [sim_plan] built plan=2384 start=4060.10 horizon=15.00 frames=150 commit_frames=20[0m
[0m[INFO] [1788859985.828642781]: [sim_plan] built plan=2385 start=4062.10 horizon=15.00 frames=150 commit_frames=20[0m
[0m[INFO] [1788859985.859365714]: [sim_plan] built plan=2386 start=4064.10 horizon=15.00 frames=150 commit_frames=20[0m
[0m[INFO] [1788859985.885029252]: [sim_plan] built plan=2387 start=4066.10 horizon=15.00 frames=150 commit_frames=20[0m
[0m[INFO] [1788859985.904587718]: [sim_plan] built plan=2388 start=4068.00 horizon=15.00 frames=150 commit_frames=20[0m
[0m[INFO] [1788859985.926499065]: [sim_plan] built plan=2389 start=4070.00 horizon=15.00 frames=150 commit_frames=20[0m
[0m[INFO] [1788859985.951409616]: [sim_plan] built plan=2390 start=4072.00 horizon=15.00 frames=150 commit_frames=20[0m
[0m[INFO] [1788859985.952669077]: [multi_patrol][A1] V0 activate prepared dropoff: A1 -> B55 len=6.954 priority_until_s=0.758[0m
[0m[INFO] [1788859985.975103275]: [sim_plan] built plan=2391 start=4072.90 horizon=15.00 frames=150 commit_frames=20[0m
[0m[INFO] [1788859986.002659681]: [sim_plan] built plan=2392 start=4074.90 horizon=15.00 frames=150 commit_frames=20[0m
[0m[INFO] [1788859986.016730806]: [sim_plan] built plan=2393 start=4076.90 horizon=15.00 frames=150 commit_frames=20[0m
[0m[INFO] [1788859986.017995777]: [multi_patrol][A1 EXIT PRIORITY RELEASE] V0 s=0.771 threshold=0.758[0m
[0m[INFO] [1788859986.030327536]: [sim_plan] built plan=2394 start=4078.90 horizon=15.00 frames=150 commit_frames=20[0m
[0m[INFO] [1788859986.042541472]: [sim_plan] built plan=2395 start=4080.90 horizon=15.00 frames=150 commit_frames=20[0m
[0m[INFO] [1788859986.052925053]: [sim_plan] built plan=2396 start=4082.90 horizon=15.00 frames=150 commit_frames=20[0m
[0m[INFO] [1788859986.062796550]: [sim_plan] built plan=2397 start=4084.90 horizon=15.00 frames=150 commit_frames=20[0m
[0m[INFO] [1788859986.072065726]: [sim_plan] built plan=2398 start=4086.90 horizon=15.00 frames=150 commit_frames=20[0m
[0m[INFO] [1788859986.081305728]: [sim_plan] built plan=2399 start=4087.50 horizon=15.00 frames=150 commit_frames=20[0m
[0m[INFO] [1788859986.093605024]: [sim_plan] built plan=2400 start=4089.50 horizon=15.00 frames=150 commit_frames=20[0m
[0m[INFO] [1788859986.108370533]: [sim_plan] built plan=2401 start=4091.50 horizon=15.00 frames=150 commit_frames=20[0m
[0m[INFO] [1788859986.109730399]: [multi_patrol][A1] V1 activate prepared dropoff: A1 -> B60 len=8.803 priority_until_s=0.758[0m
[0m[INFO] [1788859986.125832260]: [sim_plan] built plan=2402 start=4092.40 horizon=15.00 frames=150 commit_frames=20[0m
[0m[INFO] [1788859986.153638951]: [sim_plan] built plan=2403 start=4094.40 horizon=15.00 frames=150 commit_frames=20[0m
[0m[INFO] [1788859986.170790596]: [sim_plan] built plan=2404 start=4096.40 horizon=15.00 frames=150 commit_frames=20[0m
[0m[INFO] [1788859986.172034526]: [multi_patrol][A1 EXIT PRIORITY RELEASE] V1 s=0.771 threshold=0.758[0m
[0m[INFO] [1788859986.189080874]: [sim_plan] built plan=2405 start=4098.40 horizon=15.00 frames=150 commit_frames=20[0m
[0m[INFO] [1788859986.204365311]: [sim_plan] built plan=2406 start=4100.40 horizon=15.00 frames=150 commit_frames=20[0m
[0m[INFO] [1788859986.218975468]: [sim_plan] built plan=2407 start=4102.40 horizon=15.00 frames=150 commit_frames=20[0m
[0m[INFO] [1788859986.231184180]: [sim_plan] built plan=2408 start=4104.40 horizon=15.00 frames=150 commit_frames=20[0m
[0m[INFO] [1788859986.241074016]: [sim_plan] built plan=2409 start=4106.40 horizon=15.00 frames=150 commit_frames=20[0m
[0m[INFO] [1788859986.249305353]: [sim_plan] built plan=2410 start=4108.40 horizon=15.00 frames=150 commit_frames=20[0m
[0m[INFO] [1788859986.255644123]: [sim_plan] built plan=2411 start=4110.40 horizon=15.00 frames=150 commit_frames=20[0m
[0m[INFO] [1788859986.260964220]: [sim_plan] built plan=2412 s[33m[WARN] [1788859986.273330626]: [SLOT_DEPARTURE] time=68min38.8s vehicle=V0 owner=none result=ALLOW reason=no_service_owner candidate_path_gen=109 slot_departure_clear_s=0.327 vehicle_mode=ACTIVE vehicle_speed=0.000 vehicle_path_s=0.000 blocker=none a1_prefix_conflict=0 ordinary_road_conflict=0[0m
[33m[WARN] [1788859986.273733518]: [multi_patrol][A1 EXIT PREPARED] V0 target=B6 pickup_dwell=5.00s exit_len=1.901 priority_until_s=0.758 horizon_refresh=IMMEDIATE[0m
[33m[WARN] [1788859986.457578457]: [SLOT_DEPARTURE] time=69min7.6s vehicle=V1 owner=none result=ALLOW reason=no_service_owner candidate_path_gen=101 slot_departure_clear_s=0.346 vehicle_mode=ACTIVE vehicle_speed=0.000 vehicle_path_s=0.000 blocker=none a1_prefix_conflict=0 ordinary_road_conflict=0[0m
[33m[WARN] [1788859986.457998379]: [multi_patrol][A1 EXIT PREPARED] V1 target=B50 pickup_dwell=5.00s exit_len=6.993 priority_until_s=0.758 horizon_refresh=IMMEDIATE[0m
[33m[WARN] [1788859986.600930643]: [multi_patrol][A1 EXIT HORIZON] V0 target=B6 dwell_part=4.90s departure_window=10.10s total_horizon=15.00s[0m
[33m[WARN] [1788859986.614776423]: [multi_patrol][A1 EXIT HORIZON] V0 target=B6 dwell_part=2.90s departure_window=12.10s total_horizon=15.00s[0m
[33m[WARN] [1788859986.630514277]: [multi_patrol][A1 EXIT HORIZON] V0 target=B6 dwell_part=0.90s departure_window=14.10s total_horizon=15.00s[0m
tart=4112.40 horizon=15.00 frames=150 commit_frames=20[0m
[0m[INFO] [1788859986.265091782]: [sim_plan] built plan=2413 start=4114.40 horizon=15.00 frames=150 commit_frames=20[0m
[0m[INFO] [1788859986.269025374]: [sim_plan] built plan=2414 start=4116.40 horizon=15.00 frames=150 commit_frames=20[0m
[0m[INFO] [1788859986.272734362]: [sim_plan] built plan=2415 start=4118.40 horizon=15.00 frames=150 commit_frames=20[0m
[0m[INFO] [1788859986.273292071]: [multi_patrol][A1] V0 pickup leg: B55 -> A1  wpts=538 len=6.675[0m
[0m[INFO] [1788859986.303483554]: [sim_plan] built plan=2416 start=4118.80 horizon=15.00 frames=150 commit_frames=20[0m
[0m[INFO] [1788859986.322494830]: [sim_plan] built plan=2417 start=4120.80 horizon=15.00 frames=150 commit_frames=20[0m
[0m[INFO] [1788859986.335865586]: [sim_plan] built plan=2418 start=4122.80 horizon=15.00 frames=150 commit_frames=20[0m
[0m[INFO] [1788859986.350944252]: [sim_plan] built plan=2419 start=4124.80 horizon=15.00 frames=150 commit_frames=20[0m
[0m[INFO] [1788859986.369102785]: [sim_plan] built plan=2420 start=4126.80 horizon=15.00 frames=150 commit_frames=20[0m
[0m[INFO] [1788859986.386569931]: [sim_plan] built plan=2421 start=4128.80 horizon=15.00 frames=150 commit_frames=20[0m
[0m[INFO] [1788859986.402400867]: [sim_plan] built plan=2422 start=4130.80 horizon=15.00 frames=150 commit_frames=20[0m
[0m[INFO] [1788859986.414667290]: [sim_plan] built plan=2423 start=4132.80 horizon=15.00 frames=150 commit_frames=20[0m
[0m[INFO] [1788859986.425631683]: [sim_plan] built plan=2424 start=4134.80 horizon=15.00 frames=150 commit_frames=20[0m
[0m[INFO] [1788859986.434770427]: [sim_plan] built plan=2425 start=4136.80 horizon=15.00 frames=150 commit_frames=20[0m
[0m[INFO] [1788859986.442026421]: [sim_plan] built plan=2426 start=4138.80 horizon=15.00 frames=150 commit_frames=20[0m
[0m[INFO] [1788859986.447014883]: [sim_plan] built plan=2427 start=4140.80 horizon=15.00 frames=150 commit_frames=20[0m
[0m[INFO] [1788859986.450441421]: [sim_plan] built plan=2428 start=4142.80 horizon=15.00 frames=150 commit_frames=20[0m
[0m[INFO] [1788859986.453713879]: [sim_plan] built plan=2429 start=4144.80 horizon=15.00 frames=150 commit_frames=20[0m
[0m[INFO] [1788859986.456942428]: [sim_plan] built plan=2430 start=4146.80 horizon=15.00 frames=150 commit_frames=20[0m
[0m[INFO] [1788859986.457535669]: [multi_patrol][A1] V1 pickup leg: B60 -> A1  wpts=561 len=6.067[0m
[0m[INFO] [1788859986.474210363]: [sim_plan] built plan=2431 start=4147.60 horizon=15.00 frames=150 commit_frames=20[0m
[0m[INFO] [1788859986.498071181]: [sim_plan] built plan=2432 start=4149.60 horizon=15.00 frames=150 commit_frames=20[0m
[0m[INFO] [1788859986.515267854]: [sim_plan] built plan=2433 start=4151.60 horizon=15.00 frames=150 commit_frames=20[0m
[0m[INFO] [1788859986.531186480]: [sim_plan] built plan=2434 start=4153.60 horizon=15.00 frames=150 commit_frames=20[0m
[0m[INFO] [1788859986.544479885]: [sim_plan] built plan=2435 start=4155.60 horizon=15.00 frames=150 commit_frames=20[0m
[0m[INFO] [1788859986.557380610]: [sim_plan] built plan=2436 start=4157.60 horizon=15.00 frames=150 commit_frames=20[0m
[0m[INFO] [1788859986.569032893]: [sim_plan] built plan=2437 start=4159.60 horizon=15.00 frames=150 commit_frames=20[0m
[0m[INFO] [1788859986.579329015]: [sim_plan] built plan=2438 start=4161.60 horizon=15.00 frames=150 commit_frames=20[0m
[0m[INFO] [1788859986.590234558]: [sim_plan] built plan=2439 start=4163.60 horizon=15.00 frames=150 commit_frames=20[0m
[0m[INFO] [1788859986.600887505]: [sim_plan] built plan=2440 start=4165.00 horizon=15.00 frames=150 commit_frames=20[0m
[0m[INFO] [1788859986.614724771]: [sim_plan] built plan=2441 start=4167.00 horizon=15.00 frames=150 commit_frames=20[0m
[0m[INFO] [1788859986.630469183]: [sim_plan] built plan=2442 start=4169.00 horizon=15.00 frames=150 commit_frames=20[0m
[0m[INFO] [1788859986.631757014]: [multi_patrol][A1] V0 activate prepared dropoff: A1 -> B6 len=1.901 priority_until_s=0.758[0m
[0m[INFO] [1788859986.647875613]: [sim_p[33m[WARN] [1788859986.707035837]: [multi_patrol][A1 EXIT HORIZON] V1 target=B50 dwell_part=4.90s departure_window=10.10s total_horizon=15.00s[0m
[33m[WARN] [1788859986.710881631]: [SLOT_DEPARTURE] time=69min46.8s vehicle=V0 owner=V1 result=HOLD reason=a1_stop_s_before_slot_clear candidate_path_gen=111 slot_departure_clear_s=0.346 vehicle_mode=DWELL vehicle_speed=0.000 vehicle_path_s=1.901 blocker=V1 a1_prefix_conflict=1 ordinary_road_conflict=0 owner_phase=PICKUP_DWELL owner_path_gen=101 geometry=pending_preview protected_zones=2 actual_occupancy_priority=0 spatial_stop_launch_infeasible=1 waiter_stop_s=0.250[0m
[33m[WARN] [1788859986.720032428]: [multi_patrol][A1 EXIT HORIZON] V1 target=B50 dwell_part=2.90s departure_window=12.10s total_horizon=15.00s[0m
[33m[WARN] [1788859986.775164595]: [multi_patrol][A1 EXIT HORIZON] V1 target=B50 dwell_part=0.90s departure_window=14.10s total_horizon=15.00s[0m
[33m[WARN] [1788859986.946586960]: [SLOT_DEPARTURE] time=69min55.4s vehicle=V0 owner=V1 result=ALLOW reason=slot_departure_clear_after_retry candidate_path_gen=111 slot_departure_clear_s=0.346 vehicle_mode=ACTIVE vehicle_speed=0.000 vehicle_path_s=0.000 blocker=none a1_prefix_conflict=0 ordinary_road_conflict=0 owner_phase=TO_B owner_path_gen=102 geometry=actual_to_b protected_zones=0 actual_occupancy_priority=0 spatial_stop_launch_infeasible=0[0m
[33m[WARN] [1788859986.947025923]: [multi_patrol][A1 EXIT PREPARED] V0 target=B24 pickup_dwell=5.00s exit_len=3.875 priority_until_s=0.758 horizon_refresh=IMMEDIATE[0m
[33m[WARN] [1788859987.081623104]: [multi_patrol][A1 EXIT HORIZON] V0 target=B24 dwell_part=4.90s departure_window=10.10s total_horizon=15.00s[0m
[33m[WARN] [1788859987.092709885]: [multi_patrol][A1 EXIT HORIZON] V0 target=B24 dwell_part=2.90s departure_window=12.10s total_horizon=15.00s[0m
[33m[WARN] [1788859987.106765691]: [multi_patrol][A1 EXIT HORIZON] V0 target=B24 dwell_part=0.90s departure_window=14.10s total_horizon=15.00s[0m
lan] built plan=2443 start=4169.90 horizon=15.00 frames=150 commit_frames=20[0m
[0m[INFO] [1788859986.663451184]: [sim_plan] built plan=2444 start=4171.90 horizon=15.00 frames=150 commit_frames=20[0m
[0m[INFO] [1788859986.674462427]: [sim_plan] built plan=2445 start=4173.90 horizon=15.00 frames=150 commit_frames=20[0m
[0m[INFO] [1788859986.675385750]: [multi_patrol][A1 EXIT PRIORITY RELEASE] V0 s=0.771 threshold=0.758[0m
[0m[INFO] [1788859986.683053780]: [sim_plan] built plan=2446 start=4175.90 horizon=15.00 frames=150 commit_frames=20[0m
[0m[INFO] [1788859986.689051732]: [sim_plan] built plan=2447 start=4177.90 horizon=15.00 frames=150 commit_frames=20[0m
[0m[INFO] [1788859986.696424442]: [sim_plan] built plan=2448 start=4179.90 horizon=15.00 frames=150 commit_frames=20[0m
[0m[INFO] [1788859986.699800673]: [sim_plan] built plan=2449 start=4181.90 horizon=15.00 frames=150 commit_frames=20[0m
[0m[INFO] [1788859986.703257997]: [sim_plan] built plan=2450 start=4183.90 horizon=15.00 frames=150 commit_frames=20[0m
[0m[INFO] [1788859986.706998229]: [sim_plan] built plan=2451 start=4185.00 horizon=15.00 frames=150 commit_frames=20[0m
[0m[INFO] [1788859986.719979592]: [sim_plan] built plan=2452 start=4187.00 horizon=15.00 frames=150 commit_frames=20[0m
[0m[INFO] [1788859986.775125416]: [sim_plan] built plan=2453 start=4189.00 horizon=15.00 frames=150 commit_frames=20[0m
[0m[INFO] [1788859986.797568743]: [multi_patrol][A1] V1 activate prepared dropoff: A1 -> B50 len=6.993 priority_until_s=0.758[0m
[0m[INFO] [1788859986.801073696]: [sim_plan] built plan=2454 start=4189.90 horizon=15.00 frames=150 commit_frames=20[0m
[0m[INFO] [1788859986.855103116]: [sim_plan] built plan=2455 start=4191.90 horizon=15.00 frames=150 commit_frames=20[0m
[0m[INFO] [1788859986.909721200]: [sim_plan] built plan=2456 start=4193.90 horizon=15.00 frames=150 commit_frames=20[0m
[0m[INFO] [1788859986.946333084]: [multi_patrol][A1 EXIT PRIORITY RELEASE] V1 s=0.771 threshold=0.758[0m
[0m[INFO] [1788859986.946552483]: [multi_patrol][A1] V0 pickup leg: B6 -> A1  wpts=162 len=1.900[0m
[0m[INFO] [1788859986.968885390]: [sim_plan] built plan=2457 start=4195.40 horizon=15.00 frames=150 commit_frames=20[0m
[0m[INFO] [1788859986.990496634]: [sim_plan] built plan=2458 start=4197.40 horizon=15.00 frames=150 commit_frames=20[0m
[0m[INFO] [1788859987.007793796]: [sim_plan] built plan=2459 start=4199.40 horizon=15.00 frames=150 commit_frames=20[0m
[0m[INFO] [1788859987.022464532]: [sim_plan] built plan=2460 start=4201.40 horizon=15.00 frames=150 commit_frames=20[0m
[0m[INFO] [1788859987.036285051]: [sim_plan] built plan=2461 start=4203.40 horizon=15.00 frames=150 commit_frames=20[0m
[0m[INFO] [1788859987.047233006]: [sim_plan] built plan=2462 start=4205.40 horizon=15.00 frames=150 commit_frames=20[0m
[0m[INFO] [1788859987.056715707]: [sim_plan] built plan=2463 start=4207.40 horizon=15.00 frames=150 commit_frames=20[0m
[0m[INFO] [1788859987.065077517]: [sim_plan] built plan=2464 start=4209.40 horizon=15.00 frames=150 commit_frames=20[0m
[0m[INFO] [1788859987.072990138]: [sim_plan] built plan=2465 start=4211.40 horizon=15.00 frames=150 commit_frames=20[0m
[0m[INFO] [1788859987.081572830]: [sim_plan] built plan=2466 start=4212.50 horizon=15.00 frames=150 commit_frames=20[0m
[0m[INFO] [1788859987.092661273]: [sim_plan] built plan=2467 start=4214.50 horizon=15.00 frames=150 commit_frames=20[0m
[0m[INFO] [1788859987.106719330]: [sim_plan] built plan=2468 start=4216.50 horizon=15.00 frames=150 commit_frames=20[0m
[0m[INFO] [1788859987.108088871]: [multi_patrol][A1] V0 activate prepared dropoff: A1 -> B24 len=3.875 priority_until_s=0.758[0m
[0m[INFO] [1788859987.121787930]: [sim_plan] built plan=2469 start=4217.40 horizon=15.00 frames=150 commit_frames=20[0m
[0m[INFO] [1788859987.139463142]: [sim_plan] built plan=2470 start=4219.40 horizon=15.00 frames=150 commit_frames=20[0m
[0m[INFO] [1788859987.151924883]: [sim_plan] built plan=2471 start=4221.40 horizon=15.00 frames=150 commit_frames=20[0m
[0m[INFO] [178885998[33m[WARN] [1788859987.185902844]: [SLOT_DEPARTURE] time=70min35.9s vehicle=V1 owner=none result=ALLOW reason=no_service_owner candidate_path_gen=103 slot_departure_clear_s=0.327 vehicle_mode=ACTIVE vehicle_speed=0.000 vehicle_path_s=0.000 blocker=none a1_prefix_conflict=0 ordinary_road_conflict=0[0m
[33m[WARN] [1788859987.186314117]: [multi_patrol][A1 EXIT PREPARED] V1 target=B7 pickup_dwell=5.00s exit_len=2.116 priority_until_s=0.756 horizon_refresh=IMMEDIATE[0m
[33m[WARN] [1788859987.217207942]: [SLOT_DEPARTURE] time=70min46.1s vehicle=V0 owner=none result=ALLOW reason=no_service_owner candidate_path_gen=113 slot_departure_clear_s=0.327 vehicle_mode=ACTIVE vehicle_speed=0.000 vehicle_path_s=0.000 blocker=none a1_prefix_conflict=0 ordinary_road_conflict=0[0m
[33m[WARN] [1788859987.217581395]: [multi_patrol][A1 EXIT PREPARED] V0 target=B4 pickup_dwell=5.00s exit_len=1.681 priority_until_s=0.758 horizon_refresh=IMMEDIATE[0m
[33m[WARN] [1788859987.512270246]: [multi_patrol][A1 EXIT HORIZON] V0 target=B4 dwell_part=4.90s departure_window=10.10s total_horizon=15.00s[0m
[33m[WARN] [1788859987.532658080]: [multi_patrol][A1 EXIT HORIZON] V0 target=B4 dwell_part=2.90s departure_window=12.10s total_horizon=15.00s[0m
[33m[WARN] [1788859987.553269221]: [multi_patrol][A1 EXIT HORIZON] V0 target=B4 dwell_part=0.90s departure_window=14.10s total_horizon=15.00s[0m
7.153042638]: [multi_patrol][A1 EXIT PRIORITY RELEASE] V0 s=0.771 threshold=0.758[0m
[0m[INFO] [1788859987.161858619]: [sim_plan] built plan=2472 start=4223.40 horizon=15.00 frames=150 commit_frames=20[0m
[0m[INFO] [1788859987.169802641]: [sim_plan] built plan=2473 start=4225.40 horizon=15.00 frames=150 commit_frames=20[0m
[0m[INFO] [1788859987.176774937]: [sim_plan] built plan=2474 start=4227.40 horizon=15.00 frames=150 commit_frames=20[0m
[0m[INFO] [1788859987.180660435]: [sim_plan] built plan=2475 start=4229.40 horizon=15.00 frames=150 commit_frames=20[0m
[0m[INFO] [1788859987.182549649]: [sim_plan] built plan=2476 start=4231.40 horizon=15.00 frames=150 commit_frames=20[0m
[0m[INFO] [1788859987.184139342]: [sim_plan] built plan=2477 start=4233.40 horizon=15.00 frames=150 commit_frames=20[0m
[0m[INFO] [1788859987.185428931]: [sim_plan] built plan=2478 start=4235.40 horizon=15.00 frames=150 commit_frames=20[0m
[0m[INFO] [1788859987.185868137]: [multi_patrol][A1] V1 pickup leg: B50 -> A1  wpts=404 len=5.066[0m
[0m[INFO] [1788859987.194050614]: [sim_plan] built plan=2479 start=4235.90 horizon=15.00 frames=150 commit_frames=20[0m
[0m[INFO] [1788859987.203577523]: [sim_plan] built plan=2480 start=4237.90 horizon=15.00 frames=150 commit_frames=20[0m
[0m[INFO] [1788859987.207654425]: [sim_plan] built plan=2481 start=4239.90 horizon=15.00 frames=150 commit_frames=20[0m
[0m[INFO] [1788859987.210571275]: [sim_plan] built plan=2482 start=4241.90 horizon=15.00 frames=150 commit_frames=20[0m
[0m[INFO] [1788859987.213618658]: [sim_plan] built plan=2483 start=4243.90 horizon=15.00 frames=150 commit_frames=20[0m
[0m[INFO] [1788859987.216668145]: [sim_plan] built plan=2484 start=4245.90 horizon=15.00 frames=150 commit_frames=20[0m
[0m[INFO] [1788859987.217165585]: [multi_patrol][A1] V0 pickup leg: B24 -> A1  wpts=298 len=3.474[0m
[0m[INFO] [1788859987.232006206]: [sim_plan] built plan=2485 start=4246.10 horizon=15.00 frames=150 commit_frames=20[0m
[0m[INFO] [1788859987.248772101]: [sim_plan] built plan=2486 start=4248.10 horizon=15.00 frames=150 commit_frames=20[0m
[0m[INFO] [1788859987.266670385]: [sim_plan] built plan=2487 start=4250.10 horizon=15.00 frames=150 commit_frames=20[0m
[0m[INFO] [1788859987.286776368]: [sim_plan] built plan=2488 start=4252.10 horizon=15.00 frames=150 commit_frames=20[0m
[0m[INFO] [1788859987.324436913]: [sim_plan] built plan=2489 start=4254.10 horizon=15.00 frames=150 commit_frames=20[0m
[0m[INFO] [1788859987.358408989]: [sim_plan] built plan=2490 start=4256.10 horizon=15.00 frames=150 commit_frames=20[0m
[0m[INFO] [1788859987.389062666]: [sim_plan] built plan=2491 start=4258.10 horizon=15.00 frames=150 commit_frames=20[0m
[0m[INFO] [1788859987.416692324]: [sim_plan] built plan=2492 start=4260.10 horizon=15.00 frames=150 commit_frames=20[0m
[0m[INFO] [1788859987.444635195]: [sim_plan] built plan=2493 start=4262.10 horizon=15.00 frames=150 commit_frames=20[0m
[0m[INFO] [1788859987.472483262]: [sim_plan] built plan=2494 start=4264.10 horizon=15.00 frames=150 commit_frames=20[0m
[0m[INFO] [1788859987.494564976]: [sim_plan] built plan=2495 start=4266.10 horizon=15.00 frames=150 commit_frames=20[0m
[0m[INFO] [1788859987.512215040]: [sim_plan] built plan=2496 start=4267.80 horizon=15.00 frames=150 commit_frames=20[0m
[0m[INFO] [1788859987.532619130]: [sim_plan] built plan=2497 start=4269.80 horizon=15.00 frames=150 commit_frames=20[0m
[0m[INFO] [1788859987.553218525]: [sim_plan] built plan=2498 start=4271.80 horizon=15.00 frames=150 commit_frames=20[0m
[0m[INFO] [1788859987.554400615]: [multi_patrol][A1] V0 activate prepared dropoff: A1 -> B4 len=1.681 priority_until_s=0.758[0m
[0m[INFO] [1788859987.572747505]: [sim_plan] built plan=2499 start=4272.70 horizon=15.00 frames=150 commit_frames=20[0m
[0m[INFO] [1788859987.589736711]: [sim_plan] built plan=2500 start=4274.70 horizon=15.00 frames=150 commit_frames=20[0m
[0m[INFO] [1788859987.598919491]: [sim_plan] built plan=2501 start=4276.70 horizon=15.00 frames=150 commit_frames=20[0m
[0m[INFO] [17[33m[WARN] [1788859987.622512502]: [SLOT_DEPARTURE] time=71min28.5s vehicle=V0 owner=V1 result=HOLD reason=a1_stop_s_before_slot_clear candidate_path_gen=115 slot_departure_clear_s=0.346 vehicle_mode=DWELL vehicle_speed=0.000 vehicle_path_s=1.681 blocker=V1 a1_prefix_conflict=1 ordinary_road_conflict=0 owner_phase=TO_A1 owner_path_gen=103 geometry=pending_preview protected_zones=2 actual_occupancy_priority=0 spatial_stop_launch_infeasible=1 waiter_stop_s=0.225[0m
[33m[WARN] [1788859987.648638779]: [multi_patrol][A1 EXIT HORIZON] V1 target=B7 dwell_part=4.90s departure_window=10.10s total_horizon=15.00s[0m
[33m[WARN] [1788859987.669431053]: [multi_patrol][A1 EXIT HORIZON] V1 target=B7 dwell_part=2.90s departure_window=12.10s total_horizon=15.00s[0m
[33m[WARN] [1788859987.690711713]: [multi_patrol][A1 EXIT HORIZON] V1 target=B7 dwell_part=0.90s departure_window=14.10s total_horizon=15.00s[0m
[33m[WARN] [1788859987.712299328]: [SLOT_DEPARTURE] time=71min36.5s vehicle=V0 owner=V1 result=HOLD reason=ordinary_immediate_conflict candidate_path_gen=115 slot_departure_clear_s=0.346 vehicle_mode=DWELL vehicle_speed=0.000 vehicle_path_s=1.681 blocker=V1 a1_prefix_conflict=1 ordinary_road_conflict=1 first_t=2.450 candidate_s=0.338 interaction=SAME_DIRECTION owner_phase=TO_B owner_path_gen=104 geometry=actual_to_b protected_zones=2 actual_occupancy_priority=0 spatial_stop_launch_infeasible=1 waiter_stop_s=0.225[0m
[33m[WARN] [1788859987.730974273]: [SLOT_DEPARTURE] time=71min38.1s vehicle=V0 owner=V1 result=HOLD reason=a1_stop_s_before_slot_clear candidate_path_gen=115 slot_departure_clear_s=0.346 vehicle_mode=DWELL vehicle_speed=0.000 vehicle_path_s=1.681 blocker=V1 a1_prefix_conflict=1 ordinary_road_conflict=0 owner_phase=TO_B owner_path_gen=104 geometry=actual_to_b protected_zones=2 actual_occupancy_priority=0 spatial_stop_launch_infeasible=1 waiter_stop_s=0.225[0m
[33m[WARN] [1788859987.761988300]: [SLOT_DEPARTURE] time=71min41.1s vehicle=V0 owner=V1 result=ALLOW reason=slot_departure_clear_after_retry candidate_path_gen=115 slot_departure_clear_s=0.346 vehicle_mode=ACTIVE vehicle_speed=0.000 vehicle_path_s=0.000 blocker=none a1_prefix_conflict=0 ordinary_road_conflict=0 owner_phase=TO_B owner_path_gen=104 geometry=actual_to_b protected_zones=0 actual_occupancy_priority=0 spatial_stop_launch_infeasible=0[0m
[33m[WARN] [1788859987.762579544]: [multi_patrol][A1 EXIT PREPARED] V0 target=B2 pickup_dwell=5.00s exit_len=2.116 priority_until_s=0.756 horizon_refresh=IMMEDIATE[0m
[33m[WARN] [1788859987.802141191]: [multi_patrol][A1 EXIT HORIZON] V0 target=B2 dwell_part=4.90s departure_window=10.10s total_horizon=15.00s[0m
[33m[WARN] [1788859987.803914911]: [SLOT_DEPARTURE] time=71min53.6s vehicle=V1 owner=V0 result=ALLOW reason=slot_departure_clear candidate_path_gen=105 slot_departure_clear_s=0.346 vehicle_mode=ACTIVE vehicle_speed=0.000 vehicle_path_s=0.000 blocker=none a1_prefix_conflict=0 ordinary_road_conflict=0 owner_phase=PICKUP_DWELL owner_path_gen=115 geometry=pending_preview protected_zones=0 actual_occupancy_priority=0 spatial_stop_launch_infeasible=0 waiter_stop_s=1.125[0m
[33m[WARN] [1788859987.804300845]: [multi_patrol][A1 EXIT PREPARED] V1 target=B62 pickup_dwell=5.00s exit_len=8.617 priority_until_s=0.758 horizon_refresh=IMMEDIATE[0m
[33m[WARN] [1788859987.824849382]: [multi_patrol][A1 EXIT HORIZON] V0 target=B2 dwell_part=4.00s departure_window=11.00s total_horizon=15.00s[0m
[33m[WARN] [1788859987.846995935]: [multi_patrol][A1 EXIT HORIZON] V0 target=B2 dwell_part=2.00s departure_window=13.00s total_horizon=15.00s[0m
88859987.599698990]: [multi_patrol][A1 EXIT PRIORITY RELEASE] V0 s=0.771 threshold=0.758[0m
[0m[INFO] [1788859987.606417645]: [sim_plan] built plan=2502 start=4278.70 horizon=15.00 frames=150 commit_frames=20[0m
[0m[INFO] [1788859987.612095599]: [sim_plan] built plan=2503 start=4280.70 horizon=15.00 frames=150 commit_frames=20[0m
[0m[INFO] [1788859987.615335647]: [sim_plan] built plan=2504 start=4282.70 horizon=15.00 frames=150 commit_frames=20[0m
[0m[INFO] [1788859987.618579579]: [sim_plan] built plan=2505 start=4284.70 horizon=15.00 frames=150 commit_frames=20[0m
[0m[INFO] [1788859987.621292166]: [sim_plan] built plan=2506 start=4286.70 horizon=15.00 frames=150 commit_frames=20[0m
[0m[INFO] [1788859987.626749956]: [sim_plan] built plan=2507 start=4288.70 horizon=15.00 frames=150 commit_frames=20[0m
[0m[INFO] [1788859987.648598884]: [sim_plan] built plan=2508 start=4290.70 horizon=15.00 frames=150 commit_frames=20[0m
[0m[INFO] [1788859987.669376848]: [sim_plan] built plan=2509 start=4292.70 horizon=15.00 frames=150 commit_frames=20[0m
[0m[INFO] [1788859987.690660272]: [sim_plan] built plan=2510 start=4294.70 horizon=15.00 frames=150 commit_frames=20[0m
[0m[INFO] [1788859987.699958569]: [multi_patrol][A1] V1 activate prepared dropoff: A1 -> B7 len=2.116 priority_until_s=0.756[0m
[0m[INFO] [1788859987.703111138]: [sim_plan] built plan=2511 start=4295.60 horizon=15.00 frames=150 commit_frames=20[0m
[0m[INFO] [1788859987.725621353]: [sim_plan] built plan=2512 start=4297.60 horizon=15.00 frames=150 commit_frames=20[0m
[0m[INFO] [1788859987.747390467]: [sim_plan] built plan=2513 start=4299.60 horizon=15.00 frames=150 commit_frames=20[0m
[0m[INFO] [1788859987.761710820]: [multi_patrol][A1 EXIT PRIORITY RELEASE] V1 s=0.768 threshold=0.756[0m
[0m[INFO] [1788859987.761952463]: [multi_patrol][A1] V0 pickup leg: B4 -> A1  wpts=162 len=1.680[0m
[0m[INFO] [1788859987.771994269]: [sim_plan] built plan=2514 start=4301.10 horizon=15.00 frames=150 commit_frames=20[0m
[0m[INFO] [1788859987.779666781]: [sim_plan] built plan=2515 start=4303.10 horizon=15.00 frames=150 commit_frames=20[0m
[0m[INFO] [1788859987.784466720]: [sim_plan] built plan=2516 start=4305.10 horizon=15.00 frames=150 commit_frames=20[0m
[0m[INFO] [1788859987.789882238]: [sim_plan] built plan=2517 start=4307.10 horizon=15.00 frames=150 commit_frames=20[0m
[0m[INFO] [1788859987.796727071]: [sim_plan] built plan=2518 start=4309.10 horizon=15.00 frames=150 commit_frames=20[0m
[0m[INFO] [1788859987.799150201]: [sim_plan] built plan=2519 start=4311.10 horizon=15.00 frames=150 commit_frames=20[0m
[0m[INFO] [1788859987.802109001]: [sim_plan] built plan=2520 start=4312.70 horizon=15.00 frames=150 commit_frames=20[0m
[0m[INFO] [1788859987.803880314]: [multi_patrol][A1] V1 pickup leg: B7 -> A1  wpts=162 len=2.116[0m
[0m[INFO] [1788859987.824803912]: [sim_plan] built plan=2521 start=4313.60 horizon=15.00 frames=150 commit_frames=20[0m
[0m[INFO] [1788859987.846948150]: [sim_plan] built plan=2522 start=4315.60 horizon=15.00 frames=150 commit_frames=20[0m
[0m[INFO] [1788859987.848850762]: [multi_patrol][A1] V0 activate prepared dropoff: A1 -> B2 len=2.116 priority_until_s=0.756[0m
[0m[INFO] [1788859987.869135270]: [sim_plan] built plan=2523 start=4317.60 horizon=15.00 frames=150 commit_frames=20[0m
[0m[INFO] [1788859987.886809130]: [sim_plan] built plan=2524 start=4319.60 horizon=15.00 frames=150 commit_frames=20[0m
[0m[INFO] [1788859987.887320379]: [batch] 43200/72000 ticks (sim_t=4320s) hard_guard=0[0m
[0m[INFO] [1788859987.897214531]: [sim_plan] built plan=2525 start=4321.60 horizon=15.00 frames=150 commit_frames=20[0m
[0m[INFO] [1788859987.898014919]: [multi_patrol][A1 EXIT PRIORITY RELEASE] V0 s=0.768 threshold=0.756[0m
[0m[INFO] [1788859987.905265788]: [sim_plan] built plan=2526 start=4323.60 horizon=15.00 frames=150 commit_frames=20[0m
[0m[INFO] [1788859987.911533455]: [sim_plan] built plan=2527 start=4325.60 horizon=15.00 frames=150 commit_frames=20[0m
[0m[INFO] [1788859987.919111287]: [sim_plan] built plan=2528[33m[WARN] [1788859987.926527972]: [multi_patrol][A1 EXIT HORIZON] V1 target=B62 dwell_part=4.90s departure_window=10.10s total_horizon=15.00s[0m
[33m[WARN] [1788859987.931097060]: [multi_patrol][A1 EXIT HORIZON] V1 target=B62 dwell_part=2.90s departure_window=12.10s total_horizon=15.00s[0m
[33m[WARN] [1788859987.936316724]: [multi_patrol][A1 EXIT HORIZON] V1 target=B62 dwell_part=0.90s departure_window=14.10s total_horizon=15.00s[0m
[33m[WARN] [1788859987.939883293]: [SLOT_DEPARTURE] time=72min15.6s vehicle=V0 owner=V1 result=ALLOW reason=slot_departure_clear candidate_path_gen=117 slot_departure_clear_s=0.346 vehicle_mode=ACTIVE vehicle_speed=0.000 vehicle_path_s=0.000 blocker=none a1_prefix_conflict=0 ordinary_road_conflict=0 owner_phase=PICKUP_DWELL owner_path_gen=105 geometry=pending_preview protected_zones=0 actual_occupancy_priority=0 spatial_stop_launch_infeasible=0 waiter_stop_s=1.100[0m
[33m[WARN] [1788859987.940343793]: [multi_patrol][A1 EXIT PREPARED] V0 target=B57 pickup_dwell=5.00s exit_len=7.142 priority_until_s=0.758 horizon_refresh=IMMEDIATE[0m
[33m[WARN] [1788859987.953485901]: [multi_patrol][A1 EXIT HORIZON] V1 target=B62 dwell_part=0.80s departure_window=14.20s total_horizon=15.00s[0m
[33m[WARN] [1788859988.059883264]: [multi_patrol][A1 EXIT HORIZON] V0 target=B57 dwell_part=4.90s departure_window=10.10s total_horizon=15.00s[0m
[33m[WARN] [1788859988.071827831]: [multi_patrol][A1 EXIT HORIZON] V0 target=B57 dwell_part=2.90s departure_window=12.10s total_horizon=15.00s[0m
[33m[WARN] [1788859988.086346229]: [multi_patrol][A1 EXIT HORIZON] V0 target=B57 dwell_part=0.90s departure_window=14.10s total_horizon=15.00s[0m
 start=4327.60 horizon=15.00 frames=150 commit_frames=20[0m
[0m[INFO] [1788859987.922908901]: [sim_plan] built plan=2529 start=4329.60 horizon=15.00 frames=150 commit_frames=20[0m
[0m[INFO] [1788859987.926486102]: [sim_plan] built plan=2530 start=4331.50 horizon=15.00 frames=150 commit_frames=20[0m
[0m[INFO] [1788859987.931049431]: [sim_plan] built plan=2531 start=4333.50 horizon=15.00 frames=150 commit_frames=20[0m
[0m[INFO] [1788859987.936273825]: [sim_plan] built plan=2532 start=4335.50 horizon=15.00 frames=150 commit_frames=20[0m
[0m[INFO] [1788859987.939838686]: [multi_patrol][A1] V0 pickup leg: B2 -> A1  wpts=162 len=2.116[0m
[0m[INFO] [1788859987.953448430]: [sim_plan] built plan=2533 start=4335.60 horizon=15.00 frames=150 commit_frames=20[0m
[0m[INFO] [1788859987.955333759]: [multi_patrol][A1] V1 activate prepared dropoff: A1 -> B62 len=8.617 priority_until_s=0.758[0m
[0m[INFO] [1788859987.968822346]: [sim_plan] built plan=2534 start=4336.40 horizon=15.00 frames=150 commit_frames=20[0m
[0m[INFO] [1788859987.986102624]: [sim_plan] built plan=2535 start=4338.40 horizon=15.00 frames=150 commit_frames=20[0m
[0m[INFO] [1788859987.999263476]: [sim_plan] built plan=2536 start=4340.40 horizon=15.00 frames=150 commit_frames=20[0m
[0m[INFO] [1788859988.000519578]: [multi_patrol][A1 EXIT PRIORITY RELEASE] V1 s=0.771 threshold=0.758[0m
[0m[INFO] [1788859988.012757060]: [sim_plan] built plan=2537 start=4342.40 horizon=15.00 frames=150 commit_frames=20[0m
[0m[INFO] [1788859988.023785223]: [sim_plan] built plan=2538 start=4344.40 horizon=15.00 frames=150 commit_frames=20[0m
[0m[INFO] [1788859988.033313763]: [sim_plan] built plan=2539 start=4346.40 horizon=15.00 frames=150 commit_frames=20[0m
[0m[INFO] [1788859988.042109374]: [sim_plan] built plan=2540 start=4348.40 horizon=15.00 frames=150 commit_frames=20[0m
[0m[INFO] [1788859988.051160308]: [sim_plan] built plan=2541 start=4350.40 horizon=15.00 frames=150 commit_frames=20[0m
[0m[INFO] [1788859988.059843662]: [sim_plan] built plan=2542 start=4350.90 horizon=15.00 frames=150 commit_frames=20[0m
[0m[INFO] [1788859988.071788211]: [sim_plan] built plan=2543 start=4352.90 horizon=15.00 frames=150 commit_frames=20[0m
[0m[INFO] [1788859988.086306141]: [sim_plan] built plan=2544 start=4354.90 horizon=15.00 frames=150 commit_frames=20[0m
[0m[INFO] [1788859988.087376896]: [multi_patrol][A1] V0 activate prepared dropoff: A1 -> B57 len=7.142 priority_until_s=0.758[0m
[0m[INFO] [1788859988.102126295]: [sim_plan] built plan=2545 start=4355.80 horizon=15.00 frames=150 commit_frames=20[0m
[0m[INFO] [1788859988.130663241]: [sim_plan] built plan=2546 start=4357.80 horizon=15.00 frames=150 commit_frames=20[0m
[0m[INFO] [1788859988.146736076]: [sim_plan] built plan=2547 start=4359.80 horizon=15.00 frames=150 commit_frames=20[0m
[0m[INFO] [1788859988.147788068]: [multi_patrol][A1 EXIT PRIORITY RELEASE] V0 s=0.771 threshold=0.758[0m
[0m[INFO] [1788859988.160578609]: [sim_plan] built plan=2548 start=4361.80 horizon=15.00 frames=150 commit_frames=20[0m
[0m[INFO] [1788859988.174380327]: [sim_plan] built plan=2549 start=4363.80 horizon=15.00 frames=150 commit_frames=20[0m
[0m[INFO] [1788859988.190902182]: [sim_plan] built plan=2550 start=4365.80 horizon=15.00 frames=150 commit_frames=20[0m
[0m[INFO] [1788859988.208087200]: [sim_plan] built plan=2551 start=4367.80 horizon=15.00 frames=150 commit_frames=20[0m
[0m[INFO] [1788859988.224207077]: [sim_plan] built plan=2552 start=4369.80 horizon=15.00 frames=150 commit_frames=20[0m
[0m[INFO] [1788859988.238226028]: [sim_plan] built plan=2553 start=4371.80 horizon=15.00 frames=150 commit_frames=20[0m
[0m[INFO] [1788859988.251648307]: [sim_plan] built plan=2554 start=4373.80 horizon=15.00 frames=150 commit_frames=20[0m
[0m[INFO] [1788859988.263252777]: [sim_plan] built plan=2555 start=4375.80 horizon=15.00 frames=150 commit_frames=20[0m
[0m[INFO] [1788859988.273437377]: [sim_plan] built plan=2556 start=4377.80 horizon=15.00 frames=150 commit_frames=20[0m
[0m[INFO] [1788859988.282411394]: [sim_p[33m[WARN] [1788859988.302623536]: [SLOT_DEPARTURE] time=73min10.6s vehicle=V1 owner=none result=ALLOW reason=no_service_owner candidate_path_gen=107 slot_departure_clear_s=0.346 vehicle_mode=ACTIVE vehicle_speed=0.000 vehicle_path_s=0.000 blocker=none a1_prefix_conflict=0 ordinary_road_conflict=0[0m
[33m[WARN] [1788859988.303045170]: [multi_patrol][A1 EXIT PREPARED] V1 target=B63 pickup_dwell=5.00s exit_len=6.551 priority_until_s=0.758 horizon_refresh=IMMEDIATE[0m
[33m[WARN] [1788859988.349324491]: [SLOT_DEPARTURE] time=73min22.6s vehicle=V0 owner=none result=ALLOW reason=no_service_owner candidate_path_gen=119 slot_departure_clear_s=0.346 vehicle_mode=ACTIVE vehicle_speed=0.000 vehicle_path_s=0.000 blocker=none a1_prefix_conflict=0 ordinary_road_conflict=0[0m
[33m[WARN] [1788859988.349818898]: [multi_patrol][A1 EXIT PREPARED] V0 target=B30 pickup_dwell=5.00s exit_len=3.835 priority_until_s=0.758 horizon_refresh=IMMEDIATE[0m
[33m[WARN] [1788859988.637075752]: [multi_patrol][A1 EXIT HORIZON] V1 target=B63 dwell_part=4.90s departure_window=10.10s total_horizon=15.00s[0m
[33m[WARN] [1788859988.669347371]: [multi_patrol][A1 EXIT HORIZON] V1 target=B63 dwell_part=2.90s departure_window=12.10s total_horizon=15.00s[0m
[33m[WARN] [1788859988.700892818]: [multi_patrol][A1 EXIT HORIZON] V1 target=B63 dwell_part=0.90s departure_window=14.10s total_horizon=15.00s[0m
lan] built plan=2557 start=4379.80 horizon=15.00 frames=150 commit_frames=20[0m
[0m[INFO] [1788859988.289797627]: [sim_plan] built plan=2558 start=4381.80 horizon=15.00 frames=150 commit_frames=20[0m
[0m[INFO] [1788859988.295076683]: [sim_plan] built plan=2559 start=4383.80 horizon=15.00 frames=150 commit_frames=20[0m
[0m[INFO] [1788859988.297891653]: [sim_plan] built plan=2560 start=4385.80 horizon=15.00 frames=150 commit_frames=20[0m
[0m[INFO] [1788859988.300157902]: [sim_plan] built plan=2561 start=4387.80 horizon=15.00 frames=150 commit_frames=20[0m
[0m[INFO] [1788859988.302114691]: [sim_plan] built plan=2562 start=4389.80 horizon=15.00 frames=150 commit_frames=20[0m
[0m[INFO] [1788859988.302587543]: [multi_patrol][A1] V1 pickup leg: B62 -> A1  wpts=501 len=6.026[0m
[0m[INFO] [1788859988.313247991]: [sim_plan] built plan=2563 start=4390.60 horizon=15.00 frames=150 commit_frames=20[0m
[0m[INFO] [1788859988.329548555]: [sim_plan] built plan=2564 start=4392.60 horizon=15.00 frames=150 commit_frames=20[0m
[0m[INFO] [1788859988.336416696]: [sim_plan] built plan=2565 start=4394.60 horizon=15.00 frames=150 commit_frames=20[0m
[0m[INFO] [1788859988.341157261]: [sim_plan] built plan=2566 start=4396.60 horizon=15.00 frames=150 commit_frames=20[0m
[0m[INFO] [1788859988.345107357]: [sim_plan] built plan=2567 start=4398.60 horizon=15.00 frames=150 commit_frames=20[0m
[0m[INFO] [1788859988.348656971]: [sim_plan] built plan=2568 start=4400.60 horizon=15.00 frames=150 commit_frames=20[0m
[0m[INFO] [1788859988.349287341]: [multi_patrol][A1] V0 pickup leg: B57 -> A1  wpts=627 len=6.725[0m
[0m[INFO] [1788859988.369047194]: [sim_plan] built plan=2569 start=4402.60 horizon=15.00 frames=150 commit_frames=20[0m
[0m[INFO] [1788859988.393430763]: [sim_plan] built plan=2570 start=4404.60 horizon=15.00 frames=150 commit_frames=20[0m
[0m[INFO] [1788859988.410424964]: [sim_plan] built plan=2571 start=4406.60 horizon=15.00 frames=150 commit_frames=20[0m
[0m[INFO] [1788859988.427812475]: [sim_plan] built plan=2572 start=4408.60 horizon=15.00 frames=150 commit_frames=20[0m
[0m[INFO] [1788859988.444591723]: [sim_plan] built plan=2573 start=4410.60 horizon=15.00 frames=150 commit_frames=20[0m
[0m[INFO] [1788859988.460770717]: [sim_plan] built plan=2574 start=4412.60 horizon=15.00 frames=150 commit_frames=20[0m
[0m[INFO] [1788859988.486207617]: [sim_plan] built plan=2575 start=4414.60 horizon=15.00 frames=150 commit_frames=20[0m
[0m[INFO] [1788859988.507579400]: [sim_plan] built plan=2576 start=4416.60 horizon=15.00 frames=150 commit_frames=20[0m
[0m[INFO] [1788859988.522759479]: [sim_plan] built plan=2577 start=4418.60 horizon=15.00 frames=150 commit_frames=20[0m
[0m[INFO] [1788859988.535780025]: [sim_plan] built plan=2578 start=4420.60 horizon=15.00 frames=150 commit_frames=20[0m
[0m[INFO] [1788859988.558338749]: [sim_plan] built plan=2579 start=4422.60 horizon=15.00 frames=150 commit_frames=20[0m
[0m[INFO] [1788859988.581246994]: [sim_plan] built plan=2580 start=4424.60 horizon=15.00 frames=150 commit_frames=20[0m
[0m[INFO] [1788859988.608554416]: [sim_plan] built plan=2581 start=4426.60 horizon=15.00 frames=150 commit_frames=20[0m
[0m[INFO] [1788859988.637008350]: [sim_plan] built plan=2582 start=4427.80 horizon=15.00 frames=150 commit_frames=20[0m
[0m[INFO] [1788859988.669258506]: [sim_plan] built plan=2583 start=4429.80 horizon=15.00 frames=150 commit_frames=20[0m
[0m[INFO] [1788859988.700831422]: [sim_plan] built plan=2584 start=4431.80 horizon=15.00 frames=150 commit_frames=20[0m
[0m[INFO] [1788859988.703219003]: [multi_patrol][A1] V1 activate prepared dropoff: A1 -> B63 len=6.551 priority_until_s=0.758[0m
[0m[INFO] [1788859988.731377011]: [sim_plan] built plan=2585 start=4432.70 horizon=15.00 frames=150 commit_frames=20[0m
[0m[INFO] [1788859988.764519378]: [sim_plan] built plan=2586 start=4434.70 horizon=15.00 frames=150 commit_frames=20[0m
[0m[INFO] [1788859988.780925431]: [sim_plan] built plan=2587 start=4436.70 horizon=15.00 frames=150 commit_frames=20[0m
[0m[INFO] [178885[33m[WARN] [1788859988.854065220]: [multi_patrol][A1 EXIT HORIZON] V0 target=B30 dwell_part=4.90s departure_window=10.10s total_horizon=15.00s[0m
[33m[WARN] [1788859988.866978351]: [multi_patrol][A1 EXIT HORIZON] V0 target=B30 dwell_part=2.90s departure_window=12.10s total_horizon=15.00s[0m
[33m[WARN] [1788859988.884839963]: [multi_patrol][A1 EXIT HORIZON] V0 target=B30 dwell_part=0.90s departure_window=14.10s total_horizon=15.00s[0m
[33m[WARN] [1788859989.010309780]: [SLOT_DEPARTURE] time=74min36.9s vehicle=V1 owner=none result=ALLOW reason=no_service_owner candidate_path_gen=109 slot_departure_clear_s=0.346 vehicle_mode=ACTIVE vehicle_speed=0.000 vehicle_path_s=0.000 blocker=none a1_prefix_conflict=0 ordinary_road_conflict=0[0m
[33m[WARN] [1788859989.010797803]: [multi_patrol][A1 EXIT PREPARED] V1 target=B13 pickup_dwell=5.00s exit_len=4.333 priority_until_s=0.758 horizon_refresh=IMMEDIATE[0m
[33m[WARN] [1788859989.019301404]: [SLOT_DEPARTURE] time=74min40.6s vehicle=V0 owner=none result=ALLOW reason=no_service_owner candidate_path_gen=121 slot_departure_clear_s=0.327 vehicle_mode=ACTIVE vehicle_speed=0.000 vehicle_path_s=0.000 blocker=none a1_prefix_conflict=0 ordinary_road_conflict=0[0m
[33m[WARN] [1788859989.019870164]: [multi_patrol][A1 EXIT PREPARED] V0 target=B39 pickup_dwell=5.00s exit_len=5.953 priority_until_s=0.758 horizon_refresh=IMMEDIATE[0m
9988.782342316]: [multi_patrol][A1 EXIT PRIORITY RELEASE] V1 s=0.771 threshold=0.758[0m
[0m[INFO] [1788859988.796504639]: [sim_plan] built plan=2588 start=4438.70 horizon=15.00 frames=150 commit_frames=20[0m
[0m[INFO] [1788859988.810359127]: [sim_plan] built plan=2589 start=4440.70 horizon=15.00 frames=150 commit_frames=20[0m
[0m[INFO] [1788859988.822363372]: [sim_plan] built plan=2590 start=4442.70 horizon=15.00 frames=150 commit_frames=20[0m
[0m[INFO] [1788859988.832811858]: [sim_plan] built plan=2591 start=4444.70 horizon=15.00 frames=150 commit_frames=20[0m
[0m[INFO] [1788859988.843235189]: [sim_plan] built plan=2592 start=4446.70 horizon=15.00 frames=150 commit_frames=20[0m
[0m[INFO] [1788859988.854017270]: [sim_plan] built plan=2593 start=4447.30 horizon=15.00 frames=150 commit_frames=20[0m
[0m[INFO] [1788859988.866925276]: [sim_plan] built plan=2594 start=4449.30 horizon=15.00 frames=150 commit_frames=20[0m
[0m[INFO] [1788859988.884786190]: [sim_plan] built plan=2595 start=4451.30 horizon=15.00 frames=150 commit_frames=20[0m
[0m[INFO] [1788859988.886281178]: [multi_patrol][A1] V0 activate prepared dropoff: A1 -> B30 len=3.835 priority_until_s=0.758[0m
[0m[INFO] [1788859988.901836011]: [sim_plan] built plan=2596 start=4452.20 horizon=15.00 frames=150 commit_frames=20[0m
[0m[INFO] [1788859988.923130923]: [sim_plan] built plan=2597 start=4454.20 horizon=15.00 frames=150 commit_frames=20[0m
[0m[INFO] [1788859988.939256657]: [sim_plan] built plan=2598 start=4456.20 horizon=15.00 frames=150 commit_frames=20[0m
[0m[INFO] [1788859988.940605691]: [multi_patrol][A1 EXIT PRIORITY RELEASE] V0 s=0.771 threshold=0.758[0m
[0m[INFO] [1788859988.957460405]: [sim_plan] built plan=2599 start=4458.20 horizon=15.00 frames=150 commit_frames=20[0m
[0m[INFO] [1788859988.972116842]: [sim_plan] built plan=2600 start=4460.20 horizon=15.00 frames=150 commit_frames=20[0m
[0m[INFO] [1788859988.983456322]: [sim_plan] built plan=2601 start=4462.20 horizon=15.00 frames=150 commit_frames=20[0m
[0m[INFO] [1788859988.992886403]: [sim_plan] built plan=2602 start=4464.20 horizon=15.00 frames=150 commit_frames=20[0m
[0m[INFO] [1788859988.999244681]: [sim_plan] built plan=2603 start=4466.20 horizon=15.00 frames=150 commit_frames=20[0m
[0m[INFO] [1788859989.003908493]: [sim_plan] built plan=2604 start=4468.20 horizon=15.00 frames=150 commit_frames=20[0m
[0m[INFO] [1788859989.006598623]: [sim_plan] built plan=2605 start=4470.20 horizon=15.00 frames=150 commit_frames=20[0m
[0m[INFO] [1788859989.007890927]: [sim_plan] built plan=2606 start=4472.20 horizon=15.00 frames=150 commit_frames=20[0m
[0m[INFO] [1788859989.008822405]: [sim_plan] built plan=2607 start=4474.20 horizon=15.00 frames=150 commit_frames=20[0m
[0m[INFO] [1788859989.009764482]: [sim_plan] built plan=2608 start=4476.20 horizon=15.00 frames=150 commit_frames=20[0m
[0m[INFO] [1788859989.010256559]: [multi_patrol][A1] V1 pickup leg: B63 -> A1  wpts=523 len=6.245[0m
[0m[INFO] [1788859989.014593489]: [sim_plan] built plan=2609 start=4476.90 horizon=15.00 frames=150 commit_frames=20[0m
[0m[INFO] [1788859989.018594009]: [sim_plan] built plan=2610 start=4478.90 horizon=15.00 frames=150 commit_frames=20[0m
[0m[INFO] [1788859989.019260820]: [multi_patrol][A1] V0 pickup leg: B30 -> A1  wpts=286 len=3.524[0m
[0m[INFO] [1788859989.035445754]: [sim_plan] built plan=2611 start=4480.60 horizon=15.00 frames=150 commit_frames=20[0m
[0m[INFO] [1788859989.055446074]: [sim_plan] built plan=2612 start=4482.60 horizon=15.00 frames=150 commit_frames=20[0m
[0m[INFO] [1788859989.070137080]: [sim_plan] built plan=2613 start=4484.60 horizon=15.00 frames=150 commit_frames=20[0m
[0m[INFO] [1788859989.085638453]: [sim_plan] built plan=2614 start=4486.60 horizon=15.00 frames=150 commit_frames=20[0m
[0m[INFO] [1788859989.107038816]: [sim_plan] built plan=2615 start=4488.60 horizon=15.00 frames=150 commit_frames=20[0m
[0m[INFO] [1788859989.123496886]: [sim_plan] built plan=2616 start=4490.60 horizon=15.00 frames=150 commit_frames=20[0m
[0m[INFO] [1788859989.13[33m[WARN] [1788859989.268648917]: [multi_patrol][A1 EXIT HORIZON] V0 target=B39 dwell_part=4.90s departure_window=10.10s total_horizon=15.00s[0m
[33m[WARN] [1788859989.312124055]: [multi_patrol][A1 EXIT HORIZON] V0 target=B39 dwell_part=2.90s departure_window=12.10s total_horizon=15.00s[0m
[33m[WARN] [1788859989.359094350]: [multi_patrol][A1 EXIT HORIZON] V0 target=B39 dwell_part=0.90s departure_window=14.10s total_horizon=15.00s[0m
[33m[WARN] [1788859989.617459092]: [multi_patrol][A1 EXIT HORIZON] V1 target=B13 dwell_part=4.90s departure_window=10.10s total_horizon=15.00s[0m
[33m[WARN] [1788859989.628268744]: [multi_patrol][A1 EXIT HORIZON] V1 target=B13 dwell_part=2.90s departure_window=12.10s total_horizon=15.00s[0m
[33m[WARN] [1788859989.641425344]: [multi_patrol][A1 EXIT HORIZON] V1 target=B13 dwell_part=0.90s departure_window=14.10s total_horizon=15.00s[0m
7044197]: [sim_plan] built plan=2617 start=4492.60 horizon=15.00 frames=150 commit_frames=20[0m
[0m[INFO] [1788859989.149418645]: [sim_plan] built plan=2618 start=4494.60 horizon=15.00 frames=150 commit_frames=20[0m
[0m[INFO] [1788859989.161249924]: [sim_plan] built plan=2619 start=4496.60 horizon=15.00 frames=150 commit_frames=20[0m
[0m[INFO] [1788859989.174253564]: [sim_plan] built plan=2620 start=4498.60 horizon=15.00 frames=150 commit_frames=20[0m
[0m[INFO] [1788859989.200353981]: [sim_plan] built plan=2621 start=4500.60 horizon=15.00 frames=150 commit_frames=20[0m
[0m[INFO] [1788859989.230985631]: [sim_plan] built plan=2622 start=4502.60 horizon=15.00 frames=150 commit_frames=20[0m
[0m[INFO] [1788859989.268596871]: [sim_plan] built plan=2623 start=4502.70 horizon=15.00 frames=150 commit_frames=20[0m
[0m[INFO] [1788859989.312035374]: [sim_plan] built plan=2624 start=4504.70 horizon=15.00 frames=150 commit_frames=20[0m
[0m[INFO] [1788859989.359044526]: [sim_plan] built plan=2625 start=4506.70 horizon=15.00 frames=150 commit_frames=20[0m
[0m[INFO] [1788859989.360775747]: [multi_patrol][A1] V0 activate prepared dropoff: A1 -> B39 len=5.953 priority_until_s=0.758[0m
[0m[INFO] [1788859989.404810292]: [sim_plan] built plan=2626 start=4507.60 horizon=15.00 frames=150 commit_frames=20[0m
[0m[INFO] [1788859989.450458526]: [sim_plan] built plan=2627 start=4509.60 horizon=15.00 frames=150 commit_frames=20[0m
[0m[INFO] [1788859989.481756554]: [sim_plan] built plan=2628 start=4511.60 horizon=15.00 frames=150 commit_frames=20[0m
[0m[INFO] [1788859989.483247072]: [multi_patrol][A1 EXIT PRIORITY RELEASE] V0 s=0.771 threshold=0.758[0m
[0m[INFO] [1788859989.509025853]: [sim_plan] built plan=2629 start=4513.60 horizon=15.00 frames=150 commit_frames=20[0m
[0m[INFO] [1788859989.531011565]: [sim_plan] built plan=2630 start=4515.60 horizon=15.00 frames=150 commit_frames=20[0m
[0m[INFO] [1788859989.548088369]: [sim_plan] built plan=2631 start=4517.60 horizon=15.00 frames=150 commit_frames=20[0m
[0m[INFO] [1788859989.563287452]: [sim_plan] built plan=2632 start=4519.60 horizon=15.00 frames=150 commit_frames=20[0m
[0m[INFO] [1788859989.576926158]: [sim_plan] built plan=2633 start=4521.60 horizon=15.00 frames=150 commit_frames=20[0m
[0m[INFO] [1788859989.588090127]: [sim_plan] built plan=2634 start=4523.60 horizon=15.00 frames=150 commit_frames=20[0m
[0m[INFO] [1788859989.598106139]: [sim_plan] built plan=2635 start=4525.60 horizon=15.00 frames=150 commit_frames=20[0m
[0m[INFO] [1788859989.607855633]: [sim_plan] built plan=2636 start=4527.60 horizon=15.00 frames=150 commit_frames=20[0m
[0m[INFO] [1788859989.617410352]: [sim_plan] built plan=2637 start=4528.80 horizon=15.00 frames=150 commit_frames=20[0m
[0m[INFO] [1788859989.628218984]: [sim_plan] built plan=2638 start=4530.80 horizon=15.00 frames=150 commit_frames=20[0m
[0m[INFO] [1788859989.641379671]: [sim_plan] built plan=2639 start=4532.80 horizon=15.00 frames=150 commit_frames=20[0m
[0m[INFO] [1788859989.642740524]: [multi_patrol][A1] V1 activate prepared dropoff: A1 -> B13 len=4.333 priority_until_s=0.758[0m
[0m[INFO] [1788859989.654613876]: [sim_plan] built plan=2640 start=4533.70 horizon=15.00 frames=150 commit_frames=20[0m
[0m[INFO] [1788859989.670799567]: [sim_plan] built plan=2641 start=4535.70 horizon=15.00 frames=150 commit_frames=20[0m
[0m[INFO] [1788859989.680155376]: [sim_plan] built plan=2642 start=4537.70 horizon=15.00 frames=150 commit_frames=20[0m
[0m[INFO] [1788859989.681194235]: [multi_patrol][A1 EXIT PRIORITY RELEASE] V1 s=0.771 threshold=0.758[0m
[0m[INFO] [1788859989.687286310]: [sim_plan] built plan=2643 start=4539.70 horizon=15.00 frames=150 commit_frames=20[0m
[0m[INFO] [1788859989.692930340]: [sim_plan] built plan=2644 start=4541.70 horizon=15.00 frames=150 commit_frames=20[0m
[0m[INFO] [1788859989.696971191]: [sim_plan] built plan=2645 start=4543.70 horizon=15.00 frames=150 commit_frames=20[0m
[0m[INFO] [1788859989.700343328]: [sim_plan] built plan=2646 start=4545.70 horizon=15.00 frames=150 commit[33m[WARN] [1788859989.703855225]: [SLOT_DEPARTURE] time=75min48.1s vehicle=V0 owner=none result=ALLOW reason=no_service_owner candidate_path_gen=123 slot_departure_clear_s=0.327 vehicle_mode=ACTIVE vehicle_speed=0.000 vehicle_path_s=0.000 blocker=none a1_prefix_conflict=0 ordinary_road_conflict=0[0m
[33m[WARN] [1788859989.704296268]: [multi_patrol][A1 EXIT PREPARED] V0 target=B63 pickup_dwell=5.00s exit_len=6.551 priority_until_s=0.758 horizon_refresh=IMMEDIATE[0m
[33m[WARN] [1788859989.774879916]: [SLOT_DEPARTURE] time=76min4.3s vehicle=V1 owner=none result=ALLOW reason=no_service_owner candidate_path_gen=111 slot_departure_clear_s=0.327 vehicle_mode=ACTIVE vehicle_speed=0.000 vehicle_path_s=0.000 blocker=none a1_prefix_conflict=0 ordinary_road_conflict=0[0m
[33m[WARN] [1788859989.775254531]: [multi_patrol][A1 EXIT PREPARED] V1 target=B33 pickup_dwell=5.00s exit_len=7.111 priority_until_s=0.758 horizon_refresh=IMMEDIATE[0m
[33m[WARN] [1788859990.102472701]: [multi_patrol][A1 EXIT HORIZON] V1 target=B33 dwell_part=4.90s departure_window=10.10s total_horizon=15.00s[0m
[33m[WARN] [1788859990.126965843]: [multi_patrol][A1 EXIT HORIZON] V1 target=B33 dwell_part=2.90s departure_window=12.10s total_horizon=15.00s[0m
[33m[WARN] [1788859990.153281965]: [multi_patrol][A1 EXIT HORIZON] V1 target=B33 dwell_part=0.90s departure_window=14.10s total_horizon=15.00s[0m
_frames=20[0m
[0m[INFO] [1788859989.703323898]: [sim_plan] built plan=2647 start=4547.70 horizon=15.00 frames=150 commit_frames=20[0m
[0m[INFO] [1788859989.703816936]: [multi_patrol][A1] V0 pickup leg: B39 -> A1  wpts=535 len=6.102[0m
[0m[INFO] [1788859989.717144930]: [sim_plan] built plan=2648 start=4548.10 horizon=15.00 frames=150 commit_frames=20[0m
[0m[INFO] [1788859989.734293268]: [sim_plan] built plan=2649 start=4550.10 horizon=15.00 frames=150 commit_frames=20[0m
[0m[INFO] [1788859989.743686494]: [sim_plan] built plan=2650 start=4552.10 horizon=15.00 frames=150 commit_frames=20[0m
[0m[INFO] [1788859989.752344687]: [sim_plan] built plan=2651 start=4554.10 horizon=15.00 frames=150 commit_frames=20[0m
[0m[INFO] [1788859989.759611950]: [sim_plan] built plan=2652 start=4556.10 horizon=15.00 frames=150 commit_frames=20[0m
[0m[INFO] [1788859989.764146369]: [sim_plan] built plan=2653 start=4558.10 horizon=15.00 frames=150 commit_frames=20[0m
[0m[INFO] [1788859989.767597751]: [sim_plan] built plan=2654 start=4560.10 horizon=15.00 frames=150 commit_frames=20[0m
[0m[INFO] [1788859989.770894097]: [sim_plan] built plan=2655 start=4562.10 horizon=15.00 frames=150 commit_frames=20[0m
[0m[INFO] [1788859989.774404198]: [sim_plan] built plan=2656 start=4564.10 horizon=15.00 frames=150 commit_frames=20[0m
[0m[INFO] [1788859989.774846008]: [multi_patrol][A1] V1 pickup leg: B13 -> A1  wpts=295 len=3.541[0m
[0m[INFO] [1788859989.791426793]: [sim_plan] built plan=2657 start=4564.30 horizon=15.00 frames=150 commit_frames=20[0m
[0m[INFO] [1788859989.812518155]: [sim_plan] built plan=2658 start=4566.30 horizon=15.00 frames=150 commit_frames=20[0m
[0m[INFO] [1788859989.827952861]: [sim_plan] built plan=2659 start=4568.30 horizon=15.00 frames=150 commit_frames=20[0m
[0m[INFO] [1788859989.846553407]: [sim_plan] built plan=2660 start=4570.30 horizon=15.00 frames=150 commit_frames=20[0m
[0m[INFO] [1788859989.871508529]: [sim_plan] built plan=2661 start=4572.30 horizon=15.00 frames=150 commit_frames=20[0m
[0m[INFO] [1788859989.890418809]: [sim_plan] built plan=2662 start=4574.30 horizon=15.00 frames=150 commit_frames=20[0m
[0m[INFO] [1788859989.927518581]: [sim_plan] built plan=2663 start=4576.30 horizon=15.00 frames=150 commit_frames=20[0m
[0m[INFO] [1788859989.960438792]: [sim_plan] built plan=2664 start=4578.30 horizon=15.00 frames=150 commit_frames=20[0m
[0m[INFO] [1788859989.991441255]: [sim_plan] built plan=2665 start=4580.30 horizon=15.00 frames=150 commit_frames=20[0m
[0m[INFO] [1788859990.028004623]: [sim_plan] built plan=2666 start=4582.30 horizon=15.00 frames=150 commit_frames=20[0m
[0m[INFO] [1788859990.059645845]: [sim_plan] built plan=2667 start=4584.30 horizon=15.00 frames=150 commit_frames=20[0m
[0m[INFO] [1788859990.082009722]: [sim_plan] built plan=2668 start=4586.30 horizon=15.00 frames=150 commit_frames=20[0m
[0m[INFO] [1788859990.102420939]: [sim_plan] built plan=2669 start=4586.40 horizon=15.00 frames=150 commit_frames=20[0m
[0m[INFO] [1788859990.126910133]: [sim_plan] built plan=2670 start=4588.40 horizon=15.00 frames=150 commit_frames=20[0m
[0m[INFO] [1788859990.153237340]: [sim_plan] built plan=2671 start=4590.40 horizon=15.00 frames=150 commit_frames=20[0m
[0m[INFO] [1788859990.154651213]: [multi_patrol][A1] V1 activate prepared dropoff: A1 -> B33 len=7.111 priority_until_s=0.758[0m
[0m[INFO] [1788859990.178743828]: [sim_plan] built plan=2672 start=4591.30 horizon=15.00 frames=150 commit_frames=20[0m
[0m[INFO] [1788859990.209376492]: [sim_plan] built plan=2673 start=4593.30 horizon=15.00 frames=150 commit_frames=20[0m
[0m[INFO] [1788859990.224078932]: [sim_plan] built plan=2674 start=4595.30 horizon=15.00 frames=150 commit_frames=20[0m
[0m[INFO] [1788859990.225284547]: [multi_patrol][A1 EXIT PRIORITY RELEASE] V1 s=0.771 threshold=0.758[0m
[0m[INFO] [1788859990.237193524]: [sim_plan] built plan=2675 start=4597.30 horizon=15.00 frames=150 commit_frames=20[0m
[0m[INFO] [1788859990.248192111]: [sim_plan] built plan=2676 start=4599.30 horizon=15.00 frames=15[33m[WARN] [1788859990.283455984]: [multi_patrol][A1 EXIT HORIZON] V0 target=B63 dwell_part=4.90s departure_window=10.10s total_horizon=15.00s[0m
[33m[WARN] [1788859990.295163214]: [multi_patrol][A1 EXIT HORIZON] V0 target=B63 dwell_part=2.90s departure_window=12.10s total_horizon=15.00s[0m
[33m[WARN] [1788859990.310300751]: [multi_patrol][A1 EXIT HORIZON] V0 target=B63 dwell_part=0.90s departure_window=14.10s total_horizon=15.00s[0m
[33m[WARN] [1788859990.477771617]: [SLOT_DEPARTURE] time=77min17.8s vehicle=V1 owner=none result=ALLOW reason=no_service_owner candidate_path_gen=113 slot_departure_clear_s=0.327 vehicle_mode=ACTIVE vehicle_speed=0.000 vehicle_path_s=0.000 blocker=none a1_prefix_conflict=0 ordinary_road_conflict=0[0m
[33m[WARN] [1788859990.478199375]: [multi_patrol][A1 EXIT PREPARED] V1 target=B31 pickup_dwell=5.00s exit_len=6.891 priority_until_s=0.758 horizon_refresh=IMMEDIATE[0m
[33m[WARN] [1788859990.561318032]: [SLOT_DEPARTURE] time=77min35.0s vehicle=V0 owner=none result=ALLOW reason=no_service_owner candidate_path_gen=125 slot_departure_clear_s=0.346 vehicle_mode=ACTIVE vehicle_speed=0.000 vehicle_path_s=0.000 blocker=none a1_prefix_conflict=0 ordinary_road_conflict=0[0m
[33m[WARN] [1788859990.561826868]: [multi_patrol][A1 EXIT PREPARED] V0 target=B32 pickup_dwell=5.00s exit_len=4.055 priority_until_s=0.758 horizon_refresh=IMMEDIATE[0m
0 commit_frames=20[0m
[0m[INFO] [1788859990.258278781]: [sim_plan] built plan=2677 start=4601.30 horizon=15.00 frames=150 commit_frames=20[0m
[0m[INFO] [1788859990.266839082]: [sim_plan] built plan=2678 start=4603.30 horizon=15.00 frames=150 commit_frames=20[0m
[0m[INFO] [1788859990.274798266]: [sim_plan] built plan=2679 start=4605.30 horizon=15.00 frames=150 commit_frames=20[0m
[0m[INFO] [1788859990.283412717]: [sim_plan] built plan=2680 start=4605.90 horizon=15.00 frames=150 commit_frames=20[0m
[0m[INFO] [1788859990.295118313]: [sim_plan] built plan=2681 start=4607.90 horizon=15.00 frames=150 commit_frames=20[0m
[0m[INFO] [1788859990.310250918]: [sim_plan] built plan=2682 start=4609.90 horizon=15.00 frames=150 commit_frames=20[0m
[0m[INFO] [1788859990.311492424]: [multi_patrol][A1] V0 activate prepared dropoff: A1 -> B63 len=6.551 priority_until_s=0.758[0m
[0m[INFO] [1788859990.325888757]: [sim_plan] built plan=2683 start=4610.80 horizon=15.00 frames=150 commit_frames=20[0m
[0m[INFO] [1788859990.353947441]: [sim_plan] built plan=2684 start=4612.80 horizon=15.00 frames=150 commit_frames=20[0m
[0m[INFO] [1788859990.371312030]: [sim_plan] built plan=2685 start=4614.80 horizon=15.00 frames=150 commit_frames=20[0m
[0m[INFO] [1788859990.372375777]: [multi_patrol][A1 EXIT PRIORITY RELEASE] V0 s=0.771 threshold=0.758[0m
[0m[INFO] [1788859990.391331719]: [sim_plan] built plan=2686 start=4616.80 horizon=15.00 frames=150 commit_frames=20[0m
[0m[INFO] [1788859990.409697143]: [sim_plan] built plan=2687 start=4618.80 horizon=15.00 frames=150 commit_frames=20[0m
[0m[INFO] [1788859990.423266247]: [sim_plan] built plan=2688 start=4620.80 horizon=15.00 frames=150 commit_frames=20[0m
[0m[INFO] [1788859990.434926897]: [sim_plan] built plan=2689 start=4622.80 horizon=15.00 frames=150 commit_frames=20[0m
[0m[INFO] [1788859990.445144192]: [sim_plan] built plan=2690 start=4624.80 horizon=15.00 frames=150 commit_frames=20[0m
[0m[INFO] [1788859990.454273467]: [sim_plan] built plan=2691 start=4626.80 horizon=15.00 frames=150 commit_frames=20[0m
[0m[INFO] [1788859990.461676379]: [sim_plan] built plan=2692 start=4628.80 horizon=15.00 frames=150 commit_frames=20[0m
[0m[INFO] [1788859990.466847124]: [sim_plan] built plan=2693 start=4630.80 horizon=15.00 frames=150 commit_frames=20[0m
[0m[INFO] [1788859990.470374828]: [sim_plan] built plan=2694 start=4632.80 horizon=15.00 frames=150 commit_frames=20[0m
[0m[INFO] [1788859990.473753095]: [sim_plan] built plan=2695 start=4634.80 horizon=15.00 frames=150 commit_frames=20[0m
[0m[INFO] [1788859990.477146373]: [sim_plan] built plan=2696 start=4636.80 horizon=15.00 frames=150 commit_frames=20[0m
[0m[INFO] [1788859990.477734752]: [multi_patrol][A1] V1 pickup leg: B33 -> A1  wpts=469 len=5.444[0m
[0m[INFO] [1788859990.492276237]: [sim_plan] built plan=2697 start=4637.80 horizon=15.00 frames=150 commit_frames=20[0m
[0m[INFO] [1788859990.510684303]: [sim_plan] built plan=2698 start=4639.80 horizon=15.00 frames=150 commit_frames=20[0m
[0m[INFO] [1788859990.522009108]: [sim_plan] built plan=2699 start=4641.80 horizon=15.00 frames=150 commit_frames=20[0m
[0m[INFO] [1788859990.531969901]: [sim_plan] built plan=2700 start=4643.80 horizon=15.00 frames=150 commit_frames=20[0m
[0m[INFO] [1788859990.540484310]: [sim_plan] built plan=2701 start=4645.80 horizon=15.00 frames=150 commit_frames=20[0m
[0m[INFO] [1788859990.547367910]: [sim_plan] built plan=2702 start=4647.80 horizon=15.00 frames=150 commit_frames=20[0m
[0m[INFO] [1788859990.552218781]: [sim_plan] built plan=2703 start=4649.80 horizon=15.00 frames=150 commit_frames=20[0m
[0m[INFO] [1788859990.556262133]: [sim_plan] built plan=2704 start=4651.80 horizon=15.00 frames=150 commit_frames=20[0m
[0m[INFO] [1788859990.560558279]: [sim_plan] built plan=2705 start=4653.80 horizon=15.00 frames=150 commit_frames=20[0m
[0m[INFO] [1788859990.561265435]: [multi_patrol][A1] V0 pickup leg: B63 -> A1  wpts=523 len=6.245[0m
[0m[INFO] [1788859990.580478110]: [sim_plan] built plan=2706 start=4655.00 horizon=15.00 f[33m[WARN] [1788859990.757935685]: [multi_patrol][A1 EXIT HORIZON] V1 target=B31 dwell_part=4.90s departure_window=10.10s total_horizon=15.00s[0m
[33m[WARN] [1788859990.793559269]: [multi_patrol][A1 EXIT HORIZON] V1 target=B31 dwell_part=2.90s departure_window=12.10s total_horizon=15.00s[0m
[33m[WARN] [1788859990.833994441]: [multi_patrol][A1 EXIT HORIZON] V1 target=B31 dwell_part=0.90s departure_window=14.10s total_horizon=15.00s[0m
[33m[WARN] [1788859990.917537726]: [SOURCE=REAL] [plan=2719] [frame=7] [rollout_step=-1] [multi_patrol][A1 EXIT INTRUSION ENTER] owner=V1 target=B31 blocker=V0 dwell_remaining=0.00s visible_exit_t=15.00s owner_exit_s=2.862 blocker_phase=1 blocker_s=4.140 action=DIAG_ONLY[0m
[33m[WARN] [1788859990.950922480]: [SOURCE=REAL] [plan=2720] [frame=14] [rollout_step=-1] [multi_patrol][A1 EXIT INTRUSION CLEAR] owner=V1 blocker=V0[0m
[33m[WARN] [1788859991.082259064]: [multi_patrol][A1 EXIT HORIZON] V0 target=B32 dwell_part=4.90s departure_window=10.10s total_horizon=15.00s[0m
[33m[WARN] [1788859991.095024615]: [multi_patrol][A1 EXIT HORIZON] V0 target=B32 dwell_part=2.90s departure_window=12.10s total_horizon=15.00s[0m
[33m[WARN] [1788859991.112784945]: [multi_patrol][A1 EXIT HORIZON] V0 target=B32 dwell_part=0.90s departure_window=14.10s total_horizon=15.00s[0m
rames=150 commit_frames=20[0m
[0m[INFO] [1788859990.614282749]: [sim_plan] built plan=2707 start=4657.00 horizon=15.00 frames=150 commit_frames=20[0m
[0m[INFO] [1788859990.635165229]: [sim_plan] built plan=2708 start=4659.00 horizon=15.00 frames=150 commit_frames=20[0m
[0m[INFO] [1788859990.649886829]: [sim_plan] built plan=2709 start=4661.00 horizon=15.00 frames=150 commit_frames=20[0m
[0m[INFO] [1788859990.663239426]: [sim_plan] built plan=2710 start=4663.00 horizon=15.00 frames=150 commit_frames=20[0m
[0m[INFO] [1788859990.676002268]: [sim_plan] built plan=2711 start=4665.00 horizon=15.00 frames=150 commit_frames=20[0m
[0m[INFO] [1788859990.687226407]: [sim_plan] built plan=2712 start=4667.00 horizon=15.00 frames=150 commit_frames=20[0m
[0m[INFO] [1788859990.697909069]: [sim_plan] built plan=2713 start=4669.00 horizon=15.00 frames=150 commit_frames=20[0m
[0m[INFO] [1788859990.725765052]: [sim_plan] built plan=2714 start=4671.00 horizon=15.00 frames=150 commit_frames=20[0m
[0m[INFO] [1788859990.757876989]: [sim_plan] built plan=2715 start=4671.20 horizon=15.00 frames=150 commit_frames=20[0m
[0m[INFO] [1788859990.793481425]: [sim_plan] built plan=2716 start=4673.20 horizon=15.00 frames=150 commit_frames=20[0m
[0m[INFO] [1788859990.833947042]: [sim_plan] built plan=2717 start=4675.20 horizon=15.00 frames=150 commit_frames=20[0m
[0m[INFO] [1788859990.835338283]: [multi_patrol][A1] V1 activate prepared dropoff: A1 -> B31 len=6.891 priority_until_s=0.758[0m
[0m[INFO] [1788859990.873379058]: [sim_plan] built plan=2718 start=4676.10 horizon=15.00 frames=150 commit_frames=20[0m
[0m[INFO] [1788859990.916662646]: [sim_plan] built plan=2719 start=4678.10 horizon=15.00 frames=150 commit_frames=20[0m
[0m[INFO] [1788859990.949550082]: [sim_plan] built plan=2720 start=4680.10 horizon=15.00 frames=150 commit_frames=20[0m
[0m[INFO] [1788859990.950883943]: [multi_patrol][A1 EXIT PRIORITY RELEASE] V1 s=0.771 threshold=0.758[0m
[0m[INFO] [1788859990.977677562]: [sim_plan] built plan=2721 start=4682.10 horizon=15.00 frames=150 commit_frames=20[0m
[0m[INFO] [1788859991.000224466]: [sim_plan] built plan=2722 start=4684.10 horizon=15.00 frames=150 commit_frames=20[0m
[0m[INFO] [1788859991.015225270]: [sim_plan] built plan=2723 start=4686.10 horizon=15.00 frames=150 commit_frames=20[0m
[0m[INFO] [1788859991.028174209]: [sim_plan] built plan=2724 start=4688.10 horizon=15.00 frames=150 commit_frames=20[0m
[0m[INFO] [1788859991.040779489]: [sim_plan] built plan=2725 start=4690.10 horizon=15.00 frames=150 commit_frames=20[0m
[0m[INFO] [1788859991.052610956]: [sim_plan] built plan=2726 start=4692.10 horizon=15.00 frames=150 commit_frames=20[0m
[0m[INFO] [1788859991.062243793]: [sim_plan] built plan=2727 start=4694.10 horizon=15.00 frames=150 commit_frames=20[0m
[0m[INFO] [1788859991.072092327]: [sim_plan] built plan=2728 start=4696.10 horizon=15.00 frames=150 commit_frames=20[0m
[0m[INFO] [1788859991.082183608]: [sim_plan] built plan=2729 start=4697.30 horizon=15.00 frames=150 commit_frames=20[0m
[0m[INFO] [1788859991.094973349]: [sim_plan] built plan=2730 start=4699.30 horizon=15.00 frames=150 commit_frames=20[0m
[0m[INFO] [1788859991.112702095]: [sim_plan] built plan=2731 start=4701.30 horizon=15.00 frames=150 commit_frames=20[0m
[0m[INFO] [1788859991.114492214]: [multi_patrol][A1] V0 activate prepared dropoff: A1 -> B32 len=4.055 priority_until_s=0.758[0m
[0m[INFO] [1788859991.138079731]: [sim_plan] built plan=2732 start=4702.20 horizon=15.00 frames=150 commit_frames=20[0m
[0m[INFO] [1788859991.166644009]: [sim_plan] built plan=2733 start=4704.20 horizon=15.00 frames=150 commit_frames=20[0m
[0m[INFO] [1788859991.185807310]: [sim_plan] built plan=2734 start=4706.20 horizon=15.00 frames=150 commit_frames=20[0m
[0m[INFO] [1788859991.187477490]: [multi_patrol][A1 EXIT PRIORITY RELEASE] V0 s=0.771 threshold=0.758[0m
[0m[INFO] [1788859991.199836840]: [sim_plan] built plan=2735 start=4708.20 horizon=15.00 frames=150 commit_frames=20[0m
[0m[INFO] [1788859991.210673998]: [sim_plan] built[33m[WARN] [1788859991.234857170]: [SLOT_DEPARTURE] time=78min41.5s vehicle=V1 owner=none result=ALLOW reason=no_service_owner candidate_path_gen=115 slot_departure_clear_s=0.327 vehicle_mode=ACTIVE vehicle_speed=0.000 vehicle_path_s=0.000 blocker=none a1_prefix_conflict=0 ordinary_road_conflict=0[0m
[33m[WARN] [1788859991.235323712]: [multi_patrol][A1 EXIT PREPARED] V1 target=B20 pickup_dwell=5.00s exit_len=4.313 priority_until_s=0.758 horizon_refresh=IMMEDIATE[0m
[33m[WARN] [1788859991.276143101]: [SLOT_DEPARTURE] time=78min51.8s vehicle=V0 owner=none result=ALLOW reason=no_service_owner candidate_path_gen=127 slot_departure_clear_s=0.327 vehicle_mode=ACTIVE vehicle_speed=0.000 vehicle_path_s=0.000 blocker=none a1_prefix_conflict=0 ordinary_road_conflict=0[0m
[33m[WARN] [1788859991.276707920]: [multi_patrol][A1 EXIT PREPARED] V0 target=B13 pickup_dwell=5.00s exit_len=4.333 priority_until_s=0.758 horizon_refresh=IMMEDIATE[0m
[33m[WARN] [1788859991.650992570]: [multi_patrol][A1 EXIT HORIZON] V0 target=B13 dwell_part=4.90s departure_window=10.10s total_horizon=15.00s[0m
[33m[WARN] [1788859991.670396210]: [multi_patrol][A1 EXIT HORIZON] V0 target=B13 dwell_part=2.90s departure_window=12.10s total_horizon=15.00s[0m
[33m[WARN] [1788859991.696464582]: [multi_patrol][A1 EXIT HORIZON] V0 target=B13 dwell_part=0.90s departure_window=14.10s total_horizon=15.00s[0m
 plan=2736 start=4710.20 horizon=15.00 frames=150 commit_frames=20[0m
[0m[INFO] [1788859991.220350683]: [sim_plan] built plan=2737 start=4712.20 horizon=15.00 frames=150 commit_frames=20[0m
[0m[INFO] [1788859991.226379084]: [sim_plan] built plan=2738 start=4714.20 horizon=15.00 frames=150 commit_frames=20[0m
[0m[INFO] [1788859991.229866091]: [sim_plan] built plan=2739 start=4716.20 horizon=15.00 frames=150 commit_frames=20[0m
[0m[INFO] [1788859991.232398156]: [sim_plan] built plan=2740 start=4718.20 horizon=15.00 frames=150 commit_frames=20[0m
[0m[INFO] [1788859991.234267505]: [sim_plan] built plan=2741 start=4720.20 horizon=15.00 frames=150 commit_frames=20[0m
[0m[INFO] [1788859991.234817283]: [multi_patrol][A1] V1 pickup leg: B31 -> A1  wpts=447 len=5.225[0m
[0m[INFO] [1788859991.244723154]: [sim_plan] built plan=2742 start=4721.50 horizon=15.00 frames=150 commit_frames=20[0m
[0m[INFO] [1788859991.258903718]: [sim_plan] built plan=2743 start=4723.50 horizon=15.00 frames=150 commit_frames=20[0m
[0m[INFO] [1788859991.263964602]: [sim_plan] built plan=2744 start=4725.50 horizon=15.00 frames=150 commit_frames=20[0m
[0m[INFO] [1788859991.267707526]: [sim_plan] built plan=2745 start=4727.50 horizon=15.00 frames=150 commit_frames=20[0m
[0m[INFO] [1788859991.271449328]: [sim_plan] built plan=2746 start=4729.50 horizon=15.00 frames=150 commit_frames=20[0m
[0m[INFO] [1788859991.275514596]: [sim_plan] built plan=2747 start=4731.50 horizon=15.00 frames=150 commit_frames=20[0m
[0m[INFO] [1788859991.276099586]: [multi_patrol][A1] V0 pickup leg: B32 -> A1  wpts=286 len=3.302[0m
[0m[INFO] [1788859991.300026510]: [sim_plan] built plan=2748 start=4731.80 horizon=15.00 frames=150 commit_frames=20[0m
[0m[INFO] [1788859991.323202515]: [sim_plan] built plan=2749 start=4733.80 horizon=15.00 frames=150 commit_frames=20[0m
[0m[INFO] [1788859991.346786874]: [sim_plan] built plan=2750 start=4735.80 horizon=15.00 frames=150 commit_frames=20[0m
[0m[INFO] [1788859991.402373696]: [sim_plan] built plan=2751 start=4737.80 horizon=15.00 frames=150 commit_frames=20[0m
[0m[INFO] [1788859991.448564886]: [sim_plan] built plan=2752 start=4739.80 horizon=15.00 frames=150 commit_frames=20[0m
[0m[INFO] [1788859991.488805858]: [sim_plan] built plan=2753 start=4741.80 horizon=15.00 frames=150 commit_frames=20[0m
[0m[INFO] [1788859991.525066186]: [sim_plan] built plan=2754 start=4743.80 horizon=15.00 frames=150 commit_frames=20[0m
[0m[INFO] [1788859991.556031930]: [sim_plan] built plan=2755 start=4745.80 horizon=15.00 frames=150 commit_frames=20[0m
[0m[INFO] [1788859991.588034420]: [sim_plan] built plan=2756 start=4747.80 horizon=15.00 frames=150 commit_frames=20[0m
[0m[INFO] [1788859991.614711908]: [sim_plan] built plan=2757 start=4749.80 horizon=15.00 frames=150 commit_frames=20[0m
[0m[INFO] [1788859991.634673345]: [sim_plan] built plan=2758 start=4751.80 horizon=15.00 frames=150 commit_frames=20[0m
[0m[INFO] [1788859991.650949450]: [sim_plan] built plan=2759 start=4752.70 horizon=15.00 frames=150 commit_frames=20[0m
[0m[INFO] [1788859991.670344871]: [sim_plan] built plan=2760 start=4754.70 horizon=15.00 frames=150 commit_frames=20[0m
[0m[INFO] [1788859991.696414997]: [sim_plan] built plan=2761 start=4756.70 horizon=15.00 frames=150 commit_frames=20[0m
[0m[INFO] [1788859991.697884727]: [multi_patrol][A1] V0 activate prepared dropoff: A1 -> B13 len=4.333 priority_until_s=0.758[0m
[0m[INFO] [1788859991.720508989]: [sim_plan] built plan=2762 start=4757.60 horizon=15.00 frames=150 commit_frames=20[0m
[0m[INFO] [1788859991.745207722]: [sim_plan] built plan=2763 start=4759.60 horizon=15.00 frames=150 commit_frames=20[0m
[0m[INFO] [1788859991.760529984]: [sim_plan] built plan=2764 start=4761.60 horizon=15.00 frames=150 commit_frames=20[0m
[0m[INFO] [1788859991.761697154]: [multi_patrol][A1 EXIT PRIORITY RELEASE] V0 s=0.771 threshold=0.758[0m
[0m[INFO] [1788859991.773911779]: [sim_plan] built plan=2765 start=4763.60 horizon=15.00 frames=150 commit_frames=20[0m
[0m[INFO] [1788859991.785442107]: [sim_pla[33m[WARN] [1788859991.818604006]: [multi_patrol][A1 EXIT HORIZON] V1 target=B20 dwell_part=4.90s departure_window=10.10s total_horizon=15.00s[0m
[33m[WARN] [1788859991.827256276]: [multi_patrol][A1 EXIT HORIZON] V1 target=B20 dwell_part=2.90s departure_window=12.10s total_horizon=15.00s[0m
[33m[WARN] [1788859991.837670093]: [multi_patrol][A1 EXIT HORIZON] V1 target=B20 dwell_part=0.90s departure_window=14.10s total_horizon=15.00s[0m
[33m[WARN] [1788859991.863397074]: [SOURCE=REAL] [plan=2774] [frame=5] [rollout_step=-1] [multi_patrol][A1 EXIT INTRUSION ENTER] owner=V1 target=B20 blocker=V0 dwell_remaining=0.00s visible_exit_t=14.90s owner_exit_s=2.795 blocker_phase=4 blocker_s=3.767 action=DIAG_ONLY[0m
[33m[WARN] [1788859991.871191451]: [SOURCE=REAL] [plan=2775] [frame=14] [rollout_step=-1] [multi_patrol][A1 EXIT INTRUSION CLEAR] owner=V1 blocker=V0[0m
[33m[WARN] [1788859991.881665229]: [SLOT_DEPARTURE] time=79min48.2s vehicle=V0 owner=none result=ALLOW reason=no_service_owner candidate_path_gen=129 slot_departure_clear_s=0.327 vehicle_mode=ACTIVE vehicle_speed=0.000 vehicle_path_s=0.000 blocker=none a1_prefix_conflict=0 ordinary_road_conflict=0[0m
[33m[WARN] [1788859991.882025107]: [multi_patrol][A1 EXIT PREPARED] V0 target=B46 pickup_dwell=5.00s exit_len=7.160 priority_until_s=0.758 horizon_refresh=IMMEDIATE[0m
[33m[WARN] [1788859992.006057266]: [SLOT_DEPARTURE] time=80min10.2s vehicle=V1 owner=V0 result=HOLD reason=a1_stop_s_before_slot_clear candidate_path_gen=117 slot_departure_clear_s=0.327 vehicle_mode=DWELL vehicle_speed=0.000 vehicle_path_s=4.313 blocker=V0 a1_prefix_conflict=1 ordinary_road_conflict=0 owner_phase=TO_A1 owner_path_gen=129 geometry=pending_preview protected_zones=2 actual_occupancy_priority=0 spatial_stop_launch_infeasible=1 waiter_stop_s=0.325[0m
[33m[WARN] [1788859992.336513937]: [multi_patrol][A1 EXIT HORIZON] V0 target=B46 dwell_part=4.90s departure_window=10.10s total_horizon=15.00s[0m
[33m[WARN] [1788859992.416748268]: [multi_patrol][A1 EXIT HORIZON] V0 target=B46 dwell_part=2.90s departure_window=12.10s total_horizon=15.00s[0m
[33m[WARN] [1788859992.506122583]: [multi_patrol][A1 EXIT HORIZON] V0 target=B46 dwell_part=0.90s departure_window=14.10s total_horizon=15.00s[0m
n] built plan=2766 start=4765.60 horizon=15.00 frames=150 commit_frames=20[0m
[0m[INFO] [1788859991.795087131]: [sim_plan] built plan=2767 start=4767.60 horizon=15.00 frames=150 commit_frames=20[0m
[0m[INFO] [1788859991.803826443]: [sim_plan] built plan=2768 start=4769.60 horizon=15.00 frames=150 commit_frames=20[0m
[0m[INFO] [1788859991.811434772]: [sim_plan] built plan=2769 start=4771.60 horizon=15.00 frames=150 commit_frames=20[0m
[0m[INFO] [1788859991.818564330]: [sim_plan] built plan=2770 start=4772.20 horizon=15.00 frames=150 commit_frames=20[0m
[0m[INFO] [1788859991.827205653]: [sim_plan] built plan=2771 start=4774.20 horizon=15.00 frames=150 commit_frames=20[0m
[0m[INFO] [1788859991.837623870]: [sim_plan] built plan=2772 start=4776.20 horizon=15.00 frames=150 commit_frames=20[0m
[0m[INFO] [1788859991.839054687]: [multi_patrol][A1] V1 activate prepared dropoff: A1 -> B20 len=4.313 priority_until_s=0.758[0m
[0m[INFO] [1788859991.848282497]: [sim_plan] built plan=2773 start=4777.10 horizon=15.00 frames=150 commit_frames=20[0m
[0m[INFO] [1788859991.862568935]: [sim_plan] built plan=2774 start=4779.10 horizon=15.00 frames=150 commit_frames=20[0m
[0m[INFO] [1788859991.869894756]: [sim_plan] built plan=2775 start=4781.10 horizon=15.00 frames=150 commit_frames=20[0m
[0m[INFO] [1788859991.871147404]: [multi_patrol][A1 EXIT PRIORITY RELEASE] V1 s=0.771 threshold=0.758[0m
[0m[INFO] [1788859991.874728527]: [sim_plan] built plan=2776 start=4783.10 horizon=15.00 frames=150 commit_frames=20[0m
[0m[INFO] [1788859991.878068103]: [sim_plan] built plan=2777 start=4785.10 horizon=15.00 frames=150 commit_frames=20[0m
[0m[INFO] [1788859991.881142543]: [sim_plan] built plan=2778 start=4787.10 horizon=15.00 frames=150 commit_frames=20[0m
[0m[INFO] [1788859991.881630458]: [multi_patrol][A1] V0 pickup leg: B13 -> A1  wpts=295 len=3.541[0m
[0m[INFO] [1788859991.898846546]: [sim_plan] built plan=2779 start=4788.20 horizon=15.00 frames=150 commit_frames=20[0m
[0m[INFO] [1788859991.915715147]: [sim_plan] built plan=2780 start=4790.20 horizon=15.00 frames=150 commit_frames=20[0m
[0m[INFO] [1788859991.931203433]: [sim_plan] built plan=2781 start=4792.20 horizon=15.00 frames=150 commit_frames=20[0m
[0m[INFO] [1788859991.943894870]: [sim_plan] built plan=2782 start=4794.20 horizon=15.00 frames=150 commit_frames=20[0m
[0m[INFO] [1788859991.956108088]: [sim_plan] built plan=2783 start=4796.20 horizon=15.00 frames=150 commit_frames=20[0m
[0m[INFO] [1788859991.967400280]: [sim_plan] built plan=2784 start=4798.20 horizon=15.00 frames=150 commit_frames=20[0m
[0m[INFO] [1788859991.975442783]: [sim_plan] built plan=2785 start=4800.20 horizon=15.00 frames=150 commit_frames=20[0m
[0m[INFO] [1788859991.987725609]: [sim_plan] built plan=2786 start=4802.20 horizon=15.00 frames=150 commit_frames=20[0m
[0m[INFO] [1788859991.993408488]: [sim_plan] built plan=2787 start=4804.20 horizon=15.00 frames=150 commit_frames=20[0m
[0m[INFO] [1788859991.997648297]: [sim_plan] built plan=2788 start=4806.20 horizon=15.00 frames=150 commit_frames=20[0m
[0m[INFO] [1788859992.001492053]: [sim_plan] built plan=2789 start=4808.20 horizon=15.00 frames=150 commit_frames=20[0m
[0m[INFO] [1788859992.010070926]: [sim_plan] built plan=2790 start=4810.20 horizon=15.00 frames=150 commit_frames=20[0m
[0m[INFO] [1788859992.093741290]: [sim_plan] built plan=2791 start=4812.20 horizon=15.00 frames=150 commit_frames=20[0m
[0m[INFO] [1788859992.175964427]: [sim_plan] built plan=2792 start=4814.20 horizon=15.00 frames=150 commit_frames=20[0m
[0m[INFO] [1788859992.256060639]: [sim_plan] built plan=2793 start=4816.20 horizon=15.00 frames=150 commit_frames=20[0m
[0m[INFO] [1788859992.336458584]: [sim_plan] built plan=2794 start=4818.20 horizon=15.00 frames=150 commit_frames=20[0m
[0m[INFO] [1788859992.416697112]: [sim_plan] built plan=2795 start=4820.20 horizon=15.00 frames=150 commit_frames=20[0m
[0m[INFO] [1788859992.506072153]: [sim_plan] built plan=2796 start=4822.20 horizon=15.00 frames=150 commit_frames=20[0m
[0m[INFO] [1788[33m[WARN] [1788859992.776151803]: [SLOT_DEPARTURE] time=80min28.6s vehicle=V1 owner=V0 result=ALLOW reason=slot_departure_clear_after_retry candidate_path_gen=117 slot_departure_clear_s=0.327 vehicle_mode=ACTIVE vehicle_speed=0.000 vehicle_path_s=0.000 blocker=none a1_prefix_conflict=0 ordinary_road_conflict=0 owner_phase=TO_B owner_path_gen=130 geometry=actual_to_b protected_zones=0 actual_occupancy_priority=0 spatial_stop_launch_infeasible=0[0m
[33m[WARN] [1788859992.776550043]: [multi_patrol][A1 EXIT PREPARED] V1 target=B26 pickup_dwell=5.00s exit_len=3.655 priority_until_s=0.758 horizon_refresh=IMMEDIATE[0m
[33m[WARN] [1788859993.096360490]: [multi_patrol][A1 EXIT HORIZON] V1 target=B26 dwell_part=4.90s departure_window=10.10s total_horizon=15.00s[0m
[33m[WARN] [1788859993.101570138]: [multi_patrol][A1 EXIT HORIZON] V1 target=B26 dwell_part=2.90s departure_window=12.10s total_horizon=15.00s[0m
[33m[WARN] [1788859993.107427531]: [multi_patrol][A1 EXIT HORIZON] V1 target=B26 dwell_part=0.90s departure_window=14.10s total_horizon=15.00s[0m
[33m[WARN] [1788859993.122358546]: [SLOT_DEPARTURE] time=81min9.9s vehicle=V0 owner=V1 result=ALLOW reason=slot_departure_clear candidate_path_gen=131 slot_departure_clear_s=0.327 vehicle_mode=ACTIVE vehicle_speed=0.000 vehicle_path_s=0.000 blocker=none a1_prefix_conflict=0 ordinary_road_conflict=0 owner_phase=TO_B owner_path_gen=118 geometry=actual_to_b protected_zones=0 actual_occupancy_priority=0 spatial_stop_launch_infeasible=0 waiter_stop_s=4.050[0m
[33m[WARN] [1788859993.122875950]: [multi_patrol][A1 EXIT PREPARED] V0 target=B28 pickup_dwell=5.00s exit_len=3.444 priority_until_s=0.758 horizon_refresh=IMMEDIATE[0m
859992.537536822]: [multi_patrol][A1] V0 activate prepared dropoff: A1 -> B46 len=7.160 priority_until_s=0.758[0m
[0m[INFO] [1788859992.546180662]: [sim_plan] built plan=2797 start=4823.10 horizon=15.00 frames=150 commit_frames=20[0m
[0m[INFO] [1788859992.630435137]: [sim_plan] built plan=2798 start=4825.10 horizon=15.00 frames=150 commit_frames=20[0m
[0m[INFO] [1788859992.715823812]: [sim_plan] built plan=2799 start=4827.10 horizon=15.00 frames=150 commit_frames=20[0m
[0m[INFO] [1788859992.775707706]: [multi_patrol][A1 EXIT PRIORITY RELEASE] V0 s=0.771 threshold=0.758[0m
[0m[INFO] [1788859992.776115489]: [multi_patrol][A1] V1 pickup leg: B20 -> A1  wpts=304 len=3.391[0m
[0m[INFO] [1788859992.820190589]: [sim_plan] built plan=2800 start=4828.60 horizon=15.00 frames=150 commit_frames=20[0m
[0m[INFO] [1788859992.860161158]: [sim_plan] built plan=2801 start=4830.60 horizon=15.00 frames=150 commit_frames=20[0m
[0m[INFO] [1788859992.890258587]: [sim_plan] built plan=2802 start=4832.60 horizon=15.00 frames=150 commit_frames=20[0m
[0m[INFO] [1788859992.913866359]: [sim_plan] built plan=2803 start=4834.60 horizon=15.00 frames=150 commit_frames=20[0m
[0m[INFO] [1788859992.935232665]: [sim_plan] built plan=2804 start=4836.60 horizon=15.00 frames=150 commit_frames=20[0m
[0m[INFO] [1788859992.954240828]: [sim_plan] built plan=2805 start=4838.60 horizon=15.00 frames=150 commit_frames=20[0m
[0m[INFO] [1788859992.970925268]: [sim_plan] built plan=2806 start=4840.60 horizon=15.00 frames=150 commit_frames=20[0m
[0m[INFO] [1788859992.988369776]: [sim_plan] built plan=2807 start=4842.60 horizon=15.00 frames=150 commit_frames=20[0m
[0m[INFO] [1788859993.004572181]: [sim_plan] built plan=2808 start=4844.60 horizon=15.00 frames=150 commit_frames=20[0m
[0m[INFO] [1788859993.021803441]: [sim_plan] built plan=2809 start=4846.60 horizon=15.00 frames=150 commit_frames=20[0m
[0m[INFO] [1788859993.037506258]: [sim_plan] built plan=2810 start=4848.60 horizon=15.00 frames=150 commit_frames=20[0m
[0m[INFO] [1788859993.054697483]: [sim_plan] built plan=2811 start=4850.60 horizon=15.00 frames=150 commit_frames=20[0m
[0m[INFO] [1788859993.066067368]: [sim_plan] built plan=2812 start=4852.60 horizon=15.00 frames=150 commit_frames=20[0m
[0m[INFO] [1788859993.074819227]: [sim_plan] built plan=2813 start=4854.60 horizon=15.00 frames=150 commit_frames=20[0m
[0m[INFO] [1788859993.081584501]: [sim_plan] built plan=2814 start=4856.60 horizon=15.00 frames=150 commit_frames=20[0m
[0m[INFO] [1788859993.086862334]: [sim_plan] built plan=2815 start=4858.60 horizon=15.00 frames=150 commit_frames=20[0m
[0m[INFO] [1788859993.092002350]: [sim_plan] built plan=2816 start=4860.60 horizon=15.00 frames=150 commit_frames=20[0m
[0m[INFO] [1788859993.096302189]: [sim_plan] built plan=2817 start=4862.30 horizon=15.00 frames=150 commit_frames=20[0m
[0m[INFO] [1788859993.101531436]: [sim_plan] built plan=2818 start=4864.30 horizon=15.00 frames=150 commit_frames=20[0m
[0m[INFO] [1788859993.107355372]: [sim_plan] built plan=2819 start=4866.30 horizon=15.00 frames=150 commit_frames=20[0m
[0m[INFO] [1788859993.108709705]: [multi_patrol][A1] V1 activate prepared dropoff: A1 -> B26 len=3.655 priority_until_s=0.758[0m
[0m[INFO] [1788859993.112478639]: [sim_plan] built plan=2820 start=4867.20 horizon=15.00 frames=150 commit_frames=20[0m
[0m[INFO] [1788859993.117931453]: [sim_plan] built plan=2821 start=4869.20 horizon=15.00 frames=150 commit_frames=20[0m
[0m[INFO] [1788859993.122302808]: [multi_patrol][A1] V0 pickup leg: B46 -> A1  wpts=462 len=5.089[0m
[0m[INFO] [1788859993.148716575]: [sim_plan] built plan=2822 start=4869.90 horizon=15.00 frames=150 commit_frames=20[0m
[0m[INFO] [1788859993.176706294]: [sim_plan] built plan=2823 start=4871.90 horizon=15.00 frames=150 commit_frames=20[0m
[0m[INFO] [1788859993.177888664]: [multi_patrol][A1 EXIT PRIORITY RELEASE] V1 s=0.771 threshold=0.758[0m
[0m[INFO] [1788859993.202861585]: [sim_plan] built plan=2824 start=4873.90 horizon=15.00 frames=150 commit_frames=20[0m
[0m[INFO] [17[33m[WARN] [1788859993.319145910]: [SLOT_DEPARTURE] time=81min34.7s vehicle=V1 owner=V0 result=ALLOW reason=slot_departure_clear candidate_path_gen=119 slot_departure_clear_s=0.327 vehicle_mode=ACTIVE vehicle_speed=0.000 vehicle_path_s=0.000 blocker=none a1_prefix_conflict=0 ordinary_road_conflict=0 owner_phase=TO_A1 owner_path_gen=131 geometry=pending_preview protected_zones=0 actual_occupancy_priority=0 spatial_stop_launch_infeasible=0 waiter_stop_s=2.700[0m
[33m[WARN] [1788859993.319574744]: [multi_patrol][A1 EXIT PREPARED] V1 target=B25 pickup_dwell=5.00s exit_len=7.735 priority_until_s=0.758 horizon_refresh=IMMEDIATE[0m
[33m[WARN] [1788859993.432226438]: [multi_patrol][A1 EXIT HORIZON] V0 target=B28 dwell_part=4.90s departure_window=10.10s total_horizon=15.00s[0m
[33m[WARN] [1788859993.453856155]: [multi_patrol][A1 EXIT HORIZON] V0 target=B28 dwell_part=2.90s departure_window=12.10s total_horizon=15.00s[0m
[33m[WARN] [1788859993.476960305]: [multi_patrol][A1 EXIT HORIZON] V0 target=B28 dwell_part=0.90s departure_window=14.10s total_horizon=15.00s[0m
[33m[WARN] [1788859993.583289034]: [multi_patrol][A1 EXIT HORIZON] V1 target=B25 dwell_part=4.90s departure_window=10.10s total_horizon=15.00s[0m
[33m[WARN] [1788859993.589550391]: [multi_patrol][A1 EXIT HORIZON] V1 target=B25 dwell_part=2.90s departure_window=12.10s total_horizon=15.00s[0m
[33m[WARN] [1788859993.597101077]: [multi_patrol][A1 EXIT HORIZON] V1 target=B25 dwell_part=0.90s departure_window=14.10s total_horizon=15.00s[0m
88859993.224989219]: [sim_plan] built plan=2825 start=4875.90 horizon=15.00 frames=150 commit_frames=20[0m
[0m[INFO] [1788859993.245499137]: [sim_plan] built plan=2826 start=4877.90 horizon=15.00 frames=150 commit_frames=20[0m
[0m[INFO] [1788859993.260377591]: [sim_plan] built plan=2827 start=4879.90 horizon=15.00 frames=150 commit_frames=20[0m
[0m[INFO] [1788859993.274940110]: [sim_plan] built plan=2828 start=4881.90 horizon=15.00 frames=150 commit_frames=20[0m
[0m[INFO] [1788859993.285528938]: [sim_plan] built plan=2829 start=4883.90 horizon=15.00 frames=150 commit_frames=20[0m
[0m[INFO] [1788859993.293995037]: [sim_plan] built plan=2830 start=4885.90 horizon=15.00 frames=150 commit_frames=20[0m
[0m[INFO] [1788859993.300140823]: [sim_plan] built plan=2831 start=4887.90 horizon=15.00 frames=150 commit_frames=20[0m
[0m[INFO] [1788859993.307928612]: [sim_plan] built plan=2832 start=4889.90 horizon=15.00 frames=150 commit_frames=20[0m
[0m[INFO] [1788859993.312071504]: [sim_plan] built plan=2833 start=4891.90 horizon=15.00 frames=150 commit_frames=20[0m
[0m[INFO] [1788859993.316177473]: [sim_plan] built plan=2834 start=4893.90 horizon=15.00 frames=150 commit_frames=20[0m
[0m[INFO] [1788859993.319101184]: [multi_patrol][A1] V1 pickup leg: B26 -> A1  wpts=298 len=3.694[0m
[0m[INFO] [1788859993.334004392]: [sim_plan] built plan=2835 start=4894.70 horizon=15.00 frames=150 commit_frames=20[0m
[0m[INFO] [1788859993.350284104]: [sim_plan] built plan=2836 start=4896.70 horizon=15.00 frames=150 commit_frames=20[0m
[0m[INFO] [1788859993.371009004]: [sim_plan] built plan=2837 start=4898.70 horizon=15.00 frames=150 commit_frames=20[0m
[0m[INFO] [1788859993.391481479]: [sim_plan] built plan=2838 start=4900.70 horizon=15.00 frames=150 commit_frames=20[0m
[0m[INFO] [1788859993.412552336]: [sim_plan] built plan=2839 start=4902.70 horizon=15.00 frames=150 commit_frames=20[0m
[0m[INFO] [1788859993.432188609]: [sim_plan] built plan=2840 start=4903.60 horizon=15.00 frames=150 commit_frames=20[0m
[0m[INFO] [1788859993.453803815]: [sim_plan] built plan=2841 start=4905.60 horizon=15.00 frames=150 commit_frames=20[0m
[0m[INFO] [1788859993.476922981]: [sim_plan] built plan=2842 start=4907.60 horizon=15.00 frames=150 commit_frames=20[0m
[0m[INFO] [1788859993.478047674]: [multi_patrol][A1] V0 activate prepared dropoff: A1 -> B28 len=3.444 priority_until_s=0.758[0m
[0m[INFO] [1788859993.502267384]: [sim_plan] built plan=2843 start=4908.50 horizon=15.00 frames=150 commit_frames=20[0m
[0m[INFO] [1788859993.525266353]: [sim_plan] built plan=2844 start=4910.50 horizon=15.00 frames=150 commit_frames=20[0m
[0m[INFO] [1788859993.540907508]: [sim_plan] built plan=2845 start=4912.50 horizon=15.00 frames=150 commit_frames=20[0m
[0m[INFO] [1788859993.542102782]: [multi_patrol][A1 EXIT PRIORITY RELEASE] V0 s=0.771 threshold=0.758[0m
[0m[INFO] [1788859993.553410247]: [sim_plan] built plan=2846 start=4914.50 horizon=15.00 frames=150 commit_frames=20[0m
[0m[INFO] [1788859993.564005643]: [sim_plan] built plan=2847 start=4916.50 horizon=15.00 frames=150 commit_frames=20[0m
[0m[INFO] [1788859993.572196055]: [sim_plan] built plan=2848 start=4918.50 horizon=15.00 frames=150 commit_frames=20[0m
[0m[INFO] [1788859993.578295009]: [sim_plan] built plan=2849 start=4920.50 horizon=15.00 frames=150 commit_frames=20[0m
[0m[INFO] [1788859993.583246750]: [sim_plan] built plan=2850 start=4922.40 horizon=15.00 frames=150 commit_frames=20[0m
[0m[INFO] [1788859993.589504930]: [sim_plan] built plan=2851 start=4924.40 horizon=15.00 frames=150 commit_frames=20[0m
[0m[INFO] [1788859993.597043217]: [sim_plan] built plan=2852 start=4926.40 horizon=15.00 frames=150 commit_frames=20[0m
[0m[INFO] [1788859993.598403492]: [multi_patrol][A1] V1 activate prepared dropoff: A1 -> B25 len=7.735 priority_until_s=0.758[0m
[0m[INFO] [1788859993.604610507]: [sim_plan] built plan=2853 start=4927.30 horizon=15.00 frames=150 commit_frames=20[0m
[0m[INFO] [1788859993.616115528]: [sim_plan] built plan=2854 start=4929.30 horizon=15.00 frames=150[33m[WARN] [1788859993.627328893]: [SLOT_DEPARTURE] time=82min15.1s vehicle=V0 owner=none result=ALLOW reason=no_service_owner candidate_path_gen=133 slot_departure_clear_s=0.327 vehicle_mode=ACTIVE vehicle_speed=0.000 vehicle_path_s=0.000 blocker=none a1_prefix_conflict=0 ordinary_road_conflict=0[0m
[33m[WARN] [1788859993.627789204]: [multi_patrol][A1 EXIT PREPARED] V0 target=B65 pickup_dwell=5.00s exit_len=6.956 priority_until_s=0.758 horizon_refresh=IMMEDIATE[0m
[33m[WARN] [1788859993.912953990]: [multi_patrol][A1 EXIT HORIZON] V0 target=B65 dwell_part=4.90s departure_window=10.10s total_horizon=15.00s[0m
[33m[WARN] [1788859993.918707699]: [multi_patrol][A1 EXIT HORIZON] V0 target=B65 dwell_part=2.90s departure_window=12.10s total_horizon=15.00s[0m
[33m[WARN] [1788859993.925781167]: [SLOT_DEPARTURE] time=82min57.0s vehicle=V1 owner=V0 result=ALLOW reason=slot_departure_clear candidate_path_gen=121 slot_departure_clear_s=0.327 vehicle_mode=ACTIVE vehicle_speed=0.000 vehicle_path_s=0.000 blocker=none a1_prefix_conflict=0 ordinary_road_conflict=0 owner_phase=PICKUP_DWELL owner_path_gen=133 geometry=pending_preview protected_zones=0 actual_occupancy_priority=0 spatial_stop_launch_infeasible=0 waiter_stop_s=4.625[0m
[33m[WARN] [1788859993.926292989]: [multi_patrol][A1 EXIT PREPARED] V1 target=B63 pickup_dwell=5.00s exit_len=6.551 priority_until_s=0.758 horizon_refresh=IMMEDIATE[0m
[33m[WARN] [1788859993.939391112]: [multi_patrol][A1 EXIT HORIZON] V0 target=B65 dwell_part=2.60s departure_window=12.40s total_horizon=15.00s[0m
[33m[WARN] [1788859993.960921043]: [multi_patrol][A1 EXIT HORIZON] V0 target=B65 dwell_part=0.60s departure_window=14.40s total_horizon=15.00s[0m
 commit_frames=20[0m
[0m[INFO] [1788859993.621558668]: [sim_plan] built plan=2855 start=4931.30 horizon=15.00 frames=150 commit_frames=20[0m
[0m[INFO] [1788859993.622926890]: [multi_patrol][A1 EXIT PRIORITY RELEASE] V1 s=0.771 threshold=0.758[0m
[0m[INFO] [1788859993.626556377]: [sim_plan] built plan=2856 start=4933.30 horizon=15.00 frames=150 commit_frames=20[0m
[0m[INFO] [1788859993.627289392]: [multi_patrol][A1] V0 pickup leg: B28 -> A1  wpts=298 len=3.913[0m
[0m[INFO] [1788859993.656401662]: [sim_plan] built plan=2857 start=4935.10 horizon=15.00 frames=150 commit_frames=20[0m
[0m[INFO] [1788859993.685349348]: [sim_plan] built plan=2858 start=4937.10 horizon=15.00 frames=150 commit_frames=20[0m
[0m[INFO] [1788859993.702865335]: [sim_plan] built plan=2859 start=4939.10 horizon=15.00 frames=150 commit_frames=20[0m
[0m[INFO] [1788859993.718762560]: [sim_plan] built plan=2860 start=4941.10 horizon=15.00 frames=150 commit_frames=20[0m
[0m[INFO] [1788859993.732828239]: [sim_plan] built plan=2861 start=4943.10 horizon=15.00 frames=150 commit_frames=20[0m
[0m[INFO] [1788859993.747020145]: [sim_plan] built plan=2862 start=4945.10 horizon=15.00 frames=150 commit_frames=20[0m
[0m[INFO] [1788859993.762022941]: [sim_plan] built plan=2863 start=4947.10 horizon=15.00 frames=150 commit_frames=20[0m
[0m[INFO] [1788859993.777111562]: [sim_plan] built plan=2864 start=4949.10 horizon=15.00 frames=150 commit_frames=20[0m
[0m[INFO] [1788859993.792054794]: [sim_plan] built plan=2865 start=4951.10 horizon=15.00 frames=150 commit_frames=20[0m
[0m[INFO] [1788859993.806991007]: [sim_plan] built plan=2866 start=4953.10 horizon=15.00 frames=150 commit_frames=20[0m
[0m[INFO] [1788859993.823133236]: [sim_plan] built plan=2867 start=4955.10 horizon=15.00 frames=150 commit_frames=20[0m
[0m[INFO] [1788859993.838227405]: [sim_plan] built plan=2868 start=4957.10 horizon=15.00 frames=150 commit_frames=20[0m
[0m[INFO] [1788859993.851878826]: [sim_plan] built plan=2869 start=4959.10 horizon=15.00 frames=150 commit_frames=20[0m
[0m[INFO] [1788859993.870282924]: [sim_plan] built plan=2870 start=4961.10 horizon=15.00 frames=150 commit_frames=20[0m
[0m[INFO] [1788859993.880231983]: [sim_plan] built plan=2871 start=4963.10 horizon=15.00 frames=150 commit_frames=20[0m
[0m[INFO] [1788859993.888400012]: [sim_plan] built plan=2872 start=4965.10 horizon=15.00 frames=150 commit_frames=20[0m
[0m[INFO] [1788859993.894975263]: [sim_plan] built plan=2873 start=4967.10 horizon=15.00 frames=150 commit_frames=20[0m
[0m[INFO] [1788859993.900006640]: [sim_plan] built plan=2874 start=4969.10 horizon=15.00 frames=150 commit_frames=20[0m
[0m[INFO] [1788859993.904259041]: [sim_plan] built plan=2875 start=4971.10 horizon=15.00 frames=150 commit_frames=20[0m
[0m[INFO] [1788859993.908429852]: [sim_plan] built plan=2876 start=4973.10 horizon=15.00 frames=150 commit_frames=20[0m
[0m[INFO] [1788859993.912900328]: [sim_plan] built plan=2877 start=4974.70 horizon=15.00 frames=150 commit_frames=20[0m
[0m[INFO] [1788859993.918662880]: [sim_plan] built plan=2878 start=4976.70 horizon=15.00 frames=150 commit_frames=20[0m
[0m[INFO] [1788859993.925732169]: [multi_patrol][A1] V1 pickup leg: B25 -> A1  wpts=491 len=5.663[0m
[0m[INFO] [1788859993.939339259]: [sim_plan] built plan=2879 start=4977.00 horizon=15.00 frames=150 commit_frames=20[0m
[0m[INFO] [1788859993.960874507]: [sim_plan] built plan=2880 start=4979.00 horizon=15.00 frames=150 commit_frames=20[0m
[0m[INFO] [1788859993.961924774]: [multi_patrol][A1] V0 activate prepared dropoff: A1 -> B65 len=6.956 priority_until_s=0.758[0m
[0m[INFO] [1788859993.978649974]: [sim_plan] built plan=2881 start=4979.60 horizon=15.00 frames=150 commit_frames=20[0m
[0m[INFO] [1788859994.004044297]: [sim_plan] built plan=2882 start=4981.60 horizon=15.00 frames=150 commit_frames=20[0m
[0m[INFO] [1788859994.022137991]: [sim_plan] built plan=2883 start=4983.60 horizon=15.00 frames=150 commit_frames=20[0m
[0m[INFO] [1788859994.023294048]: [multi_patrol][A1 EXIT PRIORITY RELEASE] V0 s=0.771 thres[33m[WARN] [1788859994.205645146]: [multi_patrol][A1 EXIT HORIZON] V1 target=B63 dwell_part=4.90s departure_window=10.10s total_horizon=15.00s[0m
[33m[WARN] [1788859994.213113651]: [multi_patrol][A1 EXIT HORIZON] V1 target=B63 dwell_part=2.90s departure_window=12.10s total_horizon=15.00s[0m
[33m[WARN] [1788859994.220809131]: [multi_patrol][A1 EXIT HORIZON] V1 target=B63 dwell_part=0.90s departure_window=14.10s total_horizon=15.00s[0m
[33m[WARN] [1788859994.253947761]: [SLOT_DEPARTURE] time=83min45.4s vehicle=V0 owner=none result=ALLOW reason=no_service_owner candidate_path_gen=135 slot_departure_clear_s=0.346 vehicle_mode=ACTIVE vehicle_speed=0.000 vehicle_path_s=0.000 blocker=none a1_prefix_conflict=0 ordinary_road_conflict=0[0m
[33m[WARN] [1788859994.254365736]: [multi_patrol][A1 EXIT PREPARED] V0 target=B44 pickup_dwell=5.00s exit_len=7.399 priority_until_s=0.758 horizon_refresh=IMMEDIATE[0m
hold=0.758[0m
[0m[INFO] [1788859994.039821267]: [sim_plan] built plan=2884 start=4985.60 horizon=15.00 frames=150 commit_frames=20[0m
[0m[INFO] [1788859994.058420242]: [sim_plan] built plan=2885 start=4987.60 horizon=15.00 frames=150 commit_frames=20[0m
[0m[INFO] [1788859994.074413038]: [sim_plan] built plan=2886 start=4989.60 horizon=15.00 frames=150 commit_frames=20[0m
[0m[INFO] [1788859994.090285742]: [sim_plan] built plan=2887 start=4991.60 horizon=15.00 frames=150 commit_frames=20[0m
[0m[INFO] [1788859994.106697304]: [sim_plan] built plan=2888 start=4993.60 horizon=15.00 frames=150 commit_frames=20[0m
[0m[INFO] [1788859994.123161822]: [sim_plan] built plan=2889 start=4995.60 horizon=15.00 frames=150 commit_frames=20[0m
[0m[INFO] [1788859994.139113978]: [sim_plan] built plan=2890 start=4997.60 horizon=15.00 frames=150 commit_frames=20[0m
[0m[INFO] [1788859994.152767172]: [sim_plan] built plan=2891 start=4999.60 horizon=15.00 frames=150 commit_frames=20[0m
[0m[INFO] [1788859994.165144285]: [sim_plan] built plan=2892 start=5001.60 horizon=15.00 frames=150 commit_frames=20[0m
[0m[INFO] [1788859994.176132055]: [sim_plan] built plan=2893 start=5003.60 horizon=15.00 frames=150 commit_frames=20[0m
[0m[INFO] [1788859994.185849869]: [sim_plan] built plan=2894 start=5005.60 horizon=15.00 frames=150 commit_frames=20[0m
[0m[INFO] [1788859994.193662208]: [sim_plan] built plan=2895 start=5007.60 horizon=15.00 frames=150 commit_frames=20[0m
[0m[INFO] [1788859994.200085783]: [sim_plan] built plan=2896 start=5009.60 horizon=15.00 frames=150 commit_frames=20[0m
[0m[INFO] [1788859994.205583659]: [sim_plan] built plan=2897 start=5011.50 horizon=15.00 frames=150 commit_frames=20[0m
[0m[INFO] [1788859994.213064030]: [sim_plan] built plan=2898 start=5013.50 horizon=15.00 frames=150 commit_frames=20[0m
[0m[INFO] [1788859994.220769584]: [sim_plan] built plan=2899 start=5015.50 horizon=15.00 frames=150 commit_frames=20[0m
[0m[INFO] [1788859994.221902278]: [multi_patrol][A1] V1 activate prepared dropoff: A1 -> B63 len=6.551 priority_until_s=0.758[0m
[0m[INFO] [1788859994.228020409]: [sim_plan] built plan=2900 start=5016.40 horizon=15.00 frames=150 commit_frames=20[0m
[0m[INFO] [1788859994.241112024]: [sim_plan] built plan=2901 start=5018.40 horizon=15.00 frames=150 commit_frames=20[0m
[0m[INFO] [1788859994.245504206]: [sim_plan] built plan=2902 start=5020.40 horizon=15.00 frames=150 commit_frames=20[0m
[0m[INFO] [1788859994.246796409]: [multi_patrol][A1 EXIT PRIORITY RELEASE] V1 s=0.771 threshold=0.758[0m
[0m[INFO] [1788859994.249915005]: [sim_plan] built plan=2903 start=5022.40 horizon=15.00 frames=150 commit_frames=20[0m
[0m[INFO] [1788859994.253291730]: [sim_plan] built plan=2904 start=5024.40 horizon=15.00 frames=150 commit_frames=20[0m
[0m[INFO] [1788859994.253910051]: [multi_patrol][A1] V0 pickup leg: B65 -> A1  wpts=567 len=6.684[0m
[0m[INFO] [1788859994.269503236]: [sim_plan] built plan=2905 start=5025.40 horizon=15.00 frames=150 commit_frames=20[0m
[0m[INFO] [1788859994.296164210]: [sim_plan] built plan=2906 start=5027.40 horizon=15.00 frames=150 commit_frames=20[0m
[0m[INFO] [1788859994.322962020]: [sim_plan] built plan=2907 start=5029.40 horizon=15.00 frames=150 commit_frames=20[0m
[0m[INFO] [1788859994.353655613]: [sim_plan] built plan=2908 start=5031.40 horizon=15.00 frames=150 commit_frames=20[0m
[0m[INFO] [1788859994.384691275]: [sim_plan] built plan=2909 start=5033.40 horizon=15.00 frames=150 commit_frames=20[0m
[0m[INFO] [1788859994.413563201]: [sim_plan] built plan=2910 start=5035.40 horizon=15.00 frames=150 commit_frames=20[0m
[0m[INFO] [1788859994.437222925]: [sim_plan] built plan=2911 start=5037.40 horizon=15.00 frames=150 commit_frames=20[0m
[0m[INFO] [1788859994.459099124]: [sim_plan] built plan=2912 start=5039.40 horizon=15.00 frames=150 commit_frames=20[0m
[0m[INFO] [1788859994.459418538]: [batch] 50400/72000 ticks (sim_t=5040s) hard_guard=0[0m
[0m[INFO] [1788859994.478694482]: [sim_plan] built plan=2913 start=5041.40 horizon=15.00 frames=150 commit_fr[33m[WARN] [1788859994.578531436]: [SLOT_DEPARTURE] time=84min23.0s vehicle=V1 owner=none result=ALLOW reason=no_service_owner candidate_path_gen=123 slot_departure_clear_s=0.346 vehicle_mode=ACTIVE vehicle_speed=0.000 vehicle_path_s=0.000 blocker=none a1_prefix_conflict=0 ordinary_road_conflict=0[0m
[33m[WARN] [1788859994.578912281]: [multi_patrol][A1 EXIT PREPARED] V1 target=B60 pickup_dwell=5.00s exit_len=8.803 priority_until_s=0.758 horizon_refresh=IMMEDIATE[0m
[33m[WARN] [1788859994.712143997]: [multi_patrol][A1 EXIT HORIZON] V0 target=B44 dwell_part=4.90s departure_window=10.10s total_horizon=15.00s[0m
[33m[WARN] [1788859994.724197560]: [multi_patrol][A1 EXIT HORIZON] V0 target=B44 dwell_part=2.90s departure_window=12.10s total_horizon=15.00s[0m
[33m[WARN] [1788859994.739776556]: [multi_patrol][A1 EXIT HORIZON] V0 target=B44 dwell_part=0.90s departure_window=14.10s total_horizon=15.00s[0m
ames=20[0m
[0m[INFO] [1788859994.494957519]: [sim_plan] built plan=2914 start=5043.40 horizon=15.00 frames=150 commit_frames=20[0m
[0m[INFO] [1788859994.520807997]: [sim_plan] built plan=2915 start=5045.40 horizon=15.00 frames=150 commit_frames=20[0m
[0m[INFO] [1788859994.535833636]: [sim_plan] built plan=2916 start=5047.40 horizon=15.00 frames=150 commit_frames=20[0m
[0m[INFO] [1788859994.546670048]: [sim_plan] built plan=2917 start=5049.40 horizon=15.00 frames=150 commit_frames=20[0m
[0m[INFO] [1788859994.555239471]: [sim_plan] built plan=2918 start=5051.40 horizon=15.00 frames=150 commit_frames=20[0m
[0m[INFO] [1788859994.562671377]: [sim_plan] built plan=2919 start=5053.40 horizon=15.00 frames=150 commit_frames=20[0m
[0m[INFO] [1788859994.568100453]: [sim_plan] built plan=2920 start=5055.40 horizon=15.00 frames=150 commit_frames=20[0m
[0m[INFO] [1788859994.571785268]: [sim_plan] built plan=2921 start=5057.40 horizon=15.00 frames=150 commit_frames=20[0m
[0m[INFO] [1788859994.574813622]: [sim_plan] built plan=2922 start=5059.40 horizon=15.00 frames=150 commit_frames=20[0m
[0m[INFO] [1788859994.577894693]: [sim_plan] built plan=2923 start=5061.40 horizon=15.00 frames=150 commit_frames=20[0m
[0m[INFO] [1788859994.578487003]: [multi_patrol][A1] V1 pickup leg: B63 -> A1  wpts=523 len=6.245[0m
[0m[INFO] [1788859994.592815044]: [sim_plan] built plan=2924 start=5063.00 horizon=15.00 frames=150 commit_frames=20[0m
[0m[INFO] [1788859994.626295979]: [sim_plan] built plan=2925 start=5065.00 horizon=15.00 frames=150 commit_frames=20[0m
[0m[INFO] [1788859994.643563097]: [sim_plan] built plan=2926 start=5067.00 horizon=15.00 frames=150 commit_frames=20[0m
[0m[INFO] [1788859994.657456299]: [sim_plan] built plan=2927 start=5069.00 horizon=15.00 frames=150 commit_frames=20[0m
[0m[INFO] [1788859994.668876527]: [sim_plan] built plan=2928 start=5071.00 horizon=15.00 frames=150 commit_frames=20[0m
[0m[INFO] [1788859994.680008443]: [sim_plan] built plan=2929 start=5073.00 horizon=15.00 frames=150 commit_frames=20[0m
[0m[INFO] [1788859994.691155346]: [sim_plan] built plan=2930 start=5075.00 horizon=15.00 frames=150 commit_frames=20[0m
[0m[INFO] [1788859994.701774466]: [sim_plan] built plan=2931 start=5077.00 horizon=15.00 frames=150 commit_frames=20[0m
[0m[INFO] [1788859994.712088653]: [sim_plan] built plan=2932 start=5078.90 horizon=15.00 frames=150 commit_frames=20[0m
[0m[INFO] [1788859994.724160585]: [sim_plan] built plan=2933 start=5080.90 horizon=15.00 frames=150 commit_frames=20[0m
[0m[INFO] [1788859994.739725557]: [sim_plan] built plan=2934 start=5082.90 horizon=15.00 frames=150 commit_frames=20[0m
[0m[INFO] [1788859994.741464814]: [multi_patrol][A1] V0 activate prepared dropoff: A1 -> B44 len=7.399 priority_until_s=0.758[0m
[0m[INFO] [1788859994.757505045]: [sim_plan] built plan=2935 start=5083.80 horizon=15.00 frames=150 commit_frames=20[0m
[0m[INFO] [1788859994.782232411]: [sim_plan] built plan=2936 start=5085.80 horizon=15.00 frames=150 commit_frames=20[0m
[0m[INFO] [1788859994.800218212]: [sim_plan] built plan=2937 start=5087.80 horizon=15.00 frames=150 commit_frames=20[0m
[0m[INFO] [1788859994.801638567]: [multi_patrol][A1 EXIT PRIORITY RELEASE] V0 s=0.771 threshold=0.758[0m
[0m[INFO] [1788859994.815563312]: [sim_plan] built plan=2938 start=5089.80 horizon=15.00 frames=150 commit_frames=20[0m
[0m[INFO] [1788859994.828191327]: [sim_plan] built plan=2939 start=5091.80 horizon=15.00 frames=150 commit_frames=20[0m
[0m[INFO] [1788859994.840013634]: [sim_plan] built plan=2940 start=5093.80 horizon=15.00 frames=150 commit_frames=20[0m
[0m[INFO] [1788859994.850117039]: [sim_plan] built plan=2941 start=5095.80 horizon=15.00 frames=150 commit_frames=20[0m
[0m[INFO] [1788859994.860525914]: [sim_plan] built plan=2942 start=5097.80 horizon=15.00 frames=150 commit_frames=20[0m
[0m[INFO] [1788859994.869214443]: [sim_plan] built plan=2943 start=5099.80 horizon=15.00 frames=150 commit_frames=20[0m
[0m[INFO] [1788859994.877595324]: [sim_plan] built plan=2944 start=5101.30 horizon[33m[WARN] [1788859994.877866531]: [multi_patrol][A1 EXIT HORIZON] V1 target=B60 dwell_part=4.90s departure_window=10.10s total_horizon=15.00s[0m
[33m[WARN] [1788859994.890066322]: [multi_patrol][A1 EXIT HORIZON] V1 target=B60 dwell_part=2.90s departure_window=12.10s total_horizon=15.00s[0m
[33m[WARN] [1788859994.906480033]: [multi_patrol][A1 EXIT HORIZON] V1 target=B60 dwell_part=0.90s departure_window=14.10s total_horizon=15.00s[0m
[33m[WARN] [1788859995.053442169]: [SLOT_DEPARTURE] time=85min31.8s vehicle=V0 owner=none result=ALLOW reason=no_service_owner candidate_path_gen=137 slot_departure_clear_s=0.327 vehicle_mode=ACTIVE vehicle_speed=0.000 vehicle_path_s=0.000 blocker=none a1_prefix_conflict=0 ordinary_road_conflict=0[0m
[33m[WARN] [1788859995.053957329]: [multi_patrol][A1 EXIT PREPARED] V0 target=B65 pickup_dwell=5.00s exit_len=6.956 priority_until_s=0.758 horizon_refresh=IMMEDIATE[0m
=15.00 frames=150 commit_frames=20[0m
[0m[INFO] [1788859994.890017031]: [sim_plan] built plan=2945 start=5103.30 horizon=15.00 frames=150 commit_frames=20[0m
[0m[INFO] [1788859994.906423689]: [sim_plan] built plan=2946 start=5105.30 horizon=15.00 frames=150 commit_frames=20[0m
[0m[INFO] [1788859994.907863513]: [multi_patrol][A1] V1 activate prepared dropoff: A1 -> B60 len=8.803 priority_until_s=0.758[0m
[0m[INFO] [1788859994.922837852]: [sim_plan] built plan=2947 start=5106.20 horizon=15.00 frames=150 commit_frames=20[0m
[0m[INFO] [1788859994.953614386]: [sim_plan] built plan=2948 start=5108.20 horizon=15.00 frames=150 commit_frames=20[0m
[0m[INFO] [1788859994.970261381]: [sim_plan] built plan=2949 start=5110.20 horizon=15.00 frames=150 commit_frames=20[0m
[0m[INFO] [1788859994.971377673]: [multi_patrol][A1 EXIT PRIORITY RELEASE] V1 s=0.771 threshold=0.758[0m
[0m[INFO] [1788859994.985629164]: [sim_plan] built plan=2950 start=5112.20 horizon=15.00 frames=150 commit_frames=20[0m
[0m[INFO] [1788859994.998797824]: [sim_plan] built plan=2951 start=5114.20 horizon=15.00 frames=150 commit_frames=20[0m
[0m[INFO] [1788859995.011533351]: [sim_plan] built plan=2952 start=5116.20 horizon=15.00 frames=150 commit_frames=20[0m
[0m[INFO] [1788859995.021801526]: [sim_plan] built plan=2953 start=5118.20 horizon=15.00 frames=150 commit_frames=20[0m
[0m[INFO] [1788859995.030783588]: [sim_plan] built plan=2954 start=5120.20 horizon=15.00 frames=150 commit_frames=20[0m
[0m[INFO] [1788859995.037877182]: [sim_plan] built plan=2955 start=5122.20 horizon=15.00 frames=150 commit_frames=20[0m
[0m[INFO] [1788859995.043235072]: [sim_plan] built plan=2956 start=5124.20 horizon=15.00 frames=150 commit_frames=20[0m
[0m[INFO] [1788859995.047003682]: [sim_plan] built plan=2957 start=5126.20 horizon=15.00 frames=150 commit_frames=20[0m
[0m[INFO] [1788859995.049952566]: [sim_plan] built plan=2958 start=5128.20 horizon=15.00 frames=150 commit_frames=20[0m
[0m[INFO] [1788859995.052817094]: [sim_plan] built plan=2959 start=5130.20 horizon=15.00 frames=150 commit_frames=20[0m
[0m[INFO] [1788859995.053398976]: [multi_patrol][A1] V0 pickup leg: B44 -> A1  wpts=486 len=5.327[0m
[0m[INFO] [1788859995.070006733]: [sim_plan] built plan=2960 start=5131.80 horizon=15.00 frames=150 commit_frames=20[0m
[0m[INFO] [1788859995.093351305]: [sim_plan] built plan=2961 start=5133.80 horizon=15.00 frames=150 commit_frames=20[0m
[0m[INFO] [1788859995.108779408]: [sim_plan] built plan=2962 start=5135.80 horizon=15.00 frames=150 commit_frames=20[0m
[0m[INFO] [1788859995.124462167]: [sim_plan] built plan=2963 start=5137.80 horizon=15.00 frames=150 commit_frames=20[0m
[0m[INFO] [1788859995.140092770]: [sim_plan] built plan=2964 start=5139.80 horizon=15.00 frames=150 commit_frames=20[0m
[0m[INFO] [1788859995.155257325]: [sim_plan] built plan=2965 start=5141.80 horizon=15.00 frames=150 commit_frames=20[0m
[0m[INFO] [1788859995.168934507]: [sim_plan] built plan=2966 start=5143.80 horizon=15.00 frames=150 commit_frames=20[0m
[0m[INFO] [1788859995.181710023]: [sim_plan] built plan=2967 start=5145.80 horizon=15.00 frames=150 commit_frames=20[0m
[0m[INFO] [1788859995.192500075]: [sim_plan] built plan=2968 start=5147.80 horizon=15.00 frames=150 commit_frames=20[0m
[0m[INFO] [1788859995.208915211]: [sim_plan] built plan=2969 start=5149.80 horizon=15.00 frames=150 commit_frames=20[0m
[0m[INFO] [1788859995.217243600]: [sim_plan] built plan=2970 start=5151.80 horizon=15.00 frames=150 commit_frames=20[0m
[0m[INFO] [1788859995.223658726]: [sim_plan] built plan=2971 start=5153.80 horizon=15.00 frames=150 commit_frames=20[0m
[0m[INFO] [1788859995.228953948]: [sim_plan] built plan=2972 start=5155.80 horizon=15.00 frames=150 commit_frames=20[0m
[0m[INFO] [1788859995.234826296]: [sim_plan] built plan=2973 start=5157.80 horizon=15.00 frames=150 commit_frames=20[0m
[0m[INFO] [1788859995.238886207]: [sim_plan] built plan=2974 start=5159.80 horizon=15.00 frames=150 commit_frames=20[0m
[0m[INFO] [1788859995.246077353]: [multi_patrol][A1] V1[33m[WARN] [1788859995.246284113]: [SLOT_DEPARTURE] time=86min1.4s vehicle=V1 owner=V0 result=ALLOW reason=slot_departure_clear candidate_path_gen=125 slot_departure_clear_s=0.346 vehicle_mode=ACTIVE vehicle_speed=0.000 vehicle_path_s=0.000 blocker=none a1_prefix_conflict=0 ordinary_road_conflict=0 owner_phase=TO_A1 owner_path_gen=137 geometry=pending_preview protected_zones=0 actual_occupancy_priority=0 spatial_stop_launch_infeasible=0 waiter_stop_s=5.025[0m
[33m[WARN] [1788859995.246645959]: [multi_patrol][A1 EXIT PREPARED] V1 target=B52 pickup_dwell=5.00s exit_len=5.439 priority_until_s=0.758 horizon_refresh=IMMEDIATE[0m
[33m[WARN] [1788859995.288499584]: [multi_patrol][A1 EXIT HORIZON] V0 target=B65 dwell_part=4.90s departure_window=10.10s total_horizon=15.00s[0m
[33m[WARN] [1788859995.301610318]: [multi_patrol][A1 EXIT HORIZON] V0 target=B65 dwell_part=2.90s departure_window=12.10s total_horizon=15.00s[0m
[33m[WARN] [1788859995.317458896]: [multi_patrol][A1 EXIT HORIZON] V0 target=B65 dwell_part=0.90s departure_window=14.10s total_horizon=15.00s[0m
[33m[WARN] [1788859995.553867068]: [multi_patrol][A1 EXIT HORIZON] V1 target=B52 dwell_part=4.90s departure_window=10.10s total_horizon=15.00s[0m
[33m[WARN] [1788859995.562658580]: [multi_patrol][A1 EXIT HORIZON] V1 target=B52 dwell_part=2.90s departure_window=12.10s total_horizon=15.00s[0m
[33m[WARN] [1788859995.572273351]: [multi_patrol][A1 EXIT HORIZON] V1 target=B52 dwell_part=0.90s departure_window=14.10s total_horizon=15.00s[0m
 pickup leg: B60 -> A1  wpts=561 len=6.067[0m
[0m[INFO] [1788859995.257275215]: [sim_plan] built plan=2975 start=5161.40 horizon=15.00 frames=150 commit_frames=20[0m
[0m[INFO] [1788859995.276266237]: [sim_plan] built plan=2976 start=5163.40 horizon=15.00 frames=150 commit_frames=20[0m
[0m[INFO] [1788859995.288455363]: [sim_plan] built plan=2977 start=5164.60 horizon=15.00 frames=150 commit_frames=20[0m
[0m[INFO] [1788859995.301562139]: [sim_plan] built plan=2978 start=5166.60 horizon=15.00 frames=150 commit_frames=20[0m
[0m[INFO] [1788859995.317421508]: [sim_plan] built plan=2979 start=5168.60 horizon=15.00 frames=150 commit_frames=20[0m
[0m[INFO] [1788859995.318555853]: [multi_patrol][A1] V0 activate prepared dropoff: A1 -> B65 len=6.956 priority_until_s=0.758[0m
[0m[INFO] [1788859995.334994915]: [sim_plan] built plan=2980 start=5169.50 horizon=15.00 frames=150 commit_frames=20[0m
[0m[INFO] [1788859995.361215053]: [sim_plan] built plan=2981 start=5171.50 horizon=15.00 frames=150 commit_frames=20[0m
[0m[INFO] [1788859995.380220388]: [sim_plan] built plan=2982 start=5173.50 horizon=15.00 frames=150 commit_frames=20[0m
[0m[INFO] [1788859995.381654055]: [multi_patrol][A1 EXIT PRIORITY RELEASE] V0 s=0.771 threshold=0.758[0m
[0m[INFO] [1788859995.399453377]: [sim_plan] built plan=2983 start=5175.50 horizon=15.00 frames=150 commit_frames=20[0m
[0m[INFO] [1788859995.419063513]: [sim_plan] built plan=2984 start=5177.50 horizon=15.00 frames=150 commit_frames=20[0m
[0m[INFO] [1788859995.438823394]: [sim_plan] built plan=2985 start=5179.50 horizon=15.00 frames=150 commit_frames=20[0m
[0m[INFO] [1788859995.456999451]: [sim_plan] built plan=2986 start=5181.50 horizon=15.00 frames=150 commit_frames=20[0m
[0m[INFO] [1788859995.472614569]: [sim_plan] built plan=2987 start=5183.50 horizon=15.00 frames=150 commit_frames=20[0m
[0m[INFO] [1788859995.486901539]: [sim_plan] built plan=2988 start=5185.50 horizon=15.00 frames=150 commit_frames=20[0m
[0m[INFO] [1788859995.500782030]: [sim_plan] built plan=2989 start=5187.50 horizon=15.00 frames=150 commit_frames=20[0m
[0m[INFO] [1788859995.511625819]: [sim_plan] built plan=2990 start=5189.50 horizon=15.00 frames=150 commit_frames=20[0m
[0m[INFO] [1788859995.521065994]: [sim_plan] built plan=2991 start=5191.50 horizon=15.00 frames=150 commit_frames=20[0m
[0m[INFO] [1788859995.530473014]: [sim_plan] built plan=2992 start=5193.50 horizon=15.00 frames=150 commit_frames=20[0m
[0m[INFO] [1788859995.539784022]: [sim_plan] built plan=2993 start=5195.50 horizon=15.00 frames=150 commit_frames=20[0m
[0m[INFO] [1788859995.546827808]: [sim_plan] built plan=2994 start=5197.50 horizon=15.00 frames=150 commit_frames=20[0m
[0m[INFO] [1788859995.553826925]: [sim_plan] built plan=2995 start=5198.00 horizon=15.00 frames=150 commit_frames=20[0m
[0m[INFO] [1788859995.562608223]: [sim_plan] built plan=2996 start=5200.00 horizon=15.00 frames=150 commit_frames=20[0m
[0m[INFO] [1788859995.572240711]: [sim_plan] built plan=2997 start=5202.00 horizon=15.00 frames=150 commit_frames=20[0m
[0m[INFO] [1788859995.573312064]: [multi_patrol][A1] V1 activate prepared dropoff: A1 -> B52 len=5.439 priority_until_s=0.758[0m
[0m[INFO] [1788859995.581827197]: [sim_plan] built plan=2998 start=5202.90 horizon=15.00 frames=150 commit_frames=20[0m
[0m[INFO] [1788859995.596949432]: [sim_plan] built plan=2999 start=5204.90 horizon=15.00 frames=150 commit_frames=20[0m
[0m[INFO] [1788859995.604473125]: [sim_plan] built plan=3000 start=5206.90 horizon=15.00 frames=150 commit_frames=20[0m
[0m[INFO] [1788859995.605451782]: [multi_patrol][A1 EXIT PRIORITY RELEASE] V1 s=0.771 threshold=0.758[0m
[0m[INFO] [1788859995.609639435]: [sim_plan] built plan=3001 start=5208.90 horizon=15.00 frames=150 commit_frames=20[0m
[0m[INFO] [1788859995.613297753]: [sim_plan] built plan=3002 start=5210.90 horizon=15.00 frames=150 commit_frames=20[0m
[0m[INFO] [1788859995.616657892]: [sim_plan] built plan=3003 start=5212.90 horizon=15.00 frames=150 commit_frames=20[0m
[0m[INFO] [1788859995.619982837]: [33m[WARN] [1788859995.620722010]: [SLOT_DEPARTURE] time=86min55.3s vehicle=V0 owner=none result=ALLOW reason=no_service_owner candidate_path_gen=139 slot_departure_clear_s=0.346 vehicle_mode=ACTIVE vehicle_speed=0.000 vehicle_path_s=0.000 blocker=none a1_prefix_conflict=0 ordinary_road_conflict=0[0m
[33m[WARN] [1788859995.621086848]: [multi_patrol][A1 EXIT PREPARED] V0 target=B63 pickup_dwell=5.00s exit_len=6.551 priority_until_s=0.758 horizon_refresh=IMMEDIATE[0m
[33m[WARN] [1788859995.770735059]: [SLOT_DEPARTURE] time=87min21.1s vehicle=V1 owner=none result=ALLOW reason=no_service_owner candidate_path_gen=127 slot_departure_clear_s=0.327 vehicle_mode=ACTIVE vehicle_speed=0.000 vehicle_path_s=0.000 blocker=none a1_prefix_conflict=0 ordinary_road_conflict=0[0m
[33m[WARN] [1788859995.771090538]: [multi_patrol][A1 EXIT PREPARED] V1 target=B49 pickup_dwell=5.00s exit_len=8.289 priority_until_s=0.758 horizon_refresh=IMMEDIATE[0m
[33m[WARN] [1788859995.917408955]: [multi_patrol][A1 EXIT HORIZON] V0 target=B63 dwell_part=4.90s departure_window=10.10s total_horizon=15.00s[0m
[33m[WARN] [1788859995.948658056]: [multi_patrol][A1 EXIT HORIZON] V0 target=B63 dwell_part=2.90s departure_window=12.10s total_horizon=15.00s[0m
[33m[WARN] [1788859995.980782354]: [multi_patrol][A1 EXIT HORIZON] V0 target=B63 dwell_part=0.90s departure_window=14.10s total_horizon=15.00s[0m
[33m[WARN] [1788859996.022124022]: [SOURCE=REAL] [plan=3029] [frame=10] [rollout_step=-1] [multi_patrol][A1 EXIT INTRUSION ENTER] owner=V0 target=B63 blocker=V1 dwell_remaining=0.00s visible_exit_t=14.95s owner_exit_s=2.605 blocker_phase=1 blocker_s=3.442 action=DIAG_ONLY[0m
[33m[WARN] [1788859996.051432844]: [SOURCE=REAL] [plan=3030] [frame=18] [rollout_step=-1] [multi_patrol][A1 EXIT INTRUSION CLEAR] owner=V0 blocker=V1[0m
[sim_plan] built plan=3004 start=5214.90 horizon=15.00 frames=150 commit_frames=20[0m
[0m[INFO] [1788859995.620688635]: [multi_patrol][A1] V0 pickup leg: B65 -> A1  wpts=567 len=6.684[0m
[0m[INFO] [1788859995.638442380]: [sim_plan] built plan=3005 start=5215.30 horizon=15.00 frames=150 commit_frames=20[0m
[0m[INFO] [1788859995.660738485]: [sim_plan] built plan=3006 start=5217.30 horizon=15.00 frames=150 commit_frames=20[0m
[0m[INFO] [1788859995.678503775]: [sim_plan] built plan=3007 start=5219.30 horizon=15.00 frames=150 commit_frames=20[0m
[0m[INFO] [1788859995.695805663]: [sim_plan] built plan=3008 start=5221.30 horizon=15.00 frames=150 commit_frames=20[0m
[0m[INFO] [1788859995.710381848]: [sim_plan] built plan=3009 start=5223.30 horizon=15.00 frames=150 commit_frames=20[0m
[0m[INFO] [1788859995.722658833]: [sim_plan] built plan=3010 start=5225.30 horizon=15.00 frames=150 commit_frames=20[0m
[0m[INFO] [1788859995.734962416]: [sim_plan] built plan=3011 start=5227.30 horizon=15.00 frames=150 commit_frames=20[0m
[0m[INFO] [1788859995.744553475]: [sim_plan] built plan=3012 start=5229.30 horizon=15.00 frames=150 commit_frames=20[0m
[0m[INFO] [1788859995.751888298]: [sim_plan] built plan=3013 start=5231.30 horizon=15.00 frames=150 commit_frames=20[0m
[0m[INFO] [1788859995.758646137]: [sim_plan] built plan=3014 start=5233.30 horizon=15.00 frames=150 commit_frames=20[0m
[0m[INFO] [1788859995.763070354]: [sim_plan] built plan=3015 start=5235.30 horizon=15.00 frames=150 commit_frames=20[0m
[0m[INFO] [1788859995.766458219]: [sim_plan] built plan=3016 start=5237.30 horizon=15.00 frames=150 commit_frames=20[0m
[0m[INFO] [1788859995.770202979]: [sim_plan] built plan=3017 start=5239.30 horizon=15.00 frames=150 commit_frames=20[0m
[0m[INFO] [1788859995.770703852]: [multi_patrol][A1] V1 pickup leg: B52 -> A1  wpts=427 len=5.304[0m
[0m[INFO] [1788859995.790983590]: [sim_plan] built plan=3018 start=5241.10 horizon=15.00 frames=150 commit_frames=20[0m
[0m[INFO] [1788859995.813205460]: [sim_plan] built plan=3019 start=5243.10 horizon=15.00 frames=150 commit_frames=20[0m
[0m[INFO] [1788859995.825177065]: [sim_plan] built plan=3020 start=5245.10 horizon=15.00 frames=150 commit_frames=20[0m
[0m[INFO] [1788859995.835834885]: [sim_plan] built plan=3021 start=5247.10 horizon=15.00 frames=150 commit_frames=20[0m
[0m[INFO] [1788859995.845861959]: [sim_plan] built plan=3022 start=5249.10 horizon=15.00 frames=150 commit_frames=20[0m
[0m[INFO] [1788859995.855819987]: [sim_plan] built plan=3023 start=5251.10 horizon=15.00 frames=150 commit_frames=20[0m
[0m[INFO] [1788859995.865051352]: [sim_plan] built plan=3024 start=5253.10 horizon=15.00 frames=150 commit_frames=20[0m
[0m[INFO] [1788859995.890524540]: [sim_plan] built plan=3025 start=5255.10 horizon=15.00 frames=150 commit_frames=20[0m
[0m[INFO] [1788859995.917366938]: [sim_plan] built plan=3026 start=5255.80 horizon=15.00 frames=150 commit_frames=20[0m
[0m[INFO] [1788859995.948621733]: [sim_plan] built plan=3027 start=5257.80 horizon=15.00 frames=150 commit_frames=20[0m
[0m[INFO] [1788859995.980747014]: [sim_plan] built plan=3028 start=5259.80 horizon=15.00 frames=150 commit_frames=20[0m
[0m[INFO] [1788859995.981888321]: [multi_patrol][A1] V0 activate prepared dropoff: A1 -> B63 len=6.551 priority_until_s=0.758[0m
[0m[INFO] [1788859996.014351422]: [sim_plan] built plan=3029 start=5260.70 horizon=15.00 frames=150 commit_frames=20[0m
[0m[INFO] [1788859996.050042694]: [sim_plan] built plan=3030 start=5262.70 horizon=15.00 frames=150 commit_frames=20[0m
[0m[INFO] [1788859996.075786950]: [sim_plan] built plan=3031 start=5264.70 horizon=15.00 frames=150 commit_frames=20[0m
[0m[INFO] [1788859996.077078059]: [multi_patrol][A1 EXIT PRIORITY RELEASE] V0 s=0.771 threshold=0.758[0m
[0m[INFO] [1788859996.098737349]: [sim_plan] built plan=3032 start=5266.70 horizon=15.00 frames=150 commit_frames=20[0m
[0m[INFO] [1788859996.116386991]: [sim_plan] built plan=3033 start=5268.70 horizon=15.00 frames=150 commit_frames=20[0m
[0m[INFO] [1788859996.1297[33m[WARN] [1788859996.182243688]: [multi_patrol][A1 EXIT HORIZON] V1 target=B49 dwell_part=4.90s departure_window=10.10s total_horizon=15.00s[0m
[33m[WARN] [1788859996.191708016]: [multi_patrol][A1 EXIT HORIZON] V1 target=B49 dwell_part=2.90s departure_window=12.10s total_horizon=15.00s[0m
[33m[WARN] [1788859996.204641499]: [multi_patrol][A1 EXIT HORIZON] V1 target=B49 dwell_part=0.90s departure_window=14.10s total_horizon=15.00s[0m
[33m[WARN] [1788859996.286469556]: [SLOT_DEPARTURE] time=88min24.9s vehicle=V0 owner=none result=ALLOW reason=no_service_owner candidate_path_gen=141 slot_departure_clear_s=0.346 vehicle_mode=ACTIVE vehicle_speed=0.000 vehicle_path_s=0.000 blocker=none a1_prefix_conflict=0 ordinary_road_conflict=0[0m
[33m[WARN] [1788859996.286915976]: [multi_patrol][A1 EXIT PREPARED] V0 target=B11 pickup_dwell=5.00s exit_len=4.555 priority_until_s=0.758 horizon_refresh=IMMEDIATE[0m
31985]: [sim_plan] built plan=3034 start=5270.70 horizon=15.00 frames=150 commit_frames=20[0m
[0m[INFO] [1788859996.140614295]: [sim_plan] built plan=3035 start=5272.70 horizon=15.00 frames=150 commit_frames=20[0m
[0m[INFO] [1788859996.150289055]: [sim_plan] built plan=3036 start=5274.70 horizon=15.00 frames=150 commit_frames=20[0m
[0m[INFO] [1788859996.158877295]: [sim_plan] built plan=3037 start=5276.70 horizon=15.00 frames=150 commit_frames=20[0m
[0m[INFO] [1788859996.166781779]: [sim_plan] built plan=3038 start=5278.70 horizon=15.00 frames=150 commit_frames=20[0m
[0m[INFO] [1788859996.174269112]: [sim_plan] built plan=3039 start=5280.70 horizon=15.00 frames=150 commit_frames=20[0m
[0m[INFO] [1788859996.182204316]: [sim_plan] built plan=3040 start=5282.00 horizon=15.00 frames=150 commit_frames=20[0m
[0m[INFO] [1788859996.191672428]: [sim_plan] built plan=3041 start=5284.00 horizon=15.00 frames=150 commit_frames=20[0m
[0m[INFO] [1788859996.204583005]: [sim_plan] built plan=3042 start=5286.00 horizon=15.00 frames=150 commit_frames=20[0m
[0m[INFO] [1788859996.205966506]: [multi_patrol][A1] V1 activate prepared dropoff: A1 -> B49 len=8.289 priority_until_s=0.758[0m
[0m[INFO] [1788859996.217370965]: [sim_plan] built plan=3043 start=5286.90 horizon=15.00 frames=150 commit_frames=20[0m
[0m[INFO] [1788859996.241189537]: [sim_plan] built plan=3044 start=5288.90 horizon=15.00 frames=150 commit_frames=20[0m
[0m[INFO] [1788859996.252290140]: [sim_plan] built plan=3045 start=5290.90 horizon=15.00 frames=150 commit_frames=20[0m
[0m[INFO] [1788859996.253304404]: [multi_patrol][A1 EXIT PRIORITY RELEASE] V1 s=0.771 threshold=0.758[0m
[0m[INFO] [1788859996.261970891]: [sim_plan] built plan=3046 start=5292.90 horizon=15.00 frames=150 commit_frames=20[0m
[0m[INFO] [1788859996.269715086]: [sim_plan] built plan=3047 start=5294.90 horizon=15.00 frames=150 commit_frames=20[0m
[0m[INFO] [1788859996.275370476]: [sim_plan] built plan=3048 start=5296.90 horizon=15.00 frames=150 commit_frames=20[0m
[0m[INFO] [1788859996.279396581]: [sim_plan] built plan=3049 start=5298.90 horizon=15.00 frames=150 commit_frames=20[0m
[0m[INFO] [1788859996.282454518]: [sim_plan] built plan=3050 start=5300.90 horizon=15.00 frames=150 commit_frames=20[0m
[0m[INFO] [1788859996.285823310]: [sim_plan] built plan=3051 start=5302.90 horizon=15.00 frames=150 commit_frames=20[0m
[0m[INFO] [1788859996.286434702]: [multi_patrol][A1] V0 pickup leg: B63 -> A1  wpts=523 len=6.245[0m
[0m[INFO] [1788859996.301544281]: [sim_plan] built plan=3052 start=5304.90 horizon=15.00 frames=150 commit_frames=20[0m
[0m[INFO] [1788859996.325634600]: [sim_plan] built plan=3053 start=5306.90 horizon=15.00 frames=150 commit_frames=20[0m
[0m[INFO] [1788859996.341956867]: [sim_plan] built plan=3054 start=5308.90 horizon=15.00 frames=150 commit_frames=20[0m
[0m[INFO] [1788859996.357156120]: [sim_plan] built plan=3055 start=5310.90 horizon=15.00 frames=150 commit_frames=20[0m
[0m[INFO] [1788859996.371772339]: [sim_plan] built plan=3056 start=5312.90 horizon=15.00 frames=150 commit_frames=20[0m
[0m[INFO] [1788859996.386735626]: [sim_plan] built plan=3057 start=5314.90 horizon=15.00 frames=150 commit_frames=20[0m
[0m[INFO] [1788859996.401283626]: [sim_plan] built plan=3058 start=5316.90 horizon=15.00 frames=150 commit_frames=20[0m
[0m[INFO] [1788859996.417494149]: [sim_plan] built plan=3059 start=5318.90 horizon=15.00 frames=150 commit_frames=20[0m
[0m[INFO] [1788859996.430054087]: [sim_plan] built plan=3060 start=5320.90 horizon=15.00 frames=150 commit_frames=20[0m
[0m[INFO] [1788859996.441573071]: [sim_plan] built plan=3061 start=5322.90 horizon=15.00 frames=150 commit_frames=20[0m
[0m[INFO] [1788859996.452189333]: [sim_plan] built plan=3062 start=5324.90 horizon=15.00 frames=150 commit_frames=20[0m
[0m[INFO] [1788859996.462259068]: [sim_plan] built plan=3063 start=5326.90 horizon=15.00 frames=150 commit_frames=20[0m
[0m[INFO] [1788859996.475221746]: [sim_plan] built plan=3064 start=5328.90 horizon=15.00 frames=150 commit_frames=20[0m
[33m[WARN] [1788859996.500952501]: [SLOT_DEPARTURE] time=88min59.5s vehicle=V1 owner=V0 result=ALLOW reason=slot_departure_clear candidate_path_gen=129 slot_departure_clear_s=0.327 vehicle_mode=ACTIVE vehicle_speed=0.000 vehicle_path_s=0.000 blocker=none a1_prefix_conflict=0 ordinary_road_conflict=0 owner_phase=TO_A1 owner_path_gen=141 geometry=pending_preview protected_zones=0 actual_occupancy_priority=0 spatial_stop_launch_infeasible=0 waiter_stop_s=4.625[0m
[33m[WARN] [1788859996.501344718]: [multi_patrol][A1 EXIT PREPARED] V1 target=B39 pickup_dwell=5.00s exit_len=5.953 priority_until_s=0.758 horizon_refresh=IMMEDIATE[0m
[33m[WARN] [1788859996.536264828]: [multi_patrol][A1 EXIT HORIZON] V0 target=B11 dwell_part=4.90s departure_window=10.10s total_horizon=15.00s[0m
[33m[WARN] [1788859996.550910585]: [multi_patrol][A1 EXIT HORIZON] V0 target=B11 dwell_part=2.90s departure_window=12.10s total_horizon=15.00s[0m
[33m[WARN] [1788859996.567323782]: [multi_patrol][A1 EXIT HORIZON] V0 target=B11 dwell_part=0.90s departure_window=14.10s total_horizon=15.00s[0m
[33m[WARN] [1788859996.753311378]: [multi_patrol][A1 EXIT HORIZON] V1 target=B39 dwell_part=4.90s departure_window=10.10s total_horizon=15.00s[0m
[33m[WARN] [1788859996.757540459]: [multi_patrol][A1 EXIT HORIZON] V1 target=B39 dwell_part=2.90s departure_window=12.10s total_horizon=15.00s[0m
[33m[WARN] [1788859996.761690301]: [SLOT_DEPARTURE] time=89min39.8s vehicle=V0 owner=V1 result=ALLOW reason=slot_departure_clear candidate_path_gen=143 slot_departure_clear_s=0.327 vehicle_mode=ACTIVE vehicle_speed=0.000 vehicle_path_s=0.000 blocker=none a1_prefix_conflict=0 ordinary_road_conflict=0 owner_phase=PICKUP_DWELL owner_path_gen=129 geometry=pending_preview protected_zones=0 actual_occupancy_priority=0 spatial_stop_launch_infeasible=0 waiter_stop_s=2.275[0m
[33m[WARN] [1788859996.762172084]: [multi_patrol][A1 EXIT PREPARED] V0 target=B32 pickup_dwell=5.00s exit_len=4.055 priority_until_s=0.758 horizon_refresh=IMMEDIATE[0m
[33m[WARN] [1788859996.775217480]: [multi_patrol][A1 EXIT HORIZON] V1 target=B39 dwell_part=1.50s departure_window=13.50s total_horizon=15.00s[0m
[0m[INFO] [1788859996.481890069]: [sim_plan] built plan=3065 start=5330.90 horizon=15.00 frames=150 commit_frames=20[0m
[0m[INFO] [1788859996.486378115]: [sim_plan] built plan=3066 start=5332.90 horizon=15.00 frames=150 commit_frames=20[0m
[0m[INFO] [1788859996.489758385]: [sim_plan] built plan=3067 start=5334.90 horizon=15.00 frames=150 commit_frames=20[0m
[0m[INFO] [1788859996.493356319]: [sim_plan] built plan=3068 start=5336.90 horizon=15.00 frames=150 commit_frames=20[0m
[0m[INFO] [1788859996.496590856]: [sim_plan] built plan=3069 start=5338.90 horizon=15.00 frames=150 commit_frames=20[0m
[0m[INFO] [1788859996.500914681]: [multi_patrol][A1] V1 pickup leg: B49 -> A1  wpts=466 len=5.961[0m
[0m[INFO] [1788859996.510481082]: [sim_plan] built plan=3070 start=5339.50 horizon=15.00 frames=150 commit_frames=20[0m
[0m[INFO] [1788859996.527150130]: [sim_plan] built plan=3071 start=5341.50 horizon=15.00 frames=150 commit_frames=20[0m
[0m[INFO] [1788859996.536226733]: [sim_plan] built plan=3072 start=5343.20 horizon=15.00 frames=150 commit_frames=20[0m
[0m[INFO] [1788859996.550870717]: [sim_plan] built plan=3073 start=5345.20 horizon=15.00 frames=150 commit_frames=20[0m
[0m[INFO] [1788859996.567283574]: [sim_plan] built plan=3074 start=5347.20 horizon=15.00 frames=150 commit_frames=20[0m
[0m[INFO] [1788859996.568543567]: [multi_patrol][A1] V0 activate prepared dropoff: A1 -> B11 len=4.555 priority_until_s=0.758[0m
[0m[INFO] [1788859996.585149355]: [sim_plan] built plan=3075 start=5348.10 horizon=15.00 frames=150 commit_frames=20[0m
[0m[INFO] [1788859996.605449206]: [sim_plan] built plan=3076 start=5350.10 horizon=15.00 frames=150 commit_frames=20[0m
[0m[INFO] [1788859996.623044645]: [sim_plan] built plan=3077 start=5352.10 horizon=15.00 frames=150 commit_frames=20[0m
[0m[INFO] [1788859996.624086802]: [multi_patrol][A1 EXIT PRIORITY RELEASE] V0 s=0.771 threshold=0.758[0m
[0m[INFO] [1788859996.638567005]: [sim_plan] built plan=3078 start=5354.10 horizon=15.00 frames=150 commit_frames=20[0m
[0m[INFO] [1788859996.655206021]: [sim_plan] built plan=3079 start=5356.10 horizon=15.00 frames=150 commit_frames=20[0m
[0m[INFO] [1788859996.671624866]: [sim_plan] built plan=3080 start=5358.10 horizon=15.00 frames=150 commit_frames=20[0m
[0m[INFO] [1788859996.688641763]: [sim_plan] built plan=3081 start=5360.10 horizon=15.00 frames=150 commit_frames=20[0m
[0m[INFO] [1788859996.705591746]: [sim_plan] built plan=3082 start=5362.10 horizon=15.00 frames=150 commit_frames=20[0m
[0m[INFO] [1788859996.716328408]: [sim_plan] built plan=3083 start=5364.10 horizon=15.00 frames=150 commit_frames=20[0m
[0m[INFO] [1788859996.726108819]: [sim_plan] built plan=3084 start=5366.10 horizon=15.00 frames=150 commit_frames=20[0m
[0m[INFO] [1788859996.733465670]: [sim_plan] built plan=3085 start=5368.10 horizon=15.00 frames=150 commit_frames=20[0m
[0m[INFO] [1788859996.739198997]: [sim_plan] built plan=3086 start=5370.10 horizon=15.00 frames=150 commit_frames=20[0m
[0m[INFO] [1788859996.743066667]: [sim_plan] built plan=3087 start=5372.10 horizon=15.00 frames=150 commit_frames=20[0m
[0m[INFO] [1788859996.746246898]: [sim_plan] built plan=3088 start=5374.10 horizon=15.00 frames=150 commit_frames=20[0m
[0m[INFO] [1788859996.748892634]: [sim_plan] built plan=3089 start=5376.10 horizon=15.00 frames=150 commit_frames=20[0m
[0m[INFO] [1788859996.753271565]: [sim_plan] built plan=3090 start=5376.40 horizon=15.00 frames=150 commit_frames=20[0m
[0m[INFO] [1788859996.757488293]: [sim_plan] built plan=3091 start=5378.40 horizon=15.00 frames=150 commit_frames=20[0m
[0m[INFO] [1788859996.761642562]: [multi_patrol][A1] V0 pickup leg: B11 -> A1  wpts=295 len=3.319[0m
[0m[INFO] [1788859996.775172184]: [sim_plan] built plan=3092 start=5379.80 horizon=15.00 frames=150 commit_frames=20[0m
[0m[INFO] [1788859996.776508644]: [multi_patrol][A1] V1 activate prepared dropoff: A1 -> B39 len=5.953 priority_until_s=0.758[0m
[0m[INFO] [1788859996.790811897]: [sim_plan] built plan=3093 start=5381.30 horizon=15.00 frames=150 comm[33m[WARN] [1788859996.915734156]: [multi_patrol][A1 EXIT HORIZON] V0 target=B32 dwell_part=4.90s departure_window=10.10s total_horizon=15.00s[0m
[33m[WARN] [1788859996.926532383]: [multi_patrol][A1 EXIT HORIZON] V0 target=B32 dwell_part=2.90s departure_window=12.10s total_horizon=15.00s[0m
[33m[WARN] [1788859996.940396196]: [multi_patrol][A1 EXIT HORIZON] V0 target=B32 dwell_part=0.90s departure_window=14.10s total_horizon=15.00s[0m
[33m[WARN] [1788859997.003116423]: [SLOT_DEPARTURE] time=90min21.8s vehicle=V1 owner=none result=ALLOW reason=no_service_owner candidate_path_gen=131 slot_departure_clear_s=0.327 vehicle_mode=ACTIVE vehicle_speed=0.000 vehicle_path_s=0.000 blocker=none a1_prefix_conflict=0 ordinary_road_conflict=0[0m
[33m[WARN] [1788859997.003482713]: [multi_patrol][A1 EXIT PREPARED] V1 target=B48 pickup_dwell=5.00s exit_len=6.755 priority_until_s=0.758 horizon_refresh=IMMEDIATE[0m
[33m[WARN] [1788859997.048834363]: [SLOT_DEPARTURE] time=90min35.3s vehicle=V0 owner=none result=ALLOW reason=no_service_owner candidate_path_gen=145 slot_departure_clear_s=0.327 vehicle_mode=ACTIVE vehicle_speed=0.000 vehicle_path_s=0.000 blocker=none a1_prefix_conflict=0 ordinary_road_conflict=0[0m
[33m[WARN] [1788859997.049201649]: [multi_patrol][A1 EXIT PREPARED] V0 target=B45 pickup_dwell=5.00s exit_len=8.932 priority_until_s=0.758 horizon_refresh=IMMEDIATE[0m
it_frames=20[0m
[0m[INFO] [1788859996.811343538]: [sim_plan] built plan=3094 start=5383.30 horizon=15.00 frames=150 commit_frames=20[0m
[0m[INFO] [1788859996.828803427]: [sim_plan] built plan=3095 start=5385.30 horizon=15.00 frames=150 commit_frames=20[0m
[0m[INFO] [1788859996.829923400]: [multi_patrol][A1 EXIT PRIORITY RELEASE] V1 s=0.771 threshold=0.758[0m
[0m[INFO] [1788859996.846202051]: [sim_plan] built plan=3096 start=5387.30 horizon=15.00 frames=150 commit_frames=20[0m
[0m[INFO] [1788859996.860741271]: [sim_plan] built plan=3097 start=5389.30 horizon=15.00 frames=150 commit_frames=20[0m
[0m[INFO] [1788859996.871803486]: [sim_plan] built plan=3098 start=5391.30 horizon=15.00 frames=150 commit_frames=20[0m
[0m[INFO] [1788859996.881716915]: [sim_plan] built plan=3099 start=5393.30 horizon=15.00 frames=150 commit_frames=20[0m
[0m[INFO] [1788859996.890610406]: [sim_plan] built plan=3100 start=5395.30 horizon=15.00 frames=150 commit_frames=20[0m
[0m[INFO] [1788859996.898824319]: [sim_plan] built plan=3101 start=5397.30 horizon=15.00 frames=150 commit_frames=20[0m
[0m[INFO] [1788859996.907227997]: [sim_plan] built plan=3102 start=5399.30 horizon=15.00 frames=150 commit_frames=20[0m
[0m[INFO] [1788859996.915698761]: [sim_plan] built plan=3103 start=5400.80 horizon=15.00 frames=150 commit_frames=20[0m
[0m[INFO] [1788859996.926491550]: [sim_plan] built plan=3104 start=5402.80 horizon=15.00 frames=150 commit_frames=20[0m
[0m[INFO] [1788859996.940347162]: [sim_plan] built plan=3105 start=5404.80 horizon=15.00 frames=150 commit_frames=20[0m
[0m[INFO] [1788859996.941505608]: [multi_patrol][A1] V0 activate prepared dropoff: A1 -> B32 len=4.055 priority_until_s=0.758[0m
[0m[INFO] [1788859996.953994754]: [sim_plan] built plan=3106 start=5405.70 horizon=15.00 frames=150 commit_frames=20[0m
[0m[INFO] [1788859996.968982488]: [sim_plan] built plan=3107 start=5407.70 horizon=15.00 frames=150 commit_frames=20[0m
[0m[INFO] [1788859996.978513944]: [sim_plan] built plan=3108 start=5409.70 horizon=15.00 frames=150 commit_frames=20[0m
[0m[INFO] [1788859996.979440141]: [multi_patrol][A1 EXIT PRIORITY RELEASE] V0 s=0.771 threshold=0.758[0m
[0m[INFO] [1788859996.986054563]: [sim_plan] built plan=3109 start=5411.70 horizon=15.00 frames=150 commit_frames=20[0m
[0m[INFO] [1788859996.992181299]: [sim_plan] built plan=3110 start=5413.70 horizon=15.00 frames=150 commit_frames=20[0m
[0m[INFO] [1788859996.996553928]: [sim_plan] built plan=3111 start=5415.70 horizon=15.00 frames=150 commit_frames=20[0m
[0m[INFO] [1788859996.998987952]: [sim_plan] built plan=3112 start=5417.70 horizon=15.00 frames=150 commit_frames=20[0m
[0m[INFO] [1788859997.000959392]: [sim_plan] built plan=3113 start=5419.70 horizon=15.00 frames=150 commit_frames=20[0m
[0m[INFO] [1788859997.002667559]: [sim_plan] built plan=3114 start=5421.70 horizon=15.00 frames=150 commit_frames=20[0m
[0m[INFO] [1788859997.003084196]: [multi_patrol][A1] V1 pickup leg: B39 -> A1  wpts=535 len=6.102[0m
[0m[INFO] [1788859997.012594224]: [sim_plan] built plan=3115 start=5421.80 horizon=15.00 frames=150 commit_frames=20[0m
[0m[INFO] [1788859997.026422805]: [sim_plan] built plan=3116 start=5423.80 horizon=15.00 frames=150 commit_frames=20[0m
[0m[INFO] [1788859997.033426578]: [sim_plan] built plan=3117 start=5425.80 horizon=15.00 frames=150 commit_frames=20[0m
[0m[INFO] [1788859997.038393262]: [sim_plan] built plan=3118 start=5427.80 horizon=15.00 frames=150 commit_frames=20[0m
[0m[INFO] [1788859997.041690655]: [sim_plan] built plan=3119 start=5429.80 horizon=15.00 frames=150 commit_frames=20[0m
[0m[INFO] [1788859997.044780414]: [sim_plan] built plan=3120 start=5431.80 horizon=15.00 frames=150 commit_frames=20[0m
[0m[INFO] [1788859997.048264991]: [sim_plan] built plan=3121 start=5433.80 horizon=15.00 frames=150 commit_frames=20[0m
[0m[INFO] [1788859997.048799905]: [multi_patrol][A1] V0 pickup leg: B32 -> A1  wpts=286 len=3.302[0m
[0m[INFO] [1788859997.064244623]: [sim_plan] built plan=3122 start=5435.30 horizon=15.00 frames=150 commit_fram[33m[WARN] [1788859997.331761800]: [multi_patrol][A1 EXIT HORIZON] V0 target=B45 dwell_part=4.90s departure_window=10.10s total_horizon=15.00s[0m
[33m[WARN] [1788859997.363012261]: [multi_patrol][A1 EXIT HORIZON] V0 target=B45 dwell_part=2.90s departure_window=12.10s total_horizon=15.00s[0m
[33m[WARN] [1788859997.396632475]: [multi_patrol][A1 EXIT HORIZON] V0 target=B45 dwell_part=0.90s departure_window=14.10s total_horizon=15.00s[0m
[33m[WARN] [1788859997.617360796]: [multi_patrol][A1 EXIT HORIZON] V1 target=B48 dwell_part=4.90s departure_window=10.10s total_horizon=15.00s[0m
[33m[WARN] [1788859997.626909839]: [multi_patrol][A1 EXIT HORIZON] V1 target=B48 dwell_part=2.90s departure_window=12.10s total_horizon=15.00s[0m
[33m[WARN] [1788859997.640882677]: [multi_patrol][A1 EXIT HORIZON] V1 target=B48 dwell_part=0.90s departure_window=14.10s total_horizon=15.00s[0m
es=20[0m
[0m[INFO] [1788859997.082167961]: [sim_plan] built plan=3123 start=5437.30 horizon=15.00 frames=150 commit_frames=20[0m
[0m[INFO] [1788859997.100564345]: [sim_plan] built plan=3124 start=5439.30 horizon=15.00 frames=150 commit_frames=20[0m
[0m[INFO] [1788859997.128002543]: [sim_plan] built plan=3125 start=5441.30 horizon=15.00 frames=150 commit_frames=20[0m
[0m[INFO] [1788859997.161169319]: [sim_plan] built plan=3126 start=5443.30 horizon=15.00 frames=150 commit_frames=20[0m
[0m[INFO] [1788859997.189632683]: [sim_plan] built plan=3127 start=5445.30 horizon=15.00 frames=150 commit_frames=20[0m
[0m[INFO] [1788859997.216182832]: [sim_plan] built plan=3128 start=5447.30 horizon=15.00 frames=150 commit_frames=20[0m
[0m[INFO] [1788859997.241195704]: [sim_plan] built plan=3129 start=5449.30 horizon=15.00 frames=150 commit_frames=20[0m
[0m[INFO] [1788859997.263942105]: [sim_plan] built plan=3130 start=5451.30 horizon=15.00 frames=150 commit_frames=20[0m
[0m[INFO] [1788859997.282976731]: [sim_plan] built plan=3131 start=5453.30 horizon=15.00 frames=150 commit_frames=20[0m
[0m[INFO] [1788859997.306988946]: [sim_plan] built plan=3132 start=5455.30 horizon=15.00 frames=150 commit_frames=20[0m
[0m[INFO] [1788859997.331721941]: [sim_plan] built plan=3133 start=5456.20 horizon=15.00 frames=150 commit_frames=20[0m
[0m[INFO] [1788859997.362972035]: [sim_plan] built plan=3134 start=5458.20 horizon=15.00 frames=150 commit_frames=20[0m
[0m[INFO] [1788859997.396590835]: [sim_plan] built plan=3135 start=5460.20 horizon=15.00 frames=150 commit_frames=20[0m
[0m[INFO] [1788859997.397674319]: [multi_patrol][A1] V0 activate prepared dropoff: A1 -> B45 len=8.932 priority_until_s=0.758[0m
[0m[INFO] [1788859997.431388826]: [sim_plan] built plan=3136 start=5461.10 horizon=15.00 frames=150 commit_frames=20[0m
[0m[INFO] [1788859997.471921804]: [sim_plan] built plan=3137 start=5463.10 horizon=15.00 frames=150 commit_frames=20[0m
[0m[INFO] [1788859997.500175283]: [sim_plan] built plan=3138 start=5465.10 horizon=15.00 frames=150 commit_frames=20[0m
[0m[INFO] [1788859997.501315213]: [multi_patrol][A1 EXIT PRIORITY RELEASE] V0 s=0.771 threshold=0.758[0m
[0m[INFO] [1788859997.522277285]: [sim_plan] built plan=3139 start=5467.10 horizon=15.00 frames=150 commit_frames=20[0m
[0m[INFO] [1788859997.541287677]: [sim_plan] built plan=3140 start=5469.10 horizon=15.00 frames=150 commit_frames=20[0m
[0m[INFO] [1788859997.557691397]: [sim_plan] built plan=3141 start=5471.10 horizon=15.00 frames=150 commit_frames=20[0m
[0m[INFO] [1788859997.569049413]: [sim_plan] built plan=3142 start=5473.10 horizon=15.00 frames=150 commit_frames=20[0m
[0m[INFO] [1788859997.578607779]: [sim_plan] built plan=3143 start=5475.10 horizon=15.00 frames=150 commit_frames=20[0m
[0m[INFO] [1788859997.587327569]: [sim_plan] built plan=3144 start=5477.10 horizon=15.00 frames=150 commit_frames=20[0m
[0m[INFO] [1788859997.595310825]: [sim_plan] built plan=3145 start=5479.10 horizon=15.00 frames=150 commit_frames=20[0m
[0m[INFO] [1788859997.602642974]: [sim_plan] built plan=3146 start=5481.10 horizon=15.00 frames=150 commit_frames=20[0m
[0m[INFO] [1788859997.609746219]: [sim_plan] built plan=3147 start=5483.10 horizon=15.00 frames=150 commit_frames=20[0m
[0m[INFO] [1788859997.617310137]: [sim_plan] built plan=3148 start=5483.40 horizon=15.00 frames=150 commit_frames=20[0m
[0m[INFO] [1788859997.626875280]: [sim_plan] built plan=3149 start=5485.40 horizon=15.00 frames=150 commit_frames=20[0m
[0m[INFO] [1788859997.640831264]: [sim_plan] built plan=3150 start=5487.40 horizon=15.00 frames=150 commit_frames=20[0m
[0m[INFO] [1788859997.642027918]: [multi_patrol][A1] V1 activate prepared dropoff: A1 -> B48 len=6.755 priority_until_s=0.758[0m
[0m[INFO] [1788859997.656102714]: [sim_plan] built plan=3151 start=5488.30 horizon=15.00 frames=150 commit_frames=20[0m
[0m[INFO] [1788859997.682382384]: [sim_plan] built plan=3152 start=5490.30 horizon=15.00 frames=150 commit_frames=20[0m
[0m[INFO] [1788859997.697192461]: [sim_plan] built plan=[33m[WARN] [1788859997.803478848]: [SLOT_DEPARTURE] time=91min57.0s vehicle=V0 owner=none result=ALLOW reason=no_service_owner candidate_path_gen=147 slot_departure_clear_s=0.327 vehicle_mode=ACTIVE vehicle_speed=0.000 vehicle_path_s=0.000 blocker=none a1_prefix_conflict=0 ordinary_road_conflict=0[0m
[33m[WARN] [1788859997.803816469]: [multi_patrol][A1 EXIT PREPARED] V0 target=B25 pickup_dwell=5.00s exit_len=7.735 priority_until_s=0.758 horizon_refresh=IMMEDIATE[0m
[33m[WARN] [1788859997.871704728]: [SLOT_DEPARTURE] time=92min13.1s vehicle=V1 owner=none result=ALLOW reason=no_service_owner candidate_path_gen=133 slot_departure_clear_s=0.327 vehicle_mode=ACTIVE vehicle_speed=0.000 vehicle_path_s=0.000 blocker=none a1_prefix_conflict=0 ordinary_road_conflict=0[0m
[33m[WARN] [1788859997.872154709]: [multi_patrol][A1 EXIT PREPARED] V1 target=B44 pickup_dwell=5.00s exit_len=7.399 priority_until_s=0.758 horizon_refresh=IMMEDIATE[0m
3153 start=5492.30 horizon=15.00 frames=150 commit_frames=20[0m
[0m[INFO] [1788859997.698485391]: [multi_patrol][A1 EXIT PRIORITY RELEASE] V1 s=0.771 threshold=0.758[0m
[0m[INFO] [1788859997.712036978]: [sim_plan] built plan=3154 start=5494.30 horizon=15.00 frames=150 commit_frames=20[0m
[0m[INFO] [1788859997.727089387]: [sim_plan] built plan=3155 start=5496.30 horizon=15.00 frames=150 commit_frames=20[0m
[0m[INFO] [1788859997.741078287]: [sim_plan] built plan=3156 start=5498.30 horizon=15.00 frames=150 commit_frames=20[0m
[0m[INFO] [1788859997.754109796]: [sim_plan] built plan=3157 start=5500.30 horizon=15.00 frames=150 commit_frames=20[0m
[0m[INFO] [1788859997.766165890]: [sim_plan] built plan=3158 start=5502.30 horizon=15.00 frames=150 commit_frames=20[0m
[0m[INFO] [1788859997.775555625]: [sim_plan] built plan=3159 start=5504.30 horizon=15.00 frames=150 commit_frames=20[0m
[0m[INFO] [1788859997.783346060]: [sim_plan] built plan=3160 start=5506.30 horizon=15.00 frames=150 commit_frames=20[0m
[0m[INFO] [1788859997.790404835]: [sim_plan] built plan=3161 start=5508.30 horizon=15.00 frames=150 commit_frames=20[0m
[0m[INFO] [1788859997.795009759]: [sim_plan] built plan=3162 start=5510.30 horizon=15.00 frames=150 commit_frames=20[0m
[0m[INFO] [1788859997.797879154]: [sim_plan] built plan=3163 start=5512.30 horizon=15.00 frames=150 commit_frames=20[0m
[0m[INFO] [1788859997.800575072]: [sim_plan] built plan=3164 start=5514.30 horizon=15.00 frames=150 commit_frames=20[0m
[0m[INFO] [1788859997.802988762]: [sim_plan] built plan=3165 start=5516.30 horizon=15.00 frames=150 commit_frames=20[0m
[0m[INFO] [1788859997.803447907]: [multi_patrol][A1] V0 pickup leg: B45 -> A1  wpts=572 len=6.460[0m
[0m[INFO] [1788859997.815882137]: [sim_plan] built plan=3166 start=5517.00 horizon=15.00 frames=150 commit_frames=20[0m
[0m[INFO] [1788859997.834562749]: [sim_plan] built plan=3167 start=5519.00 horizon=15.00 frames=150 commit_frames=20[0m
[0m[INFO] [1788859997.843872744]: [sim_plan] built plan=3168 start=5521.00 horizon=15.00 frames=150 commit_frames=20[0m
[0m[INFO] [1788859997.851708636]: [sim_plan] built plan=3169 start=5523.00 horizon=15.00 frames=150 commit_frames=20[0m
[0m[INFO] [1788859997.857581378]: [sim_plan] built plan=3170 start=5525.00 horizon=15.00 frames=150 commit_frames=20[0m
[0m[INFO] [1788859997.861627936]: [sim_plan] built plan=3171 start=5527.00 horizon=15.00 frames=150 commit_frames=20[0m
[0m[INFO] [1788859997.864571199]: [sim_plan] built plan=3172 start=5529.00 horizon=15.00 frames=150 commit_frames=20[0m
[0m[INFO] [1788859997.867648302]: [sim_plan] built plan=3173 start=5531.00 horizon=15.00 frames=150 commit_frames=20[0m
[0m[INFO] [1788859997.871108400]: [sim_plan] built plan=3174 start=5533.00 horizon=15.00 frames=150 commit_frames=20[0m
[0m[INFO] [1788859997.871667634]: [multi_patrol][A1] V1 pickup leg: B48 -> A1  wpts=380 len=4.828[0m
[0m[INFO] [1788859997.885544143]: [sim_plan] built plan=3175 start=5533.10 horizon=15.00 frames=150 commit_frames=20[0m
[0m[INFO] [1788859997.904962504]: [sim_plan] built plan=3176 start=5535.10 horizon=15.00 frames=150 commit_frames=20[0m
[0m[INFO] [1788859997.918279892]: [sim_plan] built plan=3177 start=5537.10 horizon=15.00 frames=150 commit_frames=20[0m
[0m[INFO] [1788859997.932409601]: [sim_plan] built plan=3178 start=5539.10 horizon=15.00 frames=150 commit_frames=20[0m
[0m[INFO] [1788859997.952340601]: [sim_plan] built plan=3179 start=5541.10 horizon=15.00 frames=150 commit_frames=20[0m
[0m[INFO] [1788859997.967243282]: [sim_plan] built plan=3180 start=5543.10 horizon=15.00 frames=150 commit_frames=20[0m
[0m[INFO] [1788859997.979252815]: [sim_plan] built plan=3181 start=5545.10 horizon=15.00 frames=150 commit_frames=20[0m
[0m[INFO] [1788859997.991231008]: [sim_plan] built plan=3182 start=5547.10 horizon=15.00 frames=150 commit_frames=20[0m
[0m[INFO] [1788859998.016175433]: [sim_plan] built plan=3183 start=5549.10 horizon=15.00 frames=150 commit_frames=20[0m
[0m[INFO] [1788859998.043729061]: [sim_plan] built plan=3[33m[WARN] [1788859998.102187060]: [multi_patrol][A1 EXIT HORIZON] V0 target=B25 dwell_part=4.90s departure_window=10.10s total_horizon=15.00s[0m
[33m[WARN] [1788859998.121119686]: [multi_patrol][A1 EXIT HORIZON] V0 target=B25 dwell_part=2.90s departure_window=12.10s total_horizon=15.00s[0m
[33m[WARN] [1788859998.141894262]: [multi_patrol][A1 EXIT HORIZON] V0 target=B25 dwell_part=0.90s departure_window=14.10s total_horizon=15.00s[0m
[33m[WARN] [1788859998.256937714]: [multi_patrol][A1 EXIT HORIZON] V1 target=B44 dwell_part=4.90s departure_window=10.10s total_horizon=15.00s[0m
[33m[WARN] [1788859998.268097830]: [multi_patrol][A1 EXIT HORIZON] V1 target=B44 dwell_part=2.90s departure_window=12.10s total_horizon=15.00s[0m
[33m[WARN] [1788859998.282526933]: [multi_patrol][A1 EXIT HORIZON] V1 target=B44 dwell_part=0.90s departure_window=14.10s total_horizon=15.00s[0m
184 start=5551.10 horizon=15.00 frames=150 commit_frames=20[0m
[0m[INFO] [1788859998.067268115]: [sim_plan] built plan=3185 start=5553.10 horizon=15.00 frames=150 commit_frames=20[0m
[0m[INFO] [1788859998.085809285]: [sim_plan] built plan=3186 start=5555.10 horizon=15.00 frames=150 commit_frames=20[0m
[0m[INFO] [1788859998.102140891]: [sim_plan] built plan=3187 start=5555.60 horizon=15.00 frames=150 commit_frames=20[0m
[0m[INFO] [1788859998.121080792]: [sim_plan] built plan=3188 start=5557.60 horizon=15.00 frames=150 commit_frames=20[0m
[0m[INFO] [1788859998.141857103]: [sim_plan] built plan=3189 start=5559.60 horizon=15.00 frames=150 commit_frames=20[0m
[0m[INFO] [1788859998.142967156]: [multi_patrol][A1] V0 activate prepared dropoff: A1 -> B25 len=7.735 priority_until_s=0.758[0m
[0m[INFO] [1788859998.163456006]: [sim_plan] built plan=3190 start=5560.50 horizon=15.00 frames=150 commit_frames=20[0m
[0m[INFO] [1788859998.187240303]: [sim_plan] built plan=3191 start=5562.50 horizon=15.00 frames=150 commit_frames=20[0m
[0m[INFO] [1788859998.201385268]: [sim_plan] built plan=3192 start=5564.50 horizon=15.00 frames=150 commit_frames=20[0m
[0m[INFO] [1788859998.202506949]: [multi_patrol][A1 EXIT PRIORITY RELEASE] V0 s=0.771 threshold=0.758[0m
[0m[INFO] [1788859998.213015197]: [sim_plan] built plan=3193 start=5566.50 horizon=15.00 frames=150 commit_frames=20[0m
[0m[INFO] [1788859998.223226296]: [sim_plan] built plan=3194 start=5568.50 horizon=15.00 frames=150 commit_frames=20[0m
[0m[INFO] [1788859998.232678067]: [sim_plan] built plan=3195 start=5570.50 horizon=15.00 frames=150 commit_frames=20[0m
[0m[INFO] [1788859998.240483784]: [sim_plan] built plan=3196 start=5572.50 horizon=15.00 frames=150 commit_frames=20[0m
[0m[INFO] [1788859998.248630067]: [sim_plan] built plan=3197 start=5574.50 horizon=15.00 frames=150 commit_frames=20[0m
[0m[INFO] [1788859998.256890857]: [sim_plan] built plan=3198 start=5576.50 horizon=15.00 frames=150 commit_frames=20[0m
[0m[INFO] [1788859998.268060589]: [sim_plan] built plan=3199 start=5578.50 horizon=15.00 frames=150 commit_frames=20[0m
[0m[INFO] [1788859998.282474051]: [sim_plan] built plan=3200 start=5580.50 horizon=15.00 frames=150 commit_frames=20[0m
[0m[INFO] [1788859998.284029022]: [multi_patrol][A1] V1 activate prepared dropoff: A1 -> B44 len=7.399 priority_until_s=0.758[0m
[0m[INFO] [1788859998.297393382]: [sim_plan] built plan=3201 start=5581.40 horizon=15.00 frames=150 commit_frames=20[0m
[0m[INFO] [1788859998.326969380]: [sim_plan] built plan=3202 start=5583.40 horizon=15.00 frames=150 commit_frames=20[0m
[0m[INFO] [1788859998.342846391]: [sim_plan] built plan=3203 start=5585.40 horizon=15.00 frames=150 commit_frames=20[0m
[0m[INFO] [1788859998.344216648]: [multi_patrol][A1 EXIT PRIORITY RELEASE] V1 s=0.771 threshold=0.758[0m
[0m[INFO] [1788859998.358256337]: [sim_plan] built plan=3204 start=5587.40 horizon=15.00 frames=150 commit_frames=20[0m
[0m[INFO] [1788859998.373165253]: [sim_plan] built plan=3205 start=5589.40 horizon=15.00 frames=150 commit_frames=20[0m
[0m[INFO] [1788859998.387684581]: [sim_plan] built plan=3206 start=5591.40 horizon=15.00 frames=150 commit_frames=20[0m
[0m[INFO] [1788859998.400101926]: [sim_plan] built plan=3207 start=5593.40 horizon=15.00 frames=150 commit_frames=20[0m
[0m[INFO] [1788859998.412489029]: [sim_plan] built plan=3208 start=5595.40 horizon=15.00 frames=150 commit_frames=20[0m
[0m[INFO] [1788859998.422470550]: [sim_plan] built plan=3209 start=5597.40 horizon=15.00 frames=150 commit_frames=20[0m
[0m[INFO] [1788859998.430471035]: [sim_plan] built plan=3210 start=5599.40 horizon=15.00 frames=150 commit_frames=20[0m
[0m[INFO] [1788859998.437579459]: [sim_plan] built plan=3211 start=5601.40 horizon=15.00 frames=150 commit_frames=20[0m
[0m[INFO] [1788859998.441883006]: [sim_plan] built plan=3212 start=5603.40 horizon=15.00 frames=150 commit_frames=20[0m
[0m[INFO] [1788859998.444409688]: [sim_plan] built plan=3213 start=5605.40 horizon=15.00 frames=150 commit_frames=20[0m
[0m[INFO] [178885[33m[WARN] [1788859998.450609154]: [SLOT_DEPARTURE] time=93min30.2s vehicle=V0 owner=none result=ALLOW reason=no_service_owner candidate_path_gen=149 slot_departure_clear_s=0.327 vehicle_mode=ACTIVE vehicle_speed=0.000 vehicle_path_s=0.000 blocker=none a1_prefix_conflict=0 ordinary_road_conflict=0[0m
[33m[WARN] [1788859998.451002159]: [multi_patrol][A1 EXIT PREPARED] V0 target=B17 pickup_dwell=5.00s exit_len=4.533 priority_until_s=0.758 horizon_refresh=IMMEDIATE[0m
[33m[WARN] [1788859998.538903833]: [SLOT_DEPARTURE] time=93min49.4s vehicle=V1 owner=none result=ALLOW reason=no_service_owner candidate_path_gen=135 slot_departure_clear_s=0.327 vehicle_mode=ACTIVE vehicle_speed=0.000 vehicle_path_s=0.000 blocker=none a1_prefix_conflict=0 ordinary_road_conflict=0[0m
[33m[WARN] [1788859998.539216312]: [multi_patrol][A1 EXIT PREPARED] V1 target=B28 pickup_dwell=5.00s exit_len=3.444 priority_until_s=0.758 horizon_refresh=IMMEDIATE[0m
[33m[WARN] [1788859998.681511810]: [multi_patrol][A1 EXIT HORIZON] V0 target=B17 dwell_part=4.90s departure_window=10.10s total_horizon=15.00s[0m
[33m[WARN] [1788859998.713929081]: [multi_patrol][A1 EXIT HORIZON] V0 target=B17 dwell_part=2.90s departure_window=12.10s total_horizon=15.00s[0m
[33m[WARN] [1788859998.749930577]: [multi_patrol][A1 EXIT HORIZON] V0 target=B17 dwell_part=0.90s departure_window=14.10s total_horizon=15.00s[0m
9998.447013351]: [sim_plan] built plan=3214 start=5607.40 horizon=15.00 frames=150 commit_frames=20[0m
[0m[INFO] [1788859998.450090252]: [sim_plan] built plan=3215 start=5609.40 horizon=15.00 frames=150 commit_frames=20[0m
[0m[INFO] [1788859998.450577441]: [multi_patrol][A1] V0 pickup leg: B25 -> A1  wpts=491 len=5.663[0m
[0m[INFO] [1788859998.465315561]: [sim_plan] built plan=3216 start=5610.20 horizon=15.00 frames=150 commit_frames=20[0m
[0m[INFO] [1788859998.486129391]: [sim_plan] built plan=3217 start=5612.20 horizon=15.00 frames=150 commit_frames=20[0m
[0m[INFO] [1788859998.498164880]: [sim_plan] built plan=3218 start=5614.20 horizon=15.00 frames=150 commit_frames=20[0m
[0m[INFO] [1788859998.507939107]: [sim_plan] built plan=3219 start=5616.20 horizon=15.00 frames=150 commit_frames=20[0m
[0m[INFO] [1788859998.516254919]: [sim_plan] built plan=3220 start=5618.20 horizon=15.00 frames=150 commit_frames=20[0m
[0m[INFO] [1788859998.523629425]: [sim_plan] built plan=3221 start=5620.20 horizon=15.00 frames=150 commit_frames=20[0m
[0m[INFO] [1788859998.528652628]: [sim_plan] built plan=3222 start=5622.20 horizon=15.00 frames=150 commit_frames=20[0m
[0m[INFO] [1788859998.532099952]: [sim_plan] built plan=3223 start=5624.20 horizon=15.00 frames=150 commit_frames=20[0m
[0m[INFO] [1788859998.535322972]: [sim_plan] built plan=3224 start=5626.20 horizon=15.00 frames=150 commit_frames=20[0m
[0m[INFO] [1788859998.538396412]: [sim_plan] built plan=3225 start=5628.20 horizon=15.00 frames=150 commit_frames=20[0m
[0m[INFO] [1788859998.538870090]: [multi_patrol][A1] V1 pickup leg: B44 -> A1  wpts=486 len=5.327[0m
[0m[INFO] [1788859998.553985272]: [sim_plan] built plan=3226 start=5629.40 horizon=15.00 frames=150 commit_frames=20[0m
[0m[INFO] [1788859998.579682422]: [sim_plan] built plan=3227 start=5631.40 horizon=15.00 frames=150 commit_frames=20[0m
[0m[INFO] [1788859998.592281236]: [sim_plan] built plan=3228 start=5633.40 horizon=15.00 frames=150 commit_frames=20[0m
[0m[INFO] [1788859998.603919869]: [sim_plan] built plan=3229 start=5635.40 horizon=15.00 frames=150 commit_frames=20[0m
[0m[INFO] [1788859998.614675484]: [sim_plan] built plan=3230 start=5637.40 horizon=15.00 frames=150 commit_frames=20[0m
[0m[INFO] [1788859998.625619352]: [sim_plan] built plan=3231 start=5639.40 horizon=15.00 frames=150 commit_frames=20[0m
[0m[INFO] [1788859998.635291726]: [sim_plan] built plan=3232 start=5641.40 horizon=15.00 frames=150 commit_frames=20[0m
[0m[INFO] [1788859998.655681343]: [sim_plan] built plan=3233 start=5643.40 horizon=15.00 frames=150 commit_frames=20[0m
[0m[INFO] [1788859998.681474486]: [sim_plan] built plan=3234 start=5644.70 horizon=15.00 frames=150 commit_frames=20[0m
[0m[INFO] [1788859998.713889250]: [sim_plan] built plan=3235 start=5646.70 horizon=15.00 frames=150 commit_frames=20[0m
[0m[INFO] [1788859998.749888339]: [sim_plan] built plan=3236 start=5648.70 horizon=15.00 frames=150 commit_frames=20[0m
[0m[INFO] [1788859998.751252459]: [multi_patrol][A1] V0 activate prepared dropoff: A1 -> B17 len=4.533 priority_until_s=0.758[0m
[0m[INFO] [1788859998.786066164]: [sim_plan] built plan=3237 start=5649.60 horizon=15.00 frames=150 commit_frames=20[0m
[0m[INFO] [1788859998.821853190]: [sim_plan] built plan=3238 start=5651.60 horizon=15.00 frames=150 commit_frames=20[0m
[0m[INFO] [1788859998.848611362]: [sim_plan] built plan=3239 start=5653.60 horizon=15.00 frames=150 commit_frames=20[0m
[0m[INFO] [1788859998.849815745]: [multi_patrol][A1 EXIT PRIORITY RELEASE] V0 s=0.771 threshold=0.758[0m
[0m[INFO] [1788859998.870770752]: [sim_plan] built plan=3240 start=5655.60 horizon=15.00 frames=150 commit_frames=20[0m
[0m[INFO] [1788859998.888989735]: [sim_plan] built plan=3241 start=5657.60 horizon=15.00 frames=150 commit_frames=20[0m
[0m[INFO] [1788859998.903618224]: [sim_plan] built plan=3242 start=5659.60 horizon=15.00 frames=150 commit_frames=20[0m
[0m[INFO] [1788859998.915014399]: [sim_plan] built plan=3243 start=5661.60 horizon=15.00 frames=150 commit_frames=20[0m
[0m[INFO][33m[WARN] [1788859998.949479200]: [multi_patrol][A1 EXIT HORIZON] V1 target=B28 dwell_part=4.90s departure_window=10.10s total_horizon=15.00s[0m
[33m[WARN] [1788859998.953277614]: [multi_patrol][A1 EXIT HORIZON] V1 target=B28 dwell_part=2.90s departure_window=12.10s total_horizon=15.00s[0m
[33m[WARN] [1788859998.957909181]: [multi_patrol][A1 EXIT HORIZON] V1 target=B28 dwell_part=0.90s departure_window=14.10s total_horizon=15.00s[0m
[33m[WARN] [1788859998.976511204]: [SLOT_DEPARTURE] time=94min41.2s vehicle=V0 owner=V1 result=ALLOW reason=slot_departure_clear candidate_path_gen=151 slot_departure_clear_s=0.327 vehicle_mode=ACTIVE vehicle_speed=0.000 vehicle_path_s=0.000 blocker=none a1_prefix_conflict=0 ordinary_road_conflict=0 owner_phase=TO_B owner_path_gen=136 geometry=actual_to_b protected_zones=0 actual_occupancy_priority=0 spatial_stop_launch_infeasible=0 waiter_stop_s=1.275[0m
[33m[WARN] [1788859998.976856012]: [multi_patrol][A1 EXIT PREPARED] V0 target=B22 pickup_dwell=5.00s exit_len=4.094 priority_until_s=0.758 horizon_refresh=IMMEDIATE[0m
[33m[WARN] [1788859999.014556048]: [SOURCE=REAL] [plan=3255] [frame=6] [rollout_step=-1] [multi_patrol][A1 EXIT INTRUSION ENTER] owner=V1 target=B28 blocker=V0 dwell_remaining=0.00s visible_exit_t=11.05s owner_exit_s=2.507 blocker_phase=1 blocker_s=0.056 action=DIAG_ONLY[0m
[33m[WARN] [1788859999.015332564]: [SOURCE=REAL] [plan=3255] [frame=12] [rollout_step=-1] [multi_patrol][A1 EXIT INTRUSION CLEAR] owner=V1 blocker=V0[0m
[33m[WARN] [1788859999.153122124]: [SLOT_DEPARTURE] time=95min3.6s vehicle=V1 owner=V0 result=ALLOW reason=slot_departure_clear candidate_path_gen=137 slot_departure_clear_s=0.327 vehicle_mode=ACTIVE vehicle_speed=0.000 vehicle_path_s=0.000 blocker=none a1_prefix_conflict=0 ordinary_road_conflict=0 owner_phase=TO_A1 owner_path_gen=151 geometry=pending_preview protected_zones=0 actual_occupancy_priority=0 spatial_stop_launch_infeasible=0 waiter_stop_s=2.900[0m
[33m[WARN] [1788859999.153468354]: [multi_patrol][A1 EXIT PREPARED] V1 target=B46 pickup_dwell=5.00s exit_len=7.160 priority_until_s=0.758 horizon_refresh=IMMEDIATE[0m
[33m[WARN] [1788859999.180857417]: [multi_patrol][A1 EXIT HORIZON] V0 target=B22 dwell_part=4.90s departure_window=10.10s total_horizon=15.00s[0m
[33m[WARN] [1788859999.192139857]: [multi_patrol][A1 EXIT HORIZON] V0 target=B22 dwell_part=2.90s departure_window=12.10s total_horizon=15.00s[0m
[33m[WARN] [1788859999.207608580]: [multi_patrol][A1 EXIT HORIZON] V0 target=B22 dwell_part=0.90s departure_window=14.10s total_horizon=15.00s[0m
 [1788859998.923762442]: [sim_plan] built plan=3244 start=5663.60 horizon=15.00 frames=150 commit_frames=20[0m
[0m[INFO] [1788859998.933406650]: [sim_plan] built plan=3245 start=5665.60 horizon=15.00 frames=150 commit_frames=20[0m
[0m[INFO] [1788859998.939287567]: [sim_plan] built plan=3246 start=5667.60 horizon=15.00 frames=150 commit_frames=20[0m
[0m[INFO] [1788859998.943447299]: [sim_plan] built plan=3247 start=5669.60 horizon=15.00 frames=150 commit_frames=20[0m
[0m[INFO] [1788859998.946529325]: [sim_plan] built plan=3248 start=5671.60 horizon=15.00 frames=150 commit_frames=20[0m
[0m[INFO] [1788859998.949449122]: [sim_plan] built plan=3249 start=5672.10 horizon=15.00 frames=150 commit_frames=20[0m
[0m[INFO] [1788859998.953247114]: [sim_plan] built plan=3250 start=5674.10 horizon=15.00 frames=150 commit_frames=20[0m
[0m[INFO] [1788859998.957868146]: [sim_plan] built plan=3251 start=5676.10 horizon=15.00 frames=150 commit_frames=20[0m
[0m[INFO] [1788859998.959351258]: [multi_patrol][A1] V1 activate prepared dropoff: A1 -> B28 len=3.444 priority_until_s=0.758[0m
[0m[INFO] [1788859998.962851031]: [sim_plan] built plan=3252 start=5677.00 horizon=15.00 frames=150 commit_frames=20[0m
[0m[INFO] [1788859998.968141610]: [sim_plan] built plan=3253 start=5679.00 horizon=15.00 frames=150 commit_frames=20[0m
[0m[INFO] [1788859998.973565773]: [sim_plan] built plan=3254 start=5681.00 horizon=15.00 frames=150 commit_frames=20[0m
[0m[INFO] [1788859998.976414128]: [multi_patrol][A1] V0 pickup leg: B17 -> A1  wpts=249 len=3.420[0m
[0m[INFO] [1788859999.010669614]: [sim_plan] built plan=3255 start=5681.20 horizon=15.00 frames=150 commit_frames=20[0m
[0m[INFO] [1788859999.015302724]: [multi_patrol][A1 EXIT PRIORITY RELEASE] V1 s=0.771 threshold=0.758[0m
[0m[INFO] [1788859999.054336428]: [sim_plan] built plan=3256 start=5683.20 horizon=15.00 frames=150 commit_frames=20[0m
[0m[INFO] [1788859999.077337946]: [sim_plan] built plan=3257 start=5685.20 horizon=15.00 frames=150 commit_frames=20[0m
[0m[INFO] [1788859999.096880660]: [sim_plan] built plan=3258 start=5687.20 horizon=15.00 frames=150 commit_frames=20[0m
[0m[INFO] [1788859999.112063392]: [sim_plan] built plan=3259 start=5689.20 horizon=15.00 frames=150 commit_frames=20[0m
[0m[INFO] [1788859999.122062031]: [sim_plan] built plan=3260 start=5691.20 horizon=15.00 frames=150 commit_frames=20[0m
[0m[INFO] [1788859999.129150535]: [sim_plan] built plan=3261 start=5693.20 horizon=15.00 frames=150 commit_frames=20[0m
[0m[INFO] [1788859999.137735403]: [sim_plan] built plan=3262 start=5695.20 horizon=15.00 frames=150 commit_frames=20[0m
[0m[INFO] [1788859999.142787538]: [sim_plan] built plan=3263 start=5697.20 horizon=15.00 frames=150 commit_frames=20[0m
[0m[INFO] [1788859999.145641991]: [sim_plan] built plan=3264 start=5699.20 horizon=15.00 frames=150 commit_frames=20[0m
[0m[INFO] [1788859999.148026045]: [sim_plan] built plan=3265 start=5701.20 horizon=15.00 frames=150 commit_frames=20[0m
[0m[INFO] [1788859999.150223081]: [sim_plan] built plan=3266 start=5703.20 horizon=15.00 frames=150 commit_frames=20[0m
[0m[INFO] [1788859999.153090310]: [multi_patrol][A1] V1 pickup leg: B28 -> A1  wpts=298 len=3.913[0m
[0m[INFO] [1788859999.161879985]: [sim_plan] built plan=3267 start=5703.60 horizon=15.00 frames=150 commit_frames=20[0m
[0m[INFO] [1788859999.172742756]: [sim_plan] built plan=3268 start=5705.60 horizon=15.00 frames=150 commit_frames=20[0m
[0m[INFO] [1788859999.180825860]: [sim_plan] built plan=3269 start=5706.80 horizon=15.00 frames=150 commit_frames=20[0m
[0m[INFO] [1788859999.192097730]: [sim_plan] built plan=3270 start=5708.80 horizon=15.00 frames=150 commit_frames=20[0m
[0m[INFO] [1788859999.207567325]: [sim_plan] built plan=3271 start=5710.80 horizon=15.00 frames=150 commit_frames=20[0m
[0m[INFO] [1788859999.208601225]: [multi_patrol][A1] V0 activate prepared dropoff: A1 -> B22 len=4.094 priority_until_s=0.758[0m
[0m[INFO] [1788859999.224169406]: [sim_plan] built plan=3272 start=5711.70 horizon=15.00 frames=150 commit_frames=[33m[WARN] [1788859999.307753615]: [multi_patrol][A1 EXIT HORIZON] V1 target=B46 dwell_part=4.90s departure_window=10.10s total_horizon=15.00s[0m
[33m[WARN] [1788859999.314734242]: [multi_patrol][A1 EXIT HORIZON] V1 target=B46 dwell_part=2.90s departure_window=12.10s total_horizon=15.00s[0m
[33m[WARN] [1788859999.323675831]: [multi_patrol][A1 EXIT HORIZON] V1 target=B46 dwell_part=0.90s departure_window=14.10s total_horizon=15.00s[0m
[33m[WARN] [1788859999.338317352]: [SOURCE=REAL] [plan=3283] [frame=19] [rollout_step=-1] [multi_patrol][A1 EXIT INTRUSION ENTER] owner=V1 target=B46 blocker=V0 dwell_remaining=0.00s visible_exit_t=14.95s owner_exit_s=2.787 blocker_phase=4 blocker_s=3.737 action=DIAG_ONLY[0m
[33m[WARN] [1788859999.344306725]: [SOURCE=REAL] [plan=3284] [frame=5] [rollout_step=-1] [multi_patrol][A1 EXIT INTRUSION CLEAR] owner=V1 blocker=V0[0m
[33m[WARN] [1788859999.355665087]: [SLOT_DEPARTURE] time=95min41.5s vehicle=V0 owner=none result=ALLOW reason=no_service_owner candidate_path_gen=153 slot_departure_clear_s=0.327 vehicle_mode=ACTIVE vehicle_speed=0.000 vehicle_path_s=0.000 blocker=none a1_prefix_conflict=0 ordinary_road_conflict=0[0m
[33m[WARN] [1788859999.356122262]: [multi_patrol][A1 EXIT PREPARED] V0 target=B1 pickup_dwell=5.00s exit_len=2.336 priority_until_s=0.756 horizon_refresh=IMMEDIATE[0m
20[0m
[0m[INFO] [1788859999.242407848]: [sim_plan] built plan=3273 start=5713.70 horizon=15.00 frames=150 commit_frames=20[0m
[0m[INFO] [1788859999.255452274]: [sim_plan] built plan=3274 start=5715.70 horizon=15.00 frames=150 commit_frames=20[0m
[0m[INFO] [1788859999.256681577]: [multi_patrol][A1 EXIT PRIORITY RELEASE] V0 s=0.771 threshold=0.758[0m
[0m[INFO] [1788859999.268768935]: [sim_plan] built plan=3275 start=5717.70 horizon=15.00 frames=150 commit_frames=20[0m
[0m[INFO] [1788859999.279852556]: [sim_plan] built plan=3276 start=5719.70 horizon=15.00 frames=150 commit_frames=20[0m
[0m[INFO] [1788859999.288997279]: [sim_plan] built plan=3277 start=5721.70 horizon=15.00 frames=150 commit_frames=20[0m
[0m[INFO] [1788859999.296217492]: [sim_plan] built plan=3278 start=5723.70 horizon=15.00 frames=150 commit_frames=20[0m
[0m[INFO] [1788859999.302150463]: [sim_plan] built plan=3279 start=5725.70 horizon=15.00 frames=150 commit_frames=20[0m
[0m[INFO] [1788859999.307715198]: [sim_plan] built plan=3280 start=5727.50 horizon=15.00 frames=150 commit_frames=20[0m
[0m[INFO] [1788859999.314671598]: [sim_plan] built plan=3281 start=5729.50 horizon=15.00 frames=150 commit_frames=20[0m
[0m[INFO] [1788859999.323641923]: [sim_plan] built plan=3282 start=5731.50 horizon=15.00 frames=150 commit_frames=20[0m
[0m[INFO] [1788859999.324812482]: [multi_patrol][A1] V1 activate prepared dropoff: A1 -> B46 len=7.160 priority_until_s=0.758[0m
[0m[INFO] [1788859999.331856756]: [sim_plan] built plan=3283 start=5732.40 horizon=15.00 frames=150 commit_frames=20[0m
[0m[INFO] [1788859999.343620918]: [sim_plan] built plan=3284 start=5734.40 horizon=15.00 frames=150 commit_frames=20[0m
[0m[INFO] [1788859999.348480691]: [sim_plan] built plan=3285 start=5736.40 horizon=15.00 frames=150 commit_frames=20[0m
[0m[INFO] [1788859999.349438794]: [multi_patrol][A1 EXIT PRIORITY RELEASE] V1 s=0.771 threshold=0.758[0m
[0m[INFO] [1788859999.352154540]: [sim_plan] built plan=3286 start=5738.40 horizon=15.00 frames=150 commit_frames=20[0m
[0m[INFO] [1788859999.355103893]: [sim_plan] built plan=3287 start=5740.40 horizon=15.00 frames=150 commit_frames=20[0m
[0m[INFO] [1788859999.355633016]: [multi_patrol][A1] V0 pickup leg: B22 -> A1  wpts=288 len=3.280[0m
[0m[INFO] [1788859999.381184221]: [sim_plan] built plan=3288 start=5741.50 horizon=15.00 frames=150 commit_frames=20[0m
[0m[INFO] [1788859999.396527334]: [sim_plan] built plan=3289 start=5743.50 horizon=15.00 frames=150 commit_frames=20[0m
[0m[INFO] [1788859999.412471629]: [sim_plan] built plan=3290 start=5745.50 horizon=15.00 frames=150 commit_frames=20[0m
[0m[INFO] [1788859999.428223995]: [sim_plan] built plan=3291 start=5747.50 horizon=15.00 frames=150 commit_frames=20[0m
[0m[INFO] [1788859999.445131315]: [sim_plan] built plan=3292 start=5749.50 horizon=15.00 frames=150 commit_frames=20[0m
[0m[INFO] [1788859999.463181485]: [sim_plan] built plan=3293 start=5751.50 horizon=15.00 frames=150 commit_frames=20[0m
[0m[INFO] [1788859999.479840073]: [sim_plan] built plan=3294 start=5753.50 horizon=15.00 frames=150 commit_frames=20[0m
[0m[INFO] [1788859999.498458932]: [sim_plan] built plan=3295 start=5755.50 horizon=15.00 frames=150 commit_frames=20[0m
[0m[INFO] [1788859999.513821956]: [sim_plan] built plan=3296 start=5757.50 horizon=15.00 frames=150 commit_frames=20[0m
[0m[INFO] [1788859999.529769879]: [sim_plan] built plan=3297 start=5759.50 horizon=15.00 frames=150 commit_frames=20[0m
[0m[INFO] [1788859999.530014001]: [batch] 57600/72000 ticks (sim_t=5760s) hard_guard=0[0m
[0m[INFO] [1788859999.541294584]: [sim_plan] built plan=3298 start=5761.50 horizon=15.00 frames=150 commit_frames=20[0m
[0m[INFO] [1788859999.550249243]: [sim_plan] built plan=3299 start=5763.50 horizon=15.00 frames=150 commit_frames=20[0m
[0m[INFO] [1788859999.557173249]: [sim_plan] built plan=3300 start=5765.50 horizon=15.00 frames=150 commit_frames=20[0m
[0m[INFO] [1788859999.562147466]: [sim_plan] built plan=3301 start=5767.50 horizon=15.00 frames=150 commit_frames=20[0m
[0m[INFO] [33m[WARN] [1788859999.569878629]: [multi_patrol][A1 EXIT HORIZON] V0 target=B1 dwell_part=4.90s departure_window=10.10s total_horizon=15.00s[0m
[33m[WARN] [1788859999.574390949]: [multi_patrol][A1 EXIT HORIZON] V0 target=B1 dwell_part=2.90s departure_window=12.10s total_horizon=15.00s[0m
[33m[WARN] [1788859999.580037668]: [multi_patrol][A1 EXIT HORIZON] V0 target=B1 dwell_part=0.90s departure_window=14.10s total_horizon=15.00s[0m
[33m[WARN] [1788859999.592120885]: [SLOT_DEPARTURE] time=96min19.2s vehicle=V1 owner=V0 result=ALLOW reason=slot_departure_clear candidate_path_gen=139 slot_departure_clear_s=0.327 vehicle_mode=ACTIVE vehicle_speed=0.000 vehicle_path_s=0.000 blocker=none a1_prefix_conflict=0 ordinary_road_conflict=0 owner_phase=TO_B owner_path_gen=154 geometry=actual_to_b protected_zones=0 actual_occupancy_priority=0 spatial_stop_launch_infeasible=0 waiter_stop_s=3.725[0m
[33m[WARN] [1788859999.592481041]: [multi_patrol][A1 EXIT PREPARED] V1 target=B49 pickup_dwell=5.00s exit_len=8.289 priority_until_s=0.758 horizon_refresh=IMMEDIATE[0m
[33m[WARN] [1788859999.662757910]: [SLOT_DEPARTURE] time=96min35.5s vehicle=V0 owner=none result=ALLOW reason=no_service_owner candidate_path_gen=155 slot_departure_clear_s=0.346 vehicle_mode=ACTIVE vehicle_speed=0.000 vehicle_path_s=0.000 blocker=none a1_prefix_conflict=0 ordinary_road_conflict=0[0m
[33m[WARN] [1788859999.663291474]: [multi_patrol][A1 EXIT PREPARED] V0 target=B33 pickup_dwell=5.00s exit_len=7.111 priority_until_s=0.758 horizon_refresh=IMMEDIATE[0m
[33m[WARN] [1788859999.807822755]: [DEADLOCK] event=CONFIRMED pair=V0-V1 duration=4 path_gen=155/139[0m
[33m[WARN] [1788859999.808386024]: [DEADLOCK] event=SELECT pair=V0-V1 retreat=V0 pass=V1 target_s=0.430346 pass_clear_s=4.755 distance=0.32 estimated_time=3.2 selection_reason=priority_yielding_vehicle_retreat[0m
[33m[WARN] [1788859999.833076336]: [DEADLOCK] event=RETREAT_DONE pair=V0-V1 retreat=V0 pass=V1 target_s=0.430346[0m
[33m[WARN] [1788859999.833470301]: [DEADLOCK] event=PASS_START pair=V0-V1 retreat=V0 pass=V1 target_s=0.430346[0m
[33m[WARN] [1788859999.885575176]: [DEADLOCK] event=CLEAR pair=V0-V1 pass_s=4.76023 reason=passer_cleared_pass_corridor[0m
[33m[WARN] [1788859999.918310180]: [multi_patrol][A1 EXIT HORIZON] V1 target=B49 dwell_part=4.90s departure_window=10.10s total_horizon=15.00s[0m
[33m[WARN] [1788859999.936552261]: [multi_patrol][A1 EXIT HORIZON] V1 target=B49 dwell_part=4.80s departure_window=10.20s total_horizon=15.00s[0m
[1788859999.566016918]: [sim_plan] built plan=3302 start=5769.50 horizon=15.00 frames=150 commit_frames=20[0m
[0m[INFO] [1788859999.569835702]: [sim_plan] built plan=3303 start=5771.50 horizon=15.00 frames=150 commit_frames=20[0m
[0m[INFO] [1788859999.574359530]: [sim_plan] built plan=3304 start=5773.50 horizon=15.00 frames=150 commit_frames=20[0m
[0m[INFO] [1788859999.579992923]: [sim_plan] built plan=3305 start=5775.50 horizon=15.00 frames=150 commit_frames=20[0m
[0m[INFO] [1788859999.581174713]: [multi_patrol][A1] V0 activate prepared dropoff: A1 -> B1 len=2.336 priority_until_s=0.756[0m
[0m[INFO] [1788859999.585076539]: [sim_plan] built plan=3306 start=5776.40 horizon=15.00 frames=150 commit_frames=20[0m
[0m[INFO] [1788859999.589224755]: [sim_plan] built plan=3307 start=5778.40 horizon=15.00 frames=150 commit_frames=20[0m
[0m[INFO] [1788859999.592087097]: [multi_patrol][A1] V1 pickup leg: B46 -> A1  wpts=462 len=5.089[0m
[0m[INFO] [1788859999.605299678]: [sim_plan] built plan=3308 start=5779.20 horizon=15.00 frames=150 commit_frames=20[0m
[0m[INFO] [1788859999.620056394]: [sim_plan] built plan=3309 start=5781.20 horizon=15.00 frames=150 commit_frames=20[0m
[0m[INFO] [1788859999.620527088]: [multi_patrol][A1 EXIT PRIORITY RELEASE] V0 s=0.768 threshold=0.756[0m
[0m[INFO] [1788859999.630297724]: [sim_plan] built plan=3310 start=5783.20 horizon=15.00 frames=150 commit_frames=20[0m
[0m[INFO] [1788859999.639768471]: [sim_plan] built plan=3311 start=5785.20 horizon=15.00 frames=150 commit_frames=20[0m
[0m[INFO] [1788859999.647130414]: [sim_plan] built plan=3312 start=5787.20 horizon=15.00 frames=150 commit_frames=20[0m
[0m[INFO] [1788859999.651795373]: [sim_plan] built plan=3313 start=5789.20 horizon=15.00 frames=150 commit_frames=20[0m
[0m[INFO] [1788859999.654827053]: [sim_plan] built plan=3314 start=5791.20 horizon=15.00 frames=150 commit_frames=20[0m
[0m[INFO] [1788859999.658386497]: [sim_plan] built plan=3315 start=5793.20 horizon=15.00 frames=150 commit_frames=20[0m
[0m[INFO] [1788859999.662090615]: [sim_plan] built plan=3316 start=5795.20 horizon=15.00 frames=150 commit_frames=20[0m
[0m[INFO] [1788859999.662717436]: [multi_patrol][A1] V0 pickup leg: B1 -> A1  wpts=276 len=2.815[0m
[0m[INFO] [1788859999.683581909]: [sim_plan] built plan=3317 start=5795.50 horizon=15.00 frames=150 commit_frames=20[0m
[0m[INFO] [1788859999.727130296]: [sim_plan] built plan=3318 start=5797.50 horizon=15.00 frames=150 commit_frames=20[0m
[0m[INFO] [1788859999.757817493]: [sim_plan] built plan=3319 start=5799.50 horizon=15.00 frames=150 commit_frames=20[0m
[0m[INFO] [1788859999.777608968]: [sim_plan] built plan=3320 start=5801.50 horizon=15.00 frames=150 commit_frames=20[0m
[0m[INFO] [1788859999.793770235]: [sim_plan] built plan=3321 start=5803.50 horizon=15.00 frames=150 commit_frames=20[0m
[0m[INFO] [1788859999.807291776]: [sim_plan] built plan=3322 start=5805.50 horizon=15.00 frames=150 commit_frames=20[0m
[0m[INFO] [1788859999.821428761]: [sim_plan] built plan=3323 start=5805.90 horizon=15.00 frames=150 commit_frames=20[0m
[0m[INFO] [1788859999.832526471]: [sim_plan] built plan=3324 start=5807.90 horizon=15.00 frames=150 commit_frames=20[0m
[0m[INFO] [1788859999.844339731]: [sim_plan] built plan=3325 start=5809.20 horizon=15.00 frames=150 commit_frames=20[0m
[0m[INFO] [1788859999.853667639]: [sim_plan] built plan=3326 start=5811.20 horizon=15.00 frames=150 commit_frames=20[0m
[0m[INFO] [1788859999.868237939]: [sim_plan] built plan=3327 start=5813.20 horizon=15.00 frames=150 commit_frames=20[0m
[0m[INFO] [1788859999.885047311]: [sim_plan] built plan=3328 start=5815.20 horizon=15.00 frames=150 commit_frames=20[0m
[0m[INFO] [1788859999.901102246]: [sim_plan] built plan=3329 start=5816.90 horizon=15.00 frames=150 commit_frames=20[0m
[0m[INFO] [1788859999.918271727]: [sim_plan] built plan=3330 start=5818.80 horizon=15.00 frames=150 commit_frames=20[0m
[0m[INFO] [1788859999.936511181]: [sim_plan] built plan=3331 start=5818.90 horizon=15.00 frames=150 commit_frames=20[0m
[0m[[33m[WARN] [1788859999.956547668]: [multi_patrol][A1 EXIT HORIZON] V1 target=B49 dwell_part=2.80s departure_window=12.20s total_horizon=15.00s[0m
[33m[WARN] [1788859999.978233800]: [multi_patrol][A1 EXIT HORIZON] V1 target=B49 dwell_part=0.80s departure_window=14.20s total_horizon=15.00s[0m
[33m[WARN] [1788860000.155050465]: [multi_patrol][A1 EXIT HORIZON] V0 target=B33 dwell_part=4.90s departure_window=10.10s total_horizon=15.00s[0m
[33m[WARN] [1788860000.166407544]: [multi_patrol][A1 EXIT HORIZON] V0 target=B33 dwell_part=2.90s departure_window=12.10s total_horizon=15.00s[0m
[33m[WARN] [1788860000.180665043]: [multi_patrol][A1 EXIT HORIZON] V0 target=B33 dwell_part=0.90s departure_window=14.10s total_horizon=15.00s[0m
INFO] [1788859999.956285408]: [sim_plan] built plan=3332 start=5820.90 horizon=15.00 frames=150 commit_frames=20[0m
[0m[INFO] [1788859999.978196641]: [sim_plan] built plan=3333 start=5822.90 horizon=15.00 frames=150 commit_frames=20[0m
[0m[INFO] [1788859999.979432659]: [multi_patrol][A1] V1 activate prepared dropoff: A1 -> B49 len=8.289 priority_until_s=0.758[0m
[0m[INFO] [1788860000.002130798]: [sim_plan] built plan=3334 start=5823.70 horizon=15.00 frames=150 commit_frames=20[0m
[0m[INFO] [1788860000.027926889]: [sim_plan] built plan=3335 start=5825.70 horizon=15.00 frames=150 commit_frames=20[0m
[0m[INFO] [1788860000.045279933]: [sim_plan] built plan=3336 start=5827.70 horizon=15.00 frames=150 commit_frames=20[0m
[0m[INFO] [1788860000.046552095]: [multi_patrol][A1 EXIT PRIORITY RELEASE] V1 s=0.771 threshold=0.758[0m
[0m[INFO] [1788860000.061585693]: [sim_plan] built plan=3337 start=5829.70 horizon=15.00 frames=150 commit_frames=20[0m
[0m[INFO] [1788860000.077876128]: [sim_plan] built plan=3338 start=5831.70 horizon=15.00 frames=150 commit_frames=20[0m
[0m[INFO] [1788860000.091281719]: [sim_plan] built plan=3339 start=5833.70 horizon=15.00 frames=150 commit_frames=20[0m
[0m[INFO] [1788860000.102400617]: [sim_plan] built plan=3340 start=5835.70 horizon=15.00 frames=150 commit_frames=20[0m
[0m[INFO] [1788860000.113304092]: [sim_plan] built plan=3341 start=5837.70 horizon=15.00 frames=150 commit_frames=20[0m
[0m[INFO] [1788860000.122138924]: [sim_plan] built plan=3342 start=5839.70 horizon=15.00 frames=150 commit_frames=20[0m
[0m[INFO] [1788860000.130449715]: [sim_plan] built plan=3343 start=5841.70 horizon=15.00 frames=150 commit_frames=20[0m
[0m[INFO] [1788860000.138844681]: [sim_plan] built plan=3344 start=5843.70 horizon=15.00 frames=150 commit_frames=20[0m
[0m[INFO] [1788860000.146717259]: [sim_plan] built plan=3345 start=5845.70 horizon=15.00 frames=150 commit_frames=20[0m
[0m[INFO] [1788860000.155012149]: [sim_plan] built plan=3346 start=5846.00 horizon=15.00 frames=150 commit_frames=20[0m
[0m[INFO] [1788860000.166355222]: [sim_plan] built plan=3347 start=5848.00 horizon=15.00 frames=150 commit_frames=20[0m
[0m[INFO] [1788860000.180630465]: [sim_plan] built plan=3348 start=5850.00 horizon=15.00 frames=150 commit_frames=20[0m
[0m[INFO] [1788860000.181679490]: [multi_patrol][A1] V0 activate prepared dropoff: A1 -> B33 len=7.111 priority_until_s=0.758[0m
[0m[INFO] [1788860000.195401336]: [sim_plan] built plan=3349 start=5850.90 horizon=15.00 frames=150 commit_frames=20[0m
[0m[INFO] [1788860000.223628429]: [sim_plan] built plan=3350 start=5852.90 horizon=15.00 frames=150 commit_frames=20[0m
[0m[INFO] [1788860000.240272320]: [sim_plan] built plan=3351 start=5854.90 horizon=15.00 frames=150 commit_frames=20[0m
[0m[INFO] [1788860000.241285373]: [multi_patrol][A1 EXIT PRIORITY RELEASE] V0 s=0.771 threshold=0.758[0m
[0m[INFO] [1788860000.256794818]: [sim_plan] built plan=3352 start=5856.90 horizon=15.00 frames=150 commit_frames=20[0m
[0m[INFO] [1788860000.270532965]: [sim_plan] built plan=3353 start=5858.90 horizon=15.00 frames=150 commit_frames=20[0m
[0m[INFO] [1788860000.282145572]: [sim_plan] built plan=3354 start=5860.90 horizon=15.00 frames=150 commit_frames=20[0m
[0m[INFO] [1788860000.292247800]: [sim_plan] built plan=3355 start=5862.90 horizon=15.00 frames=150 commit_frames=20[0m
[0m[INFO] [1788860000.300886431]: [sim_plan] built plan=3356 start=5864.90 horizon=15.00 frames=150 commit_frames=20[0m
[0m[INFO] [1788860000.308403600]: [sim_plan] built plan=3357 start=5866.90 horizon=15.00 frames=150 commit_frames=20[0m
[0m[INFO] [1788860000.313871759]: [sim_plan] built plan=3358 start=5868.90 horizon=15.00 frames=150 commit_frames=20[0m
[0m[INFO] [1788860000.317273989]: [sim_plan] built plan=3359 start=5870.90 horizon=15.00 frames=150 commit_frames=20[0m
[0m[INFO] [1788860000.320313299]: [sim_plan] built plan=3360 start=5872.90 horizon=15.00 frames=150 commit_frames=20[0m
[0m[INFO] [1788860000.323209692]: [sim_plan] built plan=3361 start=5874.90 horizon=15.[33m[WARN] [1788860000.324096560]: [SLOT_DEPARTURE] time=97min56.3s vehicle=V1 owner=none result=ALLOW reason=no_service_owner candidate_path_gen=141 slot_departure_clear_s=0.327 vehicle_mode=ACTIVE vehicle_speed=0.000 vehicle_path_s=0.000 blocker=none a1_prefix_conflict=0 ordinary_road_conflict=0[0m
[33m[WARN] [1788860000.324550817]: [multi_patrol][A1 EXIT PREPARED] V1 target=B53 pickup_dwell=5.00s exit_len=6.964 priority_until_s=0.758 horizon_refresh=IMMEDIATE[0m
[33m[WARN] [1788860000.425961493]: [SLOT_DEPARTURE] time=98min17.4s vehicle=V0 owner=none result=ALLOW reason=no_service_owner candidate_path_gen=157 slot_departure_clear_s=0.327 vehicle_mode=ACTIVE vehicle_speed=0.000 vehicle_path_s=0.000 blocker=none a1_prefix_conflict=0 ordinary_road_conflict=0[0m
[33m[WARN] [1788860000.426365149]: [multi_patrol][A1 EXIT PREPARED] V0 target=B45 pickup_dwell=5.00s exit_len=8.932 priority_until_s=0.758 horizon_refresh=IMMEDIATE[0m
[33m[WARN] [1788860000.538634206]: [multi_patrol][A1 EXIT HORIZON] V1 target=B53 dwell_part=4.90s departure_window=10.10s total_horizon=15.00s[0m
[33m[WARN] [1788860000.551157273]: [multi_patrol][A1 EXIT HORIZON] V1 target=B53 dwell_part=2.90s departure_window=12.10s total_horizon=15.00s[0m
[33m[WARN] [1788860000.565711753]: [multi_patrol][A1 EXIT HORIZON] V1 target=B53 dwell_part=0.90s departure_window=14.10s total_horizon=15.00s[0m
00 frames=150 commit_frames=20[0m
[0m[INFO] [1788860000.324054662]: [multi_patrol][A1] V1 pickup leg: B49 -> A1  wpts=466 len=5.961[0m
[0m[INFO] [1788860000.340154295]: [sim_plan] built plan=3362 start=5876.30 horizon=15.00 frames=150 commit_frames=20[0m
[0m[INFO] [1788860000.361647499]: [sim_plan] built plan=3363 start=5878.30 horizon=15.00 frames=150 commit_frames=20[0m
[0m[INFO] [1788860000.374603216]: [sim_plan] built plan=3364 start=5880.30 horizon=15.00 frames=150 commit_frames=20[0m
[0m[INFO] [1788860000.385804276]: [sim_plan] built plan=3365 start=5882.30 horizon=15.00 frames=150 commit_frames=20[0m
[0m[INFO] [1788860000.395506334]: [sim_plan] built plan=3366 start=5884.30 horizon=15.00 frames=150 commit_frames=20[0m
[0m[INFO] [1788860000.403949823]: [sim_plan] built plan=3367 start=5886.30 horizon=15.00 frames=150 commit_frames=20[0m
[0m[INFO] [1788860000.410536876]: [sim_plan] built plan=3368 start=5888.30 horizon=15.00 frames=150 commit_frames=20[0m
[0m[INFO] [1788860000.415254571]: [sim_plan] built plan=3369 start=5890.30 horizon=15.00 frames=150 commit_frames=20[0m
[0m[INFO] [1788860000.418390039]: [sim_plan] built plan=3370 start=5892.30 horizon=15.00 frames=150 commit_frames=20[0m
[0m[INFO] [1788860000.421920267]: [sim_plan] built plan=3371 start=5894.30 horizon=15.00 frames=150 commit_frames=20[0m
[0m[INFO] [1788860000.425313634]: [sim_plan] built plan=3372 start=5896.30 horizon=15.00 frames=150 commit_frames=20[0m
[0m[INFO] [1788860000.425912937]: [multi_patrol][A1] V0 pickup leg: B33 -> A1  wpts=469 len=5.444[0m
[0m[INFO] [1788860000.440583145]: [sim_plan] built plan=3373 start=5897.40 horizon=15.00 frames=150 commit_frames=20[0m
[0m[INFO] [1788860000.464362703]: [sim_plan] built plan=3374 start=5899.40 horizon=15.00 frames=150 commit_frames=20[0m
[0m[INFO] [1788860000.477292713]: [sim_plan] built plan=3375 start=5901.40 horizon=15.00 frames=150 commit_frames=20[0m
[0m[INFO] [1788860000.489959962]: [sim_plan] built plan=3376 start=5903.40 horizon=15.00 frames=150 commit_frames=20[0m
[0m[INFO] [1788860000.501096861]: [sim_plan] built plan=3377 start=5905.40 horizon=15.00 frames=150 commit_frames=20[0m
[0m[INFO] [1788860000.511077294]: [sim_plan] built plan=3378 start=5907.40 horizon=15.00 frames=150 commit_frames=20[0m
[0m[INFO] [1788860000.520736314]: [sim_plan] built plan=3379 start=5909.40 horizon=15.00 frames=150 commit_frames=20[0m
[0m[INFO] [1788860000.529609694]: [sim_plan] built plan=3380 start=5911.40 horizon=15.00 frames=150 commit_frames=20[0m
[0m[INFO] [1788860000.538593768]: [sim_plan] built plan=3381 start=5913.20 horizon=15.00 frames=150 commit_frames=20[0m
[0m[INFO] [1788860000.551117919]: [sim_plan] built plan=3382 start=5915.20 horizon=15.00 frames=150 commit_frames=20[0m
[0m[INFO] [1788860000.565657548]: [sim_plan] built plan=3383 start=5917.20 horizon=15.00 frames=150 commit_frames=20[0m
[0m[INFO] [1788860000.567067544]: [multi_patrol][A1] V1 activate prepared dropoff: A1 -> B53 len=6.964 priority_until_s=0.758[0m
[0m[INFO] [1788860000.581830008]: [sim_plan] built plan=3384 start=5918.10 horizon=15.00 frames=150 commit_frames=20[0m
[0m[INFO] [1788860000.603024991]: [sim_plan] built plan=3385 start=5920.10 horizon=15.00 frames=150 commit_frames=20[0m
[0m[INFO] [1788860000.616499140]: [sim_plan] built plan=3386 start=5922.10 horizon=15.00 frames=150 commit_frames=20[0m
[0m[INFO] [1788860000.617664102]: [multi_patrol][A1 EXIT PRIORITY RELEASE] V1 s=0.771 threshold=0.758[0m
[0m[INFO] [1788860000.629134310]: [sim_plan] built plan=3387 start=5924.10 horizon=15.00 frames=150 commit_frames=20[0m
[0m[INFO] [1788860000.639824059]: [sim_plan] built plan=3388 start=5926.10 horizon=15.00 frames=150 commit_frames=20[0m
[0m[INFO] [1788860000.649105936]: [sim_plan] built plan=3389 start=5928.10 horizon=15.00 frames=150 commit_frames=20[0m
[0m[INFO] [1788860000.657406428]: [sim_plan] built plan=3390 start=5930.10 horizon=15.00 frames=150 commit_frames=20[0m
[0m[INFO] [1788860000.665942851]: [sim_plan] built plan=3391 start=5932.10 hor[33m[WARN] [1788860000.674131627]: [multi_patrol][A1 EXIT HORIZON] V0 target=B45 dwell_part=4.90s departure_window=10.10s total_horizon=15.00s[0m
[33m[WARN] [1788860000.684553885]: [multi_patrol][A1 EXIT HORIZON] V0 target=B45 dwell_part=2.90s departure_window=12.10s total_horizon=15.00s[0m
[33m[WARN] [1788860000.698329383]: [multi_patrol][A1 EXIT HORIZON] V0 target=B45 dwell_part=0.90s departure_window=14.10s total_horizon=15.00s[0m
[33m[WARN] [1788860000.835352459]: [SLOT_DEPARTURE] time=99min24.0s vehicle=V1 owner=none result=ALLOW reason=no_service_owner candidate_path_gen=143 slot_departure_clear_s=0.327 vehicle_mode=ACTIVE vehicle_speed=0.000 vehicle_path_s=0.000 blocker=none a1_prefix_conflict=0 ordinary_road_conflict=0[0m
[33m[WARN] [1788860000.835740450]: [multi_patrol][A1 EXIT PREPARED] V1 target=B23 pickup_dwell=5.00s exit_len=6.156 priority_until_s=0.758 horizon_refresh=IMMEDIATE[0m
izon=15.00 frames=150 commit_frames=20[0m
[0m[INFO] [1788860000.674094477]: [sim_plan] built plan=3392 start=5932.90 horizon=15.00 frames=150 commit_frames=20[0m
[0m[INFO] [1788860000.684513172]: [sim_plan] built plan=3393 start=5934.90 horizon=15.00 frames=150 commit_frames=20[0m
[0m[INFO] [1788860000.698290085]: [sim_plan] built plan=3394 start=5936.90 horizon=15.00 frames=150 commit_frames=20[0m
[0m[INFO] [1788860000.699357699]: [multi_patrol][A1] V0 activate prepared dropoff: A1 -> B45 len=8.932 priority_until_s=0.758[0m
[0m[INFO] [1788860000.712406716]: [sim_plan] built plan=3395 start=5937.80 horizon=15.00 frames=150 commit_frames=20[0m
[0m[INFO] [1788860000.737906335]: [sim_plan] built plan=3396 start=5939.80 horizon=15.00 frames=150 commit_frames=20[0m
[0m[INFO] [1788860000.751765491]: [sim_plan] built plan=3397 start=5941.80 horizon=15.00 frames=150 commit_frames=20[0m
[0m[INFO] [1788860000.753239106]: [multi_patrol][A1 EXIT PRIORITY RELEASE] V0 s=0.771 threshold=0.758[0m
[0m[INFO] [1788860000.766658840]: [sim_plan] built plan=3398 start=5943.80 horizon=15.00 frames=150 commit_frames=20[0m
[0m[INFO] [1788860000.779119774]: [sim_plan] built plan=3399 start=5945.80 horizon=15.00 frames=150 commit_frames=20[0m
[0m[INFO] [1788860000.791390934]: [sim_plan] built plan=3400 start=5947.80 horizon=15.00 frames=150 commit_frames=20[0m
[0m[INFO] [1788860000.800698905]: [sim_plan] built plan=3401 start=5949.80 horizon=15.00 frames=150 commit_frames=20[0m
[0m[INFO] [1788860000.808536519]: [sim_plan] built plan=3402 start=5951.80 horizon=15.00 frames=150 commit_frames=20[0m
[0m[INFO] [1788860000.815687943]: [sim_plan] built plan=3403 start=5953.80 horizon=15.00 frames=150 commit_frames=20[0m
[0m[INFO] [1788860000.821045898]: [sim_plan] built plan=3404 start=5955.80 horizon=15.00 frames=150 commit_frames=20[0m
[0m[INFO] [1788860000.825252314]: [sim_plan] built plan=3405 start=5957.80 horizon=15.00 frames=150 commit_frames=20[0m
[0m[INFO] [1788860000.828440848]: [sim_plan] built plan=3406 start=5959.80 horizon=15.00 frames=150 commit_frames=20[0m
[0m[INFO] [1788860000.831335389]: [sim_plan] built plan=3407 start=5961.80 horizon=15.00 frames=150 commit_frames=20[0m
[0m[INFO] [1788860000.834773823]: [sim_plan] built plan=3408 start=5963.80 horizon=15.00 frames=150 commit_frames=20[0m
[0m[INFO] [1788860000.835318910]: [multi_patrol][A1] V1 pickup leg: B53 -> A1  wpts=514 len=6.437[0m
[0m[INFO] [1788860000.869299770]: [sim_plan] built plan=3409 start=5964.00 horizon=15.00 frames=150 commit_frames=20[0m
[0m[INFO] [1788860000.894155842]: [sim_plan] built plan=3410 start=5966.00 horizon=15.00 frames=150 commit_frames=20[0m
[0m[INFO] [1788860000.916559179]: [sim_plan] built plan=3411 start=5968.00 horizon=15.00 frames=150 commit_frames=20[0m
[0m[INFO] [1788860000.931764442]: [sim_plan] built plan=3412 start=5970.00 horizon=15.00 frames=150 commit_frames=20[0m
[0m[INFO] [1788860000.946912557]: [sim_plan] built plan=3413 start=5972.00 horizon=15.00 frames=150 commit_frames=20[0m
[0m[INFO] [1788860000.963269174]: [sim_plan] built plan=3414 start=5974.00 horizon=15.00 frames=150 commit_frames=20[0m
[0m[INFO] [1788860000.977128994]: [sim_plan] built plan=3415 start=5976.00 horizon=15.00 frames=150 commit_frames=20[0m
[0m[INFO] [1788860000.989636047]: [sim_plan] built plan=3416 start=5978.00 horizon=15.00 frames=150 commit_frames=20[0m
[0m[INFO] [1788860001.000945880]: [sim_plan] built plan=3417 start=5980.00 horizon=15.00 frames=150 commit_frames=20[0m
[0m[INFO] [1788860001.010382226]: [sim_plan] built plan=3418 start=5982.00 horizon=15.00 frames=150 commit_frames=20[0m
[0m[INFO] [1788860001.018452134]: [sim_plan] built plan=3419 start=5984.00 horizon=15.00 frames=150 commit_frames=20[0m
[0m[INFO] [1788860001.024545313]: [sim_plan] built plan=3420 start=5986.00 horizon=15.00 frames=150 commit_frames=20[0m
[0m[INFO] [1788860001.029166129]: [sim_plan] built plan=3421 start=5988.00 horizon=15.00 frames=150 commit_frames=20[0m
[0m[INFO] [1788860001.032722603]: [sim_plan] built [33m[WARN] [1788860001.036674537]: [SLOT_DEPARTURE] time=99min53.7s vehicle=V0 owner=none result=ALLOW reason=no_service_owner candidate_path_gen=159 slot_departure_clear_s=0.327 vehicle_mode=ACTIVE vehicle_speed=0.000 vehicle_path_s=0.000 blocker=none a1_prefix_conflict=0 ordinary_road_conflict=0[0m
[33m[WARN] [1788860001.037046072]: [multi_patrol][A1 EXIT PREPARED] V0 target=B19 pickup_dwell=5.00s exit_len=4.755 priority_until_s=0.758 horizon_refresh=IMMEDIATE[0m
[33m[WARN] [1788860001.220033559]: [multi_patrol][A1 EXIT HORIZON] V1 target=B23 dwell_part=4.90s departure_window=10.10s total_horizon=15.00s[0m
[33m[WARN] [1788860001.255358541]: [multi_patrol][A1 EXIT HORIZON] V1 target=B23 dwell_part=2.90s departure_window=12.10s total_horizon=15.00s[0m
[33m[WARN] [1788860001.293305913]: [multi_patrol][A1 EXIT HORIZON] V1 target=B23 dwell_part=0.90s departure_window=14.10s total_horizon=15.00s[0m
[33m[WARN] [1788860001.341558066]: [SOURCE=REAL] [plan=3437] [frame=15] [rollout_step=-1] [multi_patrol][A1 EXIT INTRUSION ENTER] owner=V1 target=B23 blocker=V0 dwell_remaining=0.00s visible_exit_t=14.95s owner_exit_s=2.730 blocker_phase=1 blocker_s=4.561 action=DIAG_ONLY[0m
[33m[WARN] [1788860001.375406075]: [SOURCE=REAL] [plan=3438] [frame=15] [rollout_step=-1] [multi_patrol][A1 EXIT INTRUSION CLEAR] owner=V1 blocker=V0[0m
[33m[WARN] [1788860001.530955710]: [multi_patrol][A1 EXIT HORIZON] V0 target=B19 dwell_part=4.90s departure_window=10.10s total_horizon=15.00s[0m
[33m[WARN] [1788860001.541958689]: [multi_patrol][A1 EXIT HORIZON] V0 target=B19 dwell_part=2.90s departure_window=12.10s total_horizon=15.00s[0m
[33m[WARN] [1788860001.554364309]: [multi_patrol][A1 EXIT HORIZON] V0 target=B19 dwell_part=0.90s departure_window=14.10s total_horizon=15.00s[0m
plan=3422 start=5990.00 horizon=15.00 frames=150 commit_frames=20[0m
[0m[INFO] [1788860001.036102501]: [sim_plan] built plan=3423 start=5992.00 horizon=15.00 frames=150 commit_frames=20[0m
[0m[INFO] [1788860001.036638809]: [multi_patrol][A1] V0 pickup leg: B45 -> A1  wpts=572 len=6.460[0m
[0m[INFO] [1788860001.051325749]: [sim_plan] built plan=3424 start=5993.70 horizon=15.00 frames=150 commit_frames=20[0m
[0m[INFO] [1788860001.073266984]: [sim_plan] built plan=3425 start=5995.70 horizon=15.00 frames=150 commit_frames=20[0m
[0m[INFO] [1788860001.087615672]: [sim_plan] built plan=3426 start=5997.70 horizon=15.00 frames=150 commit_frames=20[0m
[0m[INFO] [1788860001.109573567]: [sim_plan] built plan=3427 start=5999.70 horizon=15.00 frames=150 commit_frames=20[0m
[0m[INFO] [1788860001.124355747]: [sim_plan] built plan=3428 start=6001.70 horizon=15.00 frames=150 commit_frames=20[0m
[0m[INFO] [1788860001.137205029]: [sim_plan] built plan=3429 start=6003.70 horizon=15.00 frames=150 commit_frames=20[0m
[0m[INFO] [1788860001.148494854]: [sim_plan] built plan=3430 start=6005.70 horizon=15.00 frames=150 commit_frames=20[0m
[0m[INFO] [1788860001.159934301]: [sim_plan] built plan=3431 start=6007.70 horizon=15.00 frames=150 commit_frames=20[0m
[0m[INFO] [1788860001.170296012]: [sim_plan] built plan=3432 start=6009.70 horizon=15.00 frames=150 commit_frames=20[0m
[0m[INFO] [1788860001.191155365]: [sim_plan] built plan=3433 start=6011.70 horizon=15.00 frames=150 commit_frames=20[0m
[0m[INFO] [1788860001.219984696]: [sim_plan] built plan=3434 start=6013.60 horizon=15.00 frames=150 commit_frames=20[0m
[0m[INFO] [1788860001.255301423]: [sim_plan] built plan=3435 start=6015.60 horizon=15.00 frames=150 commit_frames=20[0m
[0m[INFO] [1788860001.293265697]: [sim_plan] built plan=3436 start=6017.60 horizon=15.00 frames=150 commit_frames=20[0m
[0m[INFO] [1788860001.294627271]: [multi_patrol][A1] V1 activate prepared dropoff: A1 -> B23 len=6.156 priority_until_s=0.758[0m
[0m[INFO] [1788860001.331915758]: [sim_plan] built plan=3437 start=6018.50 horizon=15.00 frames=150 commit_frames=20[0m
[0m[INFO] [1788860001.374020285]: [sim_plan] built plan=3438 start=6020.50 horizon=15.00 frames=150 commit_frames=20[0m
[0m[INFO] [1788860001.402019361]: [sim_plan] built plan=3439 start=6022.50 horizon=15.00 frames=150 commit_frames=20[0m
[0m[INFO] [1788860001.403441344]: [multi_patrol][A1 EXIT PRIORITY RELEASE] V1 s=0.771 threshold=0.758[0m
[0m[INFO] [1788860001.426878345]: [sim_plan] built plan=3440 start=6024.50 horizon=15.00 frames=150 commit_frames=20[0m
[0m[INFO] [1788860001.448249749]: [sim_plan] built plan=3441 start=6026.50 horizon=15.00 frames=150 commit_frames=20[0m
[0m[INFO] [1788860001.463780552]: [sim_plan] built plan=3442 start=6028.50 horizon=15.00 frames=150 commit_frames=20[0m
[0m[INFO] [1788860001.475694670]: [sim_plan] built plan=3443 start=6030.50 horizon=15.00 frames=150 commit_frames=20[0m
[0m[INFO] [1788860001.486002419]: [sim_plan] built plan=3444 start=6032.50 horizon=15.00 frames=150 commit_frames=20[0m
[0m[INFO] [1788860001.495469464]: [sim_plan] built plan=3445 start=6034.50 horizon=15.00 frames=150 commit_frames=20[0m
[0m[INFO] [1788860001.504995640]: [sim_plan] built plan=3446 start=6036.50 horizon=15.00 frames=150 commit_frames=20[0m
[0m[INFO] [1788860001.513902752]: [sim_plan] built plan=3447 start=6038.50 horizon=15.00 frames=150 commit_frames=20[0m
[0m[INFO] [1788860001.522254339]: [sim_plan] built plan=3448 start=6040.50 horizon=15.00 frames=150 commit_frames=20[0m
[0m[INFO] [1788860001.530905494]: [sim_plan] built plan=3449 start=6040.70 horizon=15.00 frames=150 commit_frames=20[0m
[0m[INFO] [1788860001.541914936]: [sim_plan] built plan=3450 start=6042.70 horizon=15.00 frames=150 commit_frames=20[0m
[0m[INFO] [1788860001.554323612]: [sim_plan] built plan=3451 start=6044.70 horizon=15.00 frames=150 commit_frames=20[0m
[0m[INFO] [1788860001.555635101]: [multi_patrol][A1] V0 activate prepared dropoff: A1 -> B19 len=4.755 priority_until_s=0.758[0m
[0m[INFO] [1788[33m[WARN] [1788860001.616806529]: [SLOT_DEPARTURE] time=101min0.2s vehicle=V1 owner=none result=ALLOW reason=no_service_owner candidate_path_gen=145 slot_departure_clear_s=0.327 vehicle_mode=ACTIVE vehicle_speed=0.000 vehicle_path_s=0.000 blocker=none a1_prefix_conflict=0 ordinary_road_conflict=0[0m
[33m[WARN] [1788860001.617248443]: [multi_patrol][A1 EXIT PREPARED] V1 target=B5 pickup_dwell=5.00s exit_len=1.681 priority_until_s=0.758 horizon_refresh=IMMEDIATE[0m
[33m[WARN] [1788860001.698917972]: [SLOT_DEPARTURE] time=101min18.3s vehicle=V0 owner=none result=ALLOW reason=no_service_owner candidate_path_gen=161 slot_departure_clear_s=0.327 vehicle_mode=ACTIVE vehicle_speed=0.000 vehicle_path_s=0.000 blocker=none a1_prefix_conflict=0 ordinary_road_conflict=0[0m
[33m[WARN] [1788860001.699391182]: [multi_patrol][A1 EXIT PREPARED] V0 target=B30 pickup_dwell=5.00s exit_len=3.835 priority_until_s=0.758 horizon_refresh=IMMEDIATE[0m
[33m[WARN] [1788860001.944340860]: [multi_patrol][A1 EXIT HORIZON] V1 target=B5 dwell_part=4.90s departure_window=10.10s total_horizon=15.00s[0m
[33m[WARN] [1788860001.968684900]: [multi_patrol][A1 EXIT HORIZON] V1 target=B5 dwell_part=2.90s departure_window=12.10s total_horizon=15.00s[0m
[33m[WARN] [1788860001.993236243]: [multi_patrol][A1 EXIT HORIZON] V1 target=B5 dwell_part=0.90s departure_window=14.10s total_horizon=15.00s[0m
860001.567199555]: [sim_plan] built plan=3452 start=6045.60 horizon=15.00 frames=150 commit_frames=20[0m
[0m[INFO] [1788860001.584318730]: [sim_plan] built plan=3453 start=6047.60 horizon=15.00 frames=150 commit_frames=20[0m
[0m[INFO] [1788860001.593867190]: [sim_plan] built plan=3454 start=6049.60 horizon=15.00 frames=150 commit_frames=20[0m
[0m[INFO] [1788860001.595029516]: [multi_patrol][A1 EXIT PRIORITY RELEASE] V0 s=0.771 threshold=0.758[0m
[0m[INFO] [1788860001.601912186]: [sim_plan] built plan=3455 start=6051.60 horizon=15.00 frames=150 commit_frames=20[0m
[0m[INFO] [1788860001.607172097]: [sim_plan] built plan=3456 start=6053.60 horizon=15.00 frames=150 commit_frames=20[0m
[0m[INFO] [1788860001.610294823]: [sim_plan] built plan=3457 start=6055.60 horizon=15.00 frames=150 commit_frames=20[0m
[0m[INFO] [1788860001.613444339]: [sim_plan] built plan=3458 start=6057.60 horizon=15.00 frames=150 commit_frames=20[0m
[0m[INFO] [1788860001.616287343]: [sim_plan] built plan=3459 start=6059.60 horizon=15.00 frames=150 commit_frames=20[0m
[0m[INFO] [1788860001.616771883]: [multi_patrol][A1] V1 pickup leg: B23 -> A1  wpts=513 len=5.883[0m
[0m[INFO] [1788860001.630228538]: [sim_plan] built plan=3460 start=6060.20 horizon=15.00 frames=150 commit_frames=20[0m
[0m[INFO] [1788860001.647847711]: [sim_plan] built plan=3461 start=6062.20 horizon=15.00 frames=150 commit_frames=20[0m
[0m[INFO] [1788860001.658459678]: [sim_plan] built plan=3462 start=6064.20 horizon=15.00 frames=150 commit_frames=20[0m
[0m[INFO] [1788860001.668329526]: [sim_plan] built plan=3463 start=6066.20 horizon=15.00 frames=150 commit_frames=20[0m
[0m[INFO] [1788860001.676309349]: [sim_plan] built plan=3464 start=6068.20 horizon=15.00 frames=150 commit_frames=20[0m
[0m[INFO] [1788860001.682400689]: [sim_plan] built plan=3465 start=6070.20 horizon=15.00 frames=150 commit_frames=20[0m
[0m[INFO] [1788860001.687113532]: [sim_plan] built plan=3466 start=6072.20 horizon=15.00 frames=150 commit_frames=20[0m
[0m[INFO] [1788860001.690886992]: [sim_plan] built plan=3467 start=6074.20 horizon=15.00 frames=150 commit_frames=20[0m
[0m[INFO] [1788860001.694698285]: [sim_plan] built plan=3468 start=6076.20 horizon=15.00 frames=150 commit_frames=20[0m
[0m[INFO] [1788860001.698351547]: [sim_plan] built plan=3469 start=6078.20 horizon=15.00 frames=150 commit_frames=20[0m
[0m[INFO] [1788860001.698880020]: [multi_patrol][A1] V0 pickup leg: B19 -> A1  wpts=249 len=3.198[0m
[0m[INFO] [1788860001.715867894]: [sim_plan] built plan=3470 start=6078.30 horizon=15.00 frames=150 commit_frames=20[0m
[0m[INFO] [1788860001.735730175]: [sim_plan] built plan=3471 start=6080.30 horizon=15.00 frames=150 commit_frames=20[0m
[0m[INFO] [1788860001.753452505]: [sim_plan] built plan=3472 start=6082.30 horizon=15.00 frames=150 commit_frames=20[0m
[0m[INFO] [1788860001.788223320]: [sim_plan] built plan=3473 start=6084.30 horizon=15.00 frames=150 commit_frames=20[0m
[0m[INFO] [1788860001.820461458]: [sim_plan] built plan=3474 start=6086.30 horizon=15.00 frames=150 commit_frames=20[0m
[0m[INFO] [1788860001.847485997]: [sim_plan] built plan=3475 start=6088.30 horizon=15.00 frames=150 commit_frames=20[0m
[0m[INFO] [1788860001.870994441]: [sim_plan] built plan=3476 start=6090.30 horizon=15.00 frames=150 commit_frames=20[0m
[0m[INFO] [1788860001.895822314]: [sim_plan] built plan=3477 start=6092.30 horizon=15.00 frames=150 commit_frames=20[0m
[0m[INFO] [1788860001.921018946]: [sim_plan] built plan=3478 start=6094.30 horizon=15.00 frames=150 commit_frames=20[0m
[0m[INFO] [1788860001.944294213]: [sim_plan] built plan=3479 start=6095.80 horizon=15.00 frames=150 commit_frames=20[0m
[0m[INFO] [1788860001.968636012]: [sim_plan] built plan=3480 start=6097.80 horizon=15.00 frames=150 commit_frames=20[0m
[0m[INFO] [1788860001.993195475]: [sim_plan] built plan=3481 start=6099.80 horizon=15.00 frames=150 commit_frames=20[0m
[0m[INFO] [1788860001.994394797]: [multi_patrol][A1] V1 activate prepared dropoff: A1 -> B5 len=1.681 priority_until_s=0.758[0m
[0m[INFO[33m[WARN] [1788860002.077236497]: [SLOT_DEPARTURE] time=101min56.5s vehicle=V1 owner=V0 result=HOLD reason=a1_stop_s_before_slot_clear candidate_path_gen=147 slot_departure_clear_s=0.346 vehicle_mode=DWELL vehicle_speed=0.000 vehicle_path_s=1.681 blocker=V0 a1_prefix_conflict=1 ordinary_road_conflict=0 owner_phase=TO_A1 owner_path_gen=161 geometry=pending_preview protected_zones=2 actual_occupancy_priority=0 spatial_stop_launch_infeasible=1 waiter_stop_s=0.225[0m
[33m[WARN] [1788860002.083857018]: [multi_patrol][A1 EXIT HORIZON] V0 target=B30 dwell_part=4.90s departure_window=10.10s total_horizon=15.00s[0m
[33m[WARN] [1788860002.112752472]: [multi_patrol][A1 EXIT HORIZON] V0 target=B30 dwell_part=2.90s departure_window=12.10s total_horizon=15.00s[0m
[33m[WARN] [1788860002.142517579]: [multi_patrol][A1 EXIT HORIZON] V0 target=B30 dwell_part=0.90s departure_window=14.10s total_horizon=15.00s[0m
[33m[WARN] [1788860002.170733850]: [SLOT_DEPARTURE] time=102min2.5s vehicle=V1 owner=V0 result=HOLD reason=ordinary_immediate_conflict candidate_path_gen=147 slot_departure_clear_s=0.346 vehicle_mode=DWELL vehicle_speed=0.000 vehicle_path_s=1.681 blocker=V0 a1_prefix_conflict=1 ordinary_road_conflict=1 first_t=2.450 candidate_s=0.338 interaction=SAME_DIRECTION owner_phase=TO_B owner_path_gen=162 geometry=actual_to_b protected_zones=2 actual_occupancy_priority=0 spatial_stop_launch_infeasible=1 waiter_stop_s=0.225[0m
[33m[WARN] [1788860002.196120005]: [SLOT_DEPARTURE] time=102min4.1s vehicle=V1 owner=V0 result=HOLD reason=a1_stop_s_before_slot_clear candidate_path_gen=147 slot_departure_clear_s=0.346 vehicle_mode=DWELL vehicle_speed=0.000 vehicle_path_s=1.681 blocker=V0 a1_prefix_conflict=1 ordinary_road_conflict=0 owner_phase=TO_B owner_path_gen=162 geometry=actual_to_b protected_zones=2 actual_occupancy_priority=0 spatial_stop_launch_infeasible=1 waiter_stop_s=0.225[0m
[33m[WARN] [1788860002.241326282]: [SLOT_DEPARTURE] time=102min7.1s vehicle=V1 owner=V0 result=ALLOW reason=slot_departure_clear_after_retry candidate_path_gen=147 slot_departure_clear_s=0.346 vehicle_mode=ACTIVE vehicle_speed=0.000 vehicle_path_s=0.000 blocker=none a1_prefix_conflict=0 ordinary_road_conflict=0 owner_phase=TO_B owner_path_gen=162 geometry=actual_to_b protected_zones=0 actual_occupancy_priority=0 spatial_stop_launch_infeasible=0[0m
[33m[WARN] [1788860002.241744586]: [multi_patrol][A1 EXIT PREPARED] V1 target=B56 pickup_dwell=5.00s exit_len=7.361 priority_until_s=0.758 horizon_refresh=IMMEDIATE[0m
[33m[WARN] [1788860002.305336222]: [multi_patrol][A1 EXIT HORIZON] V1 target=B56 dwell_part=4.90s departure_window=10.10s total_horizon=15.00s[0m
[33m[WARN] [1788860002.309926125]: [multi_patrol][A1 EXIT HORIZON] V1 target=B56 dwell_part=2.90s departure_window=12.10s total_horizon=15.00s[0m
[33m[WARN] [1788860002.314925488]: [multi_patrol][A1 EXIT HORIZON] V1 target=B56 dwell_part=0.90s departure_window=14.10s total_horizon=15.00s[0m
[33m[WARN] [1788860002.338168156]: [SLOT_DEPARTURE] time=102min30.0s vehicle=V0 owner=none result=ALLOW reason=no_service_owner candidate_path_gen=163 slot_departure_clear_s=0.327 vehicle_mode=ACTIVE vehicle_speed=0.000 vehicle_path_s=0.000 blocker=none a1_prefix_conflict=0 ordinary_road_conflict=0[0m
[33m[WARN] [1788860002.338595890]: [multi_patrol][A1 EXIT PREPARED] V0 target=B25 pickup_dwell=5.00s exit_len=7.735 priority_until_s=0.758 horizon_refresh=IMMEDIATE[0m
] [1788860002.018247986]: [sim_plan] built plan=3482 start=6100.70 horizon=15.00 frames=150 commit_frames=20[0m
[0m[INFO] [1788860002.039602017]: [sim_plan] built plan=3483 start=6102.70 horizon=15.00 frames=150 commit_frames=20[0m
[0m[INFO] [1788860002.053339788]: [sim_plan] built plan=3484 start=6104.70 horizon=15.00 frames=150 commit_frames=20[0m
[0m[INFO] [1788860002.054035695]: [multi_patrol][A1 EXIT PRIORITY RELEASE] V1 s=0.771 threshold=0.758[0m
[0m[INFO] [1788860002.062862476]: [sim_plan] built plan=3485 start=6106.70 horizon=15.00 frames=150 commit_frames=20[0m
[0m[INFO] [1788860002.067405470]: [sim_plan] built plan=3486 start=6108.70 horizon=15.00 frames=150 commit_frames=20[0m
[0m[INFO] [1788860002.069863501]: [sim_plan] built plan=3487 start=6110.70 horizon=15.00 frames=150 commit_frames=20[0m
[0m[INFO] [1788860002.073211683]: [sim_plan] built plan=3488 start=6112.70 horizon=15.00 frames=150 commit_frames=20[0m
[0m[INFO] [1788860002.075643379]: [sim_plan] built plan=3489 start=6114.70 horizon=15.00 frames=150 commit_frames=20[0m
[0m[INFO] [1788860002.083813139]: [sim_plan] built plan=3490 start=6116.70 horizon=15.00 frames=150 commit_frames=20[0m
[0m[INFO] [1788860002.112702038]: [sim_plan] built plan=3491 start=6118.70 horizon=15.00 frames=150 commit_frames=20[0m
[0m[INFO] [1788860002.142473589]: [sim_plan] built plan=3492 start=6120.70 horizon=15.00 frames=150 commit_frames=20[0m
[0m[INFO] [1788860002.153538078]: [multi_patrol][A1] V0 activate prepared dropoff: A1 -> B30 len=3.835 priority_until_s=0.758[0m
[0m[INFO] [1788860002.158440360]: [sim_plan] built plan=3493 start=6121.60 horizon=15.00 frames=150 commit_frames=20[0m
[0m[INFO] [1788860002.189321882]: [sim_plan] built plan=3494 start=6123.60 horizon=15.00 frames=150 commit_frames=20[0m
[0m[INFO] [1788860002.220585781]: [sim_plan] built plan=3495 start=6125.60 horizon=15.00 frames=150 commit_frames=20[0m
[0m[INFO] [1788860002.241024687]: [multi_patrol][A1 EXIT PRIORITY RELEASE] V0 s=0.771 threshold=0.758[0m
[0m[INFO] [1788860002.241292662]: [multi_patrol][A1] V1 pickup leg: B5 -> A1  wpts=162 len=1.680[0m
[0m[INFO] [1788860002.255979386]: [sim_plan] built plan=3496 start=6127.10 horizon=15.00 frames=150 commit_frames=20[0m
[0m[INFO] [1788860002.272102732]: [sim_plan] built plan=3497 start=6129.10 horizon=15.00 frames=150 commit_frames=20[0m
[0m[INFO] [1788860002.282581418]: [sim_plan] built plan=3498 start=6131.10 horizon=15.00 frames=150 commit_frames=20[0m
[0m[INFO] [1788860002.290347034]: [sim_plan] built plan=3499 start=6133.10 horizon=15.00 frames=150 commit_frames=20[0m
[0m[INFO] [1788860002.296667354]: [sim_plan] built plan=3500 start=6135.10 horizon=15.00 frames=150 commit_frames=20[0m
[0m[INFO] [1788860002.301606883]: [sim_plan] built plan=3501 start=6137.10 horizon=15.00 frames=150 commit_frames=20[0m
[0m[INFO] [1788860002.305305094]: [sim_plan] built plan=3502 start=6138.70 horizon=15.00 frames=150 commit_frames=20[0m
[0m[INFO] [1788860002.309892941]: [sim_plan] built plan=3503 start=6140.70 horizon=15.00 frames=150 commit_frames=20[0m
[0m[INFO] [1788860002.314894192]: [sim_plan] built plan=3504 start=6142.70 horizon=15.00 frames=150 commit_frames=20[0m
[0m[INFO] [1788860002.316135970]: [multi_patrol][A1] V1 activate prepared dropoff: A1 -> B56 len=7.361 priority_until_s=0.758[0m
[0m[INFO] [1788860002.320567038]: [sim_plan] built plan=3505 start=6143.60 horizon=15.00 frames=150 commit_frames=20[0m
[0m[INFO] [1788860002.329914409]: [sim_plan] built plan=3506 start=6145.60 horizon=15.00 frames=150 commit_frames=20[0m
[0m[INFO] [1788860002.333961036]: [sim_plan] built plan=3507 start=6147.60 horizon=15.00 frames=150 commit_frames=20[0m
[0m[INFO] [1788860002.334941613]: [multi_patrol][A1 EXIT PRIORITY RELEASE] V1 s=0.771 threshold=0.758[0m
[0m[INFO] [1788860002.337694274]: [sim_plan] built plan=3508 start=6149.60 horizon=15.00 frames=150 commit_frames=20[0m
[0m[INFO] [1788860002.338135731]: [multi_patrol][A1] V0 pickup leg: B30 -> A1  wpts=286 len=3.524[0m
[0m[INFO] [1788860002.[33m[WARN] [1788860002.499349463]: [multi_patrol][A1 EXIT HORIZON] V0 target=B25 dwell_part=4.90s departure_window=10.10s total_horizon=15.00s[0m
[33m[WARN] [1788860002.509497278]: [multi_patrol][A1 EXIT HORIZON] V0 target=B25 dwell_part=2.90s departure_window=12.10s total_horizon=15.00s[0m
[33m[WARN] [1788860002.520688510]: [multi_patrol][A1 EXIT HORIZON] V0 target=B25 dwell_part=0.90s departure_window=14.10s total_horizon=15.00s[0m
[33m[WARN] [1788860002.580909465]: [SLOT_DEPARTURE] time=103min11.5s vehicle=V1 owner=none result=ALLOW reason=no_service_owner candidate_path_gen=149 slot_departure_clear_s=0.346 vehicle_mode=ACTIVE vehicle_speed=0.000 vehicle_path_s=0.000 blocker=none a1_prefix_conflict=0 ordinary_road_conflict=0[0m
[33m[WARN] [1788860002.581317318]: [multi_patrol][A1 EXIT PREPARED] V1 target=B1 pickup_dwell=5.00s exit_len=2.336 priority_until_s=0.756 horizon_refresh=IMMEDIATE[0m
352865089]: [sim_plan] built plan=3509 start=6150.00 horizon=15.00 frames=150 commit_frames=20[0m
[0m[INFO] [1788860002.373555087]: [sim_plan] built plan=3510 start=6152.00 horizon=15.00 frames=150 commit_frames=20[0m
[0m[INFO] [1788860002.390045470]: [sim_plan] built plan=3511 start=6154.00 horizon=15.00 frames=150 commit_frames=20[0m
[0m[INFO] [1788860002.405900924]: [sim_plan] built plan=3512 start=6156.00 horizon=15.00 frames=150 commit_frames=20[0m
[0m[INFO] [1788860002.421353250]: [sim_plan] built plan=3513 start=6158.00 horizon=15.00 frames=150 commit_frames=20[0m
[0m[INFO] [1788860002.434440387]: [sim_plan] built plan=3514 start=6160.00 horizon=15.00 frames=150 commit_frames=20[0m
[0m[INFO] [1788860002.445906917]: [sim_plan] built plan=3515 start=6162.00 horizon=15.00 frames=150 commit_frames=20[0m
[0m[INFO] [1788860002.456595754]: [sim_plan] built plan=3516 start=6164.00 horizon=15.00 frames=150 commit_frames=20[0m
[0m[INFO] [1788860002.465732760]: [sim_plan] built plan=3517 start=6166.00 horizon=15.00 frames=150 commit_frames=20[0m
[0m[INFO] [1788860002.474716489]: [sim_plan] built plan=3518 start=6168.00 horizon=15.00 frames=150 commit_frames=20[0m
[0m[INFO] [1788860002.483225988]: [sim_plan] built plan=3519 start=6170.00 horizon=15.00 frames=150 commit_frames=20[0m
[0m[INFO] [1788860002.491089701]: [sim_plan] built plan=3520 start=6172.00 horizon=15.00 frames=150 commit_frames=20[0m
[0m[INFO] [1788860002.499290252]: [sim_plan] built plan=3521 start=6172.10 horizon=15.00 frames=150 commit_frames=20[0m
[0m[INFO] [1788860002.509457881]: [sim_plan] built plan=3522 start=6174.10 horizon=15.00 frames=150 commit_frames=20[0m
[0m[INFO] [1788860002.520650464]: [sim_plan] built plan=3523 start=6176.10 horizon=15.00 frames=150 commit_frames=20[0m
[0m[INFO] [1788860002.521642188]: [multi_patrol][A1] V0 activate prepared dropoff: A1 -> B25 len=7.735 priority_until_s=0.758[0m
[0m[INFO] [1788860002.532486095]: [sim_plan] built plan=3524 start=6177.00 horizon=15.00 frames=150 commit_frames=20[0m
[0m[INFO] [1788860002.551269225]: [sim_plan] built plan=3525 start=6179.00 horizon=15.00 frames=150 commit_frames=20[0m
[0m[INFO] [1788860002.559721907]: [sim_plan] built plan=3526 start=6181.00 horizon=15.00 frames=150 commit_frames=20[0m
[0m[INFO] [1788860002.560934825]: [multi_patrol][A1 EXIT PRIORITY RELEASE] V0 s=0.771 threshold=0.758[0m
[0m[INFO] [1788860002.566819706]: [sim_plan] built plan=3527 start=6183.00 horizon=15.00 frames=150 commit_frames=20[0m
[0m[INFO] [1788860002.571349589]: [sim_plan] built plan=3528 start=6185.00 horizon=15.00 frames=150 commit_frames=20[0m
[0m[INFO] [1788860002.574670866]: [sim_plan] built plan=3529 start=6187.00 horizon=15.00 frames=150 commit_frames=20[0m
[0m[INFO] [1788860002.577468776]: [sim_plan] built plan=3530 start=6189.00 horizon=15.00 frames=150 commit_frames=20[0m
[0m[INFO] [1788860002.580410338]: [sim_plan] built plan=3531 start=6191.00 horizon=15.00 frames=150 commit_frames=20[0m
[0m[INFO] [1788860002.580876512]: [multi_patrol][A1] V1 pickup leg: B56 -> A1  wpts=649 len=6.945[0m
[0m[INFO] [1788860002.596512601]: [sim_plan] built plan=3532 start=6191.50 horizon=15.00 frames=150 commit_frames=20[0m
[0m[INFO] [1788860002.621202803]: [sim_plan] built plan=3533 start=6193.50 horizon=15.00 frames=150 commit_frames=20[0m
[0m[INFO] [1788860002.637385388]: [sim_plan] built plan=3534 start=6195.50 horizon=15.00 frames=150 commit_frames=20[0m
[0m[INFO] [1788860002.650818043]: [sim_plan] built plan=3535 start=6197.50 horizon=15.00 frames=150 commit_frames=20[0m
[0m[INFO] [1788860002.663682566]: [sim_plan] built plan=3536 start=6199.50 horizon=15.00 frames=150 commit_frames=20[0m
[0m[INFO] [1788860002.678789094]: [sim_plan] built plan=3537 start=6201.50 horizon=15.00 frames=150 commit_frames=20[0m
[0m[INFO] [1788860002.694197682]: [sim_plan] built plan=3538 start=6203.50 horizon=15.00 frames=150 commit_frames=20[0m
[0m[INFO] [1788860002.709832290]: [sim_plan] built plan=3539 start=6205.50 horizon=15.00 frames=150 commit_frames=20[33m[WARN] [1788860002.798802464]: [SLOT_DEPARTURE] time=103min46.7s vehicle=V0 owner=V1 result=ALLOW reason=slot_departure_clear candidate_path_gen=165 slot_departure_clear_s=0.327 vehicle_mode=ACTIVE vehicle_speed=0.000 vehicle_path_s=0.000 blocker=none a1_prefix_conflict=0 ordinary_road_conflict=0 owner_phase=TO_A1 owner_path_gen=149 geometry=pending_preview protected_zones=0 actual_occupancy_priority=0 spatial_stop_launch_infeasible=0 waiter_stop_s=4.300[0m
[33m[WARN] [1788860002.799340848]: [multi_patrol][A1 EXIT PREPARED] V0 target=B6 pickup_dwell=5.00s exit_len=1.901 priority_until_s=0.758 horizon_refresh=IMMEDIATE[0m
[33m[WARN] [1788860002.879246886]: [multi_patrol][A1 EXIT HORIZON] V1 target=B1 dwell_part=4.90s departure_window=10.10s total_horizon=15.00s[0m
[33m[WARN] [1788860002.910639375]: [multi_patrol][A1 EXIT HORIZON] V1 target=B1 dwell_part=2.90s departure_window=12.10s total_horizon=15.00s[0m
[33m[WARN] [1788860002.944528903]: [multi_patrol][A1 EXIT HORIZON] V1 target=B1 dwell_part=0.90s departure_window=14.10s total_horizon=15.00s[0m
[33m[WARN] [1788860003.079014661]: [SLOT_DEPARTURE] time=104min21.2s vehicle=V1 owner=V0 result=ALLOW reason=slot_departure_clear candidate_path_gen=151 slot_departure_clear_s=0.346 vehicle_mode=ACTIVE vehicle_speed=0.000 vehicle_path_s=0.000 blocker=none a1_prefix_conflict=0 ordinary_road_conflict=0 owner_phase=TO_A1 owner_path_gen=165 geometry=pending_preview protected_zones=0 actual_occupancy_priority=0 spatial_stop_launch_infeasible=0 waiter_stop_s=0.750[0m
[33m[WARN] [1788860003.079341745]: [multi_patrol][A1 EXIT PREPARED] V1 target=B21 pickup_dwell=5.00s exit_len=6.358 priority_until_s=0.758 horizon_refresh=IMMEDIATE[0m
[0m
[0m[INFO] [1788860002.726930640]: [sim_plan] built plan=3540 start=6207.50 horizon=15.00 frames=150 commit_frames=20[0m
[0m[INFO] [1788860002.738959431]: [sim_plan] built plan=3541 start=6209.50 horizon=15.00 frames=150 commit_frames=20[0m
[0m[INFO] [1788860002.750432495]: [sim_plan] built plan=3542 start=6211.50 horizon=15.00 frames=150 commit_frames=20[0m
[0m[INFO] [1788860002.760029235]: [sim_plan] built plan=3543 start=6213.50 horizon=15.00 frames=150 commit_frames=20[0m
[0m[INFO] [1788860002.768768893]: [sim_plan] built plan=3544 start=6215.50 horizon=15.00 frames=150 commit_frames=20[0m
[0m[INFO] [1788860002.776172803]: [sim_plan] built plan=3545 start=6217.50 horizon=15.00 frames=150 commit_frames=20[0m
[0m[INFO] [1788860002.781450445]: [sim_plan] built plan=3546 start=6219.50 horizon=15.00 frames=150 commit_frames=20[0m
[0m[INFO] [1788860002.785183200]: [sim_plan] built plan=3547 start=6221.50 horizon=15.00 frames=150 commit_frames=20[0m
[0m[INFO] [1788860002.791383042]: [sim_plan] built plan=3548 start=6223.50 horizon=15.00 frames=150 commit_frames=20[0m
[0m[INFO] [1788860002.795977471]: [sim_plan] built plan=3549 start=6225.50 horizon=15.00 frames=150 commit_frames=20[0m
[0m[INFO] [1788860002.798730845]: [multi_patrol][A1] V0 pickup leg: B25 -> A1  wpts=491 len=5.663[0m
[0m[INFO] [1788860002.811730262]: [sim_plan] built plan=3550 start=6226.70 horizon=15.00 frames=150 commit_frames=20[0m
[0m[INFO] [1788860002.831688797]: [sim_plan] built plan=3551 start=6228.70 horizon=15.00 frames=150 commit_frames=20[0m
[0m[INFO] [1788860002.841313865]: [sim_plan] built plan=3552 start=6230.70 horizon=15.00 frames=150 commit_frames=20[0m
[0m[INFO] [1788860002.850686821]: [sim_plan] built plan=3553 start=6232.70 horizon=15.00 frames=150 commit_frames=20[0m
[0m[INFO] [1788860002.859913064]: [sim_plan] built plan=3554 start=6234.70 horizon=15.00 frames=150 commit_frames=20[0m
[0m[INFO] [1788860002.869173697]: [sim_plan] built plan=3555 start=6236.70 horizon=15.00 frames=150 commit_frames=20[0m
[0m[INFO] [1788860002.879198220]: [sim_plan] built plan=3556 start=6237.20 horizon=15.00 frames=150 commit_frames=20[0m
[0m[INFO] [1788860002.910598598]: [sim_plan] built plan=3557 start=6239.20 horizon=15.00 frames=150 commit_frames=20[0m
[0m[INFO] [1788860002.944478571]: [sim_plan] built plan=3558 start=6241.20 horizon=15.00 frames=150 commit_frames=20[0m
[0m[INFO] [1788860002.945740687]: [multi_patrol][A1] V1 activate prepared dropoff: A1 -> B1 len=2.336 priority_until_s=0.756[0m
[0m[INFO] [1788860002.978104083]: [sim_plan] built plan=3559 start=6242.10 horizon=15.00 frames=150 commit_frames=20[0m
[0m[INFO] [1788860003.009128258]: [sim_plan] built plan=3560 start=6244.10 horizon=15.00 frames=150 commit_frames=20[0m
[0m[INFO] [1788860003.030542155]: [sim_plan] built plan=3561 start=6246.10 horizon=15.00 frames=150 commit_frames=20[0m
[0m[INFO] [1788860003.031450114]: [multi_patrol][A1 EXIT PRIORITY RELEASE] V1 s=0.768 threshold=0.756[0m
[0m[INFO] [1788860003.047253258]: [sim_plan] built plan=3562 start=6248.10 horizon=15.00 frames=150 commit_frames=20[0m
[0m[INFO] [1788860003.058134057]: [sim_plan] built plan=3563 start=6250.10 horizon=15.00 frames=150 commit_frames=20[0m
[0m[INFO] [1788860003.064929086]: [sim_plan] built plan=3564 start=6252.10 horizon=15.00 frames=150 commit_frames=20[0m
[0m[INFO] [1788860003.069149905]: [sim_plan] built plan=3565 start=6254.10 horizon=15.00 frames=150 commit_frames=20[0m
[0m[INFO] [1788860003.073019509]: [sim_plan] built plan=3566 start=6256.10 horizon=15.00 frames=150 commit_frames=20[0m
[0m[INFO] [1788860003.075370699]: [sim_plan] built plan=3567 start=6258.10 horizon=15.00 frames=150 commit_frames=20[0m
[0m[INFO] [1788860003.077394036]: [sim_plan] built plan=3568 start=6260.10 horizon=15.00 frames=150 commit_frames=20[0m
[0m[INFO] [1788860003.078901997]: [multi_patrol][A1] V1 pickup leg: B1 -> A1  wpts=276 len=2.815[0m
[0m[INFO] [1788860003.097804715]: [sim_plan] built plan=3569 start=6261.20 horizon=15.00 frames=150 commit_fram[33m[WARN] [1788860003.119254732]: [multi_patrol][A1 EXIT HORIZON] V0 target=B6 dwell_part=4.90s departure_window=10.10s total_horizon=15.00s[0m
[33m[WARN] [1788860003.139725040]: [multi_patrol][A1 EXIT HORIZON] V0 target=B6 dwell_part=2.90s departure_window=12.10s total_horizon=15.00s[0m
[33m[WARN] [1788860003.161991993]: [multi_patrol][A1 EXIT HORIZON] V0 target=B6 dwell_part=0.90s departure_window=14.10s total_horizon=15.00s[0m
[33m[WARN] [1788860003.247834935]: [SLOT_DEPARTURE] time=104min44.5s vehicle=V0 owner=V1 result=ALLOW reason=slot_departure_clear candidate_path_gen=167 slot_departure_clear_s=0.346 vehicle_mode=ACTIVE vehicle_speed=0.000 vehicle_path_s=0.000 blocker=none a1_prefix_conflict=0 ordinary_road_conflict=0 owner_phase=TO_A1 owner_path_gen=151 geometry=pending_preview protected_zones=0 actual_occupancy_priority=0 spatial_stop_launch_infeasible=0 waiter_stop_s=0.900[0m
[33m[WARN] [1788860003.248229342]: [multi_patrol][A1 EXIT PREPARED] V0 target=B38 pickup_dwell=5.00s exit_len=4.713 priority_until_s=0.758 horizon_refresh=IMMEDIATE[0m
[33m[WARN] [1788860003.337447591]: [multi_patrol][A1 EXIT HORIZON] V1 target=B21 dwell_part=4.90s departure_window=10.10s total_horizon=15.00s[0m
[33m[WARN] [1788860003.355540510]: [multi_patrol][A1 EXIT HORIZON] V1 target=B21 dwell_part=2.90s departure_window=12.10s total_horizon=15.00s[0m
[33m[WARN] [1788860003.375838218]: [multi_patrol][A1 EXIT HORIZON] V1 target=B21 dwell_part=0.90s departure_window=14.10s total_horizon=15.00s[0m
[33m[WARN] [1788860003.474214286]: [multi_patrol][A1 EXIT HORIZON] V0 target=B38 dwell_part=4.90s departure_window=10.10s total_horizon=15.00s[0m
[33m[WARN] [1788860003.485616322]: [multi_patrol][A1 EXIT HORIZON] V0 target=B38 dwell_part=2.90s departure_window=12.10s total_horizon=15.00s[0m
[33m[WARN] [1788860003.486842897]: [SOURCE=REAL] [plan=3596] [frame=17] [rollout_step=-1] [multi_patrol][A1 EXIT INTRUSION ENTER] owner=V0 target=B38 blocker=V1 dwell_remaining=1.20s visible_exit_t=15.00s owner_exit_s=2.228 blocker_phase=4 blocker_s=2.911 action=DIAG_ONLY[0m
[33m[WARN] [1788860003.499830013]: [multi_patrol][A1 EXIT HORIZON] V0 target=B38 dwell_part=0.90s departure_window=14.10s total_horizon=15.00s[0m
es=20[0m
[0m[INFO] [1788860003.119203048]: [sim_plan] built plan=3570 start=6262.70 horizon=15.00 frames=150 commit_frames=20[0m
[0m[INFO] [1788860003.139688023]: [sim_plan] built plan=3571 start=6264.70 horizon=15.00 frames=150 commit_frames=20[0m
[0m[INFO] [1788860003.161953679]: [sim_plan] built plan=3572 start=6266.70 horizon=15.00 frames=150 commit_frames=20[0m
[0m[INFO] [1788860003.162882095]: [multi_patrol][A1] V0 activate prepared dropoff: A1 -> B6 len=1.901 priority_until_s=0.758[0m
[0m[INFO] [1788860003.182884590]: [sim_plan] built plan=3573 start=6267.60 horizon=15.00 frames=150 commit_frames=20[0m
[0m[INFO] [1788860003.201579899]: [sim_plan] built plan=3574 start=6269.60 horizon=15.00 frames=150 commit_frames=20[0m
[0m[INFO] [1788860003.214342692]: [sim_plan] built plan=3575 start=6271.60 horizon=15.00 frames=150 commit_frames=20[0m
[0m[INFO] [1788860003.215033267]: [multi_patrol][A1 EXIT PRIORITY RELEASE] V0 s=0.771 threshold=0.758[0m
[0m[INFO] [1788860003.223436969]: [sim_plan] built plan=3576 start=6273.60 horizon=15.00 frames=150 commit_frames=20[0m
[0m[INFO] [1788860003.230174063]: [sim_plan] built plan=3577 start=6275.60 horizon=15.00 frames=150 commit_frames=20[0m
[0m[INFO] [1788860003.234755099]: [sim_plan] built plan=3578 start=6277.60 horizon=15.00 frames=150 commit_frames=20[0m
[0m[INFO] [1788860003.237153181]: [sim_plan] built plan=3579 start=6279.60 horizon=15.00 frames=150 commit_frames=20[0m
[0m[INFO] [1788860003.242686988]: [sim_plan] built plan=3580 start=6281.60 horizon=15.00 frames=150 commit_frames=20[0m
[0m[INFO] [1788860003.245368202]: [sim_plan] built plan=3581 start=6283.60 horizon=15.00 frames=150 commit_frames=20[0m
[0m[INFO] [1788860003.247802251]: [multi_patrol][A1] V0 pickup leg: B6 -> A1  wpts=162 len=1.900[0m
[0m[INFO] [1788860003.276698344]: [sim_plan] built plan=3582 start=6284.50 horizon=15.00 frames=150 commit_frames=20[0m
[0m[INFO] [1788860003.302353306]: [sim_plan] built plan=3583 start=6286.50 horizon=15.00 frames=150 commit_frames=20[0m
[0m[INFO] [1788860003.320319754]: [sim_plan] built plan=3584 start=6288.50 horizon=15.00 frames=150 commit_frames=20[0m
[0m[INFO] [1788860003.337402833]: [sim_plan] built plan=3585 start=6289.40 horizon=15.00 frames=150 commit_frames=20[0m
[0m[INFO] [1788860003.355473549]: [sim_plan] built plan=3586 start=6291.40 horizon=15.00 frames=150 commit_frames=20[0m
[0m[INFO] [1788860003.375792895]: [sim_plan] built plan=3587 start=6293.40 horizon=15.00 frames=150 commit_frames=20[0m
[0m[INFO] [1788860003.377010836]: [multi_patrol][A1] V1 activate prepared dropoff: A1 -> B21 len=6.358 priority_until_s=0.758[0m
[0m[INFO] [1788860003.396813884]: [sim_plan] built plan=3588 start=6294.30 horizon=15.00 frames=150 commit_frames=20[0m
[0m[INFO] [1788860003.415746890]: [sim_plan] built plan=3589 start=6296.30 horizon=15.00 frames=150 commit_frames=20[0m
[0m[INFO] [1788860003.429445530]: [sim_plan] built plan=3590 start=6298.30 horizon=15.00 frames=150 commit_frames=20[0m
[0m[INFO] [1788860003.430519585]: [multi_patrol][A1 EXIT PRIORITY RELEASE] V1 s=0.771 threshold=0.758[0m
[0m[INFO] [1788860003.440308692]: [sim_plan] built plan=3591 start=6300.30 horizon=15.00 frames=150 commit_frames=20[0m
[0m[INFO] [1788860003.449652198]: [sim_plan] built plan=3592 start=6302.30 horizon=15.00 frames=150 commit_frames=20[0m
[0m[INFO] [1788860003.458088674]: [sim_plan] built plan=3593 start=6304.30 horizon=15.00 frames=150 commit_frames=20[0m
[0m[INFO] [1788860003.465821755]: [sim_plan] built plan=3594 start=6306.30 horizon=15.00 frames=150 commit_frames=20[0m
[0m[INFO] [1788860003.474166963]: [sim_plan] built plan=3595 start=6308.30 horizon=15.00 frames=150 commit_frames=20[0m
[0m[INFO] [1788860003.485574175]: [sim_plan] built plan=3596 start=6310.30 horizon=15.00 frames=150 commit_frames=20[0m
[0m[INFO] [1788860003.499784847]: [sim_plan] built plan=3597 start=6312.30 horizon=15.00 frames=150 commit_frames=20[0m
[0m[INFO] [1788860003.500978502]: [multi_patrol][A1] V0 activate prepared dropoff: A1 -> B38[33m[WARN] [1788860003.553519294]: [SOURCE=REAL] [plan=3600] [frame=5] [rollout_step=-1] [multi_patrol][A1 EXIT INTRUSION CLEAR] owner=V0 blocker=V1[0m
[33m[WARN] [1788860003.610958627]: [SLOT_DEPARTURE] time=105min36.9s vehicle=V1 owner=none result=ALLOW reason=no_service_owner candidate_path_gen=153 slot_departure_clear_s=0.327 vehicle_mode=ACTIVE vehicle_speed=0.000 vehicle_path_s=0.000 blocker=none a1_prefix_conflict=0 ordinary_road_conflict=0[0m
[33m[WARN] [1788860003.611288971]: [multi_patrol][A1 EXIT PREPARED] V1 target=B57 pickup_dwell=5.00s exit_len=7.142 priority_until_s=0.758 horizon_refresh=IMMEDIATE[0m
[33m[WARN] [1788860003.637561853]: [SLOT_DEPARTURE] time=105min46.0s vehicle=V0 owner=none result=ALLOW reason=no_service_owner candidate_path_gen=169 slot_departure_clear_s=0.327 vehicle_mode=ACTIVE vehicle_speed=0.000 vehicle_path_s=0.000 blocker=none a1_prefix_conflict=0 ordinary_road_conflict=0[0m
[33m[WARN] [1788860003.637899993]: [multi_patrol][A1 EXIT PREPARED] V0 target=B43 pickup_dwell=5.00s exit_len=7.369 priority_until_s=0.758 horizon_refresh=IMMEDIATE[0m
[33m[WARN] [1788860003.874411226]: [multi_patrol][A1 EXIT HORIZON] V0 target=B43 dwell_part=4.90s departure_window=10.10s total_horizon=15.00s[0m
[33m[WARN] [1788860003.907184590]: [multi_patrol][A1 EXIT HORIZON] V0 target=B43 dwell_part=2.90s departure_window=12.10s total_horizon=15.00s[0m
 len=4.713 priority_until_s=0.758[0m
[0m[INFO] [1788860003.516065031]: [sim_plan] built plan=3598 start=6313.20 horizon=15.00 frames=150 commit_frames=20[0m
[0m[INFO] [1788860003.537594137]: [sim_plan] built plan=3599 start=6315.20 horizon=15.00 frames=150 commit_frames=20[0m
[0m[INFO] [1788860003.552858931]: [sim_plan] built plan=3600 start=6317.20 horizon=15.00 frames=150 commit_frames=20[0m
[0m[INFO] [1788860003.554328494]: [multi_patrol][A1 EXIT PRIORITY RELEASE] V0 s=0.771 threshold=0.758[0m
[0m[INFO] [1788860003.566383205]: [sim_plan] built plan=3601 start=6319.20 horizon=15.00 frames=150 commit_frames=20[0m
[0m[INFO] [1788860003.577419837]: [sim_plan] built plan=3602 start=6321.20 horizon=15.00 frames=150 commit_frames=20[0m
[0m[INFO] [1788860003.586498014]: [sim_plan] built plan=3603 start=6323.20 horizon=15.00 frames=150 commit_frames=20[0m
[0m[INFO] [1788860003.594678673]: [sim_plan] built plan=3604 start=6325.20 horizon=15.00 frames=150 commit_frames=20[0m
[0m[INFO] [1788860003.601163990]: [sim_plan] built plan=3605 start=6327.20 horizon=15.00 frames=150 commit_frames=20[0m
[0m[INFO] [1788860003.605332216]: [sim_plan] built plan=3606 start=6329.20 horizon=15.00 frames=150 commit_frames=20[0m
[0m[INFO] [1788860003.607857531]: [sim_plan] built plan=3607 start=6331.20 horizon=15.00 frames=150 commit_frames=20[0m
[0m[INFO] [1788860003.609315892]: [sim_plan] built plan=3608 start=6333.20 horizon=15.00 frames=150 commit_frames=20[0m
[0m[INFO] [1788860003.610522083]: [sim_plan] built plan=3609 start=6335.20 horizon=15.00 frames=150 commit_frames=20[0m
[0m[INFO] [1788860003.610927656]: [multi_patrol][A1] V1 pickup leg: B21 -> A1  wpts=535 len=6.102[0m
[0m[INFO] [1788860003.618150786]: [sim_plan] built plan=3610 start=6336.90 horizon=15.00 frames=150 commit_frames=20[0m
[0m[INFO] [1788860003.627974682]: [sim_plan] built plan=3611 start=6338.90 horizon=15.00 frames=150 commit_frames=20[0m
[0m[INFO] [1788860003.631274579]: [sim_plan] built plan=3612 start=6340.90 horizon=15.00 frames=150 commit_frames=20[0m
[0m[INFO] [1788860003.634107507]: [sim_plan] built plan=3613 start=6342.90 horizon=15.00 frames=150 commit_frames=20[0m
[0m[INFO] [1788860003.637048200]: [sim_plan] built plan=3614 start=6344.90 horizon=15.00 frames=150 commit_frames=20[0m
[0m[INFO] [1788860003.637530484]: [multi_patrol][A1] V0 pickup leg: B38 -> A1  wpts=320 len=3.368[0m
[0m[INFO] [1788860003.650900974]: [sim_plan] built plan=3615 start=6346.00 horizon=15.00 frames=150 commit_frames=20[0m
[0m[INFO] [1788860003.668698352]: [sim_plan] built plan=3616 start=6348.00 horizon=15.00 frames=150 commit_frames=20[0m
[0m[INFO] [1788860003.682723547]: [sim_plan] built plan=3617 start=6350.00 horizon=15.00 frames=150 commit_frames=20[0m
[0m[INFO] [1788860003.697682988]: [sim_plan] built plan=3618 start=6352.00 horizon=15.00 frames=150 commit_frames=20[0m
[0m[INFO] [1788860003.719758542]: [sim_plan] built plan=3619 start=6354.00 horizon=15.00 frames=150 commit_frames=20[0m
[0m[INFO] [1788860003.734114997]: [sim_plan] built plan=3620 start=6356.00 horizon=15.00 frames=150 commit_frames=20[0m
[0m[INFO] [1788860003.759936172]: [sim_plan] built plan=3621 start=6358.00 horizon=15.00 frames=150 commit_frames=20[0m
[0m[INFO] [1788860003.784912910]: [sim_plan] built plan=3622 start=6360.00 horizon=15.00 frames=150 commit_frames=20[0m
[0m[INFO] [1788860003.806557264]: [sim_plan] built plan=3623 start=6362.00 horizon=15.00 frames=150 commit_frames=20[0m
[0m[INFO] [1788860003.825089526]: [sim_plan] built plan=3624 start=6364.00 horizon=15.00 frames=150 commit_frames=20[0m
[0m[INFO] [1788860003.848514909]: [sim_plan] built plan=3625 start=6366.00 horizon=15.00 frames=150 commit_frames=20[0m
[0m[INFO] [1788860003.874363857]: [sim_plan] built plan=3626 start=6367.10 horizon=15.00 frames=150 commit_frames=20[0m
[0m[INFO] [1788860003.907145535]: [sim_plan] built plan=3627 start=6369.10 horizon=15.00 frames=150 commit_frames=20[0m
[0m[INFO] [1788860003.941440286]: [sim_plan] built plan=3628 start=6371.10 horizon=1[33m[WARN] [1788860003.941643688]: [multi_patrol][A1 EXIT HORIZON] V0 target=B43 dwell_part=0.90s departure_window=14.10s total_horizon=15.00s[0m
[33m[WARN] [1788860004.166063407]: [multi_patrol][A1 EXIT HORIZON] V1 target=B57 dwell_part=4.90s departure_window=10.10s total_horizon=15.00s[0m
[33m[WARN] [1788860004.176399670]: [multi_patrol][A1 EXIT HORIZON] V1 target=B57 dwell_part=2.90s departure_window=12.10s total_horizon=15.00s[0m
[33m[WARN] [1788860004.191102375]: [multi_patrol][A1 EXIT HORIZON] V1 target=B57 dwell_part=0.90s departure_window=14.10s total_horizon=15.00s[0m
[33m[WARN] [1788860004.299398484]: [SLOT_DEPARTURE] time=107min0.0s vehicle=V0 owner=none result=ALLOW reason=no_service_owner candidate_path_gen=171 slot_departure_clear_s=0.327 vehicle_mode=ACTIVE vehicle_speed=0.000 vehicle_path_s=0.000 blocker=none a1_prefix_conflict=0 ordinary_road_conflict=0[0m
[33m[WARN] [1788860004.299888694]: [multi_patrol][A1 EXIT PREPARED] V0 target=B2 pickup_dwell=5.00s exit_len=2.116 priority_until_s=0.756 horizon_refresh=IMMEDIATE[0m
5.00 frames=150 commit_frames=20[0m
[0m[INFO] [1788860003.942667523]: [multi_patrol][A1] V0 activate prepared dropoff: A1 -> B43 len=7.369 priority_until_s=0.758[0m
[0m[INFO] [1788860003.978062023]: [sim_plan] built plan=3629 start=6372.00 horizon=15.00 frames=150 commit_frames=20[0m
[0m[INFO] [1788860004.018776979]: [sim_plan] built plan=3630 start=6374.00 horizon=15.00 frames=150 commit_frames=20[0m
[0m[INFO] [1788860004.046474582]: [sim_plan] built plan=3631 start=6376.00 horizon=15.00 frames=150 commit_frames=20[0m
[0m[INFO] [1788860004.047659701]: [multi_patrol][A1 EXIT PRIORITY RELEASE] V0 s=0.771 threshold=0.758[0m
[0m[INFO] [1788860004.069679258]: [sim_plan] built plan=3632 start=6378.00 horizon=15.00 frames=150 commit_frames=20[0m
[0m[INFO] [1788860004.088262485]: [sim_plan] built plan=3633 start=6380.00 horizon=15.00 frames=150 commit_frames=20[0m
[0m[INFO] [1788860004.104070793]: [sim_plan] built plan=3634 start=6382.00 horizon=15.00 frames=150 commit_frames=20[0m
[0m[INFO] [1788860004.115800611]: [sim_plan] built plan=3635 start=6384.00 horizon=15.00 frames=150 commit_frames=20[0m
[0m[INFO] [1788860004.125617965]: [sim_plan] built plan=3636 start=6386.00 horizon=15.00 frames=150 commit_frames=20[0m
[0m[INFO] [1788860004.134842013]: [sim_plan] built plan=3637 start=6388.00 horizon=15.00 frames=150 commit_frames=20[0m
[0m[INFO] [1788860004.142708238]: [sim_plan] built plan=3638 start=6390.00 horizon=15.00 frames=150 commit_frames=20[0m
[0m[INFO] [1788860004.150307779]: [sim_plan] built plan=3639 start=6392.00 horizon=15.00 frames=150 commit_frames=20[0m
[0m[INFO] [1788860004.157558663]: [sim_plan] built plan=3640 start=6394.00 horizon=15.00 frames=150 commit_frames=20[0m
[0m[INFO] [1788860004.166022528]: [sim_plan] built plan=3641 start=6394.30 horizon=15.00 frames=150 commit_frames=20[0m
[0m[INFO] [1788860004.176365865]: [sim_plan] built plan=3642 start=6396.30 horizon=15.00 frames=150 commit_frames=20[0m
[0m[INFO] [1788860004.191054404]: [sim_plan] built plan=3643 start=6398.30 horizon=15.00 frames=150 commit_frames=20[0m
[0m[INFO] [1788860004.192251352]: [multi_patrol][A1] V1 activate prepared dropoff: A1 -> B57 len=7.142 priority_until_s=0.758[0m
[0m[INFO] [1788860004.205842619]: [sim_plan] built plan=3644 start=6399.20 horizon=15.00 frames=150 commit_frames=20[0m
[0m[INFO] [1788860004.235112571]: [sim_plan] built plan=3645 start=6401.20 horizon=15.00 frames=150 commit_frames=20[0m
[0m[INFO] [1788860004.249152721]: [sim_plan] built plan=3646 start=6403.20 horizon=15.00 frames=150 commit_frames=20[0m
[0m[INFO] [1788860004.250262471]: [multi_patrol][A1 EXIT PRIORITY RELEASE] V1 s=0.771 threshold=0.758[0m
[0m[INFO] [1788860004.261322677]: [sim_plan] built plan=3647 start=6405.20 horizon=15.00 frames=150 commit_frames=20[0m
[0m[INFO] [1788860004.270660596]: [sim_plan] built plan=3648 start=6407.20 horizon=15.00 frames=150 commit_frames=20[0m
[0m[INFO] [1788860004.279148110]: [sim_plan] built plan=3649 start=6409.20 horizon=15.00 frames=150 commit_frames=20[0m
[0m[INFO] [1788860004.285473891]: [sim_plan] built plan=3650 start=6411.20 horizon=15.00 frames=150 commit_frames=20[0m
[0m[INFO] [1788860004.289980572]: [sim_plan] built plan=3651 start=6413.20 horizon=15.00 frames=150 commit_frames=20[0m
[0m[INFO] [1788860004.293015167]: [sim_plan] built plan=3652 start=6415.20 horizon=15.00 frames=150 commit_frames=20[0m
[0m[INFO] [1788860004.295862108]: [sim_plan] built plan=3653 start=6417.20 horizon=15.00 frames=150 commit_frames=20[0m
[0m[INFO] [1788860004.298883896]: [sim_plan] built plan=3654 start=6419.20 horizon=15.00 frames=150 commit_frames=20[0m
[0m[INFO] [1788860004.299365846]: [multi_patrol][A1] V0 pickup leg: B43 -> A1  wpts=596 len=6.698[0m
[0m[INFO] [1788860004.326821694]: [sim_plan] built plan=3655 start=6420.00 horizon=15.00 frames=150 commit_frames=20[0m
[0m[INFO] [1788860004.347354927]: [sim_plan] built plan=3656 start=6422.00 horizon=15.00 frames=150 commit_frames=20[0m
[0m[INFO] [1788860004.365868997]: [sim_plan] built plan=3657 st[33m[WARN] [1788860004.459306154]: [SLOT_DEPARTURE] time=107min26.0s vehicle=V1 owner=none result=ALLOW reason=no_service_owner candidate_path_gen=155 slot_departure_clear_s=0.346 vehicle_mode=ACTIVE vehicle_speed=0.000 vehicle_path_s=0.000 blocker=none a1_prefix_conflict=0 ordinary_road_conflict=0[0m
[33m[WARN] [1788860004.459663474]: [multi_patrol][A1 EXIT PREPARED] V1 target=B55 pickup_dwell=5.00s exit_len=6.954 priority_until_s=0.758 horizon_refresh=IMMEDIATE[0m
[33m[WARN] [1788860004.643283351]: [multi_patrol][A1 EXIT HORIZON] V0 target=B2 dwell_part=4.90s departure_window=10.10s total_horizon=15.00s[0m
[33m[WARN] [1788860004.675616336]: [multi_patrol][A1 EXIT HORIZON] V0 target=B2 dwell_part=2.90s departure_window=12.10s total_horizon=15.00s[0m
[33m[WARN] [1788860004.709615418]: [multi_patrol][A1 EXIT HORIZON] V0 target=B2 dwell_part=0.90s departure_window=14.10s total_horizon=15.00s[0m
art=6424.00 horizon=15.00 frames=150 commit_frames=20[0m
[0m[INFO] [1788860004.382179700]: [sim_plan] built plan=3658 start=6426.00 horizon=15.00 frames=150 commit_frames=20[0m
[0m[INFO] [1788860004.397410179]: [sim_plan] built plan=3659 start=6428.00 horizon=15.00 frames=150 commit_frames=20[0m
[0m[INFO] [1788860004.411521597]: [sim_plan] built plan=3660 start=6430.00 horizon=15.00 frames=150 commit_frames=20[0m
[0m[INFO] [1788860004.423875964]: [sim_plan] built plan=3661 start=6432.00 horizon=15.00 frames=150 commit_frames=20[0m
[0m[INFO] [1788860004.433630141]: [sim_plan] built plan=3662 start=6434.00 horizon=15.00 frames=150 commit_frames=20[0m
[0m[INFO] [1788860004.441281381]: [sim_plan] built plan=3663 start=6436.00 horizon=15.00 frames=150 commit_frames=20[0m
[0m[INFO] [1788860004.447539526]: [sim_plan] built plan=3664 start=6438.00 horizon=15.00 frames=150 commit_frames=20[0m
[0m[INFO] [1788860004.452046900]: [sim_plan] built plan=3665 start=6440.00 horizon=15.00 frames=150 commit_frames=20[0m
[0m[INFO] [1788860004.455283447]: [sim_plan] built plan=3666 start=6442.00 horizon=15.00 frames=150 commit_frames=20[0m
[0m[INFO] [1788860004.458702089]: [sim_plan] built plan=3667 start=6444.00 horizon=15.00 frames=150 commit_frames=20[0m
[0m[INFO] [1788860004.459274238]: [multi_patrol][A1] V1 pickup leg: B57 -> A1  wpts=627 len=6.725[0m
[0m[INFO] [1788860004.476575641]: [sim_plan] built plan=3668 start=6446.00 horizon=15.00 frames=150 commit_frames=20[0m
[0m[INFO] [1788860004.502434460]: [sim_plan] built plan=3669 start=6448.00 horizon=15.00 frames=150 commit_frames=20[0m
[0m[INFO] [1788860004.520213607]: [sim_plan] built plan=3670 start=6450.00 horizon=15.00 frames=150 commit_frames=20[0m
[0m[INFO] [1788860004.533593542]: [sim_plan] built plan=3671 start=6452.00 horizon=15.00 frames=150 commit_frames=20[0m
[0m[INFO] [1788860004.545773156]: [sim_plan] built plan=3672 start=6454.00 horizon=15.00 frames=150 commit_frames=20[0m
[0m[INFO] [1788860004.558074082]: [sim_plan] built plan=3673 start=6456.00 horizon=15.00 frames=150 commit_frames=20[0m
[0m[INFO] [1788860004.569139566]: [sim_plan] built plan=3674 start=6458.00 horizon=15.00 frames=150 commit_frames=20[0m
[0m[INFO] [1788860004.578925250]: [sim_plan] built plan=3675 start=6460.00 horizon=15.00 frames=150 commit_frames=20[0m
[0m[INFO] [1788860004.588753498]: [sim_plan] built plan=3676 start=6462.00 horizon=15.00 frames=150 commit_frames=20[0m
[0m[INFO] [1788860004.615424787]: [sim_plan] built plan=3677 start=6464.00 horizon=15.00 frames=150 commit_frames=20[0m
[0m[INFO] [1788860004.643248111]: [sim_plan] built plan=3678 start=6464.30 horizon=15.00 frames=150 commit_frames=20[0m
[0m[INFO] [1788860004.675581096]: [sim_plan] built plan=3679 start=6466.30 horizon=15.00 frames=150 commit_frames=20[0m
[0m[INFO] [1788860004.709577216]: [sim_plan] built plan=3680 start=6468.30 horizon=15.00 frames=150 commit_frames=20[0m
[0m[INFO] [1788860004.710771709]: [multi_patrol][A1] V0 activate prepared dropoff: A1 -> B2 len=2.116 priority_until_s=0.756[0m
[0m[INFO] [1788860004.743776219]: [sim_plan] built plan=3681 start=6469.20 horizon=15.00 frames=150 commit_frames=20[0m
[0m[INFO] [1788860004.773885708]: [sim_plan] built plan=3682 start=6471.20 horizon=15.00 frames=150 commit_frames=20[0m
[0m[INFO] [1788860004.795220678]: [sim_plan] built plan=3683 start=6473.20 horizon=15.00 frames=150 commit_frames=20[0m
[0m[INFO] [1788860004.796002232]: [multi_patrol][A1 EXIT PRIORITY RELEASE] V0 s=0.768 threshold=0.756[0m
[0m[INFO] [1788860004.811128325]: [sim_plan] built plan=3684 start=6475.20 horizon=15.00 frames=150 commit_frames=20[0m
[0m[INFO] [1788860004.820274055]: [sim_plan] built plan=3685 start=6477.20 horizon=15.00 frames=150 commit_frames=20[0m
[0m[INFO] [1788860004.824995415]: [sim_plan] built plan=3686 start=6479.20 horizon=15.00 frames=150 commit_frames=20[0m
[0m[INFO] [1788860004.825300065]: [batch] 64800/72000 ticks (sim_t=6480s) hard_guard=0[0m
[0m[INFO] [1788860004.827751391]: [sim_plan] built plan=3687 start=[33m[WARN] [1788860004.838034164]: [SLOT_DEPARTURE] time=108min7.2s vehicle=V0 owner=V1 result=ALLOW reason=slot_departure_clear candidate_path_gen=173 slot_departure_clear_s=0.346 vehicle_mode=ACTIVE vehicle_speed=0.000 vehicle_path_s=0.000 blocker=none a1_prefix_conflict=0 ordinary_road_conflict=0 owner_phase=TO_A1 owner_path_gen=155 geometry=pending_preview protected_zones=0 actual_occupancy_priority=0 spatial_stop_launch_infeasible=0 waiter_stop_s=1.100[0m
[33m[WARN] [1788860004.838479939]: [multi_patrol][A1 EXIT PREPARED] V0 target=B15 pickup_dwell=5.00s exit_len=4.311 priority_until_s=0.758 horizon_refresh=IMMEDIATE[0m
[33m[WARN] [1788860004.876836160]: [multi_patrol][A1 EXIT HORIZON] V1 target=B55 dwell_part=4.90s departure_window=10.10s total_horizon=15.00s[0m
[33m[WARN] [1788860004.894023963]: [multi_patrol][A1 EXIT HORIZON] V1 target=B55 dwell_part=2.90s departure_window=12.10s total_horizon=15.00s[0m
[33m[WARN] [1788860004.914791392]: [multi_patrol][A1 EXIT HORIZON] V1 target=B55 dwell_part=0.90s departure_window=14.10s total_horizon=15.00s[0m
[33m[WARN] [1788860005.014701598]: [multi_patrol][A1 EXIT HORIZON] V0 target=B15 dwell_part=4.90s departure_window=10.10s total_horizon=15.00s[0m
[33m[WARN] [1788860005.025665335]: [multi_patrol][A1 EXIT HORIZON] V0 target=B15 dwell_part=2.90s departure_window=12.10s total_horizon=15.00s[0m
[33m[WARN] [1788860005.039078085]: [multi_patrol][A1 EXIT HORIZON] V0 target=B15 dwell_part=0.90s departure_window=14.10s total_horizon=15.00s[0m
6481.20 horizon=15.00 frames=150 commit_frames=20[0m
[0m[INFO] [1788860004.832429437]: [sim_plan] built plan=3688 start=6483.20 horizon=15.00 frames=150 commit_frames=20[0m
[0m[INFO] [1788860004.835426141]: [sim_plan] built plan=3689 start=6485.20 horizon=15.00 frames=150 commit_frames=20[0m
[0m[INFO] [1788860004.837996220]: [multi_patrol][A1] V0 pickup leg: B2 -> A1  wpts=162 len=2.116[0m
[0m[INFO] [1788860004.857340818]: [sim_plan] built plan=3690 start=6487.20 horizon=15.00 frames=150 commit_frames=20[0m
[0m[INFO] [1788860004.876776615]: [sim_plan] built plan=3691 start=6488.70 horizon=15.00 frames=150 commit_frames=20[0m
[0m[INFO] [1788860004.893980585]: [sim_plan] built plan=3692 start=6490.70 horizon=15.00 frames=150 commit_frames=20[0m
[0m[INFO] [1788860004.914738476]: [sim_plan] built plan=3693 start=6492.70 horizon=15.00 frames=150 commit_frames=20[0m
[0m[INFO] [1788860004.915918381]: [multi_patrol][A1] V1 activate prepared dropoff: A1 -> B55 len=6.954 priority_until_s=0.758[0m
[0m[INFO] [1788860004.936185713]: [sim_plan] built plan=3694 start=6493.60 horizon=15.00 frames=150 commit_frames=20[0m
[0m[INFO] [1788860004.954968935]: [sim_plan] built plan=3695 start=6495.60 horizon=15.00 frames=150 commit_frames=20[0m
[0m[INFO] [1788860004.968263604]: [sim_plan] built plan=3696 start=6497.60 horizon=15.00 frames=150 commit_frames=20[0m
[0m[INFO] [1788860004.969240865]: [multi_patrol][A1 EXIT PRIORITY RELEASE] V1 s=0.771 threshold=0.758[0m
[0m[INFO] [1788860004.979347017]: [sim_plan] built plan=3697 start=6499.60 horizon=15.00 frames=150 commit_frames=20[0m
[0m[INFO] [1788860004.989897920]: [sim_plan] built plan=3698 start=6501.60 horizon=15.00 frames=150 commit_frames=20[0m
[0m[INFO] [1788860004.998680703]: [sim_plan] built plan=3699 start=6503.60 horizon=15.00 frames=150 commit_frames=20[0m
[0m[INFO] [1788860005.006545928]: [sim_plan] built plan=3700 start=6505.60 horizon=15.00 frames=150 commit_frames=20[0m
[0m[INFO] [1788860005.014657988]: [sim_plan] built plan=3701 start=6507.60 horizon=15.00 frames=150 commit_frames=20[0m
[0m[INFO] [1788860005.025624466]: [sim_plan] built plan=3702 start=6509.60 horizon=15.00 frames=150 commit_frames=20[0m
[0m[INFO] [1788860005.039027132]: [sim_plan] built plan=3703 start=6511.60 horizon=15.00 frames=150 commit_frames=20[0m
[0m[INFO] [1788860005.040340840]: [multi_patrol][A1] V0 activate prepared dropoff: A1 -> B15 len=4.311 priority_until_s=0.758[0m
[0m[INFO] [1788860005.053894131]: [sim_plan] built plan=3704 start=6512.50 horizon=15.00 frames=150 commit_frames=20[0m
[0m[INFO] [1788860005.074740392]: [sim_plan] built plan=3705 start=6514.50 horizon=15.00 frames=150 commit_frames=20[0m
[0m[INFO] [1788860005.089327138]: [sim_plan] built plan=3706 start=6516.50 horizon=15.00 frames=150 commit_frames=20[0m
[0m[INFO] [1788860005.090413379]: [multi_patrol][A1 EXIT PRIORITY RELEASE] V0 s=0.771 threshold=0.758[0m
[0m[INFO] [1788860005.103704945]: [sim_plan] built plan=3707 start=6518.50 horizon=15.00 frames=150 commit_frames=20[0m
[0m[INFO] [1788860005.117649792]: [sim_plan] built plan=3708 start=6520.50 horizon=15.00 frames=150 commit_frames=20[0m
[0m[INFO] [1788860005.130196166]: [sim_plan] built plan=3709 start=6522.50 horizon=15.00 frames=150 commit_frames=20[0m
[0m[INFO] [1788860005.140874789]: [sim_plan] built plan=3710 start=6524.50 horizon=15.00 frames=150 commit_frames=20[0m
[0m[INFO] [1788860005.148627294]: [sim_plan] built plan=3711 start=6526.50 horizon=15.00 frames=150 commit_frames=20[0m
[0m[INFO] [1788860005.154206994]: [sim_plan] built plan=3712 start=6528.50 horizon=15.00 frames=150 commit_frames=20[0m
[0m[INFO] [1788860005.158211485]: [sim_plan] built plan=3713 start=6530.50 horizon=15.00 frames=150 commit_frames=20[0m
[0m[INFO] [1788860005.161183945]: [sim_plan] built plan=3714 start=6532.50 horizon=15.00 frames=150 commit_frames=20[0m
[0m[INFO] [1788860005.162416397]: [sim_plan] built plan=3715 start=6534.50 horizon=15.00 frames=150 commit_frames=20[0m
[0m[INFO] [1788860005.163427748]: [sim_plan] bu[33m[WARN] [1788860005.165239335]: [SLOT_DEPARTURE] time=108min59.5s vehicle=V1 owner=none result=ALLOW reason=no_service_owner candidate_path_gen=157 slot_departure_clear_s=0.327 vehicle_mode=ACTIVE vehicle_speed=0.000 vehicle_path_s=0.000 blocker=none a1_prefix_conflict=0 ordinary_road_conflict=0[0m
[33m[WARN] [1788860005.165640547]: [multi_patrol][A1 EXIT PREPARED] V1 target=B45 pickup_dwell=5.00s exit_len=8.932 priority_until_s=0.758 horizon_refresh=IMMEDIATE[0m
[33m[WARN] [1788860005.172148628]: [SLOT_DEPARTURE] time=109min3.0s vehicle=V0 owner=none result=ALLOW reason=no_service_owner candidate_path_gen=175 slot_departure_clear_s=0.327 vehicle_mode=ACTIVE vehicle_speed=0.000 vehicle_path_s=0.000 blocker=none a1_prefix_conflict=0 ordinary_road_conflict=0[0m
[33m[WARN] [1788860005.172504960]: [multi_patrol][A1 EXIT PREPARED] V0 target=B34 pickup_dwell=5.00s exit_len=4.275 priority_until_s=0.758 horizon_refresh=IMMEDIATE[0m
[33m[WARN] [1788860005.377144697]: [multi_patrol][A1 EXIT HORIZON] V0 target=B34 dwell_part=4.90s departure_window=10.10s total_horizon=15.00s[0m
[33m[WARN] [1788860005.398906289]: [multi_patrol][A1 EXIT HORIZON] V0 target=B34 dwell_part=2.90s departure_window=12.10s total_horizon=15.00s[0m
[33m[WARN] [1788860005.420317062]: [multi_patrol][A1 EXIT HORIZON] V0 target=B34 dwell_part=0.90s departure_window=14.10s total_horizon=15.00s[0m
[33m[WARN] [1788860005.530245910]: [multi_patrol][A1 EXIT HORIZON] V1 target=B45 dwell_part=4.90s departure_window=10.10s total_horizon=15.00s[0m
[33m[WARN] [1788860005.537293592]: [multi_patrol][A1 EXIT HORIZON] V1 target=B45 dwell_part=2.90s departure_window=12.10s total_horizon=15.00s[0m
[33m[WARN] [1788860005.545369273]: [multi_patrol][A1 EXIT HORIZON] V1 target=B45 dwell_part=0.90s departure_window=14.10s total_horizon=15.00s[0m
ilt plan=3716 start=6536.50 horizon=15.00 frames=150 commit_frames=20[0m
[0m[INFO] [1788860005.164800620]: [sim_plan] built plan=3717 start=6538.50 horizon=15.00 frames=150 commit_frames=20[0m
[0m[INFO] [1788860005.165200762]: [multi_patrol][A1] V1 pickup leg: B55 -> A1  wpts=538 len=6.675[0m
[0m[INFO] [1788860005.168888951]: [sim_plan] built plan=3718 start=6539.50 horizon=15.00 frames=150 commit_frames=20[0m
[0m[INFO] [1788860005.171624085]: [sim_plan] built plan=3719 start=6541.50 horizon=15.00 frames=150 commit_frames=20[0m
[0m[INFO] [1788860005.172115397]: [multi_patrol][A1] V0 pickup leg: B15 -> A1  wpts=295 len=3.763[0m
[0m[INFO] [1788860005.185089351]: [sim_plan] built plan=3720 start=6543.00 horizon=15.00 frames=150 commit_frames=20[0m
[0m[INFO] [1788860005.203574081]: [sim_plan] built plan=3721 start=6545.00 horizon=15.00 frames=150 commit_frames=20[0m
[0m[INFO] [1788860005.216515499]: [sim_plan] built plan=3722 start=6547.00 horizon=15.00 frames=150 commit_frames=20[0m
[0m[INFO] [1788860005.232342149]: [sim_plan] built plan=3723 start=6549.00 horizon=15.00 frames=150 commit_frames=20[0m
[0m[INFO] [1788860005.246935654]: [sim_plan] built plan=3724 start=6551.00 horizon=15.00 frames=150 commit_frames=20[0m
[0m[INFO] [1788860005.265847947]: [sim_plan] built plan=3725 start=6553.00 horizon=15.00 frames=150 commit_frames=20[0m
[0m[INFO] [1788860005.280286800]: [sim_plan] built plan=3726 start=6555.00 horizon=15.00 frames=150 commit_frames=20[0m
[0m[INFO] [1788860005.292050369]: [sim_plan] built plan=3727 start=6557.00 horizon=15.00 frames=150 commit_frames=20[0m
[0m[INFO] [1788860005.302731558]: [sim_plan] built plan=3728 start=6559.00 horizon=15.00 frames=150 commit_frames=20[0m
[0m[INFO] [1788860005.320476093]: [sim_plan] built plan=3729 start=6561.00 horizon=15.00 frames=150 commit_frames=20[0m
[0m[INFO] [1788860005.338329016]: [sim_plan] built plan=3730 start=6563.00 horizon=15.00 frames=150 commit_frames=20[0m
[0m[INFO] [1788860005.358337226]: [sim_plan] built plan=3731 start=6565.00 horizon=15.00 frames=150 commit_frames=20[0m
[0m[INFO] [1788860005.377105281]: [sim_plan] built plan=3732 start=6566.20 horizon=15.00 frames=150 commit_frames=20[0m
[0m[INFO] [1788860005.398858068]: [sim_plan] built plan=3733 start=6568.20 horizon=15.00 frames=150 commit_frames=20[0m
[0m[INFO] [1788860005.420282155]: [sim_plan] built plan=3734 start=6570.20 horizon=15.00 frames=150 commit_frames=20[0m
[0m[INFO] [1788860005.421492766]: [multi_patrol][A1] V0 activate prepared dropoff: A1 -> B34 len=4.275 priority_until_s=0.758[0m
[0m[INFO] [1788860005.443268910]: [sim_plan] built plan=3735 start=6571.10 horizon=15.00 frames=150 commit_frames=20[0m
[0m[INFO] [1788860005.466092481]: [sim_plan] built plan=3736 start=6573.10 horizon=15.00 frames=150 commit_frames=20[0m
[0m[INFO] [1788860005.479266254]: [sim_plan] built plan=3737 start=6575.10 horizon=15.00 frames=150 commit_frames=20[0m
[0m[INFO] [1788860005.480577037]: [multi_patrol][A1 EXIT PRIORITY RELEASE] V0 s=0.771 threshold=0.758[0m
[0m[INFO] [1788860005.491005020]: [sim_plan] built plan=3738 start=6577.10 horizon=15.00 frames=150 commit_frames=20[0m
[0m[INFO] [1788860005.500692236]: [sim_plan] built plan=3739 start=6579.10 horizon=15.00 frames=150 commit_frames=20[0m
[0m[INFO] [1788860005.509339372]: [sim_plan] built plan=3740 start=6581.10 horizon=15.00 frames=150 commit_frames=20[0m
[0m[INFO] [1788860005.517154293]: [sim_plan] built plan=3741 start=6583.10 horizon=15.00 frames=150 commit_frames=20[0m
[0m[INFO] [1788860005.524065172]: [sim_plan] built plan=3742 start=6585.10 horizon=15.00 frames=150 commit_frames=20[0m
[0m[INFO] [1788860005.530211198]: [sim_plan] built plan=3743 start=6587.00 horizon=15.00 frames=150 commit_frames=20[0m
[0m[INFO] [1788860005.537255111]: [sim_plan] built plan=3744 start=6589.00 horizon=15.00 frames=150 commit_frames=20[0m
[0m[INFO] [1788860005.545320459]: [sim_plan] built plan=3745 start=6591.00 horizon=15.00 frames=150 commit_frames=20[0m
[0m[INFO] [1788860005.546507652]: [mult[33m[WARN] [1788860005.580432896]: [SLOT_DEPARTURE] time=110min1.8s vehicle=V0 owner=none result=ALLOW reason=no_service_owner candidate_path_gen=177 slot_departure_clear_s=0.327 vehicle_mode=ACTIVE vehicle_speed=0.000 vehicle_path_s=0.000 blocker=none a1_prefix_conflict=0 ordinary_road_conflict=0[0m
[33m[WARN] [1788860005.580827170]: [multi_patrol][A1 EXIT PREPARED] V0 target=B25 pickup_dwell=5.00s exit_len=7.735 priority_until_s=0.758 horizon_refresh=IMMEDIATE[0m
[33m[WARN] [1788860005.719880698]: [multi_patrol][A1 EXIT HORIZON] V0 target=B25 dwell_part=4.90s departure_window=10.10s total_horizon=15.00s[0m
[33m[WARN] [1788860005.729941553]: [multi_patrol][A1 EXIT HORIZON] V0 target=B25 dwell_part=2.90s departure_window=12.10s total_horizon=15.00s[0m
[33m[WARN] [1788860005.743378374]: [multi_patrol][A1 EXIT HORIZON] V0 target=B25 dwell_part=0.90s departure_window=14.10s total_horizon=15.00s[0m
i_patrol][A1] V1 activate prepared dropoff: A1 -> B45 len=8.932 priority_until_s=0.758[0m
[0m[INFO] [1788860005.554755486]: [sim_plan] built plan=3746 start=6591.90 horizon=15.00 frames=150 commit_frames=20[0m
[0m[INFO] [1788860005.567014227]: [sim_plan] built plan=3747 start=6593.90 horizon=15.00 frames=150 commit_frames=20[0m
[0m[INFO] [1788860005.571911426]: [sim_plan] built plan=3748 start=6595.90 horizon=15.00 frames=150 commit_frames=20[0m
[0m[INFO] [1788860005.573122164]: [multi_patrol][A1 EXIT PRIORITY RELEASE] V1 s=0.771 threshold=0.758[0m
[0m[INFO] [1788860005.576155013]: [sim_plan] built plan=3749 start=6597.90 horizon=15.00 frames=150 commit_frames=20[0m
[0m[INFO] [1788860005.579606682]: [sim_plan] built plan=3750 start=6599.90 horizon=15.00 frames=150 commit_frames=20[0m
[0m[INFO] [1788860005.580380730]: [multi_patrol][A1] V0 pickup leg: B34 -> A1  wpts=284 len=3.088[0m
[0m[INFO] [1788860005.596939785]: [sim_plan] built plan=3751 start=6601.80 horizon=15.00 frames=150 commit_frames=20[0m
[0m[INFO] [1788860005.618875740]: [sim_plan] built plan=3752 start=6603.80 horizon=15.00 frames=150 commit_frames=20[0m
[0m[INFO] [1788860005.633847283]: [sim_plan] built plan=3753 start=6605.80 horizon=15.00 frames=150 commit_frames=20[0m
[0m[INFO] [1788860005.649958463]: [sim_plan] built plan=3754 start=6607.80 horizon=15.00 frames=150 commit_frames=20[0m
[0m[INFO] [1788860005.664804194]: [sim_plan] built plan=3755 start=6609.80 horizon=15.00 frames=150 commit_frames=20[0m
[0m[INFO] [1788860005.677419444]: [sim_plan] built plan=3756 start=6611.80 horizon=15.00 frames=150 commit_frames=20[0m
[0m[INFO] [1788860005.687744115]: [sim_plan] built plan=3757 start=6613.80 horizon=15.00 frames=150 commit_frames=20[0m
[0m[INFO] [1788860005.696948629]: [sim_plan] built plan=3758 start=6615.80 horizon=15.00 frames=150 commit_frames=20[0m
[0m[INFO] [1788860005.705337072]: [sim_plan] built plan=3759 start=6617.80 horizon=15.00 frames=150 commit_frames=20[0m
[0m[INFO] [1788860005.712762908]: [sim_plan] built plan=3760 start=6619.80 horizon=15.00 frames=150 commit_frames=20[0m
[0m[INFO] [1788860005.719840736]: [sim_plan] built plan=3761 start=6621.70 horizon=15.00 frames=150 commit_frames=20[0m
[0m[INFO] [1788860005.729900692]: [sim_plan] built plan=3762 start=6623.70 horizon=15.00 frames=150 commit_frames=20[0m
[0m[INFO] [1788860005.743341273]: [sim_plan] built plan=3763 start=6625.70 horizon=15.00 frames=150 commit_frames=20[0m
[0m[INFO] [1788860005.744444133]: [multi_patrol][A1] V0 activate prepared dropoff: A1 -> B25 len=7.735 priority_until_s=0.758[0m
[0m[INFO] [1788860005.757747562]: [sim_plan] built plan=3764 start=6626.60 horizon=15.00 frames=150 commit_frames=20[0m
[0m[INFO] [1788860005.780940050]: [sim_plan] built plan=3765 start=6628.60 horizon=15.00 frames=150 commit_frames=20[0m
[0m[INFO] [1788860005.794403066]: [sim_plan] built plan=3766 start=6630.60 horizon=15.00 frames=150 commit_frames=20[0m
[0m[INFO] [1788860005.795331171]: [multi_patrol][A1 EXIT PRIORITY RELEASE] V0 s=0.771 threshold=0.758[0m
[0m[INFO] [1788860005.805584603]: [sim_plan] built plan=3767 start=6632.60 horizon=15.00 frames=150 commit_frames=20[0m
[0m[INFO] [1788860005.815306752]: [sim_plan] built plan=3768 start=6634.60 horizon=15.00 frames=150 commit_frames=20[0m
[0m[INFO] [1788860005.824624856]: [sim_plan] built plan=3769 start=6636.60 horizon=15.00 frames=150 commit_frames=20[0m
[0m[INFO] [1788860005.831278527]: [sim_plan] built plan=3770 start=6638.60 horizon=15.00 frames=150 commit_frames=20[0m
[0m[INFO] [1788860005.836265956]: [sim_plan] built plan=3771 start=6640.60 horizon=15.00 frames=150 commit_frames=20[0m
[0m[INFO] [1788860005.839946596]: [sim_plan] built plan=3772 start=6642.60 horizon=15.00 frames=150 commit_frames=20[0m
[0m[INFO] [1788860005.843551667]: [sim_plan] built plan=3773 start=6644.60 horizon=15.00 frames=150 commit_frames=20[0m
[0m[INFO] [1788860005.846872342]: [sim_plan] built plan=3774 start=6646.60 horizon=15.00 frames=150 commit_frames=20[0m
[0m[INFO] [1788860[33m[WARN] [1788860005.847903991]: [SLOT_DEPARTURE] time=110min47.8s vehicle=V1 owner=none result=ALLOW reason=no_service_owner candidate_path_gen=159 slot_departure_clear_s=0.327 vehicle_mode=ACTIVE vehicle_speed=0.000 vehicle_path_s=0.000 blocker=none a1_prefix_conflict=0 ordinary_road_conflict=0[0m
[33m[WARN] [1788860005.848270936]: [multi_patrol][A1 EXIT PREPARED] V1 target=B17 pickup_dwell=5.00s exit_len=4.533 priority_until_s=0.758 horizon_refresh=IMMEDIATE[0m
[33m[WARN] [1788860006.020249981]: [SLOT_DEPARTURE] time=111min16.3s vehicle=V0 owner=V1 result=ALLOW reason=slot_departure_clear candidate_path_gen=179 slot_departure_clear_s=0.327 vehicle_mode=ACTIVE vehicle_speed=0.000 vehicle_path_s=0.000 blocker=none a1_prefix_conflict=0 ordinary_road_conflict=0 owner_phase=TO_A1 owner_path_gen=159 geometry=pending_preview protected_zones=0 actual_occupancy_priority=0 spatial_stop_launch_infeasible=0 waiter_stop_s=4.200[0m
[33m[WARN] [1788860006.020735206]: [multi_patrol][A1 EXIT PREPARED] V0 target=B54 pickup_dwell=5.00s exit_len=5.654 priority_until_s=0.758 horizon_refresh=IMMEDIATE[0m
[33m[WARN] [1788860006.120657333]: [multi_patrol][A1 EXIT HORIZON] V1 target=B17 dwell_part=4.90s departure_window=10.10s total_horizon=15.00s[0m
[33m[WARN] [1788860006.154957157]: [multi_patrol][A1 EXIT HORIZON] V1 target=B17 dwell_part=2.90s departure_window=12.10s total_horizon=15.00s[0m
[33m[WARN] [1788860006.191766160]: [multi_patrol][A1 EXIT HORIZON] V1 target=B17 dwell_part=0.90s departure_window=14.10s total_horizon=15.00s[0m
005.847675323]: [multi_patrol][A1] V1 pickup leg: B45 -> A1  wpts=572 len=6.460[0m
[0m[INFO] [1788860005.866067313]: [sim_plan] built plan=3775 start=6647.80 horizon=15.00 frames=150 commit_frames=20[0m
[0m[INFO] [1788860005.891564520]: [sim_plan] built plan=3776 start=6649.80 horizon=15.00 frames=150 commit_frames=20[0m
[0m[INFO] [1788860005.904667962]: [sim_plan] built plan=3777 start=6651.80 horizon=15.00 frames=150 commit_frames=20[0m
[0m[INFO] [1788860005.921136252]: [sim_plan] built plan=3778 start=6653.80 horizon=15.00 frames=150 commit_frames=20[0m
[0m[INFO] [1788860005.934724849]: [sim_plan] built plan=3779 start=6655.80 horizon=15.00 frames=150 commit_frames=20[0m
[0m[INFO] [1788860005.948112033]: [sim_plan] built plan=3780 start=6657.80 horizon=15.00 frames=150 commit_frames=20[0m
[0m[INFO] [1788860005.959568110]: [sim_plan] built plan=3781 start=6659.80 horizon=15.00 frames=150 commit_frames=20[0m
[0m[INFO] [1788860005.970320491]: [sim_plan] built plan=3782 start=6661.80 horizon=15.00 frames=150 commit_frames=20[0m
[0m[INFO] [1788860005.979911432]: [sim_plan] built plan=3783 start=6663.80 horizon=15.00 frames=150 commit_frames=20[0m
[0m[INFO] [1788860005.987538690]: [sim_plan] built plan=3784 start=6665.80 horizon=15.00 frames=150 commit_frames=20[0m
[0m[INFO] [1788860005.993948275]: [sim_plan] built plan=3785 start=6667.80 horizon=15.00 frames=150 commit_frames=20[0m
[0m[INFO] [1788860005.998758587]: [sim_plan] built plan=3786 start=6669.80 horizon=15.00 frames=150 commit_frames=20[0m
[0m[INFO] [1788860006.002713283]: [sim_plan] built plan=3787 start=6671.80 horizon=15.00 frames=150 commit_frames=20[0m
[0m[INFO] [1788860006.011182778]: [sim_plan] built plan=3788 start=6673.80 horizon=15.00 frames=150 commit_frames=20[0m
[0m[INFO] [1788860006.015808002]: [sim_plan] built plan=3789 start=6675.80 horizon=15.00 frames=150 commit_frames=20[0m
[0m[INFO] [1788860006.020204371]: [multi_patrol][A1] V0 pickup leg: B25 -> A1  wpts=491 len=5.663[0m
[0m[INFO] [1788860006.033885131]: [sim_plan] built plan=3790 start=6676.30 horizon=15.00 frames=150 commit_frames=20[0m
[0m[INFO] [1788860006.053995522]: [sim_plan] built plan=3791 start=6678.30 horizon=15.00 frames=150 commit_frames=20[0m
[0m[INFO] [1788860006.064141689]: [sim_plan] built plan=3792 start=6680.30 horizon=15.00 frames=150 commit_frames=20[0m
[0m[INFO] [1788860006.074391429]: [sim_plan] built plan=3793 start=6682.30 horizon=15.00 frames=150 commit_frames=20[0m
[0m[INFO] [1788860006.084191128]: [sim_plan] built plan=3794 start=6684.30 horizon=15.00 frames=150 commit_frames=20[0m
[0m[INFO] [1788860006.093908842]: [sim_plan] built plan=3795 start=6686.30 horizon=15.00 frames=150 commit_frames=20[0m
[0m[INFO] [1788860006.120619908]: [sim_plan] built plan=3796 start=6687.50 horizon=15.00 frames=150 commit_frames=20[0m
[0m[INFO] [1788860006.154919510]: [sim_plan] built plan=3797 start=6689.50 horizon=15.00 frames=150 commit_frames=20[0m
[0m[INFO] [1788860006.191722781]: [sim_plan] built plan=3798 start=6691.50 horizon=15.00 frames=150 commit_frames=20[0m
[0m[INFO] [1788860006.193006304]: [multi_patrol][A1] V1 activate prepared dropoff: A1 -> B17 len=4.533 priority_until_s=0.758[0m
[0m[INFO] [1788860006.229472664]: [sim_plan] built plan=3799 start=6692.40 horizon=15.00 frames=150 commit_frames=20[0m
[0m[INFO] [1788860006.266697238]: [sim_plan] built plan=3800 start=6694.40 horizon=15.00 frames=150 commit_frames=20[0m
[0m[INFO] [1788860006.294866590]: [sim_plan] built plan=3801 start=6696.40 horizon=15.00 frames=150 commit_frames=20[0m
[0m[INFO] [1788860006.296111188]: [multi_patrol][A1 EXIT PRIORITY RELEASE] V1 s=0.771 threshold=0.758[0m
[0m[INFO] [1788860006.317785937]: [sim_plan] built plan=3802 start=6698.40 horizon=15.00 frames=150 commit_frames=20[0m
[0m[INFO] [1788860006.336201669]: [sim_plan] built plan=3803 start=6700.40 horizon=15.00 frames=150 commit_frames=20[0m
[0m[INFO] [1788860006.351586173]: [sim_plan] built plan=3804 start=6702.40 horizon=15.00 frames=150 commit_frames=20[0m
[0m[INFO] [33m[WARN] [1788860006.398470176]: [multi_patrol][A1 EXIT HORIZON] V0 target=B54 dwell_part=4.90s departure_window=10.10s total_horizon=15.00s[0m
[33m[WARN] [1788860006.402366343]: [multi_patrol][A1 EXIT HORIZON] V0 target=B54 dwell_part=2.90s departure_window=12.10s total_horizon=15.00s[0m
[33m[WARN] [1788860006.407532871]: [multi_patrol][A1 EXIT HORIZON] V0 target=B54 dwell_part=0.90s departure_window=14.10s total_horizon=15.00s[0m
[33m[WARN] [1788860006.426343406]: [SLOT_DEPARTURE] time=112min4.0s vehicle=V1 owner=V0 result=ALLOW reason=slot_departure_clear candidate_path_gen=161 slot_departure_clear_s=0.327 vehicle_mode=ACTIVE vehicle_speed=0.000 vehicle_path_s=0.000 blocker=none a1_prefix_conflict=0 ordinary_road_conflict=0 owner_phase=TO_B owner_path_gen=180 geometry=actual_to_b protected_zones=0 actual_occupancy_priority=0 spatial_stop_launch_infeasible=0 waiter_stop_s=2.100[0m
[33m[WARN] [1788860006.426687285]: [multi_patrol][A1 EXIT PREPARED] V1 target=B27 pickup_dwell=5.00s exit_len=7.516 priority_until_s=0.758 horizon_refresh=IMMEDIATE[0m
[33m[WARN] [1788860006.445213396]: [SOURCE=REAL] [plan=3817] [frame=6] [rollout_step=-1] [multi_patrol][A1 EXIT INTRUSION ENTER] owner=V0 target=B54 blocker=V1 dwell_remaining=0.00s visible_exit_t=13.60s owner_exit_s=3.000 blocker_phase=1 blocker_s=0.056 action=DIAG_ONLY[0m
[33m[WARN] [1788860006.446155113]: [SOURCE=REAL] [plan=3817] [frame=12] [rollout_step=-1] [multi_patrol][A1 EXIT INTRUSION CLEAR] owner=V0 blocker=V1[0m
[33m[WARN] [1788860006.643104898]: [multi_patrol][A1 EXIT HORIZON] V1 target=B27 dwell_part=4.90s departure_window=10.10s total_horizon=15.00s[0m
[33m[WARN] [1788860006.647647501]: [multi_patrol][A1 EXIT HORIZON] V1 target=B27 dwell_part=2.90s departure_window=12.10s total_horizon=15.00s[0m
[33m[WARN] [1788860006.655764163]: [multi_patrol][A1 EXIT HORIZON] V1 target=B27 dwell_part=0.90s departure_window=14.10s total_horizon=15.00s[0m
[1788860006.363058018]: [sim_plan] built plan=3805 start=6704.40 horizon=15.00 frames=150 commit_frames=20[0m
[0m[INFO] [1788860006.372026102]: [sim_plan] built plan=3806 start=6706.40 horizon=15.00 frames=150 commit_frames=20[0m
[0m[INFO] [1788860006.382571371]: [sim_plan] built plan=3807 start=6708.40 horizon=15.00 frames=150 commit_frames=20[0m
[0m[INFO] [1788860006.388450821]: [sim_plan] built plan=3808 start=6710.40 horizon=15.00 frames=150 commit_frames=20[0m
[0m[INFO] [1788860006.392606881]: [sim_plan] built plan=3809 start=6712.40 horizon=15.00 frames=150 commit_frames=20[0m
[0m[INFO] [1788860006.395495428]: [sim_plan] built plan=3810 start=6714.40 horizon=15.00 frames=150 commit_frames=20[0m
[0m[INFO] [1788860006.398439297]: [sim_plan] built plan=3811 start=6714.90 horizon=15.00 frames=150 commit_frames=20[0m
[0m[INFO] [1788860006.402335474]: [sim_plan] built plan=3812 start=6716.90 horizon=15.00 frames=150 commit_frames=20[0m
[0m[INFO] [1788860006.407468002]: [sim_plan] built plan=3813 start=6718.90 horizon=15.00 frames=150 commit_frames=20[0m
[0m[INFO] [1788860006.409058729]: [multi_patrol][A1] V0 activate prepared dropoff: A1 -> B54 len=5.654 priority_until_s=0.758[0m
[0m[INFO] [1788860006.412651358]: [sim_plan] built plan=3814 start=6719.80 horizon=15.00 frames=150 commit_frames=20[0m
[0m[INFO] [1788860006.417566500]: [sim_plan] built plan=3815 start=6721.80 horizon=15.00 frames=150 commit_frames=20[0m
[0m[INFO] [1788860006.422833682]: [sim_plan] built plan=3816 start=6723.80 horizon=15.00 frames=150 commit_frames=20[0m
[0m[INFO] [1788860006.426309564]: [multi_patrol][A1] V1 pickup leg: B17 -> A1  wpts=249 len=3.420[0m
[0m[INFO] [1788860006.443441245]: [sim_plan] built plan=3817 start=6724.00 horizon=15.00 frames=150 commit_frames=20[0m
[0m[INFO] [1788860006.446118346]: [multi_patrol][A1 EXIT PRIORITY RELEASE] V0 s=0.771 threshold=0.758[0m
[0m[INFO] [1788860006.465522412]: [sim_plan] built plan=3818 start=6726.00 horizon=15.00 frames=150 commit_frames=20[0m
[0m[INFO] [1788860006.484963820]: [sim_plan] built plan=3819 start=6728.00 horizon=15.00 frames=150 commit_frames=20[0m
[0m[INFO] [1788860006.503435068]: [sim_plan] built plan=3820 start=6730.00 horizon=15.00 frames=150 commit_frames=20[0m
[0m[INFO] [1788860006.521231760]: [sim_plan] built plan=3821 start=6732.00 horizon=15.00 frames=150 commit_frames=20[0m
[0m[INFO] [1788860006.539467329]: [sim_plan] built plan=3822 start=6734.00 horizon=15.00 frames=150 commit_frames=20[0m
[0m[INFO] [1788860006.555652230]: [sim_plan] built plan=3823 start=6736.00 horizon=15.00 frames=150 commit_frames=20[0m
[0m[INFO] [1788860006.572928269]: [sim_plan] built plan=3824 start=6738.00 horizon=15.00 frames=150 commit_frames=20[0m
[0m[INFO] [1788860006.593955804]: [sim_plan] built plan=3825 start=6740.00 horizon=15.00 frames=150 commit_frames=20[0m
[0m[INFO] [1788860006.605221366]: [sim_plan] built plan=3826 start=6742.00 horizon=15.00 frames=150 commit_frames=20[0m
[0m[INFO] [1788860006.615455557]: [sim_plan] built plan=3827 start=6744.00 horizon=15.00 frames=150 commit_frames=20[0m
[0m[INFO] [1788860006.623496104]: [sim_plan] built plan=3828 start=6746.00 horizon=15.00 frames=150 commit_frames=20[0m
[0m[INFO] [1788860006.629735645]: [sim_plan] built plan=3829 start=6748.00 horizon=15.00 frames=150 commit_frames=20[0m
[0m[INFO] [1788860006.634910865]: [sim_plan] built plan=3830 start=6750.00 horizon=15.00 frames=150 commit_frames=20[0m
[0m[INFO] [1788860006.639354631]: [sim_plan] built plan=3831 start=6752.00 horizon=15.00 frames=150 commit_frames=20[0m
[0m[INFO] [1788860006.643067843]: [sim_plan] built plan=3832 start=6753.80 horizon=15.00 frames=150 commit_frames=20[0m
[0m[INFO] [1788860006.647615400]: [sim_plan] built plan=3833 start=6755.80 horizon=15.00 frames=150 commit_frames=20[0m
[0m[INFO] [1788860006.655734737]: [sim_plan] built plan=3834 start=6757.80 horizon=15.00 frames=150 commit_frames=20[0m
[0m[INFO] [1788860006.656810507]: [multi_patrol][A1] V1 activate prepared dropoff: A1 -> B27 len=7.516 pr[33m[WARN] [1788860006.666907775]: [SLOT_DEPARTURE] time=112min38.8s vehicle=V0 owner=V1 result=ALLOW reason=slot_departure_clear candidate_path_gen=181 slot_departure_clear_s=0.327 vehicle_mode=ACTIVE vehicle_speed=0.000 vehicle_path_s=0.000 blocker=none a1_prefix_conflict=0 ordinary_road_conflict=0 owner_phase=TO_B owner_path_gen=162 geometry=actual_to_b protected_zones=0 actual_occupancy_priority=0 spatial_stop_launch_infeasible=0 waiter_stop_s=4.425[0m
[33m[WARN] [1788860006.667456909]: [multi_patrol][A1 EXIT PREPARED] V0 target=B24 pickup_dwell=5.00s exit_len=3.875 priority_until_s=0.758 horizon_refresh=IMMEDIATE[0m
[33m[WARN] [1788860006.918137726]: [multi_patrol][A1 EXIT HORIZON] V0 target=B24 dwell_part=4.90s departure_window=10.10s total_horizon=15.00s[0m
[33m[WARN] [1788860006.924784139]: [multi_patrol][A1 EXIT HORIZON] V0 target=B24 dwell_part=2.90s departure_window=12.10s total_horizon=15.00s[0m
[33m[WARN] [1788860006.932425359]: [multi_patrol][A1 EXIT HORIZON] V0 target=B24 dwell_part=0.90s departure_window=14.10s total_horizon=15.00s[0m
[33m[WARN] [1788860006.963650764]: [SLOT_DEPARTURE] time=113min27.3s vehicle=V1 owner=none result=ALLOW reason=no_service_owner candidate_path_gen=163 slot_departure_clear_s=0.327 vehicle_mode=ACTIVE vehicle_speed=0.000 vehicle_path_s=0.000 blocker=none a1_prefix_conflict=0 ordinary_road_conflict=0[0m
[33m[WARN] [1788860006.964107315]: [multi_patrol][A1 EXIT PREPARED] V1 target=B8 pickup_dwell=5.00s exit_len=2.336 priority_until_s=0.756 horizon_refresh=IMMEDIATE[0m
iority_until_s=0.758[0m
[0m[INFO] [1788860006.660792517]: [sim_plan] built plan=3835 start=6758.70 horizon=15.00 frames=150 commit_frames=20[0m
[0m[INFO] [1788860006.666863184]: [multi_patrol][A1] V0 pickup leg: B54 -> A1  wpts=451 len=5.542[0m
[0m[INFO] [1788860006.681877188]: [sim_plan] built plan=3836 start=6758.80 horizon=15.00 frames=150 commit_frames=20[0m
[0m[INFO] [1788860006.704057675]: [sim_plan] built plan=3837 start=6760.80 horizon=15.00 frames=150 commit_frames=20[0m
[0m[INFO] [1788860006.719444540]: [sim_plan] built plan=3838 start=6762.80 horizon=15.00 frames=150 commit_frames=20[0m
[0m[INFO] [1788860006.720536428]: [multi_patrol][A1 EXIT PRIORITY RELEASE] V1 s=0.771 threshold=0.758[0m
[0m[INFO] [1788860006.734608336]: [sim_plan] built plan=3839 start=6764.80 horizon=15.00 frames=150 commit_frames=20[0m
[0m[INFO] [1788860006.750633676]: [sim_plan] built plan=3840 start=6766.80 horizon=15.00 frames=150 commit_frames=20[0m
[0m[INFO] [1788860006.765696660]: [sim_plan] built plan=3841 start=6768.80 horizon=15.00 frames=150 commit_frames=20[0m
[0m[INFO] [1788860006.779919981]: [sim_plan] built plan=3842 start=6770.80 horizon=15.00 frames=150 commit_frames=20[0m
[0m[INFO] [1788860006.794604511]: [sim_plan] built plan=3843 start=6772.80 horizon=15.00 frames=150 commit_frames=20[0m
[0m[INFO] [1788860006.810368357]: [sim_plan] built plan=3844 start=6774.80 horizon=15.00 frames=150 commit_frames=20[0m
[0m[INFO] [1788860006.827880362]: [sim_plan] built plan=3845 start=6776.80 horizon=15.00 frames=150 commit_frames=20[0m
[0m[INFO] [1788860006.844192796]: [sim_plan] built plan=3846 start=6778.80 horizon=15.00 frames=150 commit_frames=20[0m
[0m[INFO] [1788860006.859321639]: [sim_plan] built plan=3847 start=6780.80 horizon=15.00 frames=150 commit_frames=20[0m
[0m[INFO] [1788860006.871937622]: [sim_plan] built plan=3848 start=6782.80 horizon=15.00 frames=150 commit_frames=20[0m
[0m[INFO] [1788860006.882923988]: [sim_plan] built plan=3849 start=6784.80 horizon=15.00 frames=150 commit_frames=20[0m
[0m[INFO] [1788860006.892570611]: [sim_plan] built plan=3850 start=6786.80 horizon=15.00 frames=150 commit_frames=20[0m
[0m[INFO] [1788860006.900766892]: [sim_plan] built plan=3851 start=6788.80 horizon=15.00 frames=150 commit_frames=20[0m
[0m[INFO] [1788860006.907188914]: [sim_plan] built plan=3852 start=6790.80 horizon=15.00 frames=150 commit_frames=20[0m
[0m[INFO] [1788860006.912735873]: [sim_plan] built plan=3853 start=6792.80 horizon=15.00 frames=150 commit_frames=20[0m
[0m[INFO] [1788860006.918099791]: [sim_plan] built plan=3854 start=6793.50 horizon=15.00 frames=150 commit_frames=20[0m
[0m[INFO] [1788860006.924750380]: [sim_plan] built plan=3855 start=6795.50 horizon=15.00 frames=150 commit_frames=20[0m
[0m[INFO] [1788860006.932372657]: [sim_plan] built plan=3856 start=6797.50 horizon=15.00 frames=150 commit_frames=20[0m
[0m[INFO] [1788860006.933579508]: [multi_patrol][A1] V0 activate prepared dropoff: A1 -> B24 len=3.875 priority_until_s=0.758[0m
[0m[INFO] [1788860006.940224232]: [sim_plan] built plan=3857 start=6798.40 horizon=15.00 frames=150 commit_frames=20[0m
[0m[INFO] [1788860006.950623595]: [sim_plan] built plan=3858 start=6800.40 horizon=15.00 frames=150 commit_frames=20[0m
[0m[INFO] [1788860006.955040001]: [sim_plan] built plan=3859 start=6802.40 horizon=15.00 frames=150 commit_frames=20[0m
[0m[INFO] [1788860006.956730837]: [multi_patrol][A1 EXIT PRIORITY RELEASE] V0 s=0.771 threshold=0.758[0m
[0m[INFO] [1788860006.959538987]: [sim_plan] built plan=3860 start=6804.40 horizon=15.00 frames=150 commit_frames=20[0m
[0m[INFO] [1788860006.962961919]: [sim_plan] built plan=3861 start=6806.40 horizon=15.00 frames=150 commit_frames=20[0m
[0m[INFO] [1788860006.963612737]: [multi_patrol][A1] V1 pickup leg: B27 -> A1  wpts=469 len=5.444[0m
[0m[INFO] [1788860006.979975620]: [sim_plan] built plan=3862 start=6807.30 horizon=15.00 frames=150 commit_frames=20[0m
[0m[INFO] [1788860007.000101252]: [sim_plan] built plan=3863 start=6809.30 horizon=15.00 frames=150 com[33m[WARN] [1788860007.060380754]: [SLOT_DEPARTURE] time=113min47.1s vehicle=V0 owner=none result=ALLOW reason=no_service_owner candidate_path_gen=183 slot_departure_clear_s=0.327 vehicle_mode=ACTIVE vehicle_speed=0.000 vehicle_path_s=0.000 blocker=none a1_prefix_conflict=0 ordinary_road_conflict=0[0m
[33m[WARN] [1788860007.060750522]: [multi_patrol][A1 EXIT PREPARED] V0 target=B34 pickup_dwell=5.00s exit_len=4.275 priority_until_s=0.758 horizon_refresh=IMMEDIATE[0m
[33m[WARN] [1788860007.227035585]: [multi_patrol][A1 EXIT HORIZON] V1 target=B8 dwell_part=4.90s departure_window=10.10s total_horizon=15.00s[0m
[33m[WARN] [1788860007.246144309]: [multi_patrol][A1 EXIT HORIZON] V1 target=B8 dwell_part=2.90s departure_window=12.10s total_horizon=15.00s[0m
[33m[WARN] [1788860007.266676476]: [multi_patrol][A1 EXIT HORIZON] V1 target=B8 dwell_part=0.90s departure_window=14.10s total_horizon=15.00s[0m
[33m[WARN] [1788860007.343829003]: [multi_patrol][A1 EXIT HORIZON] V0 target=B34 dwell_part=4.90s departure_window=10.10s total_horizon=15.00s[0m
[33m[WARN] [1788860007.347899792]: [multi_patrol][A1 EXIT HORIZON] V0 target=B34 dwell_part=2.90s departure_window=12.10s total_horizon=15.00s[0m
[33m[WARN] [1788860007.352437042]: [multi_patrol][A1 EXIT HORIZON] V0 target=B34 dwell_part=0.90s departure_window=14.10s total_horizon=15.00s[0m
mit_frames=20[0m
[0m[INFO] [1788860007.013367135]: [sim_plan] built plan=3864 start=6811.30 horizon=15.00 frames=150 commit_frames=20[0m
[0m[INFO] [1788860007.024240365]: [sim_plan] built plan=3865 start=6813.30 horizon=15.00 frames=150 commit_frames=20[0m
[0m[INFO] [1788860007.034106899]: [sim_plan] built plan=3866 start=6815.30 horizon=15.00 frames=150 commit_frames=20[0m
[0m[INFO] [1788860007.042346893]: [sim_plan] built plan=3867 start=6817.30 horizon=15.00 frames=150 commit_frames=20[0m
[0m[INFO] [1788860007.047797048]: [sim_plan] built plan=3868 start=6819.30 horizon=15.00 frames=150 commit_frames=20[0m
[0m[INFO] [1788860007.052220871]: [sim_plan] built plan=3869 start=6821.30 horizon=15.00 frames=150 commit_frames=20[0m
[0m[INFO] [1788860007.056287803]: [sim_plan] built plan=3870 start=6823.30 horizon=15.00 frames=150 commit_frames=20[0m
[0m[INFO] [1788860007.059781603]: [sim_plan] built plan=3871 start=6825.30 horizon=15.00 frames=150 commit_frames=20[0m
[0m[INFO] [1788860007.060346468]: [multi_patrol][A1] V0 pickup leg: B24 -> A1  wpts=298 len=3.474[0m
[0m[INFO] [1788860007.076651114]: [sim_plan] built plan=3872 start=6827.10 horizon=15.00 frames=150 commit_frames=20[0m
[0m[INFO] [1788860007.093835785]: [sim_plan] built plan=3873 start=6829.10 horizon=15.00 frames=150 commit_frames=20[0m
[0m[INFO] [1788860007.105587891]: [sim_plan] built plan=3874 start=6831.10 horizon=15.00 frames=150 commit_frames=20[0m
[0m[INFO] [1788860007.132705178]: [sim_plan] built plan=3875 start=6833.10 horizon=15.00 frames=150 commit_frames=20[0m
[0m[INFO] [1788860007.161922845]: [sim_plan] built plan=3876 start=6835.10 horizon=15.00 frames=150 commit_frames=20[0m
[0m[INFO] [1788860007.188402011]: [sim_plan] built plan=3877 start=6837.10 horizon=15.00 frames=150 commit_frames=20[0m
[0m[INFO] [1788860007.210524118]: [sim_plan] built plan=3878 start=6839.10 horizon=15.00 frames=150 commit_frames=20[0m
[0m[INFO] [1788860007.226986725]: [sim_plan] built plan=3879 start=6840.70 horizon=15.00 frames=150 commit_frames=20[0m
[0m[INFO] [1788860007.246105032]: [sim_plan] built plan=3880 start=6842.70 horizon=15.00 frames=150 commit_frames=20[0m
[0m[INFO] [1788860007.266632422]: [sim_plan] built plan=3881 start=6844.70 horizon=15.00 frames=150 commit_frames=20[0m
[0m[INFO] [1788860007.267774634]: [multi_patrol][A1] V1 activate prepared dropoff: A1 -> B8 len=2.336 priority_until_s=0.756[0m
[0m[INFO] [1788860007.285977248]: [sim_plan] built plan=3882 start=6845.60 horizon=15.00 frames=150 commit_frames=20[0m
[0m[INFO] [1788860007.304205031]: [sim_plan] built plan=3883 start=6847.60 horizon=15.00 frames=150 commit_frames=20[0m
[0m[INFO] [1788860007.314700282]: [sim_plan] built plan=3884 start=6849.60 horizon=15.00 frames=150 commit_frames=20[0m
[0m[INFO] [1788860007.315448586]: [multi_patrol][A1 EXIT PRIORITY RELEASE] V1 s=0.768 threshold=0.756[0m
[0m[INFO] [1788860007.322448704]: [sim_plan] built plan=3885 start=6851.60 horizon=15.00 frames=150 commit_frames=20[0m
[0m[INFO] [1788860007.328568362]: [sim_plan] built plan=3886 start=6853.60 horizon=15.00 frames=150 commit_frames=20[0m
[0m[INFO] [1788860007.336020652]: [sim_plan] built plan=3887 start=6855.60 horizon=15.00 frames=150 commit_frames=20[0m
[0m[INFO] [1788860007.340800186]: [sim_plan] built plan=3888 start=6857.60 horizon=15.00 frames=150 commit_frames=20[0m
[0m[INFO] [1788860007.343796004]: [sim_plan] built plan=3889 start=6859.60 horizon=15.00 frames=150 commit_frames=20[0m
[0m[INFO] [1788860007.347862154]: [sim_plan] built plan=3890 start=6861.60 horizon=15.00 frames=150 commit_frames=20[0m
[0m[INFO] [1788860007.352405459]: [sim_plan] built plan=3891 start=6863.60 horizon=15.00 frames=150 commit_frames=20[0m
[0m[INFO] [1788860007.353409846]: [multi_patrol][A1] V0 activate prepared dropoff: A1 -> B34 len=4.275 priority_until_s=0.758[0m
[0m[INFO] [1788860007.356773986]: [sim_plan] built plan=3892 start=6864.50 horizon=15.00 frames=150 commit_frames=20[0m
[0m[INFO] [1788860007.359098061]: [multi_patrol][A1] V1 pickup leg: [33m[WARN] [1788860007.359301759]: [SLOT_DEPARTURE] time=114min24.7s vehicle=V1 owner=V0 result=ALLOW reason=slot_departure_clear candidate_path_gen=165 slot_departure_clear_s=0.346 vehicle_mode=ACTIVE vehicle_speed=0.000 vehicle_path_s=0.000 blocker=none a1_prefix_conflict=0 ordinary_road_conflict=0 owner_phase=TO_B owner_path_gen=184 geometry=actual_to_b protected_zones=0 actual_occupancy_priority=0 spatial_stop_launch_infeasible=0 waiter_stop_s=0.750[0m
[33m[WARN] [1788860007.359736230]: [multi_patrol][A1 EXIT PREPARED] V1 target=B9 pickup_dwell=5.00s exit_len=2.555 priority_until_s=0.756 horizon_refresh=IMMEDIATE[0m
[33m[WARN] [1788860007.507481271]: [multi_patrol][A1 EXIT HORIZON] V1 target=B9 dwell_part=4.90s departure_window=10.10s total_horizon=15.00s[0m
[33m[WARN] [1788860007.511832314]: [multi_patrol][A1 EXIT HORIZON] V1 target=B9 dwell_part=2.90s departure_window=12.10s total_horizon=15.00s[0m
[33m[WARN] [1788860007.517382417]: [multi_patrol][A1 EXIT HORIZON] V1 target=B9 dwell_part=0.90s departure_window=14.10s total_horizon=15.00s[0m
[33m[WARN] [1788860007.528888551]: [SLOT_DEPARTURE] time=114min55.2s vehicle=V0 owner=V1 result=ALLOW reason=slot_departure_clear candidate_path_gen=185 slot_departure_clear_s=0.327 vehicle_mode=ACTIVE vehicle_speed=0.000 vehicle_path_s=0.000 blocker=none a1_prefix_conflict=0 ordinary_road_conflict=0 owner_phase=TO_B owner_path_gen=166 geometry=actual_to_b protected_zones=0 actual_occupancy_priority=0 spatial_stop_launch_infeasible=0 waiter_stop_s=1.625[0m
[33m[WARN] [1788860007.529397848]: [multi_patrol][A1 EXIT PREPARED] V0 target=B3 pickup_dwell=5.00s exit_len=1.901 priority_until_s=0.758 horizon_refresh=IMMEDIATE[0m
[33m[WARN] [1788860007.602088338]: [SLOT_DEPARTURE] time=115min12.3s vehicle=V1 owner=V0 result=ALLOW reason=slot_departure_clear candidate_path_gen=167 slot_departure_clear_s=0.346 vehicle_mode=ACTIVE vehicle_speed=0.000 vehicle_path_s=0.000 blocker=none a1_prefix_conflict=0 ordinary_road_conflict=0 owner_phase=TO_A1 owner_path_gen=185 geometry=pending_preview protected_zones=0 actual_occupancy_priority=0 spatial_stop_launch_infeasible=0 waiter_stop_s=0.975[0m
[33m[WARN] [1788860007.602579346]: [multi_patrol][A1 EXIT PREPARED] V1 target=B6 pickup_dwell=5.00s exit_len=1.901 priority_until_s=0.758 horizon_refresh=IMMEDIATE[0m
B8 -> A1  wpts=276 len=2.815[0m
[0m[INFO] [1788860007.376454015]: [sim_plan] built plan=3893 start=6864.70 horizon=15.00 frames=150 commit_frames=20[0m
[0m[INFO] [1788860007.398256056]: [sim_plan] built plan=3894 start=6866.70 horizon=15.00 frames=150 commit_frames=20[0m
[0m[INFO] [1788860007.415648630]: [sim_plan] built plan=3895 start=6868.70 horizon=15.00 frames=150 commit_frames=20[0m
[0m[INFO] [1788860007.416782451]: [multi_patrol][A1 EXIT PRIORITY RELEASE] V0 s=0.771 threshold=0.758[0m
[0m[INFO] [1788860007.431494528]: [sim_plan] built plan=3896 start=6870.70 horizon=15.00 frames=150 commit_frames=20[0m
[0m[INFO] [1788860007.446458384]: [sim_plan] built plan=3897 start=6872.70 horizon=15.00 frames=150 commit_frames=20[0m
[0m[INFO] [1788860007.461073024]: [sim_plan] built plan=3898 start=6874.70 horizon=15.00 frames=150 commit_frames=20[0m
[0m[INFO] [1788860007.472356407]: [sim_plan] built plan=3899 start=6876.70 horizon=15.00 frames=150 commit_frames=20[0m
[0m[INFO] [1788860007.482972857]: [sim_plan] built plan=3900 start=6878.70 horizon=15.00 frames=150 commit_frames=20[0m
[0m[INFO] [1788860007.490348176]: [sim_plan] built plan=3901 start=6880.70 horizon=15.00 frames=150 commit_frames=20[0m
[0m[INFO] [1788860007.496202887]: [sim_plan] built plan=3902 start=6882.70 horizon=15.00 frames=150 commit_frames=20[0m
[0m[INFO] [1788860007.500649249]: [sim_plan] built plan=3903 start=6884.70 horizon=15.00 frames=150 commit_frames=20[0m
[0m[INFO] [1788860007.504213199]: [sim_plan] built plan=3904 start=6886.70 horizon=15.00 frames=150 commit_frames=20[0m
[0m[INFO] [1788860007.507442958]: [sim_plan] built plan=3905 start=6887.20 horizon=15.00 frames=150 commit_frames=20[0m
[0m[INFO] [1788860007.511785655]: [sim_plan] built plan=3906 start=6889.20 horizon=15.00 frames=150 commit_frames=20[0m
[0m[INFO] [1788860007.517347381]: [sim_plan] built plan=3907 start=6891.20 horizon=15.00 frames=150 commit_frames=20[0m
[0m[INFO] [1788860007.518487043]: [multi_patrol][A1] V1 activate prepared dropoff: A1 -> B9 len=2.555 priority_until_s=0.756[0m
[0m[INFO] [1788860007.522517220]: [sim_plan] built plan=3908 start=6892.10 horizon=15.00 frames=150 commit_frames=20[0m
[0m[INFO] [1788860007.526597161]: [sim_plan] built plan=3909 start=6894.10 horizon=15.00 frames=150 commit_frames=20[0m
[0m[INFO] [1788860007.528851651]: [multi_patrol][A1] V0 pickup leg: B34 -> A1  wpts=284 len=3.088[0m
[0m[INFO] [1788860007.542173480]: [sim_plan] built plan=3910 start=6895.20 horizon=15.00 frames=150 commit_frames=20[0m
[0m[INFO] [1788860007.557619538]: [sim_plan] built plan=3911 start=6897.20 horizon=15.00 frames=150 commit_frames=20[0m
[0m[INFO] [1788860007.558028962]: [multi_patrol][A1 EXIT PRIORITY RELEASE] V1 s=0.768 threshold=0.756[0m
[0m[INFO] [1788860007.569309411]: [sim_plan] built plan=3912 start=6899.20 horizon=15.00 frames=150 commit_frames=20[0m
[0m[INFO] [1788860007.578650618]: [sim_plan] built plan=3913 start=6901.20 horizon=15.00 frames=150 commit_frames=20[0m
[0m[INFO] [1788860007.585497310]: [sim_plan] built plan=3914 start=6903.20 horizon=15.00 frames=150 commit_frames=20[0m
[0m[INFO] [1788860007.589948907]: [sim_plan] built plan=3915 start=6905.20 horizon=15.00 frames=150 commit_frames=20[0m
[0m[INFO] [1788860007.594314411]: [sim_plan] built plan=3916 start=6907.20 horizon=15.00 frames=150 commit_frames=20[0m
[0m[INFO] [1788860007.597292412]: [sim_plan] built plan=3917 start=6909.20 horizon=15.00 frames=150 commit_frames=20[0m
[0m[INFO] [1788860007.600292777]: [sim_plan] built plan=3918 start=6911.20 horizon=15.00 frames=150 commit_frames=20[0m
[0m[INFO] [1788860007.602047871]: [multi_patrol][A1] V1 pickup leg: B9 -> A1  wpts=298 len=3.034[0m
[0m[INFO] [1788860007.621647807]: [sim_plan] built plan=3919 start=6912.30 horizon=15.00 frames=150 commit_frames=20[0m
[0m[INFO] [1788860007.646180010]: [sim_plan] built plan=3920 start=6914.30 horizon=15.00 frames=150 commit_frames=20[0m
[0m[INFO] [1788860007.665017908]: [sim_plan] built plan=3921 start=6915.10 horizon=15.00 frames=1[33m[WARN] [1788860007.665231672]: [multi_patrol][A1 EXIT HORIZON] V0 target=B3 dwell_part=4.90s departure_window=10.10s total_horizon=15.00s[0m
[33m[WARN] [1788860007.688147474]: [multi_patrol][A1 EXIT HORIZON] V0 target=B3 dwell_part=2.90s departure_window=12.10s total_horizon=15.00s[0m
[33m[WARN] [1788860007.712215792]: [multi_patrol][A1 EXIT HORIZON] V0 target=B3 dwell_part=0.90s departure_window=14.10s total_horizon=15.00s[0m
[33m[WARN] [1788860007.818651752]: [SLOT_DEPARTURE] time=115min36.9s vehicle=V0 owner=V1 result=ALLOW reason=slot_departure_clear candidate_path_gen=187 slot_departure_clear_s=0.346 vehicle_mode=ACTIVE vehicle_speed=0.000 vehicle_path_s=0.000 blocker=none a1_prefix_conflict=0 ordinary_road_conflict=0 owner_phase=TO_A1 owner_path_gen=167 geometry=pending_preview protected_zones=0 actual_occupancy_priority=0 spatial_stop_launch_infeasible=0 waiter_stop_s=0.900[0m
[33m[WARN] [1788860007.819022660]: [multi_patrol][A1 EXIT PREPARED] V0 target=B46 pickup_dwell=5.00s exit_len=7.160 priority_until_s=0.758 horizon_refresh=IMMEDIATE[0m
[33m[WARN] [1788860007.911294113]: [multi_patrol][A1 EXIT HORIZON] V1 target=B6 dwell_part=4.90s departure_window=10.10s total_horizon=15.00s[0m
[33m[WARN] [1788860007.930664189]: [multi_patrol][A1 EXIT HORIZON] V1 target=B6 dwell_part=2.90s departure_window=12.10s total_horizon=15.00s[0m
[33m[WARN] [1788860007.949175335]: [multi_patrol][A1 EXIT HORIZON] V1 target=B6 dwell_part=0.90s departure_window=14.10s total_horizon=15.00s[0m
[33m[WARN] [1788860008.023507205]: [multi_patrol][A1 EXIT HORIZON] V0 target=B46 dwell_part=4.90s departure_window=10.10s total_horizon=15.00s[0m
[33m[WARN] [1788860008.027599891]: [multi_patrol][A1 EXIT HORIZON] V0 target=B46 dwell_part=2.90s departure_window=12.10s total_horizon=15.00s[0m
[33m[WARN] [1788860008.030589604]: [SLOT_DEPARTURE] time=116min3.6s vehicle=V1 owner=V0 result=ALLOW reason=slot_departure_clear candidate_path_gen=169 slot_departure_clear_s=0.346 vehicle_mode=ACTIVE vehicle_speed=0.000 vehicle_path_s=0.000 blocker=none a1_prefix_conflict=0 ordinary_road_conflict=0 owner_phase=PICKUP_DWELL owner_path_gen=187 geometry=pending_preview protected_zones=0 actual_occupancy_priority=0 spatial_stop_launch_infeasible=0 waiter_stop_s=0.900[0m
[33m[WARN] [1788860008.030943586]: [multi_patrol][A1 EXIT PREPARED] V1 target=B9 pickup_dwell=5.00s exit_len=2.555 priority_until_s=0.756 horizon_refresh=IMMEDIATE[0m
[33m[WARN] [1788860008.049486002]: [multi_patrol][A1 EXIT HORIZON] V0 target=B46 dwell_part=2.00s departure_window=13.00s total_horizon=15.00s[0m
50 commit_frames=20[0m
[0m[INFO] [1788860007.688102058]: [sim_plan] built plan=3922 start=6917.10 horizon=15.00 frames=150 commit_frames=20[0m
[0m[INFO] [1788860007.712173262]: [sim_plan] built plan=3923 start=6919.10 horizon=15.00 frames=150 commit_frames=20[0m
[0m[INFO] [1788860007.713255650]: [multi_patrol][A1] V0 activate prepared dropoff: A1 -> B3 len=1.901 priority_until_s=0.758[0m
[0m[INFO] [1788860007.734248105]: [sim_plan] built plan=3924 start=6920.00 horizon=15.00 frames=150 commit_frames=20[0m
[0m[INFO] [1788860007.771388207]: [sim_plan] built plan=3925 start=6922.00 horizon=15.00 frames=150 commit_frames=20[0m
[0m[INFO] [1788860007.787320724]: [sim_plan] built plan=3926 start=6924.00 horizon=15.00 frames=150 commit_frames=20[0m
[0m[INFO] [1788860007.788177520]: [multi_patrol][A1 EXIT PRIORITY RELEASE] V0 s=0.771 threshold=0.758[0m
[0m[INFO] [1788860007.796999731]: [sim_plan] built plan=3927 start=6926.00 horizon=15.00 frames=150 commit_frames=20[0m
[0m[INFO] [1788860007.804341190]: [sim_plan] built plan=3928 start=6928.00 horizon=15.00 frames=150 commit_frames=20[0m
[0m[INFO] [1788860007.809237221]: [sim_plan] built plan=3929 start=6930.00 horizon=15.00 frames=150 commit_frames=20[0m
[0m[INFO] [1788860007.811637718]: [sim_plan] built plan=3930 start=6932.00 horizon=15.00 frames=150 commit_frames=20[0m
[0m[INFO] [1788860007.814919074]: [sim_plan] built plan=3931 start=6934.00 horizon=15.00 frames=150 commit_frames=20[0m
[0m[INFO] [1788860007.817395568]: [sim_plan] built plan=3932 start=6936.00 horizon=15.00 frames=150 commit_frames=20[0m
[0m[INFO] [1788860007.818617006]: [multi_patrol][A1] V0 pickup leg: B3 -> A1  wpts=162 len=1.900[0m
[0m[INFO] [1788860007.849175198]: [sim_plan] built plan=3933 start=6936.90 horizon=15.00 frames=150 commit_frames=20[0m
[0m[INFO] [1788860007.874504031]: [sim_plan] built plan=3934 start=6938.90 horizon=15.00 frames=150 commit_frames=20[0m
[0m[INFO] [1788860007.894287982]: [sim_plan] built plan=3935 start=6940.90 horizon=15.00 frames=150 commit_frames=20[0m
[0m[INFO] [1788860007.911254848]: [sim_plan] built plan=3936 start=6941.80 horizon=15.00 frames=150 commit_frames=20[0m
[0m[INFO] [1788860007.930612511]: [sim_plan] built plan=3937 start=6943.80 horizon=15.00 frames=150 commit_frames=20[0m
[0m[INFO] [1788860007.949130309]: [sim_plan] built plan=3938 start=6945.80 horizon=15.00 frames=150 commit_frames=20[0m
[0m[INFO] [1788860007.950373899]: [multi_patrol][A1] V1 activate prepared dropoff: A1 -> B6 len=1.901 priority_until_s=0.758[0m
[0m[INFO] [1788860007.973706725]: [sim_plan] built plan=3939 start=6946.70 horizon=15.00 frames=150 commit_frames=20[0m
[0m[INFO] [1788860007.989032138]: [sim_plan] built plan=3940 start=6948.70 horizon=15.00 frames=150 commit_frames=20[0m
[0m[INFO] [1788860007.998641015]: [sim_plan] built plan=3941 start=6950.70 horizon=15.00 frames=150 commit_frames=20[0m
[0m[INFO] [1788860007.999331991]: [multi_patrol][A1 EXIT PRIORITY RELEASE] V1 s=0.771 threshold=0.758[0m
[0m[INFO] [1788860008.005211473]: [sim_plan] built plan=3942 start=6952.70 horizon=15.00 frames=150 commit_frames=20[0m
[0m[INFO] [1788860008.009837526]: [sim_plan] built plan=3943 start=6954.70 horizon=15.00 frames=150 commit_frames=20[0m
[0m[INFO] [1788860008.015986554]: [sim_plan] built plan=3944 start=6956.70 horizon=15.00 frames=150 commit_frames=20[0m
[0m[INFO] [1788860008.019078933]: [sim_plan] built plan=3945 start=6958.70 horizon=15.00 frames=150 commit_frames=20[0m
[0m[INFO] [1788860008.023460406]: [sim_plan] built plan=3946 start=6960.70 horizon=15.00 frames=150 commit_frames=20[0m
[0m[INFO] [1788860008.027566919]: [sim_plan] built plan=3947 start=6962.70 horizon=15.00 frames=150 commit_frames=20[0m
[0m[INFO] [1788860008.030547474]: [multi_patrol][A1] V1 pickup leg: B6 -> A1  wpts=162 len=1.900[0m
[0m[INFO] [1788860008.049436368]: [sim_plan] built plan=3948 start=6963.60 horizon=15.00 frames=150 commit_frames=20[0m
[0m[INFO] [1788860008.051476980]: [multi_patrol][A1] V0 activate prepared dropoff: A1 -> B46 len=7.[33m[WARN] [1788860008.075384766]: [SOURCE=REAL] [plan=3949] [frame=2] [rollout_step=-1] [multi_patrol][A1 EXIT INTRUSION ENTER] owner=V0 target=B46 blocker=V1 dwell_remaining=0.00s visible_exit_t=4.90s owner_exit_s=0.727 blocker_phase=1 blocker_s=0.321 action=DIAG_ONLY[0m
[33m[WARN] [1788860008.075986348]: [SOURCE=REAL] [plan=3949] [frame=4] [rollout_step=-1] [multi_patrol][A1 EXIT INTRUSION CLEAR] owner=V0 blocker=V1[0m
[33m[WARN] [1788860008.076641701]: [SOURCE=REAL] [plan=3949] [frame=6] [rollout_step=-1] [multi_patrol][A1 EXIT INTRUSION ENTER] owner=V0 target=B46 blocker=V1 dwell_remaining=0.00s visible_exit_t=4.50s owner_exit_s=0.728 blocker_phase=1 blocker_s=0.378 action=DIAG_ONLY[0m
[33m[WARN] [1788860008.077750456]: [SOURCE=REAL] [plan=3949] [frame=17] [rollout_step=-1] [multi_patrol][A1 EXIT INTRUSION CLEAR] owner=V0 blocker=V1[0m
[33m[WARN] [1788860008.155164424]: [multi_patrol][A1 EXIT HORIZON] V1 target=B9 dwell_part=4.90s departure_window=10.10s total_horizon=15.00s[0m
[33m[WARN] [1788860008.165595799]: [multi_patrol][A1 EXIT HORIZON] V1 target=B9 dwell_part=2.90s departure_window=12.10s total_horizon=15.00s[0m
[33m[WARN] [1788860008.179028466]: [multi_patrol][A1 EXIT HORIZON] V1 target=B9 dwell_part=0.90s departure_window=14.10s total_horizon=15.00s[0m
[33m[WARN] [1788860008.262123706]: [SLOT_DEPARTURE] time=116min44.7s vehicle=V1 owner=none result=ALLOW reason=no_service_owner candidate_path_gen=171 slot_departure_clear_s=0.346 vehicle_mode=ACTIVE vehicle_speed=0.000 vehicle_path_s=0.000 blocker=none a1_prefix_conflict=0 ordinary_road_conflict=0[0m
[33m[WARN] [1788860008.262471115]: [multi_patrol][A1 EXIT PREPARED] V1 target=B27 pickup_dwell=5.00s exit_len=7.516 priority_until_s=0.758 horizon_refresh=IMMEDIATE[0m
[33m[WARN] [1788860008.297706296]: [SLOT_DEPARTURE] time=116min52.4s vehicle=V0 owner=V1 result=ALLOW reason=slot_departure_clear candidate_path_gen=189 slot_departure_clear_s=0.327 vehicle_mode=ACTIVE vehicle_speed=0.000 vehicle_path_s=0.000 blocker=none a1_prefix_conflict=0 ordinary_road_conflict=0 owner_phase=TO_A1 owner_path_gen=171 geometry=pending_preview protected_zones=0 actual_occupancy_priority=0 spatial_stop_launch_infeasible=0 waiter_stop_s=3.650[0m
[33m[WARN] [1788860008.298078364]: [multi_patrol][A1 EXIT PREPARED] V0 target=B8 pickup_dwell=5.00s exit_len=2.336 priority_until_s=0.756 horizon_refresh=IMMEDIATE[0m
160 priority_until_s=0.758[0m
[0m[INFO] [1788860008.072544106]: [sim_plan] built plan=3949 start=6965.60 horizon=15.00 frames=150 commit_frames=20[0m
[0m[INFO] [1788860008.095080160]: [sim_plan] built plan=3950 start=6967.60 horizon=15.00 frames=150 commit_frames=20[0m
[0m[INFO] [1788860008.108402292]: [sim_plan] built plan=3951 start=6969.60 horizon=15.00 frames=150 commit_frames=20[0m
[0m[INFO] [1788860008.109846482]: [multi_patrol][A1 EXIT PRIORITY RELEASE] V0 s=0.771 threshold=0.758[0m
[0m[INFO] [1788860008.120651973]: [sim_plan] built plan=3952 start=6971.60 horizon=15.00 frames=150 commit_frames=20[0m
[0m[INFO] [1788860008.130134328]: [sim_plan] built plan=3953 start=6973.60 horizon=15.00 frames=150 commit_frames=20[0m
[0m[INFO] [1788860008.139069303]: [sim_plan] built plan=3954 start=6975.60 horizon=15.00 frames=150 commit_frames=20[0m
[0m[INFO] [1788860008.147095422]: [sim_plan] built plan=3955 start=6977.60 horizon=15.00 frames=150 commit_frames=20[0m
[0m[INFO] [1788860008.155112496]: [sim_plan] built plan=3956 start=6979.60 horizon=15.00 frames=150 commit_frames=20[0m
[0m[INFO] [1788860008.165559319]: [sim_plan] built plan=3957 start=6981.60 horizon=15.00 frames=150 commit_frames=20[0m
[0m[INFO] [1788860008.178986146]: [sim_plan] built plan=3958 start=6983.60 horizon=15.00 frames=150 commit_frames=20[0m
[0m[INFO] [1788860008.180284353]: [multi_patrol][A1] V1 activate prepared dropoff: A1 -> B9 len=2.555 priority_until_s=0.756[0m
[0m[INFO] [1788860008.194198182]: [sim_plan] built plan=3959 start=6984.50 horizon=15.00 frames=150 commit_frames=20[0m
[0m[INFO] [1788860008.210430093]: [sim_plan] built plan=3960 start=6986.50 horizon=15.00 frames=150 commit_frames=20[0m
[0m[INFO] [1788860008.223088554]: [sim_plan] built plan=3961 start=6988.50 horizon=15.00 frames=150 commit_frames=20[0m
[0m[INFO] [1788860008.224036153]: [multi_patrol][A1 EXIT PRIORITY RELEASE] V1 s=0.768 threshold=0.756[0m
[0m[INFO] [1788860008.233647572]: [sim_plan] built plan=3962 start=6990.50 horizon=15.00 frames=150 commit_frames=20[0m
[0m[INFO] [1788860008.242875402]: [sim_plan] built plan=3963 start=6992.50 horizon=15.00 frames=150 commit_frames=20[0m
[0m[INFO] [1788860008.250508204]: [sim_plan] built plan=3964 start=6994.50 horizon=15.00 frames=150 commit_frames=20[0m
[0m[INFO] [1788860008.255285621]: [sim_plan] built plan=3965 start=6996.50 horizon=15.00 frames=150 commit_frames=20[0m
[0m[INFO] [1788860008.257977349]: [sim_plan] built plan=3966 start=6998.50 horizon=15.00 frames=150 commit_frames=20[0m
[0m[INFO] [1788860008.259483085]: [sim_plan] built plan=3967 start=7000.50 horizon=15.00 frames=150 commit_frames=20[0m
[0m[INFO] [1788860008.260717208]: [sim_plan] built plan=3968 start=7002.50 horizon=15.00 frames=150 commit_frames=20[0m
[0m[INFO] [1788860008.261673668]: [sim_plan] built plan=3969 start=7004.50 horizon=15.00 frames=150 commit_frames=20[0m
[0m[INFO] [1788860008.262088629]: [multi_patrol][A1] V1 pickup leg: B9 -> A1  wpts=298 len=3.034[0m
[0m[INFO] [1788860008.267959731]: [sim_plan] built plan=3970 start=7004.70 horizon=15.00 frames=150 commit_frames=20[0m
[0m[INFO] [1788860008.274833357]: [sim_plan] built plan=3971 start=7006.70 horizon=15.00 frames=150 commit_frames=20[0m
[0m[INFO] [1788860008.285798500]: [sim_plan] built plan=3972 start=7008.70 horizon=15.00 frames=150 commit_frames=20[0m
[0m[INFO] [1788860008.290730240]: [sim_plan] built plan=3973 start=7010.70 horizon=15.00 frames=150 commit_frames=20[0m
[0m[INFO] [1788860008.297654919]: [multi_patrol][A1] V0 pickup leg: B46 -> A1  wpts=462 len=5.089[0m
[0m[INFO] [1788860008.311422477]: [sim_plan] built plan=3974 start=7012.40 horizon=15.00 frames=150 commit_frames=20[0m
[0m[INFO] [1788860008.325711569]: [sim_plan] built plan=3975 start=7014.40 horizon=15.00 frames=150 commit_frames=20[0m
[0m[INFO] [1788860008.336409891]: [sim_plan] built plan=3976 start=7016.40 horizon=15.00 frames=150 commit_frames=20[0m
[0m[INFO] [1788860008.346581772]: [sim_plan] built plan=3977 start=7018.40 horizon=15.00 frames=150[33m[WARN] [1788860008.387126769]: [multi_patrol][A1 EXIT HORIZON] V1 target=B27 dwell_part=4.90s departure_window=10.10s total_horizon=15.00s[0m
[33m[WARN] [1788860008.424995949]: [multi_patrol][A1 EXIT HORIZON] V1 target=B27 dwell_part=2.90s departure_window=12.10s total_horizon=15.00s[0m
[33m[WARN] [1788860008.464610152]: [multi_patrol][A1 EXIT HORIZON] V1 target=B27 dwell_part=0.90s departure_window=14.10s total_horizon=15.00s[0m
[33m[WARN] [1788860008.547876614]: [SOURCE=REAL] [plan=3983] [frame=13] [rollout_step=-1] [multi_patrol][A1 EXIT INTRUSION ENTER] owner=V1 target=B27 blocker=V0 dwell_remaining=0.00s visible_exit_t=14.95s owner_exit_s=2.987 blocker_phase=1 blocker_s=2.977 action=DIAG_ONLY[0m
[33m[WARN] [1788860008.579050257]: [SOURCE=REAL] [plan=3984] [frame=14] [rollout_step=-1] [multi_patrol][A1 EXIT INTRUSION CLEAR] owner=V1 blocker=V0[0m
[33m[WARN] [1788860008.705711387]: [multi_patrol][A1 EXIT HORIZON] V0 target=B8 dwell_part=4.90s departure_window=10.10s total_horizon=15.00s[0m
[33m[WARN] [1788860008.716613003]: [multi_patrol][A1 EXIT HORIZON] V0 target=B8 dwell_part=2.90s departure_window=12.10s total_horizon=15.00s[0m
[33m[WARN] [1788860008.730564317]: [multi_patrol][A1 EXIT HORIZON] V0 target=B8 dwell_part=0.90s departure_window=14.10s total_horizon=15.00s[0m
 commit_frames=20[0m
[0m[INFO] [1788860008.356999741]: [sim_plan] built plan=3978 start=7020.40 horizon=15.00 frames=150 commit_frames=20[0m
[0m[INFO] [1788860008.387080030]: [sim_plan] built plan=3979 start=7022.20 horizon=15.00 frames=150 commit_frames=20[0m
[0m[INFO] [1788860008.424947217]: [sim_plan] built plan=3980 start=7024.20 horizon=15.00 frames=150 commit_frames=20[0m
[0m[INFO] [1788860008.464556721]: [sim_plan] built plan=3981 start=7026.20 horizon=15.00 frames=150 commit_frames=20[0m
[0m[INFO] [1788860008.465854634]: [multi_patrol][A1] V1 activate prepared dropoff: A1 -> B27 len=7.516 priority_until_s=0.758[0m
[0m[INFO] [1788860008.504803939]: [sim_plan] built plan=3982 start=7027.10 horizon=15.00 frames=150 commit_frames=20[0m
[0m[INFO] [1788860008.546703658]: [sim_plan] built plan=3983 start=7029.10 horizon=15.00 frames=150 commit_frames=20[0m
[0m[INFO] [1788860008.577838327]: [sim_plan] built plan=3984 start=7031.10 horizon=15.00 frames=150 commit_frames=20[0m
[0m[INFO] [1788860008.579019729]: [multi_patrol][A1 EXIT PRIORITY RELEASE] V1 s=0.771 threshold=0.758[0m
[0m[INFO] [1788860008.603217527]: [sim_plan] built plan=3985 start=7033.10 horizon=15.00 frames=150 commit_frames=20[0m
[0m[INFO] [1788860008.622310306]: [sim_plan] built plan=3986 start=7035.10 horizon=15.00 frames=150 commit_frames=20[0m
[0m[INFO] [1788860008.639069128]: [sim_plan] built plan=3987 start=7037.10 horizon=15.00 frames=150 commit_frames=20[0m
[0m[INFO] [1788860008.650937981]: [sim_plan] built plan=3988 start=7039.10 horizon=15.00 frames=150 commit_frames=20[0m
[0m[INFO] [1788860008.662565804]: [sim_plan] built plan=3989 start=7041.10 horizon=15.00 frames=150 commit_frames=20[0m
[0m[INFO] [1788860008.671808863]: [sim_plan] built plan=3990 start=7043.10 horizon=15.00 frames=150 commit_frames=20[0m
[0m[INFO] [1788860008.680409143]: [sim_plan] built plan=3991 start=7045.10 horizon=15.00 frames=150 commit_frames=20[0m
[0m[INFO] [1788860008.688594715]: [sim_plan] built plan=3992 start=7047.10 horizon=15.00 frames=150 commit_frames=20[0m
[0m[INFO] [1788860008.697116406]: [sim_plan] built plan=3993 start=7049.10 horizon=15.00 frames=150 commit_frames=20[0m
[0m[INFO] [1788860008.705672714]: [sim_plan] built plan=3994 start=7049.30 horizon=15.00 frames=150 commit_frames=20[0m
[0m[INFO] [1788860008.716565232]: [sim_plan] built plan=3995 start=7051.30 horizon=15.00 frames=150 commit_frames=20[0m
[0m[INFO] [1788860008.730518059]: [sim_plan] built plan=3996 start=7053.30 horizon=15.00 frames=150 commit_frames=20[0m
[0m[INFO] [1788860008.731684502]: [multi_patrol][A1] V0 activate prepared dropoff: A1 -> B8 len=2.336 priority_until_s=0.756[0m
[0m[INFO] [1788860008.745392835]: [sim_plan] built plan=3997 start=7054.20 horizon=15.00 frames=150 commit_frames=20[0m
[0m[INFO] [1788860008.760639837]: [sim_plan] built plan=3998 start=7056.20 horizon=15.00 frames=150 commit_frames=20[0m
[0m[INFO] [1788860008.770838971]: [sim_plan] built plan=3999 start=7058.20 horizon=15.00 frames=150 commit_frames=20[0m
[0m[INFO] [1788860008.771510715]: [multi_patrol][A1 EXIT PRIORITY RELEASE] V0 s=0.768 threshold=0.756[0m
[0m[INFO] [1788860008.779203703]: [sim_plan] built plan=4000 start=7060.20 horizon=15.00 frames=150 commit_frames=20[0m
[0m[INFO] [1788860008.784996366]: [sim_plan] built plan=4001 start=7062.20 horizon=15.00 frames=150 commit_frames=20[0m
[0m[INFO] [1788860008.789402517]: [sim_plan] built plan=4002 start=7064.20 horizon=15.00 frames=150 commit_frames=20[0m
[0m[INFO] [1788860008.792183354]: [sim_plan] built plan=4003 start=7066.20 horizon=15.00 frames=150 commit_frames=20[0m
[0m[INFO] [1788860008.793517415]: [sim_plan] built plan=4004 start=7068.20 horizon=15.00 frames=150 commit_frames=20[0m
[0m[INFO] [1788860008.794381334]: [sim_plan] built plan=4005 start=7070.20 horizon=15.00 frames=150 commit_frames=20[0m
[0m[INFO] [1788860008.795220045]: [sim_plan] built plan=4006 start=7072.20 horizon=15.00 frames=150 commit_frames=20[0m
[0m[INFO] [1788860008.795556423]: [multi_patrol][A1] V0 pick[33m[WARN] [1788860008.795774649]: [SLOT_DEPARTURE] time=117min53.3s vehicle=V0 owner=none result=ALLOW reason=no_service_owner candidate_path_gen=191 slot_departure_clear_s=0.346 vehicle_mode=ACTIVE vehicle_speed=0.000 vehicle_path_s=0.000 blocker=none a1_prefix_conflict=0 ordinary_road_conflict=0[0m
[33m[WARN] [1788860008.796178976]: [multi_patrol][A1 EXIT PREPARED] V0 target=B40 pickup_dwell=5.00s exit_len=6.060 priority_until_s=0.758 horizon_refresh=IMMEDIATE[0m
[33m[WARN] [1788860008.815558929]: [SLOT_DEPARTURE] time=117min55.7s vehicle=V1 owner=V0 result=ALLOW reason=slot_departure_clear candidate_path_gen=173 slot_departure_clear_s=0.327 vehicle_mode=ACTIVE vehicle_speed=0.000 vehicle_path_s=0.000 blocker=none a1_prefix_conflict=0 ordinary_road_conflict=0 owner_phase=TO_A1 owner_path_gen=191 geometry=pending_preview protected_zones=0 actual_occupancy_priority=0 spatial_stop_launch_infeasible=0 waiter_stop_s=4.000[0m
[33m[WARN] [1788860008.816117275]: [multi_patrol][A1 EXIT PREPARED] V1 target=B1 pickup_dwell=5.00s exit_len=2.336 priority_until_s=0.756 horizon_refresh=IMMEDIATE[0m
[33m[WARN] [1788860008.936575738]: [multi_patrol][A1 EXIT HORIZON] V0 target=B40 dwell_part=4.90s departure_window=10.10s total_horizon=15.00s[0m
[33m[WARN] [1788860008.970921963]: [multi_patrol][A1 EXIT HORIZON] V0 target=B40 dwell_part=2.90s departure_window=12.10s total_horizon=15.00s[0m
[33m[WARN] [1788860009.008550217]: [multi_patrol][A1 EXIT HORIZON] V0 target=B40 dwell_part=0.90s departure_window=14.10s total_horizon=15.00s[0m
[33m[WARN] [1788860009.055218360]: [SOURCE=REAL] [plan=4019] [frame=19] [rollout_step=-1] [multi_patrol][A1 EXIT INTRUSION ENTER] owner=V0 target=B40 blocker=V1 dwell_remaining=0.00s visible_exit_t=14.95s owner_exit_s=2.787 blocker_phase=1 blocker_s=3.501 action=DIAG_ONLY[0m
[33m[WARN] [1788860009.115509228]: [SOURCE=REAL] [plan=4021] [frame=2] [rollout_step=-1] [multi_patrol][A1 EXIT INTRUSION CLEAR] owner=V0 blocker=V1[0m
[33m[WARN] [1788860009.249696327]: [multi_patrol][A1 EXIT HORIZON] V1 target=B1 dwell_part=4.90s departure_window=10.10s total_horizon=15.00s[0m
[33m[WARN] [1788860009.260281682]: [multi_patrol][A1 EXIT HORIZON] V1 target=B1 dwell_part=2.90s departure_window=12.10s total_horizon=15.00s[0m
[33m[WARN] [1788860009.272937648]: [multi_patrol][A1 EXIT HORIZON] V1 target=B1 dwell_part=0.90s departure_window=14.10s total_horizon=15.00s[0m
up leg: B8 -> A1  wpts=276 len=2.815[0m
[0m[INFO] [1788860008.799600136]: [sim_plan] built plan=4007 start=7073.30 horizon=15.00 frames=150 commit_frames=20[0m
[0m[INFO] [1788860008.809275766]: [sim_plan] built plan=4008 start=7075.30 horizon=15.00 frames=150 commit_frames=20[0m
[0m[INFO] [1788860008.815481492]: [multi_patrol][A1] V1 pickup leg: B27 -> A1  wpts=469 len=5.444[0m
[0m[INFO] [1788860008.833058186]: [sim_plan] built plan=4009 start=7075.70 horizon=15.00 frames=150 commit_frames=20[0m
[0m[INFO] [1788860008.850212477]: [sim_plan] built plan=4010 start=7077.70 horizon=15.00 frames=150 commit_frames=20[0m
[0m[INFO] [1788860008.863255968]: [sim_plan] built plan=4011 start=7079.70 horizon=15.00 frames=150 commit_frames=20[0m
[0m[INFO] [1788860008.875837383]: [sim_plan] built plan=4012 start=7081.70 horizon=15.00 frames=150 commit_frames=20[0m
[0m[INFO] [1788860008.886817989]: [sim_plan] built plan=4013 start=7083.70 horizon=15.00 frames=150 commit_frames=20[0m
[0m[INFO] [1788860008.897642689]: [sim_plan] built plan=4014 start=7085.70 horizon=15.00 frames=150 commit_frames=20[0m
[0m[INFO] [1788860008.908094983]: [sim_plan] built plan=4015 start=7087.70 horizon=15.00 frames=150 commit_frames=20[0m
[0m[INFO] [1788860008.936538116]: [sim_plan] built plan=4016 start=7089.70 horizon=15.00 frames=150 commit_frames=20[0m
[0m[INFO] [1788860008.970883921]: [sim_plan] built plan=4017 start=7091.70 horizon=15.00 frames=150 commit_frames=20[0m
[0m[INFO] [1788860009.008500332]: [sim_plan] built plan=4018 start=7093.70 horizon=15.00 frames=150 commit_frames=20[0m
[0m[INFO] [1788860009.009963737]: [multi_patrol][A1] V0 activate prepared dropoff: A1 -> B40 len=6.060 priority_until_s=0.758[0m
[0m[INFO] [1788860009.046288598]: [sim_plan] built plan=4019 start=7094.60 horizon=15.00 frames=150 commit_frames=20[0m
[0m[INFO] [1788860009.086583818]: [sim_plan] built plan=4020 start=7096.60 horizon=15.00 frames=150 commit_frames=20[0m
[0m[INFO] [1788860009.114937843]: [sim_plan] built plan=4021 start=7098.60 horizon=15.00 frames=150 commit_frames=20[0m
[0m[INFO] [1788860009.116675952]: [multi_patrol][A1 EXIT PRIORITY RELEASE] V0 s=0.771 threshold=0.758[0m
[0m[INFO] [1788860009.139594962]: [sim_plan] built plan=4022 start=7100.60 horizon=15.00 frames=150 commit_frames=20[0m
[0m[INFO] [1788860009.160657518]: [sim_plan] built plan=4023 start=7102.60 horizon=15.00 frames=150 commit_frames=20[0m
[0m[INFO] [1788860009.177737841]: [sim_plan] built plan=4024 start=7104.60 horizon=15.00 frames=150 commit_frames=20[0m
[0m[INFO] [1788860009.190872744]: [sim_plan] built plan=4025 start=7106.60 horizon=15.00 frames=150 commit_frames=20[0m
[0m[INFO] [1788860009.202211151]: [sim_plan] built plan=4026 start=7108.60 horizon=15.00 frames=150 commit_frames=20[0m
[0m[INFO] [1788860009.212538638]: [sim_plan] built plan=4027 start=7110.60 horizon=15.00 frames=150 commit_frames=20[0m
[0m[INFO] [1788860009.222465695]: [sim_plan] built plan=4028 start=7112.60 horizon=15.00 frames=150 commit_frames=20[0m
[0m[INFO] [1788860009.231537599]: [sim_plan] built plan=4029 start=7114.60 horizon=15.00 frames=150 commit_frames=20[0m
[0m[INFO] [1788860009.240782601]: [sim_plan] built plan=4030 start=7116.60 horizon=15.00 frames=150 commit_frames=20[0m
[0m[INFO] [1788860009.249653266]: [sim_plan] built plan=4031 start=7116.80 horizon=15.00 frames=150 commit_frames=20[0m
[0m[INFO] [1788860009.260237609]: [sim_plan] built plan=4032 start=7118.80 horizon=15.00 frames=150 commit_frames=20[0m
[0m[INFO] [1788860009.272885870]: [sim_plan] built plan=4033 start=7120.80 horizon=15.00 frames=150 commit_frames=20[0m
[0m[INFO] [1788860009.274188982]: [multi_patrol][A1] V1 activate prepared dropoff: A1 -> B1 len=2.336 priority_until_s=0.756[0m
[0m[INFO] [1788860009.284663539]: [sim_plan] built plan=4034 start=7121.70 horizon=15.00 frames=150 commit_frames=20[0m
[0m[INFO] [1788860009.295759705]: [sim_plan] built plan=4035 start=7123.70 horizon=15.00 frames=150 commit_frames=20[0m
[0m[INFO] [1788860009.302287663]: [sim_plan] [33m[WARN] [1788860009.338680429]: [SLOT_DEPARTURE] time=118min55.7s vehicle=V0 owner=none result=ALLOW reason=no_service_owner candidate_path_gen=193 slot_departure_clear_s=0.327 vehicle_mode=ACTIVE vehicle_speed=0.000 vehicle_path_s=0.000 blocker=none a1_prefix_conflict=0 ordinary_road_conflict=0[0m
[33m[WARN] [1788860009.339125274]: [multi_patrol][A1 EXIT PREPARED] V0 target=B31 pickup_dwell=5.00s exit_len=6.891 priority_until_s=0.758 horizon_refresh=IMMEDIATE[0m
[33m[WARN] [1788860009.352198192]: [SLOT_DEPARTURE] time=119min0.8s vehicle=V1 owner=none result=ALLOW reason=no_service_owner candidate_path_gen=175 slot_departure_clear_s=0.346 vehicle_mode=ACTIVE vehicle_speed=0.000 vehicle_path_s=0.000 blocker=none a1_prefix_conflict=0 ordinary_road_conflict=0[0m
[33m[WARN] [1788860009.352565898]: [multi_patrol][A1 EXIT PREPARED] V1 target=B50 pickup_dwell=5.00s exit_len=6.993 priority_until_s=0.758 horizon_refresh=IMMEDIATE[0m
[33m[WARN] [1788860009.535013476]: [multi_patrol][A1 EXIT HORIZON] V1 target=B50 dwell_part=4.90s departure_window=10.10s total_horizon=15.00s[0m
[33m[WARN] [1788860009.553626817]: [multi_patrol][A1 EXIT HORIZON] V1 target=B50 dwell_part=2.90s departure_window=12.10s total_horizon=15.00s[0m
[33m[WARN] [1788860009.575272241]: [multi_patrol][A1 EXIT HORIZON] V1 target=B50 dwell_part=0.90s departure_window=14.10s total_horizon=15.00s[0m
[33m[WARN] [1788860009.698166402]: [multi_patrol][A1 EXIT HORIZON] V0 target=B31 dwell_part=4.90s departure_window=10.10s total_horizon=15.00s[0m
built plan=4036 start=7125.70 horizon=15.00 frames=150 commit_frames=20[0m
[0m[INFO] [1788860009.303407406]: [multi_patrol][A1 EXIT PRIORITY RELEASE] V1 s=0.768 threshold=0.756[0m
[0m[INFO] [1788860009.307079236]: [sim_plan] built plan=4037 start=7127.70 horizon=15.00 frames=150 commit_frames=20[0m
[0m[INFO] [1788860009.309343602]: [sim_plan] built plan=4038 start=7129.70 horizon=15.00 frames=150 commit_frames=20[0m
[0m[INFO] [1788860009.310742068]: [sim_plan] built plan=4039 start=7131.70 horizon=15.00 frames=150 commit_frames=20[0m
[0m[INFO] [1788860009.338148897]: [sim_plan] built plan=4040 start=7133.70 horizon=15.00 frames=150 commit_frames=20[0m
[0m[INFO] [1788860009.338644421]: [multi_patrol][A1] V0 pickup leg: B40 -> A1  wpts=533 len=5.803[0m
[0m[INFO] [1788860009.342885670]: [sim_plan] built plan=4041 start=7135.70 horizon=15.00 frames=150 commit_frames=20[0m
[0m[INFO] [1788860009.348563294]: [sim_plan] built plan=4042 start=7137.70 horizon=15.00 frames=150 commit_frames=20[0m
[0m[INFO] [1788860009.351639310]: [sim_plan] built plan=4043 start=7139.70 horizon=15.00 frames=150 commit_frames=20[0m
[0m[INFO] [1788860009.352165540]: [multi_patrol][A1] V1 pickup leg: B1 -> A1  wpts=276 len=2.815[0m
[0m[INFO] [1788860009.369654154]: [sim_plan] built plan=4044 start=7140.80 horizon=15.00 frames=150 commit_frames=20[0m
[0m[INFO] [1788860009.397872492]: [sim_plan] built plan=4045 start=7142.80 horizon=15.00 frames=150 commit_frames=20[0m
[0m[INFO] [1788860009.415249827]: [sim_plan] built plan=4046 start=7144.80 horizon=15.00 frames=150 commit_frames=20[0m
[0m[INFO] [1788860009.430086800]: [sim_plan] built plan=4047 start=7146.80 horizon=15.00 frames=150 commit_frames=20[0m
[0m[INFO] [1788860009.443616052]: [sim_plan] built plan=4048 start=7148.80 horizon=15.00 frames=150 commit_frames=20[0m
[0m[INFO] [1788860009.455222117]: [sim_plan] built plan=4049 start=7150.80 horizon=15.00 frames=150 commit_frames=20[0m
[0m[INFO] [1788860009.474457758]: [sim_plan] built plan=4050 start=7152.80 horizon=15.00 frames=150 commit_frames=20[0m
[0m[INFO] [1788860009.498992424]: [sim_plan] built plan=4051 start=7154.80 horizon=15.00 frames=150 commit_frames=20[0m
[0m[INFO] [1788860009.516323330]: [sim_plan] built plan=4052 start=7156.80 horizon=15.00 frames=150 commit_frames=20[0m
[0m[INFO] [1788860009.534970925]: [sim_plan] built plan=4053 start=7157.20 horizon=15.00 frames=150 commit_frames=20[0m
[0m[INFO] [1788860009.553576442]: [sim_plan] built plan=4054 start=7159.20 horizon=15.00 frames=150 commit_frames=20[0m
[0m[INFO] [1788860009.575230612]: [sim_plan] built plan=4055 start=7161.20 horizon=15.00 frames=150 commit_frames=20[0m
[0m[INFO] [1788860009.576410386]: [multi_patrol][A1] V1 activate prepared dropoff: A1 -> B50 len=6.993 priority_until_s=0.758[0m
[0m[INFO] [1788860009.598023451]: [sim_plan] built plan=4056 start=7162.10 horizon=15.00 frames=150 commit_frames=20[0m
[0m[INFO] [1788860009.624532536]: [sim_plan] built plan=4057 start=7164.10 horizon=15.00 frames=150 commit_frames=20[0m
[0m[INFO] [1788860009.638533262]: [sim_plan] built plan=4058 start=7166.10 horizon=15.00 frames=150 commit_frames=20[0m
[0m[INFO] [1788860009.639593073]: [multi_patrol][A1 EXIT PRIORITY RELEASE] V1 s=0.771 threshold=0.758[0m
[0m[INFO] [1788860009.651128153]: [sim_plan] built plan=4059 start=7168.10 horizon=15.00 frames=150 commit_frames=20[0m
[0m[INFO] [1788860009.662177622]: [sim_plan] built plan=4060 start=7170.10 horizon=15.00 frames=150 commit_frames=20[0m
[0m[INFO] [1788860009.671825928]: [sim_plan] built plan=4061 start=7172.10 horizon=15.00 frames=150 commit_frames=20[0m
[0m[INFO] [1788860009.680843460]: [sim_plan] built plan=4062 start=7174.10 horizon=15.00 frames=150 commit_frames=20[0m
[0m[INFO] [1788860009.689439852]: [sim_plan] built plan=4063 start=7176.10 horizon=15.00 frames=150 commit_frames=20[0m
[0m[INFO] [1788860009.698126145]: [sim_plan] built plan=4064 start=7176.70 horizon=15.00 frames=150 commit_frames=20[0m
[0m[INFO] [1788860009.709273296]: [sim_plan] built pl[33m[WARN] [1788860009.709605841]: [multi_patrol][A1 EXIT HORIZON] V0 target=B31 dwell_part=2.90s departure_window=12.10s total_horizon=15.00s[0m
[33m[WARN] [1788860009.724587506]: [multi_patrol][A1 EXIT HORIZON] V0 target=B31 dwell_part=0.90s departure_window=14.10s total_horizon=15.00s[0m
[33m[WARN] [1788860009.866014934]: [stress] PASS seed=2025 ticks=72000 sim_t=7200.000[0m
an=4065 start=7178.70 horizon=15.00 frames=150 commit_frames=20[0m
[0m[INFO] [1788860009.724545586]: [sim_plan] built plan=4066 start=7180.70 horizon=15.00 frames=150 commit_frames=20[0m
[0m[INFO] [1788860009.725722416]: [multi_patrol][A1] V0 activate prepared dropoff: A1 -> B31 len=6.891 priority_until_s=0.758[0m
[0m[INFO] [1788860009.740010913]: [sim_plan] built plan=4067 start=7181.60 horizon=15.00 frames=150 commit_frames=20[0m
[0m[INFO] [1788860009.767991309]: [sim_plan] built plan=4068 start=7183.60 horizon=15.00 frames=150 commit_frames=20[0m
[0m[INFO] [1788860009.784113402]: [sim_plan] built plan=4069 start=7185.60 horizon=15.00 frames=150 commit_frames=20[0m
[0m[INFO] [1788860009.785170638]: [multi_patrol][A1 EXIT PRIORITY RELEASE] V0 s=0.771 threshold=0.758[0m
[0m[INFO] [1788860009.800712689]: [sim_plan] built plan=4070 start=7187.60 horizon=15.00 frames=150 commit_frames=20[0m
[0m[INFO] [1788860009.816338825]: [sim_plan] built plan=4071 start=7189.60 horizon=15.00 frames=150 commit_frames=20[0m
[0m[INFO] [1788860009.828809602]: [sim_plan] built plan=4072 start=7191.60 horizon=15.00 frames=150 commit_frames=20[0m
[0m[INFO] [1788860009.839073264]: [sim_plan] built plan=4073 start=7193.60 horizon=15.00 frames=150 commit_frames=20[0m
[0m[INFO] [1788860009.849289580]: [sim_plan] built plan=4074 start=7195.60 horizon=15.00 frames=150 commit_frames=20[0m
[0m[INFO] [1788860009.857470625]: [sim_plan] built plan=4075 start=7197.60 horizon=15.00 frames=150 commit_frames=20[0m
[0m[INFO] [1788860009.863714925]: [sim_plan] built plan=4076 start=7199.60 horizon=15.00 frames=150 commit_frames=20[0m
[0m[INFO] [1788860009.863990833]: [batch] 72000/72000 ticks (sim_t=7200s) hard_guard=0[0m
