[33m[WARN] [1789384225.223764894]: [multi_patrol] coordination log: /mnt/d/desktop/叉车/src/forklift_planner/logs/EXP-A1-REVIEW-20260914/coordination.log[0m
[33m[WARN] [1789384225.226937635]: [planner][row1-debug] route=B_TO_A1 debug_rev=row1_aux_lane_to_a1_v2 src=0 tgt=101 src_corr=1 tgt_corr=1 target=(1.250,4.100 th=90.0deg) mode=auto terminal_reverse=0 near_gap=0.584 far_gap=0.304 horiz=0.000 min_x=0.676[0m
[33m[WARN] [1789384225.227515347]: [planner][row1-debug] initial_reverse tgt=101 same_corr=1 start_to_right=0 start_lane_y=3.791 forward_heading=180.0deg reverse_end_dir=(0.0deg) desired_end_x=1.848 actual_end=(2.148,3.791) reverse_origin=(0.124,4.375) curve_start=(0.124,4.129) curve_pts=56 direct_ok=1[0m
[33m[WARN] [1789384225.229118416]: [planner][row1-debug] skeleton tgt=101 points=3 terminal_reverse=0 goal_lane_y=3.791 terminal_stop_y=4.100 final_ref_x=1.250[0m
[33m[WARN] [1789384225.229286957]: [planner][row1-debug] skeleton[0]=(2.148,3.791)[0m
[33m[WARN] [1789384225.229487913]: [planner][row1-debug] skeleton[1]=(1.250,3.791)[0m
[33m[WARN] [1789384225.229699947]: [planner][row1-debug] skeleton[2]=(1.250,4.301)[0m
[33m[WARN] [1789384225.230100686]: [planner][row1-debug] prepend enter src=0 row1_upper=0 raw_pts=242 a_rev=(0.124,4.301) b=(2.148,3.791) path_front=(2.148,3.791 180.0deg type=0)[0m
[33m[WARN] [1789384225.230562972]: [planner][row1-debug] route=B_TO_A1 debug_rev=row1_aux_lane_to_a1_v2 src=1 tgt=101 src_corr=1 tgt_corr=1 target=(1.250,4.100 th=90.0deg) mode=auto terminal_reverse=0 near_gap=0.584 far_gap=0.304 horiz=0.000 min_x=0.676[0m
[33m[WARN] [1789384225.230718397]: [planner][row1-debug] initial_reverse tgt=101 same_corr=1 start_to_right=0 start_lane_y=3.791 forward_heading=180.0deg reverse_end_dir=(0.0deg) desired_end_x=1.848 actual_end=(2.148,3.791) reverse_origin=(0.343,4.375) curve_start=(0.343,4.129) curve_pts=56 direct_ok=1[0m
[33m[WARN] [1789384225.230873062]: [planner][row1-debug] skeleton tgt=101 points=3 terminal_reverse=0 goal_lane_y=3.791 terminal_stop_y=4.100 final_ref_x=1.250[0m
[33m[WARN] [1789384225.231030041]: [planner][row1-debug] skeleton[0]=(2.148,3.791)[0m
[33m[WARN] [1789384225.231185554]: [planner][row1-debug] skeleton[1]=(1.250,3.791)[0m
[33m[WARN] [1789384225.231341010]: [planner][row1-debug] skeleton[2]=(1.250,4.301)[0m
[33m[WARN] [1789384225.231580782]: [planner][row1-debug] prepend enter src=1 row1_upper=0 raw_pts=220 a_rev=(0.343,4.301) b=(2.148,3.791) path_front=(2.148,3.791 180.0deg type=0)[0m
[33m[WARN] [1789384225.231882210]: [planner][row1-debug] route=B_TO_A1 debug_rev=row1_aux_lane_to_a1_v2 src=2 tgt=101 src_corr=1 tgt_corr=1 target=(1.250,4.100 th=90.0deg) mode=auto terminal_reverse=0 near_gap=0.584 far_gap=0.304 horiz=0.000 min_x=0.676[0m
[33m[WARN] [1789384225.232045570]: [planner][row1-debug] initial_reverse tgt=101 same_corr=1 start_to_right=0 start_lane_y=3.791 forward_heading=180.0deg reverse_end_dir=(0.0deg) desired_end_x=1.848 actual_end=(2.148,3.791) reverse_origin=(0.562,4.375) curve_start=(0.562,4.129) curve_pts=56 direct_ok=1[0m
[33m[WARN] [1789384225.232202873]: [planner][row1-debug] skeleton tgt=101 points=3 terminal_reverse=0 goal_lane_y=3.791 terminal_stop_y=4.100 final_ref_x=1.250[0m
[33m[WARN] [1789384225.232356069]: [planner][row1-debug] skeleton[0]=(2.148,3.791)[0m
[33m[WARN] [1789384225.232514875]: [planner][row1-debug] skeleton[1]=(1.250,3.791)[0m
[33m[WARN] [1789384225.232668725]: [planner][row1-debug] skeleton[2]=(1.250,4.301)[0m
[33m[WARN] [1789384225.232903752]: [planner][row1-debug] prepend enter src=2 row1_upper=0 raw_pts=198 a_rev=(0.562,4.301) b=(2.148,3.791) path_front=(2.148,3.791 180.0deg type=0)[0m
[33m[WARN] [1789384225.233223389]: [planner][row1-debug] route=B_TO_A1 debug_rev=row1_aux_lane_to_a1_v2 src=3 tgt=101 src_corr=1 tgt_corr=1 target=(1.250,4.100 th=90.0deg) mode=auto terminal_reverse=0 near_gap=0.584 far_gap=0.304 horiz=0.000 min_x=0.676[0m
[33m[WARN] [1789384225.233380293]: [planner][row1-debug] initial_reverse tgt=101 same_corr=1 start_to_right=0 start_lane_y=3.791 forward_heading=180.0deg reverse_end_dir=(0.0deg) desired_end_x=1.848 actual_end=(2.148,3.791) reverse_origin=(0.782,4.375) curve_start=(0.782,4.129) curve_pts=56 direct_ok=1[0m
[33m[WARN] [1789384225.233559216]: [planner][row1-debug] skeleton tgt=101 points=3 terminal_reverse=0 goal_lane_y=3.791 terminal_stop_y=4.100 final_ref_x=1.250[0m
[33m[WARN] [1789384225.233715160]: [planner][row1-debug] skeleton[0]=(2.148,3.791)[0m
[33m[WARN] [1789384225.233866330]: [planner][row1-debug] skeleton[1]=(1.250,3.791)[0m
[33m[WARN] [1789384225.234018490]: [planner][row1-debug] skeleton[2]=(1.250,4.301)[0m
[33m[WARN] [1789384225.234302010]: [planner][row1-debug] prepend enter src=3 row1_upper=0 raw_pts=176 a_rev=(0.782,4.301) b=(2.148,3.791) path_front=(2.148,3.791 180.0deg type=0)[0m
[33m[WARN] [1789384225.234612536]: [planner][row1-debug] route=B_TO_A1 debug_rev=row1_aux_lane_to_a1_v2 src=4 tgt=101 src_corr=1 tgt_corr=1 target=(1.250,4.100 th=90.0deg) mode=auto terminal_reverse=0 near_gap=0.584 far_gap=0.304 horiz=0.000 min_x=0.676[0m
[33m[WARN] [1789384225.234809916]: [planner][row1-debug] initial_reverse tgt=101 same_corr=1 start_to_right=0 start_lane_y=3.791 forward_heading=180.0deg reverse_end_dir=(0.0deg) desired_end_x=1.848 actual_end=(2.148,3.791) reverse_origin=(1.001,4.375) curve_start=(1.001,4.129) curve_pts=56 direct_ok=1[0m
[33m[WARN] [1789384225.234978327]: [planner][row1-debug] skeleton tgt=101 points=3 terminal_reverse=0 goal_lane_y=3.791 terminal_stop_y=4.100 final_ref_x=1.250[0m
[33m[WARN] [1789384225.235153788]: [planner][row1-debug] skeleton[0]=(2.148,3.791)[0m
[33m[WARN] [1789384225.235315075]: [planner][row1-debug] skeleton[1]=(1.250,3.791)[0m
[33m[WARN] [1789384225.235477082]: [planner][row1-debug] skeleton[2]=(1.250,4.301)[0m
[33m[WARN] [1789384225.235799268]: [planner][row1-debug] prepend enter src=4 row1_upper=0 raw_pts=154 a_rev=(1.001,4.301) b=(2.148,3.791) path_front=(2.148,3.791 180.0deg type=0)[0m
[33m[WARN] [1789384225.236098035]: [planner][row1-debug] route=B_TO_A1 debug_rev=row1_aux_lane_to_a1_v2 src=5 tgt=101 src_corr=1 tgt_corr=1 target=(1.250,4.100 th=90.0deg) mode=auto terminal_reverse=0 near_gap=0.584 far_gap=0.304 horiz=0.000 min_x=0.676[0m
[33m[WARN] [1789384225.236260297]: [planner][row1-debug] initial_reverse tgt=101 same_corr=1 start_to_right=1 start_lane_y=3.791 forward_heading=0.0deg reverse_end_dir=(180.0deg) desired_end_x=0.652 actual_end=(0.352,3.791) reverse_origin=(1.499,4.375) curve_start=(1.499,4.129) curve_pts=56 direct_ok=1[0m
[33m[WARN] [1789384225.236416029]: [planner][row1-debug] skeleton tgt=101 points=3 terminal_reverse=0 goal_lane_y=3.791 terminal_stop_y=4.100 final_ref_x=1.250[0m
[33m[WARN] [1789384225.236576890]: [planner][row1-debug] skeleton[0]=(0.352,3.791)[0m
[33m[WARN] [1789384225.236730536]: [planner][row1-debug] skeleton[1]=(1.250,3.791)[0m
[33m[WARN] [1789384225.236884648]: [planner][row1-debug] skeleton[2]=(1.250,4.301)[0m
[33m[WARN] [1789384225.237116846]: [planner][row1-debug] prepend enter src=5 row1_upper=0 raw_pts=154 a_rev=(1.499,4.301) b=(0.352,3.791) path_front=(0.352,3.791 0.0deg type=0)[0m
[33m[WARN] [1789384225.237407971]: [planner][row1-debug] route=B_TO_A1 debug_rev=row1_aux_lane_to_a1_v2 src=6 tgt=101 src_corr=1 tgt_corr=1 target=(1.250,4.100 th=90.0deg) mode=auto terminal_reverse=0 near_gap=0.584 far_gap=0.304 horiz=0.000 min_x=0.676[0m
[33m[WARN] [1789384225.237577252]: [planner][row1-debug] initial_reverse tgt=101 same_corr=1 start_to_right=1 start_lane_y=3.791 forward_heading=0.0deg reverse_end_dir=(180.0deg) desired_end_x=0.652 actual_end=(0.352,3.791) reverse_origin=(1.718,4.375) curve_start=(1.718,4.129) curve_pts=56 direct_ok=1[0m
[33m[WARN] [1789384225.237734013]: [planner][row1-debug] skeleton tgt=101 points=3 terminal_reverse=0 goal_lane_y=3.791 terminal_stop_y=4.100 final_ref_x=1.250[0m
[33m[WARN] [1789384225.238010886]: [planner][row1-debug] skeleton[0]=(0.352,3.791)[0m
[33m[WARN] [1789384225.238161216]: [planner][row1-debug] skeleton[1]=(1.250,3.791)[0m
[33m[WARN] [1789384225.238323686]: [planner][row1-debug] skeleton[2]=(1.250,4.301)[0m
[33m[WARN] [1789384225.238576004]: [planner][row1-debug] prepend enter src=6 row1_upper=0 raw_pts=176 a_rev=(1.718,4.301) b=(0.352,3.791) path_front=(0.352,3.791 0.0deg type=0)[0m
[33m[WARN] [1789384225.238860424]: [planner][row1-debug] route=B_TO_A1 debug_rev=row1_aux_lane_to_a1_v2 src=7 tgt=101 src_corr=1 tgt_corr=1 target=(1.250,4.100 th=90.0deg) mode=auto terminal_reverse=0 near_gap=0.584 far_gap=0.304 horiz=0.000 min_x=0.676[0m
[33m[WARN] [1789384225.239016051]: [planner][row1-debug] initial_reverse tgt=101 same_corr=1 start_to_right=1 start_lane_y=3.791 forward_heading=0.0deg reverse_end_dir=(180.0deg) desired_end_x=0.652 actual_end=(0.352,3.791) reverse_origin=(1.938,4.375) curve_start=(1.938,4.129) curve_pts=56 direct_ok=1[0m
[33m[WARN] [1789384225.239189911]: [planner][row1-debug] skeleton tgt=101 points=3 terminal_reverse=0 goal_lane_y=3.791 terminal_stop_y=4.100 final_ref_x=1.250[0m
[33m[WARN] [1789384225.239339311]: [planner][row1-debug] skeleton[0]=(0.352,3.791)[0m
[33m[WARN] [1789384225.239492250]: [planner][row1-debug] skeleton[1]=(1.250,3.791)[0m
[33m[WARN] [1789384225.239664002]: [planner][row1-debug] skeleton[2]=(1.250,4.301)[0m
[33m[WARN] [1789384225.239891701]: [planner][row1-debug] prepend enter src=7 row1_upper=0 raw_pts=198 a_rev=(1.938,4.301) b=(0.352,3.791) path_front=(0.352,3.791 0.0deg type=0)[0m
[33m[WARN] [1789384225.240190740]: [planner][row1-debug] route=B_TO_A1 debug_rev=row1_aux_lane_to_a1_v2 src=8 tgt=101 src_corr=1 tgt_corr=1 target=(1.250,4.100 th=90.0deg) mode=auto terminal_reverse=0 near_gap=0.584 far_gap=0.304 horiz=0.000 min_x=0.676[0m
[33m[WARN] [1789384225.240347361]: [planner][row1-debug] initial_reverse tgt=101 same_corr=1 start_to_right=1 start_lane_y=3.791 forward_heading=0.0deg reverse_end_dir=(180.0deg) desired_end_x=0.652 actual_end=(0.352,3.791) reverse_origin=(2.157,4.375) curve_start=(2.157,4.129) curve_pts=56 direct_ok=1[0m
[33m[WARN] [1789384225.240501403]: [planner][row1-debug] skeleton tgt=101 points=3 terminal_reverse=0 goal_lane_y=3.791 terminal_stop_y=4.100 final_ref_x=1.250[0m
[33m[WARN] [1789384225.240658903]: [planner][row1-debug] skeleton[0]=(0.352,3.791)[0m
[33m[WARN] [1789384225.240814734]: [planner][row1-debug] skeleton[1]=(1.250,3.791)[0m
[33m[WARN] [1789384225.241057791]: [planner][row1-debug] skeleton[2]=(1.250,4.301)[0m
[33m[WARN] [1789384225.241283473]: [planner][row1-debug] prepend enter src=8 row1_upper=0 raw_pts=220 a_rev=(2.157,4.301) b=(0.352,3.791) path_front=(0.352,3.791 0.0deg type=0)[0m
[33m[WARN] [1789384225.241571901]: [planner][row1-debug] route=B_TO_A1 debug_rev=row1_aux_lane_to_a1_v2 src=9 tgt=101 src_corr=1 tgt_corr=1 target=(1.250,4.100 th=90.0deg) mode=auto terminal_reverse=0 near_gap=0.584 far_gap=0.304 horiz=0.000 min_x=0.676[0m
[33m[WARN] [1789384225.241727333]: [planner][row1-debug] initial_reverse tgt=101 same_corr=1 start_to_right=1 start_lane_y=3.791 forward_heading=0.0deg reverse_end_dir=(180.0deg) desired_end_x=0.652 actual_end=(0.352,3.791) reverse_origin=(2.376,4.375) curve_start=(2.376,4.129) curve_pts=56 direct_ok=1[0m
[33m[WARN] [1789384225.241882512]: [planner][row1-debug] skeleton tgt=101 points=3 terminal_reverse=0 goal_lane_y=3.791 terminal_stop_y=4.100 final_ref_x=1.250[0m
[33m[WARN] [1789384225.242038568]: [planner][row1-debug] skeleton[0]=(0.352,3.791)[0m
[33m[WARN] [1789384225.242191344]: [planner][row1-debug] skeleton[1]=(1.250,3.791)[0m
[33m[WARN] [1789384225.242342491]: [planner][row1-debug] skeleton[2]=(1.250,4.301)[0m
[33m[WARN] [1789384225.242572706]: [planner][row1-debug] prepend enter src=9 row1_upper=0 raw_pts=242 a_rev=(2.376,4.301) b=(0.352,3.791) path_front=(0.352,3.791 0.0deg type=0)[0m
[33m[WARN] [1789384225.242857388]: [planner][row1-debug] route=B_TO_A1 debug_rev=row1_aux_lane_to_a1_v2 src=10 tgt=101 src_corr=1 tgt_corr=1 target=(1.250,4.100 th=90.0deg) mode=auto terminal_reverse=0 near_gap=0.584 far_gap=0.304 horiz=0.000 min_x=0.676[0m
[33m[WARN] [1789384225.243008815]: [planner][row1-debug] row1-upper first lane to A1 src=10 lower=3.791 upper=4.071 start_lane_y=4.071 source_rear_y=3.579[0m
[33m[WARN] [1789384225.243174891]: [planner][row1-debug] initial_reverse tgt=101 same_corr=1 start_to_right=1 start_lane_y=4.071 forward_heading=0.0deg reverse_end_dir=(180.0deg) desired_end_x=0.706 actual_end=(0.053,4.071) reverse_origin=(0.706,3.579) curve_start=(0.706,3.717) curve_pts=52 direct_ok=0[0m
[33m[WARN] [1789384225.243327739]: [planner][row1-debug] skeleton tgt=101 points=3 terminal_reverse=0 goal_lane_y=4.071 terminal_stop_y=4.100 final_ref_x=1.250[0m
[33m[WARN] [1789384225.243482875]: [planner][row1-debug] skeleton[0]=(0.053,4.071)[0m
[33m[WARN] [1789384225.243640580]: [planner][row1-debug] skeleton[1]=(1.250,4.071)[0m
[33m[WARN] [1789384225.243799386]: [planner][row1-debug] skeleton[2]=(1.250,4.301)[0m
[33m[WARN] [1789384225.243995232]: [planner][row1-debug] exact A1 lane using terminal-constrained G2 fallback src=10 din=-1 t_in=0.300 t_out=0.300 mt_port=0.300 available_out=0.300 rear_stop_y=4.301 max_safe_rear_y=4.311[0m
[33m[WARN] [1789384225.244179684]: [planner][row1-debug] row1-upper full road to A1 S0=(0.706,3.579) S1=(0.706,4.071) S2=(1.865,4.071) S3=(1.865,3.370) S4=(1.865,3.791) S5=(1.250,3.791) S6=(1.250,4.301) r=(0.221,0.189) pts=360[0m
[33m[WARN] [1789384225.244418907]: [planner][row1-debug] route=A1_TO_B src=101 tgt=10 src_corr=1 tgt_corr=1 target=(0.706,3.761 th=-90.0deg) mode=auto terminal_reverse=0 near_gap=0.491 far_gap=0.211 horiz=0.544 min_x=0.676[0m
[33m[WARN] [1789384225.244571384]: [planner][row1-debug] row1-upper direct lane tgt=10 lower=3.791 upper=4.071 connector_mid_y=3.370[0m
[33m[WARN] [1789384225.244739161]: [planner][row1-debug] initial_reverse tgt=10 same_corr=1 start_to_right=0 start_lane_y=3.370 forward_heading=180.0deg reverse_end_dir=(0.0deg) desired_end_x=1.865 actual_end=(2.165,3.370) curve_start=(1.250,3.709) curve_pts=56 direct_ok=1[0m
[33m[WARN] [1789384225.244922539]: [planner][row1-debug] skeleton tgt=10 points=4 terminal_reverse=0 goal_lane_y=4.071 terminal_stop_y=3.761 final_ref_x=1.250[0m
[33m[WARN] [1789384225.245079804]: [planner][row1-debug] skeleton[0]=(2.165,3.370)[0m
[33m[WARN] [1789384225.245237936]: [planner][row1-debug] skeleton[1]=(2.165,4.071)[0m
[33m[WARN] [1789384225.245389935]: [planner][row1-debug] skeleton[2]=(0.706,4.071)[0m
[33m[WARN] [1789384225.245541430]: [planner][row1-debug] skeleton[3]=(0.706,3.579)[0m
[33m[WARN] [1789384225.245735368]: [planner][row1-debug] row1-upper reverse road a_rev=(1.250,4.301) second=(1.250,3.791)->(2.165,3.791) s0=(2.165,3.370) r=0.189 len=(0.511,0.915,0.420) pts=172 front_theta=90.0deg[0m
[33m[WARN] [1789384225.245962565]: [planner][row1-debug] route=B_TO_A1 debug_rev=row1_aux_lane_to_a1_v2 src=11 tgt=101 src_corr=2 tgt_corr=1 target=(1.250,4.100 th=90.0deg) mode=auto terminal_reverse=0 near_gap=0.584 far_gap=0.304 horiz=0.000 min_x=0.676[0m
[33m[WARN] [1789384225.246120257]: [planner][row1-debug] initial_reverse tgt=101 same_corr=0 start_to_right=0 start_lane_y=2.670 forward_heading=180.0deg reverse_end_dir=(0.0deg) desired_end_x=1.066 actual_end=(1.366,2.670) reverse_origin=(0.706,3.235) curve_start=(0.706,3.009) curve_pts=56 direct_ok=1[0m
[33m[WARN] [1789384225.246280344]: [planner][row1-debug] skeleton tgt=101 points=5 terminal_reverse=0 goal_lane_y=3.791 terminal_stop_y=4.100 final_ref_x=1.250[0m
[33m[WARN] [1789384225.246435521]: [planner][row1-debug] skeleton[0]=(1.366,2.670)[0m
[33m[WARN] [1789384225.246585536]: [planner][row1-debug] skeleton[1]=(0.145,2.670)[0m
[33m[WARN] [1789384225.246741101]: [planner][row1-debug] skeleton[2]=(0.145,3.791)[0m
[33m[WARN] [1789384225.246888233]: [planner][row1-debug] skeleton[3]=(1.250,3.791)[0m
[33m[WARN] [1789384225.247037222]: [planner][row1-debug] skeleton[4]=(1.250,4.301)[0m
[33m[WARN] [1789384225.247185806]: [planner][row1-debug] lane_shift skipped tgt=101 j=2 terminal A1 connector keeps full vertical segment[0m
[33m[WARN] [1789384225.247436547]: [planner][row1-debug] prepend enter src=11 row1_upper=0 raw_pts=104 a_rev=(0.706,3.161) b=(1.366,2.670) path_front=(1.366,2.670 180.0deg type=0)[0m
[33m[WARN] [1789384225.247825377]: [planner][row1-debug] route=B_TO_A1 debug_rev=row1_aux_lane_to_a1_v2 src=12 tgt=101 src_corr=1 tgt_corr=1 target=(1.250,4.100 th=90.0deg) mode=auto terminal_reverse=0 near_gap=0.584 far_gap=0.304 horiz=0.000 min_x=0.676[0m
[33m[WARN] [1789384225.247976261]: [planner][row1-debug] row1-upper first lane to A1 src=12 lower=3.791 upper=4.071 start_lane_y=4.071 source_rear_y=3.579[0m
[33m[WARN] [1789384225.248132818]: [planner][row1-debug] initial_reverse tgt=101 same_corr=1 start_to_right=1 start_lane_y=4.071 forward_heading=0.0deg reverse_end_dir=(180.0deg) desired_end_x=0.928 actual_end=(0.274,4.071) reverse_origin=(0.928,3.579) curve_start=(0.928,3.717) curve_pts=52 direct_ok=0[0m
[33m[WARN] [1789384225.248309552]: [planner][row1-debug] skeleton tgt=101 points=3 terminal_reverse=0 goal_lane_y=4.071 terminal_stop_y=4.100 final_ref_x=1.250[0m
[33m[WARN] [1789384225.248462581]: [planner][row1-debug] skeleton[0]=(0.274,4.071)[0m
[33m[WARN] [1789384225.248611267]: [planner][row1-debug] skeleton[1]=(1.250,4.071)[0m
[33m[WARN] [1789384225.248759838]: [planner][row1-debug] skeleton[2]=(1.250,4.301)[0m
[33m[WARN] [1789384225.248950489]: [planner][row1-debug] exact A1 lane using terminal-constrained G2 fallback src=12 din=-1 t_in=0.300 t_out=0.300 mt_port=0.300 available_out=0.300 rear_stop_y=4.301 max_safe_rear_y=4.311[0m
[33m[WARN] [1789384225.249120953]: [planner][row1-debug] row1-upper full road to A1 S0=(0.928,3.579) S1=(0.928,4.071) S2=(1.865,4.071) S3=(1.865,3.370) S4=(1.865,3.791) S5=(1.250,3.791) S6=(1.250,4.301) r=(0.221,0.189) pts=338[0m
[33m[WARN] [1789384225.249331872]: [planner][row1-debug] route=A1_TO_B src=101 tgt=12 src_corr=1 tgt_corr=1 target=(0.928,3.761 th=-90.0deg) mode=auto terminal_reverse=0 near_gap=0.491 far_gap=0.211 horiz=0.358 min_x=0.676[0m
[33m[WARN] [1789384225.249482579]: [planner][row1-debug] row1-upper direct lane tgt=12 lower=3.791 upper=4.071 connector_mid_y=3.370[0m
[33m[WARN] [1789384225.249630614]: [planner][row1-debug] initial_reverse tgt=12 same_corr=1 start_to_right=0 start_lane_y=3.370 forward_heading=180.0deg reverse_end_dir=(0.0deg) desired_end_x=1.865 actual_end=(2.165,3.370) curve_start=(1.250,3.709) curve_pts=56 direct_ok=1[0m
[33m[WARN] [1789384225.249790947]: [planner][row1-debug] skeleton tgt=12 points=4 terminal_reverse=0 goal_lane_y=4.071 terminal_stop_y=3.761 final_ref_x=1.286[0m
[33m[WARN] [1789384225.249945408]: [planner][row1-debug] skeleton[0]=(2.165,3.370)[0m
[33m[WARN] [1789384225.250095311]: [planner][row1-debug] skeleton[1]=(2.165,4.071)[0m
[33m[WARN] [1789384225.250247992]: [planner][row1-debug] skeleton[2]=(0.928,4.071)[0m
[33m[WARN] [1789384225.250403785]: [planner][row1-debug] skeleton[3]=(0.928,3.579)[0m
[33m[WARN] [1789384225.250595527]: [planner][row1-debug] row1-upper reverse road a_rev=(1.250,4.301) second=(1.250,3.791)->(2.165,3.791) s0=(2.165,3.370) r=0.189 len=(0.511,0.915,0.420) pts=172 front_theta=90.0deg[0m
[33m[WARN] [1789384225.250818717]: [planner][row1-debug] route=B_TO_A1 debug_rev=row1_aux_lane_to_a1_v2 src=13 tgt=101 src_corr=2 tgt_corr=1 target=(1.250,4.100 th=90.0deg) mode=auto terminal_reverse=0 near_gap=0.584 far_gap=0.304 horiz=0.000 min_x=0.676[0m
[33m[WARN] [1789384225.250975140]: [planner][row1-debug] initial_reverse tgt=101 same_corr=0 start_to_right=0 start_lane_y=2.670 forward_heading=180.0deg reverse_end_dir=(0.0deg) desired_end_x=1.288 actual_end=(1.588,2.670) reverse_origin=(0.928,3.235) curve_start=(0.928,3.009) curve_pts=56 direct_ok=1[0m
[33m[WARN] [1789384225.251132764]: [planner][row1-debug] skeleton tgt=101 points=5 terminal_reverse=0 goal_lane_y=3.791 terminal_stop_y=4.100 final_ref_x=1.250[0m
[33m[WARN] [1789384225.251298900]: [planner][row1-debug] skeleton[0]=(1.588,2.670)[0m
[33m[WARN] [1789384225.251483150]: [planner][row1-debug] skeleton[1]=(0.145,2.670)[0m
[33m[WARN] [1789384225.251667154]: [planner][row1-debug] skeleton[2]=(0.145,3.791)[0m
[33m[WARN] [1789384225.251877282]: [planner][row1-debug] skeleton[3]=(1.250,3.791)[0m
[33m[WARN] [1789384225.252052673]: [planner][row1-debug] skeleton[4]=(1.250,4.301)[0m
[33m[WARN] [1789384225.252215995]: [planner][row1-debug] lane_shift skipped tgt=101 j=2 terminal A1 connector keeps full vertical segment[0m
[33m[WARN] [1789384225.252472671]: [planner][row1-debug] prepend enter src=13 row1_upper=0 raw_pts=104 a_rev=(0.928,3.161) b=(1.588,2.670) path_front=(1.588,2.670 180.0deg type=0)[0m
[33m[WARN] [1789384225.252848200]: [planner][row1-debug] route=B_TO_A1 debug_rev=row1_aux_lane_to_a1_v2 src=14 tgt=101 src_corr=1 tgt_corr=1 target=(1.250,4.100 th=90.0deg) mode=auto terminal_reverse=0 near_gap=0.584 far_gap=0.304 horiz=0.000 min_x=0.676[0m
[33m[WARN] [1789384225.253010903]: [planner][row1-debug] row1-upper first lane to A1 src=14 lower=3.791 upper=4.071 start_lane_y=4.071 source_rear_y=3.579[0m
[33m[WARN] [1789384225.253172698]: [planner][row1-debug] initial_reverse tgt=101 same_corr=1 start_to_right=1 start_lane_y=4.071 forward_heading=0.0deg reverse_end_dir=(180.0deg) desired_end_x=1.150 actual_end=(0.496,4.071) reverse_origin=(1.150,3.579) curve_start=(1.150,3.717) curve_pts=52 direct_ok=0[0m
[33m[WARN] [1789384225.253323003]: [planner][row1-debug] skeleton tgt=101 points=3 terminal_reverse=0 goal_lane_y=4.071 terminal_stop_y=4.100 final_ref_x=1.250[0m
[33m[WARN] [1789384225.253480981]: [planner][row1-debug] skeleton[0]=(0.496,4.071)[0m
[33m[WARN] [1789384225.253634657]: [planner][row1-debug] skeleton[1]=(1.250,4.071)[0m
[33m[WARN] [1789384225.253786711]: [planner][row1-debug] skeleton[2]=(1.250,4.301)[0m
[33m[WARN] [1789384225.253981549]: [planner][row1-debug] exact A1 lane using terminal-constrained G2 fallback src=14 din=-1 t_in=0.300 t_out=0.300 mt_port=0.300 available_out=0.300 rear_stop_y=4.301 max_safe_rear_y=4.311[0m
[33m[WARN] [1789384225.254150628]: [planner][row1-debug] row1-upper full road to A1 S0=(1.150,3.579) S1=(1.150,4.071) S2=(1.865,4.071) S3=(1.865,3.370) S4=(1.865,3.791) S5=(1.250,3.791) S6=(1.250,4.301) r=(0.221,0.189) pts=316[0m
[33m[WARN] [1789384225.254372731]: [planner][row1-debug] route=A1_TO_B src=101 tgt=14 src_corr=1 tgt_corr=1 target=(1.150,3.761 th=-90.0deg) mode=auto terminal_reverse=0 near_gap=0.491 far_gap=0.211 horiz=0.358 min_x=0.676[0m
[33m[WARN] [1789384225.254536346]: [planner][row1-debug] row1-upper direct lane tgt=14 lower=3.791 upper=4.071 connector_mid_y=3.370[0m
[33m[WARN] [1789384225.254694300]: [planner][row1-debug] initial_reverse tgt=14 same_corr=1 start_to_right=0 start_lane_y=3.370 forward_heading=180.0deg reverse_end_dir=(0.0deg) desired_end_x=1.865 actual_end=(2.165,3.370) curve_start=(1.250,3.709) curve_pts=56 direct_ok=1[0m
[33m[WARN] [1789384225.254855724]: [planner][row1-debug] skeleton tgt=14 points=4 terminal_reverse=0 goal_lane_y=4.071 terminal_stop_y=3.761 final_ref_x=1.508[0m
[33m[WARN] [1789384225.255009778]: [planner][row1-debug] skeleton[0]=(2.165,3.370)[0m
[33m[WARN] [1789384225.255160063]: [planner][row1-debug] skeleton[1]=(2.165,4.071)[0m
[33m[WARN] [1789384225.255308569]: [planner][row1-debug] skeleton[2]=(1.150,4.071)[0m
[33m[WARN] [1789384225.255456491]: [planner][row1-debug] skeleton[3]=(1.150,3.579)[0m
[33m[WARN] [1789384225.255653272]: [planner][row1-debug] row1-upper reverse road a_rev=(1.250,4.301) second=(1.250,3.791)->(2.165,3.791) s0=(2.165,3.370) r=0.189 len=(0.511,0.915,0.420) pts=172 front_theta=90.0deg[0m
[33m[WARN] [1789384225.255950798]: [planner][row1-debug] route=B_TO_A1 debug_rev=row1_aux_lane_to_a1_v2 src=15 tgt=101 src_corr=2 tgt_corr=1 target=(1.250,4.100 th=90.0deg) mode=auto terminal_reverse=0 near_gap=0.584 far_gap=0.304 horiz=0.000 min_x=0.676[0m
[33m[WARN] [1789384225.256111642]: [planner][row1-debug] initial_reverse tgt=101 same_corr=0 start_to_right=0 start_lane_y=2.670 forward_heading=180.0deg reverse_end_dir=(0.0deg) desired_end_x=1.510 actual_end=(1.810,2.670) reverse_origin=(1.150,3.235) curve_start=(1.150,3.009) curve_pts=56 direct_ok=1[0m
[33m[WARN] [1789384225.256388519]: [planner][row1-debug] skeleton tgt=101 points=5 terminal_reverse=0 goal_lane_y=3.791 terminal_stop_y=4.100 final_ref_x=1.250[0m
[33m[WARN] [1789384225.256549704]: [planner][row1-debug] skeleton[0]=(1.810,2.670)[0m
[33m[WARN] [1789384225.256750819]: [planner][row1-debug] skeleton[1]=(0.145,2.670)[0m
[33m[WARN] [1789384225.257032237]: [planner][row1-debug] skeleton[2]=(0.145,3.791)[0m
[33m[WARN] [1789384225.257199558]: [planner][row1-debug] skeleton[3]=(1.250,3.791)[0m
[33m[WARN] [1789384225.257362731]: [planner][row1-debug] skeleton[4]=(1.250,4.301)[0m
[33m[WARN] [1789384225.257524853]: [planner][row1-debug] lane_shift skipped tgt=101 j=2 terminal A1 connector keeps full vertical segment[0m
[33m[WARN] [1789384225.257788113]: [planner][row1-debug] prepend enter src=15 row1_upper=0 raw_pts=104 a_rev=(1.150,3.161) b=(1.810,2.670) path_front=(1.810,2.670 180.0deg type=0)[0m
[33m[WARN] [1789384225.258192796]: [planner][row1-debug] route=B_TO_A1 debug_rev=row1_aux_lane_to_a1_v2 src=16 tgt=101 src_corr=1 tgt_corr=1 target=(1.250,4.100 th=90.0deg) mode=auto terminal_reverse=0 near_gap=0.584 far_gap=0.304 horiz=0.000 min_x=0.676[0m
[33m[WARN] [1789384225.258354741]: [planner][row1-debug] row1-upper first lane to A1 src=16 lower=3.791 upper=4.071 start_lane_y=4.071 source_rear_y=3.579[0m
[33m[WARN] [1789384225.258524257]: [planner][row1-debug] initial_reverse tgt=101 same_corr=1 start_to_right=0 start_lane_y=4.071 forward_heading=180.0deg reverse_end_dir=(0.0deg) desired_end_x=1.372 actual_end=(2.026,4.071) reverse_origin=(1.372,3.579) curve_start=(1.372,3.717) curve_pts=52 direct_ok=0[0m
[33m[WARN] [1789384225.258685824]: [planner][row1-debug] skeleton tgt=101 points=3 terminal_reverse=0 goal_lane_y=4.071 terminal_stop_y=4.100 final_ref_x=1.250[0m
[33m[WARN] [1789384225.258854014]: [planner][row1-debug] skeleton[0]=(2.026,4.071)[0m
[33m[WARN] [1789384225.259010403]: [planner][row1-debug] skeleton[1]=(1.250,4.071)[0m
[33m[WARN] [1789384225.259165494]: [planner][row1-debug] skeleton[2]=(1.250,4.301)[0m
[33m[WARN] [1789384225.259372224]: [planner][row1-debug] exact A1 lane using terminal-constrained G2 fallback src=16 din=1 t_in=0.300 t_out=0.300 mt_port=0.300 available_out=0.300 rear_stop_y=4.301 max_safe_rear_y=4.311[0m
[33m[WARN] [1789384225.259551167]: [planner][row1-debug] row1-upper full road to A1 S0=(1.372,3.579) S1=(1.372,4.071) S2=(0.435,4.071) S3=(0.435,3.370) S4=(0.435,3.791) S5=(1.250,3.791) S6=(1.250,4.301) r=(0.221,0.189) pts=358[0m
[33m[WARN] [1789384225.259769742]: [planner][row1-debug] route=A1_TO_B src=101 tgt=16 src_corr=1 tgt_corr=1 target=(1.372,3.761 th=-90.0deg) mode=auto terminal_reverse=0 near_gap=0.211 far_gap=0.491 horiz=0.358 min_x=0.676[0m
[33m[WARN] [1789384225.259925678]: [planner][row1-debug] row1-upper direct lane tgt=16 lower=3.791 upper=4.071 connector_mid_y=3.370[0m
[33m[WARN] [1789384225.260096121]: [planner][row1-debug] initial_reverse tgt=16 same_corr=1 start_to_right=1 start_lane_y=3.370 forward_heading=0.0deg reverse_end_dir=(180.0deg) desired_end_x=0.435 actual_end=(0.135,3.370) curve_start=(1.250,3.709) curve_pts=56 direct_ok=1[0m
[33m[WARN] [1789384225.260326052]: [planner][row1-debug] skeleton tgt=16 points=4 terminal_reverse=0 goal_lane_y=4.071 terminal_stop_y=3.761 final_ref_x=1.014[0m
[33m[WARN] [1789384225.260489600]: [planner][row1-debug] skeleton[0]=(0.135,3.370)[0m
[33m[WARN] [1789384225.260643893]: [planner][row1-debug] skeleton[1]=(0.135,4.071)[0m
[33m[WARN] [1789384225.260790691]: [planner][row1-debug] skeleton[2]=(1.372,4.071)[0m
[33m[WARN] [1789384225.260923946]: [planner][row1-debug] skeleton[3]=(1.372,3.579)[0m
[33m[WARN] [1789384225.261119831]: [planner][row1-debug] row1-upper reverse road a_rev=(1.250,4.301) second=(1.250,3.791)->(0.135,3.791) s0=(0.135,3.370) r=0.189 len=(0.511,1.115,0.420) pts=192 front_theta=90.0deg[0m
[33m[WARN] [1789384225.261339451]: [planner][row1-debug] route=B_TO_A1 debug_rev=row1_aux_lane_to_a1_v2 src=17 tgt=101 src_corr=2 tgt_corr=1 target=(1.250,4.100 th=90.0deg) mode=auto terminal_reverse=0 near_gap=0.584 far_gap=0.304 horiz=0.000 min_x=0.676[0m
[33m[WARN] [1789384225.261500957]: [planner][row1-debug] initial_reverse tgt=101 same_corr=0 start_to_right=1 start_lane_y=2.670 forward_heading=0.0deg reverse_end_dir=(180.0deg) desired_end_x=1.012 actual_end=(0.712,2.670) reverse_origin=(1.372,3.235) curve_start=(1.372,3.009) curve_pts=56 direct_ok=1[0m
[33m[WARN] [1789384225.261661750]: [planner][row1-debug] skeleton tgt=101 points=5 terminal_reverse=0 goal_lane_y=3.791 terminal_stop_y=4.100 final_ref_x=1.250[0m
[33m[WARN] [1789384225.261814574]: [planner][row1-debug] skeleton[0]=(0.712,2.670)[0m
[33m[WARN] [1789384225.261962313]: [planner][row1-debug] skeleton[1]=(2.155,2.670)[0m
[33m[WARN] [1789384225.262113780]: [planner][row1-debug] skeleton[2]=(2.155,3.791)[0m
[33m[WARN] [1789384225.262267361]: [planner][row1-debug] skeleton[3]=(1.250,3.791)[0m
[33m[WARN] [1789384225.262416109]: [planner][row1-debug] skeleton[4]=(1.250,4.301)[0m
[33m[WARN] [1789384225.262566551]: [planner][row1-debug] lane_shift skipped tgt=101 j=2 terminal A1 connector keeps full vertical segment[0m
[33m[WARN] [1789384225.262892987]: [planner][row1-debug] prepend enter src=17 row1_upper=0 raw_pts=104 a_rev=(1.372,3.161) b=(0.712,2.670) path_front=(0.712,2.670 0.0deg type=0)[0m
[33m[WARN] [1789384225.263246018]: [planner][row1-debug] route=B_TO_A1 debug_rev=row1_aux_lane_to_a1_v2 src=18 tgt=101 src_corr=1 tgt_corr=1 target=(1.250,4.100 th=90.0deg) mode=auto terminal_reverse=0 near_gap=0.584 far_gap=0.304 horiz=0.000 min_x=0.676[0m
[33m[WARN] [1789384225.263398000]: [planner][row1-debug] row1-upper first lane to A1 src=18 lower=3.791 upper=4.071 start_lane_y=4.071 source_rear_y=3.579[0m
[33m[WARN] [1789384225.263549195]: [planner][row1-debug] initial_reverse tgt=101 same_corr=1 start_to_right=0 start_lane_y=4.071 forward_heading=180.0deg reverse_end_dir=(0.0deg) desired_end_x=1.594 actual_end=(2.247,4.071) reverse_origin=(1.594,3.579) curve_start=(1.594,3.717) curve_pts=52 direct_ok=0[0m
[33m[WARN] [1789384225.264198149]: [planner][row1-debug] skeleton tgt=101 points=3 terminal_reverse=0 goal_lane_y=4.071 terminal_stop_y=4.100 final_ref_x=1.250[0m
[33m[WARN] [1789384225.264346961]: [planner][row1-debug] skeleton[0]=(2.247,4.071)[0m
[33m[WARN] [1789384225.264493871]: [planner][row1-debug] skeleton[1]=(1.250,4.071)[0m
[33m[WARN] [1789384225.264639299]: [planner][row1-debug] skeleton[2]=(1.250,4.301)[0m
[33m[WARN] [1789384225.264831832]: [planner][row1-debug] exact A1 lane using terminal-constrained G2 fallback src=18 din=1 t_in=0.300 t_out=0.300 mt_port=0.300 available_out=0.300 rear_stop_y=4.301 max_safe_rear_y=4.311[0m
[33m[WARN] [1789384225.265009995]: [planner][row1-debug] row1-upper full road to A1 S0=(1.594,3.579) S1=(1.594,4.071) S2=(0.435,4.071) S3=(0.435,3.370) S4=(0.435,3.791) S5=(1.250,3.791) S6=(1.250,4.301) r=(0.221,0.189) pts=380[0m
[33m[WARN] [1789384225.265227509]: [planner][row1-debug] route=A1_TO_B src=101 tgt=18 src_corr=1 tgt_corr=1 target=(1.594,3.761 th=-90.0deg) mode=auto terminal_reverse=0 near_gap=0.211 far_gap=0.491 horiz=0.358 min_x=0.676[0m
[33m[WARN] [1789384225.265384373]: [planner][row1-debug] row1-upper direct lane tgt=18 lower=3.791 upper=4.071 connector_mid_y=3.370[0m
[33m[WARN] [1789384225.265537977]: [planner][row1-debug] initial_reverse tgt=18 same_corr=1 start_to_right=1 start_lane_y=3.370 forward_heading=0.0deg reverse_end_dir=(180.0deg) desired_end_x=0.435 actual_end=(0.135,3.370) curve_start=(1.250,3.709) curve_pts=56 direct_ok=1[0m
[33m[WARN] [1789384225.265695751]: [planner][row1-debug] skeleton tgt=18 points=4 terminal_reverse=0 goal_lane_y=4.071 terminal_stop_y=3.761 final_ref_x=1.235[0m
[33m[WARN] [1789384225.265842279]: [planner][row1-debug] skeleton[0]=(0.135,3.370)[0m
[33m[WARN] [1789384225.265992803]: [planner][row1-debug] skeleton[1]=(0.135,4.071)[0m
[33m[WARN] [1789384225.266143118]: [planner][row1-debug] skeleton[2]=(1.594,4.071)[0m
[33m[WARN] [1789384225.266320726]: [planner][row1-debug] skeleton[3]=(1.594,3.579)[0m
[33m[WARN] [1789384225.266508958]: [planner][row1-debug] row1-upper reverse road a_rev=(1.250,4.301) second=(1.250,3.791)->(0.135,3.791) s0=(0.135,3.370) r=0.189 len=(0.511,1.115,0.420) pts=192 front_theta=90.0deg[0m
[33m[WARN] [1789384225.266745863]: [planner][row1-debug] route=B_TO_A1 debug_rev=row1_aux_lane_to_a1_v2 src=19 tgt=101 src_corr=2 tgt_corr=1 target=(1.250,4.100 th=90.0deg) mode=auto terminal_reverse=0 near_gap=0.584 far_gap=0.304 horiz=0.000 min_x=0.676[0m
[33m[WARN] [1789384225.266910767]: [planner][row1-debug] initial_reverse tgt=101 same_corr=0 start_to_right=1 start_lane_y=2.670 forward_heading=0.0deg reverse_end_dir=(180.0deg) desired_end_x=1.234 actual_end=(0.934,2.670) reverse_origin=(1.594,3.235) curve_start=(1.594,3.009) curve_pts=56 direct_ok=1[0m
[33m[WARN] [1789384225.267068182]: [planner][row1-debug] skeleton tgt=101 points=5 terminal_reverse=0 goal_lane_y=3.791 terminal_stop_y=4.100 final_ref_x=1.250[0m
[33m[WARN] [1789384225.267214946]: [planner][row1-debug] skeleton[0]=(0.934,2.670)[0m
[33m[WARN] [1789384225.267367638]: [planner][row1-debug] skeleton[1]=(2.155,2.670)[0m
[33m[WARN] [1789384225.267516160]: [planner][row1-debug] skeleton[2]=(2.155,3.791)[0m
[33m[WARN] [1789384225.267667696]: [planner][row1-debug] skeleton[3]=(1.250,3.791)[0m
[33m[WARN] [1789384225.267816239]: [planner][row1-debug] skeleton[4]=(1.250,4.301)[0m
[33m[WARN] [1789384225.267965678]: [planner][row1-debug] lane_shift skipped tgt=101 j=2 terminal A1 connector keeps full vertical segment[0m
[33m[WARN] [1789384225.268350390]: [planner][row1-debug] prepend enter src=19 row1_upper=0 raw_pts=104 a_rev=(1.594,3.161) b=(0.934,2.670) path_front=(0.934,2.670 0.0deg type=0)[0m
[33m[WARN] [1789384225.268753828]: [planner][row1-debug] route=B_TO_A1 debug_rev=row1_aux_lane_to_a1_v2 src=20 tgt=101 src_corr=2 tgt_corr=1 target=(1.250,4.100 th=90.0deg) mode=auto terminal_reverse=0 near_gap=0.584 far_gap=0.304 horiz=0.000 min_x=0.676[0m
[33m[WARN] [1789384225.268963214]: [planner][row1-debug] initial_reverse tgt=101 same_corr=0 start_to_right=0 start_lane_y=2.950 forward_heading=180.0deg reverse_end_dir=(0.0deg) desired_end_x=0.643 actual_end=(0.943,2.950) reverse_origin=(0.124,2.385) curve_start=(0.124,2.612) curve_pts=56 direct_ok=1[0m
[33m[WARN] [1789384225.269151882]: [planner][row1-debug] skeleton tgt=101 points=5 terminal_reverse=0 goal_lane_y=3.791 terminal_stop_y=4.100 final_ref_x=1.250[0m
[33m[WARN] [1789384225.269331909]: [planner][row1-debug] skeleton[0]=(0.943,2.950)[0m
[33m[WARN] [1789384225.269504649]: [planner][row1-debug] skeleton[1]=(0.145,2.950)[0m
[33m[WARN] [1789384225.269664229]: [planner][row1-debug] skeleton[2]=(0.145,3.791)[0m
[33m[WARN] [1789384225.269821989]: [planner][row1-debug] skeleton[3]=(1.250,3.791)[0m
[33m[WARN] [1789384225.269987888]: [planner][row1-debug] skeleton[4]=(1.250,4.301)[0m
[33m[WARN] [1789384225.270153280]: [planner][row1-debug] lane_shift skipped tgt=101 j=2 terminal A1 connector keeps full vertical segment[0m
[33m[WARN] [1789384225.270709627]: [planner][row1-debug] prepend enter src=20 row1_upper=0 raw_pts=120 a_rev=(0.124,2.459) b=(0.943,2.950) path_front=(0.943,2.950 180.0deg type=0)[0m
[33m[WARN] [1789384225.270956700]: [planner][row1-debug] route=A1_TO_B src=101 tgt=20 src_corr=1 tgt_corr=2 target=(0.124,2.641 th=-90.0deg) mode=auto terminal_reverse=0 near_gap=0.491 far_gap=0.211 horiz=1.126 min_x=0.676[0m
[33m[WARN] [1789384225.271111587]: [planner][row1-debug] initial_reverse tgt=20 same_corr=0 start_to_right=1 start_lane_y=3.791 forward_heading=0.0deg reverse_end_dir=(180.0deg) desired_end_x=0.890 actual_end=(0.590,3.791) curve_start=(1.250,4.129) curve_pts=56 direct_ok=1[0m
[33m[WARN] [1789384225.271276269]: [planner][row1-debug] skeleton tgt=20 points=5 terminal_reverse=0 goal_lane_y=2.950 terminal_stop_y=2.641 final_ref_x=1.250[0m
[33m[WARN] [1789384225.271437246]: [planner][row1-debug] skeleton[0]=(0.590,3.791)[0m
[33m[WARN] [1789384225.271599079]: [planner][row1-debug] skeleton[1]=(1.865,3.791)[0m
[33m[WARN] [1789384225.271777430]: [planner][row1-debug] skeleton[2]=(1.865,2.950)[0m
[33m[WARN] [1789384225.271946816]: [planner][row1-debug] skeleton[3]=(0.124,2.950)[0m
[33m[WARN] [1789384225.272098051]: [planner][row1-debug] skeleton[4]=(0.124,2.459)[0m
[33m[WARN] [1789384225.272770405]: [planner][row1-debug] route=B_TO_A1 debug_rev=row1_aux_lane_to_a1_v2 src=21 tgt=101 src_corr=3 tgt_corr=1 target=(1.250,4.100 th=90.0deg) mode=auto terminal_reverse=0 near_gap=0.584 far_gap=0.304 horiz=0.000 min_x=0.676[0m
[33m[WARN] [1789384225.272921999]: [planner][row1-debug] initial_reverse tgt=101 same_corr=0 start_to_right=0 start_lane_y=1.550 forward_heading=180.0deg reverse_end_dir=(0.0deg) desired_end_x=1.748 actual_end=(2.048,1.550) reverse_origin=(0.124,2.115) curve_start=(0.124,1.888) curve_pts=56 direct_ok=1[0m
[33m[WARN] [1789384225.273175691]: [planner][row1-debug] skeleton tgt=101 points=7 terminal_reverse=0 goal_lane_y=3.791 terminal_stop_y=4.100 final_ref_x=1.250[0m
[33m[WARN] [1789384225.273330847]: [planner][row1-debug] skeleton[0]=(2.048,1.550)[0m
[33m[WARN] [1789384225.273485658]: [planner][row1-debug] skeleton[1]=(1.250,1.550)[0m
[33m[WARN] [1789384225.273638012]: [planner][row1-debug] skeleton[2]=(1.250,2.950)[0m
[33m[WARN] [1789384225.273790045]: [planner][row1-debug] skeleton[3]=(0.145,2.950)[0m
[33m[WARN] [1789384225.273940473]: [planner][row1-debug] skeleton[4]=(0.145,3.791)[0m
[33m[WARN] [1789384225.274092513]: [planner][row1-debug] skeleton[5]=(1.250,3.791)[0m
[33m[WARN] [1789384225.274244182]: [planner][row1-debug] skeleton[6]=(1.250,4.301)[0m
[33m[WARN] [1789384225.274395264]: [planner][row1-debug] lane_shift skipped tgt=101 j=2 outer 1/2 <-> spine 2/3 connector keeps normal turn planning lateral=1.105[0m
[33m[WARN] [1789384225.274552397]: [planner][row1-debug] lane_shift skipped tgt=101 j=4 terminal A1 connector keeps full vertical segment[0m
[33m[WARN] [1789384225.275022376]: [planner][row1-debug] prepend enter src=21 row1_upper=0 raw_pts=230 a_rev=(0.124,2.041) b=(2.048,1.550) path_front=(2.048,1.550 180.0deg type=0)[0m
[33m[WARN] [1789384225.275454003]: [planner] slot 21: clothoid turn infeasible at skeleton point 2; p=(0.435, 2.950), prev_len=0.840, next_len=0.815, limit=0.333, using local arc at this point[0m
[33m[WARN] [1789384225.275646223]: [planner] slot 21: using local arc fallback only at infeasible turns; accepted lane shifts and clothoids are preserved[0m
[33m[WARN] [1789384225.275934123]: [planner][row1-debug] route=B_TO_A1 debug_rev=row1_aux_lane_to_a1_v2 src=22 tgt=101 src_corr=2 tgt_corr=1 target=(1.250,4.100 th=90.0deg) mode=auto terminal_reverse=0 near_gap=0.584 far_gap=0.304 horiz=0.000 min_x=0.676[0m
[33m[WARN] [1789384225.276092306]: [planner][row1-debug] initial_reverse tgt=101 same_corr=0 start_to_right=0 start_lane_y=2.950 forward_heading=180.0deg reverse_end_dir=(0.0deg) desired_end_x=0.703 actual_end=(1.003,2.950) reverse_origin=(0.343,2.385) curve_start=(0.343,2.612) curve_pts=56 direct_ok=1[0m
[33m[WARN] [1789384225.276246023]: [planner][row1-debug] skeleton tgt=101 points=5 terminal_reverse=0 goal_lane_y=3.791 terminal_stop_y=4.100 final_ref_x=1.250[0m
[33m[WARN] [1789384225.276409574]: [planner][row1-debug] skeleton[0]=(1.003,2.950)[0m
[33m[WARN] [1789384225.276561378]: [planner][row1-debug] skeleton[1]=(0.145,2.950)[0m
[33m[WARN] [1789384225.276717025]: [planner][row1-debug] skeleton[2]=(0.145,3.791)[0m
[33m[WARN] [1789384225.276867071]: [planner][row1-debug] skeleton[3]=(1.250,3.791)[0m
[33m[WARN] [1789384225.277018300]: [planner][row1-debug] skeleton[4]=(1.250,4.301)[0m
[33m[WARN] [1789384225.277168397]: [planner][row1-debug] lane_shift skipped tgt=101 j=2 terminal A1 connector keeps full vertical segment[0m
[33m[WARN] [1789384225.277592291]: [planner][row1-debug] prepend enter src=22 row1_upper=0 raw_pts=104 a_rev=(0.343,2.459) b=(1.003,2.950) path_front=(1.003,2.950 180.0deg type=0)[0m
[33m[WARN] [1789384225.277811496]: [planner][row1-debug] route=A1_TO_B src=101 tgt=22 src_corr=1 tgt_corr=2 target=(0.343,2.641 th=-90.0deg) mode=auto terminal_reverse=0 near_gap=0.491 far_gap=0.211 horiz=0.907 min_x=0.676[0m
[33m[WARN] [1789384225.277968904]: [planner][row1-debug] initial_reverse tgt=22 same_corr=0 start_to_right=1 start_lane_y=3.791 forward_heading=0.0deg reverse_end_dir=(180.0deg) desired_end_x=0.890 actual_end=(0.590,3.791) curve_start=(1.250,4.129) curve_pts=56 direct_ok=1[0m
[33m[WARN] [1789384225.278128845]: [planner][row1-debug] skeleton tgt=22 points=5 terminal_reverse=0 goal_lane_y=2.950 terminal_stop_y=2.641 final_ref_x=1.250[0m
[33m[WARN] [1789384225.278276018]: [planner][row1-debug] skeleton[0]=(0.590,3.791)[0m
[33m[WARN] [1789384225.278426071]: [planner][row1-debug] skeleton[1]=(1.865,3.791)[0m
[33m[WARN] [1789384225.278577307]: [planner][row1-debug] skeleton[2]=(1.865,2.950)[0m
[33m[WARN] [1789384225.278723890]: [planner][row1-debug] skeleton[3]=(0.343,2.950)[0m
[33m[WARN] [1789384225.278870613]: [planner][row1-debug] skeleton[4]=(0.343,2.459)[0m
[33m[WARN] [1789384225.279531545]: [planner][row1-debug] route=B_TO_A1 debug_rev=row1_aux_lane_to_a1_v2 src=23 tgt=101 src_corr=3 tgt_corr=1 target=(1.250,4.100 th=90.0deg) mode=auto terminal_reverse=0 near_gap=0.584 far_gap=0.304 horiz=0.000 min_x=0.676[0m
[33m[WARN] [1789384225.279724885]: [planner][row1-debug] initial_reverse tgt=101 same_corr=0 start_to_right=0 start_lane_y=1.550 forward_heading=180.0deg reverse_end_dir=(0.0deg) desired_end_x=1.748 actual_end=(2.048,1.550) reverse_origin=(0.343,2.115) curve_start=(0.343,1.888) curve_pts=56 direct_ok=1[0m
[33m[WARN] [1789384225.279879274]: [planner][row1-debug] skeleton tgt=101 points=7 terminal_reverse=0 goal_lane_y=3.791 terminal_stop_y=4.100 final_ref_x=1.250[0m
[33m[WARN] [1789384225.280034791]: [planner][row1-debug] skeleton[0]=(2.048,1.550)[0m
[33m[WARN] [1789384225.280185744]: [planner][row1-debug] skeleton[1]=(1.250,1.550)[0m
[33m[WARN] [1789384225.280337737]: [planner][row1-debug] skeleton[2]=(1.250,2.950)[0m
[33m[WARN] [1789384225.280482837]: [planner][row1-debug] skeleton[3]=(0.145,2.950)[0m
[33m[WARN] [1789384225.280629866]: [planner][row1-debug] skeleton[4]=(0.145,3.791)[0m
[33m[WARN] [1789384225.280790728]: [planner][row1-debug] skeleton[5]=(1.250,3.791)[0m
[33m[WARN] [1789384225.280941984]: [planner][row1-debug] skeleton[6]=(1.250,4.301)[0m
[33m[WARN] [1789384225.281086696]: [planner][row1-debug] lane_shift skipped tgt=101 j=2 outer 1/2 <-> spine 2/3 connector keeps normal turn planning lateral=1.105[0m
[33m[WARN] [1789384225.281241875]: [planner][row1-debug] lane_shift skipped tgt=101 j=4 terminal A1 connector keeps full vertical segment[0m
[33m[WARN] [1789384225.281717551]: [planner][row1-debug] prepend enter src=23 row1_upper=0 raw_pts=208 a_rev=(0.343,2.041) b=(2.048,1.550) path_front=(2.048,1.550 180.0deg type=0)[0m
[33m[WARN] [1789384225.282276868]: [planner][row1-debug] route=B_TO_A1 debug_rev=row1_aux_lane_to_a1_v2 src=24 tgt=101 src_corr=2 tgt_corr=1 target=(1.250,4.100 th=90.0deg) mode=auto terminal_reverse=0 near_gap=0.584 far_gap=0.304 horiz=0.000 min_x=0.676[0m
[33m[WARN] [1789384225.282431355]: [planner][row1-debug] initial_reverse tgt=101 same_corr=0 start_to_right=0 start_lane_y=2.950 forward_heading=180.0deg reverse_end_dir=(0.0deg) desired_end_x=0.922 actual_end=(1.222,2.950) reverse_origin=(0.562,2.385) curve_start=(0.562,2.612) curve_pts=56 direct_ok=1[0m
[33m[WARN] [1789384225.282591698]: [planner][row1-debug] skeleton tgt=101 points=5 terminal_reverse=0 goal_lane_y=3.791 terminal_stop_y=4.100 final_ref_x=1.250[0m
[33m[WARN] [1789384225.282744328]: [planner][row1-debug] skeleton[0]=(1.222,2.950)[0m
[33m[WARN] [1789384225.282895165]: [planner][row1-debug] skeleton[1]=(0.145,2.950)[0m
[33m[WARN] [1789384225.283039376]: [planner][row1-debug] skeleton[2]=(0.145,3.791)[0m
[33m[WARN] [1789384225.283185659]: [planner][row1-debug] skeleton[3]=(1.250,3.791)[0m
[33m[WARN] [1789384225.283335396]: [planner][row1-debug] skeleton[4]=(1.250,4.301)[0m
[33m[WARN] [1789384225.283484174]: [planner][row1-debug] lane_shift skipped tgt=101 j=2 terminal A1 connector keeps full vertical segment[0m
[33m[WARN] [1789384225.283911186]: [planner][row1-debug] prepend enter src=24 row1_upper=0 raw_pts=104 a_rev=(0.562,2.459) b=(1.222,2.950) path_front=(1.222,2.950 180.0deg type=0)[0m
[33m[WARN] [1789384225.284149512]: [planner][row1-debug] route=A1_TO_B src=101 tgt=24 src_corr=1 tgt_corr=2 target=(0.562,2.641 th=-90.0deg) mode=auto terminal_reverse=0 near_gap=0.491 far_gap=0.211 horiz=0.688 min_x=0.676[0m
[33m[WARN] [1789384225.284313679]: [planner][row1-debug] initial_reverse tgt=24 same_corr=0 start_to_right=1 start_lane_y=3.791 forward_heading=0.0deg reverse_end_dir=(180.0deg) desired_end_x=0.890 actual_end=(0.590,3.791) curve_start=(1.250,4.129) curve_pts=56 direct_ok=1[0m
[33m[WARN] [1789384225.284460426]: [planner][row1-debug] skeleton tgt=24 points=5 terminal_reverse=0 goal_lane_y=2.950 terminal_stop_y=2.641 final_ref_x=1.250[0m
[33m[WARN] [1789384225.284613476]: [planner][row1-debug] skeleton[0]=(0.590,3.791)[0m
[33m[WARN] [1789384225.284767553]: [planner][row1-debug] skeleton[1]=(1.865,3.791)[0m
[33m[WARN] [1789384225.284915712]: [planner][row1-debug] skeleton[2]=(1.865,2.950)[0m
[33m[WARN] [1789384225.285064214]: [planner][row1-debug] skeleton[3]=(0.562,2.950)[0m
[33m[WARN] [1789384225.285214411]: [planner][row1-debug] skeleton[4]=(0.562,2.459)[0m
[33m[WARN] [1789384225.285902318]: [planner][row1-debug] route=B_TO_A1 debug_rev=row1_aux_lane_to_a1_v2 src=25 tgt=101 src_corr=3 tgt_corr=1 target=(1.250,4.100 th=90.0deg) mode=auto terminal_reverse=0 near_gap=0.584 far_gap=0.304 horiz=0.000 min_x=0.676[0m
[33m[WARN] [1789384225.286071199]: [planner][row1-debug] initial_reverse tgt=101 same_corr=0 start_to_right=0 start_lane_y=1.550 forward_heading=180.0deg reverse_end_dir=(0.0deg) desired_end_x=1.748 actual_end=(2.048,1.550) reverse_origin=(0.562,2.115) curve_start=(0.562,1.888) curve_pts=56 direct_ok=1[0m
[33m[WARN] [1789384225.286242313]: [planner][row1-debug] skeleton tgt=101 points=7 terminal_reverse=0 goal_lane_y=3.791 terminal_stop_y=4.100 final_ref_x=1.250[0m
[33m[WARN] [1789384225.286409221]: [planner][row1-debug] skeleton[0]=(2.048,1.550)[0m
[33m[WARN] [1789384225.286561728]: [planner][row1-debug] skeleton[1]=(1.250,1.550)[0m
[33m[WARN] [1789384225.286718512]: [planner][row1-debug] skeleton[2]=(1.250,2.950)[0m
[33m[WARN] [1789384225.286878250]: [planner][row1-debug] skeleton[3]=(0.145,2.950)[0m
[33m[WARN] [1789384225.287034046]: [planner][row1-debug] skeleton[4]=(0.145,3.791)[0m
[33m[WARN] [1789384225.287207079]: [planner][row1-debug] skeleton[5]=(1.250,3.791)[0m
[33m[WARN] [1789384225.287360241]: [planner][row1-debug] skeleton[6]=(1.250,4.301)[0m
[33m[WARN] [1789384225.287517183]: [planner][row1-debug] lane_shift skipped tgt=101 j=2 outer 1/2 <-> spine 2/3 connector keeps normal turn planning lateral=1.105[0m
[33m[WARN] [1789384225.287666353]: [planner][row1-debug] lane_shift skipped tgt=101 j=4 terminal A1 connector keeps full vertical segment[0m
[33m[WARN] [1789384225.288136053]: [planner][row1-debug] prepend enter src=25 row1_upper=0 raw_pts=186 a_rev=(0.562,2.041) b=(2.048,1.550) path_front=(2.048,1.550 180.0deg type=0)[0m
[33m[WARN] [1789384225.288700769]: [planner][row1-debug] route=B_TO_A1 debug_rev=row1_aux_lane_to_a1_v2 src=26 tgt=101 src_corr=2 tgt_corr=1 target=(1.250,4.100 th=90.0deg) mode=auto terminal_reverse=0 near_gap=0.584 far_gap=0.304 horiz=0.000 min_x=0.676[0m
[33m[WARN] [1789384225.288940994]: [planner][row1-debug] initial_reverse tgt=101 same_corr=0 start_to_right=0 start_lane_y=2.950 forward_heading=180.0deg reverse_end_dir=(0.0deg) desired_end_x=1.142 actual_end=(1.442,2.950) reverse_origin=(0.782,2.385) curve_start=(0.782,2.612) curve_pts=56 direct_ok=1[0m
[33m[WARN] [1789384225.289093665]: [planner][row1-debug] skeleton tgt=101 points=5 terminal_reverse=0 goal_lane_y=3.791 terminal_stop_y=4.100 final_ref_x=1.250[0m
[33m[WARN] [1789384225.289242699]: [planner][row1-debug] skeleton[0]=(1.442,2.950)[0m
[33m[WARN] [1789384225.289396556]: [planner][row1-debug] skeleton[1]=(0.145,2.950)[0m
[33m[WARN] [1789384225.289549070]: [planner][row1-debug] skeleton[2]=(0.145,3.791)[0m
[33m[WARN] [1789384225.289696972]: [planner][row1-debug] skeleton[3]=(1.250,3.791)[0m
[33m[WARN] [1789384225.289846490]: [planner][row1-debug] skeleton[4]=(1.250,4.301)[0m
[33m[WARN] [1789384225.289991386]: [planner][row1-debug] lane_shift skipped tgt=101 j=2 terminal A1 connector keeps full vertical segment[0m
[33m[WARN] [1789384225.290415547]: [planner][row1-debug] prepend enter src=26 row1_upper=0 raw_pts=104 a_rev=(0.782,2.459) b=(1.442,2.950) path_front=(1.442,2.950 180.0deg type=0)[0m
[33m[WARN] [1789384225.290639266]: [planner][row1-debug] route=A1_TO_B src=101 tgt=26 src_corr=1 tgt_corr=2 target=(0.782,2.641 th=-90.0deg) mode=auto terminal_reverse=0 near_gap=0.491 far_gap=0.211 horiz=0.468 min_x=0.676[0m
[33m[WARN] [1789384225.290808826]: [planner][row1-debug] initial_reverse tgt=26 same_corr=0 start_to_right=1 start_lane_y=3.791 forward_heading=0.0deg reverse_end_dir=(180.0deg) desired_end_x=0.890 actual_end=(0.590,3.791) curve_start=(1.250,4.129) curve_pts=56 direct_ok=1[0m
[33m[WARN] [1789384225.290981510]: [planner][row1-debug] skeleton tgt=26 points=5 terminal_reverse=0 goal_lane_y=2.950 terminal_stop_y=2.641 final_ref_x=1.250[0m
[33m[WARN] [1789384225.291127393]: [planner][row1-debug] skeleton[0]=(0.590,3.791)[0m
[33m[WARN] [1789384225.291277432]: [planner][row1-debug] skeleton[1]=(1.865,3.791)[0m
[33m[WARN] [1789384225.291437206]: [planner][row1-debug] skeleton[2]=(1.865,2.950)[0m
[33m[WARN] [1789384225.291647746]: [planner][row1-debug] skeleton[3]=(0.782,2.950)[0m
[33m[WARN] [1789384225.291793092]: [planner][row1-debug] skeleton[4]=(0.782,2.459)[0m
[33m[WARN] [1789384225.291956341]: [planner][row1-debug] lane_shift skipped tgt=26 j=2 terminal=1 lateral=1.083: row3 keeps aisle turn into slot[0m
[33m[WARN] [1789384225.292368436]: [planner][row1-debug] route=B_TO_A1 debug_rev=row1_aux_lane_to_a1_v2 src=27 tgt=101 src_corr=3 tgt_corr=1 target=(1.250,4.100 th=90.0deg) mode=auto terminal_reverse=0 near_gap=0.584 far_gap=0.304 horiz=0.000 min_x=0.676[0m
[33m[WARN] [1789384225.292551371]: [planner][row1-debug] initial_reverse tgt=101 same_corr=0 start_to_right=0 start_lane_y=1.550 forward_heading=180.0deg reverse_end_dir=(0.0deg) desired_end_x=1.748 actual_end=(2.048,1.550) reverse_origin=(0.782,2.115) curve_start=(0.782,1.888) curve_pts=56 direct_ok=1[0m
[33m[WARN] [1789384225.292736193]: [planner][row1-debug] skeleton tgt=101 points=7 terminal_reverse=0 goal_lane_y=3.791 terminal_stop_y=4.100 final_ref_x=1.250[0m
[33m[WARN] [1789384225.292898078]: [planner][row1-debug] skeleton[0]=(2.048,1.550)[0m
[33m[WARN] [1789384225.293050838]: [planner][row1-debug] skeleton[1]=(1.250,1.550)[0m
[33m[WARN] [1789384225.293214821]: [planner][row1-debug] skeleton[2]=(1.250,2.950)[0m
[33m[WARN] [1789384225.293380939]: [planner][row1-debug] skeleton[3]=(0.145,2.950)[0m
[33m[WARN] [1789384225.293552325]: [planner][row1-debug] skeleton[4]=(0.145,3.791)[0m
[33m[WARN] [1789384225.293718187]: [planner][row1-debug] skeleton[5]=(1.250,3.791)[0m
[33m[WARN] [1789384225.293894901]: [planner][row1-debug] skeleton[6]=(1.250,4.301)[0m
[33m[WARN] [1789384225.294070600]: [planner][row1-debug] lane_shift skipped tgt=101 j=2 outer 1/2 <-> spine 2/3 connector keeps normal turn planning lateral=1.105[0m
[33m[WARN] [1789384225.294228503]: [planner][row1-debug] lane_shift skipped tgt=101 j=4 terminal A1 connector keeps full vertical segment[0m
[33m[WARN] [1789384225.294711139]: [planner][row1-debug] prepend enter src=27 row1_upper=0 raw_pts=164 a_rev=(0.782,2.041) b=(2.048,1.550) path_front=(2.048,1.550 180.0deg type=0)[0m
[33m[WARN] [1789384225.295273319]: [planner][row1-debug] route=B_TO_A1 debug_rev=row1_aux_lane_to_a1_v2 src=28 tgt=101 src_corr=2 tgt_corr=1 target=(1.250,4.100 th=90.0deg) mode=auto terminal_reverse=0 near_gap=0.584 far_gap=0.304 horiz=0.000 min_x=0.676[0m
[33m[WARN] [1789384225.295435502]: [planner][row1-debug] initial_reverse tgt=101 same_corr=0 start_to_right=0 start_lane_y=2.950 forward_heading=180.0deg reverse_end_dir=(0.0deg) desired_end_x=1.361 actual_end=(1.661,2.950) reverse_origin=(1.001,2.385) curve_start=(1.001,2.612) curve_pts=56 direct_ok=1[0m
[33m[WARN] [1789384225.295616253]: [planner][row1-debug] skeleton tgt=101 points=5 terminal_reverse=0 goal_lane_y=3.791 terminal_stop_y=4.100 final_ref_x=1.250[0m
[33m[WARN] [1789384225.295785635]: [planner][row1-debug] skeleton[0]=(1.661,2.950)[0m
[33m[WARN] [1789384225.295954780]: [planner][row1-debug] skeleton[1]=(0.145,2.950)[0m
[33m[WARN] [1789384225.296116844]: [planner][row1-debug] skeleton[2]=(0.145,3.791)[0m
[33m[WARN] [1789384225.296270698]: [planner][row1-debug] skeleton[3]=(1.250,3.791)[0m
[33m[WARN] [1789384225.296429235]: [planner][row1-debug] skeleton[4]=(1.250,4.301)[0m
[33m[WARN] [1789384225.296670646]: [planner][row1-debug] lane_shift skipped tgt=101 j=2 terminal A1 connector keeps full vertical segment[0m
[33m[WARN] [1789384225.297120737]: [planner][row1-debug] prepend enter src=28 row1_upper=0 raw_pts=104 a_rev=(1.001,2.459) b=(1.661,2.950) path_front=(1.661,2.950 180.0deg type=0)[0m
[33m[WARN] [1789384225.297346006]: [planner][row1-debug] route=A1_TO_B src=101 tgt=28 src_corr=1 tgt_corr=2 target=(1.001,2.641 th=-90.0deg) mode=auto terminal_reverse=0 near_gap=0.491 far_gap=0.211 horiz=0.358 min_x=0.676[0m
[33m[WARN] [1789384225.297501768]: [planner][row1-debug] initial_reverse tgt=28 same_corr=0 start_to_right=1 start_lane_y=3.791 forward_heading=0.0deg reverse_end_dir=(180.0deg) desired_end_x=0.890 actual_end=(0.590,3.791) curve_start=(1.250,4.129) curve_pts=56 direct_ok=1[0m
[33m[WARN] [1789384225.297664644]: [planner][row1-debug] skeleton tgt=28 points=5 terminal_reverse=0 goal_lane_y=2.950 terminal_stop_y=2.641 final_ref_x=1.359[0m
[33m[WARN] [1789384225.297828218]: [planner][row1-debug] skeleton[0]=(0.590,3.791)[0m
[33m[WARN] [1789384225.297985456]: [planner][row1-debug] skeleton[1]=(1.865,3.791)[0m
[33m[WARN] [1789384225.298139934]: [planner][row1-debug] skeleton[2]=(1.865,2.950)[0m
[33m[WARN] [1789384225.298295918]: [planner][row1-debug] skeleton[3]=(1.001,2.950)[0m
[33m[WARN] [1789384225.298456905]: [planner][row1-debug] skeleton[4]=(1.001,2.459)[0m
[33m[WARN] [1789384225.298613039]: [planner][row1-debug] lane_shift skipped tgt=28 j=2 terminal=1 lateral=0.864: row3 keeps aisle turn into slot[0m
[33m[WARN] [1789384225.299000775]: [planner][row1-debug] clothoid infeasible tgt=28 j=2 p=(1.865, 2.950) prev=(1.865, 3.791) next=(1.001, 2.950) prev_len=0.840 next_len=0.864 limit=0.342[0m
[33m[WARN] [1789384225.299159246]: [planner][row1-debug] local arc fallback tgt=28 j=2 radius=0.311 max_radius=0.311 pts=50[0m
[33m[WARN] [1789384225.299400082]: [planner][row1-debug] route=B_TO_A1 debug_rev=row1_aux_lane_to_a1_v2 src=29 tgt=101 src_corr=3 tgt_corr=1 target=(1.250,4.100 th=90.0deg) mode=auto terminal_reverse=0 near_gap=0.584 far_gap=0.304 horiz=0.000 min_x=0.676[0m
[33m[WARN] [1789384225.299554689]: [planner][row1-debug] initial_reverse tgt=101 same_corr=0 start_to_right=0 start_lane_y=1.550 forward_heading=180.0deg reverse_end_dir=(0.0deg) desired_end_x=1.748 actual_end=(2.048,1.550) reverse_origin=(1.001,2.115) curve_start=(1.001,1.888) curve_pts=56 direct_ok=1[0m
[33m[WARN] [1789384225.299724038]: [planner][row1-debug] skeleton tgt=101 points=7 terminal_reverse=0 goal_lane_y=3.791 terminal_stop_y=4.100 final_ref_x=1.250[0m
[33m[WARN] [1789384225.299884411]: [planner][row1-debug] skeleton[0]=(2.048,1.550)[0m
[33m[WARN] [1789384225.300041609]: [planner][row1-debug] skeleton[1]=(1.250,1.550)[0m
[33m[WARN] [1789384225.300198298]: [planner][row1-debug] skeleton[2]=(1.250,2.950)[0m
[33m[WARN] [1789384225.300359551]: [planner][row1-debug] skeleton[3]=(0.145,2.950)[0m
[33m[WARN] [1789384225.300512761]: [planner][row1-debug] skeleton[4]=(0.145,3.791)[0m
[33m[WARN] [1789384225.300679734]: [planner][row1-debug] skeleton[5]=(1.250,3.791)[0m
[33m[WARN] [1789384225.300837875]: [planner][row1-debug] skeleton[6]=(1.250,4.301)[0m
[33m[WARN] [1789384225.301003628]: [planner][row1-debug] lane_shift skipped tgt=101 j=2 outer 1/2 <-> spine 2/3 connector keeps normal turn planning lateral=1.105[0m
[33m[WARN] [1789384225.301164019]: [planner][row1-debug] lane_shift skipped tgt=101 j=4 terminal A1 connector keeps full vertical segment[0m
[33m[WARN] [1789384225.301648665]: [planner][row1-debug] prepend enter src=29 row1_upper=0 raw_pts=142 a_rev=(1.001,2.041) b=(2.048,1.550) path_front=(2.048,1.550 180.0deg type=0)[0m
[33m[WARN] [1789384225.302195773]: [planner][row1-debug] route=B_TO_A1 debug_rev=row1_aux_lane_to_a1_v2 src=30 tgt=101 src_corr=2 tgt_corr=1 target=(1.250,4.100 th=90.0deg) mode=auto terminal_reverse=0 near_gap=0.584 far_gap=0.304 horiz=0.000 min_x=0.676[0m
[33m[WARN] [1789384225.302405488]: [planner][row1-debug] initial_reverse tgt=101 same_corr=0 start_to_right=1 start_lane_y=2.950 forward_heading=0.0deg reverse_end_dir=(180.0deg) desired_end_x=1.139 actual_end=(0.839,2.950) reverse_origin=(1.499,2.385) curve_start=(1.499,2.612) curve_pts=56 direct_ok=1[0m
[33m[WARN] [1789384225.302655083]: [planner][row1-debug] skeleton tgt=101 points=5 terminal_reverse=0 goal_lane_y=3.791 terminal_stop_y=4.100 final_ref_x=1.250[0m
[33m[WARN] [1789384225.302850177]: [planner][row1-debug] skeleton[0]=(0.839,2.950)[0m
[33m[WARN] [1789384225.303027842]: [planner][row1-debug] skeleton[1]=(2.155,2.950)[0m
[33m[WARN] [1789384225.303202450]: [planner][row1-debug] skeleton[2]=(2.155,3.791)[0m
[33m[WARN] [1789384225.303371448]: [planner][row1-debug] skeleton[3]=(1.250,3.791)[0m
[33m[WARN] [1789384225.303538196]: [planner][row1-debug] skeleton[4]=(1.250,4.301)[0m
[33m[WARN] [1789384225.303719583]: [planner][row1-debug] lane_shift skipped tgt=101 j=2 terminal A1 connector keeps full vertical segment[0m
[33m[WARN] [1789384225.305114838]: [planner][row1-debug] clothoid infeasible tgt=101 j=2 p=(2.155, 3.791) prev=(2.155, 2.950) next=(1.250, 3.791) prev_len=0.840 next_len=0.905 limit=0.340[0m
[33m[WARN] [1789384225.305274135]: [planner] slot 101: using local arc fallback only at infeasible turns; accepted lane shifts and clothoids are preserved[0m
[33m[WARN] [1789384225.305443409]: [planner][row1-debug] local arc fallback tgt=101 j=2 radius=0.311 max_radius=0.311 pts=50[0m
[33m[WARN] [1789384225.305618098]: [planner][row1-debug] prepend enter src=30 row1_upper=0 raw_pts=104 a_rev=(1.499,2.459) b=(0.839,2.950) path_front=(0.839,2.950 0.0deg type=0)[0m
[33m[WARN] [1789384225.305942923]: [planner][row1-debug] route=A1_TO_B src=101 tgt=30 src_corr=1 tgt_corr=2 target=(1.499,2.641 th=-90.0deg) mode=auto terminal_reverse=0 near_gap=0.211 far_gap=0.491 horiz=0.358 min_x=0.676[0m
[33m[WARN] [1789384225.306121993]: [planner][row1-debug] initial_reverse tgt=30 same_corr=0 start_to_right=0 start_lane_y=3.791 forward_heading=180.0deg reverse_end_dir=(0.0deg) desired_end_x=1.610 actual_end=(1.910,3.791) curve_start=(1.250,4.129) curve_pts=56 direct_ok=1[0m
[33m[WARN] [1789384225.306286859]: [planner][row1-debug] skeleton tgt=30 points=5 terminal_reverse=0 goal_lane_y=2.950 terminal_stop_y=2.641 final_ref_x=1.141[0m
[33m[WARN] [1789384225.306439363]: [planner][row1-debug] skeleton[0]=(1.910,3.791)[0m
[33m[WARN] [1789384225.306601499]: [planner][row1-debug] skeleton[1]=(0.435,3.791)[0m
[33m[WARN] [1789384225.306760029]: [planner][row1-debug] skeleton[2]=(0.435,2.950)[0m
[33m[WARN] [1789384225.306920069]: [planner][row1-debug] skeleton[3]=(1.499,2.950)[0m
[33m[WARN] [1789384225.307197887]: [planner][row1-debug] skeleton[4]=(1.499,2.459)[0m
[33m[WARN] [1789384225.307391725]: [planner][row1-debug] lane_shift skipped tgt=30 j=2 terminal=1 lateral=1.064: row3 keeps aisle turn into slot[0m
[33m[WARN] [1789384225.308273114]: [planner][row1-debug] route=B_TO_A1 debug_rev=row1_aux_lane_to_a1_v2 src=31 tgt=101 src_corr=3 tgt_corr=1 target=(1.250,4.100 th=90.0deg) mode=auto terminal_reverse=0 near_gap=0.584 far_gap=0.304 horiz=0.000 min_x=0.676[0m
[33m[WARN] [1789384225.308577657]: [planner][row1-debug] initial_reverse tgt=101 same_corr=0 start_to_right=1 start_lane_y=1.550 forward_heading=0.0deg reverse_end_dir=(180.0deg) desired_end_x=0.752 actual_end=(0.452,1.550) reverse_origin=(1.499,2.115) curve_start=(1.499,1.888) curve_pts=56 direct_ok=1[0m
[33m[WARN] [1789384225.308755142]: [planner][row1-debug] skeleton tgt=101 points=7 terminal_reverse=0 goal_lane_y=3.791 terminal_stop_y=4.100 final_ref_x=1.250[0m
[33m[WARN] [1789384225.308932477]: [planner][row1-debug] skeleton[0]=(0.452,1.550)[0m
[33m[WARN] [1789384225.309105023]: [planner][row1-debug] skeleton[1]=(1.250,1.550)[0m
[33m[WARN] [1789384225.309273904]: [planner][row1-debug] skeleton[2]=(1.250,2.950)[0m
[33m[WARN] [1789384225.309441218]: [planner][row1-debug] skeleton[3]=(2.155,2.950)[0m
[33m[WARN] [1789384225.309604786]: [planner][row1-debug] skeleton[4]=(2.155,3.791)[0m
[33m[WARN] [1789384225.309798038]: [planner][row1-debug] skeleton[5]=(1.250,3.791)[0m
[33m[WARN] [1789384225.309946186]: [planner][row1-debug] skeleton[6]=(1.250,4.301)[0m
[33m[WARN] [1789384225.310110681]: [planner][row1-debug] lane_shift skipped tgt=101 j=2 outer 1/2 <-> spine 2/3 connector keeps normal turn planning lateral=0.905[0m
[33m[WARN] [1789384225.310387609]: [planner][row1-debug] lane_shift skipped tgt=101 j=4 terminal A1 connector keeps full vertical segment[0m
[33m[WARN] [1789384225.311621668]: [planner][row1-debug] prepend enter src=31 row1_upper=0 raw_pts=142 a_rev=(1.499,2.041) b=(0.452,1.550) path_front=(0.452,1.550 0.0deg type=0)[0m
[33m[WARN] [1789384225.312170855]: [planner][row1-debug] route=B_TO_A1 debug_rev=row1_aux_lane_to_a1_v2 src=32 tgt=101 src_corr=2 tgt_corr=1 target=(1.250,4.100 th=90.0deg) mode=auto terminal_reverse=0 near_gap=0.584 far_gap=0.304 horiz=0.000 min_x=0.676[0m
[33m[WARN] [1789384225.312362683]: [planner][row1-debug] initial_reverse tgt=101 same_corr=0 start_to_right=1 start_lane_y=2.950 forward_heading=0.0deg reverse_end_dir=(180.0deg) desired_end_x=1.358 actual_end=(1.058,2.950) reverse_origin=(1.718,2.385) curve_start=(1.718,2.612) curve_pts=56 direct_ok=1[0m
[33m[WARN] [1789384225.312521342]: [planner][row1-debug] skeleton tgt=101 points=5 terminal_reverse=0 goal_lane_y=3.791 terminal_stop_y=4.100 final_ref_x=1.250[0m
[33m[WARN] [1789384225.312682501]: [planner][row1-debug] skeleton[0]=(1.058,2.950)[0m
[33m[WARN] [1789384225.312847162]: [planner][row1-debug] skeleton[1]=(2.155,2.950)[0m
[33m[WARN] [1789384225.313007424]: [planner][row1-debug] skeleton[2]=(2.155,3.791)[0m
[33m[WARN] [1789384225.313180491]: [planner][row1-debug] skeleton[3]=(1.250,3.791)[0m
[33m[WARN] [1789384225.313340684]: [planner][row1-debug] skeleton[4]=(1.250,4.301)[0m
[33m[WARN] [1789384225.313496368]: [planner][row1-debug] lane_shift skipped tgt=101 j=2 terminal A1 connector keeps full vertical segment[0m
[33m[WARN] [1789384225.314511785]: [planner][row1-debug] clothoid infeasible tgt=101 j=2 p=(2.155, 3.791) prev=(2.155, 2.950) next=(1.250, 3.791) prev_len=0.840 next_len=0.905 limit=0.340[0m
[33m[WARN] [1789384225.314671161]: [planner][row1-debug] local arc fallback tgt=101 j=2 radius=0.311 max_radius=0.311 pts=50[0m
[33m[WARN] [1789384225.314836808]: [planner][row1-debug] prepend enter src=32 row1_upper=0 raw_pts=104 a_rev=(1.718,2.459) b=(1.058,2.950) path_front=(1.058,2.950 0.0deg type=0)[0m
[33m[WARN] [1789384225.315071965]: [planner][row1-debug] route=A1_TO_B src=101 tgt=32 src_corr=1 tgt_corr=2 target=(1.718,2.641 th=-90.0deg) mode=auto terminal_reverse=0 near_gap=0.211 far_gap=0.491 horiz=0.468 min_x=0.676[0m
[33m[WARN] [1789384225.315225358]: [planner][row1-debug] initial_reverse tgt=32 same_corr=0 start_to_right=0 start_lane_y=3.791 forward_heading=180.0deg reverse_end_dir=(0.0deg) desired_end_x=1.610 actual_end=(1.910,3.791) curve_start=(1.250,4.129) curve_pts=56 direct_ok=1[0m
[33m[WARN] [1789384225.315389795]: [planner][row1-debug] skeleton tgt=32 points=5 terminal_reverse=0 goal_lane_y=2.950 terminal_stop_y=2.641 final_ref_x=1.250[0m
[33m[WARN] [1789384225.315546068]: [planner][row1-debug] skeleton[0]=(1.910,3.791)[0m
[33m[WARN] [1789384225.315719729]: [planner][row1-debug] skeleton[1]=(0.435,3.791)[0m
[33m[WARN] [1789384225.315875903]: [planner][row1-debug] skeleton[2]=(0.435,2.950)[0m
[33m[WARN] [1789384225.316052901]: [planner][row1-debug] skeleton[3]=(1.718,2.950)[0m
[33m[WARN] [1789384225.316214819]: [planner][row1-debug] skeleton[4]=(1.718,2.459)[0m
[33m[WARN] [1789384225.316883917]: [planner][row1-debug] route=B_TO_A1 debug_rev=row1_aux_lane_to_a1_v2 src=33 tgt=101 src_corr=3 tgt_corr=1 target=(1.250,4.100 th=90.0deg) mode=auto terminal_reverse=0 near_gap=0.584 far_gap=0.304 horiz=0.000 min_x=0.676[0m
[33m[WARN] [1789384225.317084102]: [planner][row1-debug] initial_reverse tgt=101 same_corr=0 start_to_right=1 start_lane_y=1.550 forward_heading=0.0deg reverse_end_dir=(180.0deg) desired_end_x=0.752 actual_end=(0.452,1.550) reverse_origin=(1.718,2.115) curve_start=(1.718,1.888) curve_pts=56 direct_ok=1[0m
[33m[WARN] [1789384225.317264184]: [planner][row1-debug] skeleton tgt=101 points=7 terminal_reverse=0 goal_lane_y=3.791 terminal_stop_y=4.100 final_ref_x=1.250[0m
[33m[WARN] [1789384225.317421249]: [planner][row1-debug] skeleton[0]=(0.452,1.550)[0m
[33m[WARN] [1789384225.317577475]: [planner][row1-debug] skeleton[1]=(1.250,1.550)[0m
[33m[WARN] [1789384225.317729160]: [planner][row1-debug] skeleton[2]=(1.250,2.950)[0m
[33m[WARN] [1789384225.317885887]: [planner][row1-debug] skeleton[3]=(2.155,2.950)[0m
[33m[WARN] [1789384225.318037103]: [planner][row1-debug] skeleton[4]=(2.155,3.791)[0m
[33m[WARN] [1789384225.318188870]: [planner][row1-debug] skeleton[5]=(1.250,3.791)[0m
[33m[WARN] [1789384225.318343470]: [planner][row1-debug] skeleton[6]=(1.250,4.301)[0m
[33m[WARN] [1789384225.318513637]: [planner][row1-debug] lane_shift skipped tgt=101 j=2 outer 1/2 <-> spine 2/3 connector keeps normal turn planning lateral=0.905[0m
[33m[WARN] [1789384225.318672518]: [planner][row1-debug] lane_shift skipped tgt=101 j=4 terminal A1 connector keeps full vertical segment[0m
[33m[WARN] [1789384225.319820451]: [planner][row1-debug] prepend enter src=33 row1_upper=0 raw_pts=164 a_rev=(1.718,2.041) b=(0.452,1.550) path_front=(0.452,1.550 0.0deg type=0)[0m
[33m[WARN] [1789384225.320374502]: [planner][row1-debug] route=B_TO_A1 debug_rev=row1_aux_lane_to_a1_v2 src=34 tgt=101 src_corr=2 tgt_corr=1 target=(1.250,4.100 th=90.0deg) mode=auto terminal_reverse=0 near_gap=0.584 far_gap=0.304 horiz=0.000 min_x=0.676[0m
[33m[WARN] [1789384225.320538679]: [planner][row1-debug] initial_reverse tgt=101 same_corr=0 start_to_right=1 start_lane_y=2.950 forward_heading=0.0deg reverse_end_dir=(180.0deg) desired_end_x=1.578 actual_end=(1.278,2.950) reverse_origin=(1.938,2.385) curve_start=(1.938,2.612) curve_pts=56 direct_ok=1[0m
[33m[WARN] [1789384225.320702670]: [planner][row1-debug] skeleton tgt=101 points=5 terminal_reverse=0 goal_lane_y=3.791 terminal_stop_y=4.100 final_ref_x=1.250[0m
[33m[WARN] [1789384225.320870563]: [planner][row1-debug] skeleton[0]=(1.278,2.950)[0m
[33m[WARN] [1789384225.321040133]: [planner][row1-debug] skeleton[1]=(2.155,2.950)[0m
[33m[WARN] [1789384225.321192596]: [planner][row1-debug] skeleton[2]=(2.155,3.791)[0m
[33m[WARN] [1789384225.321356539]: [planner][row1-debug] skeleton[3]=(1.250,3.791)[0m
[33m[WARN] [1789384225.321508576]: [planner][row1-debug] skeleton[4]=(1.250,4.301)[0m
[33m[WARN] [1789384225.321671680]: [planner][row1-debug] lane_shift skipped tgt=101 j=2 terminal A1 connector keeps full vertical segment[0m
[33m[WARN] [1789384225.322702151]: [planner][row1-debug] clothoid infeasible tgt=101 j=2 p=(2.155, 3.791) prev=(2.155, 2.950) next=(1.250, 3.791) prev_len=0.840 next_len=0.905 limit=0.340[0m
[33m[WARN] [1789384225.322873538]: [planner][row1-debug] local arc fallback tgt=101 j=2 radius=0.311 max_radius=0.311 pts=50[0m
[33m[WARN] [1789384225.323117964]: [planner][row1-debug] prepend enter src=34 row1_upper=0 raw_pts=104 a_rev=(1.938,2.459) b=(1.278,2.950) path_front=(1.278,2.950 0.0deg type=0)[0m
[33m[WARN] [1789384225.323376233]: [planner][row1-debug] route=A1_TO_B src=101 tgt=34 src_corr=1 tgt_corr=2 target=(1.938,2.641 th=-90.0deg) mode=auto terminal_reverse=0 near_gap=0.211 far_gap=0.491 horiz=0.688 min_x=0.676[0m
[33m[WARN] [1789384225.323547034]: [planner][row1-debug] initial_reverse tgt=34 same_corr=0 start_to_right=0 start_lane_y=3.791 forward_heading=180.0deg reverse_end_dir=(0.0deg) desired_end_x=1.610 actual_end=(1.910,3.791) curve_start=(1.250,4.129) curve_pts=56 direct_ok=1[0m
[33m[WARN] [1789384225.323703935]: [planner][row1-debug] skeleton tgt=34 points=5 terminal_reverse=0 goal_lane_y=2.950 terminal_stop_y=2.641 final_ref_x=1.250[0m
[33m[WARN] [1789384225.323861653]: [planner][row1-debug] skeleton[0]=(1.910,3.791)[0m
[33m[WARN] [1789384225.324025061]: [planner][row1-debug] skeleton[1]=(0.435,3.791)[0m
[33m[WARN] [1789384225.324185680]: [planner][row1-debug] skeleton[2]=(0.435,2.950)[0m
[33m[WARN] [1789384225.324362449]: [planner][row1-debug] skeleton[3]=(1.938,2.950)[0m
[33m[WARN] [1789384225.324513000]: [planner][row1-debug] skeleton[4]=(1.938,2.459)[0m
[33m[WARN] [1789384225.325195692]: [planner][row1-debug] route=B_TO_A1 debug_rev=row1_aux_lane_to_a1_v2 src=35 tgt=101 src_corr=3 tgt_corr=1 target=(1.250,4.100 th=90.0deg) mode=auto terminal_reverse=0 near_gap=0.584 far_gap=0.304 horiz=0.000 min_x=0.676[0m
[33m[WARN] [1789384225.325362589]: [planner][row1-debug] initial_reverse tgt=101 same_corr=0 start_to_right=1 start_lane_y=1.550 forward_heading=0.0deg reverse_end_dir=(180.0deg) desired_end_x=0.752 actual_end=(0.452,1.550) reverse_origin=(1.938,2.115) curve_start=(1.938,1.888) curve_pts=56 direct_ok=1[0m
[33m[WARN] [1789384225.325515634]: [planner][row1-debug] skeleton tgt=101 points=7 terminal_reverse=0 goal_lane_y=3.791 terminal_stop_y=4.100 final_ref_x=1.250[0m
[33m[WARN] [1789384225.325674820]: [planner][row1-debug] skeleton[0]=(0.452,1.550)[0m
[33m[WARN] [1789384225.325832119]: [planner][row1-debug] skeleton[1]=(1.250,1.550)[0m
[33m[WARN] [1789384225.326004631]: [planner][row1-debug] skeleton[2]=(1.250,2.950)[0m
[33m[WARN] [1789384225.326161613]: [planner][row1-debug] skeleton[3]=(2.155,2.950)[0m
[33m[WARN] [1789384225.326314025]: [planner][row1-debug] skeleton[4]=(2.155,3.791)[0m
[33m[WARN] [1789384225.326467930]: [planner][row1-debug] skeleton[5]=(1.250,3.791)[0m
[33m[WARN] [1789384225.326617141]: [planner][row1-debug] skeleton[6]=(1.250,4.301)[0m
[33m[WARN] [1789384225.326787768]: [planner][row1-debug] lane_shift skipped tgt=101 j=2 outer 1/2 <-> spine 2/3 connector keeps normal turn planning lateral=0.905[0m
[33m[WARN] [1789384225.326967642]: [planner][row1-debug] lane_shift skipped tgt=101 j=4 terminal A1 connector keeps full vertical segment[0m
[33m[WARN] [1789384225.328096377]: [planner][row1-debug] prepend enter src=35 row1_upper=0 raw_pts=186 a_rev=(1.938,2.041) b=(0.452,1.550) path_front=(0.452,1.550 0.0deg type=0)[0m
[33m[WARN] [1789384225.328659887]: [planner][row1-debug] route=B_TO_A1 debug_rev=row1_aux_lane_to_a1_v2 src=36 tgt=101 src_corr=2 tgt_corr=1 target=(1.250,4.100 th=90.0deg) mode=auto terminal_reverse=0 near_gap=0.584 far_gap=0.304 horiz=0.000 min_x=0.676[0m
[33m[WARN] [1789384225.328819160]: [planner][row1-debug] initial_reverse tgt=101 same_corr=0 start_to_right=1 start_lane_y=2.950 forward_heading=0.0deg reverse_end_dir=(180.0deg) desired_end_x=1.657 actual_end=(1.357,2.950) reverse_origin=(2.157,2.385) curve_start=(2.157,2.612) curve_pts=56 direct_ok=1[0m
[33m[WARN] [1789384225.328978689]: [planner][row1-debug] skeleton tgt=101 points=5 terminal_reverse=0 goal_lane_y=3.791 terminal_stop_y=4.100 final_ref_x=1.250[0m
[33m[WARN] [1789384225.329129056]: [planner][row1-debug] skeleton[0]=(1.357,2.950)[0m
[33m[WARN] [1789384225.329289229]: [planner][row1-debug] skeleton[1]=(2.155,2.950)[0m
[33m[WARN] [1789384225.329453731]: [planner][row1-debug] skeleton[2]=(2.155,3.791)[0m
[33m[WARN] [1789384225.329621559]: [planner][row1-debug] skeleton[3]=(1.250,3.791)[0m
[33m[WARN] [1789384225.329786439]: [planner][row1-debug] skeleton[4]=(1.250,4.301)[0m
[33m[WARN] [1789384225.329959247]: [planner][row1-debug] lane_shift skipped tgt=101 j=2 terminal A1 connector keeps full vertical segment[0m
[33m[WARN] [1789384225.331044447]: [planner][row1-debug] clothoid infeasible tgt=101 j=2 p=(2.155, 3.791) prev=(2.155, 2.950) next=(1.250, 3.791) prev_len=0.840 next_len=0.905 limit=0.341[0m
[33m[WARN] [1789384225.331213420]: [planner][row1-debug] local arc fallback tgt=101 j=2 radius=0.325 max_radius=0.325 pts=53[0m
[33m[WARN] [1789384225.331400664]: [planner][row1-debug] prepend enter src=36 row1_upper=0 raw_pts=118 a_rev=(2.157,2.459) b=(1.357,2.950) path_front=(1.357,2.950 0.0deg type=0)[0m
[33m[WARN] [1789384225.331671585]: [planner][row1-debug] route=A1_TO_B src=101 tgt=36 src_corr=1 tgt_corr=2 target=(2.157,2.641 th=-90.0deg) mode=auto terminal_reverse=0 near_gap=0.211 far_gap=0.491 horiz=0.907 min_x=0.676[0m
[33m[WARN] [1789384225.331837342]: [planner][row1-debug] initial_reverse tgt=36 same_corr=0 start_to_right=0 start_lane_y=3.791 forward_heading=180.0deg reverse_end_dir=(0.0deg) desired_end_x=1.610 actual_end=(1.910,3.791) curve_start=(1.250,4.129) curve_pts=56 direct_ok=1[0m
[33m[WARN] [1789384225.332014595]: [planner][row1-debug] skeleton tgt=36 points=5 terminal_reverse=0 goal_lane_y=2.950 terminal_stop_y=2.641 final_ref_x=1.250[0m
[33m[WARN] [1789384225.332171680]: [planner][row1-debug] skeleton[0]=(1.910,3.791)[0m
[33m[WARN] [1789384225.332335622]: [planner][row1-debug] skeleton[1]=(0.435,3.791)[0m
[33m[WARN] [1789384225.332514880]: [planner][row1-debug] skeleton[2]=(0.435,2.950)[0m
[33m[WARN] [1789384225.332678356]: [planner][row1-debug] skeleton[3]=(2.157,2.950)[0m
[33m[WARN] [1789384225.332832665]: [planner][row1-debug] skeleton[4]=(2.157,2.459)[0m
[33m[WARN] [1789384225.333509498]: [planner][row1-debug] route=B_TO_A1 debug_rev=row1_aux_lane_to_a1_v2 src=37 tgt=101 src_corr=3 tgt_corr=1 target=(1.250,4.100 th=90.0deg) mode=auto terminal_reverse=0 near_gap=0.584 far_gap=0.304 horiz=0.000 min_x=0.676[0m
[33m[WARN] [1789384225.333685183]: [planner][row1-debug] initial_reverse tgt=101 same_corr=0 start_to_right=1 start_lane_y=1.550 forward_heading=0.0deg reverse_end_dir=(180.0deg) desired_end_x=0.752 actual_end=(0.452,1.550) reverse_origin=(2.157,2.115) curve_start=(2.157,1.888) curve_pts=56 direct_ok=1[0m
[33m[WARN] [1789384225.333842094]: [planner][row1-debug] skeleton tgt=101 points=7 terminal_reverse=0 goal_lane_y=3.791 terminal_stop_y=4.100 final_ref_x=1.250[0m
[33m[WARN] [1789384225.333991847]: [planner][row1-debug] skeleton[0]=(0.452,1.550)[0m
[33m[WARN] [1789384225.334138758]: [planner][row1-debug] skeleton[1]=(1.250,1.550)[0m
[33m[WARN] [1789384225.334293010]: [planner][row1-debug] skeleton[2]=(1.250,2.950)[0m
[33m[WARN] [1789384225.334448275]: [planner][row1-debug] skeleton[3]=(2.155,2.950)[0m
[33m[WARN] [1789384225.334607960]: [planner][row1-debug] skeleton[4]=(2.155,3.791)[0m
[33m[WARN] [1789384225.334772357]: [planner][row1-debug] skeleton[5]=(1.250,3.791)[0m
[33m[WARN] [1789384225.334929857]: [planner][row1-debug] skeleton[6]=(1.250,4.301)[0m
[33m[WARN] [1789384225.335092919]: [planner][row1-debug] lane_shift skipped tgt=101 j=2 outer 1/2 <-> spine 2/3 connector keeps normal turn planning lateral=0.905[0m
[33m[WARN] [1789384225.335250509]: [planner][row1-debug] lane_shift skipped tgt=101 j=4 terminal A1 connector keeps full vertical segment[0m
[33m[WARN] [1789384225.336377871]: [planner][row1-debug] prepend enter src=37 row1_upper=0 raw_pts=208 a_rev=(2.157,2.041) b=(0.452,1.550) path_front=(0.452,1.550 0.0deg type=0)[0m
[33m[WARN] [1789384225.337014432]: [planner][row1-debug] route=B_TO_A1 debug_rev=row1_aux_lane_to_a1_v2 src=38 tgt=101 src_corr=2 tgt_corr=1 target=(1.250,4.100 th=90.0deg) mode=auto terminal_reverse=0 near_gap=0.584 far_gap=0.304 horiz=0.000 min_x=0.676[0m
[33m[WARN] [1789384225.337199130]: [planner][row1-debug] initial_reverse tgt=101 same_corr=0 start_to_right=1 start_lane_y=2.950 forward_heading=0.0deg reverse_end_dir=(180.0deg) desired_end_x=1.657 actual_end=(1.357,2.950) reverse_origin=(2.376,2.385) curve_start=(2.376,2.612) curve_pts=56 direct_ok=1[0m
[33m[WARN] [1789384225.337369968]: [planner][row1-debug] skeleton tgt=101 points=5 terminal_reverse=0 goal_lane_y=3.791 terminal_stop_y=4.100 final_ref_x=1.250[0m
[33m[WARN] [1789384225.337542834]: [planner][row1-debug] skeleton[0]=(1.357,2.950)[0m
[33m[WARN] [1789384225.337718884]: [planner][row1-debug] skeleton[1]=(2.155,2.950)[0m
[33m[WARN] [1789384225.337877319]: [planner][row1-debug] skeleton[2]=(2.155,3.791)[0m
[33m[WARN] [1789384225.338042686]: [planner][row1-debug] skeleton[3]=(1.250,3.791)[0m
[33m[WARN] [1789384225.338198605]: [planner][row1-debug] skeleton[4]=(1.250,4.301)[0m
[33m[WARN] [1789384225.338360491]: [planner][row1-debug] lane_shift skipped tgt=101 j=2 terminal A1 connector keeps full vertical segment[0m
[33m[WARN] [1789384225.339463290]: [planner][row1-debug] clothoid infeasible tgt=101 j=2 p=(2.155, 3.791) prev=(2.155, 2.950) next=(1.250, 3.791) prev_len=0.840 next_len=0.905 limit=0.341[0m
[33m[WARN] [1789384225.339653007]: [planner][row1-debug] local arc fallback tgt=101 j=2 radius=0.325 max_radius=0.325 pts=53[0m
[33m[WARN] [1789384225.339854601]: [planner][row1-debug] prepend enter src=38 row1_upper=0 raw_pts=140 a_rev=(2.376,2.459) b=(1.357,2.950) path_front=(1.357,2.950 0.0deg type=0)[0m
[33m[WARN] [1789384225.340109463]: [planner][row1-debug] route=A1_TO_B src=101 tgt=38 src_corr=1 tgt_corr=2 target=(2.376,2.641 th=-90.0deg) mode=auto terminal_reverse=0 near_gap=0.211 far_gap=0.491 horiz=1.126 min_x=0.676[0m
[33m[WARN] [1789384225.340292827]: [planner][row1-debug] initial_reverse tgt=38 same_corr=0 start_to_right=0 start_lane_y=3.791 forward_heading=180.0deg reverse_end_dir=(0.0deg) desired_end_x=1.610 actual_end=(1.910,3.791) curve_start=(1.250,4.129) curve_pts=56 direct_ok=1[0m
[33m[WARN] [1789384225.340454759]: [planner][row1-debug] skeleton tgt=38 points=5 terminal_reverse=0 goal_lane_y=2.950 terminal_stop_y=2.641 final_ref_x=1.250[0m
[33m[WARN] [1789384225.340612590]: [planner][row1-debug] skeleton[0]=(1.910,3.791)[0m
[33m[WARN] [1789384225.340771669]: [planner][row1-debug] skeleton[1]=(0.435,3.791)[0m
[33m[WARN] [1789384225.340925952]: [planner][row1-debug] skeleton[2]=(0.435,2.950)[0m
[33m[WARN] [1789384225.341081273]: [planner][row1-debug] skeleton[3]=(2.376,2.950)[0m
[33m[WARN] [1789384225.341241389]: [planner][row1-debug] skeleton[4]=(2.376,2.459)[0m
[33m[WARN] [1789384225.342015459]: [planner][row1-debug] route=B_TO_A1 debug_rev=row1_aux_lane_to_a1_v2 src=39 tgt=101 src_corr=3 tgt_corr=1 target=(1.250,4.100 th=90.0deg) mode=auto terminal_reverse=0 near_gap=0.584 far_gap=0.304 horiz=0.000 min_x=0.676[0m
[33m[WARN] [1789384225.342223283]: [planner][row1-debug] initial_reverse tgt=101 same_corr=0 start_to_right=1 start_lane_y=1.550 forward_heading=0.0deg reverse_end_dir=(180.0deg) desired_end_x=0.752 actual_end=(0.452,1.550) reverse_origin=(2.376,2.115) curve_start=(2.376,1.888) curve_pts=56 direct_ok=1[0m
[33m[WARN] [1789384225.342384605]: [planner][row1-debug] skeleton tgt=101 points=7 terminal_reverse=0 goal_lane_y=3.791 terminal_stop_y=4.100 final_ref_x=1.250[0m
[33m[WARN] [1789384225.342542968]: [planner][row1-debug] skeleton[0]=(0.452,1.550)[0m
[33m[WARN] [1789384225.342688478]: [planner][row1-debug] skeleton[1]=(1.250,1.550)[0m
[33m[WARN] [1789384225.342830940]: [planner][row1-debug] skeleton[2]=(1.250,2.950)[0m
[33m[WARN] [1789384225.342973300]: [planner][row1-debug] skeleton[3]=(2.155,2.950)[0m
[33m[WARN] [1789384225.343229777]: [planner][row1-debug] skeleton[4]=(2.155,3.791)[0m
[33m[WARN] [1789384225.343392960]: [planner][row1-debug] skeleton[5]=(1.250,3.791)[0m
[33m[WARN] [1789384225.343563600]: [planner][row1-debug] skeleton[6]=(1.250,4.301)[0m
[33m[WARN] [1789384225.343726288]: [planner][row1-debug] lane_shift skipped tgt=101 j=2 outer 1/2 <-> spine 2/3 connector keeps normal turn planning lateral=0.905[0m
[33m[WARN] [1789384225.343894228]: [planner][row1-debug] lane_shift skipped tgt=101 j=4 terminal A1 connector keeps full vertical segment[0m
[33m[WARN] [1789384225.344984121]: [planner][row1-debug] prepend enter src=39 row1_upper=0 raw_pts=230 a_rev=(2.376,2.041) b=(0.452,1.550) path_front=(0.452,1.550 0.0deg type=0)[0m
[33m[WARN] [1789384225.345479659]: [planner][row1-debug] route=B_TO_A1 debug_rev=row1_aux_lane_to_a1_v2 src=40 tgt=101 src_corr=3 tgt_corr=1 target=(1.250,4.100 th=90.0deg) mode=auto terminal_reverse=0 near_gap=0.584 far_gap=0.304 horiz=0.000 min_x=0.676[0m
[33m[WARN] [1789384225.345642521]: [planner][row1-debug] initial_reverse tgt=101 same_corr=0 start_to_right=0 start_lane_y=1.830 forward_heading=180.0deg reverse_end_dir=(0.0deg) desired_end_x=1.748 actual_end=(2.048,1.830) reverse_origin=(0.143,1.265) curve_start=(0.143,1.491) curve_pts=56 direct_ok=1[0m
[33m[WARN] [1789384225.345816696]: [planner][row1-debug] skeleton tgt=101 points=7 terminal_reverse=0 goal_lane_y=3.791 terminal_stop_y=4.100 final_ref_x=1.250[0m
[33m[WARN] [1789384225.345978378]: [planner][row1-debug] skeleton[0]=(2.048,1.830)[0m
[33m[WARN] [1789384225.346151532]: [planner][row1-debug] skeleton[1]=(1.250,1.830)[0m
[33m[WARN] [1789384225.346319901]: [planner][row1-debug] skeleton[2]=(1.250,2.950)[0m
[33m[WARN] [1789384225.346500928]: [planner][row1-debug] skeleton[3]=(0.145,2.950)[0m
[33m[WARN] [1789384225.346668280]: [planner][row1-debug] skeleton[4]=(0.145,3.791)[0m
[33m[WARN] [1789384225.346846940]: [planner][row1-debug] skeleton[5]=(1.250,3.791)[0m
[33m[WARN] [1789384225.347016183]: [planner][row1-debug] skeleton[6]=(1.250,4.301)[0m
[33m[WARN] [1789384225.347185713]: [planner][row1-debug] lane_shift rejected tgt=101 j=1 terminal=0 lateral=1.121 lead_in=0.754 lead_out=0.754[0m
[33m[WARN] [1789384225.347340108]: [planner][row1-debug] lane_shift skipped tgt=101 j=2 outer 1/2 <-> spine 2/3 connector keeps normal turn planning lateral=1.105[0m
[33m[WARN] [1789384225.347499534]: [planner][row1-debug] lane_shift skipped tgt=101 j=4 terminal A1 connector keeps full vertical segment[0m
[33m[WARN] [1789384225.347994589]: [planner][row1-debug] prepend enter src=40 row1_upper=0 raw_pts=228 a_rev=(0.143,1.338) b=(2.048,1.830) path_front=(2.048,1.830 180.0deg type=0)[0m
[33m[WARN] [1789384225.348272418]: [planner][row1-debug] route=A1_TO_B src=101 tgt=40 src_corr=1 tgt_corr=3 target=(0.143,1.520 th=-90.0deg) mode=auto terminal_reverse=0 near_gap=0.491 far_gap=0.211 horiz=1.107 min_x=0.676[0m
[33m[WARN] [1789384225.348439088]: [planner][row1-debug] initial_reverse tgt=40 same_corr=0 start_to_right=0 start_lane_y=3.791 forward_heading=180.0deg reverse_end_dir=(0.0deg) desired_end_x=1.610 actual_end=(1.910,3.791) curve_start=(1.250,4.129) curve_pts=56 direct_ok=1[0m
[33m[WARN] [1789384225.348600539]: [planner][row1-debug] skeleton tgt=40 points=7 terminal_reverse=0 goal_lane_y=1.830 terminal_stop_y=1.520 final_ref_x=1.250[0m
[33m[WARN] [1789384225.348755926]: [planner][row1-debug] skeleton[0]=(1.910,3.791)[0m
[33m[WARN] [1789384225.348916723]: [planner][row1-debug] skeleton[1]=(0.435,3.791)[0m
[33m[WARN] [1789384225.349079279]: [planner][row1-debug] skeleton[2]=(0.435,2.950)[0m
[33m[WARN] [1789384225.349233659]: [planner][row1-debug] skeleton[3]=(1.250,2.950)[0m
[33m[WARN] [1789384225.349392375]: [planner][row1-debug] skeleton[4]=(1.250,1.830)[0m
[33m[WARN] [1789384225.349547482]: [planner][row1-debug] skeleton[5]=(0.143,1.830)[0m
[33m[WARN] [1789384225.349701626]: [planner][row1-debug] skeleton[6]=(0.143,1.338)[0m
[33m[WARN] [1789384225.349867050]: [planner][row1-debug] lane_shift skipped tgt=40 j=2 terminal=0 lateral=0.815: keep inner 1->2 connector, corridor-2 straight, and 2->3 spine connector[0m
[33m[WARN] [1789384225.350035633]: [planner][row1-debug] lane_shift skipped tgt=40 j=4 terminal=1 lateral=1.107: row5 keeps transition-lane turn[0m
[33m[WARN] [1789384225.350321320]: [planner][row1-debug] clothoid infeasible tgt=40 j=2 p=(0.435, 2.950) prev=(0.435, 3.791) next=(1.250, 2.950) prev_len=0.840 next_len=0.815 limit=0.333[0m
[33m[WARN] [1789384225.350499801]: [planner][row1-debug] local arc fallback tgt=40 j=2 radius=0.311 max_radius=0.311 pts=50[0m
[33m[WARN] [1789384225.350775538]: [planner][row1-debug] route=B_TO_A1 debug_rev=row1_aux_lane_to_a1_v2 src=41 tgt=101 src_corr=4 tgt_corr=1 target=(1.250,4.100 th=90.0deg) mode=auto terminal_reverse=0 near_gap=0.584 far_gap=0.304 horiz=0.000 min_x=0.676[0m
[33m[WARN] [1789384225.350947993]: [planner][row1-debug] initial_reverse tgt=101 same_corr=0 start_to_right=0 start_lane_y=0.429 forward_heading=180.0deg reverse_end_dir=(0.0deg) desired_end_x=1.543 actual_end=(1.843,0.429) reverse_origin=(0.143,0.994) curve_start=(0.143,0.768) curve_pts=56 direct_ok=1[0m
[33m[WARN] [1789384225.351105067]: [planner][row1-debug] row3lower 3to2 staged shift src=41 side=left lower=(1.125,1.550) upper=(1.125,1.830) bridge=(1.250,1.830) next=(1.250,2.670)[0m
[33m[WARN] [1789384225.351274716]: [planner][row1-debug] skeleton tgt=101 points=9 terminal_reverse=0 goal_lane_y=3.791 terminal_stop_y=4.100 final_ref_x=1.250[0m
[33m[WARN] [1789384225.351445986]: [planner][row1-debug] skeleton[0]=(1.843,0.429)[0m
[33m[WARN] [1789384225.351604190]: [planner][row1-debug] skeleton[1]=(1.125,0.429)[0m
[33m[WARN] [1789384225.351811891]: [planner][row1-debug] skeleton[2]=(1.125,1.830)[0m
[33m[WARN] [1789384225.351984652]: [planner][row1-debug] skeleton[3]=(1.250,1.830)[0m
[33m[WARN] [1789384225.352155449]: [planner][row1-debug] skeleton[4]=(1.250,2.950)[0m
[33m[WARN] [1789384225.352318444]: [planner][row1-debug] skeleton[5]=(0.145,2.950)[0m
[33m[WARN] [1789384225.352471981]: [planner][row1-debug] skeleton[6]=(0.145,3.791)[0m
[33m[WARN] [1789384225.352643817]: [planner][row1-debug] skeleton[7]=(1.250,3.791)[0m
[33m[WARN] [1789384225.352807951]: [planner][row1-debug] skeleton[8]=(1.250,4.301)[0m
[33m[WARN] [1789384225.352967286]: [planner][row1-debug] lane_shift accepted tgt=101 j=2 terminal=0 lateral=0.125 lead_in=0.600 lead_out=0.600 row3lower_3to2=1[0m
[33m[WARN] [1789384225.353133932]: [planner][row1-debug] lane_shift skipped tgt=101 j=4 outer 1/2 <-> spine 2/3 connector keeps normal turn planning lateral=1.105[0m
[33m[WARN] [1789384225.353297581]: [planner][row1-debug] lane_shift skipped tgt=101 j=6 terminal A1 connector keeps full vertical segment[0m
[33m[WARN] [1789384225.353812120]: [planner][row1-debug] prepend enter src=41 row1_upper=0 raw_pts=208 a_rev=(0.143,0.920) b=(1.843,0.429) path_front=(1.843,0.429 180.0deg type=0)[0m
[33m[WARN] [1789384225.354666710]: [planner][row1-debug] route=B_TO_A1 debug_rev=row1_aux_lane_to_a1_v2 src=42 tgt=101 src_corr=3 tgt_corr=1 target=(1.250,4.100 th=90.0deg) mode=auto terminal_reverse=0 near_gap=0.584 far_gap=0.304 horiz=0.000 min_x=0.676[0m
[33m[WARN] [1789384225.354849835]: [planner][row1-debug] initial_reverse tgt=101 same_corr=0 start_to_right=0 start_lane_y=1.830 forward_heading=180.0deg reverse_end_dir=(0.0deg) desired_end_x=1.748 actual_end=(2.048,1.830) reverse_origin=(0.381,1.265) curve_start=(0.381,1.491) curve_pts=56 direct_ok=1[0m
[33m[WARN] [1789384225.355029103]: [planner][row1-debug] skeleton tgt=101 points=7 terminal_reverse=0 goal_lane_y=3.791 terminal_stop_y=4.100 final_ref_x=1.250[0m
[33m[WARN] [1789384225.355251734]: [planner][row1-debug] skeleton[0]=(2.048,1.830)[0m
[33m[WARN] [1789384225.355422235]: [planner][row1-debug] skeleton[1]=(1.250,1.830)[0m
[33m[WARN] [1789384225.355697716]: [planner][row1-debug] skeleton[2]=(1.250,2.950)[0m
[33m[WARN] [1789384225.355866892]: [planner][row1-debug] skeleton[3]=(0.145,2.950)[0m
[33m[WARN] [1789384225.356029550]: [planner][row1-debug] skeleton[4]=(0.145,3.791)[0m
[33m[WARN] [1789384225.356183035]: [planner][row1-debug] skeleton[5]=(1.250,3.791)[0m
[33m[WARN] [1789384225.356345519]: [planner][row1-debug] skeleton[6]=(1.250,4.301)[0m
[33m[WARN] [1789384225.356516565]: [planner][row1-debug] lane_shift rejected tgt=101 j=1 terminal=0 lateral=1.121 lead_in=0.754 lead_out=0.754[0m
[33m[WARN] [1789384225.356700116]: [planner][row1-debug] lane_shift skipped tgt=101 j=2 outer 1/2 <-> spine 2/3 connector keeps normal turn planning lateral=1.105[0m
[33m[WARN] [1789384225.356878521]: [planner][row1-debug] lane_shift skipped tgt=101 j=4 terminal A1 connector keeps full vertical segment[0m
[33m[WARN] [1789384225.357346716]: [planner][row1-debug] prepend enter src=42 row1_upper=0 raw_pts=204 a_rev=(0.381,1.338) b=(2.048,1.830) path_front=(2.048,1.830 180.0deg type=0)[0m
[33m[WARN] [1789384225.357623923]: [planner][row1-debug] route=A1_TO_B src=101 tgt=42 src_corr=1 tgt_corr=3 target=(0.381,1.520 th=-90.0deg) mode=auto terminal_reverse=0 near_gap=0.491 far_gap=0.211 horiz=0.869 min_x=0.676[0m
[33m[WARN] [1789384225.357792638]: [planner][row1-debug] initial_reverse tgt=42 same_corr=0 start_to_right=0 start_lane_y=3.791 forward_heading=180.0deg reverse_end_dir=(0.0deg) desired_end_x=1.610 actual_end=(1.910,3.791) curve_start=(1.250,4.129) curve_pts=56 direct_ok=1[0m
[33m[WARN] [1789384225.357959652]: [planner][row1-debug] skeleton tgt=42 points=7 terminal_reverse=0 goal_lane_y=1.830 terminal_stop_y=1.520 final_ref_x=1.250[0m
[33m[WARN] [1789384225.358131472]: [planner][row1-debug] skeleton[0]=(1.910,3.791)[0m
[33m[WARN] [1789384225.358434788]: [planner][row1-debug] skeleton[1]=(0.435,3.791)[0m
[33m[WARN] [1789384225.358626844]: [planner][row1-debug] skeleton[2]=(0.435,2.950)[0m
[33m[WARN] [1789384225.358798970]: [planner][row1-debug] skeleton[3]=(1.250,2.950)[0m
[33m[WARN] [1789384225.358966925]: [planner][row1-debug] skeleton[4]=(1.250,1.830)[0m
[33m[WARN] [1789384225.359129730]: [planner][row1-debug] skeleton[5]=(0.381,1.830)[0m
[33m[WARN] [1789384225.359312181]: [planner][row1-debug] skeleton[6]=(0.381,1.338)[0m
[33m[WARN] [1789384225.359479613]: [planner][row1-debug] lane_shift skipped tgt=42 j=2 terminal=0 lateral=0.815: keep inner 1->2 connector, corridor-2 straight, and 2->3 spine connector[0m
[33m[WARN] [1789384225.359666203]: [planner][row1-debug] lane_shift skipped tgt=42 j=4 terminal=1 lateral=0.869: row5 keeps transition-lane turn[0m
[33m[WARN] [1789384225.360005711]: [planner][row1-debug] clothoid infeasible tgt=42 j=2 p=(0.435, 2.950) prev=(0.435, 3.791) next=(1.250, 2.950) prev_len=0.840 next_len=0.815 limit=0.333[0m
[33m[WARN] [1789384225.360220690]: [planner][row1-debug] local arc fallback tgt=42 j=2 radius=0.311 max_radius=0.311 pts=50[0m
[33m[WARN] [1789384225.360506667]: [planner][row1-debug] route=B_TO_A1 debug_rev=row1_aux_lane_to_a1_v2 src=43 tgt=101 src_corr=4 tgt_corr=1 target=(1.250,4.100 th=90.0deg) mode=auto terminal_reverse=0 near_gap=0.584 far_gap=0.304 horiz=0.000 min_x=0.676[0m
[33m[WARN] [1789384225.360672959]: [planner][row1-debug] initial_reverse tgt=101 same_corr=0 start_to_right=0 start_lane_y=0.429 forward_heading=180.0deg reverse_end_dir=(0.0deg) desired_end_x=1.543 actual_end=(1.843,0.429) reverse_origin=(0.381,0.994) curve_start=(0.381,0.768) curve_pts=56 direct_ok=1[0m
[33m[WARN] [1789384225.360840924]: [planner][row1-debug] row3lower 3to2 staged shift src=43 side=left lower=(1.125,1.550) upper=(1.125,1.830) bridge=(1.250,1.830) next=(1.250,2.670)[0m
[33m[WARN] [1789384225.361010244]: [planner][row1-debug] skeleton tgt=101 points=9 terminal_reverse=0 goal_lane_y=3.791 terminal_stop_y=4.100 final_ref_x=1.250[0m
[33m[WARN] [1789384225.361165365]: [planner][row1-debug] skeleton[0]=(1.843,0.429)[0m
[33m[WARN] [1789384225.361330078]: [planner][row1-debug] skeleton[1]=(1.125,0.429)[0m
[33m[WARN] [1789384225.361487582]: [planner][row1-debug] skeleton[2]=(1.125,1.830)[0m
[33m[WARN] [1789384225.361653844]: [planner][row1-debug] skeleton[3]=(1.250,1.830)[0m
[33m[WARN] [1789384225.361822428]: [planner][row1-debug] skeleton[4]=(1.250,2.950)[0m
[33m[WARN] [1789384225.361980929]: [planner][row1-debug] skeleton[5]=(0.145,2.950)[0m
[33m[WARN] [1789384225.362143688]: [planner][row1-debug] skeleton[6]=(0.145,3.791)[0m
[33m[WARN] [1789384225.362316056]: [planner][row1-debug] skeleton[7]=(1.250,3.791)[0m
[33m[WARN] [1789384225.362473683]: [planner][row1-debug] skeleton[8]=(1.250,4.301)[0m
[33m[WARN] [1789384225.362640169]: [planner][row1-debug] lane_shift accepted tgt=101 j=2 terminal=0 lateral=0.125 lead_in=0.600 lead_out=0.600 row3lower_3to2=1[0m
[33m[WARN] [1789384225.362798589]: [planner][row1-debug] lane_shift skipped tgt=101 j=4 outer 1/2 <-> spine 2/3 connector keeps normal turn planning lateral=1.105[0m
[33m[WARN] [1789384225.362958235]: [planner][row1-debug] lane_shift skipped tgt=101 j=6 terminal A1 connector keeps full vertical segment[0m
[33m[WARN] [1789384225.363462012]: [planner][row1-debug] prepend enter src=43 row1_upper=0 raw_pts=184 a_rev=(0.381,0.920) b=(1.843,0.429) path_front=(1.843,0.429 180.0deg type=0)[0m
[33m[WARN] [1789384225.364464055]: [planner][row1-debug] route=B_TO_A1 debug_rev=row1_aux_lane_to_a1_v2 src=44 tgt=101 src_corr=3 tgt_corr=1 target=(1.250,4.100 th=90.0deg) mode=auto terminal_reverse=0 near_gap=0.584 far_gap=0.304 horiz=0.000 min_x=0.676[0m
[33m[WARN] [1789384225.364624258]: [planner][row1-debug] initial_reverse tgt=101 same_corr=0 start_to_right=0 start_lane_y=1.830 forward_heading=180.0deg reverse_end_dir=(0.0deg) desired_end_x=1.748 actual_end=(2.048,1.830) reverse_origin=(0.619,1.265) curve_start=(0.619,1.491) curve_pts=56 direct_ok=1[0m
[33m[WARN] [1789384225.364800837]: [planner][row1-debug] skeleton tgt=101 points=7 terminal_reverse=0 goal_lane_y=3.791 terminal_stop_y=4.100 final_ref_x=1.250[0m
[33m[WARN] [1789384225.364958336]: [planner][row1-debug] skeleton[0]=(2.048,1.830)[0m
[33m[WARN] [1789384225.365119741]: [planner][row1-debug] skeleton[1]=(1.250,1.830)[0m
[33m[WARN] [1789384225.365279648]: [planner][row1-debug] skeleton[2]=(1.250,2.950)[0m
[33m[WARN] [1789384225.365439228]: [planner][row1-debug] skeleton[3]=(0.145,2.950)[0m
[33m[WARN] [1789384225.365604090]: [planner][row1-debug] skeleton[4]=(0.145,3.791)[0m
[33m[WARN] [1789384225.365761911]: [planner][row1-debug] skeleton[5]=(1.250,3.791)[0m
[33m[WARN] [1789384225.365920294]: [planner][row1-debug] skeleton[6]=(1.250,4.301)[0m
[33m[WARN] [1789384225.366085901]: [planner][row1-debug] lane_shift rejected tgt=101 j=1 terminal=0 lateral=1.121 lead_in=0.754 lead_out=0.754[0m
[33m[WARN] [1789384225.366239192]: [planner][row1-debug] lane_shift skipped tgt=101 j=2 outer 1/2 <-> spine 2/3 connector keeps normal turn planning lateral=1.105[0m
[33m[WARN] [1789384225.366397745]: [planner][row1-debug] lane_shift skipped tgt=101 j=4 terminal A1 connector keeps full vertical segment[0m
[33m[WARN] [1789384225.366867061]: [planner][row1-debug] prepend enter src=44 row1_upper=0 raw_pts=181 a_rev=(0.619,1.338) b=(2.048,1.830) path_front=(2.048,1.830 180.0deg type=0)[0m
[33m[WARN] [1789384225.367132134]: [planner][row1-debug] route=A1_TO_B src=101 tgt=44 src_corr=1 tgt_corr=3 target=(0.619,1.520 th=-90.0deg) mode=auto terminal_reverse=0 near_gap=0.491 far_gap=0.211 horiz=0.631 min_x=0.676[0m
[33m[WARN] [1789384225.367435700]: [planner][row1-debug] initial_reverse tgt=44 same_corr=0 start_to_right=0 start_lane_y=3.791 forward_heading=180.0deg reverse_end_dir=(0.0deg) desired_end_x=1.610 actual_end=(1.910,3.791) curve_start=(1.250,4.129) curve_pts=56 direct_ok=1[0m
[33m[WARN] [1789384225.367657499]: [planner][row1-debug] center detour tgt=44 aux=(1.708,1.830) stage=(0.181,1.830) heading=0.0deg turn_pts=71[0m
[33m[WARN] [1789384225.367837312]: [planner][row1-debug] skeleton tgt=44 points=6 terminal_reverse=0 goal_lane_y=1.830 terminal_stop_y=1.520 final_ref_x=1.250[0m
[33m[WARN] [1789384225.367997981]: [planner][row1-debug] skeleton[0]=(1.910,3.791)[0m
[33m[WARN] [1789384225.368161216]: [planner][row1-debug] skeleton[1]=(0.435,3.791)[0m
[33m[WARN] [1789384225.368321634]: [planner][row1-debug] skeleton[2]=(0.435,2.950)[0m
[33m[WARN] [1789384225.368490049]: [planner][row1-debug] skeleton[3]=(1.250,2.950)[0m
[33m[WARN] [1789384225.368652513]: [planner][row1-debug] skeleton[4]=(1.250,1.830)[0m
[33m[WARN] [1789384225.368808960]: [planner][row1-debug] skeleton[5]=(1.708,1.830)[0m
[33m[WARN] [1789384225.368973957]: [planner][row1-debug] lane_shift skipped tgt=44 j=2 terminal=0 lateral=0.815: keep inner 1->2 connector, corridor-2 straight, and 2->3 spine connector[0m
[33m[WARN] [1789384225.369135424]: [planner][row1-debug] lane_shift skipped tgt=44 j=3 terminal=1 lateral=1.121: row5 keeps transition-lane turn[0m
[33m[WARN] [1789384225.369443832]: [planner][row1-debug] clothoid infeasible tgt=44 j=2 p=(0.435, 2.950) prev=(0.435, 3.791) next=(1.250, 2.950) prev_len=0.840 next_len=0.815 limit=0.333[0m
[33m[WARN] [1789384225.369618168]: [planner][row1-debug] local arc fallback tgt=44 j=2 radius=0.311 max_radius=0.311 pts=50[0m
[33m[WARN] [1789384225.369928169]: [planner][row1-debug] route=B_TO_A1 debug_rev=row1_aux_lane_to_a1_v2 src=45 tgt=101 src_corr=4 tgt_corr=1 target=(1.250,4.100 th=90.0deg) mode=auto terminal_reverse=0 near_gap=0.584 far_gap=0.304 horiz=0.000 min_x=0.676[0m
[33m[WARN] [1789384225.370090854]: [planner][row1-debug] initial_reverse tgt=101 same_corr=0 start_to_right=0 start_lane_y=0.429 forward_heading=180.0deg reverse_end_dir=(0.0deg) desired_end_x=1.543 actual_end=(1.843,0.429) reverse_origin=(0.619,0.994) curve_start=(0.619,0.768) curve_pts=56 direct_ok=1[0m
[33m[WARN] [1789384225.370254364]: [planner][row1-debug] row3lower 3to2 staged shift src=45 side=left lower=(1.125,1.550) upper=(1.125,1.830) bridge=(1.250,1.830) next=(1.250,2.670)[0m
[33m[WARN] [1789384225.370417349]: [planner][row1-debug] skeleton tgt=101 points=9 terminal_reverse=0 goal_lane_y=3.791 terminal_stop_y=4.100 final_ref_x=1.250[0m
[33m[WARN] [1789384225.370681953]: [planner][row1-debug] skeleton[0]=(1.843,0.429)[0m
[33m[WARN] [1789384225.370911539]: [planner][row1-debug] skeleton[1]=(1.125,0.429)[0m
[33m[WARN] [1789384225.371110477]: [planner][row1-debug] skeleton[2]=(1.125,1.830)[0m
[33m[WARN] [1789384225.371287798]: [planner][row1-debug] skeleton[3]=(1.250,1.830)[0m
[33m[WARN] [1789384225.371475880]: [planner][row1-debug] skeleton[4]=(1.250,2.950)[0m
[33m[WARN] [1789384225.371679856]: [planner][row1-debug] skeleton[5]=(0.145,2.950)[0m
[33m[WARN] [1789384225.371869280]: [planner][row1-debug] skeleton[6]=(0.145,3.791)[0m
[33m[WARN] [1789384225.372034831]: [planner][row1-debug] skeleton[7]=(1.250,3.791)[0m
[33m[WARN] [1789384225.372191276]: [planner][row1-debug] skeleton[8]=(1.250,4.301)[0m
[33m[WARN] [1789384225.372368195]: [planner][row1-debug] lane_shift accepted tgt=101 j=2 terminal=0 lateral=0.125 lead_in=0.600 lead_out=0.600 row3lower_3to2=1[0m
[33m[WARN] [1789384225.372541818]: [planner][row1-debug] lane_shift skipped tgt=101 j=4 outer 1/2 <-> spine 2/3 connector keeps normal turn planning lateral=1.105[0m
[33m[WARN] [1789384225.372820164]: [planner][row1-debug] lane_shift skipped tgt=101 j=6 terminal A1 connector keeps full vertical segment[0m
[33m[WARN] [1789384225.373305286]: [planner][row1-debug] prepend enter src=45 row1_upper=0 raw_pts=160 a_rev=(0.619,0.920) b=(1.843,0.429) path_front=(1.843,0.429 180.0deg type=0)[0m
[33m[WARN] [1789384225.373995263]: [planner][row1-debug] route=B_TO_A1 debug_rev=row1_aux_lane_to_a1_v2 src=46 tgt=101 src_corr=3 tgt_corr=1 target=(1.250,4.100 th=90.0deg) mode=auto terminal_reverse=0 near_gap=0.584 far_gap=0.304 horiz=0.000 min_x=0.676[0m
[33m[WARN] [1789384225.374160150]: [planner][row1-debug] initial_reverse tgt=101 same_corr=0 start_to_right=0 start_lane_y=1.830 forward_heading=180.0deg reverse_end_dir=(0.0deg) desired_end_x=1.748 actual_end=(2.048,1.830) reverse_origin=(0.857,1.265) curve_start=(0.857,1.491) curve_pts=56 direct_ok=1[0m
[33m[WARN] [1789384225.374349878]: [planner][row1-debug] skeleton tgt=101 points=7 terminal_reverse=0 goal_lane_y=3.791 terminal_stop_y=4.100 final_ref_x=1.250[0m
[33m[WARN] [1789384225.374533289]: [planner][row1-debug] skeleton[0]=(2.048,1.830)[0m
[33m[WARN] [1789384225.374711694]: [planner][row1-debug] skeleton[1]=(1.250,1.830)[0m
[33m[WARN] [1789384225.374878769]: [planner][row1-debug] skeleton[2]=(1.250,2.950)[0m
[33m[WARN] [1789384225.375044707]: [planner][row1-debug] skeleton[3]=(0.145,2.950)[0m
[33m[WARN] [1789384225.375205990]: [planner][row1-debug] skeleton[4]=(0.145,3.791)[0m
[33m[WARN] [1789384225.375421838]: [planner][row1-debug] skeleton[5]=(1.250,3.791)[0m
[33m[WARN] [1789384225.375660441]: [planner][row1-debug] skeleton[6]=(1.250,4.301)[0m
[33m[WARN] [1789384225.375840562]: [planner][row1-debug] lane_shift rejected tgt=101 j=1 terminal=0 lateral=1.121 lead_in=0.754 lead_out=0.754[0m
[33m[WARN] [1789384225.376002124]: [planner][row1-debug] lane_shift skipped tgt=101 j=2 outer 1/2 <-> spine 2/3 connector keeps normal turn planning lateral=1.105[0m
[33m[WARN] [1789384225.376183321]: [planner][row1-debug] lane_shift skipped tgt=101 j=4 terminal A1 connector keeps full vertical segment[0m
[33m[WARN] [1789384225.376656433]: [planner][row1-debug] prepend enter src=46 row1_upper=0 raw_pts=157 a_rev=(0.857,1.338) b=(2.048,1.830) path_front=(2.048,1.830 180.0deg type=0)[0m
[33m[WARN] [1789384225.376920759]: [planner][row1-debug] route=A1_TO_B src=101 tgt=46 src_corr=1 tgt_corr=3 target=(0.857,1.520 th=-90.0deg) mode=auto terminal_reverse=0 near_gap=0.491 far_gap=0.211 horiz=0.393 min_x=0.676[0m
[33m[WARN] [1789384225.377087907]: [planner][row1-debug] initial_reverse tgt=46 same_corr=0 start_to_right=0 start_lane_y=3.791 forward_heading=180.0deg reverse_end_dir=(0.0deg) desired_end_x=1.610 actual_end=(1.910,3.791) curve_start=(1.250,4.129) curve_pts=56 direct_ok=1[0m
[33m[WARN] [1789384225.377286762]: [planner][row1-debug] center detour tgt=46 aux=(1.708,1.830) stage=(0.419,1.830) heading=0.0deg turn_pts=71[0m
[33m[WARN] [1789384225.377457039]: [planner][row1-debug] skeleton tgt=46 points=6 terminal_reverse=0 goal_lane_y=1.830 terminal_stop_y=1.520 final_ref_x=1.250[0m
[33m[WARN] [1789384225.377616121]: [planner][row1-debug] skeleton[0]=(1.910,3.791)[0m
[33m[WARN] [1789384225.377778401]: [planner][row1-debug] skeleton[1]=(0.435,3.791)[0m
[33m[WARN] [1789384225.377961475]: [planner][row1-debug] skeleton[2]=(0.435,2.950)[0m
[33m[WARN] [1789384225.378128396]: [planner][row1-debug] skeleton[3]=(1.250,2.950)[0m
[33m[WARN] [1789384225.378294913]: [planner][row1-debug] skeleton[4]=(1.250,1.830)[0m
[33m[WARN] [1789384225.378469408]: [planner][row1-debug] skeleton[5]=(1.708,1.830)[0m
[33m[WARN] [1789384225.378643727]: [planner][row1-debug] lane_shift skipped tgt=46 j=2 terminal=0 lateral=0.815: keep inner 1->2 connector, corridor-2 straight, and 2->3 spine connector[0m
[33m[WARN] [1789384225.378815700]: [planner][row1-debug] lane_shift skipped tgt=46 j=3 terminal=1 lateral=1.121: row5 keeps transition-lane turn[0m
[33m[WARN] [1789384225.379127692]: [planner][row1-debug] clothoid infeasible tgt=46 j=2 p=(0.435, 2.950) prev=(0.435, 3.791) next=(1.250, 2.950) prev_len=0.840 next_len=0.815 limit=0.333[0m
[33m[WARN] [1789384225.379296583]: [planner][row1-debug] local arc fallback tgt=46 j=2 radius=0.311 max_radius=0.311 pts=50[0m
[33m[WARN] [1789384225.379597924]: [planner][row1-debug] route=B_TO_A1 debug_rev=row1_aux_lane_to_a1_v2 src=47 tgt=101 src_corr=4 tgt_corr=1 target=(1.250,4.100 th=90.0deg) mode=auto terminal_reverse=0 near_gap=0.584 far_gap=0.304 horiz=0.000 min_x=0.676[0m
[33m[WARN] [1789384225.379794056]: [planner][row1-debug] initial_reverse tgt=101 same_corr=0 start_to_right=0 start_lane_y=0.429 forward_heading=180.0deg reverse_end_dir=(0.0deg) desired_end_x=1.543 actual_end=(1.843,0.429) reverse_origin=(0.857,0.994) curve_start=(0.857,0.768) curve_pts=56 direct_ok=1[0m
[33m[WARN] [1789384225.379967481]: [planner][row1-debug] row3lower 3to2 staged shift src=47 side=left lower=(1.125,1.550) upper=(1.125,1.830) bridge=(1.250,1.830) next=(1.250,2.670)[0m
[33m[WARN] [1789384225.380132858]: [planner][row1-debug] skeleton tgt=101 points=9 terminal_reverse=0 goal_lane_y=3.791 terminal_stop_y=4.100 final_ref_x=1.250[0m
[33m[WARN] [1789384225.380294426]: [planner][row1-debug] skeleton[0]=(1.843,0.429)[0m
[33m[WARN] [1789384225.380458239]: [planner][row1-debug] skeleton[1]=(1.125,0.429)[0m
[33m[WARN] [1789384225.380629108]: [planner][row1-debug] skeleton[2]=(1.125,1.830)[0m
[33m[WARN] [1789384225.380809610]: [planner][row1-debug] skeleton[3]=(1.250,1.830)[0m
[33m[WARN] [1789384225.380982325]: [planner][row1-debug] skeleton[4]=(1.250,2.950)[0m
[33m[WARN] [1789384225.381152772]: [planner][row1-debug] skeleton[5]=(0.145,2.950)[0m
[33m[WARN] [1789384225.381333071]: [planner][row1-debug] skeleton[6]=(0.145,3.791)[0m
[33m[WARN] [1789384225.381499343]: [planner][row1-debug] skeleton[7]=(1.250,3.791)[0m
[33m[WARN] [1789384225.381673541]: [planner][row1-debug] skeleton[8]=(1.250,4.301)[0m
[33m[WARN] [1789384225.381856343]: [planner][row1-debug] lane_shift accepted tgt=101 j=2 terminal=0 lateral=0.125 lead_in=0.600 lead_out=0.600 row3lower_3to2=1[0m
[33m[WARN] [1789384225.382029482]: [planner][row1-debug] lane_shift skipped tgt=101 j=4 outer 1/2 <-> spine 2/3 connector keeps normal turn planning lateral=1.105[0m
[33m[WARN] [1789384225.382202385]: [planner][row1-debug] lane_shift skipped tgt=101 j=6 terminal A1 connector keeps full vertical segment[0m
[33m[WARN] [1789384225.382690261]: [planner][row1-debug] prepend enter src=47 row1_upper=0 raw_pts=136 a_rev=(0.857,0.920) b=(1.843,0.429) path_front=(1.843,0.429 180.0deg type=0)[0m
[33m[WARN] [1789384225.383279722]: [planner][row1-debug] route=B_TO_A1 debug_rev=row1_aux_lane_to_a1_v2 src=48 tgt=101 src_corr=3 tgt_corr=1 target=(1.250,4.100 th=90.0deg) mode=auto terminal_reverse=0 near_gap=0.584 far_gap=0.304 horiz=0.000 min_x=0.676[0m
[33m[WARN] [1789384225.383442581]: [planner][row1-debug] initial_reverse tgt=101 same_corr=0 start_to_right=1 start_lane_y=1.830 forward_heading=0.0deg reverse_end_dir=(180.0deg) desired_end_x=0.752 actual_end=(0.452,1.830) reverse_origin=(1.643,1.265) curve_start=(1.643,1.491) curve_pts=56 direct_ok=1[0m
[33m[WARN] [1789384225.383661892]: [planner][row1-debug] skeleton tgt=101 points=7 terminal_reverse=0 goal_lane_y=3.791 terminal_stop_y=4.100 final_ref_x=1.250[0m
[33m[WARN] [1789384225.383834331]: [planner][row1-debug] skeleton[0]=(0.452,1.830)[0m
[33m[WARN] [1789384225.383992351]: [planner][row1-debug] skeleton[1]=(1.250,1.830)[0m
[33m[WARN] [1789384225.384154763]: [planner][row1-debug] skeleton[2]=(1.250,2.950)[0m
[33m[WARN] [1789384225.384319476]: [planner][row1-debug] skeleton[3]=(2.155,2.950)[0m
[33m[WARN] [1789384225.384475753]: [planner][row1-debug] skeleton[4]=(2.155,3.791)[0m
[33m[WARN] [1789384225.384647491]: [planner][row1-debug] skeleton[5]=(1.250,3.791)[0m
[33m[WARN] [1789384225.384813427]: [planner][row1-debug] skeleton[6]=(1.250,4.301)[0m
[33m[WARN] [1789384225.384992179]: [planner][row1-debug] lane_shift rejected tgt=101 j=1 terminal=0 lateral=1.121 lead_in=0.754 lead_out=0.754[0m
[33m[WARN] [1789384225.385154714]: [planner][row1-debug] lane_shift skipped tgt=101 j=2 outer 1/2 <-> spine 2/3 connector keeps normal turn planning lateral=0.905[0m
[33m[WARN] [1789384225.385320915]: [planner][row1-debug] lane_shift skipped tgt=101 j=4 terminal A1 connector keeps full vertical segment[0m
[33m[WARN] [1789384225.386460596]: [planner][row1-debug] prepend enter src=48 row1_upper=0 raw_pts=157 a_rev=(1.643,1.338) b=(0.452,1.830) path_front=(0.452,1.830 0.0deg type=0)[0m
[33m[WARN] [1789384225.386724622]: [planner][row1-debug] route=A1_TO_B src=101 tgt=48 src_corr=1 tgt_corr=3 target=(1.643,1.520 th=-90.0deg) mode=auto terminal_reverse=0 near_gap=0.211 far_gap=0.491 horiz=0.393 min_x=0.676[0m
[33m[WARN] [1789384225.386898395]: [planner][row1-debug] initial_reverse tgt=48 same_corr=0 start_to_right=1 start_lane_y=3.791 forward_heading=0.0deg reverse_end_dir=(180.0deg) desired_end_x=0.890 actual_end=(0.590,3.791) curve_start=(1.250,4.129) curve_pts=56 direct_ok=1[0m
[33m[WARN] [1789384225.387112716]: [planner][row1-debug] center detour tgt=48 aux=(0.792,1.830) stage=(2.081,1.830) heading=180.0deg turn_pts=71[0m
[33m[WARN] [1789384225.387277569]: [planner][row1-debug] skeleton tgt=48 points=6 terminal_reverse=0 goal_lane_y=1.830 terminal_stop_y=1.520 final_ref_x=1.250[0m
[33m[WARN] [1789384225.387445813]: [planner][row1-debug] skeleton[0]=(0.590,3.791)[0m
[33m[WARN] [1789384225.387660957]: [planner][row1-debug] skeleton[1]=(1.865,3.791)[0m
[33m[WARN] [1789384225.387884063]: [planner][row1-debug] skeleton[2]=(1.865,2.950)[0m
[33m[WARN] [1789384225.388078877]: [planner][row1-debug] skeleton[3]=(1.250,2.950)[0m
[33m[WARN] [1789384225.388269164]: [planner][row1-debug] skeleton[4]=(1.250,1.830)[0m
[33m[WARN] [1789384225.388481354]: [planner][row1-debug] skeleton[5]=(0.792,1.830)[0m
[33m[WARN] [1789384225.388662336]: [planner][row1-debug] lane_shift skipped tgt=48 j=2 terminal=0 lateral=0.615: keep inner 1->2 connector, corridor-2 straight, and 2->3 spine connector[0m
[33m[WARN] [1789384225.388860665]: [planner][row1-debug] lane_shift skipped tgt=48 j=3 terminal=1 lateral=1.121: row5 keeps transition-lane turn[0m
[33m[WARN] [1789384225.389177908]: [planner][row1-debug] clothoid infeasible tgt=48 j=2 p=(1.865, 2.950) prev=(1.865, 3.791) next=(1.250, 2.950) prev_len=0.840 next_len=0.615 limit=0.268[0m
[33m[WARN] [1789384225.389347672]: [planner][row1-debug] clothoid infeasible tgt=48 j=3 p=(1.250, 2.950) prev=(1.865, 2.950) next=(1.250, 1.830) prev_len=0.615 next_len=1.121 limit=0.329[0m
[33m[WARN] [1789384225.389524953]: [planner][row1-debug] local arc fallback tgt=48 j=2 radius=0.277 max_radius=0.277 pts=45[0m
[33m[WARN] [1789384225.389694124]: [planner][row1-debug] local arc fallback tgt=48 j=3 radius=0.277 max_radius=0.277 pts=45[0m
[33m[WARN] [1789384225.389985762]: [planner][row1-debug] route=B_TO_A1 debug_rev=row1_aux_lane_to_a1_v2 src=49 tgt=101 src_corr=4 tgt_corr=1 target=(1.250,4.100 th=90.0deg) mode=auto terminal_reverse=0 near_gap=0.584 far_gap=0.304 horiz=0.000 min_x=0.676[0m
[33m[WARN] [1789384225.390149893]: [planner][row1-debug] initial_reverse tgt=101 same_corr=0 start_to_right=1 start_lane_y=0.429 forward_heading=0.0deg reverse_end_dir=(180.0deg) desired_end_x=0.957 actual_end=(0.657,0.429) reverse_origin=(1.643,0.994) curve_start=(1.643,0.768) curve_pts=56 direct_ok=1[0m
[33m[WARN] [1789384225.390436412]: [planner][row1-debug] row3lower 3to2 staged shift src=49 side=right lower=(1.375,1.550) upper=(1.375,1.830) bridge=(1.250,1.830) next=(1.250,2.670)[0m
[33m[WARN] [1789384225.390610840]: [planner][row1-debug] skeleton tgt=101 points=9 terminal_reverse=0 goal_lane_y=3.791 terminal_stop_y=4.100 final_ref_x=1.250[0m
[33m[WARN] [1789384225.390773430]: [planner][row1-debug] skeleton[0]=(0.657,0.429)[0m
[33m[WARN] [1789384225.390938931]: [planner][row1-debug] skeleton[1]=(1.375,0.429)[0m
[33m[WARN] [1789384225.391100862]: [planner][row1-debug] skeleton[2]=(1.375,1.830)[0m
[33m[WARN] [1789384225.391268884]: [planner][row1-debug] skeleton[3]=(1.250,1.830)[0m
[33m[WARN] [1789384225.391440943]: [planner][row1-debug] skeleton[4]=(1.250,2.950)[0m
[33m[WARN] [1789384225.391655716]: [planner][row1-debug] skeleton[5]=(2.155,2.950)[0m
[33m[WARN] [1789384225.391817720]: [planner][row1-debug] skeleton[6]=(2.155,3.791)[0m
[33m[WARN] [1789384225.391975044]: [planner][row1-debug] skeleton[7]=(1.250,3.791)[0m
[33m[WARN] [1789384225.392141215]: [planner][row1-debug] skeleton[8]=(1.250,4.301)[0m
[33m[WARN] [1789384225.392302451]: [planner][row1-debug] lane_shift accepted tgt=101 j=2 terminal=0 lateral=0.125 lead_in=0.600 lead_out=0.600 row3lower_3to2=1[0m
[33m[WARN] [1789384225.392458933]: [planner][row1-debug] lane_shift skipped tgt=101 j=4 outer 1/2 <-> spine 2/3 connector keeps normal turn planning lateral=0.905[0m
[33m[WARN] [1789384225.392621830]: [planner][row1-debug] lane_shift skipped tgt=101 j=6 terminal A1 connector keeps full vertical segment[0m
[33m[WARN] [1789384225.393999708]: [planner][row1-debug] prepend enter src=49 row1_upper=0 raw_pts=136 a_rev=(1.643,0.920) b=(0.657,0.429) path_front=(0.657,0.429 0.0deg type=0)[0m
[33m[WARN] [1789384225.394552644]: [planner][row1-debug] route=B_TO_A1 debug_rev=row1_aux_lane_to_a1_v2 src=50 tgt=101 src_corr=3 tgt_corr=1 target=(1.250,4.100 th=90.0deg) mode=auto terminal_reverse=0 near_gap=0.584 far_gap=0.304 horiz=0.000 min_x=0.676[0m
[33m[WARN] [1789384225.394718738]: [planner][row1-debug] initial_reverse tgt=101 same_corr=0 start_to_right=1 start_lane_y=1.830 forward_heading=0.0deg reverse_end_dir=(180.0deg) desired_end_x=0.752 actual_end=(0.452,1.830) reverse_origin=(1.881,1.265) curve_start=(1.881,1.491) curve_pts=56 direct_ok=1[0m
[33m[WARN] [1789384225.394878961]: [planner][row1-debug] skeleton tgt=101 points=7 terminal_reverse=0 goal_lane_y=3.791 terminal_stop_y=4.100 final_ref_x=1.250[0m
[33m[WARN] [1789384225.395056262]: [planner][row1-debug] skeleton[0]=(0.452,1.830)[0m
[33m[WARN] [1789384225.395244048]: [planner][row1-debug] skeleton[1]=(1.250,1.830)[0m
[33m[WARN] [1789384225.395410929]: [planner][row1-debug] skeleton[2]=(1.250,2.950)[0m
[33m[WARN] [1789384225.395597906]: [planner][row1-debug] skeleton[3]=(2.155,2.950)[0m
[33m[WARN] [1789384225.395797839]: [planner][row1-debug] skeleton[4]=(2.155,3.791)[0m
[33m[WARN] [1789384225.395979080]: [planner][row1-debug] skeleton[5]=(1.250,3.791)[0m
[33m[WARN] [1789384225.396163105]: [planner][row1-debug] skeleton[6]=(1.250,4.301)[0m
[33m[WARN] [1789384225.396327123]: [planner][row1-debug] lane_shift rejected tgt=101 j=1 terminal=0 lateral=1.121 lead_in=0.754 lead_out=0.754[0m
[33m[WARN] [1789384225.396489182]: [planner][row1-debug] lane_shift skipped tgt=101 j=2 outer 1/2 <-> spine 2/3 connector keeps normal turn planning lateral=0.905[0m
[33m[WARN] [1789384225.396649191]: [planner][row1-debug] lane_shift skipped tgt=101 j=4 terminal A1 connector keeps full vertical segment[0m
[33m[WARN] [1789384225.397736289]: [planner][row1-debug] prepend enter src=50 row1_upper=0 raw_pts=181 a_rev=(1.881,1.338) b=(0.452,1.830) path_front=(0.452,1.830 0.0deg type=0)[0m
[33m[WARN] [1789384225.397984357]: [planner][row1-debug] route=A1_TO_B src=101 tgt=50 src_corr=1 tgt_corr=3 target=(1.881,1.520 th=-90.0deg) mode=auto terminal_reverse=0 near_gap=0.211 far_gap=0.491 horiz=0.631 min_x=0.676[0m
[33m[WARN] [1789384225.398157598]: [planner][row1-debug] initial_reverse tgt=50 same_corr=0 start_to_right=1 start_lane_y=3.791 forward_heading=0.0deg reverse_end_dir=(180.0deg) desired_end_x=0.890 actual_end=(0.590,3.791) curve_start=(1.250,4.129) curve_pts=56 direct_ok=1[0m
[33m[WARN] [1789384225.398353043]: [planner][row1-debug] center detour tgt=50 aux=(0.792,1.830) stage=(2.319,1.830) heading=180.0deg turn_pts=71[0m
[33m[WARN] [1789384225.398525104]: [planner][row1-debug] skeleton tgt=50 points=6 terminal_reverse=0 goal_lane_y=1.830 terminal_stop_y=1.520 final_ref_x=1.250[0m
[33m[WARN] [1789384225.398699975]: [planner][row1-debug] skeleton[0]=(0.590,3.791)[0m
[33m[WARN] [1789384225.398869990]: [planner][row1-debug] skeleton[1]=(1.865,3.791)[0m
[33m[WARN] [1789384225.399027208]: [planner][row1-debug] skeleton[2]=(1.865,2.950)[0m
[33m[WARN] [1789384225.399190963]: [planner][row1-debug] skeleton[3]=(1.250,2.950)[0m
[33m[WARN] [1789384225.399357620]: [planner][row1-debug] skeleton[4]=(1.250,1.830)[0m
[33m[WARN] [1789384225.399520754]: [planner][row1-debug] skeleton[5]=(0.792,1.830)[0m
[33m[WARN] [1789384225.399691972]: [planner][row1-debug] lane_shift skipped tgt=50 j=2 terminal=0 lateral=0.615: keep inner 1->2 connector, corridor-2 straight, and 2->3 spine connector[0m
[33m[WARN] [1789384225.399855007]: [planner][row1-debug] lane_shift skipped tgt=50 j=3 terminal=1 lateral=1.121: row5 keeps transition-lane turn[0m
[33m[WARN] [1789384225.400152488]: [planner][row1-debug] clothoid infeasible tgt=50 j=2 p=(1.865, 2.950) prev=(1.865, 3.791) next=(1.250, 2.950) prev_len=0.840 next_len=0.615 limit=0.268[0m
[33m[WARN] [1789384225.400321449]: [planner][row1-debug] clothoid infeasible tgt=50 j=3 p=(1.250, 2.950) prev=(1.865, 2.950) next=(1.250, 1.830) prev_len=0.615 next_len=1.121 limit=0.329[0m
[33m[WARN] [1789384225.400495351]: [planner][row1-debug] local arc fallback tgt=50 j=2 radius=0.277 max_radius=0.277 pts=45[0m
[33m[WARN] [1789384225.400654133]: [planner][row1-debug] local arc fallback tgt=50 j=3 radius=0.277 max_radius=0.277 pts=45[0m
[33m[WARN] [1789384225.400936747]: [planner][row1-debug] route=B_TO_A1 debug_rev=row1_aux_lane_to_a1_v2 src=51 tgt=101 src_corr=4 tgt_corr=1 target=(1.250,4.100 th=90.0deg) mode=auto terminal_reverse=0 near_gap=0.584 far_gap=0.304 horiz=0.000 min_x=0.676[0m
[33m[WARN] [1789384225.401108506]: [planner][row1-debug] initial_reverse tgt=101 same_corr=0 start_to_right=1 start_lane_y=0.429 forward_heading=0.0deg reverse_end_dir=(180.0deg) desired_end_x=0.957 actual_end=(0.657,0.429) reverse_origin=(1.881,0.994) curve_start=(1.881,0.768) curve_pts=56 direct_ok=1[0m
[33m[WARN] [1789384225.401272640]: [planner][row1-debug] row3lower 3to2 staged shift src=51 side=right lower=(1.375,1.550) upper=(1.375,1.830) bridge=(1.250,1.830) next=(1.250,2.670)[0m
[33m[WARN] [1789384225.401440743]: [planner][row1-debug] skeleton tgt=101 points=9 terminal_reverse=0 goal_lane_y=3.791 terminal_stop_y=4.100 final_ref_x=1.250[0m
[33m[WARN] [1789384225.401604863]: [planner][row1-debug] skeleton[0]=(0.657,0.429)[0m
[33m[WARN] [1789384225.401763195]: [planner][row1-debug] skeleton[1]=(1.375,0.429)[0m
[33m[WARN] [1789384225.401919012]: [planner][row1-debug] skeleton[2]=(1.375,1.830)[0m
[33m[WARN] [1789384225.402076700]: [planner][row1-debug] skeleton[3]=(1.250,1.830)[0m
[33m[WARN] [1789384225.402241541]: [planner][row1-debug] skeleton[4]=(1.250,2.950)[0m
[33m[WARN] [1789384225.402448717]: [planner][row1-debug] skeleton[5]=(2.155,2.950)[0m
[33m[WARN] [1789384225.402631032]: [planner][row1-debug] skeleton[6]=(2.155,3.791)[0m
[33m[WARN] [1789384225.402797877]: [planner][row1-debug] skeleton[7]=(1.250,3.791)[0m
[33m[WARN] [1789384225.402960724]: [planner][row1-debug] skeleton[8]=(1.250,4.301)[0m
[33m[WARN] [1789384225.403125805]: [planner][row1-debug] lane_shift accepted tgt=101 j=2 terminal=0 lateral=0.125 lead_in=0.600 lead_out=0.600 row3lower_3to2=1[0m
[33m[WARN] [1789384225.403339862]: [planner][row1-debug] lane_shift skipped tgt=101 j=4 outer 1/2 <-> spine 2/3 connector keeps normal turn planning lateral=0.905[0m
[33m[WARN] [1789384225.403499421]: [planner][row1-debug] lane_shift skipped tgt=101 j=6 terminal A1 connector keeps full vertical segment[0m
[33m[WARN] [1789384225.404615656]: [planner][row1-debug] prepend enter src=51 row1_upper=0 raw_pts=160 a_rev=(1.881,0.920) b=(0.657,0.429) path_front=(0.657,0.429 0.0deg type=0)[0m
[33m[WARN] [1789384225.405206672]: [planner][row1-debug] route=B_TO_A1 debug_rev=row1_aux_lane_to_a1_v2 src=52 tgt=101 src_corr=3 tgt_corr=1 target=(1.250,4.100 th=90.0deg) mode=auto terminal_reverse=0 near_gap=0.584 far_gap=0.304 horiz=0.000 min_x=0.676[0m
[33m[WARN] [1789384225.405379780]: [planner][row1-debug] initial_reverse tgt=101 same_corr=0 start_to_right=1 start_lane_y=1.830 forward_heading=0.0deg reverse_end_dir=(180.0deg) desired_end_x=0.752 actual_end=(0.452,1.830) reverse_origin=(2.119,1.265) curve_start=(2.119,1.491) curve_pts=56 direct_ok=1[0m
[33m[WARN] [1789384225.405564531]: [planner][row1-debug] skeleton tgt=101 points=7 terminal_reverse=0 goal_lane_y=3.791 terminal_stop_y=4.100 final_ref_x=1.250[0m
[33m[WARN] [1789384225.405754879]: [planner][row1-debug] skeleton[0]=(0.452,1.830)[0m
[33m[WARN] [1789384225.405933100]: [planner][row1-debug] skeleton[1]=(1.250,1.830)[0m
[33m[WARN] [1789384225.406110156]: [planner][row1-debug] skeleton[2]=(1.250,2.950)[0m
[33m[WARN] [1789384225.406297134]: [planner][row1-debug] skeleton[3]=(2.155,2.950)[0m
[33m[WARN] [1789384225.406464567]: [planner][row1-debug] skeleton[4]=(2.155,3.791)[0m
[33m[WARN] [1789384225.406625257]: [planner][row1-debug] skeleton[5]=(1.250,3.791)[0m
[33m[WARN] [1789384225.406795247]: [planner][row1-debug] skeleton[6]=(1.250,4.301)[0m
[33m[WARN] [1789384225.406964593]: [planner][row1-debug] lane_shift rejected tgt=101 j=1 terminal=0 lateral=1.121 lead_in=0.754 lead_out=0.754[0m
[33m[WARN] [1789384225.407159721]: [planner][row1-debug] lane_shift skipped tgt=101 j=2 outer 1/2 <-> spine 2/3 connector keeps normal turn planning lateral=0.905[0m
[33m[WARN] [1789384225.407342523]: [planner][row1-debug] lane_shift skipped tgt=101 j=4 terminal A1 connector keeps full vertical segment[0m
[33m[WARN] [1789384225.408484583]: [planner][row1-debug] prepend enter src=52 row1_upper=0 raw_pts=204 a_rev=(2.119,1.338) b=(0.452,1.830) path_front=(0.452,1.830 0.0deg type=0)[0m
[33m[WARN] [1789384225.408893785]: [planner][row1-debug] route=A1_TO_B src=101 tgt=52 src_corr=1 tgt_corr=3 target=(2.119,1.520 th=-90.0deg) mode=auto terminal_reverse=0 near_gap=0.211 far_gap=0.491 horiz=0.869 min_x=0.676[0m
[33m[WARN] [1789384225.409213224]: [planner][row1-debug] initial_reverse tgt=52 same_corr=0 start_to_right=1 start_lane_y=3.791 forward_heading=0.0deg reverse_end_dir=(180.0deg) desired_end_x=0.890 actual_end=(0.590,3.791) curve_start=(1.250,4.129) curve_pts=56 direct_ok=1[0m
[33m[WARN] [1789384225.409524701]: [planner][row1-debug] skeleton tgt=52 points=7 terminal_reverse=0 goal_lane_y=1.830 terminal_stop_y=1.520 final_ref_x=1.250[0m
[33m[WARN] [1789384225.409697512]: [planner][row1-debug] skeleton[0]=(0.590,3.791)[0m
[33m[WARN] [1789384225.409865726]: [planner][row1-debug] skeleton[1]=(1.865,3.791)[0m
[33m[WARN] [1789384225.410072906]: [planner][row1-debug] skeleton[2]=(1.865,2.950)[0m
[33m[WARN] [1789384225.410233979]: [planner][row1-debug] skeleton[3]=(1.250,2.950)[0m
[33m[WARN] [1789384225.410404346]: [planner][row1-debug] skeleton[4]=(1.250,1.830)[0m
[33m[WARN] [1789384225.410568176]: [planner][row1-debug] skeleton[5]=(2.119,1.830)[0m
[33m[WARN] [1789384225.410754582]: [planner][row1-debug] skeleton[6]=(2.119,1.338)[0m
[33m[WARN] [1789384225.410916022]: [planner][row1-debug] lane_shift skipped tgt=52 j=2 terminal=0 lateral=0.615: keep inner 1->2 connector, corridor-2 straight, and 2->3 spine connector[0m
[33m[WARN] [1789384225.411081731]: [planner][row1-debug] lane_shift skipped tgt=52 j=4 terminal=1 lateral=0.869: row5 keeps transition-lane turn[0m
[33m[WARN] [1789384225.411400652]: [planner][row1-debug] clothoid infeasible tgt=52 j=2 p=(1.865, 2.950) prev=(1.865, 3.791) next=(1.250, 2.950) prev_len=0.840 next_len=0.615 limit=0.268[0m
[33m[WARN] [1789384225.411560034]: [planner][row1-debug] clothoid infeasible tgt=52 j=3 p=(1.250, 2.950) prev=(1.865, 2.950) next=(1.250, 1.830) prev_len=0.615 next_len=1.121 limit=0.329[0m
[33m[WARN] [1789384225.411734771]: [planner][row1-debug] local arc fallback tgt=52 j=2 radius=0.277 max_radius=0.277 pts=45[0m
[33m[WARN] [1789384225.411900047]: [planner][row1-debug] local arc fallback tgt=52 j=3 radius=0.277 max_radius=0.277 pts=45[0m
[33m[WARN] [1789384225.412165669]: [planner][row1-debug] route=B_TO_A1 debug_rev=row1_aux_lane_to_a1_v2 src=53 tgt=101 src_corr=4 tgt_corr=1 target=(1.250,4.100 th=90.0deg) mode=auto terminal_reverse=0 near_gap=0.584 far_gap=0.304 horiz=0.000 min_x=0.676[0m
[33m[WARN] [1789384225.412353158]: [planner][row1-debug] initial_reverse tgt=101 same_corr=0 start_to_right=1 start_lane_y=0.429 forward_heading=0.0deg reverse_end_dir=(180.0deg) desired_end_x=0.957 actual_end=(0.657,0.429) reverse_origin=(2.119,0.994) curve_start=(2.119,0.768) curve_pts=56 direct_ok=1[0m
[33m[WARN] [1789384225.412524490]: [planner][row1-debug] row3lower 3to2 staged shift src=53 side=right lower=(1.375,1.550) upper=(1.375,1.830) bridge=(1.250,1.830) next=(1.250,2.670)[0m
[33m[WARN] [1789384225.412690584]: [planner][row1-debug] skeleton tgt=101 points=9 terminal_reverse=0 goal_lane_y=3.791 terminal_stop_y=4.100 final_ref_x=1.250[0m
[33m[WARN] [1789384225.412855272]: [planner][row1-debug] skeleton[0]=(0.657,0.429)[0m
[33m[WARN] [1789384225.413017719]: [planner][row1-debug] skeleton[1]=(1.375,0.429)[0m
[33m[WARN] [1789384225.413180546]: [planner][row1-debug] skeleton[2]=(1.375,1.830)[0m
[33m[WARN] [1789384225.413341951]: [planner][row1-debug] skeleton[3]=(1.250,1.830)[0m
[33m[WARN] [1789384225.413507400]: [planner][row1-debug] skeleton[4]=(1.250,2.950)[0m
[33m[WARN] [1789384225.413673221]: [planner][row1-debug] skeleton[5]=(2.155,2.950)[0m
[33m[WARN] [1789384225.413841356]: [planner][row1-debug] skeleton[6]=(2.155,3.791)[0m
[33m[WARN] [1789384225.414006678]: [planner][row1-debug] skeleton[7]=(1.250,3.791)[0m
[33m[WARN] [1789384225.414171159]: [planner][row1-debug] skeleton[8]=(1.250,4.301)[0m
[33m[WARN] [1789384225.414339862]: [planner][row1-debug] lane_shift accepted tgt=101 j=2 terminal=0 lateral=0.125 lead_in=0.600 lead_out=0.600 row3lower_3to2=1[0m
[33m[WARN] [1789384225.414504176]: [planner][row1-debug] lane_shift skipped tgt=101 j=4 outer 1/2 <-> spine 2/3 connector keeps normal turn planning lateral=0.905[0m
[33m[WARN] [1789384225.414664160]: [planner][row1-debug] lane_shift skipped tgt=101 j=6 terminal A1 connector keeps full vertical segment[0m
[33m[WARN] [1789384225.415856688]: [planner][row1-debug] prepend enter src=53 row1_upper=0 raw_pts=184 a_rev=(2.119,0.920) b=(0.657,0.429) path_front=(0.657,0.429 0.0deg type=0)[0m
[33m[WARN] [1789384225.417141984]: [planner][row1-debug] route=B_TO_A1 debug_rev=row1_aux_lane_to_a1_v2 src=54 tgt=101 src_corr=3 tgt_corr=1 target=(1.250,4.100 th=90.0deg) mode=auto terminal_reverse=0 near_gap=0.584 far_gap=0.304 horiz=0.000 min_x=0.676[0m
[33m[WARN] [1789384225.417315297]: [planner][row1-debug] initial_reverse tgt=101 same_corr=0 start_to_right=1 start_lane_y=1.830 forward_heading=0.0deg reverse_end_dir=(180.0deg) desired_end_x=0.752 actual_end=(0.452,1.830) reverse_origin=(2.357,1.265) curve_start=(2.357,1.491) curve_pts=56 direct_ok=1[0m
[33m[WARN] [1789384225.417484073]: [planner][row1-debug] skeleton tgt=101 points=7 terminal_reverse=0 goal_lane_y=3.791 terminal_stop_y=4.100 final_ref_x=1.250[0m
[33m[WARN] [1789384225.417669370]: [planner][row1-debug] skeleton[0]=(0.452,1.830)[0m
[33m[WARN] [1789384225.417914523]: [planner][row1-debug] skeleton[1]=(1.250,1.830)[0m
[33m[WARN] [1789384225.418113915]: [planner][row1-debug] skeleton[2]=(1.250,2.950)[0m
[33m[WARN] [1789384225.418283042]: [planner][row1-debug] skeleton[3]=(2.155,2.950)[0m
[33m[WARN] [1789384225.418456484]: [planner][row1-debug] skeleton[4]=(2.155,3.791)[0m
[33m[WARN] [1789384225.418629452]: [planner][row1-debug] skeleton[5]=(1.250,3.791)[0m
[33m[WARN] [1789384225.418819286]: [planner][row1-debug] skeleton[6]=(1.250,4.301)[0m
[33m[WARN] [1789384225.418999422]: [planner][row1-debug] lane_shift rejected tgt=101 j=1 terminal=0 lateral=1.121 lead_in=0.754 lead_out=0.754[0m
[33m[WARN] [1789384225.419169319]: [planner][row1-debug] lane_shift skipped tgt=101 j=2 outer 1/2 <-> spine 2/3 connector keeps normal turn planning lateral=0.905[0m
[33m[WARN] [1789384225.419336619]: [planner][row1-debug] lane_shift skipped tgt=101 j=4 terminal A1 connector keeps full vertical segment[0m
[33m[WARN] [1789384225.420603422]: [planner][row1-debug] prepend enter src=54 row1_upper=0 raw_pts=228 a_rev=(2.357,1.338) b=(0.452,1.830) path_front=(0.452,1.830 0.0deg type=0)[0m
[33m[WARN] [1789384225.420869685]: [planner][row1-debug] route=A1_TO_B src=101 tgt=54 src_corr=1 tgt_corr=3 target=(2.357,1.520 th=-90.0deg) mode=auto terminal_reverse=0 near_gap=0.211 far_gap=0.491 horiz=1.107 min_x=0.676[0m
[33m[WARN] [1789384225.421026371]: [planner][row1-debug] initial_reverse tgt=54 same_corr=0 start_to_right=1 start_lane_y=3.791 forward_heading=0.0deg reverse_end_dir=(180.0deg) desired_end_x=0.890 actual_end=(0.590,3.791) curve_start=(1.250,4.129) curve_pts=56 direct_ok=1[0m
[33m[WARN] [1789384225.421193762]: [planner][row1-debug] skeleton tgt=54 points=7 terminal_reverse=0 goal_lane_y=1.830 terminal_stop_y=1.520 final_ref_x=1.250[0m
[33m[WARN] [1789384225.421363623]: [planner][row1-debug] skeleton[0]=(0.590,3.791)[0m
[33m[WARN] [1789384225.421528137]: [planner][row1-debug] skeleton[1]=(1.865,3.791)[0m
[33m[WARN] [1789384225.421763033]: [planner][row1-debug] skeleton[2]=(1.865,2.950)[0m
[33m[WARN] [1789384225.421943493]: [planner][row1-debug] skeleton[3]=(1.250,2.950)[0m
[33m[WARN] [1789384225.422120151]: [planner][row1-debug] skeleton[4]=(1.250,1.830)[0m
[33m[WARN] [1789384225.422300048]: [planner][row1-debug] skeleton[5]=(2.357,1.830)[0m
[33m[WARN] [1789384225.422474961]: [planner][row1-debug] skeleton[6]=(2.357,1.338)[0m
[33m[WARN] [1789384225.422650667]: [planner][row1-debug] lane_shift skipped tgt=54 j=2 terminal=0 lateral=0.615: keep inner 1->2 connector, corridor-2 straight, and 2->3 spine connector[0m
[33m[WARN] [1789384225.422821633]: [planner][row1-debug] lane_shift skipped tgt=54 j=4 terminal=1 lateral=1.107: row5 keeps transition-lane turn[0m
[33m[WARN] [1789384225.423117058]: [planner][row1-debug] clothoid infeasible tgt=54 j=2 p=(1.865, 2.950) prev=(1.865, 3.791) next=(1.250, 2.950) prev_len=0.840 next_len=0.615 limit=0.268[0m
[33m[WARN] [1789384225.423329306]: [planner][row1-debug] clothoid infeasible tgt=54 j=3 p=(1.250, 2.950) prev=(1.865, 2.950) next=(1.250, 1.830) prev_len=0.615 next_len=1.121 limit=0.329[0m
[33m[WARN] [1789384225.423646758]: [planner][row1-debug] local arc fallback tgt=54 j=2 radius=0.277 max_radius=0.277 pts=45[0m
[33m[WARN] [1789384225.423812780]: [planner][row1-debug] local arc fallback tgt=54 j=3 radius=0.277 max_radius=0.277 pts=45[0m
[33m[WARN] [1789384225.424086348]: [planner][row1-debug] route=B_TO_A1 debug_rev=row1_aux_lane_to_a1_v2 src=55 tgt=101 src_corr=4 tgt_corr=1 target=(1.250,4.100 th=90.0deg) mode=auto terminal_reverse=0 near_gap=0.584 far_gap=0.304 horiz=0.000 min_x=0.676[0m
[33m[WARN] [1789384225.424284703]: [planner][row1-debug] initial_reverse tgt=101 same_corr=0 start_to_right=1 start_lane_y=0.429 forward_heading=0.0deg reverse_end_dir=(180.0deg) desired_end_x=0.957 actual_end=(0.657,0.429) reverse_origin=(2.357,0.994) curve_start=(2.357,0.768) curve_pts=56 direct_ok=1[0m
[33m[WARN] [1789384225.424449309]: [planner][row1-debug] row3lower 3to2 staged shift src=55 side=right lower=(1.375,1.550) upper=(1.375,1.830) bridge=(1.250,1.830) next=(1.250,2.670)[0m
[33m[WARN] [1789384225.424621972]: [planner][row1-debug] skeleton tgt=101 points=9 terminal_reverse=0 goal_lane_y=3.791 terminal_stop_y=4.100 final_ref_x=1.250[0m
[33m[WARN] [1789384225.424804130]: [planner][row1-debug] skeleton[0]=(0.657,0.429)[0m
[33m[WARN] [1789384225.424967598]: [planner][row1-debug] skeleton[1]=(1.375,0.429)[0m
[33m[WARN] [1789384225.425131530]: [planner][row1-debug] skeleton[2]=(1.375,1.830)[0m
[33m[WARN] [1789384225.425307417]: [planner][row1-debug] skeleton[3]=(1.250,1.830)[0m
[33m[WARN] [1789384225.425467068]: [planner][row1-debug] skeleton[4]=(1.250,2.950)[0m
[33m[WARN] [1789384225.425616044]: [planner][row1-debug] skeleton[5]=(2.155,2.950)[0m
[33m[WARN] [1789384225.425793897]: [planner][row1-debug] skeleton[6]=(2.155,3.791)[0m
[33m[WARN] [1789384225.425964392]: [planner][row1-debug] skeleton[7]=(1.250,3.791)[0m
[33m[WARN] [1789384225.426136058]: [planner][row1-debug] skeleton[8]=(1.250,4.301)[0m
[33m[WARN] [1789384225.426316780]: [planner][row1-debug] lane_shift accepted tgt=101 j=2 terminal=0 lateral=0.125 lead_in=0.600 lead_out=0.600 row3lower_3to2=1[0m
[33m[WARN] [1789384225.426476697]: [planner][row1-debug] lane_shift skipped tgt=101 j=4 outer 1/2 <-> spine 2/3 connector keeps normal turn planning lateral=0.905[0m
[33m[WARN] [1789384225.426641001]: [planner][row1-debug] lane_shift skipped tgt=101 j=6 terminal A1 connector keeps full vertical segment[0m
[33m[WARN] [1789384225.427870161]: [planner][row1-debug] prepend enter src=55 row1_upper=0 raw_pts=208 a_rev=(2.357,0.920) b=(0.657,0.429) path_front=(0.657,0.429 0.0deg type=0)[0m
[33m[WARN] [1789384225.428896096]: [planner][row1-debug] route=B_TO_A1 debug_rev=row1_aux_lane_to_a1_v2 src=56 tgt=101 src_corr=4 tgt_corr=1 target=(1.250,4.100 th=90.0deg) mode=auto terminal_reverse=0 near_gap=0.584 far_gap=0.304 horiz=0.000 min_x=0.676[0m
[33m[WARN] [1789384225.429060907]: [planner][row1-debug] initial_reverse tgt=101 same_corr=0 start_to_right=0 start_lane_y=0.709 forward_heading=180.0deg reverse_end_dir=(0.0deg) desired_end_x=1.793 actual_end=(2.093,0.709) reverse_origin=(0.124,0.125) curve_start=(0.124,0.371) curve_pts=56 direct_ok=1[0m
[33m[WARN] [1789384225.429240666]: [planner][row1-debug] row3lower 3to2 staged shift src=56 side=left lower=(1.375,1.550) upper=(1.375,1.830) bridge=(1.250,1.830) next=(1.250,2.670)[0m
[33m[WARN] [1789384225.429412015]: [planner][row1-debug] skeleton tgt=101 points=9 terminal_reverse=0 goal_lane_y=3.791 terminal_stop_y=4.100 final_ref_x=1.250[0m
[33m[WARN] [1789384225.429579673]: [planner][row1-debug] skeleton[0]=(2.093,0.709)[0m
[33m[WARN] [1789384225.429744243]: [planner][row1-debug] skeleton[1]=(1.375,0.709)[0m
[33m[WARN] [1789384225.429913558]: [planner][row1-debug] skeleton[2]=(1.375,1.830)[0m
[33m[WARN] [1789384225.430085547]: [planner][row1-debug] skeleton[3]=(1.250,1.830)[0m
[33m[WARN] [1789384225.430280522]: [planner][row1-debug] skeleton[4]=(1.250,2.950)[0m
[33m[WARN] [1789384225.430450167]: [planner][row1-debug] skeleton[5]=(0.145,2.950)[0m
[33m[WARN] [1789384225.430629442]: [planner][row1-debug] skeleton[6]=(0.145,3.791)[0m
[33m[WARN] [1789384225.430795670]: [planner][row1-debug] skeleton[7]=(1.250,3.791)[0m
[33m[WARN] [1789384225.430956845]: [planner][row1-debug] skeleton[8]=(1.250,4.301)[0m
[33m[WARN] [1789384225.431127201]: [planner][row1-debug] lane_shift too short tgt=101 j=1 terminal=0 lateral=1.120 need=1.508 avail=0.826[0m
[33m[WARN] [1789384225.431315557]: [planner][row1-debug] lane_shift accepted tgt=101 j=2 terminal=0 lateral=0.125 lead_in=0.600 lead_out=0.600 row3lower_3to2=1[0m
[33m[WARN] [1789384225.431483557]: [planner][row1-debug] lane_shift skipped tgt=101 j=4 outer 1/2 <-> spine 2/3 connector keeps normal turn planning lateral=1.105[0m
[33m[WARN] [1789384225.431698514]: [planner][row1-debug] lane_shift skipped tgt=101 j=6 terminal A1 connector keeps full vertical segment[0m
[33m[WARN] [1789384225.432939664]: [planner][row1-debug] prepend enter src=56 row1_upper=0 raw_pts=237 a_rev=(0.124,0.199) b=(2.093,0.709) path_front=(2.093,0.709 180.0deg type=0)[0m
[33m[WARN] [1789384225.433250906]: [planner][row1-debug] route=A1_TO_B src=101 tgt=56 src_corr=1 tgt_corr=4 target=(0.124,0.400 th=-90.0deg) mode=auto terminal_reverse=0 near_gap=0.584 far_gap=0.304 horiz=1.251 min_x=0.676[0m
[33m[WARN] [1789384225.433416161]: [planner][row1-debug] initial_reverse tgt=56 same_corr=0 start_to_right=0 start_lane_y=3.791 forward_heading=180.0deg reverse_end_dir=(0.0deg) desired_end_x=1.610 actual_end=(1.910,3.791) curve_start=(1.250,4.129) curve_pts=56 direct_ok=1[0m
[33m[WARN] [1789384225.433578699]: [planner][row1-debug] skeleton tgt=56 points=9 terminal_reverse=0 goal_lane_y=0.709 terminal_stop_y=0.400 final_ref_x=1.375[0m
[33m[WARN] [1789384225.433749353]: [planner][row1-debug] skeleton[0]=(1.910,3.791)[0m
[33m[WARN] [1789384225.433915672]: [planner][row1-debug] skeleton[1]=(0.435,3.791)[0m
[33m[WARN] [1789384225.434203092]: [planner][row1-debug] skeleton[2]=(0.435,2.950)[0m
[33m[WARN] [1789384225.434377590]: [planner][row1-debug] skeleton[3]=(1.250,2.950)[0m
[33m[WARN] [1789384225.434545770]: [planner][row1-debug] skeleton[4]=(1.250,1.550)[0m
[33m[WARN] [1789384225.434717559]: [planner][row1-debug] skeleton[5]=(1.375,1.550)[0m
[33m[WARN] [1789384225.434884501]: [planner][row1-debug] skeleton[6]=(1.375,0.709)[0m
[33m[WARN] [1789384225.435052012]: [planner][row1-debug] skeleton[7]=(0.124,0.709)[0m
[33m[WARN] [1789384225.435219357]: [planner][row1-debug] skeleton[8]=(0.124,0.199)[0m
[33m[WARN] [1789384225.435383191]: [planner][row1-debug] lane_shift skipped tgt=56 j=2 terminal=0 lateral=0.815: keep inner 1->2 connector, corridor-2 straight, and 2->3 spine connector[0m
[33m[WARN] [1789384225.435552419]: [planner][row1-debug] lane_shift accepted tgt=56 j=4 terminal=0 lateral=0.125 lead_in=0.252 lead_out=0.252[0m
[33m[WARN] [1789384225.435856807]: [planner][row1-debug] clothoid infeasible tgt=56 j=2 p=(0.435, 2.950) prev=(0.435, 3.791) next=(1.250, 2.950) prev_len=0.840 next_len=0.815 limit=0.333[0m
[33m[WARN] [1789384225.436040908]: [planner][row1-debug] local arc fallback tgt=56 j=2 radius=0.311 max_radius=0.311 pts=50[0m
[33m[WARN] [1789384225.436342132]: [planner][row1-debug] route=B_TO_A1 debug_rev=row1_aux_lane_to_a1_v2 src=57 tgt=101 src_corr=4 tgt_corr=1 target=(1.250,4.100 th=90.0deg) mode=auto terminal_reverse=0 near_gap=0.584 far_gap=0.304 horiz=0.000 min_x=0.676[0m
[33m[WARN] [1789384225.436512772]: [planner][row1-debug] initial_reverse tgt=101 same_corr=0 start_to_right=0 start_lane_y=0.709 forward_heading=180.0deg reverse_end_dir=(0.0deg) desired_end_x=1.793 actual_end=(2.093,0.709) reverse_origin=(0.343,0.125) curve_start=(0.343,0.371) curve_pts=56 direct_ok=1[0m
[33m[WARN] [1789384225.436674401]: [planner][row1-debug] row3lower 3to2 staged shift src=57 side=left lower=(1.375,1.550) upper=(1.375,1.830) bridge=(1.250,1.830) next=(1.250,2.670)[0m
[33m[WARN] [1789384225.436850505]: [planner][row1-debug] skeleton tgt=101 points=9 terminal_reverse=0 goal_lane_y=3.791 terminal_stop_y=4.100 final_ref_x=1.250[0m
[33m[WARN] [1789384225.437016936]: [planner][row1-debug] skeleton[0]=(2.093,0.709)[0m
[33m[WARN] [1789384225.437189758]: [planner][row1-debug] skeleton[1]=(1.375,0.709)[0m
[33m[WARN] [1789384225.437359076]: [planner][row1-debug] skeleton[2]=(1.375,1.830)[0m
[33m[WARN] [1789384225.437529553]: [planner][row1-debug] skeleton[3]=(1.250,1.830)[0m
[33m[WARN] [1789384225.437722605]: [planner][row1-debug] skeleton[4]=(1.250,2.950)[0m
[33m[WARN] [1789384225.437888899]: [planner][row1-debug] skeleton[5]=(0.145,2.950)[0m
[33m[WARN] [1789384225.438059001]: [planner][row1-debug] skeleton[6]=(0.145,3.791)[0m
[33m[WARN] [1789384225.438228881]: [planner][row1-debug] skeleton[7]=(1.250,3.791)[0m
[33m[WARN] [1789384225.438399763]: [planner][row1-debug] skeleton[8]=(1.250,4.301)[0m
[33m[WARN] [1789384225.438568846]: [planner][row1-debug] lane_shift too short tgt=101 j=1 terminal=0 lateral=1.120 need=1.508 avail=0.826[0m
[33m[WARN] [1789384225.438764099]: [planner][row1-debug] lane_shift accepted tgt=101 j=2 terminal=0 lateral=0.125 lead_in=0.600 lead_out=0.600 row3lower_3to2=1[0m
[33m[WARN] [1789384225.438967523]: [planner][row1-debug] lane_shift skipped tgt=101 j=4 outer 1/2 <-> spine 2/3 connector keeps normal turn planning lateral=1.105[0m
[33m[WARN] [1789384225.439149597]: [planner][row1-debug] lane_shift skipped tgt=101 j=6 terminal A1 connector keeps full vertical segment[0m
[33m[WARN] [1789384225.440443193]: [planner][row1-debug] prepend enter src=57 row1_upper=0 raw_pts=215 a_rev=(0.343,0.199) b=(2.093,0.709) path_front=(2.093,0.709 180.0deg type=0)[0m
[33m[WARN] [1789384225.440746955]: [planner][row1-debug] route=A1_TO_B src=101 tgt=57 src_corr=1 tgt_corr=4 target=(0.343,0.400 th=-90.0deg) mode=auto terminal_reverse=0 near_gap=0.584 far_gap=0.304 horiz=1.032 min_x=0.676[0m
[33m[WARN] [1789384225.440923094]: [planner][row1-debug] initial_reverse tgt=57 same_corr=0 start_to_right=0 start_lane_y=3.791 forward_heading=180.0deg reverse_end_dir=(0.0deg) desired_end_x=1.610 actual_end=(1.910,3.791) curve_start=(1.250,4.129) curve_pts=56 direct_ok=1[0m
[33m[WARN] [1789384225.441106158]: [planner][row1-debug] skeleton tgt=57 points=9 terminal_reverse=0 goal_lane_y=0.709 terminal_stop_y=0.400 final_ref_x=1.375[0m
[33m[WARN] [1789384225.441280060]: [planner][row1-debug] skeleton[0]=(1.910,3.791)[0m
[33m[WARN] [1789384225.441442332]: [planner][row1-debug] skeleton[1]=(0.435,3.791)[0m
[33m[WARN] [1789384225.441599912]: [planner][row1-debug] skeleton[2]=(0.435,2.950)[0m
[33m[WARN] [1789384225.441764240]: [planner][row1-debug] skeleton[3]=(1.250,2.950)[0m
[33m[WARN] [1789384225.441927207]: [planner][row1-debug] skeleton[4]=(1.250,1.550)[0m
[33m[WARN] [1789384225.442086378]: [planner][row1-debug] skeleton[5]=(1.375,1.550)[0m
[33m[WARN] [1789384225.442257108]: [planner][row1-debug] skeleton[6]=(1.375,0.709)[0m
[33m[WARN] [1789384225.442439429]: [planner][row1-debug] skeleton[7]=(0.343,0.709)[0m
[33m[WARN] [1789384225.442607502]: [planner][row1-debug] skeleton[8]=(0.343,0.199)[0m
[33m[WARN] [1789384225.442779664]: [planner][row1-debug] lane_shift skipped tgt=57 j=2 terminal=0 lateral=0.815: keep inner 1->2 connector, corridor-2 straight, and 2->3 spine connector[0m
[33m[WARN] [1789384225.442964742]: [planner][row1-debug] lane_shift accepted tgt=57 j=4 terminal=0 lateral=0.125 lead_in=0.252 lead_out=0.252[0m
[33m[WARN] [1789384225.443243321]: [planner][row1-debug] lane_shift skipped tgt=57 j=6 terminal=1 lateral=1.032: row7 keeps first-lane terminal turn[0m
[33m[WARN] [1789384225.443528112]: [planner][row1-debug] clothoid infeasible tgt=57 j=2 p=(0.435, 2.950) prev=(0.435, 3.791) next=(1.250, 2.950) prev_len=0.840 next_len=0.815 limit=0.333[0m
[33m[WARN] [1789384225.443715768]: [planner][row1-debug] local arc fallback tgt=57 j=2 radius=0.311 max_radius=0.311 pts=50[0m
[33m[WARN] [1789384225.444142480]: [planner][row1-debug] route=B_TO_A1 debug_rev=row1_aux_lane_to_a1_v2 src=58 tgt=101 src_corr=4 tgt_corr=1 target=(1.250,4.100 th=90.0deg) mode=auto terminal_reverse=0 near_gap=0.584 far_gap=0.304 horiz=0.000 min_x=0.676[0m
[33m[WARN] [1789384225.444318158]: [planner][row1-debug] initial_reverse tgt=101 same_corr=0 start_to_right=0 start_lane_y=0.709 forward_heading=180.0deg reverse_end_dir=(0.0deg) desired_end_x=1.793 actual_end=(2.093,0.709) reverse_origin=(0.562,0.125) curve_start=(0.562,0.371) curve_pts=56 direct_ok=1[0m
[33m[WARN] [1789384225.444488485]: [planner][row1-debug] row3lower 3to2 staged shift src=58 side=left lower=(1.375,1.550) upper=(1.375,1.830) bridge=(1.250,1.830) next=(1.250,2.670)[0m
[33m[WARN] [1789384225.444663051]: [planner][row1-debug] skeleton tgt=101 points=9 terminal_reverse=0 goal_lane_y=3.791 terminal_stop_y=4.100 final_ref_x=1.250[0m
[33m[WARN] [1789384225.444832626]: [planner][row1-debug] skeleton[0]=(2.093,0.709)[0m
[33m[WARN] [1789384225.445002782]: [planner][row1-debug] skeleton[1]=(1.375,0.709)[0m
[33m[WARN] [1789384225.445186670]: [planner][row1-debug] skeleton[2]=(1.375,1.830)[0m
[33m[WARN] [1789384225.445352635]: [planner][row1-debug] skeleton[3]=(1.250,1.830)[0m
[33m[WARN] [1789384225.445519011]: [planner][row1-debug] skeleton[4]=(1.250,2.950)[0m
[33m[WARN] [1789384225.445688391]: [planner][row1-debug] skeleton[5]=(0.145,2.950)[0m
[33m[WARN] [1789384225.445858936]: [planner][row1-debug] skeleton[6]=(0.145,3.791)[0m
[33m[WARN] [1789384225.446030088]: [planner][row1-debug] skeleton[7]=(1.250,3.791)[0m
[33m[WARN] [1789384225.446197470]: [planner][row1-debug] skeleton[8]=(1.250,4.301)[0m
[33m[WARN] [1789384225.446364806]: [planner][row1-debug] lane_shift too short tgt=101 j=1 terminal=0 lateral=1.120 need=1.508 avail=0.826[0m
[33m[WARN] [1789384225.446536334]: [planner][row1-debug] lane_shift accepted tgt=101 j=2 terminal=0 lateral=0.125 lead_in=0.600 lead_out=0.600 row3lower_3to2=1[0m
[33m[WARN] [1789384225.446707631]: [planner][row1-debug] lane_shift skipped tgt=101 j=4 outer 1/2 <-> spine 2/3 connector keeps normal turn planning lateral=1.105[0m
[33m[WARN] [1789384225.446873777]: [planner][row1-debug] lane_shift skipped tgt=101 j=6 terminal A1 connector keeps full vertical segment[0m
[33m[WARN] [1789384225.448134382]: [planner][row1-debug] prepend enter src=58 row1_upper=0 raw_pts=193 a_rev=(0.562,0.199) b=(2.093,0.709) path_front=(2.093,0.709 180.0deg type=0)[0m
[33m[WARN] [1789384225.448427671]: [planner][row1-debug] route=A1_TO_B src=101 tgt=58 src_corr=1 tgt_corr=4 target=(0.562,0.400 th=-90.0deg) mode=auto terminal_reverse=0 near_gap=0.584 far_gap=0.304 horiz=0.812 min_x=0.676[0m
[33m[WARN] [1789384225.448594215]: [planner][row1-debug] initial_reverse tgt=58 same_corr=0 start_to_right=0 start_lane_y=3.791 forward_heading=180.0deg reverse_end_dir=(0.0deg) desired_end_x=1.610 actual_end=(1.910,3.791) curve_start=(1.250,4.129) curve_pts=56 direct_ok=1[0m
[33m[WARN] [1789384225.448785688]: [planner][row1-debug] skeleton tgt=58 points=9 terminal_reverse=0 goal_lane_y=0.709 terminal_stop_y=0.400 final_ref_x=1.375[0m
[33m[WARN] [1789384225.448991917]: [planner][row1-debug] skeleton[0]=(1.910,3.791)[0m
[33m[WARN] [1789384225.449165181]: [planner][row1-debug] skeleton[1]=(0.435,3.791)[0m
[33m[WARN] [1789384225.449348839]: [planner][row1-debug] skeleton[2]=(0.435,2.950)[0m
[33m[WARN] [1789384225.449519503]: [planner][row1-debug] skeleton[3]=(1.250,2.950)[0m
[33m[WARN] [1789384225.449701617]: [planner][row1-debug] skeleton[4]=(1.250,1.550)[0m
[33m[WARN] [1789384225.449868098]: [planner][row1-debug] skeleton[5]=(1.375,1.550)[0m
[33m[WARN] [1789384225.450066785]: [planner][row1-debug] skeleton[6]=(1.375,0.709)[0m
[33m[WARN] [1789384225.450236007]: [planner][row1-debug] skeleton[7]=(0.562,0.709)[0m
[33m[WARN] [1789384225.450416376]: [planner][row1-debug] skeleton[8]=(0.562,0.199)[0m
[33m[WARN] [1789384225.450586478]: [planner][row1-debug] lane_shift skipped tgt=58 j=2 terminal=0 lateral=0.815: keep inner 1->2 connector, corridor-2 straight, and 2->3 spine connector[0m
[33m[WARN] [1789384225.450760772]: [planner][row1-debug] lane_shift accepted tgt=58 j=4 terminal=0 lateral=0.125 lead_in=0.252 lead_out=0.252[0m
[33m[WARN] [1789384225.450932582]: [planner][row1-debug] lane_shift skipped tgt=58 j=6 terminal=1 lateral=0.812: row7 keeps first-lane terminal turn[0m
[33m[WARN] [1789384225.451327061]: [planner][row1-debug] clothoid infeasible tgt=58 j=2 p=(0.435, 2.950) prev=(0.435, 3.791) next=(1.250, 2.950) prev_len=0.840 next_len=0.815 limit=0.333[0m
[33m[WARN] [1789384225.451498511]: [planner][row1-debug] local arc fallback tgt=58 j=2 radius=0.311 max_radius=0.311 pts=50[0m
[33m[WARN] [1789384225.451796060]: [planner][row1-debug] route=B_TO_A1 debug_rev=row1_aux_lane_to_a1_v2 src=59 tgt=101 src_corr=4 tgt_corr=1 target=(1.250,4.100 th=90.0deg) mode=auto terminal_reverse=0 near_gap=0.584 far_gap=0.304 horiz=0.000 min_x=0.676[0m
[33m[WARN] [1789384225.451966288]: [planner][row1-debug] initial_reverse tgt=101 same_corr=0 start_to_right=0 start_lane_y=0.709 forward_heading=180.0deg reverse_end_dir=(0.0deg) desired_end_x=1.793 actual_end=(2.093,0.709) reverse_origin=(0.782,0.125) curve_start=(0.782,0.371) curve_pts=56 direct_ok=1[0m
[33m[WARN] [1789384225.452130770]: [planner][row1-debug] row3lower 3to2 staged shift src=59 side=left lower=(1.375,1.550) upper=(1.375,1.830) bridge=(1.250,1.830) next=(1.250,2.670)[0m
[33m[WARN] [1789384225.452306997]: [planner][row1-debug] skeleton tgt=101 points=9 terminal_reverse=0 goal_lane_y=3.791 terminal_stop_y=4.100 final_ref_x=1.250[0m
[33m[WARN] [1789384225.452473581]: [planner][row1-debug] skeleton[0]=(2.093,0.709)[0m
[33m[WARN] [1789384225.452652864]: [planner][row1-debug] skeleton[1]=(1.375,0.709)[0m
[33m[WARN] [1789384225.452822057]: [planner][row1-debug] skeleton[2]=(1.375,1.830)[0m
[33m[WARN] [1789384225.452986678]: [planner][row1-debug] skeleton[3]=(1.250,1.830)[0m
[33m[WARN] [1789384225.453145144]: [planner][row1-debug] skeleton[4]=(1.250,2.950)[0m
[33m[WARN] [1789384225.453311513]: [planner][row1-debug] skeleton[5]=(0.145,2.950)[0m
[33m[WARN] [1789384225.453488716]: [planner][row1-debug] skeleton[6]=(0.145,3.791)[0m
[33m[WARN] [1789384225.453655823]: [planner][row1-debug] skeleton[7]=(1.250,3.791)[0m
[33m[WARN] [1789384225.453825316]: [planner][row1-debug] skeleton[8]=(1.250,4.301)[0m
[33m[WARN] [1789384225.453997477]: [planner][row1-debug] lane_shift too short tgt=101 j=1 terminal=0 lateral=1.120 need=1.508 avail=0.826[0m
[33m[WARN] [1789384225.454185210]: [planner][row1-debug] lane_shift accepted tgt=101 j=2 terminal=0 lateral=0.125 lead_in=0.600 lead_out=0.600 row3lower_3to2=1[0m
[33m[WARN] [1789384225.454352903]: [planner][row1-debug] lane_shift skipped tgt=101 j=4 outer 1/2 <-> spine 2/3 connector keeps normal turn planning lateral=1.105[0m
[33m[WARN] [1789384225.454511389]: [planner][row1-debug] lane_shift skipped tgt=101 j=6 terminal A1 connector keeps full vertical segment[0m
[33m[WARN] [1789384225.455747902]: [planner][row1-debug] prepend enter src=59 row1_upper=0 raw_pts=171 a_rev=(0.782,0.199) b=(2.093,0.709) path_front=(2.093,0.709 180.0deg type=0)[0m
[33m[WARN] [1789384225.456078689]: [planner][row1-debug] route=A1_TO_B src=101 tgt=59 src_corr=1 tgt_corr=4 target=(0.782,0.400 th=-90.0deg) mode=auto terminal_reverse=0 near_gap=0.584 far_gap=0.304 horiz=0.593 min_x=0.676[0m
[33m[WARN] [1789384225.456290613]: [planner][row1-debug] initial_reverse tgt=59 same_corr=0 start_to_right=0 start_lane_y=3.791 forward_heading=180.0deg reverse_end_dir=(0.0deg) desired_end_x=1.610 actual_end=(1.910,3.791) curve_start=(1.250,4.129) curve_pts=56 direct_ok=1[0m
[33m[WARN] [1789384225.456509943]: [planner][row1-debug] center detour tgt=59 aux=(2.070,0.709) stage=(0.322,0.709) heading=0.0deg turn_pts=75[0m
[33m[WARN] [1789384225.456683495]: [planner][row1-debug] skeleton tgt=59 points=8 terminal_reverse=0 goal_lane_y=0.709 terminal_stop_y=0.400 final_ref_x=1.375[0m
[33m[WARN] [1789384225.456857803]: [planner][row1-debug] skeleton[0]=(1.910,3.791)[0m
[33m[WARN] [1789384225.457025482]: [planner][row1-debug] skeleton[1]=(0.435,3.791)[0m
[33m[WARN] [1789384225.457193764]: [planner][row1-debug] skeleton[2]=(0.435,2.950)[0m
[33m[WARN] [1789384225.457357352]: [planner][row1-debug] skeleton[3]=(1.250,2.950)[0m
[33m[WARN] [1789384225.457537337]: [planner][row1-debug] skeleton[4]=(1.250,1.550)[0m
[33m[WARN] [1789384225.457708262]: [planner][row1-debug] skeleton[5]=(1.375,1.550)[0m
[33m[WARN] [1789384225.457873735]: [planner][row1-debug] skeleton[6]=(1.375,0.709)[0m
[33m[WARN] [1789384225.458037473]: [planner][row1-debug] skeleton[7]=(2.070,0.709)[0m
[33m[WARN] [1789384225.458202632]: [planner][row1-debug] lane_shift skipped tgt=59 j=2 terminal=0 lateral=0.815: keep inner 1->2 connector, corridor-2 straight, and 2->3 spine connector[0m
[33m[WARN] [1789384225.458364670]: [planner][row1-debug] lane_shift accepted tgt=59 j=4 terminal=0 lateral=0.125 lead_in=0.252 lead_out=0.252[0m
[33m[WARN] [1789384225.458621341]: [planner][row1-debug] clothoid infeasible tgt=59 j=2 p=(0.435, 2.950) prev=(0.435, 3.791) next=(1.250, 2.950) prev_len=0.840 next_len=0.815 limit=0.333[0m
[33m[WARN] [1789384225.458794245]: [planner][row1-debug] local arc fallback tgt=59 j=2 radius=0.311 max_radius=0.311 pts=50[0m
[33m[WARN] [1789384225.459113418]: [planner][row1-debug] route=B_TO_A1 debug_rev=row1_aux_lane_to_a1_v2 src=60 tgt=101 src_corr=4 tgt_corr=1 target=(1.250,4.100 th=90.0deg) mode=auto terminal_reverse=0 near_gap=0.584 far_gap=0.304 horiz=0.000 min_x=0.676[0m
[33m[WARN] [1789384225.459291258]: [planner][row1-debug] initial_reverse tgt=101 same_corr=0 start_to_right=0 start_lane_y=0.709 forward_heading=180.0deg reverse_end_dir=(0.0deg) desired_end_x=1.793 actual_end=(2.093,0.709) reverse_origin=(1.001,0.125) curve_start=(1.001,0.371) curve_pts=56 direct_ok=1[0m
[33m[WARN] [1789384225.459465385]: [planner][row1-debug] row3lower 3to2 staged shift src=60 side=left lower=(1.375,1.550) upper=(1.375,1.830) bridge=(1.250,1.830) next=(1.250,2.670)[0m
[33m[WARN] [1789384225.459663801]: [planner][row1-debug] skeleton tgt=101 points=9 terminal_reverse=0 goal_lane_y=3.791 terminal_stop_y=4.100 final_ref_x=1.250[0m
[33m[WARN] [1789384225.459842646]: [planner][row1-debug] skeleton[0]=(2.093,0.709)[0m
[33m[WARN] [1789384225.460005814]: [planner][row1-debug] skeleton[1]=(1.375,0.709)[0m
[33m[WARN] [1789384225.460172137]: [planner][row1-debug] skeleton[2]=(1.375,1.830)[0m
[33m[WARN] [1789384225.460398762]: [planner][row1-debug] skeleton[3]=(1.250,1.830)[0m
[33m[WARN] [1789384225.460563376]: [planner][row1-debug] skeleton[4]=(1.250,2.950)[0m
[33m[WARN] [1789384225.460728481]: [planner][row1-debug] skeleton[5]=(0.145,2.950)[0m
[33m[WARN] [1789384225.460903079]: [planner][row1-debug] skeleton[6]=(0.145,3.791)[0m
[33m[WARN] [1789384225.461089102]: [planner][row1-debug] skeleton[7]=(1.250,3.791)[0m
[33m[WARN] [1789384225.461272800]: [planner][row1-debug] skeleton[8]=(1.250,4.301)[0m
[33m[WARN] [1789384225.461443443]: [planner][row1-debug] lane_shift too short tgt=101 j=1 terminal=0 lateral=1.120 need=1.508 avail=0.826[0m
[33m[WARN] [1789384225.461620002]: [planner][row1-debug] lane_shift accepted tgt=101 j=2 terminal=0 lateral=0.125 lead_in=0.600 lead_out=0.600 row3lower_3to2=1[0m
[33m[WARN] [1789384225.461785723]: [planner][row1-debug] lane_shift skipped tgt=101 j=4 outer 1/2 <-> spine 2/3 connector keeps normal turn planning lateral=1.105[0m
[33m[WARN] [1789384225.461942174]: [planner][row1-debug] lane_shift skipped tgt=101 j=6 terminal A1 connector keeps full vertical segment[0m
[33m[WARN] [1789384225.463166745]: [planner][row1-debug] prepend enter src=60 row1_upper=0 raw_pts=149 a_rev=(1.001,0.199) b=(2.093,0.709) path_front=(2.093,0.709 180.0deg type=0)[0m
[33m[WARN] [1789384225.463446965]: [planner][row1-debug] route=A1_TO_B src=101 tgt=60 src_corr=1 tgt_corr=4 target=(1.001,0.400 th=-90.0deg) mode=auto terminal_reverse=0 near_gap=0.584 far_gap=0.304 horiz=0.374 min_x=0.676[0m
[33m[WARN] [1789384225.463626663]: [planner][row1-debug] initial_reverse tgt=60 same_corr=0 start_to_right=0 start_lane_y=3.791 forward_heading=180.0deg reverse_end_dir=(0.0deg) desired_end_x=1.610 actual_end=(1.910,3.791) curve_start=(1.250,4.129) curve_pts=56 direct_ok=1[0m
[33m[WARN] [1789384225.463828041]: [planner][row1-debug] center detour tgt=60 aux=(2.070,0.709) stage=(0.541,0.709) heading=0.0deg turn_pts=75[0m
[33m[WARN] [1789384225.464013587]: [planner][row1-debug] skeleton tgt=60 points=8 terminal_reverse=0 goal_lane_y=0.709 terminal_stop_y=0.400 final_ref_x=1.375[0m
[33m[WARN] [1789384225.464194988]: [planner][row1-debug] skeleton[0]=(1.910,3.791)[0m
[33m[WARN] [1789384225.464372166]: [planner][row1-debug] skeleton[1]=(0.435,3.791)[0m
[33m[WARN] [1789384225.464547141]: [planner][row1-debug] skeleton[2]=(0.435,2.950)[0m
[33m[WARN] [1789384225.464709568]: [planner][row1-debug] skeleton[3]=(1.250,2.950)[0m
[33m[WARN] [1789384225.464870528]: [planner][row1-debug] skeleton[4]=(1.250,1.550)[0m
[33m[WARN] [1789384225.465036689]: [planner][row1-debug] skeleton[5]=(1.375,1.550)[0m
[33m[WARN] [1789384225.465236648]: [planner][row1-debug] skeleton[6]=(1.375,0.709)[0m
[33m[WARN] [1789384225.465395698]: [planner][row1-debug] skeleton[7]=(2.070,0.709)[0m
[33m[WARN] [1789384225.465562573]: [planner][row1-debug] lane_shift skipped tgt=60 j=2 terminal=0 lateral=0.815: keep inner 1->2 connector, corridor-2 straight, and 2->3 spine connector[0m
[33m[WARN] [1789384225.465726565]: [planner][row1-debug] lane_shift accepted tgt=60 j=4 terminal=0 lateral=0.125 lead_in=0.252 lead_out=0.252[0m
[33m[WARN] [1789384225.465991967]: [planner][row1-debug] clothoid infeasible tgt=60 j=2 p=(0.435, 2.950) prev=(0.435, 3.791) next=(1.250, 2.950) prev_len=0.840 next_len=0.815 limit=0.333[0m
[33m[WARN] [1789384225.466161340]: [planner][row1-debug] local arc fallback tgt=60 j=2 radius=0.311 max_radius=0.311 pts=50[0m
[33m[WARN] [1789384225.466493124]: [planner][row1-debug] route=B_TO_A1 debug_rev=row1_aux_lane_to_a1_v2 src=61 tgt=101 src_corr=4 tgt_corr=1 target=(1.250,4.100 th=90.0deg) mode=auto terminal_reverse=0 near_gap=0.584 far_gap=0.304 horiz=0.000 min_x=0.676[0m
[33m[WARN] [1789384225.466661082]: [planner][row1-debug] initial_reverse tgt=101 same_corr=0 start_to_right=1 start_lane_y=0.709 forward_heading=0.0deg reverse_end_dir=(180.0deg) desired_end_x=0.707 actual_end=(0.407,0.709) reverse_origin=(1.499,0.125) curve_start=(1.499,0.371) curve_pts=56 direct_ok=1[0m
[33m[WARN] [1789384225.466830489]: [planner][row1-debug] row3lower 3to2 staged shift src=61 side=right lower=(1.125,1.550) upper=(1.125,1.830) bridge=(1.250,1.830) next=(1.250,2.670)[0m
[33m[WARN] [1789384225.466997815]: [planner][row1-debug] skeleton tgt=101 points=9 terminal_reverse=0 goal_lane_y=3.791 terminal_stop_y=4.100 final_ref_x=1.250[0m
[33m[WARN] [1789384225.467158371]: [planner][row1-debug] skeleton[0]=(0.407,0.709)[0m
[33m[WARN] [1789384225.467324209]: [planner][row1-debug] skeleton[1]=(1.125,0.709)[0m
[33m[WARN] [1789384225.467491724]: [planner][row1-debug] skeleton[2]=(1.125,1.830)[0m
[33m[WARN] [1789384225.467655829]: [planner][row1-debug] skeleton[3]=(1.250,1.830)[0m
[33m[WARN] [1789384225.467823405]: [planner][row1-debug] skeleton[4]=(1.250,2.950)[0m
[33m[WARN] [1789384225.467981737]: [planner][row1-debug] skeleton[5]=(2.155,2.950)[0m
[33m[WARN] [1789384225.468133152]: [planner][row1-debug] skeleton[6]=(2.155,3.791)[0m
[33m[WARN] [1789384225.468285604]: [planner][row1-debug] skeleton[7]=(1.250,3.791)[0m
[33m[WARN] [1789384225.468436779]: [planner][row1-debug] skeleton[8]=(1.250,4.301)[0m
[33m[WARN] [1789384225.468596041]: [planner][row1-debug] lane_shift too short tgt=101 j=1 terminal=0 lateral=1.120 need=1.508 avail=0.826[0m
[33m[WARN] [1789384225.468763634]: [planner][row1-debug] lane_shift accepted tgt=101 j=2 terminal=0 lateral=0.125 lead_in=0.600 lead_out=0.600 row3lower_3to2=1[0m
[33m[WARN] [1789384225.468921312]: [planner][row1-debug] lane_shift skipped tgt=101 j=4 outer 1/2 <-> spine 2/3 connector keeps normal turn planning lateral=0.905[0m
[33m[WARN] [1789384225.469086510]: [planner][row1-debug] lane_shift skipped tgt=101 j=6 terminal A1 connector keeps full vertical segment[0m
[33m[WARN] [1789384225.470209208]: [planner][row1-debug] prepend enter src=61 row1_upper=0 raw_pts=149 a_rev=(1.499,0.199) b=(0.407,0.709) path_front=(0.407,0.709 0.0deg type=0)[0m
[33m[WARN] [1789384225.470499318]: [planner][row1-debug] route=A1_TO_B src=101 tgt=61 src_corr=1 tgt_corr=4 target=(1.499,0.400 th=-90.0deg) mode=auto terminal_reverse=0 near_gap=0.304 far_gap=0.584 horiz=0.374 min_x=0.676[0m
[33m[WARN] [1789384225.470668514]: [planner][row1-debug] initial_reverse tgt=61 same_corr=0 start_to_right=1 start_lane_y=3.791 forward_heading=0.0deg reverse_end_dir=(180.0deg) desired_end_x=0.890 actual_end=(0.590,3.791) curve_start=(1.250,4.129) curve_pts=56 direct_ok=1[0m
[33m[WARN] [1789384225.470905675]: [planner][row1-debug] center detour tgt=61 aux=(0.430,0.709) stage=(1.959,0.709) heading=180.0deg turn_pts=75[0m
[33m[WARN] [1789384225.471072869]: [planner][row1-debug] skeleton tgt=61 points=8 terminal_reverse=0 goal_lane_y=0.709 terminal_stop_y=0.400 final_ref_x=1.125[0m
[33m[WARN] [1789384225.471252484]: [planner][row1-debug] skeleton[0]=(0.590,3.791)[0m
[33m[WARN] [1789384225.471429253]: [planner][row1-debug] skeleton[1]=(1.865,3.791)[0m
[33m[WARN] [1789384225.471593898]: [planner][row1-debug] skeleton[2]=(1.865,2.950)[0m
[33m[WARN] [1789384225.471777740]: [planner][row1-debug] skeleton[3]=(1.250,2.950)[0m
[33m[WARN] [1789384225.471942223]: [planner][row1-debug] skeleton[4]=(1.250,1.550)[0m
[33m[WARN] [1789384225.472098879]: [planner][row1-debug] skeleton[5]=(1.125,1.550)[0m
[33m[WARN] [1789384225.472260512]: [planner][row1-debug] skeleton[6]=(1.125,0.709)[0m
[33m[WARN] [1789384225.472410521]: [planner][row1-debug] skeleton[7]=(0.430,0.709)[0m
[33m[WARN] [1789384225.472572913]: [planner][row1-debug] lane_shift skipped tgt=61 j=2 terminal=0 lateral=0.615: keep inner 1->2 connector, corridor-2 straight, and 2->3 spine connector[0m
[33m[WARN] [1789384225.472732116]: [planner][row1-debug] lane_shift accepted tgt=61 j=4 terminal=0 lateral=0.125 lead_in=0.252 lead_out=0.252[0m
[33m[WARN] [1789384225.473093522]: [planner][row1-debug] clothoid infeasible tgt=61 j=2 p=(1.865, 2.950) prev=(1.865, 3.791) next=(1.250, 2.950) prev_len=0.840 next_len=0.615 limit=0.268[0m
[33m[WARN] [1789384225.473291366]: [planner][row1-debug] clothoid infeasible tgt=61 j=3 p=(1.250, 2.950) prev=(1.865, 2.950) next=(1.250, 1.550) prev_len=0.615 next_len=1.401 limit=0.329[0m
[33m[WARN] [1789384225.473468406]: [planner][row1-debug] local arc fallback tgt=61 j=2 radius=0.277 max_radius=0.277 pts=45[0m
[33m[WARN] [1789384225.473640752]: [planner][row1-debug] local arc fallback tgt=61 j=3 radius=0.277 max_radius=0.277 pts=45[0m
[33m[WARN] [1789384225.473948393]: [planner][row1-debug] route=B_TO_A1 debug_rev=row1_aux_lane_to_a1_v2 src=62 tgt=101 src_corr=4 tgt_corr=1 target=(1.250,4.100 th=90.0deg) mode=auto terminal_reverse=0 near_gap=0.584 far_gap=0.304 horiz=0.000 min_x=0.676[0m
[33m[WARN] [1789384225.474119058]: [planner][row1-debug] initial_reverse tgt=101 same_corr=0 start_to_right=1 start_lane_y=0.709 forward_heading=0.0deg reverse_end_dir=(180.0deg) desired_end_x=0.707 actual_end=(0.407,0.709) reverse_origin=(1.718,0.125) curve_start=(1.718,0.371) curve_pts=56 direct_ok=1[0m
[33m[WARN] [1789384225.474298009]: [planner][row1-debug] row3lower 3to2 staged shift src=62 side=right lower=(1.125,1.550) upper=(1.125,1.830) bridge=(1.250,1.830) next=(1.250,2.670)[0m
[33m[WARN] [1789384225.474473316]: [planner][row1-debug] skeleton tgt=101 points=9 terminal_reverse=0 goal_lane_y=3.791 terminal_stop_y=4.100 final_ref_x=1.250[0m
[33m[WARN] [1789384225.474635241]: [planner][row1-debug] skeleton[0]=(0.407,0.709)[0m
[33m[WARN] [1789384225.474793277]: [planner][row1-debug] skeleton[1]=(1.125,0.709)[0m
[33m[WARN] [1789384225.474948777]: [planner][row1-debug] skeleton[2]=(1.125,1.830)[0m
[33m[WARN] [1789384225.475109910]: [planner][row1-debug] skeleton[3]=(1.250,1.830)[0m
[33m[WARN] [1789384225.475274745]: [planner][row1-debug] skeleton[4]=(1.250,2.950)[0m
[33m[WARN] [1789384225.475439830]: [planner][row1-debug] skeleton[5]=(2.155,2.950)[0m
[33m[WARN] [1789384225.475657393]: [planner][row1-debug] skeleton[6]=(2.155,3.791)[0m
[33m[WARN] [1789384225.475822896]: [planner][row1-debug] skeleton[7]=(1.250,3.791)[0m
[33m[WARN] [1789384225.475978539]: [planner][row1-debug] skeleton[8]=(1.250,4.301)[0m
[33m[WARN] [1789384225.476156904]: [planner][row1-debug] lane_shift too short tgt=101 j=1 terminal=0 lateral=1.120 need=1.508 avail=0.826[0m
[33m[WARN] [1789384225.476318904]: [planner][row1-debug] lane_shift accepted tgt=101 j=2 terminal=0 lateral=0.125 lead_in=0.600 lead_out=0.600 row3lower_3to2=1[0m
[33m[WARN] [1789384225.476491255]: [planner][row1-debug] lane_shift skipped tgt=101 j=4 outer 1/2 <-> spine 2/3 connector keeps normal turn planning lateral=0.905[0m
[33m[WARN] [1789384225.476666157]: [planner][row1-debug] lane_shift skipped tgt=101 j=6 terminal A1 connector keeps full vertical segment[0m
[33m[WARN] [1789384225.477787318]: [planner][row1-debug] prepend enter src=62 row1_upper=0 raw_pts=171 a_rev=(1.718,0.199) b=(0.407,0.709) path_front=(0.407,0.709 0.0deg type=0)[0m
[33m[WARN] [1789384225.478063510]: [planner][row1-debug] route=A1_TO_B src=101 tgt=62 src_corr=1 tgt_corr=4 target=(1.718,0.400 th=-90.0deg) mode=auto terminal_reverse=0 near_gap=0.304 far_gap=0.584 horiz=0.593 min_x=0.676[0m
[33m[WARN] [1789384225.478231295]: [planner][row1-debug] initial_reverse tgt=62 same_corr=0 start_to_right=1 start_lane_y=3.791 forward_heading=0.0deg reverse_end_dir=(180.0deg) desired_end_x=0.890 actual_end=(0.590,3.791) curve_start=(1.250,4.129) curve_pts=56 direct_ok=1[0m
[33m[WARN] [1789384225.478439088]: [planner][row1-debug] center detour tgt=62 aux=(0.430,0.709) stage=(2.178,0.709) heading=180.0deg turn_pts=75[0m
[33m[WARN] [1789384225.478657257]: [planner][row1-debug] skeleton tgt=62 points=8 terminal_reverse=0 goal_lane_y=0.709 terminal_stop_y=0.400 final_ref_x=1.125[0m
[33m[WARN] [1789384225.478820762]: [planner][row1-debug] skeleton[0]=(0.590,3.791)[0m
[33m[WARN] [1789384225.478977009]: [planner][row1-debug] skeleton[1]=(1.865,3.791)[0m
[33m[WARN] [1789384225.479143270]: [planner][row1-debug] skeleton[2]=(1.865,2.950)[0m
[33m[WARN] [1789384225.479309562]: [planner][row1-debug] skeleton[3]=(1.250,2.950)[0m
[33m[WARN] [1789384225.479499605]: [planner][row1-debug] skeleton[4]=(1.250,1.550)[0m
[33m[WARN] [1789384225.479672159]: [planner][row1-debug] skeleton[5]=(1.125,1.550)[0m
[33m[WARN] [1789384225.479847964]: [planner][row1-debug] skeleton[6]=(1.125,0.709)[0m
[33m[WARN] [1789384225.480004394]: [planner][row1-debug] skeleton[7]=(0.430,0.709)[0m
[33m[WARN] [1789384225.480160538]: [planner][row1-debug] lane_shift skipped tgt=62 j=2 terminal=0 lateral=0.615: keep inner 1->2 connector, corridor-2 straight, and 2->3 spine connector[0m
[33m[WARN] [1789384225.480327715]: [planner][row1-debug] lane_shift accepted tgt=62 j=4 terminal=0 lateral=0.125 lead_in=0.252 lead_out=0.252[0m
[33m[WARN] [1789384225.480610856]: [planner][row1-debug] clothoid infeasible tgt=62 j=2 p=(1.865, 2.950) prev=(1.865, 3.791) next=(1.250, 2.950) prev_len=0.840 next_len=0.615 limit=0.268[0m
[33m[WARN] [1789384225.480807729]: [planner][row1-debug] clothoid infeasible tgt=62 j=3 p=(1.250, 2.950) prev=(1.865, 2.950) next=(1.250, 1.550) prev_len=0.615 next_len=1.401 limit=0.329[0m
[33m[WARN] [1789384225.480993275]: [planner][row1-debug] local arc fallback tgt=62 j=2 radius=0.277 max_radius=0.277 pts=45[0m
[33m[WARN] [1789384225.481219665]: [planner][row1-debug] local arc fallback tgt=62 j=3 radius=0.277 max_radius=0.277 pts=45[0m
[33m[WARN] [1789384225.481553451]: [planner][row1-debug] route=B_TO_A1 debug_rev=row1_aux_lane_to_a1_v2 src=63 tgt=101 src_corr=4 tgt_corr=1 target=(1.250,4.100 th=90.0deg) mode=auto terminal_reverse=0 near_gap=0.584 far_gap=0.304 horiz=0.000 min_x=0.676[0m
[33m[WARN] [1789384225.481713215]: [planner][row1-debug] initial_reverse tgt=101 same_corr=0 start_to_right=1 start_lane_y=0.709 forward_heading=0.0deg reverse_end_dir=(180.0deg) desired_end_x=0.707 actual_end=(0.407,0.709) reverse_origin=(1.938,0.125) curve_start=(1.938,0.371) curve_pts=56 direct_ok=1[0m
[33m[WARN] [1789384225.481894432]: [planner][row1-debug] row3lower 3to2 staged shift src=63 side=right lower=(1.125,1.550) upper=(1.125,1.830) bridge=(1.250,1.830) next=(1.250,2.670)[0m
[33m[WARN] [1789384225.482096929]: [planner][row1-debug] skeleton tgt=101 points=9 terminal_reverse=0 goal_lane_y=3.791 terminal_stop_y=4.100 final_ref_x=1.250[0m
[33m[WARN] [1789384225.482271775]: [planner][row1-debug] skeleton[0]=(0.407,0.709)[0m
[33m[WARN] [1789384225.482445742]: [planner][row1-debug] skeleton[1]=(1.125,0.709)[0m
[33m[WARN] [1789384225.482618021]: [planner][row1-debug] skeleton[2]=(1.125,1.830)[0m
[33m[WARN] [1789384225.482782813]: [planner][row1-debug] skeleton[3]=(1.250,1.830)[0m
[33m[WARN] [1789384225.482962572]: [planner][row1-debug] skeleton[4]=(1.250,2.950)[0m
[33m[WARN] [1789384225.483134262]: [planner][row1-debug] skeleton[5]=(2.155,2.950)[0m
[33m[WARN] [1789384225.483307909]: [planner][row1-debug] skeleton[6]=(2.155,3.791)[0m
[33m[WARN] [1789384225.483479312]: [planner][row1-debug] skeleton[7]=(1.250,3.791)[0m
[33m[WARN] [1789384225.483670646]: [planner][row1-debug] skeleton[8]=(1.250,4.301)[0m
[33m[WARN] [1789384225.483836596]: [planner][row1-debug] lane_shift too short tgt=101 j=1 terminal=0 lateral=1.120 need=1.508 avail=0.826[0m
[33m[WARN] [1789384225.484003512]: [planner][row1-debug] lane_shift accepted tgt=101 j=2 terminal=0 lateral=0.125 lead_in=0.600 lead_out=0.600 row3lower_3to2=1[0m
[33m[WARN] [1789384225.484172581]: [planner][row1-debug] lane_shift skipped tgt=101 j=4 outer 1/2 <-> spine 2/3 connector keeps normal turn planning lateral=0.905[0m
[33m[WARN] [1789384225.484339922]: [planner][row1-debug] lane_shift skipped tgt=101 j=6 terminal A1 connector keeps full vertical segment[0m
[33m[WARN] [1789384225.485479402]: [planner][row1-debug] prepend enter src=63 row1_upper=0 raw_pts=193 a_rev=(1.938,0.199) b=(0.407,0.709) path_front=(0.407,0.709 0.0deg type=0)[0m
[33m[WARN] [1789384225.485764142]: [planner][row1-debug] route=A1_TO_B src=101 tgt=63 src_corr=1 tgt_corr=4 target=(1.938,0.400 th=-90.0deg) mode=auto terminal_reverse=0 near_gap=0.304 far_gap=0.584 horiz=0.812 min_x=0.676[0m
[33m[WARN] [1789384225.485926422]: [planner][row1-debug] initial_reverse tgt=63 same_corr=0 start_to_right=1 start_lane_y=3.791 forward_heading=0.0deg reverse_end_dir=(180.0deg) desired_end_x=0.890 actual_end=(0.590,3.791) curve_start=(1.250,4.129) curve_pts=56 direct_ok=1[0m
[33m[WARN] [1789384225.486099534]: [planner][row1-debug] skeleton tgt=63 points=9 terminal_reverse=0 goal_lane_y=0.709 terminal_stop_y=0.400 final_ref_x=1.125[0m
[33m[WARN] [1789384225.486268272]: [planner][row1-debug] skeleton[0]=(0.590,3.791)[0m
[33m[WARN] [1789384225.486451196]: [planner][row1-debug] skeleton[1]=(1.865,3.791)[0m
[33m[WARN] [1789384225.486624687]: [planner][row1-debug] skeleton[2]=(1.865,2.950)[0m
[33m[WARN] [1789384225.486790727]: [planner][row1-debug] skeleton[3]=(1.250,2.950)[0m
[33m[WARN] [1789384225.486982843]: [planner][row1-debug] skeleton[4]=(1.250,1.550)[0m
[33m[WARN] [1789384225.487154476]: [planner][row1-debug] skeleton[5]=(1.125,1.550)[0m
[33m[WARN] [1789384225.487309696]: [planner][row1-debug] skeleton[6]=(1.125,0.709)[0m
[33m[WARN] [1789384225.487478959]: [planner][row1-debug] skeleton[7]=(1.938,0.709)[0m
[33m[WARN] [1789384225.487673500]: [planner][row1-debug] skeleton[8]=(1.938,0.199)[0m
[33m[WARN] [1789384225.487833182]: [planner][row1-debug] lane_shift skipped tgt=63 j=2 terminal=0 lateral=0.615: keep inner 1->2 connector, corridor-2 straight, and 2->3 spine connector[0m
[33m[WARN] [1789384225.488010467]: [planner][row1-debug] lane_shift accepted tgt=63 j=4 terminal=0 lateral=0.125 lead_in=0.252 lead_out=0.252[0m
[33m[WARN] [1789384225.488173687]: [planner][row1-debug] lane_shift skipped tgt=63 j=6 terminal=1 lateral=0.812: row7 keeps first-lane terminal turn[0m
[33m[WARN] [1789384225.488541461]: [planner][row1-debug] clothoid infeasible tgt=63 j=2 p=(1.865, 2.950) prev=(1.865, 3.791) next=(1.250, 2.950) prev_len=0.840 next_len=0.615 limit=0.268[0m
[33m[WARN] [1789384225.488706532]: [planner][row1-debug] clothoid infeasible tgt=63 j=3 p=(1.250, 2.950) prev=(1.865, 2.950) next=(1.250, 1.550) prev_len=0.615 next_len=1.401 limit=0.329[0m
[33m[WARN] [1789384225.488876045]: [planner][row1-debug] local arc fallback tgt=63 j=2 radius=0.277 max_radius=0.277 pts=45[0m
[33m[WARN] [1789384225.489050523]: [planner][row1-debug] local arc fallback tgt=63 j=3 radius=0.277 max_radius=0.277 pts=45[0m
[33m[WARN] [1789384225.489327870]: [planner][row1-debug] route=B_TO_A1 debug_rev=row1_aux_lane_to_a1_v2 src=64 tgt=101 src_corr=4 tgt_corr=1 target=(1.250,4.100 th=90.0deg) mode=auto terminal_reverse=0 near_gap=0.584 far_gap=0.304 horiz=0.000 min_x=0.676[0m
[33m[WARN] [1789384225.489502738]: [planner][row1-debug] initial_reverse tgt=101 same_corr=0 start_to_right=1 start_lane_y=0.709 forward_heading=0.0deg reverse_end_dir=(180.0deg) desired_end_x=0.707 actual_end=(0.407,0.709) reverse_origin=(2.157,0.125) curve_start=(2.157,0.371) curve_pts=56 direct_ok=1[0m
[33m[WARN] [1789384225.489672365]: [planner][row1-debug] row3lower 3to2 staged shift src=64 side=right lower=(1.125,1.550) upper=(1.125,1.830) bridge=(1.250,1.830) next=(1.250,2.670)[0m
[33m[WARN] [1789384225.489832389]: [planner][row1-debug] skeleton tgt=101 points=9 terminal_reverse=0 goal_lane_y=3.791 terminal_stop_y=4.100 final_ref_x=1.250[0m
[33m[WARN] [1789384225.490013335]: [planner][row1-debug] skeleton[0]=(0.407,0.709)[0m
[33m[WARN] [1789384225.490185585]: [planner][row1-debug] skeleton[1]=(1.125,0.709)[0m
[33m[WARN] [1789384225.490368220]: [planner][row1-debug] skeleton[2]=(1.125,1.830)[0m
[33m[WARN] [1789384225.490537409]: [planner][row1-debug] skeleton[3]=(1.250,1.830)[0m
[33m[WARN] [1789384225.490720855]: [planner][row1-debug] skeleton[4]=(1.250,2.950)[0m
[33m[WARN] [1789384225.490889567]: [planner][row1-debug] skeleton[5]=(2.155,2.950)[0m
[33m[WARN] [1789384225.491057650]: [planner][row1-debug] skeleton[6]=(2.155,3.791)[0m
[33m[WARN] [1789384225.491236198]: [planner][row1-debug] skeleton[7]=(1.250,3.791)[0m
[33m[WARN] [1789384225.491400271]: [planner][row1-debug] skeleton[8]=(1.250,4.301)[0m
[33m[WARN] [1789384225.491565653]: [planner][row1-debug] lane_shift too short tgt=101 j=1 terminal=0 lateral=1.120 need=1.508 avail=0.826[0m
[33m[WARN] [1789384225.491741436]: [planner][row1-debug] lane_shift accepted tgt=101 j=2 terminal=0 lateral=0.125 lead_in=0.600 lead_out=0.600 row3lower_3to2=1[0m
[33m[WARN] [1789384225.491914476]: [planner][row1-debug] lane_shift skipped tgt=101 j=4 outer 1/2 <-> spine 2/3 connector keeps normal turn planning lateral=0.905[0m
[33m[WARN] [1789384225.492083644]: [planner][row1-debug] lane_shift skipped tgt=101 j=6 terminal A1 connector keeps full vertical segment[0m
[33m[WARN] [1789384225.493197830]: [planner][row1-debug] prepend enter src=64 row1_upper=0 raw_pts=215 a_rev=(2.157,0.199) b=(0.407,0.709) path_front=(0.407,0.709 0.0deg type=0)[0m
[33m[WARN] [1789384225.493478446]: [planner][row1-debug] route=A1_TO_B src=101 tgt=64 src_corr=1 tgt_corr=4 target=(2.157,0.400 th=-90.0deg) mode=auto terminal_reverse=0 near_gap=0.304 far_gap=0.584 horiz=1.032 min_x=0.676[0m
[33m[WARN] [1789384225.493659421]: [planner][row1-debug] initial_reverse tgt=64 same_corr=0 start_to_right=1 start_lane_y=3.791 forward_heading=0.0deg reverse_end_dir=(180.0deg) desired_end_x=0.890 actual_end=(0.590,3.791) curve_start=(1.250,4.129) curve_pts=56 direct_ok=1[0m
[33m[WARN] [1789384225.493836115]: [planner][row1-debug] skeleton tgt=64 points=9 terminal_reverse=0 goal_lane_y=0.709 terminal_stop_y=0.400 final_ref_x=1.125[0m
[33m[WARN] [1789384225.493998342]: [planner][row1-debug] skeleton[0]=(0.590,3.791)[0m
[33m[WARN] [1789384225.494152953]: [planner][row1-debug] skeleton[1]=(1.865,3.791)[0m
[33m[WARN] [1789384225.494323611]: [planner][row1-debug] skeleton[2]=(1.865,2.950)[0m
[33m[WARN] [1789384225.494521392]: [planner][row1-debug] skeleton[3]=(1.250,2.950)[0m
[33m[WARN] [1789384225.494687221]: [planner][row1-debug] skeleton[4]=(1.250,1.550)[0m
[33m[WARN] [1789384225.494845283]: [planner][row1-debug] skeleton[5]=(1.125,1.550)[0m
[33m[WARN] [1789384225.495002010]: [planner][row1-debug] skeleton[6]=(1.125,0.709)[0m
[33m[WARN] [1789384225.495170233]: [planner][row1-debug] skeleton[7]=(2.157,0.709)[0m
[33m[WARN] [1789384225.495333246]: [planner][row1-debug] skeleton[8]=(2.157,0.199)[0m
[33m[WARN] [1789384225.495583163]: [planner][row1-debug] lane_shift skipped tgt=64 j=2 terminal=0 lateral=0.615: keep inner 1->2 connector, corridor-2 straight, and 2->3 spine connector[0m
[33m[WARN] [1789384225.495750780]: [planner][row1-debug] lane_shift accepted tgt=64 j=4 terminal=0 lateral=0.125 lead_in=0.252 lead_out=0.252[0m
[33m[WARN] [1789384225.495921069]: [planner][row1-debug] lane_shift skipped tgt=64 j=6 terminal=1 lateral=1.032: row7 keeps first-lane terminal turn[0m
[33m[WARN] [1789384225.496198662]: [planner][row1-debug] clothoid infeasible tgt=64 j=2 p=(1.865, 2.950) prev=(1.865, 3.791) next=(1.250, 2.950) prev_len=0.840 next_len=0.615 limit=0.268[0m
[33m[WARN] [1789384225.496363464]: [planner][row1-debug] clothoid infeasible tgt=64 j=3 p=(1.250, 2.950) prev=(1.865, 2.950) next=(1.250, 1.550) prev_len=0.615 next_len=1.401 limit=0.329[0m
[33m[WARN] [1789384225.496535412]: [planner][row1-debug] local arc fallback tgt=64 j=2 radius=0.277 max_radius=0.277 pts=45[0m
[33m[WARN] [1789384225.496697967]: [planner][row1-debug] local arc fallback tgt=64 j=3 radius=0.277 max_radius=0.277 pts=45[0m
[33m[WARN] [1789384225.496991169]: [planner][row1-debug] route=B_TO_A1 debug_rev=row1_aux_lane_to_a1_v2 src=65 tgt=101 src_corr=4 tgt_corr=1 target=(1.250,4.100 th=90.0deg) mode=auto terminal_reverse=0 near_gap=0.584 far_gap=0.304 horiz=0.000 min_x=0.676[0m
[33m[WARN] [1789384225.497156850]: [planner][row1-debug] initial_reverse tgt=101 same_corr=0 start_to_right=1 start_lane_y=0.709 forward_heading=0.0deg reverse_end_dir=(180.0deg) desired_end_x=0.707 actual_end=(0.407,0.709) reverse_origin=(2.376,0.125) curve_start=(2.376,0.371) curve_pts=56 direct_ok=1[0m
[33m[WARN] [1789384225.497313897]: [planner][row1-debug] row3lower 3to2 staged shift src=65 side=right lower=(1.125,1.550) upper=(1.125,1.830) bridge=(1.250,1.830) next=(1.250,2.670)[0m
[33m[WARN] [1789384225.497482680]: [planner][row1-debug] skeleton tgt=101 points=9 terminal_reverse=0 goal_lane_y=3.791 terminal_stop_y=4.100 final_ref_x=1.250[0m
[33m[WARN] [1789384225.497651809]: [planner][row1-debug] skeleton[0]=(0.407,0.709)[0m
[33m[WARN] [1789384225.497813329]: [planner][row1-debug] skeleton[1]=(1.125,0.709)[0m
[33m[WARN] [1789384225.497984553]: [planner][row1-debug] skeleton[2]=(1.125,1.830)[0m
[33m[WARN] [1789384225.498161917]: [planner][row1-debug] skeleton[3]=(1.250,1.830)[0m
[33m[WARN] [1789384225.498385534]: [planner][row1-debug] skeleton[4]=(1.250,2.950)[0m
[33m[WARN] [1789384225.498561409]: [planner][row1-debug] skeleton[5]=(2.155,2.950)[0m
[33m[WARN] [1789384225.498752041]: [planner][row1-debug] skeleton[6]=(2.155,3.791)[0m
[33m[WARN] [1789384225.498918101]: [planner][row1-debug] skeleton[7]=(1.250,3.791)[0m
[33m[WARN] [1789384225.499082211]: [planner][row1-debug] skeleton[8]=(1.250,4.301)[0m
[33m[WARN] [1789384225.499248754]: [planner][row1-debug] lane_shift too short tgt=101 j=1 terminal=0 lateral=1.120 need=1.508 avail=0.826[0m
[33m[WARN] [1789384225.499410640]: [planner][row1-debug] lane_shift accepted tgt=101 j=2 terminal=0 lateral=0.125 lead_in=0.600 lead_out=0.600 row3lower_3to2=1[0m
[33m[WARN] [1789384225.499577894]: [planner][row1-debug] lane_shift skipped tgt=101 j=4 outer 1/2 <-> spine 2/3 connector keeps normal turn planning lateral=0.905[0m
[33m[WARN] [1789384225.499750724]: [planner][row1-debug] lane_shift skipped tgt=101 j=6 terminal A1 connector keeps full vertical segment[0m
[33m[WARN] [1789384225.500880015]: [planner][row1-debug] prepend enter src=65 row1_upper=0 raw_pts=237 a_rev=(2.376,0.199) b=(0.407,0.709) path_front=(0.407,0.709 0.0deg type=0)[0m
[33m[WARN] [1789384225.501165737]: [planner][row1-debug] route=A1_TO_B src=101 tgt=65 src_corr=1 tgt_corr=4 target=(2.376,0.400 th=-90.0deg) mode=auto terminal_reverse=0 near_gap=0.304 far_gap=0.584 horiz=1.251 min_x=0.676[0m
[33m[WARN] [1789384225.501330583]: [planner][row1-debug] initial_reverse tgt=65 same_corr=0 start_to_right=1 start_lane_y=3.791 forward_heading=0.0deg reverse_end_dir=(180.0deg) desired_end_x=0.890 actual_end=(0.590,3.791) curve_start=(1.250,4.129) curve_pts=56 direct_ok=1[0m
[33m[WARN] [1789384225.501494760]: [planner][row1-debug] skeleton tgt=65 points=9 terminal_reverse=0 goal_lane_y=0.709 terminal_stop_y=0.400 final_ref_x=1.125[0m
[33m[WARN] [1789384225.501667985]: [planner][row1-debug] skeleton[0]=(0.590,3.791)[0m
[33m[WARN] [1789384225.501834252]: [planner][row1-debug] skeleton[1]=(1.865,3.791)[0m
[33m[WARN] [1789384225.501996593]: [planner][row1-debug] skeleton[2]=(1.865,2.950)[0m
[33m[WARN] [1789384225.502161643]: [planner][row1-debug] skeleton[3]=(1.250,2.950)[0m
[33m[WARN] [1789384225.502324894]: [planner][row1-debug] skeleton[4]=(1.250,1.550)[0m
[33m[WARN] [1789384225.502498468]: [planner][row1-debug] skeleton[5]=(1.125,1.550)[0m
[33m[WARN] [1789384225.502662899]: [planner][row1-debug] skeleton[6]=(1.125,0.709)[0m
[33m[WARN] [1789384225.502822684]: [planner][row1-debug] skeleton[7]=(2.376,0.709)[0m
[33m[WARN] [1789384225.502983593]: [planner][row1-debug] skeleton[8]=(2.376,0.199)[0m
[33m[WARN] [1789384225.503146052]: [planner][row1-debug] lane_shift skipped tgt=65 j=2 terminal=0 lateral=0.615: keep inner 1->2 connector, corridor-2 straight, and 2->3 spine connector[0m
[33m[WARN] [1789384225.503313295]: [planner][row1-debug] lane_shift accepted tgt=65 j=4 terminal=0 lateral=0.125 lead_in=0.252 lead_out=0.252[0m
[33m[WARN] [1789384225.503595898]: [planner][row1-debug] clothoid infeasible tgt=65 j=2 p=(1.865, 2.950) prev=(1.865, 3.791) next=(1.250, 2.950) prev_len=0.840 next_len=0.615 limit=0.268[0m
[33m[WARN] [1789384225.503759425]: [planner][row1-debug] clothoid infeasible tgt=65 j=3 p=(1.250, 2.950) prev=(1.865, 2.950) next=(1.250, 1.550) prev_len=0.615 next_len=1.401 limit=0.329[0m
[33m[WARN] [1789384225.503931603]: [planner][row1-debug] local arc fallback tgt=65 j=2 radius=0.277 max_radius=0.277 pts=45[0m
[33m[WARN] [1789384225.504101506]: [planner][row1-debug] local arc fallback tgt=65 j=3 radius=0.277 max_radius=0.277 pts=45[0m
[0m[INFO] [1789384225.224976897]: [multi_patrol][TASK RNG] mode=REPRODUCIBLE_PSEUDO seed=2022[0m
[0m[INFO] [1789384225.504355472]: [multi_patrol] A1 leg cache built: slots=66 B->A1 ok=66 arc=5, A1->B ok=66 arc=37[0m
[0m[INFO] [1789384225.649302391]: [multi_patrol] task cache built: slots=66 pairs=4356 valid=4290 same=66 empty=0 curvature=0 boundary=0 shelf=0 kink=0 valid_target_rows=[650,325,325,650,650,520,520,650][0m
[0m[INFO] [1789384225.774259501]: [spin-check] 0 valid paths have mid-path heading jumps >52deg (0 jump points). worst=0deg at -->-[0m
[0m[INFO] [1789384225.774649404]: [multi_patrol][A1] V0 pickup leg: B38 -> A1  wpts=352 len=3.963[0m
[0m[INFO] [1789384225.774690991]: [multi_patrol][A1] V1 pickup leg: B20 -> A1  wpts=344 len=3.955[0m
[0m[INFO] [1789384225.774712077]: [multi_patrol][A1] V2 pickup leg: B36 -> A1  wpts=330 len=3.743[0m
[0m[INFO] [1789384225.775080438]: [multi_patrol][A1] initial pickup legs assigned: 3/3[0m
[0m[INFO] [1789384225.775111431]: [res_map] resources built: 152[0m
[0m[INFO] [1789384225.775154225]: [res_map] V0 uses SLOT_DOCK_16 s=[3.400,3.480] (len=3.963)[0m
[0m[INFO] [1789384225.775161128]: [res_map] V0 uses SLOT_DOCK_17 s=[1.260,1.480] (len=3.963)[0m
[0m[INFO] [1789384225.775164390]: [res_map] V0 uses SLOT_DOCK_18 s=[3.180,3.360] (len=3.963)[0m
[0m[INFO] [1789384225.775167253]: [res_map] V0 uses SLOT_DOCK_19 s=[1.040,1.700] (len=3.963)[0m
[0m[INFO] [1789384225.775170689]: [res_map] V0 uses SLOT_BODY_38 s=[0.000,0.040] (len=3.963)[0m
[0m[INFO] [1789384225.775173552]: [res_map] V0 uses SLOT_DOCK_38 s=[0.000,0.300] (len=3.963)[0m
[0m[INFO] [1789384225.775176282]: [res_map] V0 uses NARROW_top_gap s=[3.920,3.963] (len=3.963)[0m
[0m[INFO] [1789384225.775179104]: [res_map] V0 uses LANE_C2_lo s=[0.040,0.380] (len=3.963)[0m
[0m[INFO] [1789384225.775181926]: [res_map] V0 uses LANE_C2_hi s=[0.380,2.180] (len=3.963)[0m
[0m[INFO] [1789384225.775184677]: [res_map] V0 uses LANE_C1_lo s=[2.680,3.580] (len=3.963)[0m
[0m[INFO] [1789384225.775187295]: [res_map] V0 uses LANE_C1_hi s=[3.580,3.920] (len=3.963)[0m
[0m[INFO] [1789384225.775189902]: [res_map] V0 uses XING_C1_x1250 s=[3.440,3.920] (len=3.963)[0m
[0m[INFO] [1789384225.775195066]: [res_map] V0 uses XING_C2_x1250 s=[1.300,1.460] (len=3.963)[0m
[0m[INFO] [1789384225.775197786]: [res_map] V0 uses XING_C2_x2009 s=[0.520,2.180] (len=3.963)[0m
[0m[INFO] [1789384225.775200445]: [res_map] V0 uses XING_C1_x2009 s=[2.680,3.040] (len=3.963)[0m
[0m[INFO] [1789384225.775266533]: [res_map] V1 uses SLOT_DOCK_10 s=[2.980,3.180] (len=3.955)[0m
[0m[INFO] [1789384225.775291667]: [res_map] V1 uses SLOT_DOCK_11 s=[0.840,1.500] (len=3.955)[0m
[0m[INFO] [1789384225.775297281]: [res_map] V1 uses SLOT_DOCK_12 s=[3.200,3.400] (len=3.955)[0m
[0m[INFO] [1789384225.775300717]: [res_map] V1 uses SLOT_DOCK_13 s=[1.060,1.280] (len=3.955)[0m
[0m[INFO] [1789384225.775303437]: [res_map] V1 uses SLOT_DOCK_14 s=[3.420,3.460] (len=3.955)[0m
[0m[INFO] [1789384225.775306617]: [res_map] V1 uses SLOT_BODY_20 s=[0.000,0.040] (len=3.955)[0m
[0m[INFO] [1789384225.775309408]: [res_map] V1 uses SLOT_DOCK_20 s=[0.000,0.300] (len=3.955)[0m
[0m[INFO] [1789384225.775312241]: [res_map] V1 uses NARROW_top_gap s=[3.920,3.955] (len=3.955)[0m
[0m[INFO] [1789384225.775315012]: [res_map] V1 uses LANE_C2_lo s=[0.040,0.380] (len=3.955)[0m
[0m[INFO] [1789384225.775318039]: [res_map] V1 uses LANE_C2_hi s=[0.380,2.000] (len=3.955)[0m
[0m[INFO] [1789384225.775321055]: [res_map] V1 uses LANE_C1_lo s=[2.500,3.580] (len=3.955)[0m
[0m[INFO] [1789384225.775324113]: [res_map] V1 uses LANE_C1_hi s=[3.580,3.920] (len=3.955)[0m
[0m[INFO] [1789384225.775326935]: [res_map] V1 uses XING_C1_x1250 s=[3.440,3.920] (len=3.955)[0m
[0m[INFO] [1789384225.775329573]: [res_map] V1 uses XING_C2_x290 s=[0.040,2.000] (len=3.955)[0m
[0m[INFO] [1789384225.775332303]: [res_map] V1 uses XING_C1_x290 s=[2.500,2.840] (len=3.955)[0m
[0m[INFO] [1789384225.775362826]: [res_map] V2 uses SLOT_DOCK_16 s=[3.180,3.260] (len=3.743)[0m
[0m[INFO] [1789384225.77538[33m[WARN] [1789384225.776701374]: [batch] 无头快速回归模式:将狂跑 3000 拍(≈5 仿真分钟),不发 marker、不按实时。[0m
[33m[WARN] [1789384225.778454083]: [multi_patrol][A1 EXIT PREPARED] V0 target=B9 pickup_dwell=5.00s exit_len=3.155 priority_until_s=1.056 horizon_refresh=IMMEDIATE[0m
[33m[WARN] [1789384225.778802842]: [multi_patrol][A1 EXIT PREPARED] V1 target=B59 pickup_dwell=5.00s exit_len=9.049 priority_until_s=1.058 horizon_refresh=IMMEDIATE[0m
[33m[WARN] [1789384225.779127303]: [multi_patrol][A1 EXIT PREPARED] V2 target=B8 pickup_dwell=5.00s exit_len=2.936 priority_until_s=1.056 horizon_refresh=IMMEDIATE[0m
[31m[ERROR] [1789384226.419883910]: [multi_patrol] hard collision guard: V0 vs V2; minimal stop applied[0m
[31m[ERROR] [1789384226.420069084]: [SOURCE=REAL] [plan=12] [frame=12] [rollout_step=-1] [FIRST-COLLISION] @tick=233 sim_t=23s 涉及对=[V0-V2 ][0m
[33m[WARN] [1789384226.435144548]: [HIST] ====== 碰撞前 80 拍全队历史 ======[0m
[33m[WARN] [1789384226.435322524]: [HIST]
tick=154
  V0 mode=1 act=0 reason=future_a1_exit_priority blk=1 task=0 slot=38->-1 s=2.587/3.963 rem=1.375 spd=0.050 wait=0.5 gen=1
  V1 mode=1 act=3 reason=clear blk=-1 task=0 slot=20->-1 s=2.533/3.955 rem=1.422 spd=0.142 wait=0.0 gen=1
  V2 mode=1 act=3 reason=clear blk=-1 task=0 slot=36->-1 s=0.724/3.743 rem=3.019 spd=0.200 wait=0.0 gen=1[0m
[33m[WARN] [1789384226.435492551]: [HIST]
tick=155
  V0 mode=1 act=1 reason=clear blk=-1 task=0 slot=38->-1 s=2.592/3.963 rem=1.370 spd=0.050 wait=0.6 gen=1
  V1 mode=1 act=3 reason=clear blk=-1 task=0 slot=20->-1 s=2.547/3.955 rem=1.407 spd=0.142 wait=0.0 gen=1
  V2 mode=1 act=3 reason=clear blk=-1 task=0 slot=36->-1 s=0.744/3.743 rem=2.999 spd=0.200 wait=0.0 gen=1[0m
[33m[WARN] [1789384226.435673825]: [HIST]
tick=156
  V0 mode=1 act=0 reason=future_a1_exit_priority blk=1 task=0 slot=38->-1 s=2.594/3.963 rem=1.368 spd=0.020 wait=0.7 gen=1
  V1 mode=1 act=3 reason=clear blk=-1 task=0 slot=20->-1 s=2.562/3.955 rem=1.393 spd=0.142 wait=0.0 gen=1
  V2 mode=1 act=3 reason=clear blk=-1 task=0 slot=36->-1 s=0.764/3.743 rem=2.979 spd=0.200 wait=0.0 gen=1[0m
[33m[WARN] [1789384226.435847030]: [HIST]
tick=157
  V0 mode=1 act=0 reason=action_hold blk=-1 task=0 slot=38->-1 s=2.594/3.963 rem=1.368 spd=0.000 wait=0.8 gen=1
  V1 mode=1 act=3 reason=clear blk=-1 task=0 slot=20->-1 s=2.576/3.955 rem=1.379 spd=0.142 wait=0.0 gen=1
  V2 mode=1 act=3 reason=clear blk=-1 task=0 slot=36->-1 s=0.784/3.743 rem=2.959 spd=0.200 wait=0.0 gen=1[0m
[33m[WARN] [1789384226.436030384]: [HIST]
tick=158
  V0 mode=1 act=0 reason=action_hold blk=-1 task=0 slot=38->-1 s=2.594/3.963 rem=1.368 spd=0.000 wait=0.9 gen=1
  V1 mode=1 act=3 reason=clear blk=-1 task=0 slot=20->-1 s=2.590/3.955 rem=1.365 spd=0.142 wait=0.0 gen=1
  V2 mode=1 act=3 reason=clear blk=-1 task=0 slot=36->-1 s=0.804/3.743 rem=2.939 spd=0.200 wait=0.0 gen=1[0m
[33m[WARN] [1789384226.436196917]: [HIST]
tick=159
  V0 mode=1 act=0 reason=action_hold blk=-1 task=0 slot=38->-1 s=2.594/3.963 rem=1.368 spd=0.000 wait=1.0 gen=1
  V1 mode=1 act=3 reason=clear blk=-1 task=0 slot=20->-1 s=2.604/3.955 rem=1.350 spd=0.142 wait=0.0 gen=1
  V2 mode=1 act=3 reason=clear blk=-1 task=0 slot=36->-1 s=0.824/3.743 rem=2.919 spd=0.200 wait=0.0 gen=1[0m
[33m[WARN] [1789384226.436358276]: [HIST]
tick=160
  V0 mode=1 act=0 reason=action_hold blk=-1 task=0 slot=38->-1 s=2.594/3.963 rem=1.368 spd=0.000 wait=1.1 gen=1
  V1 mode=1 act=3 reason=clear blk=-1 task=0 slot=20->-1 s=2.619/3.955 rem=1.336 spd=0.142 wait=0.0 gen=1
  V2 mode=1 act=3 reason=clear blk=-1 task=0 slot=36->-1 s=0.844/3.743 rem=2.899 spd=0.200 wait=0.0 gen=1[0m
[33m[WARN] [1789384226.436524642]: [HIST]
tick=161
  V0 mode=1 act=1 reason=clear blk=-1 task=0 slot=38->-1 s=2.596/3.963 rem=1.366 spd=0.020 wait=1.2 gen=1
  V1 mode=1 act=3 reason=clear blk=-1 task=0 slot=20->-1 s=2.633/3.955 rem=1.322 spd=0.142 wait=0.0 gen=1
  V2 mode=1 act=3 reason=clear blk=-1 task=0 slot=36->-1 s=0.864/3.743 rem=2.879 spd=0.200 wait=0.0 gen=1[0m
[33m[WARN] [1789384226.436689549]: [HIST]
tick=162
  V0 mode=1 act=1 reason=action_hold blk=-1 task=0 slot=38->-1 s=2.600/3.963 rem=1.362 spd=0.040 wait=1.3 gen=1
  V1 mode=1 act=3 reason=clear blk=-1 task=0 slot=20->-1 s=2.647/3.955 rem=1.308 spd=0.142 wait=0.0 gen=1
  V2 mode=1 act=3 reason=clear blk=-1 task=0 slot=36->-1 s=0.884/3.743 rem=2.859 spd=0.200 wait=0.0 gen=1[0m
[33m[WARN] [1789384226.436843066]: [HIST]
tick=163
  V0 mode=1 act=0 reason=future_a1_exit_priority blk=1 task=0 slot=38->-1 s=2.601/3.963 rem=1.361 spd=0.010 wait=1.4 gen=1
  V1 mode=1 act=3 reason=clear blk=-1 task=0 slot=20->-1 s=2.661/3.955 rem=1.293 spd=0.142 wait=0.0 gen=1
  V2 mode=1 act=3 reason=clear blk=-1 task=0 slot=36->-1 s=0.904/3.743 rem=2.839 spd=0.200 wait=0.0 gen=1[0m
[33m[WARN] [1789384226.436992532]: [HIST]
tick=164
  V0 mode=1 act=0 reason=future_a1_exit_priority blk=1 task=0 slot=38->-1 s=2.601/3.963 rem=1.361 spd=0.000 wait=1.5 gen=1
  V1 mode=1 act=3 reason=clear blk=-1 task=0 slot=20->-1 s=2.676/3.955 rem=1.279 spd=0.142 wait=0.0 gen=1
  V2 mode=1 act=3 reason=clear blk=-1 task=0 slot=36->-1 s=0.924/3.743 rem=2.819 spd=0.200 wait=0.0 gen=1[0m
[33m[WARN] [1789384226.437150006]: [HIST]
tick=165
  V0 mode=1 act=0 reason=future_a1_exit_priority blk=1 task=0 slot=38->-1 s=2.601/3.963 rem=1.361 spd=0.000 wait=1.6 gen=1
  V1 mode=1 act=3 reason=clear blk=-1 task=0 slot=20->-1 s=2.690/3.955 rem=1.265 spd=0.142 wait=0.0 gen=1
  V2 mode=1 act=3 reason=clear blk=-1 task=0 slot=36->-1 s=0.944/3.743 rem=2.799 spd=0.200 wait=0.0 gen=1[0m
[33m[WARN] [1789384226.437322817]: [HIST]
tick=166
  V0 mode=1 act=0 reason=future_a1_exit_priority blk=1 task=0 slot=38->-1 s=2.601/3.963 rem=1.361 spd=0.000 wait=1.7 gen=1
  V1 mode=1 act=3 reason=clear blk=-1 task=0 slot=20->-1 s=2.704/3.955 rem=1.251 spd=0.142 wait=0.0 gen=1
  V2 mode=1 act=3 reason=clear blk=-1 task=0 slot=36->-1 s=0.964/3.743 rem=2.779 spd=0.200 wait=0.0 gen=1[0m
[33m[WARN] [1789384226.437472570]: [HIST]
tick=167
  V0 mode=1 act=0 reason=future_a1_exit_priority blk=1 task=0 slot=38->-1 s=2.601/3.963 rem=1.361 spd=0.000 wait=1.8 gen=1
  V1 mode=1 act=3 reason=clear blk=-1 task=0 slot=20->-1 s=2.718/3.955 rem=1.236 spd=0.142 wait=0.0 gen=1
  V2 mode=1 act=3 reason=clear blk=-1 task=0 slot=36->-1 s=0.984/3.743 rem=2.759 spd=0.200 wait=0.0 gen=1[0m
[33m[WARN] [1789384226.437625221]: [HIST]
tick=168
  V0 mode=1 act=0 reason=future_a1_exit_priority blk=1 task=0 slot=38->-1 s=2.601/3.963 rem=1.361 spd=0.000 wait=1.9 gen=1
  V1 mode=1 act=3 reason=clear blk=-1 task=0 slot=20->-1 s=2.733/3.955 rem=1.222 spd=0.142 wait=0.0 gen=1
  V2 mode=1 act=3 reason=clear blk=-1 task=0 slot=36->-1 s=1.004/3.743 rem=2.739 spd=0.200 wait=0.0 gen=1[0m
[33m[WARN] [1789384226.437789705]: [HIST]
tick=169
  V0 mode=1 act=0 reason=future_a1_exit_priority blk=1 task=0 slot=38->-1 s=2.601/3.963 rem=1.361 spd=0.000 wait=2.0 gen=1
  V1 mode=1 act=3 reason=clear blk=-1 task=0 slot=20->-1 s=2.747/3.955 rem=1.208 spd=0.143 wait=0.0 gen=1
  V2 mode=1 act=3 reason=clear blk=-1 task=0 slot=36->-1 s=1.024/3.743 rem=2.719 spd=0.200 wait=0.0 gen=1[0m
[33m[WARN] [1789384226.437943027]: [HIST]
tick=170
  V0 mode=1 act=0 reason=future_a1_exit_priority blk=1 task=0 slot=38->-1 s=2.601/3.963 rem=1.361 spd=0.000 wait=2.1 gen=1
  V1 mode=1 act=3 reason=clear blk=-1 task=0 slot=20->-1 s=2.761/3.955 rem=1.193 spd=0.144 wait=0.0 gen=1
  V2 mode=1 act=3 reason=clear blk=-1 task=0 slot=36->-1 s=1.044/3.743 rem=2.699 spd=0.200 wait=0.0 gen=1[0m
[33m[WARN] [1789384226.438092555]: [HIST]
tick=171
  V0 mode=1 act=0 reason=future_a1_exit_priority blk=1 task=0 slot=38->-1 s=2.601/3.963 rem=1.361 spd=0.000 wait=2.2 gen=1
  V1 mode=1 act=3 reason=clear blk=-1 task=0 slot=20->-1 s=2.776/3.955 rem=1.179 spd=0.146 wait=0.0 gen=1
  V2 mode=1 act=3 reason=clear blk=-1 task=0 slot=36->-1 s=1.064/3.743 rem=2.679 spd=0.200 wait=0.0 gen=1[0m
[33m[WARN] [1789384226.438241460]: [HIST]
tick=172
  V0 mode=1 act=0 reason=future_a1_exit_priority blk=1 task=0 slot=38->-1 s=2.601/3.963 rem=1.361 spd=0.000 wait=2.3 gen=1
  V1 mode=1 act=3 reason=clear blk=-1 task=0 slot=20->-1 s=2.791/3.955 rem=1.164 spd=0.150 wait=0.0 gen=1
  V2 mode=1 act=3 reason=clear blk=-1 task=0 slot=36->-1 s=1.084/3.743 rem=2.659 spd=0.200 wait=0.0 gen=1[0m
[33m[WARN] [1789384226.438389894]: [HIST]
tick=173
  V0 mode=1 act=0 reason=future_a1_exit_priority blk=1 task=0 slot=38->-1 s=2.601/3.963 rem=1.361 spd=0.000 wait=2.4 gen=1
  V1 mode=1 act=3 reason=clear blk=-1 task=0 slot=20->-1 s=2.807/3.955 rem=1.148 spd=0.157 wait=0.0 gen=1
  V2 mode=1 act=3 reason=clear blk=-1 task=0 slot=36->-1 s=1.104/3.743 rem=2.639 spd=0.200 wait=0.0 gen=1[0m
[33m[WARN] [1789384226.438539238]: [HIST]
tick=174
  V0 mode=1 act=0 reason=future_a1_exit_priority blk=1 task=0 slot=38->-1 s=2.601/3.963 rem=1.361 spd=0.000 wait=2.5 gen=1
  V1 mode=1 act=3 reason=clear blk=-1 task=0 slot=20->-1 s=2.823/3.955 rem=1.131 spd=0.167 wait=0.0 gen=1
  V2 mode=1 act=3 reason=clear blk=-1 task=0 slot=36->-1 s=1.124/3.743 rem=2.619 spd=0.200 wait=0.0 gen=1[0m
[33m[WARN] [1789384226.438694656]: [HIST]
tick=175
  V0 mode=1 act=0 reason=future_a1_exit_priority blk=1 task=0 slot=38->-1 s=2.601/3.963 rem=1.361 spd=0.000 wait=2.6 gen=1
  V1 mode=1 act=3 reason=clear blk=-1 task=0 slot=20->-1 s=2.841/3.955 rem=1.114 spd=0.179 wait=0.0 gen=1
  V2 mode=1 act=3 reason=clear blk=-1 task=0 slot=36->-1 s=1.144/3.743 rem=2.599 spd=0.200 wait=0.0 gen=1[0m
[33m[WARN] [1789384226.438862369]: [HIST]
tick=176
  V0 mode=1 act=0 reason=future_a1_exit_priority blk=1 task=0 slot=38->-1 s=2.601/3.963 rem=1.361 spd=0.000 wait=2.7 gen=1
  V1 mode=1 act=3 reason=clear blk=-1 task=0 slot=20->-1 s=2.861/3.955 rem=1.094 spd=0.197 wait=0.0 gen=1
  V2 mode=1 act=3 reason=clear blk=-1 task=0 slot=36->-1 s=1.164/3.743 rem=2.579 spd=0.200 wait=0.0 gen=1[0m
[33m[WARN] [1789384226.439027695]: [HIST]
tick=177
  V0 mode=1 act=0 reason=future_a1_exit_priority blk=1 task=0 slot=38->-1 s=2.601/3.963 rem=1.361 spd=0.000 wait=2.8 gen=1
  V1 mode=1 act=3 reason=clear blk=-1 task=0 slot=20->-1 s=2.881/3.955 rem=1.074 spd=0.200 wait=0.0 gen=1
  V2 mode=1 act=3 reason=clear blk=-1 task=0 slot=36->-1 s=1.184/3.743 rem=2.559 spd=0.200 wait=0.0 gen=1[0m
[33m[WARN] [1789384226.439189664]: [HIST]
tick=178
  V0 mode=1 act=0 reason=future_a1_exit_priority blk=1 task=0 slot=38->-1 s=2.601/3.963 rem=1.361 spd=0.000 wait=2.9 gen=1
  V1 mode=1 act=3 reason=clear blk=-1 task=0 slot=20->-1 s=2.901/3.955 rem=1.054 spd=0.200 wait=0.0 gen=1
  V2 mode=1 act=3 reason=clear blk=-1 task=0 slot=36->-1 s=1.204/3.743 rem=2.539 spd=0.200 wait=0.0 gen=1[0m
[33m[WARN] [1789384226.439347608]: [HIST]
tick=179
  V0 mode=1 act=0 reason=future_a1_exit_priority blk=1 task=0 slot=38->-1 s=2.601/3.963 rem=1.361 spd=0.000 wait=3.0 gen=1
  V1 mode=1 act=3 reason=clear blk=-1 task=0 slot=20->-1 s=2.921/3.955 rem=1.034 spd=0.200 wait=0.0 gen=1
  V2 mode=1 act=3 reason=clear blk=-1 task=0 slot=36->-1 s=1.224/3.743 rem=2.519 spd=0.200 wait=0.0 gen=1[0m
[33m[WARN] [1789384226.439548353]: [HIST]
tick=180
  V0 mode=1 act=0 reason=future_a1_exit_priority blk=1 task=0 slot=38->-1 s=2.601/3.963 rem=1.361 spd=0.000 wait=3.1 gen=1
  V1 mode=1 act=3 reason=clear blk=-1 task=0 slot=20->-1 s=2.941/3.955 rem=1.014 spd=0.200 wait=0.0 gen=1
  V2 mode=1 act=3 reason=clear blk=-1 task=0 slot=36->-1 s=1.244/3.743 rem=2.499 spd=0.200 wait=0.0 gen=1[0m
[33m[WARN] [1789384226.439830979]: [HIST]
tick=181
  V0 mode=1 act=0 reason=future_a1_exit_priority blk=1 task=0 slot=38->-1 s=2.601/3.963 rem=1.361 spd=0.000 wait=3.2 gen=1
  V1 mode=1 act=3 reason=clear blk=-1 task=0 slot=20->-1 s=2.961/3.955 rem=0.994 spd=0.200 wait=0.0 gen=1
  V2 mode=1 act=3 reason=clear blk=-1 task=0 slot=36->-1 s=1.264/3.743 rem=2.479 spd=0.200 wait=0.0 gen=1[0m
[33m[WARN] [1789384226.440002204]: [HIST]
tick=182
  V0 mode=1 act=0 reason=future_a1_exit_priority blk=1 task=0 slot=38->-1 s=2.601/3.963 rem=1.361 spd=0.000 wait=3.3 gen=1
  V1 mode=1 act=3 reason=clear blk=-1 task=0 slot=20->-1 s=2.981/3.955 rem=0.974 spd=0.200 wait=0.0 gen=1
  V2 mode=1 act=3 reason=clear blk=-1 task=0 slot=36->-1 s=1.284/3.743 rem=2.459 spd=0.200 wait=0.0 gen=1[0m
[33m[WARN] [1789384226.440166255]: [HIST]
tick=183
  V0 mode=1 act=0 reason=future_a1_exit_priority blk=1 task=0 slot=38->-1 s=2.601/3.963 rem=1.361 spd=0.000 wait=3.4 gen=1
  V1 mode=1 act=3 reason=clear blk=-1 task=0 slot=20->-1 s=3.001/3.955 rem=0.954 spd=0.200 wait=0.0 gen=1
  V2 mode=1 act=3 reason=clear blk=-1 task=0 slot=36->-1 s=1.304/3.743 rem=2.439 spd=0.200 wait=0.0 gen=1[0m
[33m[WARN] [1789384226.440318227]: [HIST]
tick=184
  V0 mode=1 act=0 reason=future_a1_exit_priority blk=1 task=0 slot=38->-1 s=2.601/3.963 rem=1.361 spd=0.000 wait=3.5 gen=1
  V1 mode=1 act=3 reason=clear blk=-1 task=0 slot=20->-1 s=3.021/3.955 rem=0.934 spd=0.200 wait=0.0 gen=1
  V2 mode=1 act=3 reason=clear blk=-1 task=0 slot=36->-1 s=1.324/3.743 rem=2.419 spd=0.200 wait=0.0 gen=1[0m
[33m[WARN] [1789384226.440466068]: [HIST]
tick=185
  V0 mode=1 act=0 reason=future_a1_exit_priority blk=1 task=0 slot=38->-1 s=2.601/3.963 rem=1.361 spd=0.000 wait=3.6 gen=1
  V1 mode=1 act=3 reason=clear blk=-1 task=0 slot=20->-1 s=3.041/3.955 rem=0.914 spd=0.200 wait=0.0 gen=1
  V2 mode=1 act=3 reason=clear blk=-1 task=0 slot=36->-1 s=1.344/3.743 rem=2.399 spd=0.200 wait=0.0 gen=1[0m
[33m[WARN] [1789384226.440627825]: [HIST]
tick=186
  V0 mode=1 act=0 reason=future_a1_exit_priority blk=1 task=0 slot=38->-1 s=2.601/3.963 rem=1.361 spd=0.000 wait=3.7 gen=1
  V1 mode=1 act=3 reason=clear blk=-1 task=0 slot=20->-1 s=3.061/3.955 rem=0.894 spd=0.200 wait=0.0 gen=1
  V2 mode=1 act=3 reason=clear blk=-1 task=0 slot=36->-1 s=1.364/3.743 rem=2.379 spd=0.200 wait=0.0 gen=1[0m
[33m[WARN] [1789384226.440800772]: [HIST]
tick=187
  V0 mode=1 act=0 reason=future_a1_exit_priority blk=1 task=0 slot=38->-1 s=2.601/3.963 rem=1.361 spd=0.000 wait=3.8 gen=1
  V1 mode=1 act=3 reason=clear blk=-1 task=0 slot=20->-1 s=3.081/3.955 rem=0.874 spd=0.200 wait=0.0 gen=1
  V2 mode=1 act=3 reason=clear blk=-1 task=0 slot=36->-1 s=1.384/3.743 rem=2.359 spd=0.200 wait=0.0 gen=1[0m
[33m[WARN] [1789384226.440984247]: [HIST]
tick=188
  V0 mode=1 act=0 reason=future_a1_exit_priority blk=1 task=0 slot=38->-1 s=2.601/3.963 rem=1.361 spd=0.000 wait=3.9 gen=1
  V1 mode=1 act=3 reason=clear blk=-1 task=0 slot=20->-1 s=3.101/3.955 rem=0.854 spd=0.200 wait=0.0 gen=1
  V2 mode=1 act=3 reason=clear blk=-1 task=0 slot=36->-1 s=1.404/3.743 rem=2.339 spd=0.200 wait=0.0 gen=1[0m
[33m[WARN] [1789384226.441161833]: [HIST]
tick=189
  V0 mode=1 act=0 reason=future_a1_exit_priority blk=1 task=0 slot=38->-1 s=2.601/3.963 rem=1.361 spd=0.000 wait=4.0 gen=1
  V1 mode=1 act=3 reason=clear blk=-1 task=0 slot=20->-1 s=3.121/3.955 rem=0.834 spd=0.200 wait=0.0 gen=1
  V2 mode=1 act=3 reason=clear blk=-1 task=0 slot=36->-1 s=1.424/3.743 rem=2.319 spd=0.200 wait=0.0 gen=1[0m
[33m[WARN] [1789384226.441356651]: [HIST]
tick=190
  V0 mode=1 act=0 reason=future_a1_exit_priority blk=1 task=0 slot=38->-1 s=2.601/3.963 rem=1.361 spd=0.000 wait=4.1 gen=1
  V1 mode=1 act=3 reason=clear blk=-1 task=0 slot=20->-1 s=3.141/3.955 rem=0.814 spd=0.200 wait=0.0 gen=1
  V2 mode=1 act=3 reason=clear blk=-1 task=0 slot=36->-1 s=1.444/3.743 rem=2.299 spd=0.200 wait=0.0 gen=1[0m
[33m[WARN] [1789384226.441519268]: [HIST]
tick=191
  V0 mode=1 act=0 reason=future_a1_exit_priority blk=1 task=0 slot=38->-1 s=2.601/3.963 rem=1.361 spd=0.000 wait=4.2 gen=1
  V1 mode=1 act=3 reason=clear blk=-1 task=0 slot=20->-1 s=3.161/3.955 rem=0.794 spd=0.200 wait=0.0 gen=1
  V2 mode=1 act=3 reason=clear blk=-1 task=0 slot=36->-1 s=1.464/3.743 rem=2.279 spd=0.200 wait=0.0 gen=1[0m
[33m[WARN] [1789384226.441670105]: [HIST]
tick=192
  V0 mode=1 act=0 reason=future_a1_exit_priority blk=1 task=0 slot=38->-1 s=2.601/3.963 rem=1.361 spd=0.000 wait=4.3 gen=1
  V1 mode=1 act=3 reason=clear blk=-1 task=0 slot=20->-1 s=3.181/3.955 rem=0.774 spd=0.200 wait=0.0 gen=1
  V2 mode=1 act=3 reason=clear blk=-1 task=0 slot=36->-1 s=1.484/3.743 rem=2.259 spd=0.200 wait=0.0 gen=1[0m
[33m[WARN] [1789384226.441819377]: [HIST]
tick=193
  V0 mode=1 act=0 reason=future_a1_exit_priority blk=1 task=0 slot=38->-1 s=2.601/3.963 rem=1.361 spd=0.000 wait=4.4 gen=1
  V1 mode=1 act=3 reason=clear blk=-1 task=0 slot=20->-1 s=3.201/3.955 rem=0.754 spd=0.200 wait=0.0 gen=1
  V2 mode=1 act=3 reason=clear blk=-1 task=0 slot=36->-1 s=1.504/3.743 rem=2.239 spd=0.200 wait=0.0 gen=1[0m
[33m[WARN] [1789384226.441969038]: [HIST]
tick=194
  V0 mode=1 act=0 reason=future_a1_exit_priority blk=1 task=0 slot=38->-1 s=2.601/3.963 rem=1.361 spd=0.000 wait=4.5 gen=1
  V1 mode=1 act=3 reason=clear blk=-1 task=0 slot=20->-1 s=3.221/3.955 rem=0.734 spd=0.200 wait=0.0 gen=1
  V2 mode=1 act=3 reason=clear blk=-1 task=0 slot=36->-1 s=1.524/3.743 rem=2.219 spd=0.200 wait=0.0 gen=1[0m
[33m[WARN] [1789384226.442118434]: [HIST]
tick=195
  V0 mode=1 act=0 reason=future_a1_exit_priority blk=1 task=0 slot=38->-1 s=2.601/3.963 rem=1.361 spd=0.000 wait=4.6 gen=1
  V1 mode=1 act=3 reason=clear blk=-1 task=0 slot=20->-1 s=3.241/3.955 rem=0.714 spd=0.200 wait=0.0 gen=1
  V2 mode=1 act=3 reason=clear blk=-1 task=0 slot=36->-1 s=1.544/3.743 rem=2.199 spd=0.200 wait=0.0 gen=1[0m
[33m[WARN] [1789384226.442268228]: [HIST]
tick=196
  V0 mode=1 act=0 reason=future_a1_exit_priority blk=1 task=0 slot=38->-1 s=2.601/3.963 rem=1.361 spd=0.000 wait=4.7 gen=1
  V1 mode=1 act=3 reason=clear blk=-1 task=0 slot=20->-1 s=3.261/3.955 rem=0.694 spd=0.200 wait=0.0 gen=1
  V2 mode=1 act=3 reason=clear blk=-1 task=0 slot=36->-1 s=1.564/3.743 rem=2.179 spd=0.200 wait=0.0 gen=1[0m
[33m[WARN] [1789384226.442417960]: [HIST]
tick=197
  V0 mode=1 act=0 reason=future_a1_exit_priority blk=1 task=0 slot=38->-1 s=2.601/3.963 rem=1.361 spd=0.000 wait=4.8 gen=1
  V1 mode=1 act=3 reason=clear blk=-1 task=0 slot=20->-1 s=3.281/3.955 rem=0.674 spd=0.200 wait=0.0 gen=1
  V2 mode=1 act=3 reason=clear blk=-1 task=0 slot=36->-1 s=1.584/3.743 rem=2.159 spd=0.200 wait=0.0 gen=1[0m
[33m[WARN] [1789384226.442570321]: [HIST]
tick=198
  V0 mode=1 act=0 reason=future_a1_exit_priority blk=1 task=0 slot=38->-1 s=2.601/3.963 rem=1.361 spd=0.000 wait=4.9 gen=1
  V1 mode=1 act=3 reason=clear blk=-1 task=0 slot=20->-1 s=3.300/3.955 rem=0.655 spd=0.189 wait=0.0 gen=1
  V2 mode=1 act=3 reason=clear blk=-1 task=0 slot=36->-1 s=1.604/3.743 rem=2.139 spd=0.200 wait=0.0 gen=1[0m
[33m[WARN] [1789384226.442721168]: [HIST]
tick=199
  V0 mode=1 act=0 reason=future_a1_exit_priority blk=1 task=0 slot=38->-1 s=2.601/3.963 rem=1.361 spd=0.000 wait=5.0 gen=1
  V1 mode=1 act=3 reason=clear blk=-1 task=0 slot=20->-1 s=3.318/3.955 rem=0.637 spd=0.179 wait=0.0 gen=1
  V2 mode=1 act=3 reason=clear blk=-1 task=0 slot=36->-1 s=1.624/3.743 rem=2.120 spd=0.197 wait=0.0 gen=1[0m
[33m[WARN] [1789384226.442881698]: [HIST]
tick=200
  V0 mode=1 act=0 reason=future_a1_exit_priority blk=1 task=0 slot=38->-1 s=2.601/3.963 rem=1.361 spd=0.000 wait=5.1 gen=1
  V1 mode=1 act=3 reason=clear blk=-1 task=0 slot=20->-1 s=3.335/3.955 rem=0.620 spd=0.171 wait=0.0 gen=1
  V2 mode=1 act=3 reason=clear blk=-1 task=0 slot=36->-1 s=1.642/3.743 rem=2.101 spd=0.185 wait=0.0 gen=1[0m
[33m[WARN] [1789384226.443049193]: [HIST]
tick=201
  V0 mode=1 act=0 reason=future_a1_exit_priority blk=1 task=0 slot=38->-1 s=2.601/3.963 rem=1.361 spd=0.000 wait=5.2 gen=1
  V1 mode=1 act=3 reason=clear blk=-1 task=0 slot=20->-1 s=3.351/3.955 rem=0.603 spd=0.164 wait=0.0 gen=1
  V2 mode=1 act=3 reason=clear blk=-1 task=0 slot=36->-1 s=1.660/3.743 rem=2.084 spd=0.176 wait=0.0 gen=1[0m
[33m[WARN] [1789384226.443219704]: [HIST]
tick=202
  V0 mode=1 act=0 reason=future_a1_exit_priority blk=1 task=0 slot=38->-1 s=2.601/3.963 rem=1.361 spd=0.000 wait=5.3 gen=1
  V1 mode=1 act=3 reason=clear blk=-1 task=0 slot=20->-1 s=3.367/3.955 rem=0.588 spd=0.159 wait=0.0 gen=1
  V2 mode=1 act=3 reason=clear blk=-1 task=0 slot=36->-1 s=1.677/3.743 rem=2.067 spd=0.169 wait=0.0 gen=1[0m
[33m[WARN] [1789384226.443371594]: [HIST]
tick=203
  V0 mode=1 act=0 reason=future_a1_exit_priority blk=1 task=0 slot=38->-1 s=2.601/3.963 rem=1.361 spd=0.000 wait=5.4 gen=1
  V1 mode=1 act=3 reason=clear blk=-1 task=0 slot=20->-1 s=3.383/3.955 rem=0.572 spd=0.154 wait=0.0 gen=1
  V2 mode=1 act=3 reason=clear blk=-1 task=0 slot=36->-1 s=1.693/3.743 rem=2.050 spd=0.162 wait=0.0 gen=1[0m
[33m[WARN] [1789384226.443523495]: [HIST]
tick=204
  V0 mode=1 act=0 reason=future_a1_exit_priority blk=1 task=0 slot=38->-1 s=2.601/3.963 rem=1.361 spd=0.000 wait=5.5 gen=1
  V1 mode=1 act=3 reason=clear blk=-1 task=0 slot=20->-1 s=3.397/3.955 rem=0.557 spd=0.149 wait=0.0 gen=1
  V2 mode=1 act=3 reason=clear blk=-1 task=0 slot=36->-1 s=1.708/3.743 rem=2.035 spd=0.157 wait=0.0 gen=1[0m
[33m[WARN] [1789384226.443713809]: [HIST]
tick=205
  V0 mode=1 act=0 reason=future_a1_exit_priority blk=1 task=0 slot=38->-1 s=2.601/3.963 rem=1.361 spd=0.000 wait=5.6 gen=1
  V1 mode=1 act=3 reason=clear blk=-1 task=0 slot=20->-1 s=3.412/3.955 rem=0.543 spd=0.146 wait=0.0 gen=1
  V2 mode=1 act=3 reason=clear blk=-1 task=0 slot=36->-1 s=1.724/3.743 rem=2.020 spd=0.152 wait=0.0 gen=1[0m
[33m[WARN] [1789384226.443891570]: [HIST]
tick=206
  V0 mode=1 act=0 reason=future_a1_exit_priority blk=1 task=0 slot=38->-1 s=2.601/3.963 rem=1.361 spd=0.000 wait=5.7 gen=1
  V1 mode=1 act=3 reason=clear blk=-1 task=0 slot=20->-1 s=3.426/3.955 rem=0.528 spd=0.144 wait=0.0 gen=1
  V2 mode=1 act=3 reason=clear blk=-1 task=0 slot=36->-1 s=1.738/3.743 rem=2.005 spd=0.148 wait=0.0 gen=1[0m
[33m[WARN] [1789384226.444061816]: [HIST]
tick=207
  V0 mode=1 act=0 reason=future_a1_exit_priority blk=1 task=0 slot=38->-1 s=2.601/3.963 rem=1.361 spd=0.000 wait=5.8 gen=1
  V1 mode=1 act=3 reason=clear blk=-1 task=0 slot=20->-1 s=3.441/3.955 rem=0.514 spd=0.143 wait=0.0 gen=1
  V2 mode=1 act=3 reason=clear blk=-1 task=0 slot=36->-1 s=1.753/3.743 rem=1.990 spd=0.145 wait=0.0 gen=1[0m
[33m[WARN] [1789384226.444271792]: [HIST]
tick=208
  V0 mode=1 act=0 reason=future_a1_exit_priority blk=1 task=0 slot=38->-1 s=2.601/3.963 rem=1.361 spd=0.000 wait=5.9 gen=1
  V1 mode=1 act=3 reason=clear blk=-1 task=0 slot=20->-1 s=3.455/3.955 rem=0.500 spd=0.143 wait=0.0 gen=1
  V2 mode=1 act=3 reason=clear blk=-1 task=0 slot=36->-1 s=1.767/3.743 rem=1.976 spd=0.143 wait=0.0 gen=1[0m
[33m[WARN] [1789384226.444450448]: [HIST]
tick=209
  V0 mode=1 act=0 reason=future_a1_exit_priority blk=1 task=0 slot=38->-1 s=2.601/3.963 rem=1.361 spd=0.000 wait=6.0 gen=1
  V1 mode=1 act=3 reason=clear blk=-1 task=0 slot=20->-1 s=3.469/3.955 rem=0.485 spd=0.142 wait=0.0 gen=1
  V2 mode=1 act=3 reason=clear blk=-1 task=0 slot=36->-1 s=1.782/3.743 rem=1.962 spd=0.143 wait=0.0 gen=1[0m
[33m[WARN] [1789384226.444643741]: [HIST]
tick=210
  V0 mode=1 act=0 reason=future_a1_exit_priority blk=1 task=0 slot=38->-1 s=2.601/3.963 rem=1.361 spd=0.000 wait=6.1 gen=1
  V1 mode=1 act=3 reason=clear blk=-1 task=0 slot=20->-1 s=3.484/3.955 rem=0.471 spd=0.142 wait=0.0 gen=1
  V2 mode=1 act=3 reason=clear blk=-1 task=0 slot=36->-1 s=1.796/3.743 rem=1.947 spd=0.142 wait=0.0 gen=1[0m
[33m[WARN] [1789384226.444813220]: [HIST]
tick=211
  V0 mode=1 act=0 reason=future_a1_exit_priority blk=1 task=0 slot=38->-1 s=2.601/3.963 rem=1.361 spd=0.000 wait=6.2 gen=1
  V1 mode=1 act=3 reason=clear blk=-1 task=0 slot=20->-1 s=3.498/3.955 rem=0.457 spd=0.142 wait=0.0 gen=1
  V2 mode=1 act=3 reason=clear blk=-1 task=0 slot=36->-1 s=1.810/3.743 rem=1.933 spd=0.142 wait=0.0 gen=1[0m
[33m[WARN] [1789384226.444991298]: [HIST]
tick=212
  V0 mode=1 act=0 reason=future_a1_exit_priority blk=1 task=0 slot=38->-1 s=2.601/3.963 rem=1.361 spd=0.000 wait=6.3 gen=1
  V1 mode=1 act=3 reason=clear blk=-1 task=0 slot=20->-1 s=3.512/3.955 rem=0.443 spd=0.142 wait=0.0 gen=1
  V2 mode=1 act=3 reason=clear blk=-1 task=0 slot=36->-1 s=1.824/3.743 rem=1.919 spd=0.142 wait=0.0 gen=1[0m
[33m[WARN] [1789384226.445161266]: [HIST]
tick=213
  V0 mode=1 act=0 reason=future_a1_exit_priority blk=1 task=0 slot=38->-1 s=2.601/3.963 rem=1.361 spd=0.000 wait=6.4 gen=1
  V1 mode=1 act=3 reason=clear blk=-1 task=0 slot=20->-1 s=3.526/3.955 rem=0.429 spd=0.142 wait=0.0 gen=1
  V2 mode=1 act=3 reason=clear blk=-1 task=0 slot=36->-1 s=1.839/3.743 rem=1.905 spd=0.142 wait=0.0 gen=1[0m
[33m[WARN] [1789384226.445340121]: [HIST]
tick=214
  V0 mode=1 act=0 reason=future_a1_exit_priority blk=1 task=0 slot=38->-1 s=2.601/3.963 rem=1.361 spd=0.000 wait=6.5 gen=1
  V1 mode=1 act=3 reason=clear blk=-1 task=0 slot=20->-1 s=3.541/3.955 rem=0.414 spd=0.142 wait=0.0 gen=1
  V2 mode=1 act=3 reason=clear blk=-1 task=0 slot=36->-1 s=1.853/3.743 rem=1.890 spd=0.142 wait=0.0 gen=1[0m
[33m[WARN] [1789384226.445516124]: [HIST]
tick=215
  V0 mode=1 act=0 reason=future_a1_exit_priority blk=1 task=0 slot=38->-1 s=2.601/3.963 rem=1.361 spd=0.000 wait=6.6 gen=1
  V1 mode=1 act=3 reason=clear blk=-1 task=0 slot=20->-1 s=3.555/3.955 rem=0.400 spd=0.142 wait=0.0 gen=1
  V2 mode=1 act=3 reason=clear blk=-1 task=0 slot=36->-1 s=1.867/3.743 rem=1.876 spd=0.142 wait=0.0 gen=1[0m
[33m[WARN] [1789384226.445719076]: [HIST]
tick=216
  V0 mode=1 act=0 reason=future_a1_exit_priority blk=1 task=0 slot=38->-1 s=2.601/3.963 rem=1.361 spd=0.000 wait=6.7 gen=1
  V1 mode=1 act=3 reason=clear blk=-1 task=0 slot=20->-1 s=3.569/3.955 rem=0.386 spd=0.142 wait=0.0 gen=1
  V2 mode=1 act=3 reason=clear blk=-1 task=0 slot=36->-1 s=1.881/3.743 rem=1.862 spd=0.142 wait=0.0 gen=1[0m
[33m[WARN] [1789384226.445911607]: [HIST]
tick=217
  V0 mode=1 act=0 reason=future_a1_exit_priority blk=1 task=0 slot=38->-1 s=2.601/3.963 rem=1.361 spd=0.000 wait=6.8 gen=1
  V1 mode=1 act=3 reason=clear blk=-1 task=0 slot=20->-1 s=3.583/3.955 rem=0.372 spd=0.142 wait=0.0 gen=1
  V2 mode=1 act=3 reason=clear blk=-1 task=0 slot=36->-1 s=1.896/3.743 rem=1.848 spd=0.142 wait=0.0 gen=1[0m
[33m[WARN] [1789384226.446090834]: [HIST]
tick=218
  V0 mode=1 act=0 reason=future_a1_exit_priority blk=1 task=0 slot=38->-1 s=2.601/3.963 rem=1.361 spd=0.000 wait=6.9 gen=1
  V1 mode=1 act=3 reason=clear blk=-1 task=0 slot=20->-1 s=3.597/3.955 rem=0.357 spd=0.142 wait=0.0 gen=1
  V2 mode=1 act=3 reason=clear blk=-1 task=0 slot=36->-1 s=1.910/3.743 rem=1.833 spd=0.142 wait=0.0 gen=1[0m
[33m[WARN] [1789384226.446255844]: [HIST]
tick=219
  V0 mode=1 act=0 reason=future_a1_exit_priority blk=1 task=0 slot=38->-1 s=2.601/3.963 rem=1.361 spd=0.000 wait=7.0 gen=1
  V1 mode=1 act=3 reason=clear blk=-1 task=0 slot=20->-1 s=3.612/3.955 rem=0.343 spd=0.142 wait=0.0 gen=1
  V2 mode=1 act=3 reason=clear blk=-1 task=0 slot=36->-1 s=1.924/3.743 rem=1.819 spd=0.142 wait=0.0 gen=1[0m
[33m[WARN] [1789384226.446415127]: [HIST]
tick=220
  V0 mode=1 act=0 reason=future_a1_exit_priority blk=1 task=0 slot=38->-1 s=2.601/3.963 rem=1.361 spd=0.000 wait=7.1 gen=1
  V1 mode=1 act=3 reason=clear blk=-1 task=0 slot=20->-1 s=3.626/3.955 rem=0.329 spd=0.143 wait=0.0 gen=1
  V2 mode=1 act=3 reason=clear blk=-1 task=0 slot=36->-1 s=1.938/3.743 rem=1.805 spd=0.142 wait=0.0 gen=1[0m
[33m[WARN] [1789384226.446582147]: [HIST]
tick=221
  V0 mode=1 act=0 reason=future_a1_exit_priority blk=1 task=0 slot=38->-1 s=2.601/3.963 rem=1.361 spd=0.000 wait=7.2 gen=1
  V1 mode=1 act=3 reason=clear blk=-1 task=0 slot=20->-1 s=3.640/3.955 rem=0.314 spd=0.143 wait=0.0 gen=1
  V2 mode=1 act=3 reason=clear blk=-1 task=0 slot=36->-1 s=1.953/3.743 rem=1.791 spd=0.142 wait=0.0 gen=1[0m
[33m[WARN] [1789384226.446751997]: [HIST]
tick=222
  V0 mode=1 act=0 reason=future_a1_exit_priority blk=1 task=0 slot=38->-1 s=2.601/3.963 rem=1.361 spd=0.000 wait=7.3 gen=1
  V1 mode=1 act=3 reason=clear blk=-1 task=0 slot=20->-1 s=3.655/3.955 rem=0.300 spd=0.144 wait=0.0 gen=1
  V2 mode=1 act=3 reason=clear blk=-1 task=0 slot=36->-1 s=1.967/3.743 rem=1.776 spd=0.143 wait=0.0 gen=1[0m
[33m[WARN] [1789384226.446920617]: [HIST]
tick=223
  V0 mode=1 act=0 reason=future_a1_exit_priority blk=1 task=0 slot=38->-1 s=2.601/3.963 rem=1.361 spd=0.000 wait=7.4 gen=1
  V1 mode=1 act=3 reason=clear blk=-1 task=0 slot=20->-1 s=3.669/3.955 rem=0.285 spd=0.146 wait=0.0 gen=1
  V2 mode=1 act=3 reason=clear blk=-1 task=0 slot=36->-1 s=1.981/3.743 rem=1.762 spd=0.143 wait=0.0 gen=1[0m
[33m[WARN] [1789384226.447083065]: [HIST]
tick=224
  V0 mode=1 act=0 reason=future_a1_exit_priority blk=1 task=0 slot=38->-1 s=2.601/3.963 rem=1.361 spd=0.000 wait=7.5 gen=1
  V1 mode=1 act=3 reason=clear blk=-1 task=0 slot=20->-1 s=3.684/3.955 rem=0.271 spd=0.149 wait=0.0 gen=1
  V2 mode=1 act=3 reason=clear blk=-1 task=0 slot=36->-1 s=1.996/3.743 rem=1.748 spd=0.145 wait=0.0 gen=1[0m
[33m[WARN] [1789384226.447255090]: [HIST]
tick=225
  V0 mode=1 act=0 reason=future_a1_exit_priority blk=1 task=0 slot=38->-1 s=2.601/3.963 rem=1.361 spd=0.000 wait=7.6 gen=1
  V1 mode=1 act=3 reason=clear blk=-1 task=0 slot=20->-1 s=3.700/3.955 rem=0.255 spd=0.153 wait=0.0 gen=1
  V2 mode=1 act=3 reason=clear blk=-1 task=0 slot=36->-1 s=2.010/3.743 rem=1.733 spd=0.147 wait=0.0 gen=1[0m
[33m[WARN] [1789384226.447431004]: [HIST]
tick=226
  V0 mode=1 act=0 reason=future_a1_exit_priority blk=1 task=0 slot=38->-1 s=2.601/3.963 rem=1.361 spd=0.000 wait=7.7 gen=1
  V1 mode=1 act=3 reason=clear blk=-1 task=0 slot=20->-1 s=3.715/3.955 rem=0.239 spd=0.158 wait=0.0 gen=1
  V2 mode=1 act=3 reason=clear blk=-1 task=0 slot=36->-1 s=2.025/3.743 rem=1.718 spd=0.150 wait=0.0 gen=1[0m
[33m[WARN] [1789384226.447589541]: [HIST]
tick=227
  V0 mode=1 act=0 reason=future_a1_exit_priority blk=1 task=0 slot=38->-1 s=2.601/3.963 rem=1.361 spd=0.000 wait=7.8 gen=1
  V1 mode=1 act=3 reason=clear blk=-1 task=0 slot=20->-1 s=3.732/3.955 rem=0.223 spd=0.163 wait=0.0 gen=1
  V2 mode=1 act=3 reason=clear blk=-1 task=0 slot=36->-1 s=2.041/3.743 rem=1.702 spd=0.155 wait=0.0 gen=1[0m
[33m[WARN] [1789384226.447773310]: [HIST]
tick=228
  V0 mode=1 act=0 reason=future_a1_exit_priority blk=1 task=0 slot=38->-1 s=2.601/3.963 rem=1.361 spd=0.000 wait=7.9 gen=1
  V1 mode=1 act=3 reason=clear blk=-1 task=0 slot=20->-1 s=3.749/3.955 rem=0.206 spd=0.170 wait=0.0 gen=1
  V2 mode=1 act=3 reason=clear blk=-1 task=0 slot=36->-1 s=2.057/3.743 rem=1.686 spd=0.160 wait=0.0 gen=1[0m
[33m[WARN] [1789384226.447943064]: [HIST]
tick=229
  V0 mode=1 act=0 reason=future_a1_exit_priority blk=1 task=0 slot=38->-1 s=2.601/3.963 rem=1.361 spd=0.000 wait=8.0 gen=1
  V1 mode=1 act=3 reason=clear blk=-1 task=0 slot=20->-1 s=3.766/3.955 rem=0.188 spd=0.177 wait=0.0 gen=1
  V2 mode=1 act=3 reason=clear blk=-1 task=0 slot=36->-1 s=2.073/3.743 rem=1.670 spd=0.165 wait=0.0 gen=1[0m
[33m[WARN] [1789384226.448109939]: [HIST]
tick=230
  V0 mode=1 act=0 reason=future_a1_exit_priority blk=1 task=0 slot=38->-1 s=2.601/3.963 rem=1.361 spd=0.000 wait=8.1 gen=1
  V1 mode=1 act=3 reason=clear blk=-1 task=0 slot=20->-1 s=3.785/3.955 rem=0.170 spd=0.186 wait=0.0 gen=1
  V2 mode=1 act=3 reason=clear blk=-1 task=0 slot=36->-1 s=2.090/3.743 rem=1.653 spd=0.172 wait=0.0 gen=1[0m
[33m[WARN] [1789384226.448273354]: [HIST]
tick=231
  V0 mode=1 act=0 reason=future_a1_exit_priority blk=1 task=0 slot=38->-1 s=2.601/3.963 rem=1.361 spd=0.000 wait=8.2 gen=1
  V1 mode=1 act=3 reason=clear blk=-1 task=0 slot=20->-1 s=3.805/3.955 rem=0.150 spd=0.197 wait=0.0 gen=1
  V2 mode=1 act=3 reason=clear blk=-1 task=0 slot=36->-1 s=2.108/3.743 rem=1.635 spd=0.180 wait=0.0 gen=1[0m
[33m[WARN] [1789384226.448438660]: [HIST]
tick=232
  V0 mode=1 act=0 reason=future_a1_exit_priority blk=1 task=0 slot=38->-1 s=2.601/3.963 rem=1.361 spd=0.000 wait=8.3 gen=1
  V1 mode=1 act=3 reason=clear blk=-1 task=0 slot=20->-1 s=3.825/3.955 rem=0.130 spd=0.200 wait=0.0 gen=1
  V2 mode=1 act=3 reason=clear blk=-1 task=0 slot=36->-1 s=2.127/3.743 rem=1.616 spd=0.189 wait=0.0 gen=1[0m
[33m[WARN] [1789384226.448597279]: [HIST]
tick=233
  V0 mode=1 act=0 reason=hard_collision_guard blk=-1 task=0 slot=38->-1 s=2.601/3.963 rem=1.361 spd=0.000 wait=8.4 gen=1
  V1 mode=1 act=3 reason=clear blk=-1 task=0 slot=20->-1 s=3.845/3.955 rem=0.110 spd=0.200 wait=0.0 gen=1
  V2 mode=1 act=0 reason=hard_collision_guard blk=-1 task=0 slot=36->-1 s=2.127/3.743 rem=1.616 spd=0.000 wait=0.1 gen=1[0m
[33m[WARN] [1789384226.448806877]: [HIST] ====== 碰撞对冲突几何 ======[0m
[33m[WARN] [1789384226.451590147]: [SOURCE=REAL] [plan=12] [frame=12] [rollout_step=-1] [CONFLICT] V0(s=2.601 rem=1.361 act=0 blk=-1) vs V2(s=2.127 rem=1.616 act=0 blk=-1) | owner=V-1 following=0 nzones=1 all_same_dir=1[0m
[33m[WARN] [1789384226.451777224]: [SOURCE=REAL] [plan=12] [frame=12] [rollout_step=-1] [CONFLICT]   zone0 same_dir=1 | A[0.075,3.950] stopA=-0.104 committedA=1 | B[0.250,3.725] stopB=0.071 committedB=1 | @(1.25,4.26)[0m
[33m[WARN] [1789384226.451936793]: [POST]
tick=233
  V0 mode=1 act=0 reason=hard_collision_guard blk=-1 task=0 slot=38->-1 s=2.601/3.963 rem=1.361 spd=0.000 wait=8.4 gen=1
  V1 mode=1 act=3 reason=clear blk=-1 task=0 slot=20->-1 s=3.845/3.955 rem=0.110 spd=0.200 wait=0.0 gen=1
  V2 mode=1 act=0 reason=hard_collision_guard blk=-1 task=0 slot=36->-1 s=2.127/3.743 rem=1.616 spd=0.000 wait=0.1 gen=1[0m
[33m[WARN] [1789384226.452091097]: [SOURCE=REAL] [plan=12] [frame=12] [rollout_step=-1] [CONFLICT] V0(s=2.601 rem=1.361 act=0 blk=-1) vs V2(s=2.127 rem=1.616 act=0 blk=-1) | owner=V-1 following=0 nzones=1 all_same_dir=1[0m
[33m[WARN] [1789384226.452269910]: [SOURCE=REAL] [plan=12] [frame=12] [rollout_step=-1] [CONFLICT]   zone0 same_dir=1 | A[0.075,3.950] stopA=-0.104 committedA=1 | B[0.250,3.725] stopB=0.071 committedB=1 | @(1.25,4.26)[0m
[33m[WARN] [1789384226.452506305]: [POST]
tick=234
  V0 mode=1 act=0 reason=future_a1_exit_priority blk=1 task=0 slot=38->-1 s=2.601/3.963 rem=1.361 spd=0.000 wait=8.5 gen=1
  V1 mode=1 act=3 reason=clear blk=-1 task=0 slot=20->-1 s=3.865/3.955 rem=0.090 spd=0.200 wait=0.0 gen=1
  V2 mode=1 act=0 reason=action_hold blk=-1 task=0 slot=36->-1 s=2.127/3.743 rem=1.616 spd=0.000 wait=0.2 gen=1[0m
[33m[WARN] [1789384226.452672408]: [SOURCE=REAL] [plan=12] [frame=13] [rollout_step=-1] [CONFLICT] V0(s=2.601 rem=1.361 act=0 blk=1) vs V2(s=2.127 rem=1.616 act=0 blk=-1) | owner=V-1 following=0 nzones=1 all_same_dir=1[0m
[33m[WARN] [1789384226.452844085]: [SOURCE=REAL] [plan=12] [frame=13] [rollout_step=-1] [CONFLICT]   zone0 same_dir=1 | A[0.075,3.950] stopA=-0.104 committedA=1 | B[0.250,3.725] stopB=0.071 committedB=1 | @(1.25,4.26)[0m
[33m[WARN] [1789384226.453045989]: [POST]
tick=235
  V0 mode=1 act=0 reason=future_a1_exit_priority blk=1 task=0 slot=38->-1 s=2.601/3.963 rem=1.361 spd=0.000 wait=8.6 gen=1
  V1 mode=1 act=3 reason=clear blk=-1 task=0 slot=20->-1 s=3.885/3.955 rem=0.070 spd=0.200 wait=0.0 gen=1
  V2 mode=1 act=0 reason=action_hold blk=-1 task=0 slot=36->-1 s=2.127/3.743 rem=1.616 spd=0.000 wait=0.3 gen=1[0m
[33m[WARN] [1789384226.453210855]: [SOURCE=REAL] [plan=12] [frame=14] [rollout_step=-1] [CONFLICT] V0(s=2.601 rem=1.361 act=0 blk=1) vs V2(s=2.127 rem=1.616 act=0 blk=-1) | owner=V-1 following=0 nzones=1 all_same_dir=1[0m
[33m[WARN] [1789384226.453365680]: [SOURCE=REAL] [plan=12] [frame=14] [rollout_step=-1] [CONFLICT]   zone0 same_dir=1 | A[0.075,3.950] stopA=-0.104 committedA=1 | B[0.250,3.725] stopB=0.071 committedB=1 | @(1.25,4.26)[0m
[33m[WARN] [1789384226.453555252]: [POST]
tick=236
  V0 mode=1 act=0 reason=future_a1_exit_priority blk=1 task=0 slot=38->-1 s=2.601/3.963 rem=1.361 spd=0.000 wait=8.7 gen=1
  V1 mode=1 act=3 reason=clear blk=-1 task=0 slot=20->-1 s=3.905/3.955 rem=0.050 spd=0.200 wait=0.0 gen=1
  V2 mode=1 act=0 reason=action_hold blk=-1 task=0 slot=36->-1 s=2.127/3.743 rem=1.616 spd=0.000 wait=0.4 gen=1[0m
[33m[WARN] [1789384226.453716580]: [SOURCE=REAL] [plan=12] [frame=15] [rollout_step=-1] [CONFLICT] V0(s=2.601 rem=1.361 act=0 blk=1) vs V2(s=2.127 rem=1.616 act=0 blk=-1) | owner=V-1 following=0 nzones=1 all_same_dir=1[0m
[33m[WARN] [1789384226.453872100]: [SOURCE=REAL] [plan=12] [frame=15] [rollout_step=-1] [CONFLICT]   zone0 same_dir=1 | A[0.075,3.950] stopA=-0.104 committedA=1 | B[0.250,3.725] stopB=0.071 committedB=1 | @(1.25,4.26)[0m
[33m[WARN] [1789384226.454057275]: [POST]
tick=237
  V0 mode=1 act=0 reason=future_a1_exit_priority blk=1 task=0 slot=38->-1 s=2.601/3.963 rem=1.361 spd=0.000 wait=8.8 gen=1
  V1 mode=1 act=3 reason=clear blk=-1 task=0 slot=20->-1 s=3.925/3.955 rem=0.030 spd=0.200 wait=0.0 gen=1
  V2 mode=1 act=0 reason=action_hold blk=-1 task=0 slot=36->-1 s=2.127/3.743 rem=1.616 spd=0.000 wait=0.5 gen=1[0m
[33m[WARN] [1789384226.454221425]: [SOURCE=REAL] [plan=12] [frame=16] [rollout_step=-1] [CONFLICT] V0(s=2.601 rem=1.361 act=0 blk=1) vs V2(s=2.127 rem=1.616 act=0 blk=-1) | owner=V-1 following=0 nzones=1 all_same_dir=1[0m
[33m[WARN] [1789384226.454376240]: [SOURCE=REAL] [plan=12] [frame=16] [rollout_step=-1] [CONFLICT]   zone0 same_dir=1 | A[0.075,3.950] stopA=-0.104 committedA=1 | B[0.250,3.725] stopB=0.071 committedB=1 | @(1.25,4.26)[0m
[33m[WARN] [1789384226.454551148]: [POST]
tick=238
  V0 mode=1 act=0 reason=future_a1_exit_priority blk=1 task=0 slot=38->-1 s=2.601/3.963 rem=1.361 spd=0.000 wait=8.9 gen=1
  V1 mode=1 act=3 reason=clear blk=-1 task=0 slot=20->-1 s=3.945/3.955 rem=0.010 spd=0.200 wait=0.0 gen=1
  V2 mode=1 act=1 reason=clear blk=-1 task=0 slot=36->-1 s=2.129/3.743 rem=1.614 spd=0.020 wait=0.6 gen=1[0m
[33m[WARN] [1789384226.454715667]: [SOURCE=REAL] [plan=12] [frame=17] [rollout_step=-1] [CONFLICT] V0(s=2.601 rem=1.361 act=0 blk=1) vs V2(s=2.129 rem=1.614 act=1 blk=-1) | owner=V-1 following=0 nzones=1 all_same_dir=1[0m
[33m[WARN] [1789384226.454878866]: [SOURCE=REAL] [plan=12] [frame=17] [rollout_step=-1] [CONFLICT]   zone0 same_dir=1 | A[0.075,3.950] stopA=-0.104 committedA=1 | B[0.250,3.725] stopB=0.071 committedB=1 | @(1.25,4.26)[0m
[33m[WARN] [1789384226.455420942]: [POST]
tick=239
  V0 mode=1 act=0 reason=future_a1_exit_priority blk=1 task=0 slot=38->-1 s=2.601/3.963 rem=1.361 spd=0.000 wait=9.0 gen=1
  V1 mode=2 act=0 reason=pickup_dwell blk=-1 task=0 slot=20->-1 s=3.955/3.955 rem=0.000 spd=0.000 wait=0.0 gen=1
  V2 mode=1 act=1 reason=action_hold blk=-1 task=0 slot=36->-1 s=2.133/3.743 rem=1.610 spd=0.040 wait=0.7 gen=1[0m
[33m[WARN] [1789384226.455641743]: [SOURCE=REAL] [plan=12] [frame=18] [rollout_step=-1] [CONFLICT] V0(s=2.601 rem=1.361 act=0 blk=1) vs V2(s=2.133 rem=1.610 act=1 blk=-1) | owner=V-1 following=0 nzones=1 all_same_dir=1[0m
[33m[WARN] [1789384226.455813553]: [SOURCE=REAL] [plan=12] [frame=18] [rollout_step=-1] [CONFLICT]   zone0 same_dir=1 | A[0.075,3.950] stopA=-0.104 committedA=1 | B[0.250,3.725] stopB=0.071 committedB=1 | @(1.25,4.26)[0m
[33m[WARN] [1789384226.519270024]: [multi_patrol][A1 EXIT HORIZON] V1 target=B59 dwell_part=4.90s departure_window=10.10s total_horizon=15.00s[0m
[33m[WARN] [1789384226.519812766]: [POST]
tick=240
  V0 mode=1 act=0 reason=future_a1_exit_priority blk=1 task=0 slot=38->-1 s=2.601/3.963 rem=1.361 spd=0.000 wait=9.1 gen=1
  V1 mode=2 act=0 reason=not_active blk=-1 task=0 slot=20->-1 s=3.955/3.955 rem=0.000 spd=0.000 wait=0.0 gen=1
  V2 mode=1 act=1 reason=action_hold blk=-1 task=0 slot=36->-1 s=2.138/3.743 rem=1.605 spd=0.050 wait=0.8 gen=1[0m
[33m[WARN] [1789384226.520056009]: [SOURCE=REAL] [plan=13] [frame=0] [rollout_step=-1] [CONFLICT] V0(s=2.601 rem=1.361 act=0 blk=1) vs V2(s=2.138 rem=1.605 act=1 blk=-1) | owner=V-1 following=0 nzones=1 all_same_dir=1[0m
[33m[WARN] [1789384226.520307218]: [SOURCE=REAL] [plan=13] [frame=0] [rollout_step=-1] [CONFLICT]   zone0 same_dir=1 | A[0.075,3.950] stopA=-0.104 committedA=1 | B[0.250,3.725] stopB=0.071 committedB=1 | @(1.25,4.26)[0m
[33m[WARN] [1789384226.520712883]: [POST]
tick=241
  V0 mode=1 act=0 reason=future_a1_exit_priority blk=1 task=0 slot=38->-1 s=2.601/3.963 rem=1.361 spd=0.000 wait=9.2 gen=1
  V1 mode=2 act=0 reason=not_active blk=-1 task=0 slot=20->-1 s=3.955/3.955 rem=0.000 spd=0.000 wait=0.0 gen=1
  V2 mode=1 act=0 reason=emergency_next_step_V0 blk=0 task=0 slot=36->-1 s=2.140/3.743 rem=1.603 spd=0.020 wait=0.9 gen=1[0m
[33m[WARN] [1789384226.520979314]: [SOURCE=REAL] [plan=13] [frame=1] [rollout_step=-1] [CONFLICT] V0(s=2.601 rem=1.361 act=0 blk=1) vs V2(s=2.140 rem=1.603 act=0 blk=0) | owner=V-1 following=0 nzones=1 all_same_dir=1[0m
[33m[WARN] [1789384226.521257126]: [SOURCE=REAL] [plan=13] [frame=1] [rollout_step=-1] [CONFLICT]   zone0 same_dir=1 | A[0.075,3.950] stopA=-0.104 committedA=1 | B[0.250,3.725] stopB=0.071 committedB=1 | @(1.25,4.26)[0m
[33m[WARN] [1789384226.521616380]: [POST]
tick=242
  V0 mode=1 act=0 reason=future_a1_exit_priority blk=1 task=0 slot=38->-1 s=2.601/3.963 rem=1.361 spd=0.000 wait=9.3 gen=1
  V1 mode=2 act=0 reason=not_active blk=-1 task=0 slot=20->-1 s=3.955/3.955 rem=0.000 spd=0.000 wait=0.0 gen=1
  V2 mode=1 act=0 reason=emergency_next_step_V0 blk=0 task=0 slot=36->-1 s=2.140/3.743 rem=1.603 spd=0.000 wait=1.0 gen=1[0m
[33m[WARN] [1789384226.521889954]: [SOURCE=REAL] [plan=13] [frame=2] [rollout_step=-1] [CONFLICT] V0(s=2.601 rem=1.361 act=0 blk=1) vs V2(s=2.140 rem=1.603 act=0 blk=0) | owner=V-1 following=0 nzones=1 all_same_dir=1[0m
[33m[WARN] [1789384226.522139620]: [SOURCE=REAL] [plan=13] [frame=2] [rollout_step=-1] [CONFLICT]   zone0 same_dir=1 | A[0.075,3.950] stopA=-0.104 committedA=1 | B[0.250,3.725] stopB=0.071 committedB=1 | @(1.25,4.26)[0m
[33m[WARN] [1789384226.522548878]: [POST]
tick=243
  V0 mode=1 act=0 reason=future_a1_exit_priority blk=1 task=0 slot=38->-1 s=2.601/3.963 rem=1.361 spd=0.000 wait=9.4 gen=1
  V1 mode=2 act=0 reason=not_active blk=-1 task=0 slot=20->-1 s=3.955/3.955 rem=0.000 spd=0.000 wait=0.0 gen=1
  V2 mode=1 act=0 reason=emergency_next_step_V0 blk=0 task=0 slot=36->-1 s=2.140/3.743 rem=1.603 spd=0.000 wait=1.1 gen=1[0m
[33m[WARN] [1789384226.522809147]: [SOURCE=REAL] [plan=13] [frame=3] [rollout_step=-1] [CONFLICT] V0(s=2.601 rem=1.361 act=0 blk=1) vs V2(s=2.140 rem=1.603 act=0 blk=0) | owner=V-1 following=0 nzones=1 all_same_dir=1[0m
[33m[WARN] [1789384226.523058701]: [SOURCE=REAL] [plan=13] [frame=3] [rollout_step=-1] [CONFLICT]   zone0 same_dir=1 | A[0.075,3.950] stopA=-0.104 committedA=1 | B[0.250,3.725] stopB=0.071 committedB=1 | @(1.25,4.26)[0m
[33m[WARN] [1789384226.523397359]: [POST]
tick=244
  V0 mode=1 act=0 reason=future_a1_exit_priority blk=1 task=0 slot=38->-1 s=2.601/3.963 rem=1.361 spd=0.000 wait=9.5 gen=1
  V1 mode=2 act=0 reason=not_active blk=-1 task=0 slot=20->-1 s=3.955/3.955 rem=0.000 spd=0.000 wait=0.0 gen=1
  V2 mode=1 act=0 reason=emergency_next_step_V0 blk=0 task=0 slot=36->-1 s=2.140/3.743 rem=1.603 spd=0.000 wait=1.2 gen=1[0m
[33m[WARN] [1789384226.523666782]: [SOURCE=REAL] [plan=13] [frame=4] [rollout_step=-1] [CONFLICT] V0(s=2.601 rem=1.361 act=0 blk=1) vs V2(s=2.140 rem=1.603 act=0 blk=0) | owner=V-1 following=0 nzones=1 all_same_dir=1[0m
[33m[WARN] [1789384226.523903143]: [SOURCE=REAL] [plan=13] [frame=4] [rollout_step=-1] [CONFLICT]   zone0 same_dir=1 | A[0.075,3.950] stopA=-0.104 committedA=1 | B[0.250,3.725] stopB=0.071 committedB=1 | @(1.25,4.26)[0m
[33m[WARN] [1789384226.524254159]: [POST]
tick=245
  V0 mode=1 act=0 reason=future_a1_exit_priority blk=1 task=0 slot=38->-1 s=2.601/3.963 rem=1.361 spd=0.000 wait=9.6 gen=1
  V1 mode=2 act=0 reason=not_active blk=-1 task=0 slot=20->-1 s=3.955/3.955 rem=0.000 spd=0.000 wait=0.0 gen=1
  V2 mode=1 act=0 reason=emergency_next_step_V0 blk=0 task=0 slot=36->-1 s=2.140/3.743 rem=1.603 spd=0.000 wait=1.3 gen=1[0m
[33m[WARN] [1789384226.524492674]: [SOURCE=REAL] [plan=13] [frame=5] [rollout_step=-1] [CONFLICT] V0(s=2.601 rem=1.361 act=0 blk=1) vs V2(s=2.140 rem=1.603 act=0 blk=0) | owner=V-1 following=0 nzones=1 all_same_dir=1[0m
[33m[WARN] [1789384226.524766338]: [SOURCE=REAL] [plan=13] [frame=5] [rollout_step=-1] [CONFLICT]   zone0 same_dir=1 | A[0.075,3.950] stopA=-0.104 committedA=1 | B[0.250,3.725] stopB=0.071 committedB=1 | @(1.25,4.26)[0m
[33m[WARN] [1789384226.525178042]: [POST]
tick=246
  V0 mode=1 act=0 reason=future_a1_exit_priority blk=1 task=0 slot=38->-1 s=2.601/3.963 rem=1.361 spd=0.000 wait=9.7 gen=1
  V1 mode=2 act=0 reason=not_active blk=-1 task=0 slot=20->-1 s=3.955/3.955 rem=0.000 spd=0.000 wait=0.0 gen=1
  V2 mode=1 act=0 reason=emergency_next_step_V0 blk=0 task=0 slot=36->-1 s=2.140/3.743 rem=1.603 spd=0.000 wait=1.4 gen=1[0m
[33m[WARN] [1789384226.525430192]: [SOURCE=REAL] [plan=13] [frame=6] [rollout_step=-1] [CONFLICT] V0(s=2.601 rem=1.361 act=0 blk=1) vs V2(s=2.140 rem=1.603 act=0 blk=0) | owner=V-1 following=0 nzones=1 all_same_dir=1[0m
[33m[WARN] [1789384226.525677624]: [SOURCE=REAL] [plan=13] [frame=6] [rollout_step=-1] [CONFLICT]   zone0 same_dir=1 | A[0.075,3.950] stopA=-0.104 committedA=1 | B[0.250,3.725] stopB=0.071 committedB=1 | @(1.25,4.26)[0m
[33m[WARN] [1789384226.526070972]: [POST]
tick=247
  V0 mode=1 act=0 reason=future_a1_exit_priority blk=1 task=0 slot=38->-1 s=2.601/3.963 rem=1.361 spd=0.000 wait=9.8 gen=1
  V1 mode=2 act=0 reason=not_active blk=-1 task=0 slot=20->-1 s=3.955/3.955 rem=0.000 spd=0.000 wait=0.0 gen=1
  V2 mode=1 act=0 reason=emergency_next_step_V0 blk=0 task=0 slot=36->-1 s=2.140/3.743 rem=1.603 spd=0.000 wait=1.5 gen=1[0m
[33m[WARN] [1789384226.526316215]: [SOURCE=REAL] [plan=13] [frame=7] [rollout_step=-1] [CONFLICT] V0(s=2.601 rem=1.361 act=0 blk=1) vs V2(s=2.140 rem=1.603 act=0 blk=0) | owner=V-1 following=0 nzones=1 all_same_dir=1[0m
[33m[WARN] [1789384226.526545758]: [SOURCE=REAL] [plan=13] [frame=7] [rollout_step=-1] [CONFLICT]   zone0 same_dir=1 | A[0.075,3.950] stopA=-0.104 committedA=1 | B[0.250,3.725] stopB=0.071 committedB=1 | @(1.25,4.26)[0m
[33m[WARN] [1789384226.526864087]: [POST]
tick=248
  V0 mode=1 act=0 reason=future_a1_exit_priority blk=1 task=0 slot=38->-1 s=2.601/3.963 rem=1.361 spd=0.000 wait=9.9 gen=1
  V1 mode=2 act=0 reason=not_active blk=-1 task=0 slot=20->-1 s=3.955/3.955 rem=0.000 spd=0.000 wait=0.0 gen=1
  V2 mode=1 act=0 reason=emergency_next_step_V0 blk=0 task=0 slot=36->-1 s=2.140/3.743 rem=1.603 spd=0.000 wait=1.6 gen=1[0m
[33m[WARN] [1789384226.527140114]: [SOURCE=REAL] [plan=13] [frame=8] [rollout_step=-1] [CONFLICT] V0(s=2.601 rem=1.361 act=0 blk=1) vs V2(s=2.140 rem=1.603 act=0 blk=0) | owner=V-1 following=0 nzones=1 all_same_dir=1[0m
[33m[WARN] [1789384226.527399423]: [SOURCE=REAL] [plan=13] [frame=8] [rollout_step=-1] [CONFLICT]   zone0 same_dir=1 | A[0.075,3.950] stopA=-0.104 committedA=1 | B[0.250,3.725] stopB=0.071 committedB=1 | @(1.25,4.26)[0m
[33m[WARN] [1789384226.527792974]: [POST]
tick=249
  V0 mode=1 act=0 reason=future_a1_exit_priority blk=1 task=0 slot=38->-1 s=2.601/3.963 rem=1.361 spd=0.000 wait=10.0 gen=1
  V1 mode=2 act=0 reason=not_active blk=-1 task=0 slot=20->-1 s=3.955/3.955 rem=0.000 spd=0.000 wait=0.0 gen=1
  V2 mode=1 act=0 reason=emergency_next_step_V0 blk=0 task=0 slot=36->-1 s=2.140/3.743 rem=1.603 spd=0.000 wait=1.7 gen=1[0m
[33m[WARN] [1789384226.528075165]: [SOURCE=REAL] [plan=13] [frame=9] [rollout_step=-1] [CONFLICT] V0(s=2.601 rem=1.361 act=0 blk=1) vs V2(s=2.140 rem=1.603 act=0 blk=0) | owner=V-1 following=0 nzones=1 all_same_dir=1[0m
[33m[WARN] [1789384226.528343722]: [SOURCE=REAL] [plan=13] [frame=9] [rollout_step=-1] [CONFLICT]   zone0 same_dir=1 | A[0.075,3.950] stopA=-0.104 committedA=1 | B[0.250,3.725] stopB=0.071 committedB=1 | @(1.25,4.26)[0m
[33m[WARN] [1789384226.528690415]: [POST]
tick=250
  V0 mode=1 act=0 reason=future_a1_exit_priority blk=1 task=0 slot=38->-1 s=2.601/3.963 rem=1.361 spd=0.000 wait=10.1 gen=1
  V1 mode=2 act=0 reason=not_active blk=-1 task=0 slot=20->-1 s=3.955/3.955 rem=0.000 spd=0.000 wait=0.0 gen=1
  V2 mode=1 act=0 reason=emergency_next_step_V0 blk=0 task=0 slot=36->-1 s=2.140/3.743 rem=1.603 spd=0.000 wait=1.8 gen=1[0m
[33m[WARN] [1789384226.528958489]: [SOURCE=REAL] [plan=13] [frame=10] [rollout_step=-1] [CONFLICT] V0(s=2.601 rem=1.361 act=0 blk=1) vs V2(s=2.140 rem=1.603 act=0 blk=0) | owner=V-1 following=0 nzones=1 all_same_dir=1[0m
[33m[WARN] [1789384226.529350693]: [SOURCE=REAL] [plan=13] [frame=10] [rollout_step=-1] [CONFLICT]   zone0 same_dir=1 | A[0.075,3.950] stopA=-0.104 committedA=1 | B[0.250,3.725] stopB=0.071 committedB=1 | @(1.25,4.26)[0m
[33m[WARN] [1789384226.529762262]: [POST]
tick=251
  V0 mode=1 act=0 reason=future_a1_exit_priority blk=1 task=0 slot=38->-1 s=2.601/3.963 rem=1.361 spd=0.000 wait=10.2 gen=1
  V1 mode=2 act=0 reason=not_active blk=-1 task=0 slot=20->-1 s=3.955/3.955 rem=0.000 spd=0.000 wait=0.0 gen=1
  V2 mode=1 act=0 reason=emergency_next_step_V0 blk=0 task=0 slot=36->-1 s=2.140/3.743 rem=1.603 spd=0.000 wait=1.9 gen=1[0m
[33m[WARN] [1789384226.530060438]: [SOURCE=REAL] [plan=13] [frame=11] [rollout_step=-1] [CONFLICT] V0(s=2.601 rem=1.361 act=0 blk=1) vs V2(s=2.140 rem=1.603 act=0 blk=0) | owner=V-1 following=0 nzones=1 all_same_dir=1[0m
[33m[WARN] [1789384226.530347858]: [SOURCE=REAL] [plan=13] [frame=11] [rollout_step=-1] [CONFLICT]   zone0 same_dir=1 | A[0.075,3.950] stopA=-0.104 committedA=1 | B[0.250,3.725] stopB=0.071 committedB=1 | @(1.25,4.26)[0m
[33m[WARN] [1789384226.530751726]: [POST]
tick=252
  V0 mode=1 act=0 reason=future_a1_exit_priority blk=1 task=0 slot=38->-1 s=2.601/3.963 rem=1.361 spd=0.000 wait=10.3 gen=1
  V1 mode=2 act=0 reason=not_active blk=-1 task=0 slot=20->-1 s=3.955/3.955 rem=0.000 spd=0.000 wait=0.0 gen=1
  V2 mode=1 act=0 reason=emergency_next_step_V0 blk=0 task=0 slot=36->-1 s=2.140/3.743 rem=1.603 spd=0.000 wait=2.0 gen=1[0m
[33m[WARN] [1789384226.531049392]: [SOURCE=REAL] [plan=13] [frame=12] [rollout_step=-1] [CONFLICT] V0(s=2.601 rem=1.361 act=0 blk=1) vs V2(s=2.140 rem=1.603 act=0 blk=0) | owner=V-1 following=0 nzones=1 all_same_dir=1[0m
[33m[WARN] [1789384226.531318892]: [SOURCE=REAL] [plan=13] [frame=12] [rollout_step=-1] [CONFLICT]   zone0 same_dir=1 | A[0.075,3.950] stopA=-0.104 committedA=1 | B[0.250,3.725] stopB=0.071 committedB=1 | @(1.25,4.26)[0m
[33m[WARN] [1789384226.531773107]: [POST]
tick=253
  V0 mode=1 act=0 reason=future_a1_exit_priority blk=1 task=0 slot=38->-1 s=2.601/3.963 rem=1.361 spd=0.000 wait=10.4 gen=1
  V1 mode=2 act=0 reason=not_active blk=-1 task=0 slot=20->-1 s=3.955/3.955 rem=0.000 spd=0.000 wait=0.0 gen=1
  V2 mode=1 act=0 reason=emergency_next_step_V0 blk=0 task=0 slot=36->-1 s=2.140/3.743 rem=1.603 spd=0.000 wait=2.1 gen=1[0m
[33m[WARN] [1789384226.532019264]: [SOURCE=REAL] [plan=13] [frame=13] [rollout_step=-1] [CONFLICT] V0(s=2.601 rem=1.361 act=0 blk=1) vs V2(s=2.140 rem=1.603 act=0 blk=0) | owner=V-1 following=0 nzones=1 all_same_dir=1[0m
[33m[WARN] [1789384226.532263655]: [SOURCE=REAL] [plan=13] [frame=13] [rollout_step=-1] [CONFLICT]   zone0 same_dir=1 | A[0.075,3.950] stopA=-0.104 committedA=1 | B[0.250,3.725] stopB=0.071 committedB=1 | @(1.25,4.26)[0m
[33m[WARN] [1789384226.532658736]: [POST]
tick=254
  V0 mode=1 act=0 reason=future_a1_exit_priority blk=1 task=0 slot=38->-1 s=2.601/3.963 rem=1.361 spd=0.000 wait=10.5 gen=1
  V1 mode=2 act=0 reason=not_active blk=-1 task=0 slot=20->-1 s=3.955/3.955 rem=0.000 spd=0.000 wait=0.0 gen=1
  V2 mode=1 act=0 reason=emergency_next_step_V0 blk=0 task=0 slot=36->-1 s=2.140/3.743 rem=1.603 spd=0.000 wait=2.2 gen=1[0m
[33m[WARN] [1789384226.532902544]: [SOURCE=REAL] [plan=13] [frame=14] [rollout_step=-1] [CONFLICT] V0(s=2.601 rem=1.361 act=0 blk=1) vs V2(s=2.140 rem=1.603 act=0 blk=0) | owner=V-1 following=0 nzones=1 all_same_dir=1[0m
[33m[WARN] [1789384226.533152849]: [SOURCE=REAL] [plan=13] [frame=14] [rollout_step=-1] [CONFLICT]   zone0 same_dir=1 | A[0.075,3.950] stopA=-0.104 committedA=1 | B[0.250,3.725] stopB=0.071 committedB=1 | @(1.25,4.26)[0m
[33m[WARN] [1789384226.533491669]: [POST]
tick=255
  V0 mode=1 act=0 reason=future_a1_exit_priority blk=1 task=0 slot=38->-1 s=2.601/3.963 rem=1.361 spd=0.000 wait=10.6 gen=1
  V1 mode=2 act=0 reason=not_active blk=-1 task=0 slot=20->-1 s=3.955/3.955 rem=0.000 spd=0.000 wait=0.0 gen=1
  V2 mode=1 act=0 reason=emergency_next_step_V0 blk=0 task=0 slot=36->-1 s=2.140/3.743 rem=1.603 spd=0.000 wait=2.3 gen=1[0m
[33m[WARN] [1789384226.533704309]: [SOURCE=REAL] [plan=13] [frame=15] [rollout_step=-1] [CONFLICT] V0(s=2.601 rem=1.361 act=0 blk=1) vs V2(s=2.140 rem=1.603 act=0 blk=0) | owner=V-1 following=0 nzones=1 all_same_dir=1[0m
[33m[WARN] [1789384226.534016624]: [SOURCE=REAL] [plan=13] [frame=15] [rollout_step=-1] [CONFLICT]   zone0 same_dir=1 | A[0.075,3.950] stopA=-0.104 committedA=1 | B[0.250,3.725] stopB=0.071 committedB=1 | @(1.25,4.26)[0m
[33m[WARN] [1789384226.534344128]: [POST]
tick=256
  V0 mode=1 act=0 reason=future_a1_exit_priority blk=1 task=0 slot=38->-1 s=2.601/3.963 rem=1.361 spd=0.000 wait=10.7 gen=1
  V1 mode=2 act=0 reason=not_active blk=-1 task=0 slot=20->-1 s=3.955/3.955 rem=0.000 spd=0.000 wait=0.0 gen=1
  V2 mode=1 act=0 reason=emergency_next_step_V0 blk=0 task=0 slot=36->-1 s=2.140/3.743 rem=1.603 spd=0.000 wait=2.4 gen=1[0m
[33m[WARN] [1789384226.534558265]: [SOURCE=REAL] [plan=13] [frame=16] [rollout_step=-1] [CONFLICT] V0(s=2.601 rem=1.361 act=0 blk=1) vs V2(s=2.140 rem=1.603 act=0 blk=0) | owner=V-1 following=0 nzones=1 all_same_dir=1[0m
[33m[WARN] [1789384226.534765997]: [SOURCE=REAL] [plan=13] [frame=16] [rollout_step=-1] [CONFLICT]   zone0 same_dir=1 | A[0.075,3.950] stopA=-0.104 committedA=1 | B[0.250,3.725] stopB=0.071 committedB=1 | @(1.25,4.26)[0m
[33m[WARN] [1789384226.535084326]: [POST]
tick=257
  V0 mode=1 act=0 reason=future_a1_exit_priority blk=1 task=0 slot=38->-1 s=2.601/3.963 rem=1.361 spd=0.000 wait=10.8 gen=1
  V1 mode=2 act=0 reason=not_active blk=-1 task=0 slot=20->-1 s=3.955/3.955 rem=0.000 spd=0.000 wait=0.0 gen=1
  V2 mode=1 act=0 reason=emergency_next_step_V0 blk=0 task=0 slot=36->-1 s=2.140/3.743 rem=1.603 spd=0.000 wait=2.5 gen=1[0m
[33m[WARN] [1789384226.535298019]: [SOURCE=REAL] [plan=13] [frame=17] [rollout_step=-1] [CONFLICT] V0(s=2.601 rem=1.361 act=0 blk=1) vs V2(s=2.140 rem=1.603 act=0 blk=0) | owner=V-1 following=0 nzones=1 all_same_dir=1[0m
[33m[WARN] [1789384226.535528028]: [SOURCE=REAL] [plan=13] [frame=17] [rollout_step=-1] [CONFLICT]   zone0 same_dir=1 | A[0.075,3.950] stopA=-0.104 committedA=1 | B[0.250,3.725] stopB=0.071 committedB=1 | @(1.25,4.26)[0m
[33m[WARN] [1789384226.535928808]: [POST]
tick=258
  V0 mode=1 act=0 reason=future_a1_exit_priority blk=1 task=0 slot=38->-1 s=2.601/3.963 rem=1.361 spd=0.000 wait=10.9 gen=1
  V1 mode=2 act=0 reason=not_active blk=-1 task=0 slot=20->-1 s=3.955/3.955 rem=0.000 spd=0.000 wait=0.0 gen=1
  V2 mode=1 act=0 reason=emergency_next_step_V0 blk=0 task=0 slot=36->-1 s=2.140/3.743 rem=1.603 spd=0.000 wait=2.6 gen=1[0m
[33m[WARN] [1789384226.536177721]: [SOURCE=REAL] [plan=13] [frame=18] [rollout_step=-1] [CONFLICT] V0(s=2.601 rem=1.361 act=0 blk=1) vs V2(s=2.140 rem=1.603 act=0 blk=0) | owner=V-1 following=0 nzones=1 all_same_dir=1[0m
[33m[WARN] [1789384226.536438742]: [SOURCE=REAL] [plan=13] [frame=18] [rollout_step=-1] [CONFLICT]   zone0 same_dir=1 | A[0.075,3.950] stopA=-0.104 committedA=1 | B[0.250,3.725] stopB=0.071 committedB=1 | @(1.25,4.26)[0m
[33m[WARN] [1789384226.536820553]: [POST]
tick=259
  V0 mode=1 act=0 reason=future_a1_exit_priority blk=1 task=0 slot=38->-1 s=2.601/3.963 rem=1.361 spd=0.000 wait=11.0 gen=1
  V1 mode=2 act=0 reason=not_active blk=-1 task=0 slot=20->-1 s=3.955/3.955 rem=0.000 spd=0.000 wait=0.0 gen=1
  V2 mode=1 act=0 reason=emergency_next_step_V0 blk=0 task=0 slot=36->-1 s=2.140/3.743 rem=1.603 spd=0.000 wait=2.7 gen=1[0m
[33m[WARN] [1789384226.537086305]: [SOURCE=REAL] [plan=13] [frame=19] [rollout_step=-1] [CONFLICT] V0(s=2.601 rem=1.361 act=0 blk=1) vs V2(s=2.140 rem=1.603 act=0 blk=0) | owner=V-1 following=0 nzones=1 all_same_dir=1[0m
[33m[WARN] [1789384226.537367622]: [SOURCE=REAL] [plan=13] [frame=19] [rollout_step=-1] [CONFLICT]   zone0 same_dir=1 | A[0.075,3.950] stopA=-0.104 committedA=1 | B[0.250,3.725] stopB=0.071 committedB=1 | @(1.25,4.26)[0m
[33m[WARN] [1789384226.636201897]: [multi_patrol][A1 EXIT HORIZON] V1 target=B59 dwell_part=2.90s departure_window=12.10s total_horizon=15.00s[0m
[33m[WARN] [1789384226.636738383]: [POST]
tick=260
  V0 mode=1 act=0 reason=future_a1_exit_priority blk=1 task=0 slot=38->-1 s=2.601/3.963 rem=1.361 spd=0.000 wait=11.1 gen=1
  V1 mode=2 act=0 reason=not_active blk=-1 task=0 slot=20->-1 s=3.955/3.955 rem=0.000 spd=0.000 wait=0.0 gen=1
  V2 mode=1 act=0 reason=emergency_next_step_V0 blk=0 task=0 slot=36->-1 s=2.140/3.743 rem=1.603 spd=0.000 wait=2.8 gen=1[0m
[33m[WARN] [1789384226.636961951]: [SOURCE=REAL] [plan=14] [frame=0] [rollout_step=-1] [CONFLICT] V0(s=2.601 rem=1.361 act=0 blk=1) vs V2(s=2.140 rem=1.603 act=0 blk=0) | owner=V-1 following=0 nzones=1 all_same_dir=1[0m
[33m[WARN] [1789384226.637170167]: [SOURCE=REAL] [plan=14] [frame=0] [rollout_step=-1] [CONFLICT]   zone0 same_dir=1 | A[0.075,3.950] stopA=-0.104 committedA=1 | B[0.250,3.725] stopB=0.071 committedB=1 | @(1.25,4.26)[0m
[33m[WARN] [1789384226.637482406]: [POST]
tick=261
  V0 mode=1 act=0 reason=future_a1_exit_priority blk=1 task=0 slot=38->-1 s=2.601/3.963 rem=1.361 spd=0.000 wait=11.2 gen=1
  V1 mode=2 act=0 reason=not_active blk=-1 task=0 slot=20->-1 s=3.955/3.955 rem=0.000 spd=0.000 wait=0.0 gen=1
  V2 mode=1 act=0 reason=emergency_next_step_V0 blk=0 task=0 slot=36->-1 s=2.140/3.743 rem=1.603 spd=0.000 wait=2.9 gen=1[0m
[33m[WARN] [1789384226.637696063]: [SOURCE=REAL] [plan=14] [frame=1] [rollout_step=-1] [CONFLICT] V0(s=2.601 rem=1.361 act=0 blk=1) vs V2(s=2.140 rem=1.603 act=0 blk=0) | owner=V-1 following=0 nzones=1 all_same_dir=1[0m
[33m[WARN] [1789384226.637896057]: [SOURCE=REAL] [plan=14] [frame=1] [rollout_step=-1] [CONFLICT]   zone0 same_dir=1 | A[0.075,3.950] stopA=-0.104 committedA=1 | B[0.250,3.725] stopB=0.071 committedB=1 | @(1.25,4.26)[0m
[33m[WARN] [1789384226.638199309]: [POST]
tick=262
  V0 mode=1 act=0 reason=future_a1_exit_priority blk=1 task=0 slot=38->-1 s=2.601/3.963 rem=1.361 spd=0.000 wait=11.3 gen=1
  V1 mode=2 act=0 reason=not_active blk=-1 task=0 slot=20->-1 s=3.955/3.955 rem=0.000 spd=0.000 wait=0.0 gen=1
  V2 mode=1 act=0 reason=emergency_next_step_V0 blk=0 task=0 slot=36->-1 s=2.140/3.743 rem=1.603 spd=0.000 wait=3.0 gen=1[0m
[33m[WARN] [1789384226.638514522]: [SOURCE=REAL] [plan=14] [frame=2] [rollout_step=-1] [CONFLICT] V0(s=2.601 rem=1.361 act=0 blk=1) vs V2(s=2.140 rem=1.603 act=0 blk=0) | owner=V-1 following=0 nzones=1 all_same_dir=1[0m
[33m[WARN] [1789384226.638720448]: [SOURCE=REAL] [plan=14] [frame=2] [rollout_step=-1] [CONFLICT]   zone0 same_dir=1 | A[0.075,3.950] stopA=-0.104 committedA=1 | B[0.250,3.725] stopB=0.071 committedB=1 | @(1.25,4.26)[0m
[33m[WARN] [1789384226.639116684]: [POST]
tick=263
  V0 mode=1 act=0 reason=future_a1_exit_priority blk=1 task=0 slot=38->-1 s=2.601/3.963 rem=1.361 spd=0.000 wait=11.4 gen=1
  V1 mode=2 act=0 reason=not_active blk=-1 task=0 slot=20->-1 s=3.955/3.955 rem=0.000 spd=0.000 wait=0.0 gen=1
  V2 mode=1 act=0 reason=emergency_next_step_V0 blk=0 task=0 slot=36->-1 s=2.140/3.743 rem=1.603 spd=0.000 wait=3.1 gen=1[0m
[33m[WARN] [1789384226.639330760]: [SOURCE=REAL] [plan=14] [frame=3] [rollout_step=-1] [CONFLICT] V0(s=2.601 rem=1.361 act=0 blk=1) vs V2(s=2.140 rem=1.603 act=0 blk=0) | owner=V-1 following=0 nzones=1 all_same_dir=1[0m
[33m[WARN] [1789384226.639537786]: [SOURCE=REAL] [plan=14] [frame=3] [rollout_step=-1] [CONFLICT]   zone0 same_dir=1 | A[0.075,3.950] stopA=-0.104 committedA=1 | B[0.250,3.725] stopB=0.071 committedB=1 | @(1.25,4.26)[0m
[33m[WARN] [1789384226.639876896]: [POST]
tick=264
  V0 mode=1 act=0 reason=future_a1_exit_priority blk=1 task=0 slot=38->-1 s=2.601/3.963 rem=1.361 spd=0.000 wait=11.5 gen=1
  V1 mode=2 act=0 reason=not_active blk=-1 task=0 slot=20->-1 s=3.955/3.955 rem=0.000 spd=0.000 wait=0.0 gen=1
  V2 mode=1 act=0 reason=emergency_next_step_V0 blk=0 task=0 slot=36->-1 s=2.140/3.743 rem=1.603 spd=0.000 wait=3.2 gen=1[0m
[33m[WARN] [1789384226.640091346]: [SOURCE=REAL] [plan=14] [frame=4] [rollout_step=-1] [CONFLICT] V0(s=2.601 rem=1.361 act=0 blk=1) vs V2(s=2.140 rem=1.603 act=0 blk=0) | owner=V-1 following=0 nzones=1 all_same_dir=1[0m
[33m[WARN] [1789384226.640289854]: [SOURCE=REAL] [plan=14] [frame=4] [rollout_step=-1] [CONFLICT]   zone0 same_dir=1 | A[0.075,3.950] stopA=-0.104 committedA=1 | B[0.250,3.725] stopB=0.071 committedB=1 | @(1.25,4.26)[0m
[33m[WARN] [1789384226.640591988]: [POST]
tick=265
  V0 mode=1 act=0 reason=future_a1_exit_priority blk=1 task=0 slot=38->-1 s=2.601/3.963 rem=1.361 spd=0.000 wait=11.6 gen=1
  V1 mode=2 act=0 reason=not_active blk=-1 task=0 slot=20->-1 s=3.955/3.955 rem=0.000 spd=0.000 wait=0.0 gen=1
  V2 mode=1 act=0 reason=emergency_next_step_V0 blk=0 task=0 slot=36->-1 s=2.140/3.743 rem=1.603 spd=0.000 wait=3.3 gen=1[0m
[33m[WARN] [1789384226.640801745]: [SOURCE=REAL] [plan=14] [frame=5] [rollout_step=-1] [CONFLICT] V0(s=2.601 rem=1.361 act=0 blk=1) vs V2(s=2.140 rem=1.603 act=0 blk=0) | owner=V-1 following=0 nzones=1 all_same_dir=1[0m
[33m[WARN] [1789384226.641004425]: [SOURCE=REAL] [plan=14] [frame=5] [rollout_step=-1] [CONFLICT]   zone0 same_dir=1 | A[0.075,3.950] stopA=-0.104 committedA=1 | B[0.250,3.725] stopB=0.071 committedB=1 | @(1.25,4.26)[0m
[33m[WARN] [1789384226.641303498]: [POST]
tick=266
  V0 mode=1 act=0 reason=future_a1_exit_priority blk=1 task=0 slot=38->-1 s=2.601/3.963 rem=1.361 spd=0.000 wait=11.7 gen=1
  V1 mode=2 act=0 reason=not_active blk=-1 task=0 slot=20->-1 s=3.955/3.955 rem=0.000 spd=0.000 wait=0.0 gen=1
  V2 mode=1 act=0 reason=emergency_next_step_V0 blk=0 task=0 slot=36->-1 s=2.140/3.743 rem=1.603 spd=0.000 wait=3.4 gen=1[0m
[33m[WARN] [1789384226.641514063]: [SOURCE=REAL] [plan=14] [frame=6] [rollout_step=-1] [CONFLICT] V0(s=2.601 rem=1.361 act=0 blk=1) vs V2(s=2.140 rem=1.603 act=0 blk=0) | owner=V-1 following=0 nzones=1 all_same_dir=1[0m
[33m[WARN] [1789384226.641725050]: [SOURCE=REAL] [plan=14] [frame=6] [rollout_step=-1] [CONFLICT]   zone0 same_dir=1 | A[0.075,3.950] stopA=-0.104 committedA=1 | B[0.250,3.725] stopB=0.071 committedB=1 | @(1.25,4.26)[0m
[33m[WARN] [1789384226.642031653]: [POST]
tick=267
  V0 mode=1 act=0 reason=future_a1_exit_priority blk=1 task=0 slot=38->-1 s=2.601/3.963 rem=1.361 spd=0.000 wait=11.8 gen=1
  V1 mode=2 act=0 reason=not_active blk=-1 task=0 slot=20->-1 s=3.955/3.955 rem=0.000 spd=0.000 wait=0.0 gen=1
  V2 mode=1 act=0 reason=emergency_next_step_V0 blk=0 task=0 slot=36->-1 s=2.140/3.743 rem=1.603 spd=0.000 wait=3.5 gen=1[0m
[33m[WARN] [1789384226.642243178]: [SOURCE=REAL] [plan=14] [frame=7] [rollout_step=-1] [CONFLICT] V0(s=2.601 rem=1.361 act=0 blk=1) vs V2(s=2.140 rem=1.603 act=0 blk=0) | owner=V-1 following=0 nzones=1 all_same_dir=1[0m
[33m[WARN] [1789384226.642434675]: [SOURCE=REAL] [plan=14] [frame=7] [rollout_step=-1] [CONFLICT]   zone0 same_dir=1 | A[0.075,3.950] stopA=-0.104 committedA=1 | B[0.250,3.725] stopB=0.071 committedB=1 | @(1.25,4.26)[0m
[33m[WARN] [1789384226.642744277]: [POST]
tick=268
  V0 mode=1 act=0 reason=future_a1_exit_priority blk=1 task=0 slot=38->-1 s=2.601/3.963 rem=1.361 spd=0.000 wait=11.9 gen=1
  V1 mode=2 act=0 reason=not_active blk=-1 task=0 slot=20->-1 s=3.955/3.955 rem=0.000 spd=0.000 wait=0.0 gen=1
  V2 mode=1 act=0 reason=emergency_next_step_V0 blk=0 task=0 slot=36->-1 s=2.140/3.743 rem=1.603 spd=0.000 wait=3.6 gen=1[0m
[33m[WARN] [1789384226.642946753]: [SOURCE=REAL] [plan=14] [frame=8] [rollout_step=-1] [CONFLICT] V0(s=2.601 rem=1.361 act=0 blk=1) vs V2(s=2.140 rem=1.603 act=0 blk=0) | owner=V-1 following=0 nzones=1 all_same_dir=1[0m
[33m[WARN] [1789384226.643145616]: [SOURCE=REAL] [plan=14] [frame=8] [rollout_step=-1] [CONFLICT]   zone0 same_dir=1 | A[0.075,3.950] stopA=-0.104 committedA=1 | B[0.250,3.725] stopB=0.071 committedB=1 | @(1.25,4.26)[0m
[33m[WARN] [1789384226.643442467]: [POST]
tick=269
  V0 mode=1 act=0 reason=future_a1_exit_priority blk=1 task=0 slot=38->-1 s=2.601/3.963 rem=1.361 spd=0.000 wait=12.0 gen=1
  V1 mode=2 act=0 reason=not_active blk=-1 task=0 slot=20->-1 s=3.955/3.955 rem=0.000 spd=0.000 wait=0.0 gen=1
  V2 mode=1 act=0 reason=emergency_next_step_V0 blk=0 task=0 slot=36->-1 s=2.140/3.743 rem=1.603 spd=0.000 wait=3.7 gen=1[0m
[33m[WARN] [1789384226.643655418]: [SOURCE=REAL] [plan=14] [frame=9] [rollout_step=-1] [CONFLICT] V0(s=2.601 rem=1.361 act=0 blk=1) vs V2(s=2.140 rem=1.603 act=0 blk=0) | owner=V-1 following=0 nzones=1 all_same_dir=1[0m
[33m[WARN] [1789384226.643890585]: [SOURCE=REAL] [plan=14] [frame=9] [rollout_step=-1] [CONFLICT]   zone0 same_dir=1 | A[0.075,3.950] stopA=-0.104 committedA=1 | B[0.250,3.725] stopB=0.071 committedB=1 | @(1.25,4.26)[0m
[33m[WARN] [1789384226.644213007]: [POST]
tick=270
  V0 mode=1 act=0 reason=future_a1_exit_priority blk=1 task=0 slot=38->-1 s=2.601/3.963 rem=1.361 spd=0.000 wait=12.1 gen=1
  V1 mode=2 act=0 reason=not_active blk=-1 task=0 slot=20->-1 s=3.955/3.955 rem=0.000 spd=0.000 wait=0.0 gen=1
  V2 mode=1 act=0 reason=emergency_next_step_V0 blk=0 task=0 slot=36->-1 s=2.140/3.743 rem=1.603 spd=0.000 wait=3.8 gen=1[0m
[33m[WARN] [1789384226.644417282]: [SOURCE=REAL] [plan=14] [frame=10] [rollout_step=-1] [CONFLICT] V0(s=2.601 rem=1.361 act=0 blk=1) vs V2(s=2.140 rem=1.603 act=0 blk=0) | owner=V-1 following=0 nzones=1 all_same_dir=1[0m
[33m[WARN] [1789384226.644621558]: [SOURCE=REAL] [plan=14] [frame=10] [rollout_step=-1] [CONFLICT]   zone0 same_dir=1 | A[0.075,3.950] stopA=-0.104 committedA=1 | B[0.250,3.725] stopB=0.071 committedB=1 | @(1.25,4.26)[0m
[33m[WARN] [1789384226.644916203]: [POST]
tick=271
  V0 mode=1 act=0 reason=future_a1_exit_priority blk=1 task=0 slot=38->-1 s=2.601/3.963 rem=1.361 spd=0.000 wait=12.2 gen=1
  V1 mode=2 act=0 reason=not_active blk=-1 task=0 slot=20->-1 s=3.955/3.955 rem=0.000 spd=0.000 wait=0.0 gen=1
  V2 mode=1 act=0 reason=emergency_next_step_V0 blk=0 task=0 slot=36->-1 s=2.140/3.743 rem=1.603 spd=0.000 wait=3.9 gen=1[0m
[33m[WARN] [1789384226.645120248]: [SOURCE=REAL] [plan=14] [frame=11] [rollout_step=-1] [CONFLICT] V0(s=2.601 rem=1.361 act=0 blk=1) vs V2(s=2.140 rem=1.603 act=0 blk=0) | owner=V-1 following=0 nzones=1 all_same_dir=1[0m
[33m[WARN] [1789384226.645328829]: [SOURCE=REAL] [plan=14] [frame=11] [rollout_step=-1] [CONFLICT]   zone0 same_dir=1 | A[0.075,3.950] stopA=-0.104 committedA=1 | B[0.250,3.725] stopB=0.071 committedB=1 | @(1.25,4.26)[0m
[33m[WARN] [1789384226.645623265]: [POST]
tick=272
  V0 mode=1 act=0 reason=future_a1_exit_priority blk=1 task=0 slot=38->-1 s=2.601/3.963 rem=1.361 spd=0.000 wait=12.3 gen=1
  V1 mode=2 act=0 reason=not_active blk=-1 task=0 slot=20->-1 s=3.955/3.955 rem=0.000 spd=0.000 wait=0.0 gen=1
  V2 mode=1 act=0 reason=emergency_next_step_V0 blk=0 task=0 slot=36->-1 s=2.140/3.743 rem=1.603 spd=0.000 wait=4.0 gen=1[0m
[33m[WARN] [1789384226.645822323]: [SOURCE=REAL] [plan=14] [frame=12] [rollout_step=-1] [CONFLICT] V0(s=2.601 rem=1.361 act=0 blk=1) vs V2(s=2.140 rem=1.603 act=0 blk=0) | owner=V-1 following=0 nzones=1 all_same_dir=1[0m
[33m[WARN] [1789384226.646024073]: [SOURCE=REAL] [plan=14] [frame=12] [rollout_step=-1] [CONFLICT]   zone0 same_dir=1 | A[0.075,3.950] stopA=-0.104 committedA=1 | B[0.250,3.725] stopB=0.071 committedB=1 | @(1.25,4.26)[0m
[33m[WARN] [1789384226.646336627]: [POST]
tick=273
  V0 mode=1 act=0 reason=future_a1_exit_priority blk=1 task=0 slot=38->-1 s=2.601/3.963 rem=1.361 spd=0.000 wait=12.4 gen=1
  V1 mode=2 act=0 reason=not_active blk=-1 task=0 slot=20->-1 s=3.955/3.955 rem=0.000 spd=0.000 wait=0.0 gen=1
  V2 mode=1 act=0 reason=emergency_next_step_V0 blk=0 task=0 slot=36->-1 s=2.140/3.743 rem=1.603 spd=0.000 wait=4.1 gen=1[0m
[33m[WARN] [1789384226.646540786]: [SOURCE=REAL] [plan=14] [frame=13] [rollout_step=-1] [CONFLICT] V0(s=2.601 rem=1.361 act=0 blk=1) vs V2(s=2.140 rem=1.603 act=0 blk=0) | owner=V-1 following=0 nzones=1 all_same_dir=1[0m
[33m[WARN] [1789384226.646741272]: [SOURCE=REAL] [plan=14] [frame=13] [rollout_step=-1] [CONFLICT]   zone0 same_dir=1 | A[0.075,3.950] stopA=-0.104 committedA=1 | B[0.250,3.725] stopB=0.071 committedB=1 | @(1.25,4.26)[0m
[33m[WARN] [1789384226.647041098]: [POST]
tick=274
  V0 mode=1 act=0 reason=future_a1_exit_priority blk=1 task=0 slot=38->-1 s=2.601/3.963 rem=1.361 spd=0.000 wait=12.5 gen=1
  V1 mode=2 act=0 reason=not_active blk=-1 task=0 slot=20->-1 s=3.955/3.955 rem=0.000 spd=0.000 wait=0.0 gen=1
  V2 mode=1 act=0 reason=emergency_next_step_V0 blk=0 task=0 slot=36->-1 s=2.140/3.743 rem=1.603 spd=0.000 wait=4.2 gen=1[0m
[33m[WARN] [1789384226.647245617]: [SOURCE=REAL] [plan=14] [frame=14] [rollout_step=-1] [CONFLICT] V0(s=2.601 rem=1.361 act=0 blk=1) vs V2(s=2.140 rem=1.603 act=0 blk=0) | owner=V-1 following=0 nzones=1 all_same_dir=1[0m
[33m[WARN] [1789384226.647451937]: [SOURCE=REAL] [plan=14] [frame=14] [rollout_step=-1] [CONFLICT]   zone0 same_dir=1 | A[0.075,3.950] stopA=-0.104 committedA=1 | B[0.250,3.725] stopB=0.071 committedB=1 | @(1.25,4.26)[0m
[33m[WARN] [1789384226.647794050]: [POST]
tick=275
  V0 mode=1 act=0 reason=future_a1_exit_priority blk=1 task=0 slot=38->-1 s=2.601/3.963 rem=1.361 spd=0.000 wait=12.6 gen=1
  V1 mode=2 act=0 reason=not_active blk=-1 task=0 slot=20->-1 s=3.955/3.955 rem=0.000 spd=0.000 wait=0.0 gen=1
  V2 mode=1 act=0 reason=emergency_next_step_V0 blk=0 task=0 slot=36->-1 s=2.140/3.743 rem=1.603 spd=0.000 wait=4.3 gen=1[0m
[33m[WARN] [1789384226.648003483]: [SOURCE=REAL] [plan=14] [frame=15] [rollout_step=-1] [CONFLICT] V0(s=2.601 rem=1.361 act=0 blk=1) vs V2(s=2.140 rem=1.603 act=0 blk=0) | owner=V-1 following=0 nzones=1 all_same_dir=1[0m
[33m[WARN] [1789384226.648196288]: [SOURCE=REAL] [plan=14] [frame=15] [rollout_step=-1] [CONFLICT]   zone0 same_dir=1 | A[0.075,3.950] stopA=-0.104 committedA=1 | B[0.250,3.725] stopB=0.071 committedB=1 | @(1.25,4.26)[0m
[33m[WARN] [1789384226.648498432]: [POST]
tick=276
  V0 mode=1 act=0 reason=future_a1_exit_priority blk=1 task=0 slot=38->-1 s=2.601/3.963 rem=1.361 spd=0.000 wait=12.7 gen=1
  V1 mode=2 act=0 reason=not_active blk=-1 task=0 slot=20->-1 s=3.955/3.955 rem=0.000 spd=0.000 wait=0.0 gen=1
  V2 mode=1 act=0 reason=emergency_next_step_V0 blk=0 task=0 slot=36->-1 s=2.140/3.743 rem=1.603 spd=0.000 wait=4.4 gen=1[0m
[33m[WARN] [1789384226.648703444]: [SOURCE=REAL] [plan=14] [frame=16] [rollout_step=-1] [CONFLICT] V0(s=2.601 rem=1.361 act=0 blk=1) vs V2(s=2.140 rem=1.603 act=0 blk=0) | owner=V-1 following=0 nzones=1 all_same_dir=1[0m
[33m[WARN] [1789384226.648909773]: [SOURCE=REAL] [plan=14] [frame=16] [rollout_step=-1] [CONFLICT]   zone0 same_dir=1 | A[0.075,3.950] stopA=-0.104 committedA=1 | B[0.250,3.725] stopB=0.071 committedB=1 | @(1.25,4.26)[0m
[33m[WARN] [1789384226.649203831]: [POST]
tick=277
  V0 mode=1 act=0 reason=future_a1_exit_priority blk=1 task=0 slot=38->-1 s=2.601/3.963 rem=1.361 spd=0.000 wait=12.8 gen=1
  V1 mode=2 act=0 reason=not_active blk=-1 task=0 slot=20->-1 s=3.955/3.955 rem=0.000 spd=0.000 wait=0.0 gen=1
  V2 mode=1 act=0 reason=emergency_next_step_V0 blk=0 task=0 slot=36->-1 s=2.140/3.743 rem=1.603 spd=0.000 wait=4.5 gen=1[0m
[33m[WARN] [1789384226.649418064]: [SOURCE=REAL] [plan=14] [frame=17] [rollout_step=-1] [CONFLICT] V0(s=2.601 rem=1.361 act=0 blk=1) vs V2(s=2.140 rem=1.603 act=0 blk=0) | owner=V-1 following=0 nzones=1 all_same_dir=1[0m
[33m[WARN] [1789384226.649639828]: [SOURCE=REAL] [plan=14] [frame=17] [rollout_step=-1] [CONFLICT]   zone0 same_dir=1 | A[0.075,3.950] stopA=-0.104 committedA=1 | B[0.250,3.725] stopB=0.071 committedB=1 | @(1.25,4.26)[0m
[33m[WARN] [1789384226.649934221]: [POST]
tick=278
  V0 mode=1 act=0 reason=future_a1_exit_priority blk=1 task=0 slot=38->-1 s=2.601/3.963 rem=1.361 spd=0.000 wait=12.9 gen=1
  V1 mode=2 act=0 reason=not_active blk=-1 task=0 slot=20->-1 s=3.955/3.955 rem=0.000 spd=0.000 wait=0.0 gen=1
  V2 mode=1 act=0 reason=emergency_next_step_V0 blk=0 task=0 slot=36->-1 s=2.140/3.743 rem=1.603 spd=0.000 wait=4.6 gen=1[0m
[33m[WARN] [1789384226.650134472]: [SOURCE=REAL] [plan=14] [frame=18] [rollout_step=-1] [CONFLICT] V0(s=2.601 rem=1.361 act=0 blk=1) vs V2(s=2.140 rem=1.603 act=0 blk=0) | owner=V-1 following=0 nzones=1 all_same_dir=1[0m
[33m[WARN] [1789384226.650320970]: [SOURCE=REAL] [plan=14] [frame=18] [rollout_step=-1] [CONFLICT]   zone0 same_dir=1 | A[0.075,3.950] stopA=-0.104 committedA=1 | B[0.250,3.725] stopB=0.071 committedB=1 | @(1.25,4.26)[0m
[33m[WARN] [1789384226.650622421]: [POST]
tick=279
  V0 mode=1 act=0 reason=future_a1_exit_priority blk=1 task=0 slot=38->-1 s=2.601/3.963 rem=1.361 spd=0.000 wait=13.0 gen=1
  V1 mode=2 act=0 reason=not_active blk=-1 task=0 slot=20->-1 s=3.955/3.955 rem=0.000 spd=0.000 wait=0.0 gen=1
  V2 mode=1 act=0 reason=emergency_next_step_V0 blk=0 task=0 slot=36->-1 s=2.140/3.743 rem=1.603 spd=0.000 wait=4.7 gen=1[0m
[33m[WARN] [1789384226.650825801]: [SOURCE=REAL] [plan=14] [frame=19] [rollout_step=-1] [CONFLICT] V0(s=2.601 rem=1.361 act=0 blk=1) vs V2(s=2.140 rem=1.603 act=0 blk=0) | owner=V-1 following=0 nzones=1 all_same_dir=1[0m
[33m[WARN] [1789384226.651055112]: [SOURCE=REAL] [plan=14] [frame=19] [rollout_step=-1] [CONFLICT]   zone0 same_dir=1 | A[0.075,3.950] stopA=-0.104 committedA=1 | B[0.250,3.725] stopB=0.071 committedB=1 | @(1.25,4.26)[0m
[33m[WARN] [1789384226.714406572]: [multi_patrol][A1 EXIT HORIZON] V1 target=B59 dwell_part=0.90s departure_window=14.10s total_horizon=15.00s[0m
[33m[WARN] [1789384226.714872887]: [POST]
tick=280
  V0 mode=1 act=0 reason=future_a1_exit_priority blk=1 task=0 slot=38->-1 s=2.601/3.963 rem=1.361 spd=0.000 wait=13.1 gen=1
  V1 mode=2 act=0 reason=not_active blk=-1 task=0 slot=20->-1 s=3.955/3.955 rem=0.000 spd=0.000 wait=0.0 gen=1
  V2 mode=1 act=0 reason=emergency_next_step_V0 blk=0 task=0 slot=36->-1 s=2.140/3.743 rem=1.603 spd=0.000 wait=4.8 gen=1[0m
[33m[WARN] [1789384226.715036680]: [SOURCE=REAL] [plan=15] [frame=0] [rollout_step=-1] [CONFLICT] V0(s=2.601 rem=1.361 act=0 blk=1) vs V2(s=2.140 rem=1.603 act=0 blk=0) | owner=V-1 following=0 nzones=1 all_same_dir=1[0m
[33m[WARN] [1789384226.715199716]: [SOURCE=REAL] [plan=15] [frame=0] [rollout_step=-1] [CONFLICT]   zone0 same_dir=1 | A[0.075,3.950] stopA=-0.104 committedA=1 | B[0.250,3.725] stopB=0.071 committedB=1 | @(1.25,4.26)[0m
[33m[WARN] [1789384226.715442336]: [POST]
tick=281
  V0 mode=1 act=0 reason=future_a1_exit_priority blk=1 task=0 slot=38->-1 s=2.601/3.963 rem=1.361 spd=0.000 wait=13.2 gen=1
  V1 mode=2 act=0 reason=not_active blk=-1 task=0 slot=20->-1 s=3.955/3.955 rem=0.000 spd=0.000 wait=0.0 gen=1
  V2 mode=1 act=0 reason=emergency_next_step_V0 blk=0 task=0 slot=36->-1 s=2.140/3.743 rem=1.603 spd=0.000 wait=4.9 gen=1[0m
[33m[WARN] [1789384226.715603747]: [SOURCE=REAL] [plan=15] [frame=1] [rollout_step=-1] [CONFLICT] V0(s=2.601 rem=1.361 act=0 blk=1) vs V2(s=2.140 rem=1.603 act=0 blk=0) | owner=V-1 following=0 nzones=1 all_same_dir=1[0m
[33m[WARN] [1789384226.715769616]: [SOURCE=REAL] [plan=15] [frame=1] [rollout_step=-1] [CONFLICT]   zone0 same_dir=1 | A[0.075,3.950] stopA=-0.104 committedA=1 | B[0.250,3.725] stopB=0.071 committedB=1 | @(1.25,4.26)[0m
[33m[WARN] [1789384226.716029405]: [POST]
tick=282
  V0 mode=1 act=0 reason=future_a1_exit_priority blk=1 task=0 slot=38->-1 s=2.601/3.963 rem=1.361 spd=0.000 wait=13.3 gen=1
  V1 mode=2 act=0 reason=not_active blk=-1 task=0 slot=20->-1 s=3.955/3.955 rem=0.000 spd=0.000 wait=0.0 gen=1
  V2 mode=1 act=0 reason=emergency_next_step_V0 blk=0 task=0 slot=36->-1 s=2.140/3.743 rem=1.603 spd=0.000 wait=5.0 gen=1[0m
[33m[WARN] [1789384226.716268203]: [SOURCE=REAL] [plan=15] [frame=2] [rollout_step=-1] [CONFLICT] V0(s=2.601 rem=1.361 act=0 blk=1) vs V2(s=2.140 rem=1.603 act=0 blk=0) | owner=V-1 following=0 nzones=1 all_same_dir=1[0m
[33m[WARN] [1789384226.716424848]: [SOURCE=REAL] [plan=15] [frame=2] [rollout_step=-1] [CONFLICT]   zone0 same_dir=1 | A[0.075,3.950] stopA=-0.104 committedA=1 | B[0.250,3.725] stopB=0.071 committedB=1 | @(1.25,4.26)[0m
[33m[WARN] [1789384226.716664074]: [POST]
tick=283
  V0 mode=1 act=0 reason=future_a1_exit_priority blk=1 task=0 slot=38->-1 s=2.601/3.963 rem=1.361 spd=0.000 wait=13.4 gen=1
  V1 mode=2 act=0 reason=not_active blk=-1 task=0 slot=20->-1 s=3.955/3.955 rem=0.000 spd=0.000 wait=0.0 gen=1
  V2 mode=1 act=0 reason=emergency_next_step_V0 blk=0 task=0 slot=36->-1 s=2.140/3.743 rem=1.603 spd=0.000 wait=5.1 gen=1[0m
[33m[WARN] [1789384226.716852358]: [SOURCE=REAL] [plan=15] [frame=3] [rollout_step=-1] [CONFLICT] V0(s=2.601 rem=1.361 act=0 blk=1) vs V2(s=2.140 rem=1.603 act=0 blk=0) | owner=V-1 following=0 nzones=1 all_same_dir=1[0m
[33m[WARN] [1789384226.717036465]: [SOURCE=REAL] [plan=15] [frame=3] [rollout_step=-1] [CONFLICT]   zone0 same_dir=1 | A[0.075,3.950] stopA=-0.104 committedA=1 | B[0.250,3.725] stopB=0.071 committedB=1 | @(1.25,4.26)[0m
[33m[WARN] [1789384226.717300660]: [POST]
tick=284
  V0 mode=1 act=0 reason=future_a1_exit_priority blk=1 task=0 slot=38->-1 s=2.601/3.963 rem=1.361 spd=0.000 wait=13.5 gen=1
  V1 mode=2 act=0 reason=not_active blk=-1 task=0 slot=20->-1 s=3.955/3.955 rem=0.000 spd=0.000 wait=0.0 gen=1
  V2 mode=1 act=0 reason=emergency_next_step_V0 blk=0 task=0 slot=36->-1 s=2.140/3.743 rem=1.603 spd=0.000 wait=5.2 gen=1[0m
[33m[WARN] [1789384226.717469627]: [SOURCE=REAL] [plan=15] [frame=4] [rollout_step=-1] [CONFLICT] V0(s=2.601 rem=1.361 act=0 blk=1) vs V2(s=2.140 rem=1.603 act=0 blk=0) | owner=V-1 following=0 nzones=1 all_same_dir=1[0m
[33m[WARN] [1789384226.717645250]: [SOURCE=REAL] [plan=15] [frame=4] [rollout_step=-1] [CONFLICT]   zone0 same_dir=1 | A[0.075,3.950] stopA=-0.104 committedA=1 | B[0.250,3.725] stopB=0.071 committedB=1 | @(1.25,4.26)[0m
[33m[WARN] [1789384226.717895163]: [POST]
tick=285
  V0 mode=1 act=0 reason=future_a1_exit_priority blk=1 task=0 slot=38->-1 s=2.601/3.963 rem=1.361 spd=0.000 wait=13.6 gen=1
  V1 mode=2 act=0 reason=not_active blk=-1 task=0 slot=20->-1 s=3.955/3.955 rem=0.000 spd=0.000 wait=0.0 gen=1
  V2 mode=1 act=0 reason=emergency_next_step_V0 blk=0 task=0 slot=36->-1 s=2.140/3.743 rem=1.603 spd=0.000 wait=5.3 gen=1[0m
[33m[WARN] [1789384226.718069494]: [SOURCE=REAL] [plan=15] [frame=5] [rollout_step=-1] [CONFLICT] V0(s=2.601 rem=1.361 act=0 blk=1) vs V2(s=2.140 rem=1.603 act=0 blk=0) | owner=V-1 following=0 nzones=1 all_same_dir=1[0m
[33m[WARN] [1789384226.718231440]: [SOURCE=REAL] [plan=15] [frame=5] [rollout_step=-1] [CONFLICT]   zone0 same_dir=1 | A[0.075,3.950] stopA=-0.104 committedA=1 | B[0.250,3.725] stopB=0.071 committedB=1 | @(1.25,4.26)[0m
[33m[WARN] [1789384226.718490330]: [POST]
tick=286
  V0 mode=1 act=0 reason=future_a1_exit_priority blk=1 task=0 slot=38->-1 s=2.601/3.963 rem=1.361 spd=0.000 wait=13.7 gen=1
  V1 mode=2 act=0 reason=not_active blk=-1 task=0 slot=20->-1 s=3.955/3.955 rem=0.000 spd=0.000 wait=0.0 gen=1
  V2 mode=1 act=0 reason=emergency_next_step_V0 blk=0 task=0 slot=36->-1 s=2.140/3.743 rem=1.603 spd=0.000 wait=5.4 gen=1[0m
[33m[WARN] [1789384226.718654313]: [SOURCE=REAL] [plan=15] [frame=6] [rollout_step=-1] [CONFLICT] V0(s=2.601 rem=1.361 act=0 blk=1) vs V2(s=2.140 rem=1.603 act=0 blk=0) | owner=V-1 following=0 nzones=1 all_same_dir=1[0m
[33m[WARN] [1789384226.718828294]: [SOURCE=REAL] [plan=15] [frame=6] [rollout_step=-1] [CONFLICT]   zone0 same_dir=1 | A[0.075,3.950] stopA=-0.104 committedA=1 | B[0.250,3.725] stopB=0.071 committedB=1 | @(1.25,4.26)[0m
[33m[WARN] [1789384226.719073483]: [POST]
tick=287
  V0 mode=1 act=0 reason=future_a1_exit_priority blk=1 task=0 slot=38->-1 s=2.601/3.963 rem=1.361 spd=0.000 wait=13.8 gen=1
  V1 mode=2 act=0 reason=not_active blk=-1 task=0 slot=20->-1 s=3.955/3.955 rem=0.000 spd=0.000 wait=0.0 gen=1
  V2 mode=1 act=0 reason=emergency_next_step_V0 blk=0 task=0 slot=36->-1 s=2.140/3.743 rem=1.603 spd=0.000 wait=5.5 gen=1[0m
[33m[WARN] [1789384226.719245093]: [SOURCE=REAL] [plan=15] [frame=7] [rollout_step=-1] [CONFLICT] V0(s=2.601 rem=1.361 act=0 blk=1) vs V2(s=2.140 rem=1.603 act=0 blk=0) | owner=V-1 following=0 nzones=1 all_same_dir=1[0m
[33m[WARN] [1789384226.719408574]: [SOURCE=REAL] [plan=15] [frame=7] [rollout_step=-1] [CONFLICT]   zone0 same_dir=1 | A[0.075,3.950] stopA=-0.104 committedA=1 | B[0.250,3.725] stopB=0.071 committedB=1 | @(1.25,4.26)[0m
[33m[WARN] [1789384226.719711597]: [POST]
tick=288
  V0 mode=1 act=0 reason=future_a1_exit_priority blk=1 task=0 slot=38->-1 s=2.601/3.963 rem=1.361 spd=0.000 wait=13.9 gen=1
  V1 mode=2 act=0 reason=not_active blk=-1 task=0 slot=20->-1 s=3.955/3.955 rem=0.000 spd=0.000 wait=0.0 gen=1
  V2 mode=1 act=0 reason=emergency_next_step_V0 blk=0 task=0 slot=36->-1 s=2.140/3.743 rem=1.603 spd=0.000 wait=5.6 gen=1[0m
[33m[WARN] [1789384226.719872881]: [SOURCE=REAL] [plan=15] [frame=8] [rollout_step=-1] [CONFLICT] V0(s=2.601 rem=1.361 act=0 blk=1) vs V2(s=2.140 rem=1.603 act=0 blk=0) | owner=V-1 following=0 nzones=1 all_same_dir=1[0m
[33m[WARN] [1789384226.720040117]: [SOURCE=REAL] [plan=15] [frame=8] [rollout_step=-1] [CONFLICT]   zone0 same_dir=1 | A[0.075,3.950] stopA=-0.104 committedA=1 | B[0.250,3.725] stopB=0.071 committedB=1 | @(1.25,4.26)[0m
[33m[WARN] [1789384226.783330765]: [POST]
tick=289
  V0 mode=1 act=0 reason=departure_cluster_priority blk=1 task=0 slot=38->-1 s=2.601/3.963 rem=1.361 spd=0.000 wait=14.0 gen=1
  V1 mode=1 act=3 reason=clear blk=-1 task=0 slot=20->59 s=0.002/9.049 rem=9.047 spd=0.020 wait=0.0 gen=2
  V2 mode=1 act=0 reason=emergency_next_step_V0 blk=0 task=0 slot=36->-1 s=2.140/3.743 rem=1.603 spd=0.000 wait=5.7 gen=1[0m
[33m[WARN] [1789384226.783509702]: [SOURCE=REAL] [plan=16] [frame=0] [rollout_step=-1] [CONFLICT] V0(s=2.601 rem=1.361 act=0 blk=1) vs V2(s=2.140 rem=1.603 act=0 blk=0) | owner=V-1 following=0 nzones=1 all_same_dir=1[0m
[33m[WARN] [1789384226.783720065]: [SOURCE=REAL] [plan=16] [frame=0] [rollout_step=-1] [CONFLICT]   zone0 same_dir=1 | A[0.075,3.950] stopA=-0.104 committedA=1 | B[0.250,3.725] stopB=0.071 committedB=1 | @(1.25,4.26)[0m
[33m[WARN] [1789384226.784009553]: [POST]
tick=290
  V0 mode=1 act=0 reason=departure_cluster_priority blk=1 task=0 slot=38->-1 s=2.601/3.963 rem=1.361 spd=0.000 wait=14.1 gen=1
  V1 mode=1 act=3 reason=clear blk=-1 task=0 slot=20->59 s=0.006/9.049 rem=9.043 spd=0.040 wait=0.0 gen=2
  V2 mode=1 act=0 reason=emergency_next_step_V0 blk=0 task=0 slot=36->-1 s=2.140/3.743 rem=1.603 spd=0.000 wait=5.8 gen=1[0m
[33m[WARN] [1789384226.784318014]: [SOURCE=REAL] [plan=16] [frame=1] [rollout_step=-1] [CONFLICT] V0(s=2.601 rem=1.361 act=0 blk=1) vs V2(s=2.140 rem=1.603 act=0 blk=0) | owner=V-1 following=0 nzones=1 all_same_dir=1[0m
[33m[WARN] [1789384226.784582004]: [SOURCE=REAL] [plan=16] [frame=1] [rollout_step=-1] [CONFLICT]   zone0 same_dir=1 | A[0.075,3.950] stopA=-0.104 committedA=1 | B[0.250,3.725] stopB=0.071 committedB=1 | @(1.25,4.26)[0m
[33m[WARN] [1789384226.784933629]: [POST]
tick=291
  V0 mode=1 act=0 reason=departure_cluster_priority blk=1 task=0 slot=38->-1 s=2.601/3.963 rem=1.361 spd=0.000 wait=14.2 gen=1
  V1 mode=1 act=3 reason=clear blk=-1 task=0 slot=20->59 s=0.012/9.049 rem=9.037 spd=0.060 wait=0.0 gen=2
  V2 mode=1 act=0 reason=emergency_next_step_V0 blk=0 task=0 slot=36->-1 s=2.140/3.743 rem=1.603 spd=0.000 wait=5.9 gen=1[0m
[33m[WARN] [1789384226.785102842]: [SOURCE=REAL] [plan=16] [frame=2] [rollout_step=-1] [CONFLICT] V0(s=2.601 rem=1.361 act=0 blk=1) vs V2(s=2.140 rem=1.603 act=0 blk=0) | owner=V-1 following=0 nzones=1 all_same_dir=1[0m
[33m[WARN] [1789384226.785408785]: [SOURCE=REAL] [plan=16] [frame=2] [rollout_step=-1] [CONFLICT]   zone0 same_dir=1 | A[0.075,3.950] stopA=-0.104 committedA=1 | B[0.250,3.725] stopB=0.071 committedB=1 | @(1.25,4.26)[0m
[33m[WARN] [1789384226.785692892]: [POST]
tick=292
  V0 mode=1 act=0 reason=departure_cluster_priority blk=1 task=0 slot=38->-1 s=2.601/3.963 rem=1.361 spd=0.000 wait=14.3 gen=1
  V1 mode=1 act=3 reason=clear blk=-1 task=0 slot=20->59 s=0.020/9.049 rem=9.029 spd=0.080 wait=0.0 gen=2
  V2 mode=1 act=0 reason=emergency_next_step_V0 blk=0 task=0 slot=36->-1 s=2.140/3.743 rem=1.603 spd=0.000 wait=6.0 gen=1[0m
[33m[WARN] [1789384226.785860166]: [SOURCE=REAL] [plan=16] [frame=3] [rollout_step=-1] [CONFLICT] V0(s=2.601 rem=1.361 act=0 blk=1) vs V2(s=2.140 rem=1.603 act=0 blk=0) | owner=V-1 following=0 nzones=1 all_same_dir=1[0m
[33m[WARN] [1789384226.786033581]: [SOURCE=REAL] [plan=16] [frame=3] [rollout_step=-1] [CONFLICT]   zone0 same_dir=1 | A[0.075,3.950] stopA=-0.104 committedA=1 | B[0.250,3.725] stopB=0.071 committedB=1 | @(1.25,4.26)[0m
[33m[WARN] [1789384226.786295529]: [POST]
tick=293
  V0 mode=1 act=0 reason=departure_cluster_priority blk=1 task=0 slot=38->-1 s=2.601/3.963 rem=1.361 spd=0.000 wait=14.4 gen=1
  V1 mode=1 act=3 reason=clear blk=-1 task=0 slot=20->59 s=0.030/9.049 rem=9.019 spd=0.100 wait=0.0 gen=2
  V2 mode=1 act=0 reason=emergency_next_step_V0 blk=0 task=0 slot=36->-1 s=2.140/3.743 rem=1.603 spd=0.000 wait=6.1 gen=1[0m
[33m[WARN] [1789384226.786457344]: [SOURCE=REAL] [plan=16] [frame=4] [rollout_step=-1] [CONFLICT] V0(s=2.601 rem=1.361 act=0 blk=1) vs V2(s=2.140 rem=1.603 act=0 blk=0) | owner=V-1 following=0 nzones=1 all_same_dir=1[0m
[33m[WARN] [1789384226.786629835]: [SOURCE=REAL] [plan=16] [frame=4] [rollout_step=-1] [CONFLICT]   zone0 same_dir=1 | A[0.075,3.950] stopA=-0.104 committedA=1 | B[0.250,3.725] stopB=0.071 committedB=1 | @(1.25,4.26)[0m
[33m[WARN] [1789384226.786877968]: [POST]
tick=294
  V0 mode=1 act=0 reason=departure_cluster_priority blk=1 task=0 slot=38->-1 s=2.601/3.963 rem=1.361 spd=0.000 wait=14.5 gen=1
  V1 mode=1 act=3 reason=clear blk=-1 task=0 slot=20->59 s=0.042/9.049 rem=9.007 spd=0.120 wait=0.0 gen=2
  V2 mode=1 act=0 reason=emergency_next_step_V0 blk=0 task=0 slot=36->-1 s=2.140/3.743 rem=1.603 spd=0.000 wait=6.2 gen=1[0m
[33m[WARN] [1789384226.787047595]: [SOURCE=REAL] [plan=16] [frame=5] [rollout_step=-1] [CONFLICT] V0(s=2.601 rem=1.361 act=0 blk=1) vs V2(s=2.140 rem=1.603 act=0 blk=0) | owner=V-1 following=0 nzones=1 all_same_dir=1[0m
[33m[WARN] [1789384226.787232621]: [SOURCE=REAL] [plan=16] [frame=5] [rollout_step=-1] [CONFLICT]   zone0 same_dir=1 | A[0.075,3.950] stopA=-0.104 committedA=1 | B[0.250,3.725] stopB=0.071 committedB=1 | @(1.25,4.26)[0m
[33m[WARN] [1789384226.787507630]: [POST]
tick=295
  V0 mode=1 act=0 reason=departure_cluster_priority blk=1 task=0 slot=38->-1 s=2.601/3.963 rem=1.361 spd=0.000 wait=14.6 gen=1
  V1 mode=1 act=3 reason=clear blk=-1 task=0 slot=20->59 s=0.056/9.049 rem=8.993 spd=0.140 wait=0.0 gen=2
  V2 mode=1 act=0 reason=emergency_next_step_V0 blk=0 task=0 slot=36->-1 s=2.140/3.743 rem=1.603 spd=0.000 wait=6.3 gen=1[0m
[33m[WARN] [1789384226.787675114]: [SOURCE=REAL] [plan=16] [frame=6] [rollout_step=-1] [CONFLICT] V0(s=2.601 rem=1.361 act=0 blk=1) vs V2(s=2.140 rem=1.603 act=0 blk=0) | owner=V-1 following=0 nzones=1 all_same_dir=1[0m
[33m[WARN] [1789384226.787849368]: [SOURCE=REAL] [plan=16] [frame=6] [rollout_step=-1] [CONFLICT]   zone0 same_dir=1 | A[0.075,3.950] stopA=-0.104 committedA=1 | B[0.250,3.725] stopB=0.071 committedB=1 | @(1.25,4.26)[0m
[33m[WARN] [1789384226.788108817]: [POST]
tick=296
  V0 mode=1 act=0 reason=departure_cluster_priority blk=1 task=0 slot=38->-1 s=2.601/3.963 rem=1.361 spd=0.000 wait=14.7 gen=1
  V1 mode=1 act=3 reason=clear blk=-1 task=0 slot=20->59 s=0.072/9.049 rem=8.977 spd=0.160 wait=0.0 gen=2
  V2 mode=1 act=0 reason=emergency_next_step_V0 blk=0 task=0 slot=36->-1 s=2.140/3.743 rem=1.603 spd=0.000 wait=6.4 gen=1[0m
[33m[WARN] [1789384226.788282645]: [SOURCE=REAL] [plan=16] [frame=7] [rollout_step=-1] [CONFLICT] V0(s=2.601 rem=1.361 act=0 blk=1) vs V2(s=2.140 rem=1.603 act=0 blk=0) | owner=V-1 following=0 nzones=1 all_same_dir=1[0m
[33m[WARN] [1789384226.788454236]: [SOURCE=REAL] [plan=16] [frame=7] [rollout_step=-1] [CONFLICT]   zone0 same_dir=1 | A[0.075,3.950] stopA=-0.104 committedA=1 | B[0.250,3.725] stopB=0.071 committedB=1 | @(1.25,4.26)[0m
[33m[WARN] [1789384226.788731168]: [POST]
tick=297
  V0 mode=1 act=0 reason=departure_cluster_priority blk=1 task=0 slot=38->-1 s=2.601/3.963 rem=1.361 spd=0.000 wait=14.8 gen=1
  V1 mode=1 act=3 reason=clear blk=-1 task=0 slot=20->59 s=0.090/9.049 rem=8.959 spd=0.180 wait=0.0 gen=2
  V2 mode=1 act=0 reason=emergency_next_step_V0 blk=0 task=0 slot=36->-1 s=2.140/3.743 rem=1.603 spd=0.000 wait=6.5 gen=1[0m
[33m[WARN] [1789384226.788915313]: [SOURCE=REAL] [plan=16] [frame=8] [rollout_step=-1] [CONFLICT] V0(s=2.601 rem=1.361 act=0 blk=1) vs V2(s=2.140 rem=1.603 act=0 blk=0) | owner=V-1 following=0 nzones=1 all_same_dir=1[0m
[33m[WARN] [1789384226.789077066]: [SOURCE=REAL] [plan=16] [frame=8] [rollout_step=-1] [CONFLICT]   zone0 same_dir=1 | A[0.075,3.950] stopA=-0.104 committedA=1 | B[0.250,3.725] stopB=0.071 committedB=1 | @(1.25,4.26)[0m
[33m[WARN] [1789384226.789350226]: [POST]
tick=298
  V0 mode=1 act=0 reason=departure_cluster_priority blk=1 task=0 slot=38->-1 s=2.601/3.963 rem=1.361 spd=0.000 wait=14.9 gen=1
  V1 mode=1 act=3 reason=clear blk=-1 task=0 slot=20->59 s=0.110/9.049 rem=8.939 spd=0.200 wait=0.0 gen=2
  V2 mode=1 act=0 reason=emergency_next_step_V0 blk=0 task=0 slot=36->-1 s=2.140/3.743 rem=1.603 spd=0.000 wait=6.6 gen=1[0m
[33m[WARN] [1789384226.789766514]: [SOURCE=REAL] [plan=16] [frame=9] [rollout_step=-1] [CONFLICT] V0(s=2.601 rem=1.361 act=0 blk=1) vs V2(s=2.140 rem=1.603 act=0 blk=0) | owner=V-1 following=0 nzones=1 all_same_dir=1[0m
[33m[WARN] [1789384226.789932239]: [SOURCE=REAL] [plan=16] [frame=9] [rollout_step=-1] [CONFLICT]   zone0 same_dir=1 | A[0.075,3.950] stopA=-0.104 committedA=1 | B[0.250,3.725] stopB=0.071 committedB=1 | @(1.25,4.26)[0m
[33m[WARN] [1789384226.790195533]: [POST]
tick=299
  V0 mode=1 act=0 reason=departure_cluster_priority blk=1 task=0 slot=38->-1 s=2.601/3.963 rem=1.361 spd=0.000 wait=15.0 gen=1
  V1 mode=1 act=3 reason=clear blk=-1 task=0 slot=20->59 s=0.130/9.049 rem=8.919 spd=0.200 wait=0.0 gen=2
  V2 mode=1 act=0 reason=emergency_next_step_V0 blk=0 task=0 slot=36->-1 s=2.140/3.743 rem=1.603 spd=0.000 wait=6.7 gen=1[0m
[33m[WARN] [1789384226.790369146]: [SOURCE=REAL] [plan=16] [frame=10] [rollout_step=-1] [CONFLICT] V0(s=2.601 rem=1.361 act=0 blk=1) vs V2(s=2.140 rem=1.603 act=0 blk=0) | owner=V-1 following=0 nzones=1 all_same_dir=1[0m
[33m[WARN] [1789384226.790528525]: [SOURCE=REAL] [plan=16] [frame=10] [rollout_step=-1] [CONFLICT]   zone0 same_dir=1 | A[0.075,3.950] stopA=-0.104 committedA=1 | B[0.250,3.725] stopB=0.071 committedB=1 | @(1.25,4.26)[0m
[33m[WARN] [1789384226.790779092]: [POST]
tick=300
  V0 mode=1 act=0 reason=departure_cluster_priority blk=1 task=0 slot=38->-1 s=2.601/3.963 rem=1.361 spd=0.000 wait=15.1 gen=1
  V1 mode=1 act=3 reason=clear blk=-1 task=0 slot=20->59 s=0.150/9.049 rem=8.899 spd=0.200 wait=0.0 gen=2
  V2 mode=1 act=0 reason=emergency_next_step_V0 blk=0 task=0 slot=36->-1 s=2.140/3.743 rem=1.603 spd=0.000 wait=6.8 gen=1[0m
[33m[WARN] [1789384226.790943945]: [SOURCE=REAL] [plan=16] [frame=11] [rollout_step=-1] [CONFLICT] V0(s=2.601 rem=1.361 act=0 blk=1) vs V2(s=2.140 rem=1.603 act=0 blk=0) | owner=V-1 following=0 nzones=1 all_same_dir=1[0m
[33m[WARN] [1789384226.791104939]: [SOURCE=REAL] [plan=16] [frame=11] [rollout_step=-1] [CONFLICT]   zone0 same_dir=1 | A[0.075,3.950] stopA=-0.104 committedA=1 | B[0.250,3.725] stopB=0.071 committedB=1 | @(1.25,4.26)[0m
[33m[WARN] [1789384226.791372797]: [POST]
tick=301
  V0 mode=1 act=0 reason=departure_cluster_priority blk=1 task=0 slot=38->-1 s=2.601/3.963 rem=1.361 spd=0.000 wait=15.2 gen=1
  V1 mode=1 act=3 reason=clear blk=-1 task=0 slot=20->59 s=0.170/9.049 rem=8.879 spd=0.200 wait=0.0 gen=2
  V2 mode=1 act=0 reason=emergency_next_step_V0 blk=0 task=0 slot=36->-1 s=2.140/3.743 rem=1.603 spd=0.000 wait=6.9 gen=1[0m
[33m[WARN] [1789384226.791535124]: [SOURCE=REAL] [plan=16] [frame=12] [rollout_step=-1] [CONFLICT] V0(s=2.601 rem=1.361 act=0 blk=1) vs V2(s=2.140 rem=1.603 act=0 blk=0) | owner=V-1 following=0 nzones=1 all_same_dir=1[0m
[33m[WARN] [1789384226.791699345]: [SOURCE=REAL] [plan=16] [frame=12] [rollout_step=-1] [CONFLICT]   zone0 same_dir=1 | A[0.075,3.950] stopA=-0.104 committedA=1 | B[0.250,3.725] stopB=0.071 committedB=1 | @(1.25,4.26)[0m
[33m[WARN] [1789384226.791962371]: [POST]
tick=302
  V0 mode=1 act=0 reason=departure_cluster_priority blk=1 task=0 slot=38->-1 s=2.601/3.963 rem=1.361 spd=0.000 wait=15.3 gen=1
  V1 mode=1 act=3 reason=clear blk=-1 task=0 slot=20->59 s=0.190/9.049 rem=8.859 spd=0.200 wait=0.0 gen=2
  V2 mode=1 act=0 reason=emergency_next_step_V0 blk=0 task=0 slot=36->-1 s=2.140/3.743 rem=1.603 spd=0.000 wait=7.0 gen=1[0m
[33m[WARN] [1789384226.792124238]: [SOURCE=REAL] [plan=16] [frame=13] [rollout_step=-1] [CONFLICT] V0(s=2.601 rem=1.361 act=0 blk=1) vs V2(s=2.140 rem=1.603 act=0 blk=0) | owner=V-1 following=0 nzones=1 all_same_dir=1[0m
[33m[WARN] [1789384226.792282324]: [SOURCE=REAL] [plan=16] [frame=13] [rollout_step=-1] [CONFLICT]   zone0 same_dir=1 | A[0.075,3.950] stopA=-0.104 committedA=1 | B[0.250,3.725] stopB=0.071 committedB=1 | @(1.25,4.26)[0m
[33m[WARN] [1789384226.792541945]: [POST]
tick=303
  V0 mode=1 act=0 reason=departure_cluster_priority blk=1 task=0 slot=38->-1 s=2.601/3.963 rem=1.361 spd=0.000 wait=15.4 gen=1
  V1 mode=1 act=3 reason=clear blk=-1 task=0 slot=20->59 s=0.207/9.049 rem=8.842 spd=0.170 wait=0.0 gen=2
  V2 mode=1 act=0 reason=emergency_next_step_V0 blk=0 task=0 slot=36->-1 s=2.140/3.743 rem=1.603 spd=0.000 wait=7.1 gen=1[0m
[33m[WARN] [1789384226.792705595]: [SOURCE=REAL] [plan=16] [frame=14] [rollout_step=-1] [CONFLICT] V0(s=2.601 rem=1.361 act=0 blk=1) vs V2(s=2.140 rem=1.603 act=0 blk=0) | owner=V-1 following=0 nzones=1 all_same_dir=1[0m
[33m[WARN] [1789384226.792871632]: [SOURCE=REAL] [plan=16] [frame=14] [rollout_step=-1] [CONFLICT]   zone0 same_dir=1 | A[0.075,3.950] stopA=-0.104 committedA=1 | B[0.250,3.725] stopB=0.071 committedB=1 | @(1.25,4.26)[0m
[33m[WARN] [1789384226.793124913]: [POST]
tick=304
  V0 mode=1 act=0 reason=departure_cluster_priority blk=1 task=0 slot=38->-1 s=2.601/3.963 rem=1.361 spd=0.000 wait=15.5 gen=1
  V1 mode=1 act=3 reason=clear blk=-1 task=0 slot=20->59 s=0.222/9.049 rem=8.827 spd=0.146 wait=0.0 gen=2
  V2 mode=1 act=0 reason=emergency_next_step_V0 blk=0 task=0 slot=36->-1 s=2.140/3.743 rem=1.603 spd=0.000 wait=7.2 gen=1[0m
[33m[WARN] [1789384226.793286988]: [SOURCE=REAL] [plan=16] [frame=15] [rollout_step=-1] [CONFLICT] V0(s=2.601 rem=1.361 act=0 blk=1) vs V2(s=2.140 rem=1.603 act=0 blk=0) | owner=V-1 following=0 nzones=1 all_same_dir=1[0m
[33m[WARN] [1789384226.793452045]: [SOURCE=REAL] [plan=16] [frame=15] [rollout_step=-1] [CONFLICT]   zone0 same_dir=1 | A[0.075,3.950] stopA=-0.104 committedA=1 | B[0.250,3.725] stopB=0.071 committedB=1 | @(1.25,4.26)[0m
[33m[WARN] [1789384226.793701818]: [POST]
tick=305
  V0 mode=1 act=0 reason=departure_cluster_priority blk=1 task=0 slot=38->-1 s=2.601/3.963 rem=1.361 spd=0.000 wait=15.6 gen=1
  V1 mode=1 act=3 reason=clear blk=-1 task=0 slot=20->59 s=0.236/9.049 rem=8.813 spd=0.142 wait=0.0 gen=2
  V2 mode=1 act=0 reason=emergency_next_step_V0 blk=0 task=0 slot=36->-1 s=2.140/3.743 rem=1.603 spd=0.000 wait=7.3 gen=1[0m
[33m[WARN] [1789384226.793862819]: [SOURCE=REAL] [plan=16] [frame=16] [rollout_step=-1] [CONFLICT] V0(s=2.601 rem=1.361 act=0 blk=1) vs V2(s=2.140 rem=1.603 act=0 blk=0) | owner=V-1 following=0 nzones=1 all_same_dir=1[0m
[33m[WARN] [1789384226.794028540]: [SOURCE=REAL] [plan=16] [frame=16] [rollout_step=-1] [CONFLICT]   zone0 same_dir=1 | A[0.075,3.950] stopA=-0.104 committedA=1 | B[0.250,3.725] stopB=0.071 committedB=1 | @(1.25,4.26)[0m
[33m[WARN] [1789384226.794276044]: [POST]
tick=306
  V0 mode=1 act=0 reason=departure_cluster_priority blk=1 task=0 slot=38->-1 s=2.601/3.963 rem=1.361 spd=0.000 wait=15.7 gen=1
  V1 mode=1 act=3 reason=clear blk=-1 task=0 slot=20->59 s=0.250/9.049 rem=8.799 spd=0.142 wait=0.0 gen=2
  V2 mode=1 act=0 reason=emergency_next_step_V0 blk=0 task=0 slot=36->-1 s=2.140/3.743 rem=1.603 spd=0.000 wait=7.4 gen=1[0m
[33m[WARN] [1789384226.794438763]: [SOURCE=REAL] [plan=16] [frame=17] [rollout_step=-1] [CONFLICT] V0(s=2.601 rem=1.361 act=0 blk=1) vs V2(s=2.140 rem=1.603 act=0 blk=0) | owner=V-1 following=0 nzones=1 all_same_dir=1[0m
[33m[WARN] [1789384226.794604627]: [SOURCE=REAL] [plan=16] [frame=17] [rollout_step=-1] [CONFLICT]   zone0 same_dir=1 | A[0.075,3.950] stopA=-0.104 committedA=1 | B[0.250,3.725] stopB=0.071 committedB=1 | @(1.25,4.26)[0m
[33m[WARN] [1789384226.794849676]: [POST]
tick=307
  V0 mode=1 act=0 reason=departure_cluster_priority blk=1 task=0 slot=38->-1 s=2.601/3.963 rem=1.361 spd=0.000 wait=15.8 gen=1
  V1 mode=1 act=3 reason=clear blk=-1 task=0 slot=20->59 s=0.264/9.049 rem=8.785 spd=0.142 wait=0.0 gen=2
  V2 mode=1 act=0 reason=emergency_next_step_V0 blk=0 task=0 slot=36->-1 s=2.140/3.743 rem=1.603 spd=0.000 wait=7.5 gen=1[0m
[33m[WARN] [1789384226.795021083]: [SOURCE=REAL] [plan=16] [frame=18] [rollout_step=-1] [CONFLICT] V0(s=2.601 rem=1.361 act=0 blk=1) vs V2(s=2.140 rem=1.603 act=0 blk=0) | owner=V-1 following=0 nzones=1 all_same_dir=1[0m
[33m[WARN] [1789384226.795181163]: [SOURCE=REAL] [plan=16] [frame=18] [rollout_step=-1] [CONFLICT]   zone0 same_dir=1 | A[0.075,3.950] stopA=-0.104 committedA=1 | B[0.250,3.725] stopB=0.071 committedB=1 | @(1.25,4.26)[0m
[33m[WARN] [1789384226.795425391]: [POST]
tick=308
  V0 mode=1 act=0 reason=departure_cluster_priority blk=1 task=0 slot=38->-1 s=2.601/3.963 rem=1.361 spd=0.000 wait=15.9 gen=1
  V1 mode=1 act=3 reason=clear blk=-1 task=0 slot=20->59 s=0.279/9.049 rem=8.770 spd=0.142 wait=0.0 gen=2
  V2 mode=1 act=0 reason=emergency_next_step_V0 blk=0 task=0 slot=36->-1 s=2.140/3.743 rem=1.603 spd=0.000 wait=7.6 gen=1[0m
[33m[WARN] [1789384226.795628562]: [SOURCE=REAL] [plan=16] [frame=19] [rollout_step=-1] [CONFLICT] V0(s=2.601 rem=1.361 act=0 blk=1) vs V2(s=2.140 rem=1.603 act=0 blk=0) | owner=V-1 following=0 nzones=1 all_same_dir=1[0m
[33m[WARN] [1789384226.795791858]: [SOURCE=REAL] [plan=16] [frame=19] [rollout_step=-1] [CONFLICT]   zone0 same_dir=1 | A[0.075,3.950] stopA=-0.104 committedA=1 | B[0.250,3.725] stopB=0.071 committedB=1 | @(1.25,4.26)[0m
[33m[WARN] [1789384226.851474236]: [POST]
tick=309
  V0 mode=1 act=0 reason=departure_cluster_priority blk=1 task=0 slot=38->-1 s=2.601/3.963 rem=1.361 spd=0.000 wait=16.0 gen=1
  V1 mode=1 act=3 reason=clear blk=-1 task=0 slot=20->59 s=0.293/9.049 rem=8.756 spd=0.142 wait=0.0 gen=2
  V2 mode=1 act=0 reason=emergency_next_step_V0 blk=0 task=0 slot=36->-1 s=2.140/3.743 rem=1.603 spd=0.000 wait=7.7 gen=1[0m
[33m[WARN] [1789384226.851677213]: [SOURCE=REAL] [plan=17] [frame=0] [rollout_step=-1] [CONFLICT] V0(s=2.601 rem=1.361 act=0 blk=1) vs V2(s=2.140 rem=1.603 act=0 blk=0) | owner=V-1 following=0 nzones=1 all_same_dir=1[0m
[33m[WARN] [1789384226.851881821]: [SOURCE=REAL] [plan=17] [frame=0] [rollout_step=-1] [CONFLICT]   zone0 same_dir=1 | A[0.075,3.950] stopA=-0.104 committedA=1 | B[0.250,3.725] stopB=0.071 committedB=1 | @(1.25,4.26)[0m
[33m[WARN] [1789384226.852240953]: [POST]
tick=310
  V0 mode=1 act=0 reason=departure_cluster_priority blk=1 task=0 slot=38->-1 s=2.601/3.963 rem=1.361 spd=0.000 wait=16.1 gen=1
  V1 mode=1 act=3 reason=clear blk=-1 task=0 slot=20->59 s=0.307/9.049 rem=8.742 spd=0.142 wait=0.0 gen=2
  V2 mode=1 act=0 reason=emergency_next_step_V0 blk=0 task=0 slot=36->-1 s=2.140/3.743 rem=1.603 spd=0.000 wait=7.8 gen=1[0m
[33m[WARN] [1789384226.852463472]: [SOURCE=REAL] [plan=17] [frame=1] [rollout_step=-1] [CONFLICT] V0(s=2.601 rem=1.361 act=0 blk=1) vs V2(s=2.140 rem=1.603 act=0 blk=0) | owner=V-1 following=0 nzones=1 all_same_dir=1[0m
[33m[WARN] [1789384226.852654342]: [SOURCE=REAL] [plan=17] [frame=1] [rollout_step=-1] [CONFLICT]   zone0 same_dir=1 | A[0.075,3.950] stopA=-0.104 committedA=1 | B[0.250,3.725] stopB=0.071 committedB=1 | @(1.25,4.26)[0m
[33m[WARN] [1789384226.852918757]: [POST]
tick=311
  V0 mode=1 act=0 reason=departure_cluster_priority blk=1 task=0 slot=38->-1 s=2.601/3.963 rem=1.361 spd=0.000 wait=16.2 gen=1
  V1 mode=1 act=3 reason=clear blk=-1 task=0 slot=20->59 s=0.321/9.049 rem=8.728 spd=0.142 wait=0.0 gen=2
  V2 mode=1 act=0 reason=emergency_next_step_V0 blk=0 task=0 slot=36->-1 s=2.140/3.743 rem=1.603 spd=0.000 wait=7.9 gen=1[0m
[33m[WARN] [1789384226.853119550]: [SOURCE=REAL] [plan=17] [frame=2] [rollout_step=-1] [CONFLICT] V0(s=2.601 rem=1.361 act=0 blk=1) vs V2(s=2.140 rem=1.603 act=0 blk=0) | owner=V-1 following=0 nzones=1 all_same_dir=1[0m
[33m[WARN] [1789384226.853304335]: [SOURCE=REAL] [plan=17] [frame=2] [rollout_step=-1] [CONFLICT]   zone0 same_dir=1 | A[0.075,3.950] stopA=-0.104 committedA=1 | B[0.250,3.725] stopB=0.071 committedB=1 | @(1.25,4.26)[0m
[33m[WARN] [1789384226.853594400]: [POST]
tick=312
  V0 mode=1 act=0 reason=departure_cluster_priority blk=1 task=0 slot=38->-1 s=2.601/3.963 rem=1.361 spd=0.000 wait=16.3 gen=1
  V1 mode=1 act=3 reason=clear blk=-1 task=0 slot=20->59 s=0.336/9.049 rem=8.713 spd=0.142 wait=0.0 gen=2
  V2 mode=1 act=0 reason=emergency_next_step_V0 blk=0 task=0 slot=36->-1 s=2.140/3.743 rem=1.603 spd=0.000 wait=8.0 gen=1[0m
[33m[WARN] [1789384226.853801496]: [SOURCE=REAL] [plan=17] [frame=3] [rollout_step=-1] [CONFLICT] V0(s=2.601 rem=1.361 act=0 blk=1) vs V2(s=2.140 rem=1.603 act=0 blk=0) | owner=V-1 following=0 nzones=1 all_same_dir=1[0m
[33m[WARN] [1789384226.854011367]: [SOURCE=REAL] [plan=17] [frame=3] [rollout_step=-1] [CONFLICT]   zone0 same_dir=1 | A[0.075,3.950] stopA=-0.104 committedA=1 | B[0.250,3.725] stopB=0.071 committedB=1 | @(1.25,4.26)[0m
[33m[WARN] [1789384226.854304881]: [POST]
tick=313
  V0 mode=1 act=0 reason=departure_cluster_priority blk=1 task=0 slot=38->-1 s=2.601/3.963 rem=1.361 spd=0.000 wait=16.4 gen=1
  V1 mode=1 act=3 reason=clear blk=-1 task=0 slot=20->59 s=0.350/9.049 rem=8.699 spd=0.142 wait=0.0 gen=2
  V2 mode=1 act=0 reason=emergency_next_step_V0 blk=0 task=0 slot=36->-1 s=2.140/3.743 rem=1.603 spd=0.000 wait=8.1 gen=1[0m
[33m[WARN] [1789384226.854525559]: [SOURCE=REAL] [plan=17] [frame=4] [rollout_step=-1] [CONFLICT] V0(s=2.601 rem=1.361 act=0 blk=1) vs V2(s=2.140 rem=1.603 act=0 blk=0) | owner=V-1 following=0 nzones=1 all_same_dir=1[0m
[33m[WARN] [1789384226.854717850]: [SOURCE=REAL] [plan=17] [frame=4] [rollout_step=-1] [CONFLICT]   zone0 same_dir=1 | A[0.075,3.950] stopA=-0.104 committedA=1 | B[0.250,3.725] stopB=0.071 committedB=1 | @(1.25,4.26)[0m
[33m[WARN] [1789384226.855005317]: [POST]
tick=314
  V0 mode=1 act=0 reason=departure_cluster_priority blk=1 task=0 slot=38->-1 s=2.601/3.963 rem=1.361 spd=0.000 wait=16.5 gen=1
  V1 mode=1 act=3 reason=clear blk=-1 task=0 slot=20->59 s=0.364/9.049 rem=8.685 spd=0.142 wait=0.0 gen=2
  V2 mode=1 act=0 reason=emergency_next_step_V0 blk=0 task=0 slot=36->-1 s=2.140/3.743 rem=1.603 spd=0.000 wait=8.2 gen=1[0m
[33m[WARN] [1789384226.855198875]: [SOURCE=REAL] [plan=17] [frame=5] [rollout_step=-1] [CONFLICT] V0(s=2.601 rem=1.361 act=0 blk=1) vs V2(s=2.140 rem=1.603 act=0 blk=0) | owner=V-1 following=0 nzones=1 all_same_dir=1[0m
[33m[WARN] [1789384226.855372076]: [SOURCE=REAL] [plan=17] [frame=5] [rollout_step=-1] [CONFLICT]   zone0 same_dir=1 | A[0.075,3.950] stopA=-0.104 committedA=1 | B[0.250,3.725] stopB=0.071 committedB=1 | @(1.25,4.26)[0m
[33m[WARN] [1789384226.855657829]: [POST]
tick=315
  V0 mode=1 act=0 reason=departure_cluster_priority blk=1 task=0 slot=38->-1 s=2.601/3.963 rem=1.361 spd=0.000 wait=16.6 gen=1
  V1 mode=1 act=3 reason=clear blk=-1 task=0 slot=20->59 s=0.378/9.049 rem=8.671 spd=0.142 wait=0.0 gen=2
  V2 mode=1 act=0 reason=emergency_next_step_V0 blk=0 task=0 slot=36->-1 s=2.140/3.743 rem=1.603 spd=0.000 wait=8.3 gen=1[0m
[33m[WARN] [1789384226.855827812]: [SOURCE=REAL] [plan=17] [frame=6] [rollout_step=-1] [CONFLICT] V0(s=2.601 rem=1.361 act=0 blk=1) vs V2(s=2.140 rem=1.603 act=0 blk=0) | owner=V-1 following=0 nzones=1 all_same_dir=1[0m
[33m[WARN] [1789384226.855994382]: [SOURCE=REAL] [plan=17] [frame=6] [rollout_step=-1] [CONFLICT]   zone0 same_dir=1 | A[0.075,3.950] stopA=-0.104 committedA=1 | B[0.250,3.725] stopB=0.071 committedB=1 | @(1.25,4.26)[0m
[33m[WARN] [1789384226.856299107]: [POST]
tick=316
  V0 mode=1 act=0 reason=departure_cluster_priority blk=1 task=0 slot=38->-1 s=2.601/3.963 rem=1.361 spd=0.000 wait=16.7 gen=1
  V1 mode=1 act=3 reason=clear blk=-1 task=0 slot=20->59 s=0.393/9.049 rem=8.656 spd=0.142 wait=0.0 gen=2
  V2 mode=1 act=0 reason=emergency_next_step_V0 blk=0 task=0 slot=36->-1 s=2.140/3.743 rem=1.603 spd=0.000 wait=8.4 gen=1[0m
[33m[WARN] [1789384226.856489708]: [SOURCE=REAL] [plan=17] [frame=7] [rollout_step=-1] [CONFLICT] V0(s=2.601 rem=1.361 act=0 blk=1) vs V2(s=2.140 rem=1.603 act=0 blk=0) | owner=V-1 following=0 nzones=1 all_same_dir=1[0m
[33m[WARN] [1789384226.856661770]: [SOURCE=REAL] [plan=17] [frame=7] [rollout_step=-1] [CONFLICT]   zone0 same_dir=1 | A[0.075,3.950] stopA=-0.104 committedA=1 | B[0.250,3.725] stopB=0.071 committedB=1 | @(1.25,4.26)[0m
[33m[WARN] [1789384226.856923105]: [POST]
tick=317
  V0 mode=1 act=0 reason=departure_cluster_priority blk=1 task=0 slot=38->-1 s=2.601/3.963 rem=1.361 spd=0.000 wait=16.8 gen=1
  V1 mode=1 act=3 reason=clear blk=-1 task=0 slot=20->59 s=0.407/9.049 rem=8.642 spd=0.142 wait=0.0 gen=2
  V2 mode=1 act=0 reason=emergency_next_step_V0 blk=0 task=0 slot=36->-1 s=2.140/3.743 rem=1.603 spd=0.000 wait=8.5 gen=1[0m
[33m[WARN] [1789384226.857083862]: [SOURCE=REAL] [plan=17] [frame=8] [rollout_step=-1] [CONFLICT] V0(s=2.601 rem=1.361 act=0 blk=1) vs V2(s=2.140 rem=1.603 act=0 blk=0) | owner=V-1 following=0 nzones=1 all_same_dir=1[0m
[33m[WARN] [1789384226.857257734]: [SOURCE=REAL] [plan=17] [frame=8] [rollout_step=-1] [CONFLICT]   zone0 same_dir=1 | A[0.075,3.950] stopA=-0.104 committedA=1 | B[0.250,3.725] stopB=0.071 committedB=1 | @(1.25,4.26)[0m
[33m[WARN] [1789384226.857526694]: [POST]
tick=318
  V0 mode=1 act=0 reason=departure_cluster_priority blk=1 task=0 slot=38->-1 s=2.601/3.963 rem=1.361 spd=0.000 wait=16.9 gen=1
  V1 mode=1 act=3 reason=clear blk=-1 task=0 slot=20->59 s=0.421/9.049 rem=8.628 spd=0.142 wait=0.0 gen=2
  V2 mode=1 act=0 reason=emergency_next_step_V0 blk=0 task=0 slot=36->-1 s=2.140/3.743 rem=1.603 spd=0.000 wait=8.6 gen=1[0m
[33m[WARN] [1789384226.857692712]: [SOURCE=REAL] [plan=17] [frame=9] [rollout_step=-1] [CONFLICT] V0(s=2.601 rem=1.361 act=0 blk=1) vs V2(s=2.140 rem=1.603 act=0 blk=0) | owner=V-1 following=0 nzones=1 all_same_dir=1[0m
[33m[WARN] [1789384226.857934025]: [SOURCE=REAL] [plan=17] [frame=9] [rollout_step=-1] [CONFLICT]   zone0 same_dir=1 | A[0.075,3.950] stopA=-0.104 committedA=1 | B[0.250,3.725] stopB=0.071 committedB=1 | @(1.25,4.26)[0m
[33m[WARN] [1789384226.858229758]: [POST]
tick=319
  V0 mode=1 act=0 reason=departure_cluster_priority blk=1 task=0 slot=38->-1 s=2.601/3.963 rem=1.361 spd=0.000 wait=17.0 gen=1
  V1 mode=1 act=3 reason=clear blk=-1 task=0 slot=20->59 s=0.435/9.049 rem=8.614 spd=0.142 wait=0.0 gen=2
  V2 mode=1 act=0 reason=emergency_next_step_V0 blk=0 task=0 slot=36->-1 s=2.140/3.743 rem=1.603 spd=0.000 wait=8.7 gen=1[0m
[33m[WARN] [1789384226.858396322]: [SOURCE=REAL] [plan=17] [frame=10] [rollout_step=-1] [CONFLICT] V0(s=2.601 rem=1.361 act=0 blk=1) vs V2(s=2.140 rem=1.603 act=0 blk=0) | owner=V-1 following=0 nzones=1 all_same_dir=1[0m
[33m[WARN] [1789384226.858561105]: [SOURCE=REAL] [plan=17] [frame=10] [rollout_step=-1] [CONFLICT]   zone0 same_dir=1 | A[0.075,3.950] stopA=-0.104 committedA=1 | B[0.250,3.725] stopB=0.071 committedB=1 | @(1.25,4.26)[0m
[33m[WARN] [1789384226.858815644]: [POST]
tick=320
  V0 mode=1 act=0 reason=departure_cluster_priority blk=1 task=0 slot=38->-1 s=2.601/3.963 rem=1.361 spd=0.000 wait=17.1 gen=1
  V1 mode=1 act=3 reason=clear blk=-1 task=0 slot=20->59 s=0.450/9.049 rem=8.599 spd=0.142 wait=0.0 gen=2
  V2 mode=1 act=0 reason=emergency_next_step_V0 blk=0 task=0 slot=36->-1 s=2.140/3.743 rem=1.603 spd=0.000 wait=8.8 gen=1[0m
[33m[WARN] [1789384226.858999847]: [SOURCE=REAL] [plan=17] [frame=11] [rollout_step=-1] [CONFLICT] V0(s=2.601 rem=1.361 act=0 blk=1) vs V2(s=2.140 rem=1.603 act=0 blk=0) | owner=V-1 following=0 nzones=1 all_same_dir=1[0m
[33m[WARN] [1789384226.859171499]: [SOURCE=REAL] [plan=17] [frame=11] [rollout_step=-1] [CONFLICT]   zone0 same_dir=1 | A[0.075,3.950] stopA=-0.104 committedA=1 | B[0.250,3.725] stopB=0.071 committedB=1 | @(1.25,4.26)[0m
[33m[WARN] [1789384226.859433896]: [POST]
tick=321
  V0 mode=1 act=0 reason=departure_cluster_priority blk=1 task=0 slot=38->-1 s=2.601/3.963 rem=1.361 spd=0.000 wait=17.2 gen=1
  V1 mode=1 act=3 reason=clear blk=-1 task=0 slot=20->59 s=0.464/9.049 rem=8.585 spd=0.142 wait=0.0 gen=2
  V2 mode=1 act=0 reason=emergency_next_step_V0 blk=0 task=0 slot=36->-1 s=2.140/3.743 rem=1.603 spd=0.000 wait=8.9 gen=1[0m
[33m[WARN] [1789384226.859602813]: [SOURCE=REAL] [plan=17] [frame=12] [rollout_step=-1] [CONFLICT] V0(s=2.601 rem=1.361 act=0 blk=1) vs V2(s=2.140 rem=1.603 act=0 blk=0) | owner=V-1 following=0 nzones=1 all_same_dir=1[0m
[33m[WARN] [1789384226.859789944]: [SOURCE=REAL] [plan=17] [frame=12] [rollout_step=-1] [CONFLICT]   zone0 same_dir=1 | A[0.075,3.950] stopA=-0.104 committedA=1 | B[0.250,3.725] stopB=0.071 committedB=1 | @(1.25,4.26)[0m
[33m[WARN] [1789384226.860050235]: [POST]
tick=322
  V0 mode=1 act=0 reason=departure_cluster_priority blk=1 task=0 slot=38->-1 s=2.601/3.963 rem=1.361 spd=0.000 wait=17.3 gen=1
  V1 mode=1 act=3 reason=clear blk=-1 task=0 slot=20->59 s=0.478/9.049 rem=8.571 spd=0.142 wait=0.0 gen=2
  V2 mode=1 act=0 reason=emergency_next_step_V0 blk=0 task=0 slot=36->-1 s=2.140/3.743 rem=1.603 spd=0.000 wait=9.0 gen=1[0m
[33m[WARN] [1789384226.860220041]: [SOURCE=REAL] [plan=17] [frame=13] [rollout_step=-1] [CONFLICT] V0(s=2.601 rem=1.361 act=0 blk=1) vs V2(s=2.140 rem=1.603 act=0 blk=0) | owner=V-1 following=0 nzones=1 all_same_dir=1[0m
[33m[WARN] [1789384226.860386819]: [SOURCE=REAL] [plan=17] [frame=13] [rollout_step=-1] [CONFLICT]   zone0 same_dir=1 | A[0.075,3.950] stopA=-0.104 committedA=1 | B[0.250,3.725] stopB=0.071 committedB=1 | @(1.25,4.26)[0m
[33m[WARN] [1789384226.860643808]: [POST]
tick=323
  V0 mode=1 act=0 reason=departure_cluster_priority blk=1 task=0 slot=38->-1 s=2.601/3.963 rem=1.361 spd=0.000 wait=17.4 gen=1
  V1 mode=1 act=3 reason=clear blk=-1 task=0 slot=20->59 s=0.492/9.049 rem=8.557 spd=0.142 wait=0.0 gen=2
  V2 mode=1 act=0 reason=emergency_next_step_V0 blk=0 task=0 slot=36->-1 s=2.140/3.743 rem=1.603 spd=0.000 wait=9.1 gen=1[0m
[33m[WARN] [1789384226.860807096]: [SOURCE=REAL] [plan=17] [frame=14] [rollout_step=-1] [CONFLICT] V0(s=2.601 rem=1.361 act=0 blk=1) vs V2(s=2.140 rem=1.603 act=0 blk=0) | owner=V-1 following=0 nzones=1 all_same_dir=1[0m
[33m[WARN] [1789384226.860966607]: [SOURCE=REAL] [plan=17] [frame=14] [rollout_step=-1] [CONFLICT]   zone0 same_dir=1 | A[0.075,3.950] stopA=-0.104 committedA=1 | B[0.250,3.725] stopB=0.071 committedB=1 | @(1.25,4.26)[0m
[33m[WARN] [1789384226.861209239]: [POST]
tick=324
  V0 mode=1 act=0 reason=departure_cluster_priority blk=1 task=0 slot=38->-1 s=2.601/3.963 rem=1.361 spd=0.000 wait=17.5 gen=1
  V1 mode=1 act=3 reason=clear blk=-1 task=0 slot=20->59 s=0.507/9.049 rem=8.542 spd=0.142 wait=0.0 gen=2
  V2 mode=1 act=0 reason=emergency_next_step_V0 blk=0 task=0 slot=36->-1 s=2.140/3.743 rem=1.603 spd=0.000 wait=9.2 gen=1[0m
[33m[WARN] [1789384226.861370936]: [SOURCE=REAL] [plan=17] [frame=15] [rollout_step=-1] [CONFLICT] V0(s=2.601 rem=1.361 act=0 blk=1) vs V2(s=2.140 rem=1.603 act=0 blk=0) | owner=V-1 following=0 nzones=1 all_same_dir=1[0m
[33m[WARN] [1789384226.861544330]: [SOURCE=REAL] [plan=17] [frame=15] [rollout_step=-1] [CONFLICT]   zone0 same_dir=1 | A[0.075,3.950] stopA=-0.104 committedA=1 | B[0.250,3.725] stopB=0.071 committedB=1 | @(1.25,4.26)[0m
[33m[WARN] [1789384226.861864527]: [POST]
tick=325
  V0 mode=1 act=0 reason=departure_cluster_priority blk=1 task=0 slot=38->-1 s=2.601/3.963 rem=1.361 spd=0.000 wait=17.6 gen=1
  V1 mode=1 act=3 reason=clear blk=-1 task=0 slot=20->59 s=0.521/9.049 rem=8.528 spd=0.142 wait=0.0 gen=2
  V2 mode=1 act=0 reason=emergency_next_step_V0 blk=0 task=0 slot=36->-1 s=2.140/3.743 rem=1.603 spd=0.000 wait=9.3 gen=1[0m
[33m[WARN] [1789384226.862049758]: [SOURCE=REAL] [plan=17] [frame=16] [rollout_step=-1] [CONFLICT] V0(s=2.601 rem=1.361 act=0 blk=1) vs V2(s=2.140 rem=1.603 act=0 blk=0) | owner=V-1 following=0 nzones=1 all_same_dir=1[0m
[33m[WARN] [1789384226.862209241]: [SOURCE=REAL] [plan=17] [frame=16] [rollout_step=-1] [CONFLICT]   zone0 same_dir=1 | A[0.075,3.950] stopA=-0.104 committedA=1 | B[0.250,3.725] stopB=0.071 committedB=1 | @(1.25,4.26)[0m
[33m[WARN] [1789384226.862467942]: [POST]
tick=326
  V0 mode=1 act=0 reason=departure_cluster_priority blk=1 task=0 slot=38->-1 s=2.601/3.963 rem=1.361 spd=0.000 wait=17.7 gen=1
  V1 mode=1 act=3 reason=clear blk=-1 task=0 slot=20->59 s=0.535/9.049 rem=8.514 spd=0.142 wait=0.0 gen=2
  V2 mode=1 act=0 reason=emergency_next_step_V0 blk=0 task=0 slot=36->-1 s=2.140/3.743 rem=1.603 spd=0.000 wait=9.4 gen=1[0m
[33m[WARN] [1789384226.862629362]: [SOURCE=REAL] [plan=17] [frame=17] [rollout_step=-1] [CONFLICT] V0(s=2.601 rem=1.361 act=0 blk=1) vs V2(s=2.140 rem=1.603 act=0 blk=0) | owner=V-1 following=0 nzones=1 all_same_dir=1[0m
[33m[WARN] [1789384226.862793073]: [SOURCE=REAL] [plan=17] [frame=17] [rollout_step=-1] [CONFLICT]   zone0 same_dir=1 | A[0.075,3.950] stopA=-0.104 committedA=1 | B[0.250,3.725] stopB=0.071 committedB=1 | @(1.25,4.26)[0m
[33m[WARN] [1789384226.863053472]: [POST]
tick=327
  V0 mode=1 act=0 reason=departure_cluster_priority blk=1 task=0 slot=38->-1 s=2.601/3.963 rem=1.361 spd=0.000 wait=17.8 gen=1
  V1 mode=1 act=3 reason=clear blk=-1 task=0 slot=20->59 s=0.549/9.049 rem=8.500 spd=0.142 wait=0.0 gen=2
  V2 mode=1 act=0 reason=emergency_next_step_V0 blk=0 task=0 slot=36->-1 s=2.140/3.743 rem=1.603 spd=0.000 wait=9.5 gen=1[0m
[33m[WARN] [1789384226.863213779]: [SOURCE=REAL] [plan=17] [frame=18] [rollout_step=-1] [CONFLICT] V0(s=2.601 rem=1.361 act=0 blk=1) vs V2(s=2.140 rem=1.603 act=0 blk=0) | owner=V-1 following=0 nzones=1 all_same_dir=1[0m
[33m[WARN] [1789384226.863369687]: [SOURCE=REAL] [plan=17] [frame=18] [rollout_step=-1] [CONFLICT]   zone0 same_dir=1 | A[0.075,3.950] stopA=-0.104 committedA=1 | B[0.250,3.725] stopB=0.071 committedB=1 | @(1.25,4.26)[0m
[33m[WARN] [1789384226.863634707]: [POST]
tick=328
  V0 mode=1 act=0 reason=departure_cluster_priority blk=1 task=0 slot=38->-1 s=2.601/3.963 rem=1.361 spd=0.000 wait=17.9 gen=1
  V1 mode=1 act=3 reason=clear blk=-1 task=0 slot=20->59 s=0.564/9.049 rem=8.485 spd=0.142 wait=0.0 gen=2
  V2 mode=1 act=0 reason=emergency_next_step_V0 blk=0 task=0 slot=36->-1 s=2.140/3.743 rem=1.603 spd=0.000 wait=9.6 gen=1[0m
[33m[WARN] [1789384226.863792640]: [SOURCE=REAL] [plan=17] [frame=19] [rollout_step=-1] [CONFLICT] V0(s=2.601 rem=1.361 act=0 blk=1) vs V2(s=2.140 rem=1.603 act=0 blk=0) | owner=V-1 following=0 nzones=1 all_same_dir=1[0m
[33m[WARN] [1789384226.863960314]: [SOURCE=REAL] [plan=17] [frame=19] [rollout_step=-1] [CONFLICT]   zone0 same_dir=1 | A[0.075,3.950] stopA=-0.104 committedA=1 | B[0.250,3.725] stopB=0.071 committedB=1 | @(1.25,4.26)[0m
[33m[WARN] [1789384226.916164894]: [POST]
tick=329
  V0 mode=1 act=0 reason=departure_cluster_priority blk=1 task=0 slot=38->-1 s=2.601/3.963 rem=1.361 spd=0.000 wait=18.0 gen=1
  V1 mode=1 act=3 reason=clear blk=-1 task=0 slot=20->59 s=0.578/9.049 rem=8.471 spd=0.142 wait=0.0 gen=2
  V2 mode=1 act=0 reason=emergency_next_step_V0 blk=0 task=0 slot=36->-1 s=2.140/3.743 rem=1.603 spd=0.000 wait=9.7 gen=1[0m
[33m[WARN] [1789384226.916354649]: [SOURCE=REAL] [plan=18] [frame=0] [rollout_step=-1] [CONFLICT] V0(s=2.601 rem=1.361 act=0 blk=1) vs V2(s=2.140 rem=1.603 act=0 blk=0) | owner=V-1 following=0 nzones=1 all_same_dir=1[0m
[33m[WARN] [1789384226.916589161]: [SOURCE=REAL] [plan=18] [frame=0] [rollout_step=-1] [CONFLICT]   zone0 same_dir=1 | A[0.075,3.950] stopA=-0.104 committedA=1 | B[0.250,3.725] stopB=0.071 committedB=1 | @(1.25,4.26)[0m
[33m[WARN] [1789384226.916867914]: [POST]
tick=330
  V0 mode=1 act=0 reason=departure_cluster_priority blk=1 task=0 slot=38->-1 s=2.601/3.963 rem=1.361 spd=0.000 wait=18.1 gen=1
  V1 mode=1 act=3 reason=clear blk=-1 task=0 slot=20->59 s=0.592/9.049 rem=8.457 spd=0.142 wait=0.0 gen=2
  V2 mode=1 act=0 reason=emergency_next_step_V0 blk=0 task=0 slot=36->-1 s=2.140/3.743 rem=1.603 spd=0.000 wait=9.8 gen=1[0m
[33m[WARN] [1789384226.917058733]: [SOURCE=REAL] [plan=18] [frame=1] [rollout_step=-1] [CONFLICT] V0(s=2.601 rem=1.361 act=0 blk=1) vs V2(s=2.140 rem=1.603 act=0 blk=0) | owner=V-1 following=0 nzones=1 all_same_dir=1[0m
[33m[WARN] [1789384226.917243954]: [SOURCE=REAL] [plan=18] [frame=1] [rollout_step=-1] [CONFLICT]   zone0 same_dir=1 | A[0.075,3.950] stopA=-0.104 committedA=1 | B[0.250,3.725] stopB=0.071 committedB=1 | @(1.25,4.26)[0m
[33m[WARN] [1789384226.917500870]: [POST]
tick=331
  V0 mode=1 act=0 reason=departure_cluster_priority blk=1 task=0 slot=38->-1 s=2.601/3.963 rem=1.361 spd=0.000 wait=18.2 gen=1
  V1 mode=1 act=3 reason=clear blk=-1 task=0 slot=20->59 s=0.606/9.049 rem=8.443 spd=0.142 wait=0.0 gen=2
  V2 mode=1 act=0 reason=emergency_next_step_V0 blk=0 task=0 slot=36->-1 s=2.140/3.743 rem=1.603 spd=0.000 wait=9.9 gen=1[0m
[33m[WARN] [1789384226.917677794]: [SOURCE=REAL] [plan=18] [frame=2] [rollout_step=-1] [CONFLICT] V0(s=2.601 rem=1.361 act=0 blk=1) vs V2(s=2.140 rem=1.603 act=0 blk=0) | owner=V-1 following=0 nzones=1 all_same_dir=1[0m
[33m[WARN] [1789384226.917837004]: [SOURCE=REAL] [plan=18] [frame=2] [rollout_step=-1] [CONFLICT]   zone0 same_dir=1 | A[0.075,3.950] stopA=-0.104 committedA=1 | B[0.250,3.725] stopB=0.071 committedB=1 | @(1.25,4.26)[0m
[33m[WARN] [1789384226.918107992]: [POST]
tick=332
  V0 mode=1 act=0 reason=departure_cluster_priority blk=1 task=0 slot=38->-1 s=2.601/3.963 rem=1.361 spd=0.000 wait=18.3 gen=1
  V1 mode=1 act=3 reason=clear blk=-1 task=0 slot=20->59 s=0.621/9.049 rem=8.428 spd=0.142 wait=0.0 gen=2
  V2 mode=1 act=0 reason=emergency_next_step_V0 blk=0 task=0 slot=36->-1 s=2.140/3.743 rem=1.603 spd=0.000 wait=10.0 gen=1[0m
[33m[WARN] [1789384226.918272137]: [SOURCE=REAL] [plan=18] [frame=3] [rollout_step=-1] [CONFLICT] V0(s=2.601 rem=1.361 act=0 blk=1) vs V2(s=2.140 rem=1.603 act=0 blk=0) | owner=V-1 following=0 nzones=1 all_same_dir=1[0m
[33m[WARN] [1789384226.918436937]: [SOURCE=REAL] [plan=18] [frame=3] [rollout_step=-1] [CONFLICT]   zone0 same_dir=1 | A[0.075,3.950] stopA=-0.104 committedA=1 | B[0.250,3.725] stopB=0.071 committedB=1 | @(1.25,4.26)[0m
[33m[WARN] [1789384226.918702218]: [POST]
tick=333
  V0 mode=1 act=0 reason=departure_cluster_priority blk=1 task=0 slot=38->-1 s=2.601/3.963 rem=1.361 spd=0.000 wait=18.4 gen=1
  V1 mode=1 act=3 reason=clear blk=-1 task=0 slot=20->59 s=0.635/9.049 rem=8.414 spd=0.142 wait=0.0 gen=2
  V2 mode=1 act=0 reason=emergency_next_step_V0 blk=0 task=0 slot=36->-1 s=2.140/3.743 rem=1.603 spd=0.000 wait=10.1 gen=1[0m
[33m[WARN] [1789384226.918859744]: [SOURCE=REAL] [plan=18] [frame=4] [rollout_step=-1] [CONFLICT] V0(s=2.601 rem=1.361 act=0 blk=1) vs V2(s=2.140 rem=1.603 act=0 blk=0) | owner=V-1 following=0 nzones=1 all_same_dir=1[0m
[33m[WARN] [1789384226.919019808]: [SOURCE=REAL] [plan=18] [frame=4] [rollout_step=-1] [CONFLICT]   zone0 same_dir=1 | A[0.075,3.950] stopA=-0.104 committedA=1 | B[0.250,3.725] stopB=0.071 committedB=1 | @(1.25,4.26)[0m
[33m[WARN] [1789384226.919283602]: [POST]
tick=334
  V0 mode=1 act=0 reason=departure_cluster_priority blk=1 task=0 slot=38->-1 s=2.601/3.963 rem=1.361 spd=0.000 wait=18.5 gen=1
  V1 mode=1 act=3 reason=clear blk=-1 task=0 slot=20->59 s=0.649/9.049 rem=8.400 spd=0.142 wait=0.0 gen=2
  V2 mode=1 act=0 reason=emergency_next_step_V0 blk=0 task=0 slot=36->-1 s=2.140/3.743 rem=1.603 spd=0.000 wait=10.2 gen=1[0m
[33m[WARN] [1789384226.919452665]: [SOURCE=REAL] [plan=18] [frame=5] [rollout_step=-1] [CONFLICT] V0(s=2.601 rem=1.361 act=0 blk=1) vs V2(s=2.140 rem=1.603 act=0 blk=0) | owner=V-1 following=0 nzones=1 all_same_dir=1[0m
[33m[WARN] [1789384226.919680978]: [SOURCE=REAL] [plan=18] [frame=5] [rollout_step=-1] [CONFLICT]   zone0 same_dir=1 | A[0.075,3.950] stopA=-0.104 committedA=1 | B[0.250,3.725] stopB=0.071 committedB=1 | @(1.25,4.26)[0m
[33m[WARN] [1789384226.919955547]: [POST]
tick=335
  V0 mode=1 act=0 reason=departure_cluster_priority blk=1 task=0 slot=38->-1 s=2.601/3.963 rem=1.361 spd=0.000 wait=18.6 gen=1
  V1 mode=1 act=3 reason=clear blk=-1 task=0 slot=20->59 s=0.663/9.049 rem=8.386 spd=0.142 wait=0.0 gen=2
  V2 mode=1 act=0 reason=emergency_next_step_V0 blk=0 task=0 slot=36->-1 s=2.140/3.743 rem=1.603 spd=0.000 wait=10.3 gen=1[0m
[33m[WARN] [1789384226.920120369]: [SOURCE=REAL] [plan=18] [frame=6] [rollout_step=-1] [CONFLICT] V0(s=2.601 rem=1.361 act=0 blk=1) vs V2(s=2.140 rem=1.603 act=0 blk=0) | owner=V-1 following=0 nzones=1 all_same_dir=1[0m
[33m[WARN] [1789384226.920281732]: [SOURCE=REAL] [plan=18] [frame=6] [rollout_step=-1] [CONFLICT]   zone0 same_dir=1 | A[0.075,3.950] stopA=-0.104 committedA=1 | B[0.250,3.725] stopB=0.071 committedB=1 | @(1.25,4.26)[0m
[33m[WARN] [1789384226.920530400]: [POST]
tick=336
  V0 mode=1 act=0 reason=departure_cluster_priority blk=1 task=0 slot=38->-1 s=2.601/3.963 rem=1.361 spd=0.000 wait=18.7 gen=1
  V1 mode=1 act=3 reason=clear blk=-1 task=0 slot=20->59 s=0.678/9.049 rem=8.371 spd=0.144 wait=0.0 gen=2
  V2 mode=1 act=0 reason=emergency_next_step_V0 blk=0 task=0 slot=36->-1 s=2.140/3.743 rem=1.603 spd=0.000 wait=10.4 gen=1[0m
[33m[WARN] [1789384226.920700437]: [SOURCE=REAL] [plan=18] [frame=7] [rollout_step=-1] [CONFLICT] V0(s=2.601 rem=1.361 act=0 blk=1) vs V2(s=2.140 rem=1.603 act=0 blk=0) | owner=V-1 following=0 nzones=1 all_same_dir=1[0m
[33m[WARN] [1789384226.920868847]: [SOURCE=REAL] [plan=18] [frame=7] [rollout_step=-1] [CONFLICT]   zone0 same_dir=1 | A[0.075,3.950] stopA=-0.104 committedA=1 | B[0.250,3.725] stopB=0.071 committedB=1 | @(1.25,4.26)[0m
[33m[WARN] [1789384226.921117359]: [POST]
tick=337
  V0 mode=1 act=0 reason=departure_cluster_priority blk=1 task=0 slot=38->-1 s=2.601/3.963 rem=1.361 spd=0.000 wait=18.8 gen=1
  V1 mode=1 act=3 reason=clear blk=-1 task=0 slot=20->59 s=0.693/9.049 rem=8.356 spd=0.152 wait=0.0 gen=2
  V2 mode=1 act=0 reason=emergency_next_step_V0 blk=0 task=0 slot=36->-1 s=2.140/3.743 rem=1.603 spd=0.000 wait=10.5 gen=1[0m
[33m[WARN] [1789384226.921337969]: [SOURCE=REAL] [plan=18] [frame=8] [rollout_step=-1] [CONFLICT] V0(s=2.601 rem=1.361 act=0 blk=1) vs V2(s=2.140 rem=1.603 act=0 blk=0) | owner=V-1 following=0 nzones=1 all_same_dir=1[0m
[33m[WARN] [1789384226.921526322]: [SOURCE=REAL] [plan=18] [frame=8] [rollout_step=-1] [CONFLICT]   zone0 same_dir=1 | A[0.075,3.950] stopA=-0.104 committedA=1 | B[0.250,3.725] stopB=0.071 committedB=1 | @(1.25,4.26)[0m
[33m[WARN] [1789384226.921816609]: [POST]
tick=338
  V0 mode=1 act=0 reason=departure_cluster_priority blk=1 task=0 slot=38->-1 s=2.601/3.963 rem=1.361 spd=0.000 wait=18.9 gen=1
  V1 mode=1 act=3 reason=clear blk=-1 task=0 slot=20->59 s=0.710/9.049 rem=8.339 spd=0.171 wait=0.0 gen=2
  V2 mode=1 act=0 reason=emergency_next_step_V0 blk=0 task=0 slot=36->-1 s=2.140/3.743 rem=1.603 spd=0.000 wait=10.6 gen=1[0m
[33m[WARN] [1789384226.921993519]: [SOURCE=REAL] [plan=18] [frame=9] [rollout_step=-1] [CONFLICT] V0(s=2.601 rem=1.361 act=0 blk=1) vs V2(s=2.140 rem=1.603 act=0 blk=0) | owner=V-1 following=0 nzones=1 all_same_dir=1[0m
[33m[WARN] [1789384226.922161831]: [SOURCE=REAL] [plan=18] [frame=9] [rollout_step=-1] [CONFLICT]   zone0 same_dir=1 | A[0.075,3.950] stopA=-0.104 committedA=1 | B[0.250,3.725] stopB=0.071 committedB=1 | @(1.25,4.26)[0m
[33m[WARN] [1789384226.922425619]: [POST]
tick=339
  V0 mode=1 act=0 reason=departure_cluster_priority blk=1 task=0 slot=38->-1 s=2.601/3.963 rem=1.361 spd=0.000 wait=19.0 gen=1
  V1 mode=1 act=3 reason=clear blk=-1 task=0 slot=20->59 s=0.729/9.049 rem=8.320 spd=0.191 wait=0.0 gen=2
  V2 mode=1 act=0 reason=emergency_next_step_V0 blk=0 task=0 slot=36->-1 s=2.140/3.743 rem=1.603 spd=0.000 wait=10.7 gen=1[0m
[33m[WARN] [1789384226.922593386]: [SOURCE=REAL] [plan=18] [frame=10] [rollout_step=-1] [CONFLICT] V0(s=2.601 rem=1.361 act=0 blk=1) vs V2(s=2.140 rem=1.603 act=0 blk=0) | owner=V-1 following=0 nzones=1 all_same_dir=1[0m
[33m[WARN] [1789384226.922763829]: [SOURCE=REAL] [plan=18] [frame=10] [rollout_step=-1] [CONFLICT]   zone0 same_dir=1 | A[0.075,3.950] stopA=-0.104 committedA=1 | B[0.250,3.725] stopB=0.071 committedB=1 | @(1.25,4.26)[0m
[33m[WARN] [1789384226.923023264]: [POST]
tick=340
  V0 mode=1 act=0 reason=departure_cluster_priority blk=1 task=0 slot=38->-1 s=2.601/3.963 rem=1.361 spd=0.000 wait=19.1 gen=1
  V1 mode=1 act=3 reason=clear blk=-1 task=0 slot=20->59 s=0.749/9.049 rem=8.300 spd=0.200 wait=0.0 gen=2
  V2 mode=1 act=0 reason=emergency_next_step_V0 blk=0 task=0 slot=36->-1 s=2.140/3.743 rem=1.603 spd=0.000 wait=10.8 gen=1[0m
[33m[WARN] [1789384226.923187974]: [SOURCE=REAL] [plan=18] [frame=11] [rollout_step=-1] [CONFLICT] V0(s=2.601 rem=1.361 act=0 blk=1) vs V2(s=2.140 rem=1.603 act=0 blk=0) | owner=V-1 following=0 nzones=1 all_same_dir=1[0m
[33m[WARN] [1789384226.923353099]: [SOURCE=REAL] [plan=18] [frame=11] [rollout_step=-1] [CONFLICT]   zone0 same_dir=1 | A[0.075,3.950] stopA=-0.104 committedA=1 | B[0.250,3.725] stopB=0.071 committedB=1 | @(1.25,4.26)[0m
[33m[WARN] [1789384226.923631507]: [POST]
tick=341
  V0 mode=1 act=0 reason=departure_cluster_priority blk=1 task=0 slot=38->-1 s=2.601/3.963 rem=1.361 spd=0.000 wait=19.2 gen=1
  V1 mode=1 act=3 reason=clear blk=-1 task=0 slot=20->59 s=0.769/9.049 rem=8.280 spd=0.200 wait=0.0 gen=2
  V2 mode=1 act=0 reason=emergency_next_step_V0 blk=0 task=0 slot=36->-1 s=2.140/3.743 rem=1.603 spd=0.000 wait=10.9 gen=1[0m
[33m[WARN] [1789384226.923798262]: [SOURCE=REAL] [plan=18] [frame=12] [rollout_step=-1] [CONFLICT] V0(s=2.601 rem=1.361 act=0 blk=1) vs V2(s=2.140 rem=1.603 act=0 blk=0) | owner=V-1 following=0 nzones=1 all_same_dir=1[0m
[33m[WARN] [1789384226.923972126]: [SOURCE=REAL] [plan=18] [frame=12] [rollout_step=-1] [CONFLICT]   zone0 same_dir=1 | A[0.075,3.950] stopA=-0.104 committedA=1 | B[0.250,3.725] stopB=0.071 committedB=1 | @(1.25,4.26)[0m
[33m[WARN] [1789384226.924225264]: [POST]
tick=342
  V0 mode=1 act=0 reason=departure_cluster_priority blk=1 task=0 slot=38->-1 s=2.601/3.963 rem=1.361 spd=0.000 wait=19.3 gen=1
  V1 mode=1 act=3 reason=clear blk=-1 task=0 slot=20->59 s=0.789/9.049 rem=8.260 spd=0.200 wait=0.0 gen=2
  V2 mode=1 act=0 reason=emergency_next_step_V0 blk=0 task=0 slot=36->-1 s=2.140/3.743 rem=1.603 spd=0.000 wait=11.0 gen=1[0m
[33m[WARN] [1789384226.924385181]: [SOURCE=REAL] [plan=18] [frame=13] [rollout_step=-1] [CONFLICT] V0(s=2.601 rem=1.361 act=0 blk=1) vs V2(s=2.140 rem=1.603 act=0 blk=0) | owner=V-1 following=0 nzones=1 all_same_dir=1[0m
[33m[WARN] [1789384226.924545902]: [SOURCE=REAL] [plan=18] [frame=13] [rollout_step=-1] [CONFLICT]   zone0 same_dir=1 | A[0.075,3.950] stopA=-0.104 committedA=1 | B[0.250,3.725] stopB=0.071 committedB=1 | @(1.25,4.26)[0m
[33m[WARN] [1789384226.924809169]: [POST]
tick=343
  V0 mode=1 act=0 reason=departure_cluster_priority blk=1 task=0 slot=38->-1 s=2.601/3.963 rem=1.361 spd=0.000 wait=19.4 gen=1
  V1 mode=1 act=3 reason=clear blk=-1 task=0 slot=20->59 s=0.809/9.049 rem=8.240 spd=0.200 wait=0.0 gen=2
  V2 mode=1 act=0 reason=emergency_next_step_V0 blk=0 task=0 slot=36->-1 s=2.140/3.743 rem=1.603 spd=0.000 wait=11.1 gen=1[0m
[33m[WARN] [1789384226.924973739]: [SOURCE=REAL] [plan=18] [frame=14] [rollout_step=-1] [CONFLICT] V0(s=2.601 rem=1.361 act=0 blk=1) vs V2(s=2.140 rem=1.603 act=0 blk=0) | owner=V-1 following=0 nzones=1 all_same_dir=1[0m
[33m[WARN] [1789384226.925135977]: [SOURCE=REAL] [plan=18] [frame=14] [rollout_step=-1] [CONFLICT]   zone0 same_dir=1 | A[0.075,3.950] stopA=-0.104 committedA=1 | B[0.250,3.725] stopB=0.071 committedB=1 | @(1.25,4.26)[0m
[33m[WARN] [1789384226.925385759]: [POST]
tick=344
  V0 mode=1 act=0 reason=departure_cluster_priority blk=1 task=0 slot=38->-1 s=2.601/3.963 rem=1.361 spd=0.000 wait=19.5 gen=1
  V1 mode=1 act=3 reason=clear blk=-1 task=0 slot=20->59 s=0.829/9.049 rem=8.220 spd=0.200 wait=0.0 gen=2
  V2 mode=1 act=0 reason=emergency_next_step_V0 blk=0 task=0 slot=36->-1 s=2.140/3.743 rem=1.603 spd=0.000 wait=11.2 gen=1[0m
[33m[WARN] [1789384226.925547600]: [SOURCE=REAL] [plan=18] [frame=15] [rollout_step=-1] [CONFLICT] V0(s=2.601 rem=1.361 act=0 blk=1) vs V2(s=2.140 rem=1.603 act=0 blk=0) | owner=V-1 following=0 nzones=1 all_same_dir=1[0m
[33m[WARN] [1789384226.925701628]: [SOURCE=REAL] [plan=18] [frame=15] [rollout_step=-1] [CONFLICT]   zone0 same_dir=1 | A[0.075,3.950] stopA=-0.104 committedA=1 | B[0.250,3.725] stopB=0.071 committedB=1 | @(1.25,4.26)[0m
[33m[WARN] [1789384226.925954536]: [POST]
tick=345
  V0 mode=1 act=0 reason=departure_cluster_priority blk=1 task=0 slot=38->-1 s=2.601/3.963 rem=1.361 spd=0.000 wait=19.6 gen=1
  V1 mode=1 act=3 reason=clear blk=-1 task=0 slot=20->59 s=0.849/9.049 rem=8.200 spd=0.200 wait=0.0 gen=2
  V2 mode=1 act=0 reason=emergency_next_step_V0 blk=0 task=0 slot=36->-1 s=2.140/3.743 rem=1.603 spd=0.000 wait=11.3 gen=1[0m
[33m[WARN] [1789384226.926123101]: [SOURCE=REAL] [plan=18] [frame=16] [rollout_step=-1] [CONFLICT] V0(s=2.601 rem=1.361 act=0 blk=1) vs V2(s=2.140 rem=1.603 act=0 blk=0) | owner=V-1 following=0 nzones=1 all_same_dir=1[0m
[33m[WARN] [1789384226.926283631]: [SOURCE=REAL] [plan=18] [frame=16] [rollout_step=-1] [CONFLICT]   zone0 same_dir=1 | A[0.075,3.950] stopA=-0.104 committedA=1 | B[0.250,3.725] stopB=0.071 committedB=1 | @(1.25,4.26)[0m
[33m[WARN] [1789384226.926533333]: [POST]
tick=346
  V0 mode=1 act=0 reason=departure_cluster_priority blk=1 task=0 slot=38->-1 s=2.601/3.963 rem=1.361 spd=0.000 wait=19.7 gen=1
  V1 mode=1 act=3 reason=clear blk=-1 task=0 slot=20->59 s=0.869/9.049 rem=8.180 spd=0.200 wait=0.0 gen=2
  V2 mode=1 act=0 reason=emergency_next_step_V0 blk=0 task=0 slot=36->-1 s=2.140/3.743 rem=1.603 spd=0.000 wait=11.4 gen=1[0m
[33m[WARN] [1789384226.926700991]: [SOURCE=REAL] [plan=18] [frame=17] [rollout_step=-1] [CONFLICT] V0(s=2.601 rem=1.361 act=0 blk=1) vs V2(s=2.140 rem=1.603 act=0 blk=0) | owner=V-1 following=0 nzones=1 all_same_dir=1[0m
[33m[WARN] [1789384226.926866890]: [SOURCE=REAL] [plan=18] [frame=17] [rollout_step=-1] [CONFLICT]   zone0 same_dir=1 | A[0.075,3.950] stopA=-0.104 committedA=1 | B[0.250,3.725] stopB=0.071 committedB=1 | @(1.25,4.26)[0m
[33m[WARN] [1789384226.927114568]: [POST]
tick=347
  V0 mode=1 act=0 reason=departure_cluster_priority blk=1 task=0 slot=38->-1 s=2.601/3.963 rem=1.361 spd=0.000 wait=19.8 gen=1
  V1 mode=1 act=3 reason=clear blk=-1 task=0 slot=20->59 s=0.889/9.049 rem=8.160 spd=0.200 wait=0.0 gen=2
  V2 mode=1 act=0 reason=emergency_next_step_V0 blk=0 task=0 slot=36->-1 s=2.140/3.743 rem=1.603 spd=0.000 wait=11.5 gen=1[0m
[33m[WARN] [1789384226.927281072]: [SOURCE=REAL] [plan=18] [frame=18] [rollout_step=-1] [CONFLICT] V0(s=2.601 rem=1.361 act=0 blk=1) vs V2(s=2.140 rem=1.603 act=0 blk=0) | owner=V-1 following=0 nzones=1 all_same_dir=1[0m
[33m[WARN] [1789384226.927441039]: [SOURCE=REAL] [plan=18] [frame=18] [rollout_step=-1] [CONFLICT]   zone0 same_dir=1 | A[0.075,3.950] stopA=-0.104 committedA=1 | B[0.250,3.725] stopB=0.071 committedB=1 | @(1.25,4.26)[0m
[33m[WARN] [1789384226.927732731]: [POST]
tick=348
  V0 mode=1 act=0 reason=departure_cluster_priority blk=1 task=0 slot=38->-1 s=2.601/3.963 rem=1.361 spd=0.000 wait=19.9 gen=1
  V1 mode=1 act=3 reason=clear blk=-1 task=0 slot=20->59 s=0.909/9.049 rem=8.140 spd=0.200 wait=0.0 gen=2
  V2 mode=1 act=0 reason=emergency_next_step_V0 blk=0 task=0 slot=36->-1 s=2.140/3.743 rem=1.603 spd=0.000 wait=11.6 gen=1[0m
[33m[WARN] [1789384226.927902052]: [SOURCE=REAL] [plan=18] [frame=19] [rollout_step=-1] [CONFLICT] V0(s=2.601 rem=1.361 act=0 blk=1) vs V2(s=2.140 rem=1.603 act=0 blk=0) | owner=V-1 following=0 nzones=1 all_same_dir=1[0m
[33m[WARN] [1789384226.928065839]: [SOURCE=REAL] [plan=18] [frame=19] [rollout_step=-1] [CONFLICT]   zone0 same_dir=1 | A[0.075,3.950] stopA=-0.104 committedA=1 | B[0.250,3.725] stopB=0.071 committedB=1 | @(1.25,4.26)[0m
[33m[WARN] [1789384226.974715980]: [POST]
tick=349
  V0 mode=1 act=0 reason=departure_cluster_priority blk=1 task=0 slot=38->-1 s=2.601/3.963 rem=1.361 spd=0.000 wait=20.0 gen=1
  V1 mode=1 act=3 reason=clear blk=-1 task=0 slot=20->59 s=0.929/9.049 rem=8.120 spd=0.200 wait=0.0 gen=2
  V2 mode=1 act=0 reason=emergency_next_step_V0 blk=0 task=0 slot=36->-1 s=2.140/3.743 rem=1.603 spd=0.000 wait=11.7 gen=1[0m
[33m[WARN] [1789384226.975100487]: [SOURCE=REAL] [plan=19] [frame=0] [rollout_step=-1] [CONFLICT] V0(s=2.601 rem=1.361 act=0 blk=1) vs V2(s=2.140 rem=1.603 act=0 blk=0) | owner=V-1 following=0 nzones=1 all_same_dir=1[0m
[33m[WARN] [1789384226.975297466]: [SOURCE=REAL] [plan=19] [frame=0] [rollout_step=-1] [CONFLICT]   zone0 same_dir=1 | A[0.075,3.950] stopA=-0.104 committedA=1 | B[0.250,3.725] stopB=0.071 committedB=1 | @(1.25,4.26)[0m
[33m[WARN] [1789384226.975598598]: [POST]
tick=350
  V0 mode=1 act=0 reason=departure_cluster_priority blk=1 task=0 slot=38->-1 s=2.601/3.963 rem=1.361 spd=0.000 wait=20.1 gen=1
  V1 mode=1 act=3 reason=clear blk=-1 task=0 slot=20->59 s=0.949/9.049 rem=8.100 spd=0.200 wait=0.0 gen=2
  V2 mode=1 act=0 reason=emergency_next_step_V0 blk=0 task=0 slot=36->-1 s=2.140/3.743 rem=1.603 spd=0.000 wait=11.8 gen=1[0m
[33m[WARN] [1789384226.975767438]: [SOURCE=REAL] [plan=19] [frame=1] [rollout_step=-1] [CONFLICT] V0(s=2.601 rem=1.361 act=0 blk=1) vs V2(s=2.140 rem=1.603 act=0 blk=0) | owner=V-1 following=0 nzones=1 all_same_dir=1[0m
[33m[WARN] [1789384226.975948951]: [SOURCE=REAL] [plan=19] [frame=1] [rollout_step=-1] [CONFLICT]   zone0 same_dir=1 | A[0.075,3.950] stopA=-0.104 committedA=1 | B[0.250,3.725] stopB=0.071 committedB=1 | @(1.25,4.26)[0m
[33m[WARN] [1789384226.976216962]: [POST]
tick=351
  V0 mode=1 act=0 reason=departure_cluster_priority blk=1 task=0 slot=38->-1 s=2.601/3.963 rem=1.361 spd=0.000 wait=20.2 gen=1
  V1 mode=1 act=3 reason=clear blk=-1 task=0 slot=20->59 s=0.969/9.049 rem=8.080 spd=0.200 wait=0.0 gen=2
  V2 mode=1 act=0 reason=emergency_next_step_V0 blk=0 task=0 slot=36->-1 s=2.140/3.743 rem=1.603 spd=0.000 wait=11.9 gen=1[0m
[33m[WARN] [1789384226.976396687]: [SOURCE=REAL] [plan=19] [frame=2] [rollout_step=-1] [CONFLICT] V0(s=2.601 rem=1.361 act=0 blk=1) vs V2(s=2.140 rem=1.603 act=0 blk=0) | owner=V-1 following=0 nzones=1 all_same_dir=1[0m
[33m[WARN] [1789384226.976570832]: [SOURCE=REAL] [plan=19] [frame=2] [rollout_step=-1] [CONFLICT]   zone0 same_dir=1 | A[0.075,3.950] stopA=-0.104 committedA=1 | B[0.250,3.725] stopB=0.071 committedB=1 | @(1.25,4.26)[0m
[33m[WARN] [1789384226.976833368]: [POST]
tick=352
  V0 mode=1 act=0 reason=departure_cluster_priority blk=1 task=0 slot=38->-1 s=2.601/3.963 rem=1.361 spd=0.000 wait=20.3 gen=1
  V1 mode=1 act=3 reason=clear blk=-1 task=0 slot=20->59 s=0.989/9.049 rem=8.060 spd=0.200 wait=0.0 gen=2
  V2 mode=1 act=0 reason=emergency_next_step_V0 blk=0 task=0 slot=36->-1 s=2.140/3.743 rem=1.603 spd=0.000 wait=12.0 gen=1[0m
[33m[WARN] [1789384226.977010701]: [SOURCE=REAL] [plan=19] [frame=3] [rollout_step=-1] [CONFLICT] V0(s=2.601 rem=1.361 act=0 blk=1) vs V2(s=2.140 rem=1.603 act=0 blk=0) | owner=V-1 following=0 nzones=1 all_same_dir=1[0m
[33m[WARN] [1789384226.977182639]: [SOURCE=REAL] [plan=19] [frame=3] [rollout_step=-1] [CONFLICT]   zone0 same_dir=1 | A[0.075,3.950] stopA=-0.104 committedA=1 | B[0.250,3.725] stopB=0.071 committedB=1 | @(1.25,4.26)[0m
[33m[WARN] [1789384226.977517707]: [POST]
tick=353
  V0 mode=1 act=0 reason=departure_cluster_priority blk=1 task=0 slot=38->-1 s=2.601/3.963 rem=1.361 spd=0.000 wait=20.4 gen=1
  V1 mode=1 act=3 reason=clear blk=-1 task=0 slot=20->59 s=1.009/9.049 rem=8.040 spd=0.200 wait=0.0 gen=2
  V2 mode=1 act=0 reason=emergency_next_step_V0 blk=0 task=0 slot=36->-1 s=2.140/3.743 rem=1.603 spd=0.000 wait=12.1 gen=1[0m
[33m[WARN] [1789384226.977679966]: [SOURCE=REAL] [plan=19] [frame=4] [rollout_step=-1] [CONFLICT] V0(s=2.601 rem=1.361 act=0 blk=1) vs V2(s=2.140 rem=1.603 act=0 blk=0) | owner=V-1 following=0 nzones=1 all_same_dir=1[0m
[33m[WARN] [1789384226.977847453]: [SOURCE=REAL] [plan=19] [frame=4] [rollout_step=-1] [CONFLICT]   zone0 same_dir=1 | A[0.075,3.950] stopA=-0.104 committedA=1 | B[0.250,3.725] stopB=0.071 committedB=1 | @(1.25,4.26)[0m
[33m[WARN] [1789384226.978110730]: [POST]
tick=354
  V0 mode=1 act=0 reason=departure_cluster_priority blk=1 task=0 slot=38->-1 s=2.601/3.963 rem=1.361 spd=0.000 wait=20.5 gen=1
  V1 mode=1 act=3 reason=clear blk=-1 task=0 slot=20->59 s=1.029/9.049 rem=8.020 spd=0.200 wait=0.0 gen=2
  V2 mode=1 act=0 reason=emergency_next_step_V0 blk=0 task=0 slot=36->-1 s=2.140/3.743 rem=1.603 spd=0.000 wait=12.2 gen=1[0m
[33m[WARN] [1789384226.978286112]: [SOURCE=REAL] [plan=19] [frame=5] [rollout_step=-1] [CONFLICT] V0(s=2.601 rem=1.361 act=0 blk=1) vs V2(s=2.140 rem=1.603 act=0 blk=0) | owner=V-1 following=0 nzones=1 all_same_dir=1[0m
[33m[WARN] [1789384226.978451550]: [SOURCE=REAL] [plan=19] [frame=5] [rollout_step=-1] [CONFLICT]   zone0 same_dir=1 | A[0.075,3.950] stopA=-0.104 committedA=1 | B[0.250,3.725] stopB=0.071 committedB=1 | @(1.25,4.26)[0m
[33m[WARN] [1789384226.978711454]: [POST]
tick=355
  V0 mode=1 act=0 reason=departure_cluster_priority blk=1 task=0 slot=38->-1 s=2.601/3.963 rem=1.361 spd=0.000 wait=20.6 gen=1
  V1 mode=1 act=3 reason=clear blk=-1 task=0 slot=20->59 s=1.049/9.049 rem=8.000 spd=0.200 wait=0.0 gen=2
  V2 mode=1 act=0 reason=emergency_next_step_V0 blk=0 task=0 slot=36->-1 s=2.140/3.743 rem=1.603 spd=0.000 wait=12.3 gen=1[0m
[33m[WARN] [1789384226.978874275]: [SOURCE=REAL] [plan=19] [frame=6] [rollout_step=-1] [CONFLICT] V0(s=2.601 rem=1.361 act=0 blk=1) vs V2(s=2.140 rem=1.603 act=0 blk=0) | owner=V-1 following=0 nzones=1 all_same_dir=1[0m
[33m[WARN] [1789384226.979038818]: [SOURCE=REAL] [plan=19] [frame=6] [rollout_step=-1] [CONFLICT]   zone0 same_dir=1 | A[0.075,3.950] stopA=-0.104 committedA=1 | B[0.250,3.725] stopB=0.071 committedB=1 | @(1.25,4.26)[0m
[33m[WARN] [1789384226.979225598]: [POST]
tick=356
  V0 mode=1 act=0 reason=departure_cluster_priority blk=1 task=0 slot=38->-1 s=2.601/3.963 rem=1.361 spd=0.000 wait=20.7 gen=1
  V1 mode=1 act=3 reason=clear blk=-1 task=0 slot=20->59 s=1.069/9.049 rem=7.980 spd=0.200 wait=0.0 gen=2
  V2 mode=1 act=0 reason=emergency_next_step_V0 blk=0 task=0 slot=36->-1 s=2.140/3.743 rem=1.603 spd=0.000 wait=12.4 gen=1[0m
[33m[WARN] [1789384226.979382689]: [SOURCE=REAL] [plan=19] [frame=7] [rollout_step=-1] [CONFLICT] V0(s=2.601 rem=1.361 act=0 blk=1) vs V2(s=2.140 rem=1.603 act=0 blk=0) | owner=V-1 following=0 nzones=1 all_same_dir=1[0m
[33m[WARN] [1789384226.979552286]: [SOURCE=REAL] [plan=19] [frame=7] [rollout_step=-1] [CONFLICT]   zone0 same_dir=1 | A[0.075,3.950] stopA=-0.104 committedA=1 | B[0.250,3.725] stopB=0.071 committedB=1 | @(1.25,4.26)[0m
[33m[WARN] [1789384226.979754913]: [POST]
tick=357
  V0 mode=1 act=0 reason=departure_cluster_priority blk=1 task=0 slot=38->-1 s=2.601/3.963 rem=1.361 spd=0.000 wait=20.8 gen=1
  V1 mode=1 act=3 reason=clear blk=-1 task=0 slot=20->59 s=1.089/9.049 rem=7.960 spd=0.200 wait=0.0 gen=2
  V2 mode=1 act=0 reason=emergency_next_step_V0 blk=0 task=0 slot=36->-1 s=2.140/3.743 rem=1.603 spd=0.000 wait=12.5 gen=1[0m
[33m[WARN] [1789384226.979915975]: [SOURCE=REAL] [plan=19] [frame=8] [rollout_step=-1] [CONFLICT] V0(s=2.601 rem=1.361 act=0 blk=1) vs V2(s=2.140 rem=1.603 act=0 blk=0) | owner=V-1 following=0 nzones=1 all_same_dir=1[0m
[33m[WARN] [1789384226.980076601]: [SOURCE=REAL] [plan=19] [frame=8] [rollout_step=-1] [CONFLICT]   zone0 same_dir=1 | A[0.075,3.950] stopA=-0.104 committedA=1 | B[0.250,3.725] stopB=0.071 committedB=1 | @(1.25,4.26)[0m
[33m[WARN] [1789384226.980300950]: [POST]
tick=358
  V0 mode=1 act=0 reason=departure_cluster_priority blk=1 task=0 slot=38->-1 s=2.601/3.963 rem=1.361 spd=0.000 wait=20.9 gen=1
  V1 mode=1 act=3 reason=clear blk=-1 task=0 slot=20->59 s=1.109/9.049 rem=7.940 spd=0.200 wait=0.0 gen=2
  V2 mode=1 act=0 reason=emergency_next_step_V0 blk=0 task=0 slot=36->-1 s=2.140/3.743 rem=1.603 spd=0.000 wait=12.6 gen=1[0m
[33m[WARN] [1789384226.980509650]: [SOURCE=REAL] [plan=19] [frame=9] [rollout_step=-1] [CONFLICT] V0(s=2.601 rem=1.361 act=0 blk=1) vs V2(s=2.140 rem=1.603 act=0 blk=0) | owner=V-1 following=0 nzones=1 all_same_dir=1[0m
[33m[WARN] [1789384226.980732387]: [SOURCE=REAL] [plan=19] [frame=9] [rollout_step=-1] [CONFLICT]   zone0 same_dir=1 | A[0.075,3.950] stopA=-0.104 committedA=1 | B[0.250,3.725] stopB=0.071 committedB=1 | @(1.25,4.26)[0m
[33m[WARN] [1789384226.980935918]: [POST]
tick=359
  V0 mode=1 act=0 reason=departure_cluster_priority blk=1 task=0 slot=38->-1 s=2.601/3.963 rem=1.361 spd=0.000 wait=21.0 gen=1
  V1 mode=1 act=3 reason=clear blk=-1 task=0 slot=20->59 s=1.129/9.049 rem=7.920 spd=0.200 wait=0.0 gen=2
  V2 mode=1 act=0 reason=emergency_next_step_V0 blk=0 task=0 slot=36->-1 s=2.140/3.743 rem=1.603 spd=0.000 wait=12.7 gen=1[0m
[33m[WARN] [1789384226.981109023]: [SOURCE=REAL] [plan=19] [frame=10] [rollout_step=-1] [CONFLICT] V0(s=2.601 rem=1.361 act=0 blk=1) vs V2(s=2.140 rem=1.603 act=0 blk=0) | owner=V-1 following=0 nzones=1 all_same_dir=1[0m
[33m[WARN] [1789384226.981278849]: [SOURCE=REAL] [plan=19] [frame=10] [rollout_step=-1] [CONFLICT]   zone0 same_dir=1 | A[0.075,3.950] stopA=-0.104 committedA=1 | B[0.250,3.725] stopB=0.071 committedB=1 | @(1.25,4.26)[0m
[33m[WARN] [1789384226.981461996]: [POST]
tick=360
  V0 mode=1 act=0 reason=departure_cluster_priority blk=1 task=0 slot=38->-1 s=2.601/3.963 rem=1.361 spd=0.000 wait=21.1 gen=1
  V1 mode=1 act=3 reason=clear blk=-1 task=0 slot=20->59 s=1.149/9.049 rem=7.900 spd=0.200 wait=0.0 gen=2
  V2 mode=1 act=0 reason=emergency_next_step_V0 blk=0 task=0 slot=36->-1 s=2.140/3.743 rem=1.603 spd=0.000 wait=12.8 gen=1[0m
[33m[WARN] [1789384226.981631664]: [SOURCE=REAL] [plan=19] [frame=11] [rollout_step=-1] [CONFLICT] V0(s=2.601 rem=1.361 act=0 blk=1) vs V2(s=2.140 rem=1.603 act=0 blk=0) | owner=V-1 following=0 nzones=1 all_same_dir=1[0m
[33m[WARN] [1789384226.981786816]: [SOURCE=REAL] [plan=19] [frame=11] [rollout_step=-1] [CONFLICT]   zone0 same_dir=1 | A[0.075,3.950] stopA=-0.104 committedA=1 | B[0.250,3.725] stopB=0.071 committedB=1 | @(1.25,4.26)[0m
[33m[WARN] [1789384226.981976770]: [POST]
tick=361
  V0 mode=1 act=0 reason=departure_cluster_priority blk=1 task=0 slot=38->-1 s=2.601/3.963 rem=1.361 spd=0.000 wait=21.2 gen=1
  V1 mode=1 act=3 reason=clear blk=-1 task=0 slot=20->59 s=1.169/9.049 rem=7.880 spd=0.200 wait=0.0 gen=2
  V2 mode=1 act=0 reason=emergency_next_step_V0 blk=0 task=0 slot=36->-1 s=2.140/3.743 rem=1.603 spd=0.000 wait=12.9 gen=1[0m
[33m[WARN] [1789384226.982144899]: [SOURCE=REAL] [plan=19] [frame=12] [rollout_step=-1] [CONFLICT] V0(s=2.601 rem=1.361 act=0 blk=1) vs V2(s=2.140 rem=1.603 act=0 blk=0) | owner=V-1 following=0 nzones=1 all_same_dir=1[0m
[33m[WARN] [1789384226.982332998]: [SOURCE=REAL] [plan=19] [frame=12] [rollout_step=-1] [CONFLICT]   zone0 same_dir=1 | A[0.075,3.950] stopA=-0.104 committedA=1 | B[0.250,3.725] stopB=0.071 committedB=1 | @(1.25,4.26)[0m
[33m[WARN] [1789384226.982527988]: [POST]
tick=362
  V0 mode=1 act=0 reason=departure_cluster_priority blk=1 task=0 slot=38->-1 s=2.601/3.963 rem=1.361 spd=0.000 wait=21.3 gen=1
  V1 mode=1 act=3 reason=clear blk=-1 task=0 slot=20->59 s=1.189/9.049 rem=7.860 spd=0.200 wait=0.0 gen=2
  V2 mode=1 act=0 reason=emergency_next_step_V0 blk=0 task=0 slot=36->-1 s=2.140/3.743 rem=1.603 spd=0.000 wait=13.0 gen=1[0m
[33m[WARN] [1789384226.982686290]: [SOURCE=REAL] [plan=19] [frame=13] [rollout_step=-1] [CONFLICT] V0(s=2.601 rem=1.361 act=0 blk=1) vs V2(s=2.140 rem=1.603 act=0 blk=0) | owner=V-1 following=0 nzones=1 all_same_dir=1[0m
[33m[WARN] [1789384226.982856658]: [SOURCE=REAL] [plan=19] [frame=13] [rollout_step=-1] [CONFLICT]   zone0 same_dir=1 | A[0.075,3.950] stopA=-0.104 committedA=1 | B[0.250,3.725] stopB=0.071 committedB=1 | @(1.25,4.26)[0m
[33m[WARN] [1789384226.983049624]: [POST]
tick=363
  V0 mode=1 act=0 reason=departure_cluster_priority blk=1 task=0 slot=38->-1 s=2.601/3.963 rem=1.361 spd=0.000 wait=21.4 gen=1
  V1 mode=1 act=3 reason=clear blk=-1 task=0 slot=20->59 s=1.209/9.049 rem=7.840 spd=0.200 wait=0.0 gen=2
  V2 mode=1 act=0 reason=emergency_next_step_V0 blk=0 task=0 slot=36->-1 s=2.140/3.743 rem=1.603 spd=0.000 wait=13.1 gen=1[0m
[33m[WARN] [1789384226.983234824]: [SOURCE=REAL] [plan=19] [frame=14] [rollout_step=-1] [CONFLICT] V0(s=2.601 rem=1.361 act=0 blk=1) vs V2(s=2.140 rem=1.603 act=0 blk=0) | owner=V-1 following=0 nzones=1 all_same_dir=1[0m
[33m[WARN] [1789384226.983397247]: [SOURCE=REAL] [plan=19] [frame=14] [rollout_step=-1] [CONFLICT]   zone0 same_dir=1 | A[0.075,3.950] stopA=-0.104 committedA=1 | B[0.250,3.725] stopB=0.071 committedB=1 | @(1.25,4.26)[0m
[33m[WARN] [1789384226.983585957]: [POST]
tick=364
  V0 mode=1 act=0 reason=departure_cluster_priority blk=1 task=0 slot=38->-1 s=2.601/3.963 rem=1.361 spd=0.000 wait=21.5 gen=1
  V1 mode=1 act=3 reason=clear blk=-1 task=0 slot=20->59 s=1.229/9.049 rem=7.820 spd=0.200 wait=0.0 gen=2
  V2 mode=1 act=0 reason=emergency_next_step_V0 blk=0 task=0 slot=36->-1 s=2.140/3.743 rem=1.603 spd=0.000 wait=13.2 gen=1[0m
[33m[WARN] [1789384226.983760565]: [SOURCE=REAL] [plan=19] [frame=15] [rollout_step=-1] [CONFLICT] V0(s=2.601 rem=1.361 act=0 blk=1) vs V2(s=2.140 rem=1.603 act=0 blk=0) | owner=V-1 following=0 nzones=1 all_same_dir=1[0m
[33m[WARN] [1789384226.983928093]: [SOURCE=REAL] [plan=19] [frame=15] [rollout_step=-1] [CONFLICT]   zone0 same_dir=1 | A[0.075,3.950] stopA=-0.104 committedA=1 | B[0.250,3.725] stopB=0.071 committedB=1 | @(1.25,4.26)[0m
[33m[WARN] [1789384226.984109367]: [POST]
tick=365
  V0 mode=1 act=0 reason=departure_cluster_priority blk=1 task=0 slot=38->-1 s=2.601/3.963 rem=1.361 spd=0.000 wait=21.6 gen=1
  V1 mode=1 act=3 reason=clear blk=-1 task=0 slot=20->59 s=1.249/9.049 rem=7.800 spd=0.200 wait=0.0 gen=2
  V2 mode=1 act=0 reason=emergency_next_step_V0 blk=0 task=0 slot=36->-1 s=2.140/3.743 rem=1.603 spd=0.000 wait=13.3 gen=1[0m
[33m[WARN] [1789384226.984280427]: [SOURCE=REAL] [plan=19] [frame=16] [rollout_step=-1] [CONFLICT] V0(s=2.601 rem=1.361 act=0 blk=1) vs V2(s=2.140 rem=1.603 act=0 blk=0) | owner=V-1 following=0 nzones=1 all_same_dir=1[0m
[33m[WARN] [1789384226.984449203]: [SOURCE=REAL] [plan=19] [frame=16] [rollout_step=-1] [CONFLICT]   zone0 same_dir=1 | A[0.075,3.950] stopA=-0.104 committedA=1 | B[0.250,3.725] stopB=0.071 committedB=1 | @(1.25,4.26)[0m
[33m[WARN] [1789384226.984656824]: [POST]
tick=366
  V0 mode=1 act=0 reason=departure_cluster_priority blk=1 task=0 slot=38->-1 s=2.601/3.963 rem=1.361 spd=0.000 wait=21.7 gen=1
  V1 mode=1 act=3 reason=clear blk=-1 task=0 slot=20->59 s=1.269/9.049 rem=7.780 spd=0.200 wait=0.0 gen=2
  V2 mode=1 act=0 reason=emergency_next_step_V0 blk=0 task=0 slot=36->-1 s=2.140/3.743 rem=1.603 spd=0.000 wait=13.4 gen=1[0m
[33m[WARN] [1789384226.984826141]: [SOURCE=REAL] [plan=19] [frame=17] [rollout_step=-1] [CONFLICT] V0(s=2.601 rem=1.361 act=0 blk=1) vs V2(s=2.140 rem=1.603 act=0 blk=0) | owner=V-1 following=0 nzones=1 all_same_dir=1[0m
[33m[WARN] [1789384226.984985619]: [SOURCE=REAL] [plan=19] [frame=17] [rollout_step=-1] [CONFLICT]   zone0 same_dir=1 | A[0.075,3.950] stopA=-0.104 committedA=1 | B[0.250,3.725] stopB=0.071 committedB=1 | @(1.25,4.26)[0m
[33m[WARN] [1789384226.985171486]: [POST]
tick=367
  V0 mode=1 act=0 reason=departure_cluster_priority blk=1 task=0 slot=38->-1 s=2.601/3.963 rem=1.361 spd=0.000 wait=21.8 gen=1
  V1 mode=1 act=3 reason=clear blk=-1 task=0 slot=20->59 s=1.289/9.049 rem=7.760 spd=0.200 wait=0.0 gen=2
  V2 mode=1 act=0 reason=emergency_next_step_V0 blk=0 task=0 slot=36->-1 s=2.140/3.743 rem=1.603 spd=0.000 wait=13.5 gen=1[0m
[33m[WARN] [1789384226.985335057]: [SOURCE=REAL] [plan=19] [frame=18] [rollout_step=-1] [CONFLICT] V0(s=2.601 rem=1.361 act=0 blk=1) vs V2(s=2.140 rem=1.603 act=0 blk=0) | owner=V-1 following=0 nzones=1 all_same_dir=1[0m
[33m[WARN] [1789384226.985496078]: [SOURCE=REAL] [plan=19] [frame=18] [rollout_step=-1] [CONFLICT]   zone0 same_dir=1 | A[0.075,3.950] stopA=-0.104 committedA=1 | B[0.250,3.725] stopB=0.071 committedB=1 | @(1.25,4.26)[0m
[33m[WARN] [1789384226.985680759]: [POST]
tick=368
  V0 mode=1 act=0 reason=departure_cluster_priority blk=1 task=0 slot=38->-1 s=2.601/3.963 rem=1.361 spd=0.000 wait=21.9 gen=1
  V1 mode=1 act=3 reason=clear blk=-1 task=0 slot=20->59 s=1.309/9.049 rem=7.740 spd=0.200 wait=0.0 gen=2
  V2 mode=1 act=0 reason=emergency_next_step_V0 blk=0 task=0 slot=36->-1 s=2.140/3.743 rem=1.603 spd=0.000 wait=13.6 gen=1[0m
[33m[WARN] [1789384226.985843933]: [SOURCE=REAL] [plan=19] [frame=19] [rollout_step=-1] [CONFLICT] V0(s=2.601 rem=1.361 act=0 blk=1) vs V2(s=2.140 rem=1.603 act=0 blk=0) | owner=V-1 following=0 nzones=1 all_same_dir=1[0m
[33m[WARN] [1789384226.986006823]: [SOURCE=REAL] [plan=19] [frame=19] [rollout_step=-1] [CONFLICT]   zone0 same_dir=1 | A[0.075,3.950] stopA=-0.104 committedA=1 | B[0.250,3.725] stopB=0.071 committedB=1 | @(1.25,4.26)[0m
[33m[WARN] [1789384227.032346831]: [POST]
tick=369
  V0 mode=1 act=0 reason=departure_cluster_priority blk=1 task=0 slot=38->-1 s=2.601/3.963 rem=1.361 spd=0.000 wait=22.0 gen=1
  V1 mode=1 act=3 reason=clear blk=-1 task=0 slot=20->59 s=1.329/9.049 rem=7.720 spd=0.200 wait=0.0 gen=2
  V2 mode=1 act=0 reason=emergency_next_step_V0 blk=0 task=0 slot=36->-1 s=2.140/3.743 rem=1.603 spd=0.000 wait=13.7 gen=1[0m
[33m[WARN] [1789384227.032592071]: [SOURCE=REAL] [plan=20] [frame=0] [rollout_step=-1] [CONFLICT] V0(s=2.601 rem=1.361 act=0 blk=1) vs V2(s=2.140 rem=1.603 act=0 blk=0) | owner=V-1 following=0 nzones=1 all_same_dir=1[0m
[33m[WARN] [1789384227.032841659]: [SOURCE=REAL] [plan=20] [frame=0] [rollout_step=-1] [CONFLICT]   zone0 same_dir=1 | A[0.075,3.950] stopA=-0.104 committedA=1 | B[0.250,3.725] stopB=0.071 committedB=1 | @(1.25,4.26)[0m
[33m[WARN] [1789384227.033105540]: [POST]
tick=370
  V0 mode=1 act=0 reason=departure_cluster_priority blk=1 task=0 slot=38->-1 s=2.601/3.963 rem=1.361 spd=0.000 wait=22.1 gen=1
  V1 mode=1 act=3 reason=clear blk=-1 task=0 slot=20->59 s=1.349/9.049 rem=7.700 spd=0.200 wait=0.0 gen=2
  V2 mode=1 act=0 reason=emergency_next_step_V0 blk=0 task=0 slot=36->-1 s=2.140/3.743 rem=1.603 spd=0.000 wait=13.8 gen=1[0m
[33m[WARN] [1789384227.033275222]: [SOURCE=REAL] [plan=20] [frame=1] [rollout_step=-1] [CONFLICT] V0(s=2.601 rem=1.361 act=0 blk=1) vs V2(s=2.140 rem=1.603 act=0 blk=0) | owner=V-1 following=0 nzones=1 all_same_dir=1[0m
[33m[WARN] [1789384227.033438872]: [SOURCE=REAL] [plan=20] [frame=1] [rollout_step=-1] [CONFLICT]   zone0 same_dir=1 | A[0.075,3.950] stopA=-0.104 committedA=1 | B[0.250,3.725] stopB=0.071 committedB=1 | @(1.25,4.26)[0m
[33m[WARN] [1789384227.033615958]: [POST]
tick=371
  V0 mode=1 act=0 reason=departure_cluster_priority blk=1 task=0 slot=38->-1 s=2.601/3.963 rem=1.361 spd=0.000 wait=22.2 gen=1
  V1 mode=1 act=3 reason=clear blk=-1 task=0 slot=20->59 s=1.369/9.049 rem=7.680 spd=0.200 wait=0.0 gen=2
  V2 mode=1 act=0 reason=emergency_next_step_V0 blk=0 task=0 slot=36->-1 s=2.140/3.743 rem=1.603 spd=0.000 wait=13.9 gen=1[0m
[33m[WARN] [1789384227.033789850]: [SOURCE=REAL] [plan=20] [frame=2] [rollout_step=-1] [CONFLICT] V0(s=2.601 rem=1.361 act=0 blk=1) vs V2(s=2.140 rem=1.603 act=0 blk=0) | owner=V-1 following=0 nzones=1 all_same_dir=1[0m
[33m[WARN] [1789384227.033949337]: [SOURCE=REAL] [plan=20] [frame=2] [rollout_step=-1] [CONFLICT]   zone0 same_dir=1 | A[0.075,3.950] stopA=-0.104 committedA=1 | B[0.250,3.725] stopB=0.071 committedB=1 | @(1.25,4.26)[0m
[33m[WARN] [1789384227.034141503]: [POST]
tick=372
  V0 mode=1 act=0 reason=departure_cluster_priority blk=1 task=0 slot=38->-1 s=2.601/3.963 rem=1.361 spd=0.000 wait=22.3 gen=1
  V1 mode=1 act=3 reason=clear blk=-1 task=0 slot=20->59 s=1.389/9.049 rem=7.660 spd=0.200 wait=0.0 gen=2
  V2 mode=1 act=0 reason=emergency_next_step_V0 blk=0 task=0 slot=36->-1 s=2.140/3.743 rem=1.603 spd=0.000 wait=14.0 gen=1[0m
[33m[WARN] [1789384227.034321946]: [SOURCE=REAL] [plan=20] [frame=3] [rollout_step=-1] [CONFLICT] V0(s=2.601 rem=1.361 act=0 blk=1) vs V2(s=2.140 rem=1.603 act=0 blk=0) | owner=V-1 following=0 nzones=1 all_same_dir=1[0m
[33m[WARN] [1789384227.034562052]: [SOURCE=REAL] [plan=20] [frame=3] [rollout_step=-1] [CONFLICT]   zone0 same_dir=1 | A[0.075,3.950] stopA=-0.104 committedA=1 | B[0.250,3.725] stopB=0.071 committedB=1 | @(1.25,4.26)[0m
[33m[WARN] [1789384227.034740643]: [POST]
tick=373
  V0 mode=1 act=0 reason=departure_cluster_priority blk=1 task=0 slot=38->-1 s=2.601/3.963 rem=1.361 spd=0.000 wait=22.4 gen=1
  V1 mode=1 act=3 reason=clear blk=-1 task=0 slot=20->59 s=1.409/9.049 rem=7.640 spd=0.200 wait=0.0 gen=2
  V2 mode=1 act=0 reason=emergency_next_step_V0 blk=0 task=0 slot=36->-1 s=2.140/3.743 rem=1.603 spd=0.000 wait=14.1 gen=1[0m
[33m[WARN] [1789384227.034911913]: [SOURCE=REAL] [plan=20] [frame=4] [rollout_step=-1] [CONFLICT] V0(s=2.601 rem=1.361 act=0 blk=1) vs V2(s=2.140 rem=1.603 act=0 blk=0) | owner=V-1 following=0 nzones=1 all_same_dir=1[0m
[33m[WARN] [1789384227.035085307]: [SOURCE=REAL] [plan=20] [frame=4] [rollout_step=-1] [CONFLICT]   zone0 same_dir=1 | A[0.075,3.950] stopA=-0.104 committedA=1 | B[0.250,3.725] stopB=0.071 committedB=1 | @(1.25,4.26)[0m
[33m[WARN] [1789384227.035275410]: [POST]
tick=374
  V0 mode=1 act=0 reason=departure_cluster_priority blk=1 task=0 slot=38->-1 s=2.601/3.963 rem=1.361 spd=0.000 wait=22.5 gen=1
  V1 mode=1 act=3 reason=clear blk=-1 task=0 slot=20->59 s=1.429/9.049 rem=7.620 spd=0.200 wait=0.0 gen=2
  V2 mode=1 act=0 reason=emergency_next_step_V0 blk=0 task=0 slot=36->-1 s=2.140/3.743 rem=1.603 spd=0.000 wait=14.2 gen=1[0m
[33m[WARN] [1789384227.035446050]: [SOURCE=REAL] [plan=20] [frame=5] [rollout_step=-1] [CONFLICT] V0(s=2.601 rem=1.361 act=0 blk=1) vs V2(s=2.140 rem=1.603 act=0 blk=0) | owner=V-1 following=0 nzones=1 all_same_dir=1[0m
[33m[WARN] [1789384227.035670194]: [SOURCE=REAL] [plan=20] [frame=5] [rollout_step=-1] [CONFLICT]   zone0 same_dir=1 | A[0.075,3.950] stopA=-0.104 committedA=1 | B[0.250,3.725] stopB=0.071 committedB=1 | @(1.25,4.26)[0m
[33m[WARN] [1789384227.035853215]: [POST]
tick=375
  V0 mode=1 act=0 reason=departure_cluster_priority blk=1 task=0 slot=38->-1 s=2.601/3.963 rem=1.361 spd=0.000 wait=22.6 gen=1
  V1 mode=1 act=3 reason=clear blk=-1 task=0 slot=20->59 s=1.449/9.049 rem=7.600 spd=0.200 wait=0.0 gen=2
  V2 mode=1 act=0 reason=emergency_next_step_V0 blk=0 task=0 slot=36->-1 s=2.140/3.743 rem=1.603 spd=0.000 wait=14.3 gen=1[0m
[33m[WARN] [1789384227.036011578]: [SOURCE=REAL] [plan=20] [frame=6] [rollout_step=-1] [CONFLICT] V0(s=2.601 rem=1.361 act=0 blk=1) vs V2(s=2.140 rem=1.603 act=0 blk=0) | owner=V-1 following=0 nzones=1 all_same_dir=1[0m
[33m[WARN] [1789384227.036171204]: [SOURCE=REAL] [plan=20] [frame=6] [rollout_step=-1] [CONFLICT]   zone0 same_dir=1 | A[0.075,3.950] stopA=-0.104 committedA=1 | B[0.250,3.725] stopB=0.071 committedB=1 | @(1.25,4.26)[0m
[33m[WARN] [1789384227.036348878]: [POST]
tick=376
  V0 mode=1 act=0 reason=departure_cluster_priority blk=1 task=0 slot=38->-1 s=2.601/3.963 rem=1.361 spd=0.000 wait=22.7 gen=1
  V1 mode=1 act=3 reason=clear blk=-1 task=0 slot=20->59 s=1.469/9.049 rem=7.580 spd=0.200 wait=0.0 gen=2
  V2 mode=1 act=0 reason=emergency_next_step_V0 blk=0 task=0 slot=36->-1 s=2.140/3.743 rem=1.603 spd=0.000 wait=14.4 gen=1[0m
[33m[WARN] [1789384227.036506418]: [SOURCE=REAL] [plan=20] [frame=7] [rollout_step=-1] [CONFLICT] V0(s=2.601 rem=1.361 act=0 blk=1) vs V2(s=2.140 rem=1.603 act=0 blk=0) | owner=V-1 following=0 nzones=1 all_same_dir=1[0m
[33m[WARN] [1789384227.036674336]: [SOURCE=REAL] [plan=20] [frame=7] [rollout_step=-1] [CONFLICT]   zone0 same_dir=1 | A[0.075,3.950] stopA=-0.104 committedA=1 | B[0.250,3.725] stopB=0.071 committedB=1 | @(1.25,4.26)[0m
[33m[WARN] [1789384227.036867067]: [POST]
tick=377
  V0 mode=1 act=0 reason=departure_cluster_priority blk=1 task=0 slot=38->-1 s=2.601/3.963 rem=1.361 spd=0.000 wait=22.8 gen=1
  V1 mode=1 act=3 reason=clear blk=-1 task=0 slot=20->59 s=1.489/9.049 rem=7.560 spd=0.200 wait=0.0 gen=2
  V2 mode=1 act=0 reason=emergency_next_step_V0 blk=0 task=0 slot=36->-1 s=2.140/3.743 rem=1.603 spd=0.000 wait=14.5 gen=1[0m
[33m[WARN] [1789384227.037033003]: [SOURCE=REAL] [plan=20] [frame=8] [rollout_step=-1] [CONFLICT] V0(s=2.601 rem=1.361 act=0 blk=1) vs V2(s=2.140 rem=1.603 act=0 blk=0) | owner=V-1 following=0 nzones=1 all_same_dir=1[0m
[33m[WARN] [1789384227.037205375]: [SOURCE=REAL] [plan=20] [frame=8] [rollout_step=-1] [CONFLICT]   zone0 same_dir=1 | A[0.075,3.950] stopA=-0.104 committedA=1 | B[0.250,3.725] stopB=0.071 committedB=1 | @(1.25,4.26)[0m
[33m[WARN] [1789384227.037398402]: [POST]
tick=378
  V0 mode=1 act=0 reason=departure_cluster_priority blk=1 task=0 slot=38->-1 s=2.601/3.963 rem=1.361 spd=0.000 wait=22.9 gen=1
  V1 mode=1 act=3 reason=clear blk=-1 task=0 slot=20->59 s=1.509/9.049 rem=7.540 spd=0.200 wait=0.0 gen=2
  V2 mode=1 act=0 reason=emergency_next_step_V0 blk=0 task=0 slot=36->-1 s=2.140/3.743 rem=1.603 spd=0.000 wait=14.6 gen=1[0m
[33m[WARN] [1789384227.037575285]: [SOURCE=REAL] [plan=20] [frame=9] [rollout_step=-1] [CONFLICT] V0(s=2.601 rem=1.361 act=0 blk=1) vs V2(s=2.140 rem=1.603 act=0 blk=0) | owner=V-1 following=0 nzones=1 all_same_dir=1[0m
[33m[WARN] [1789384227.037737926]: [SOURCE=REAL] [plan=20] [frame=9] [rollout_step=-1] [CONFLICT]   zone0 same_dir=1 | A[0.075,3.950] stopA=-0.104 committedA=1 | B[0.250,3.725] stopB=0.071 committedB=1 | @(1.25,4.26)[0m
[33m[WARN] [1789384227.037938567]: [POST]
tick=379
  V0 mode=1 act=0 reason=departure_cluster_priority blk=1 task=0 slot=38->-1 s=2.601/3.963 rem=1.361 spd=0.000 wait=23.0 gen=1
  V1 mode=1 act=3 reason=clear blk=-1 task=0 slot=20->59 s=1.529/9.049 rem=7.520 spd=0.200 wait=0.0 gen=2
  V2 mode=1 act=0 reason=emergency_next_step_V0 blk=0 task=0 slot=36->-1 s=2.140/3.743 rem=1.603 spd=0.000 wait=14.7 gen=1[0m
[33m[WARN] [1789384227.038108577]: [SOURCE=REAL] [plan=20] [frame=10] [rollout_step=-1] [CONFLICT] V0(s=2.601 rem=1.361 act=0 blk=1) vs V2(s=2.140 rem=1.603 act=0 blk=0) | owner=V-1 following=0 nzones=1 all_same_dir=1[0m
[33m[WARN] [1789384227.038291136]: [SOURCE=REAL] [plan=20] [frame=10] [rollout_step=-1] [CONFLICT]   zone0 same_dir=1 | A[0.075,3.950] stopA=-0.104 committedA=1 | B[0.250,3.725] stopB=0.071 committedB=1 | @(1.25,4.26)[0m
[33m[WARN] [1789384227.038578343]: [POST]
tick=380
  V0 mode=1 act=0 reason=departure_cluster_priority blk=1 task=0 slot=38->-1 s=2.601/3.963 rem=1.361 spd=0.000 wait=23.1 gen=1
  V1 mode=1 act=3 reason=clear blk=-1 task=0 slot=20->59 s=1.549/9.049 rem=7.500 spd=0.200 wait=0.0 gen=2
  V2 mode=1 act=0 reason=emergency_next_step_V0 blk=0 task=0 slot=36->-1 s=2.140/3.743 rem=1.603 spd=0.000 wait=14.8 gen=1[0m
[33m[WARN] [1789384227.038820831]: [SOURCE=REAL] [plan=20] [frame=11] [rollout_step=-1] [CONFLICT] V0(s=2.601 rem=1.361 act=0 blk=1) vs V2(s=2.140 rem=1.603 act=0 blk=0) | owner=V-1 following=0 nzones=1 all_same_dir=1[0m
[33m[WARN] [1789384227.039085372]: [SOURCE=REAL] [plan=20] [frame=11] [rollout_step=-1] [CONFLICT]   zone0 same_dir=1 | A[0.075,3.950] stopA=-0.104 committedA=1 | B[0.250,3.725] stopB=0.071 committedB=1 | @(1.25,4.26)[0m
[33m[WARN] [1789384227.039372894]: [POST]
tick=381
  V0 mode=1 act=0 reason=departure_cluster_priority blk=1 task=0 slot=38->-1 s=2.601/3.963 rem=1.361 spd=0.000 wait=23.2 gen=1
  V1 mode=1 act=3 reason=clear blk=-1 task=0 slot=20->59 s=1.569/9.049 rem=7.480 spd=0.200 wait=0.0 gen=2
  V2 mode=1 act=0 reason=emergency_next_step_V0 blk=0 task=0 slot=36->-1 s=2.140/3.743 rem=1.603 spd=0.000 wait=14.9 gen=1[0m
[33m[WARN] [1789384227.039533814]: [SOURCE=REAL] [plan=20] [frame=12] [rollout_step=-1] [CONFLICT] V0(s=2.601 rem=1.361 act=0 blk=1) vs V2(s=2.140 rem=1.603 act=0 blk=0) | owner=V-1 following=0 nzones=1 all_same_dir=1[0m
[33m[WARN] [1789384227.039698888]: [SOURCE=REAL] [plan=20] [frame=12] [rollout_step=-1] [CONFLICT]   zone0 same_dir=1 | A[0.075,3.950] stopA=-0.104 committedA=1 | B[0.250,3.725] stopB=0.071 committedB=1 | @(1.25,4.26)[0m
[33m[WARN] [1789384227.039880565]: [POST]
tick=382
  V0 mode=1 act=0 reason=departure_cluster_priority blk=1 task=0 slot=38->-1 s=2.601/3.963 rem=1.361 spd=0.000 wait=23.3 gen=1
  V1 mode=1 act=3 reason=clear blk=-1 task=0 slot=20->59 s=1.589/9.049 rem=7.460 spd=0.200 wait=0.0 gen=2
  V2 mode=1 act=0 reason=emergency_next_step_V0 blk=0 task=0 slot=36->-1 s=2.140/3.743 rem=1.603 spd=0.000 wait=15.0 gen=1[0m
[33m[WARN] [1789384227.040039389]: [SOURCE=REAL] [plan=20] [frame=13] [rollout_step=-1] [CONFLICT] V0(s=2.601 rem=1.361 act=0 blk=1) vs V2(s=2.140 rem=1.603 act=0 blk=0) | owner=V-1 following=0 nzones=1 all_same_dir=1[0m
[33m[WARN] [1789384227.040206924]: [SOURCE=REAL] [plan=20] [frame=13] [rollout_step=-1] [CONFLICT]   zone0 same_dir=1 | A[0.075,3.950] stopA=-0.104 committedA=1 | B[0.250,3.725] stopB=0.071 committedB=1 | @(1.25,4.26)[0m
[33m[WARN] [1789384227.040382875]: [POST]
tick=383
  V0 mode=1 act=0 reason=departure_cluster_priority blk=1 task=0 slot=38->-1 s=2.601/3.963 rem=1.361 spd=0.000 wait=23.4 gen=1
  V1 mode=1 act=3 reason=clear blk=-1 task=0 slot=20->59 s=1.609/9.049 rem=7.440 spd=0.200 wait=0.0 gen=2
  V2 mode=1 act=0 reason=emergency_next_step_V0 blk=0 task=0 slot=36->-1 s=2.140/3.743 rem=1.603 spd=0.000 wait=15.1 gen=1[0m
[33m[WARN] [1789384227.040587024]: [SOURCE=REAL] [plan=20] [frame=14] [rollout_step=-1] [CONFLICT] V0(s=2.601 rem=1.361 act=0 blk=1) vs V2(s=2.140 rem=1.603 act=0 blk=0) | owner=V-1 following=0 nzones=1 all_same_dir=1[0m
[33m[WARN] [1789384227.040792748]: [SOURCE=REAL] [plan=20] [frame=14] [rollout_step=-1] [CONFLICT]   zone0 same_dir=1 | A[0.075,3.950] stopA=-0.104 committedA=1 | B[0.250,3.725] stopB=0.071 committedB=1 | @(1.25,4.26)[0m
4546]: [res_map] V2 uses SLOT_DOCK_17 s=[1.040,1.260] (len=3.743)[0m
[0m[INFO] [1789384225.775642959]: [res_map] V2 uses SLOT_DOCK_18 s=[2.960,3.140] (len=3.743)[0m
[0m[INFO] [1789384225.775650076]: [res_map] V2 uses SLOT_DOCK_19 s=[0.820,1.480] (len=3.743)[0m
[0m[INFO] [1789384225.775653941]: [res_map] V2 uses SLOT_BODY_36 s=[0.000,0.040] (len=3.743)[0m
[0m[INFO] [1789384225.775657193]: [res_map] V2 uses SLOT_DOCK_36 s=[0.000,0.300] (len=3.743)[0m
[0m[INFO] [1789384225.775660005]: [res_map] V2 uses NARROW_top_gap s=[3.700,3.743] (len=3.743)[0m
[0m[INFO] [1789384225.775662991]: [res_map] V2 uses LANE_C2_lo s=[0.040,0.380] (len=3.743)[0m
[0m[INFO] [1789384225.775665741]: [res_map] V2 uses LANE_C2_hi s=[0.380,1.960] (len=3.743)[0m
[0m[INFO] [1789384225.775668513]: [res_map] V2 uses LANE_C1_lo s=[2.460,3.360] (len=3.743)[0m
[0m[INFO] [1789384225.775671611]: [res_map] V2 uses LANE_C1_hi s=[3.360,3.700] (len=3.743)[0m
[0m[INFO] [1789384225.775674515]: [res_map] V2 uses XING_C1_x1250 s=[3.220,3.700] (len=3.743)[0m
[0m[INFO] [1789384225.775677388]: [res_map] V2 uses XING_C2_x1250 s=[1.080,1.240] (len=3.743)[0m
[0m[INFO] [1789384225.775680804]: [res_map] V2 uses XING_C2_x2009 s=[0.040,1.960] (len=3.743)[0m
[0m[INFO] [1789384225.775684178]: [res_map] V2 uses XING_C1_x2009 s=[2.460,2.820] (len=3.743)[0m
[0m[INFO] [1789384225.831815934]: [sim_plan] built plan=1 start=0.10 horizon=15.00 frames=150 commit_frames=20[0m
[0m[INFO] [1789384225.868985365]: [sim_plan] built plan=2 start=2.10 horizon=15.00 frames=150 commit_frames=20[0m
[0m[INFO] [1789384225.908395481]: [sim_plan] built plan=3 start=4.10 horizon=15.00 frames=150 commit_frames=20[0m
[0m[INFO] [1789384225.943530673]: [sim_plan] built plan=4 start=6.10 horizon=15.00 frames=150 commit_frames=20[0m
[0m[INFO] [1789384225.983560219]: [sim_plan] built plan=5 start=8.10 horizon=15.00 frames=150 commit_frames=20[0m
[0m[INFO] [1789384226.052924219]: [sim_plan] built plan=6 start=10.10 horizon=15.00 frames=150 commit_frames=20[0m
[0m[INFO] [1789384226.116930605]: [sim_plan] built plan=7 start=12.10 horizon=15.00 frames=150 commit_frames=20[0m
[0m[INFO] [1789384226.168487655]: [sim_plan] built plan=8 start=14.10 horizon=15.00 frames=150 commit_frames=20[0m
[0m[INFO] [1789384226.219650803]: [sim_plan] built plan=9 start=16.10 horizon=15.00 frames=150 commit_frames=20[0m
[0m[INFO] [1789384226.284762031]: [sim_plan] built plan=10 start=18.10 horizon=15.00 frames=150 commit_frames=20[0m
[0m[INFO] [1789384226.353698407]: [sim_plan] built plan=11 start=20.10 horizon=15.00 frames=150 commit_frames=20[0m
[0m[INFO] [1789384226.419496611]: [sim_plan] built plan=12 start=22.10 horizon=15.00 frames=150 commit_frames=20[0m
[0m[INFO] [1789384226.519205317]: [sim_plan] built plan=13 start=24.00 horizon=15.00 frames=150 commit_frames=20[0m
[0m[INFO] [1789384226.636139051]: [sim_plan] built plan=14 start=26.00 horizon=15.00 frames=150 commit_frames=20[0m
[0m[INFO] [1789384226.714367234]: [sim_plan] built plan=15 start=28.00 horizon=15.00 frames=150 commit_frames=20[0m
[0m[INFO] [1789384226.720344517]: [multi_patrol][A1] V1 activate prepared dropoff: A1 -> B59 len=9.049 priority_until_s=1.058[0m
[0m[INFO] [1789384226.782995998]: [sim_plan] built plan=16 start=28.90 horizon=15.00 frames=150 commit_frames=20[0m
[0m[INFO] [1789384226.791265664]: [batch] 300/3000 ticks (sim_t=30s) hard_guard=1[0m
[0m[INFO] [1789384226.851091602]: [sim_plan] built plan=17 start=30.90 horizon=15.00 frames=150 commit_frames=20[0m
[0m[INFO] [1789384226.915831163]: [sim_plan] built plan=18 start=32.90 horizon=15.00 frames=150 commit_frames=20[0m
[0m[INFO] [1789384226.974309787]: [sim_plan] built plan=19 start=34.90 horizon=15.00 frames=150 commit_frames=20[0m
[0m[INFO] [1789384226.979210198]: [multi_patrol][A1 EXIT PRIORITY RELEASE] V1 s=1.069 threshold=1.058[0m
[0m[INFO] [1789384227.032037969]: [sim_plan] built plan=20 start=36.90 horizon=15.00 frames=150 commit_frames=20[0m
[0m[INFO] [1789384227.085206151]: [sim_plan] built plan=21 start=38.90 horizon=15.[31m[ERROR] [1789384227.086219629]: [FIRST-WEDGE] @tick=399 sim_t=39.9s 最久=V0 wait=25.0s —— 回放前 80 拍历史 + 卡死车几何 ===[0m
[33m[WARN] [1789384227.086387032]: [WHIST]
tick=320
  V0 mode=1 act=0 reason=departure_cluster_priority blk=1 task=0 slot=38->-1 s=2.601/3.963 rem=1.361 spd=0.000 wait=17.1 gen=1
  V1 mode=1 act=3 reason=clear blk=-1 task=0 slot=20->59 s=0.450/9.049 rem=8.599 spd=0.142 wait=0.0 gen=2
  V2 mode=1 act=0 reason=emergency_next_step_V0 blk=0 task=0 slot=36->-1 s=2.140/3.743 rem=1.603 spd=0.000 wait=8.8 gen=1[0m
[33m[WARN] [1789384227.086553687]: [WHIST]
tick=321
  V0 mode=1 act=0 reason=departure_cluster_priority blk=1 task=0 slot=38->-1 s=2.601/3.963 rem=1.361 spd=0.000 wait=17.2 gen=1
  V1 mode=1 act=3 reason=clear blk=-1 task=0 slot=20->59 s=0.464/9.049 rem=8.585 spd=0.142 wait=0.0 gen=2
  V2 mode=1 act=0 reason=emergency_next_step_V0 blk=0 task=0 slot=36->-1 s=2.140/3.743 rem=1.603 spd=0.000 wait=8.9 gen=1[0m
[33m[WARN] [1789384227.086710533]: [WHIST]
tick=322
  V0 mode=1 act=0 reason=departure_cluster_priority blk=1 task=0 slot=38->-1 s=2.601/3.963 rem=1.361 spd=0.000 wait=17.3 gen=1
  V1 mode=1 act=3 reason=clear blk=-1 task=0 slot=20->59 s=0.478/9.049 rem=8.571 spd=0.142 wait=0.0 gen=2
  V2 mode=1 act=0 reason=emergency_next_step_V0 blk=0 task=0 slot=36->-1 s=2.140/3.743 rem=1.603 spd=0.000 wait=9.0 gen=1[0m
[33m[WARN] [1789384227.086872254]: [WHIST]
tick=323
  V0 mode=1 act=0 reason=departure_cluster_priority blk=1 task=0 slot=38->-1 s=2.601/3.963 rem=1.361 spd=0.000 wait=17.4 gen=1
  V1 mode=1 act=3 reason=clear blk=-1 task=0 slot=20->59 s=0.492/9.049 rem=8.557 spd=0.142 wait=0.0 gen=2
  V2 mode=1 act=0 reason=emergency_next_step_V0 blk=0 task=0 slot=36->-1 s=2.140/3.743 rem=1.603 spd=0.000 wait=9.1 gen=1[0m
[33m[WARN] [1789384227.087042260]: [WHIST]
tick=324
  V0 mode=1 act=0 reason=departure_cluster_priority blk=1 task=0 slot=38->-1 s=2.601/3.963 rem=1.361 spd=0.000 wait=17.5 gen=1
  V1 mode=1 act=3 reason=clear blk=-1 task=0 slot=20->59 s=0.507/9.049 rem=8.542 spd=0.142 wait=0.0 gen=2
  V2 mode=1 act=0 reason=emergency_next_step_V0 blk=0 task=0 slot=36->-1 s=2.140/3.743 rem=1.603 spd=0.000 wait=9.2 gen=1[0m
[33m[WARN] [1789384227.087200238]: [WHIST]
tick=325
  V0 mode=1 act=0 reason=departure_cluster_priority blk=1 task=0 slot=38->-1 s=2.601/3.963 rem=1.361 spd=0.000 wait=17.6 gen=1
  V1 mode=1 act=3 reason=clear blk=-1 task=0 slot=20->59 s=0.521/9.049 rem=8.528 spd=0.142 wait=0.0 gen=2
  V2 mode=1 act=0 reason=emergency_next_step_V0 blk=0 task=0 slot=36->-1 s=2.140/3.743 rem=1.603 spd=0.000 wait=9.3 gen=1[0m
[33m[WARN] [1789384227.087363577]: [WHIST]
tick=326
  V0 mode=1 act=0 reason=departure_cluster_priority blk=1 task=0 slot=38->-1 s=2.601/3.963 rem=1.361 spd=0.000 wait=17.7 gen=1
  V1 mode=1 act=3 reason=clear blk=-1 task=0 slot=20->59 s=0.535/9.049 rem=8.514 spd=0.142 wait=0.0 gen=2
  V2 mode=1 act=0 reason=emergency_next_step_V0 blk=0 task=0 slot=36->-1 s=2.140/3.743 rem=1.603 spd=0.000 wait=9.4 gen=1[0m
[33m[WARN] [1789384227.087529020]: [WHIST]
tick=327
  V0 mode=1 act=0 reason=departure_cluster_priority blk=1 task=0 slot=38->-1 s=2.601/3.963 rem=1.361 spd=0.000 wait=17.8 gen=1
  V1 mode=1 act=3 reason=clear blk=-1 task=0 slot=20->59 s=0.549/9.049 rem=8.500 spd=0.142 wait=0.0 gen=2
  V2 mode=1 act=0 reason=emergency_next_step_V0 blk=0 task=0 slot=36->-1 s=2.140/3.743 rem=1.603 spd=0.000 wait=9.5 gen=1[0m
[33m[WARN] [1789384227.087673238]: [WHIST]
tick=328
  V0 mode=1 act=0 reason=departure_cluster_priority blk=1 task=0 slot=38->-1 s=2.601/3.963 rem=1.361 spd=0.000 wait=17.9 gen=1
  V1 mode=1 act=3 reason=clear blk=-1 task=0 slot=20->59 s=0.564/9.049 rem=8.485 spd=0.142 wait=0.0 gen=2
  V2 mode=1 act=0 reason=emergency_next_step_V0 blk=0 task=0 slot=36->-1 s=2.140/3.743 rem=1.603 spd=0.000 wait=9.6 gen=1[0m
[33m[WARN] [1789384227.087820424]: [WHIST]
tick=329
  V0 mode=1 act=0 reason=departure_cluster_priority blk=1 task=0 slot=38->-1 s=2.601/3.963 rem=1.361 spd=0.000 wait=18.0 gen=1
  V1 mode=1 act=3 reason=clear blk=-1 task=0 slot=20->59 s=0.578/9.049 rem=8.471 spd=0.142 wait=0.0 gen=2
  V2 mode=1 act=0 reason=emergency_next_step_V0 blk=0 task=0 slot=36->-1 s=2.140/3.743 rem=1.603 spd=0.000 wait=9.7 gen=1[0m
[33m[WARN] [1789384227.087971036]: [WHIST]
tick=330
  V0 mode=1 act=0 reason=departure_cluster_priority blk=1 task=0 slot=38->-1 s=2.601/3.963 rem=1.361 spd=0.000 wait=18.1 gen=1
  V1 mode=1 act=3 reason=clear blk=-1 task=0 slot=20->59 s=0.592/9.049 rem=8.457 spd=0.142 wait=0.0 gen=2
  V2 mode=1 act=0 reason=emergency_next_step_V0 blk=0 task=0 slot=36->-1 s=2.140/3.743 rem=1.603 spd=0.000 wait=9.8 gen=1[0m
[33m[WARN] [1789384227.088114511]: [WHIST]
tick=331
  V0 mode=1 act=0 reason=departure_cluster_priority blk=1 task=0 slot=38->-1 s=2.601/3.963 rem=1.361 spd=0.000 wait=18.2 gen=1
  V1 mode=1 act=3 reason=clear blk=-1 task=0 slot=20->59 s=0.606/9.049 rem=8.443 spd=0.142 wait=0.0 gen=2
  V2 mode=1 act=0 reason=emergency_next_step_V0 blk=0 task=0 slot=36->-1 s=2.140/3.743 rem=1.603 spd=0.000 wait=9.9 gen=1[0m
[33m[WARN] [1789384227.088255623]: [WHIST]
tick=332
  V0 mode=1 act=0 reason=departure_cluster_priority blk=1 task=0 slot=38->-1 s=2.601/3.963 rem=1.361 spd=0.000 wait=18.3 gen=1
  V1 mode=1 act=3 reason=clear blk=-1 task=0 slot=20->59 s=0.621/9.049 rem=8.428 spd=0.142 wait=0.0 gen=2
  V2 mode=1 act=0 reason=emergency_next_step_V0 blk=0 task=0 slot=36->-1 s=2.140/3.743 rem=1.603 spd=0.000 wait=10.0 gen=1[0m
[33m[WARN] [1789384227.088395826]: [WHIST]
tick=333
  V0 mode=1 act=0 reason=departure_cluster_priority blk=1 task=0 slot=38->-1 s=2.601/3.963 rem=1.361 spd=0.000 wait=18.4 gen=1
  V1 mode=1 act=3 reason=clear blk=-1 task=0 slot=20->59 s=0.635/9.049 rem=8.414 spd=0.142 wait=0.0 gen=2
  V2 mode=1 act=0 reason=emergency_next_step_V0 blk=0 task=0 slot=36->-1 s=2.140/3.743 rem=1.603 spd=0.000 wait=10.1 gen=1[0m
[33m[WARN] [1789384227.088537276]: [WHIST]
tick=334
  V0 mode=1 act=0 reason=departure_cluster_priority blk=1 task=0 slot=38->-1 s=2.601/3.963 rem=1.361 spd=0.000 wait=18.5 gen=1
  V1 mode=1 act=3 reason=clear blk=-1 task=0 slot=20->59 s=0.649/9.049 rem=8.400 spd=0.142 wait=0.0 gen=2
  V2 mode=1 act=0 reason=emergency_next_step_V0 blk=0 task=0 slot=36->-1 s=2.140/3.743 rem=1.603 spd=0.000 wait=10.2 gen=1[0m
[33m[WARN] [1789384227.088695755]: [WHIST]
tick=335
  V0 mode=1 act=0 reason=departure_cluster_priority blk=1 task=0 slot=38->-1 s=2.601/3.963 rem=1.361 spd=0.000 wait=18.6 gen=1
  V1 mode=1 act=3 reason=clear blk=-1 task=0 slot=20->59 s=0.663/9.049 rem=8.386 spd=0.142 wait=0.0 gen=2
  V2 mode=1 act=0 reason=emergency_next_step_V0 blk=0 task=0 slot=36->-1 s=2.140/3.743 rem=1.603 spd=0.000 wait=10.3 gen=1[0m
[33m[WARN] [1789384227.088843265]: [WHIST]
tick=336
  V0 mode=1 act=0 reason=departure_cluster_priority blk=1 task=0 slot=38->-1 s=2.601/3.963 rem=1.361 spd=0.000 wait=18.7 gen=1
  V1 mode=1 act=3 reason=clear blk=-1 task=0 slot=20->59 s=0.678/9.049 rem=8.371 spd=0.144 wait=0.0 gen=2
  V2 mode=1 act=0 reason=emergency_next_step_V0 blk=0 task=0 slot=36->-1 s=2.140/3.743 rem=1.603 spd=0.000 wait=10.4 gen=1[0m
[33m[WARN] [1789384227.088992537]: [WHIST]
tick=337
  V0 mode=1 act=0 reason=departure_cluster_priority blk=1 task=0 slot=38->-1 s=2.601/3.963 rem=1.361 spd=0.000 wait=18.8 gen=1
  V1 mode=1 act=3 reason=clear blk=-1 task=0 slot=20->59 s=0.693/9.049 rem=8.356 spd=0.152 wait=0.0 gen=2
  V2 mode=1 act=0 reason=emergency_next_step_V0 blk=0 task=0 slot=36->-1 s=2.140/3.743 rem=1.603 spd=0.000 wait=10.5 gen=1[0m
[33m[WARN] [1789384227.089140337]: [WHIST]
tick=338
  V0 mode=1 act=0 reason=departure_cluster_priority blk=1 task=0 slot=38->-1 s=2.601/3.963 rem=1.361 spd=0.000 wait=18.9 gen=1
  V1 mode=1 act=3 reason=clear blk=-1 task=0 slot=20->59 s=0.710/9.049 rem=8.339 spd=0.171 wait=0.0 gen=2
  V2 mode=1 act=0 reason=emergency_next_step_V0 blk=0 task=0 slot=36->-1 s=2.140/3.743 rem=1.603 spd=0.000 wait=10.6 gen=1[0m
[33m[WARN] [1789384227.089280898]: [WHIST]
tick=339
  V0 mode=1 act=0 reason=departure_cluster_priority blk=1 task=0 slot=38->-1 s=2.601/3.963 rem=1.361 spd=0.000 wait=19.0 gen=1
  V1 mode=1 act=3 reason=clear blk=-1 task=0 slot=20->59 s=0.729/9.049 rem=8.320 spd=0.191 wait=0.0 gen=2
  V2 mode=1 act=0 reason=emergency_next_step_V0 blk=0 task=0 slot=36->-1 s=2.140/3.743 rem=1.603 spd=0.000 wait=10.7 gen=1[0m
[33m[WARN] [1789384227.089424096]: [WHIST]
tick=340
  V0 mode=1 act=0 reason=departure_cluster_priority blk=1 task=0 slot=38->-1 s=2.601/3.963 rem=1.361 spd=0.000 wait=19.1 gen=1
  V1 mode=1 act=3 reason=clear blk=-1 task=0 slot=20->59 s=0.749/9.049 rem=8.300 spd=0.200 wait=0.0 gen=2
  V2 mode=1 act=0 reason=emergency_next_step_V0 blk=0 task=0 slot=36->-1 s=2.140/3.743 rem=1.603 spd=0.000 wait=10.8 gen=1[0m
[33m[WARN] [1789384227.089564646]: [WHIST]
tick=341
  V0 mode=1 act=0 reason=departure_cluster_priority blk=1 task=0 slot=38->-1 s=2.601/3.963 rem=1.361 spd=0.000 wait=19.2 gen=1
  V1 mode=1 act=3 reason=clear blk=-1 task=0 slot=20->59 s=0.769/9.049 rem=8.280 spd=0.200 wait=0.0 gen=2
  V2 mode=1 act=0 reason=emergency_next_step_V0 blk=0 task=0 slot=36->-1 s=2.140/3.743 rem=1.603 spd=0.000 wait=10.9 gen=1[0m
[33m[WARN] [1789384227.089719297]: [WHIST]
tick=342
  V0 mode=1 act=0 reason=departure_cluster_priority blk=1 task=0 slot=38->-1 s=2.601/3.963 rem=1.361 spd=0.000 wait=19.3 gen=1
  V1 mode=1 act=3 reason=clear blk=-1 task=0 slot=20->59 s=0.789/9.049 rem=8.260 spd=0.200 wait=0.0 gen=2
  V2 mode=1 act=0 reason=emergency_next_step_V0 blk=0 task=0 slot=36->-1 s=2.140/3.743 rem=1.603 spd=0.000 wait=11.0 gen=1[0m
[33m[WARN] [1789384227.089858774]: [WHIST]
tick=343
  V0 mode=1 act=0 reason=departure_cluster_priority blk=1 task=0 slot=38->-1 s=2.601/3.963 rem=1.361 spd=0.000 wait=19.4 gen=1
  V1 mode=1 act=3 reason=clear blk=-1 task=0 slot=20->59 s=0.809/9.049 rem=8.240 spd=0.200 wait=0.0 gen=2
  V2 mode=1 act=0 reason=emergency_next_step_V0 blk=0 task=0 slot=36->-1 s=2.140/3.743 rem=1.603 spd=0.000 wait=11.1 gen=1[0m
[33m[WARN] [1789384227.090020648]: [WHIST]
tick=344
  V0 mode=1 act=0 reason=departure_cluster_priority blk=1 task=0 slot=38->-1 s=2.601/3.963 rem=1.361 spd=0.000 wait=19.5 gen=1
  V1 mode=1 act=3 reason=clear blk=-1 task=0 slot=20->59 s=0.829/9.049 rem=8.220 spd=0.200 wait=0.0 gen=2
  V2 mode=1 act=0 reason=emergency_next_step_V0 blk=0 task=0 slot=36->-1 s=2.140/3.743 rem=1.603 spd=0.000 wait=11.2 gen=1[0m
[33m[WARN] [1789384227.090168253]: [WHIST]
tick=345
  V0 mode=1 act=0 reason=departure_cluster_priority blk=1 task=0 slot=38->-1 s=2.601/3.963 rem=1.361 spd=0.000 wait=19.6 gen=1
  V1 mode=1 act=3 reason=clear blk=-1 task=0 slot=20->59 s=0.849/9.049 rem=8.200 spd=0.200 wait=0.0 gen=2
  V2 mode=1 act=0 reason=emergency_next_step_V0 blk=0 task=0 slot=36->-1 s=2.140/3.743 rem=1.603 spd=0.000 wait=11.3 gen=1[0m
[33m[WARN] [1789384227.090323436]: [WHIST]
tick=346
  V0 mode=1 act=0 reason=departure_cluster_priority blk=1 task=0 slot=38->-1 s=2.601/3.963 rem=1.361 spd=0.000 wait=19.7 gen=1
  V1 mode=1 act=3 reason=clear blk=-1 task=0 slot=20->59 s=0.869/9.049 rem=8.180 spd=0.200 wait=0.0 gen=2
  V2 mode=1 act=0 reason=emergency_next_step_V0 blk=0 task=0 slot=36->-1 s=2.140/3.743 rem=1.603 spd=0.000 wait=11.4 gen=1[0m
[33m[WARN] [1789384227.090485153]: [WHIST]
tick=347
  V0 mode=1 act=0 reason=departure_cluster_priority blk=1 task=0 slot=38->-1 s=2.601/3.963 rem=1.361 spd=0.000 wait=19.8 gen=1
  V1 mode=1 act=3 reason=clear blk=-1 task=0 slot=20->59 s=0.889/9.049 rem=8.160 spd=0.200 wait=0.0 gen=2
  V2 mode=1 act=0 reason=emergency_next_step_V0 blk=0 task=0 slot=36->-1 s=2.140/3.743 rem=1.603 spd=0.000 wait=11.5 gen=1[0m
[33m[WARN] [1789384227.090648941]: [WHIST]
tick=348
  V0 mode=1 act=0 reason=departure_cluster_priority blk=1 task=0 slot=38->-1 s=2.601/3.963 rem=1.361 spd=0.000 wait=19.9 gen=1
  V1 mode=1 act=3 reason=clear blk=-1 task=0 slot=20->59 s=0.909/9.049 rem=8.140 spd=0.200 wait=0.0 gen=2
  V2 mode=1 act=0 reason=emergency_next_step_V0 blk=0 task=0 slot=36->-1 s=2.140/3.743 rem=1.603 spd=0.000 wait=11.6 gen=1[0m
[33m[WARN] [1789384227.090823502]: [WHIST]
tick=349
  V0 mode=1 act=0 reason=departure_cluster_priority blk=1 task=0 slot=38->-1 s=2.601/3.963 rem=1.361 spd=0.000 wait=20.0 gen=1
  V1 mode=1 act=3 reason=clear blk=-1 task=0 slot=20->59 s=0.929/9.049 rem=8.120 spd=0.200 wait=0.0 gen=2
  V2 mode=1 act=0 reason=emergency_next_step_V0 blk=0 task=0 slot=36->-1 s=2.140/3.743 rem=1.603 spd=0.000 wait=11.7 gen=1[0m
[33m[WARN] [1789384227.090990193]: [WHIST]
tick=350
  V0 mode=1 act=0 reason=departure_cluster_priority blk=1 task=0 slot=38->-1 s=2.601/3.963 rem=1.361 spd=0.000 wait=20.1 gen=1
  V1 mode=1 act=3 reason=clear blk=-1 task=0 slot=20->59 s=0.949/9.049 rem=8.100 spd=0.200 wait=0.0 gen=2
  V2 mode=1 act=0 reason=emergency_next_step_V0 blk=0 task=0 slot=36->-1 s=2.140/3.743 rem=1.603 spd=0.000 wait=11.8 gen=1[0m
[33m[WARN] [1789384227.091140570]: [WHIST]
tick=351
  V0 mode=1 act=0 reason=departure_cluster_priority blk=1 task=0 slot=38->-1 s=2.601/3.963 rem=1.361 spd=0.000 wait=20.2 gen=1
  V1 mode=1 act=3 reason=clear blk=-1 task=0 slot=20->59 s=0.969/9.049 rem=8.080 spd=0.200 wait=0.0 gen=2
  V2 mode=1 act=0 reason=emergency_next_step_V0 blk=0 task=0 slot=36->-1 s=2.140/3.743 rem=1.603 spd=0.000 wait=11.9 gen=1[0m
[33m[WARN] [1789384227.091444950]: [WHIST]
tick=352
  V0 mode=1 act=0 reason=departure_cluster_priority blk=1 task=0 slot=38->-1 s=2.601/3.963 rem=1.361 spd=0.000 wait=20.3 gen=1
  V1 mode=1 act=3 reason=clear blk=-1 task=0 slot=20->59 s=0.989/9.049 rem=8.060 spd=0.200 wait=0.0 gen=2
  V2 mode=1 act=0 reason=emergency_next_step_V0 blk=0 task=0 slot=36->-1 s=2.140/3.743 rem=1.603 spd=0.000 wait=12.0 gen=1[0m
[33m[WARN] [1789384227.091647722]: [WHIST]
tick=353
  V0 mode=1 act=0 reason=departure_cluster_priority blk=1 task=0 slot=38->-1 s=2.601/3.963 rem=1.361 spd=0.000 wait=20.4 gen=1
  V1 mode=1 act=3 reason=clear blk=-1 task=0 slot=20->59 s=1.009/9.049 rem=8.040 spd=0.200 wait=0.0 gen=2
  V2 mode=1 act=0 reason=emergency_next_step_V0 blk=0 task=0 slot=36->-1 s=2.140/3.743 rem=1.603 spd=0.000 wait=12.1 gen=1[0m
[33m[WARN] [1789384227.091828820]: [WHIST]
tick=354
  V0 mode=1 act=0 reason=departure_cluster_priority blk=1 task=0 slot=38->-1 s=2.601/3.963 rem=1.361 spd=0.000 wait=20.5 gen=1
  V1 mode=1 act=3 reason=clear blk=-1 task=0 slot=20->59 s=1.029/9.049 rem=8.020 spd=0.200 wait=0.0 gen=2
  V2 mode=1 act=0 reason=emergency_next_step_V0 blk=0 task=0 slot=36->-1 s=2.140/3.743 rem=1.603 spd=0.000 wait=12.2 gen=1[0m
[33m[WARN] [1789384227.092002726]: [WHIST]
tick=355
  V0 mode=1 act=0 reason=departure_cluster_priority blk=1 task=0 slot=38->-1 s=2.601/3.963 rem=1.361 spd=0.000 wait=20.6 gen=1
  V1 mode=1 act=3 reason=clear blk=-1 task=0 slot=20->59 s=1.049/9.049 rem=8.000 spd=0.200 wait=0.0 gen=2
  V2 mode=1 act=0 reason=emergency_next_step_V0 blk=0 task=0 slot=36->-1 s=2.140/3.743 rem=1.603 spd=0.000 wait=12.3 gen=1[0m
[33m[WARN] [1789384227.092182870]: [WHIST]
tick=356
  V0 mode=1 act=0 reason=departure_cluster_priority blk=1 task=0 slot=38->-1 s=2.601/3.963 rem=1.361 spd=0.000 wait=20.7 gen=1
  V1 mode=1 act=3 reason=clear blk=-1 task=0 slot=20->59 s=1.069/9.049 rem=7.980 spd=0.200 wait=0.0 gen=2
  V2 mode=1 act=0 reason=emergency_next_step_V0 blk=0 task=0 slot=36->-1 s=2.140/3.743 rem=1.603 spd=0.000 wait=12.4 gen=1[0m
[33m[WARN] [1789384227.092349501]: [WHIST]
tick=357
  V0 mode=1 act=0 reason=departure_cluster_priority blk=1 task=0 slot=38->-1 s=2.601/3.963 rem=1.361 spd=0.000 wait=20.8 gen=1
  V1 mode=1 act=3 reason=clear blk=-1 task=0 slot=20->59 s=1.089/9.049 rem=7.960 spd=0.200 wait=0.0 gen=2
  V2 mode=1 act=0 reason=emergency_next_step_V0 blk=0 task=0 slot=36->-1 s=2.140/3.743 rem=1.603 spd=0.000 wait=12.5 gen=1[0m
[33m[WARN] [1789384227.092508539]: [WHIST]
tick=358
  V0 mode=1 act=0 reason=departure_cluster_priority blk=1 task=0 slot=38->-1 s=2.601/3.963 rem=1.361 spd=0.000 wait=20.9 gen=1
  V1 mode=1 act=3 reason=clear blk=-1 task=0 slot=20->59 s=1.109/9.049 rem=7.940 spd=0.200 wait=0.0 gen=2
  V2 mode=1 act=0 reason=emergency_next_step_V0 blk=0 task=0 slot=36->-1 s=2.140/3.743 rem=1.603 spd=0.000 wait=12.6 gen=1[0m
[33m[WARN] [1789384227.092670788]: [WHIST]
tick=359
  V0 mode=1 act=0 reason=departure_cluster_priority blk=1 task=0 slot=38->-1 s=2.601/3.963 rem=1.361 spd=0.000 wait=21.0 gen=1
  V1 mode=1 act=3 reason=clear blk=-1 task=0 slot=20->59 s=1.129/9.049 rem=7.920 spd=0.200 wait=0.0 gen=2
  V2 mode=1 act=0 reason=emergency_next_step_V0 blk=0 task=0 slot=36->-1 s=2.140/3.743 rem=1.603 spd=0.000 wait=12.7 gen=1[0m
[33m[WARN] [1789384227.092835184]: [WHIST]
tick=360
  V0 mode=1 act=0 reason=departure_cluster_priority blk=1 task=0 slot=38->-1 s=2.601/3.963 rem=1.361 spd=0.000 wait=21.1 gen=1
  V1 mode=1 act=3 reason=clear blk=-1 task=0 slot=20->59 s=1.149/9.049 rem=7.900 spd=0.200 wait=0.0 gen=2
  V2 mode=1 act=0 reason=emergency_next_step_V0 blk=0 task=0 slot=36->-1 s=2.140/3.743 rem=1.603 spd=0.000 wait=12.8 gen=1[0m
[33m[WARN] [1789384227.092992436]: [WHIST]
tick=361
  V0 mode=1 act=0 reason=departure_cluster_priority blk=1 task=0 slot=38->-1 s=2.601/3.963 rem=1.361 spd=0.000 wait=21.2 gen=1
  V1 mode=1 act=3 reason=clear blk=-1 task=0 slot=20->59 s=1.169/9.049 rem=7.880 spd=0.200 wait=0.0 gen=2
  V2 mode=1 act=0 reason=emergency_next_step_V0 blk=0 task=0 slot=36->-1 s=2.140/3.743 rem=1.603 spd=0.000 wait=12.9 gen=1[0m
[33m[WARN] [1789384227.093157012]: [WHIST]
tick=362
  V0 mode=1 act=0 reason=departure_cluster_priority blk=1 task=0 slot=38->-1 s=2.601/3.963 rem=1.361 spd=0.000 wait=21.3 gen=1
  V1 mode=1 act=3 reason=clear blk=-1 task=0 slot=20->59 s=1.189/9.049 rem=7.860 spd=0.200 wait=0.0 gen=2
  V2 mode=1 act=0 reason=emergency_next_step_V0 blk=0 task=0 slot=36->-1 s=2.140/3.743 rem=1.603 spd=0.000 wait=13.0 gen=1[0m
[33m[WARN] [1789384227.093315727]: [WHIST]
tick=363
  V0 mode=1 act=0 reason=departure_cluster_priority blk=1 task=0 slot=38->-1 s=2.601/3.963 rem=1.361 spd=0.000 wait=21.4 gen=1
  V1 mode=1 act=3 reason=clear blk=-1 task=0 slot=20->59 s=1.209/9.049 rem=7.840 spd=0.200 wait=0.0 gen=2
  V2 mode=1 act=0 reason=emergency_next_step_V0 blk=0 task=0 slot=36->-1 s=2.140/3.743 rem=1.603 spd=0.000 wait=13.1 gen=1[0m
[33m[WARN] [1789384227.093478452]: [WHIST]
tick=364
  V0 mode=1 act=0 reason=departure_cluster_priority blk=1 task=0 slot=38->-1 s=2.601/3.963 rem=1.361 spd=0.000 wait=21.5 gen=1
  V1 mode=1 act=3 reason=clear blk=-1 task=0 slot=20->59 s=1.229/9.049 rem=7.820 spd=0.200 wait=0.0 gen=2
  V2 mode=1 act=0 reason=emergency_next_step_V0 blk=0 task=0 slot=36->-1 s=2.140/3.743 rem=1.603 spd=0.000 wait=13.2 gen=1[0m
[33m[WARN] [1789384227.093640920]: [WHIST]
tick=365
  V0 mode=1 act=0 reason=departure_cluster_priority blk=1 task=0 slot=38->-1 s=2.601/3.963 rem=1.361 spd=0.000 wait=21.6 gen=1
  V1 mode=1 act=3 reason=clear blk=-1 task=0 slot=20->59 s=1.249/9.049 rem=7.800 spd=0.200 wait=0.0 gen=2
  V2 mode=1 act=0 reason=emergency_next_step_V0 blk=0 task=0 slot=36->-1 s=2.140/3.743 rem=1.603 spd=0.000 wait=13.3 gen=1[0m
[33m[WARN] [1789384227.095477055]: [WHIST]
tick=366
  V0 mode=1 act=0 reason=departure_cluster_priority blk=1 task=0 slot=38->-1 s=2.601/3.963 rem=1.361 spd=0.000 wait=21.7 gen=1
  V1 mode=1 act=3 reason=clear blk=-1 task=0 slot=20->59 s=1.269/9.049 rem=7.780 spd=0.200 wait=0.0 gen=2
  V2 mode=1 act=0 reason=emergency_next_step_V0 blk=0 task=0 slot=36->-1 s=2.140/3.743 rem=1.603 spd=0.000 wait=13.4 gen=1[0m
[33m[WARN] [1789384227.095666698]: [WHIST]
tick=367
  V0 mode=1 act=0 reason=departure_cluster_priority blk=1 task=0 slot=38->-1 s=2.601/3.963 rem=1.361 spd=0.000 wait=21.8 gen=1
  V1 mode=1 act=3 reason=clear blk=-1 task=0 slot=20->59 s=1.289/9.049 rem=7.760 spd=0.200 wait=0.0 gen=2
  V2 mode=1 act=0 reason=emergency_next_step_V0 blk=0 task=0 slot=36->-1 s=2.140/3.743 rem=1.603 spd=0.000 wait=13.5 gen=1[0m
[33m[WARN] [1789384227.095838743]: [WHIST]
tick=368
  V0 mode=1 act=0 reason=departure_cluster_priority blk=1 task=0 slot=38->-1 s=2.601/3.963 rem=1.361 spd=0.000 wait=21.9 gen=1
  V1 mode=1 act=3 reason=clear blk=-1 task=0 slot=20->59 s=1.309/9.049 rem=7.740 spd=0.200 wait=0.0 gen=2
  V2 mode=1 act=0 reason=emergency_next_step_V0 blk=0 task=0 slot=36->-1 s=2.140/3.743 rem=1.603 spd=0.000 wait=13.6 gen=1[0m
[33m[WARN] [1789384227.096003787]: [WHIST]
tick=369
  V0 mode=1 act=0 reason=departure_cluster_priority blk=1 task=0 slot=38->-1 s=2.601/3.963 rem=1.361 spd=0.000 wait=22.0 gen=1
  V1 mode=1 act=3 reason=clear blk=-1 task=0 slot=20->59 s=1.329/9.049 rem=7.720 spd=0.200 wait=0.0 gen=2
  V2 mode=1 act=0 reason=emergency_next_step_V0 blk=0 task=0 slot=36->-1 s=2.140/3.743 rem=1.603 spd=0.000 wait=13.7 gen=1[0m
[33m[WARN] [1789384227.096168997]: [WHIST]
tick=370
  V0 mode=1 act=0 reason=departure_cluster_priority blk=1 task=0 slot=38->-1 s=2.601/3.963 rem=1.361 spd=0.000 wait=22.1 gen=1
  V1 mode=1 act=3 reason=clear blk=-1 task=0 slot=20->59 s=1.349/9.049 rem=7.700 spd=0.200 wait=0.0 gen=2
  V2 mode=1 act=0 reason=emergency_next_step_V0 blk=0 task=0 slot=36->-1 s=2.140/3.743 rem=1.603 spd=0.000 wait=13.8 gen=1[0m
[33m[WARN] [1789384227.096336911]: [WHIST]
tick=371
  V0 mode=1 act=0 reason=departure_cluster_priority blk=1 task=0 slot=38->-1 s=2.601/3.963 rem=1.361 spd=0.000 wait=22.2 gen=1
  V1 mode=1 act=3 reason=clear blk=-1 task=0 slot=20->59 s=1.369/9.049 rem=7.680 spd=0.200 wait=0.0 gen=2
  V2 mode=1 act=0 reason=emergency_next_step_V0 blk=0 task=0 slot=36->-1 s=2.140/3.743 rem=1.603 spd=0.000 wait=13.9 gen=1[0m
[33m[WARN] [1789384227.096486469]: [WHIST]
tick=372
  V0 mode=1 act=0 reason=departure_cluster_priority blk=1 task=0 slot=38->-1 s=2.601/3.963 rem=1.361 spd=0.000 wait=22.3 gen=1
  V1 mode=1 act=3 reason=clear blk=-1 task=0 slot=20->59 s=1.389/9.049 rem=7.660 spd=0.200 wait=0.0 gen=2
  V2 mode=1 act=0 reason=emergency_next_step_V0 blk=0 task=0 slot=36->-1 s=2.140/3.743 rem=1.603 spd=0.000 wait=14.0 gen=1[0m
[33m[WARN] [1789384227.096633840]: [WHIST]
tick=373
  V0 mode=1 act=0 reason=departure_cluster_priority blk=1 task=0 slot=38->-1 s=2.601/3.963 rem=1.361 spd=0.000 wait=22.4 gen=1
  V1 mode=1 act=3 reason=clear blk=-1 task=0 slot=20->59 s=1.409/9.049 rem=7.640 spd=0.200 wait=0.0 gen=2
  V2 mode=1 act=0 reason=emergency_next_step_V0 blk=0 task=0 slot=36->-1 s=2.140/3.743 rem=1.603 spd=0.000 wait=14.1 gen=1[0m
[33m[WARN] [1789384227.096879727]: [WHIST]
tick=374
  V0 mode=1 act=0 reason=departure_cluster_priority blk=1 task=0 slot=38->-1 s=2.601/3.963 rem=1.361 spd=0.000 wait=22.5 gen=1
  V1 mode=1 act=3 reason=clear blk=-1 task=0 slot=20->59 s=1.429/9.049 rem=7.620 spd=0.200 wait=0.0 gen=2
  V2 mode=1 act=0 reason=emergency_next_step_V0 blk=0 task=0 slot=36->-1 s=2.140/3.743 rem=1.603 spd=0.000 wait=14.2 gen=1[0m
[33m[WARN] [1789384227.097023059]: [WHIST]
tick=375
  V0 mode=1 act=0 reason=departure_cluster_priority blk=1 task=0 slot=38->-1 s=2.601/3.963 rem=1.361 spd=0.000 wait=22.6 gen=1
  V1 mode=1 act=3 reason=clear blk=-1 task=0 slot=20->59 s=1.449/9.049 rem=7.600 spd=0.200 wait=0.0 gen=2
  V2 mode=1 act=0 reason=emergency_next_step_V0 blk=0 task=0 slot=36->-1 s=2.140/3.743 rem=1.603 spd=0.000 wait=14.3 gen=1[0m
[33m[WARN] [1789384227.097159826]: [WHIST]
tick=376
  V0 mode=1 act=0 reason=departure_cluster_priority blk=1 task=0 slot=38->-1 s=2.601/3.963 rem=1.361 spd=0.000 wait=22.7 gen=1
  V1 mode=1 act=3 reason=clear blk=-1 task=0 slot=20->59 s=1.469/9.049 rem=7.580 spd=0.200 wait=0.0 gen=2
  V2 mode=1 act=0 reason=emergency_next_step_V0 blk=0 task=0 slot=36->-1 s=2.140/3.743 rem=1.603 spd=0.000 wait=14.4 gen=1[0m
[33m[WARN] [1789384227.097298208]: [WHIST]
tick=377
  V0 mode=1 act=0 reason=departure_cluster_priority blk=1 task=0 slot=38->-1 s=2.601/3.963 rem=1.361 spd=0.000 wait=22.8 gen=1
  V1 mode=1 act=3 reason=clear blk=-1 task=0 slot=20->59 s=1.489/9.049 rem=7.560 spd=0.200 wait=0.0 gen=2
  V2 mode=1 act=0 reason=emergency_next_step_V0 blk=0 task=0 slot=36->-1 s=2.140/3.743 rem=1.603 spd=0.000 wait=14.5 gen=1[0m
[33m[WARN] [1789384227.097435936]: [WHIST]
tick=378
  V0 mode=1 act=0 reason=departure_cluster_priority blk=1 task=0 slot=38->-1 s=2.601/3.963 rem=1.361 spd=0.000 wait=22.9 gen=1
  V1 mode=1 act=3 reason=clear blk=-1 task=0 slot=20->59 s=1.509/9.049 rem=7.540 spd=0.200 wait=0.0 gen=2
  V2 mode=1 act=0 reason=emergency_next_step_V0 blk=0 task=0 slot=36->-1 s=2.140/3.743 rem=1.603 spd=0.000 wait=14.6 gen=1[0m
[33m[WARN] [1789384227.097571588]: [WHIST]
tick=379
  V0 mode=1 act=0 reason=departure_cluster_priority blk=1 task=0 slot=38->-1 s=2.601/3.963 rem=1.361 spd=0.000 wait=23.0 gen=1
  V1 mode=1 act=3 reason=clear blk=-1 task=0 slot=20->59 s=1.529/9.049 rem=7.520 spd=0.200 wait=0.0 gen=2
  V2 mode=1 act=0 reason=emergency_next_step_V0 blk=0 task=0 slot=36->-1 s=2.140/3.743 rem=1.603 spd=0.000 wait=14.7 gen=1[0m
[33m[WARN] [1789384227.097728059]: [WHIST]
tick=380
  V0 mode=1 act=0 reason=departure_cluster_priority blk=1 task=0 slot=38->-1 s=2.601/3.963 rem=1.361 spd=0.000 wait=23.1 gen=1
  V1 mode=1 act=3 reason=clear blk=-1 task=0 slot=20->59 s=1.549/9.049 rem=7.500 spd=0.200 wait=0.0 gen=2
  V2 mode=1 act=0 reason=emergency_next_step_V0 blk=0 task=0 slot=36->-1 s=2.140/3.743 rem=1.603 spd=0.000 wait=14.8 gen=1[0m
[33m[WARN] [1789384227.097898064]: [WHIST]
tick=381
  V0 mode=1 act=0 reason=departure_cluster_priority blk=1 task=0 slot=38->-1 s=2.601/3.963 rem=1.361 spd=0.000 wait=23.2 gen=1
  V1 mode=1 act=3 reason=clear blk=-1 task=0 slot=20->59 s=1.569/9.049 rem=7.480 spd=0.200 wait=0.0 gen=2
  V2 mode=1 act=0 reason=emergency_next_step_V0 blk=0 task=0 slot=36->-1 s=2.140/3.743 rem=1.603 spd=0.000 wait=14.9 gen=1[0m
[33m[WARN] [1789384227.098043962]: [WHIST]
tick=382
  V0 mode=1 act=0 reason=departure_cluster_priority blk=1 task=0 slot=38->-1 s=2.601/3.963 rem=1.361 spd=0.000 wait=23.3 gen=1
  V1 mode=1 act=3 reason=clear blk=-1 task=0 slot=20->59 s=1.589/9.049 rem=7.460 spd=0.200 wait=0.0 gen=2
  V2 mode=1 act=0 reason=emergency_next_step_V0 blk=0 task=0 slot=36->-1 s=2.140/3.743 rem=1.603 spd=0.000 wait=15.0 gen=1[0m
[33m[WARN] [1789384227.098197248]: [WHIST]
tick=383
  V0 mode=1 act=0 reason=departure_cluster_priority blk=1 task=0 slot=38->-1 s=2.601/3.963 rem=1.361 spd=0.000 wait=23.4 gen=1
  V1 mode=1 act=3 reason=clear blk=-1 task=0 slot=20->59 s=1.609/9.049 rem=7.440 spd=0.200 wait=0.0 gen=2
  V2 mode=1 act=0 reason=emergency_next_step_V0 blk=0 task=0 slot=36->-1 s=2.140/3.743 rem=1.603 spd=0.000 wait=15.1 gen=1[0m
[33m[WARN] [1789384227.098351285]: [WHIST]
tick=384
  V0 mode=1 act=0 reason=departure_cluster_priority blk=1 task=0 slot=38->-1 s=2.601/3.963 rem=1.361 spd=0.000 wait=23.5 gen=1
  V1 mode=1 act=3 reason=clear blk=-1 task=0 slot=20->59 s=1.629/9.049 rem=7.420 spd=0.200 wait=0.0 gen=2
  V2 mode=1 act=0 reason=emergency_next_step_V0 blk=0 task=0 slot=36->-1 s=2.140/3.743 rem=1.603 spd=0.000 wait=15.2 gen=1[0m
[33m[WARN] [1789384227.098492275]: [WHIST]
tick=385
  V0 mode=1 act=0 reason=departure_cluster_priority blk=1 task=0 slot=38->-1 s=2.601/3.963 rem=1.361 spd=0.000 wait=23.6 gen=1
  V1 mode=1 act=3 reason=clear blk=-1 task=0 slot=20->59 s=1.649/9.049 rem=7.400 spd=0.200 wait=0.0 gen=2
  V2 mode=1 act=0 reason=emergency_next_step_V0 blk=0 task=0 slot=36->-1 s=2.140/3.743 rem=1.603 spd=0.000 wait=15.3 gen=1[0m
[33m[WARN] [1789384227.098648896]: [WHIST]
tick=386
  V0 mode=1 act=0 reason=departure_cluster_priority blk=1 task=0 slot=38->-1 s=2.601/3.963 rem=1.361 spd=0.000 wait=23.7 gen=1
  V1 mode=1 act=3 reason=clear blk=-1 task=0 slot=20->59 s=1.669/9.049 rem=7.380 spd=0.200 wait=0.0 gen=2
  V2 mode=1 act=0 reason=emergency_next_step_V0 blk=0 task=0 slot=36->-1 s=2.140/3.743 rem=1.603 spd=0.000 wait=15.4 gen=1[0m
[33m[WARN] [1789384227.098809724]: [WHIST]
tick=387
  V0 mode=1 act=0 reason=departure_cluster_priority blk=1 task=0 slot=38->-1 s=2.601/3.963 rem=1.361 spd=0.000 wait=23.8 gen=1
  V1 mode=1 act=3 reason=clear blk=-1 task=0 slot=20->59 s=1.689/9.049 rem=7.360 spd=0.200 wait=0.0 gen=2
  V2 mode=1 act=0 reason=emergency_next_step_V0 blk=0 task=0 slot=36->-1 s=2.140/3.743 rem=1.603 spd=0.000 wait=15.5 gen=1[0m
[33m[WARN] [1789384227.098963465]: [WHIST]
tick=388
  V0 mode=1 act=0 reason=departure_cluster_priority blk=1 task=0 slot=38->-1 s=2.601/3.963 rem=1.361 spd=0.000 wait=23.9 gen=1
  V1 mode=1 act=3 reason=clear blk=-1 task=0 slot=20->59 s=1.709/9.049 rem=7.340 spd=0.200 wait=0.0 gen=2
  V2 mode=1 act=0 reason=emergency_next_step_V0 blk=0 task=0 slot=36->-1 s=2.140/3.743 rem=1.603 spd=0.000 wait=15.6 gen=1[0m
[33m[WARN] [1789384227.099103759]: [WHIST]
tick=389
  V0 mode=1 act=0 reason=departure_cluster_priority blk=1 task=0 slot=38->-1 s=2.601/3.963 rem=1.361 spd=0.000 wait=24.0 gen=1
  V1 mode=1 act=3 reason=clear blk=-1 task=0 slot=20->59 s=1.729/9.049 rem=7.320 spd=0.200 wait=0.0 gen=2
  V2 mode=1 act=0 reason=emergency_next_step_V0 blk=0 task=0 slot=36->-1 s=2.140/3.743 rem=1.603 spd=0.000 wait=15.7 gen=1[0m
[33m[WARN] [1789384227.099247510]: [WHIST]
tick=390
  V0 mode=1 act=0 reason=departure_cluster_priority blk=1 task=0 slot=38->-1 s=2.601/3.963 rem=1.361 spd=0.000 wait=24.1 gen=1
  V1 mode=1 act=3 reason=clear blk=-1 task=0 slot=20->59 s=1.749/9.049 rem=7.300 spd=0.200 wait=0.0 gen=2
  V2 mode=1 act=0 reason=emergency_next_step_V0 blk=0 task=0 slot=36->-1 s=2.140/3.743 rem=1.603 spd=0.000 wait=15.8 gen=1[0m
[33m[WARN] [1789384227.099388039]: [WHIST]
tick=391
  V0 mode=1 act=0 reason=departure_cluster_priority blk=1 task=0 slot=38->-1 s=2.601/3.963 rem=1.361 spd=0.000 wait=24.2 gen=1
  V1 mode=1 act=3 reason=clear blk=-1 task=0 slot=20->59 s=1.769/9.049 rem=7.280 spd=0.200 wait=0.0 gen=2
  V2 mode=1 act=0 reason=emergency_next_step_V0 blk=0 task=0 slot=36->-1 s=2.140/3.743 rem=1.603 spd=0.000 wait=15.9 gen=1[0m
[33m[WARN] [1789384227.099531044]: [WHIST]
tick=392
  V0 mode=1 act=1 reason=clear blk=-1 task=0 slot=38->-1 s=2.603/3.963 rem=1.359 spd=0.020 wait=24.3 gen=1
  V1 mode=1 act=3 reason=clear blk=-1 task=0 slot=20->59 s=1.789/9.049 rem=7.260 spd=0.200 wait=0.0 gen=2
  V2 mode=1 act=1 reason=clear blk=-1 task=0 slot=36->-1 s=2.142/3.743 rem=1.601 spd=0.020 wait=16.0 gen=1[0m
[33m[WARN] [1789384227.099681073]: [WHIST]
tick=393
  V0 mode=1 act=0 reason=emergency_next_step_V2 blk=2 task=0 slot=38->-1 s=2.603/3.963 rem=1.359 spd=0.000 wait=24.4 gen=1
  V1 mode=1 act=3 reason=clear blk=-1 task=0 slot=20->59 s=1.809/9.049 rem=7.240 spd=0.200 wait=0.0 gen=2
  V2 mode=1 act=0 reason=emergency_next_step_V0 blk=0 task=0 slot=36->-1 s=2.142/3.743 rem=1.601 spd=0.000 wait=16.1 gen=1[0m
[33m[WARN] [1789384227.099824977]: [WHIST]
tick=394
  V0 mode=1 act=0 reason=emergency_next_step_V2 blk=2 task=0 slot=38->-1 s=2.603/3.963 rem=1.359 spd=0.000 wait=24.5 gen=1
  V1 mode=1 act=3 reason=clear blk=-1 task=0 slot=20->59 s=1.829/9.049 rem=7.220 spd=0.200 wait=0.0 gen=2
  V2 mode=1 act=0 reason=emergency_next_step_V0 blk=0 task=0 slot=36->-1 s=2.142/3.743 rem=1.601 spd=0.000 wait=16.2 gen=1[0m
[33m[WARN] [1789384227.099966079]: [WHIST]
tick=395
  V0 mode=1 act=0 reason=emergency_next_step_V2 blk=2 task=0 slot=38->-1 s=2.603/3.963 rem=1.359 spd=0.000 wait=24.6 gen=1
  V1 mode=1 act=3 reason=clear blk=-1 task=0 slot=20->59 s=1.849/9.049 rem=7.200 spd=0.200 wait=0.0 gen=2
  V2 mode=1 act=0 reason=emergency_next_step_V0 blk=0 task=0 slot=36->-1 s=2.142/3.743 rem=1.601 spd=0.000 wait=16.3 gen=1[0m
[33m[WARN] [1789384227.100108040]: [WHIST]
tick=396
  V0 mode=1 act=0 reason=emergency_next_step_V2 blk=2 task=0 slot=38->-1 s=2.603/3.963 rem=1.359 spd=0.000 wait=24.7 gen=1
  V1 mode=1 act=3 reason=clear blk=-1 task=0 slot=20->59 s=1.869/9.049 rem=7.180 spd=0.200 wait=0.0 gen=2
  V2 mode=1 act=0 reason=emergency_next_step_V0 blk=0 task=0 slot=36->-1 s=2.142/3.743 rem=1.601 spd=0.000 wait=16.4 gen=1[0m
[33m[WARN] [1789384227.100250564]: [WHIST]
tick=397
  V0 mode=1 act=0 reason=emergency_next_step_V2 blk=2 task=0 slot=38->-1 s=2.603/3.963 rem=1.359 spd=0.000 wait=24.8 gen=1
  V1 mode=1 act=3 reason=clear blk=-1 task=0 slot=20->59 s=1.889/9.049 rem=7.160 spd=0.200 wait=0.0 gen=2
  V2 mode=1 act=0 reason=emergency_next_step_V0 blk=0 task=0 slot=36->-1 s=2.142/3.743 rem=1.601 spd=0.000 wait=16.5 gen=1[0m
[33m[WARN] [1789384227.100398988]: [WHIST]
tick=398
  V0 mode=1 act=0 reason=emergency_next_step_V2 blk=2 task=0 slot=38->-1 s=2.603/3.963 rem=1.359 spd=0.000 wait=24.9 gen=1
  V1 mode=1 act=3 reason=clear blk=-1 task=0 slot=20->59 s=1.909/9.049 rem=7.140 spd=0.200 wait=0.0 gen=2
  V2 mode=1 act=0 reason=emergency_next_step_V0 blk=0 task=0 slot=36->-1 s=2.142/3.743 rem=1.601 spd=0.000 wait=16.6 gen=1[0m
[33m[WARN] [1789384227.100548802]: [WHIST]
tick=399
  V0 mode=1 act=0 reason=emergency_next_step_V2 blk=2 task=0 slot=38->-1 s=2.603/3.963 rem=1.359 spd=0.000 wait=25.0 gen=1
  V1 mode=1 act=3 reason=clear blk=-1 task=0 slot=20->59 s=1.929/9.049 rem=7.120 spd=0.200 wait=0.0 gen=2
  V2 mode=1 act=0 reason=emergency_next_step_V0 blk=0 task=0 slot=36->-1 s=2.142/3.743 rem=1.601 spd=0.000 wait=16.7 gen=1[0m
[33m[WARN] [1789384227.105193254]: [SOURCE=REAL] [plan=21] [frame=10] [rollout_step=-1] [CONFLICT] V0(s=2.603 rem=1.359 act=0 blk=2) vs V1(s=1.929 rem=7.120 act=3 blk=-1) | owner=V-1 following=0 nzones=0 all_same_dir=1[0m
[33m[WARN] [1789384227.105361151]: [SOURCE=REAL] [plan=21] [frame=10] [rollout_step=-1] [CONFLICT] V0(s=2.603 rem=1.359 act=0 blk=2) vs V2(s=2.142 rem=1.601 act=0 blk=0) | owner=V-1 following=0 nzones=1 all_same_dir=1[0m
[33m[WARN] [1789384227.105522476]: [SOURCE=REAL] [plan=21] [frame=10] [rollout_step=-1] [CONFLICT]   zone0 same_dir=1 | A[0.075,3.950] stopA=-0.104 committedA=1 | B[0.250,3.725] stopB=0.071 committedB=1 | @(1.25,4.26)[0m
[33m[WARN] [1789384227.303065246]: [multi_patrol][A1 EXIT HORIZON] V0 target=B9 dwell_part=4.90s departure_window=10.10s total_horizon=15.00s[0m
[33m[WARN] [1789384227.343255535]: [multi_patrol][A1 EXIT HORIZON] V0 target=B9 dwell_part=2.90s departure_window=12.10s total_horizon=15.00s[0m
[33m[WARN] [1789384227.394872814]: [multi_patrol][A1 EXIT HORIZON] V0 target=B9 dwell_part=0.90s departure_window=14.10s total_horizon=15.00s[0m
[33m[WARN] [1789384227.742650882]: [SLOT_DEPARTURE] time=1min17.9s vehicle=V0 owner=V2 result=HOLD reason=a1_stop_s_before_slot_clear candidate_path_gen=3 slot_departure_clear_s=0.346 vehicle_mode=DWELL vehicle_speed=0.000 vehicle_path_s=3.155 blocker=V2 a1_prefix_conflict=1 ordinary_road_conflict=0 owner_phase=TO_A1 owner_path_gen=1 geometry=pending_preview protected_zones=2 actual_occupancy_priority=0 spatial_stop_launch_infeasible=1 waiter_stop_s=0.150[0m
[33m[WARN] [1789384227.778175156]: [multi_patrol][A1 EXIT HORIZON] V2 target=B8 dwell_part=4.90s departure_window=10.10s total_horizon=15.00s[0m
[33m[WARN] [1789384227.817890634]: [multi_patrol][A1 EXIT HORIZON] V2 target=B8 dwell_part=2.90s departure_window=12.10s total_horizon=15.00s[0m
[33m[WARN] [1789384227.857695289]: [multi_patrol][A1 EXIT HORIZON] V2 target=B8 dwell_part=0.90s departure_window=14.10s total_horizon=15.00s[0m
[33m[WARN] [1789384227.892168474]: [SOURCE=REAL] [plan=46] [frame=7] [rollout_step=-1] [multi_patrol][A1 EXIT INTRUSION ENTER] owner=V2 target=B8 blocker=V0 dwell_remaining=0.00s visible_exit_t=15.00s owner_exit_s=2.715 blocker_phase=5 blocker_s=3.155 action=DIAG_ONLY[0m
[33m[WARN] [1789384227.897451046]: [SLOT_DEPARTURE] time=1min25.1s vehicle=V1 owner=V2 result=ALLOW reason=slot_departure_clear candidate_path_gen=3 slot_departure_clear_s=0.346 vehicle_mode=ACTIVE vehicle_speed=0.000 vehicle_path_s=0.000 blocker=none a1_prefix_conflict=0 ordinary_road_conflict=0 owner_phase=TO_B owner_path_gen=2 geometry=actual_to_b protected_zones=0 actual_occupancy_priority=0 spatial_stop_launch_infeasible=0 waiter_stop_s=6.075[0m
[33m[WARN] [1789384227.897813429]: [multi_patrol][A1 EXIT PREPARED] V1 target=B36 pickup_dwell=5.00s exit_len=5.094 priority_until_s=1.058 horizon_refresh=IMMEDIATE[0m
[33m[WARN] [1789384228.063546805]: [SOURCE=REAL] [plan=49] [frame=19] [rollout_step=-1] [multi_patrol][A1 EXIT INTRUSION CLEAR] owner=V2 blocker=V0[0m
00 frames=150 commit_frames=20[0m
[0m[INFO] [1789384227.136249081]: [sim_plan] built plan=22 start=40.90 horizon=15.00 frames=150 commit_frames=20[0m
[0m[INFO] [1789384227.177287264]: [sim_plan] built plan=23 start=42.90 horizon=15.00 frames=150 commit_frames=20[0m
[0m[INFO] [1789384227.212435029]: [sim_plan] built plan=24 start=44.90 horizon=15.00 frames=150 commit_frames=20[0m
[0m[INFO] [1789384227.242531503]: [sim_plan] built plan=25 start=46.90 horizon=15.00 frames=150 commit_frames=20[0m
[0m[INFO] [1789384227.272489700]: [sim_plan] built plan=26 start=48.90 horizon=15.00 frames=150 commit_frames=20[0m
[0m[INFO] [1789384227.303030991]: [sim_plan] built plan=27 start=50.00 horizon=15.00 frames=150 commit_frames=20[0m
[0m[INFO] [1789384227.343220104]: [sim_plan] built plan=28 start=52.00 horizon=15.00 frames=150 commit_frames=20[0m
[0m[INFO] [1789384227.394831288]: [sim_plan] built plan=29 start=54.00 horizon=15.00 frames=150 commit_frames=20[0m
[0m[INFO] [1789384227.395884770]: [multi_patrol][A1] V0 activate prepared dropoff: A1 -> B9 len=3.155 priority_until_s=1.056[0m
[0m[INFO] [1789384227.449024172]: [sim_plan] built plan=30 start=54.90 horizon=15.00 frames=150 commit_frames=20[0m
[0m[INFO] [1789384227.500228463]: [sim_plan] built plan=31 start=56.90 horizon=15.00 frames=150 commit_frames=20[0m
[0m[INFO] [1789384227.546593560]: [sim_plan] built plan=32 start=58.90 horizon=15.00 frames=150 commit_frames=20[0m
[0m[INFO] [1789384227.547570265]: [batch] 600/3000 ticks (sim_t=60s) hard_guard=1[0m
[0m[INFO] [1789384227.592318105]: [sim_plan] built plan=33 start=60.90 horizon=15.00 frames=150 commit_frames=20[0m
[0m[INFO] [1789384227.593000154]: [multi_patrol][A1 EXIT PRIORITY RELEASE] V0 s=1.069 threshold=1.056[0m
[0m[INFO] [1789384227.633137001]: [sim_plan] built plan=34 start=62.90 horizon=15.00 frames=150 commit_frames=20[0m
[0m[INFO] [1789384227.666779607]: [sim_plan] built plan=35 start=64.90 horizon=15.00 frames=150 commit_frames=20[0m
[0m[INFO] [1789384227.690775827]: [sim_plan] built plan=36 start=66.90 horizon=15.00 frames=150 commit_frames=20[0m
[0m[INFO] [1789384227.706530132]: [sim_plan] built plan=37 start=68.90 horizon=15.00 frames=150 commit_frames=20[0m
[0m[INFO] [1789384227.717673950]: [sim_plan] built plan=38 start=70.90 horizon=15.00 frames=150 commit_frames=20[0m
[0m[INFO] [1789384227.729667285]: [sim_plan] built plan=39 start=72.90 horizon=15.00 frames=150 commit_frames=20[0m
[0m[INFO] [1789384227.735807330]: [sim_plan] built plan=40 start=74.90 horizon=15.00 frames=150 commit_frames=20[0m
[0m[INFO] [1789384227.740339761]: [sim_plan] built plan=41 start=76.90 horizon=15.00 frames=150 commit_frames=20[0m
[0m[INFO] [1789384227.765321480]: [sim_plan] built plan=42 start=78.90 horizon=15.00 frames=150 commit_frames=20[0m
[0m[INFO] [1789384227.778141033]: [sim_plan] built plan=43 start=79.40 horizon=15.00 frames=150 commit_frames=20[0m
[0m[INFO] [1789384227.817853014]: [sim_plan] built plan=44 start=81.40 horizon=15.00 frames=150 commit_frames=20[0m
[0m[INFO] [1789384227.857650072]: [sim_plan] built plan=45 start=83.40 horizon=15.00 frames=150 commit_frames=20[0m
[0m[INFO] [1789384227.874861968]: [multi_patrol][A1] V2 activate prepared dropoff: A1 -> B8 len=2.936 priority_until_s=1.056[0m
[0m[INFO] [1789384227.878178862]: [sim_plan] built plan=46 start=84.30 horizon=15.00 frames=150 commit_frames=20[0m
[0m[INFO] [1789384227.897418661]: [multi_patrol][A1] V1 pickup leg: B59 -> A1  wpts=690 len=7.406[0m
[0m[INFO] [1789384227.911027295]: [sim_plan] built plan=47 start=85.10 horizon=15.00 frames=150 commit_frames=20[0m
[0m[INFO] [1789384227.966612628]: [sim_plan] built plan=48 start=87.10 horizon=15.00 frames=150 commit_frames=20[0m
[0m[INFO] [1789384228.023603292]: [sim_plan] built plan=49 start=89.10 horizon=15.00 frames=150 commit_frames=20[0m
[0m[INFO] [1789384228.043201307]: [batch] 900/3000 ticks (sim_t=90s) hard_guard=1[0m
[0m[INFO] [1789384228.063506762]: [multi_patrol][A1 EXIT PRIORITY RELEASE] V2 s=1.069 threshold=1.056[0m
[0m[I[33m[WARN] [1789384228.064508809]: [SLOT_DEPARTURE] time=1min31.1s vehicle=V0 owner=V2 result=ALLOW reason=slot_departure_clear_after_retry candidate_path_gen=3 slot_departure_clear_s=0.346 vehicle_mode=ACTIVE vehicle_speed=0.000 vehicle_path_s=0.000 blocker=none a1_prefix_conflict=0 ordinary_road_conflict=0 owner_phase=TO_B owner_path_gen=2 geometry=actual_to_b protected_zones=0 actual_occupancy_priority=0 spatial_stop_launch_infeasible=0[0m
[33m[WARN] [1789384228.064829871]: [multi_patrol][A1 EXIT PREPARED] V0 target=B6 pickup_dwell=5.00s exit_len=2.501 priority_until_s=1.058 horizon_refresh=IMMEDIATE[0m
[33m[WARN] [1789384228.257664275]: [SLOT_DEPARTURE] time=1min46.2s vehicle=V2 owner=V0 result=ALLOW reason=slot_departure_clear candidate_path_gen=3 slot_departure_clear_s=0.346 vehicle_mode=ACTIVE vehicle_speed=0.000 vehicle_path_s=0.000 blocker=none a1_prefix_conflict=0 ordinary_road_conflict=0 owner_phase=TO_A1 owner_path_gen=3 geometry=pending_preview protected_zones=0 actual_occupancy_priority=0 spatial_stop_launch_infeasible=0 waiter_stop_s=0.650[0m
[33m[WARN] [1789384228.257980970]: [multi_patrol][A1 EXIT PREPARED] V2 target=B21 pickup_dwell=5.00s exit_len=6.385 priority_until_s=1.058 horizon_refresh=IMMEDIATE[0m
[33m[WARN] [1789384228.667811622]: [multi_patrol][A1 EXIT HORIZON] V0 target=B6 dwell_part=4.90s departure_window=10.10s total_horizon=15.00s[0m
[33m[WARN] [1789384228.669082401]: [SOURCE=REAL] [plan=65] [frame=18] [rollout_step=-1] [multi_patrol][A1 EXIT INTRUSION ENTER] owner=V0 target=B6 blocker=V2 dwell_remaining=3.10s visible_exit_t=15.00s owner_exit_s=2.025 blocker_phase=1 blocker_s=0.650 action=DIAG_ONLY[0m
[33m[WARN] [1789384228.726514022]: [multi_patrol][A1 EXIT HORIZON] V0 target=B6 dwell_part=2.90s departure_window=12.10s total_horizon=15.00s[0m
[33m[WARN] [1789384228.789979327]: [multi_patrol][A1 EXIT HORIZON] V0 target=B6 dwell_part=0.90s departure_window=14.10s total_horizon=15.00s[0m
[33m[WARN] [1789384229.000708748]: [SOURCE=REAL] [plan=71] [frame=7] [rollout_step=-1] [multi_patrol][A1 EXIT INTRUSION CLEAR] owner=V0 blocker=V2[0m
[33m[WARN] [1789384229.155186115]: [SLOT_DEPARTURE] time=2min23.9s vehicle=V0 owner=V1 result=HOLD reason=a1_stop_s_before_slot_clear candidate_path_gen=5 slot_departure_clear_s=0.346 vehicle_mode=DWELL vehicle_speed=0.000 vehicle_path_s=2.501 blocker=V1 a1_prefix_conflict=1 ordinary_road_conflict=0 owner_phase=TO_A1 owner_path_gen=3 geometry=pending_preview protected_zones=1 actual_occupancy_priority=0 spatial_stop_launch_infeasible=1 waiter_stop_s=0.250[0m
[33m[WARN] [1789384229.225882004]: [multi_patrol][A1 EXIT HORIZON] V1 target=B36 dwell_part=4.90s departure_window=10.10s total_horizon=15.00s[0m
NFO] [1789384228.064318409]: [multi_patrol][A1] V0 pickup leg: B9 -> A1  wpts=328 len=3.634[0m
[0m[INFO] [1789384228.105079761]: [sim_plan] built plan=50 start=91.10 horizon=15.00 frames=150 commit_frames=20[0m
[0m[INFO] [1789384228.140125260]: [sim_plan] built plan=51 start=93.10 horizon=15.00 frames=150 commit_frames=20[0m
[0m[INFO] [1789384228.169951339]: [sim_plan] built plan=52 start=95.10 horizon=15.00 frames=150 commit_frames=20[0m
[0m[INFO] [1789384228.193160106]: [sim_plan] built plan=53 start=97.10 horizon=15.00 frames=150 commit_frames=20[0m
[0m[INFO] [1789384228.211262559]: [sim_plan] built plan=54 start=99.10 horizon=15.00 frames=150 commit_frames=20[0m
[0m[INFO] [1789384228.225092371]: [sim_plan] built plan=55 start=101.10 horizon=15.00 frames=150 commit_frames=20[0m
[0m[INFO] [1789384228.237844012]: [sim_plan] built plan=56 start=103.10 horizon=15.00 frames=150 commit_frames=20[0m
[0m[INFO] [1789384228.255344723]: [sim_plan] built plan=57 start=105.10 horizon=15.00 frames=150 commit_frames=20[0m
[0m[INFO] [1789384228.257633209]: [multi_patrol][A1] V2 pickup leg: B8 -> A1  wpts=306 len=3.415[0m
[0m[INFO] [1789384228.306966946]: [sim_plan] built plan=58 start=106.20 horizon=15.00 frames=150 commit_frames=20[0m
[0m[INFO] [1789384228.356498220]: [sim_plan] built plan=59 start=108.20 horizon=15.00 frames=150 commit_frames=20[0m
[0m[INFO] [1789384228.403946939]: [sim_plan] built plan=60 start=110.20 horizon=15.00 frames=150 commit_frames=20[0m
[0m[INFO] [1789384228.457651595]: [sim_plan] built plan=61 start=112.20 horizon=15.00 frames=150 commit_frames=20[0m
[0m[INFO] [1789384228.509902193]: [sim_plan] built plan=62 start=114.20 horizon=15.00 frames=150 commit_frames=20[0m
[0m[INFO] [1789384228.562819824]: [sim_plan] built plan=63 start=116.20 horizon=15.00 frames=150 commit_frames=20[0m
[0m[INFO] [1789384228.615909904]: [sim_plan] built plan=64 start=118.20 horizon=15.00 frames=150 commit_frames=20[0m
[0m[INFO] [1789384228.667778164]: [sim_plan] built plan=65 start=119.30 horizon=15.00 frames=150 commit_frames=20[0m
[0m[INFO] [1789384228.668568026]: [batch] 1200/3000 ticks (sim_t=120s) hard_guard=1[0m
[0m[INFO] [1789384228.726479081]: [sim_plan] built plan=66 start=121.30 horizon=15.00 frames=150 commit_frames=20[0m
[0m[INFO] [1789384228.789936206]: [sim_plan] built plan=67 start=123.30 horizon=15.00 frames=150 commit_frames=20[0m
[0m[INFO] [1789384228.790980254]: [multi_patrol][A1] V0 activate prepared dropoff: A1 -> B6 len=2.501 priority_until_s=1.058[0m
[0m[INFO] [1789384228.853431421]: [sim_plan] built plan=68 start=124.20 horizon=15.00 frames=150 commit_frames=20[0m
[0m[INFO] [1789384228.909614745]: [sim_plan] built plan=69 start=126.20 horizon=15.00 frames=150 commit_frames=20[0m
[0m[INFO] [1789384228.959750403]: [sim_plan] built plan=70 start=128.20 horizon=15.00 frames=150 commit_frames=20[0m
[0m[INFO] [1789384228.999943987]: [sim_plan] built plan=71 start=130.20 horizon=15.00 frames=150 commit_frames=20[0m
[0m[INFO] [1789384229.000614838]: [multi_patrol][A1 EXIT PRIORITY RELEASE] V0 s=1.069 threshold=1.058[0m
[0m[INFO] [1789384229.040269828]: [sim_plan] built plan=72 start=132.20 horizon=15.00 frames=150 commit_frames=20[0m
[0m[INFO] [1789384229.073189632]: [sim_plan] built plan=73 start=134.20 horizon=15.00 frames=150 commit_frames=20[0m
[0m[INFO] [1789384229.096779350]: [sim_plan] built plan=74 start=136.20 horizon=15.00 frames=150 commit_frames=20[0m
[0m[INFO] [1789384229.106270975]: [sim_plan] built plan=75 start=138.20 horizon=15.00 frames=150 commit_frames=20[0m
[0m[INFO] [1789384229.129554691]: [sim_plan] built plan=76 start=140.20 horizon=15.00 frames=150 commit_frames=20[0m
[0m[INFO] [1789384229.151469103]: [sim_plan] built plan=77 start=142.20 horizon=15.00 frames=150 commit_frames=20[0m
[0m[INFO] [1789384229.180125820]: [sim_plan] built plan=78 start=144.20 horizon=15.00 frames=150 commit_frames=20[0m
[0m[INFO] [1789384229.225843669]: [sim_plan] built plan=79 start=145.30 horizon=15.00 frames=150 commit_frames=20[0m
[0m[IN[33m[WARN] [1789384229.297537236]: [multi_patrol][A1 EXIT HORIZON] V1 target=B36 dwell_part=2.90s departure_window=12.10s total_horizon=15.00s[0m
[33m[WARN] [1789384229.373380629]: [multi_patrol][A1 EXIT HORIZON] V1 target=B36 dwell_part=0.90s departure_window=14.10s total_horizon=15.00s[0m
[33m[WARN] [1789384229.659485392]: [SLOT_DEPARTURE] time=2min37.0s vehicle=V0 owner=V1 result=ALLOW reason=slot_departure_clear_after_retry candidate_path_gen=5 slot_departure_clear_s=0.346 vehicle_mode=ACTIVE vehicle_speed=0.000 vehicle_path_s=0.000 blocker=none a1_prefix_conflict=0 ordinary_road_conflict=0 owner_phase=TO_B owner_path_gen=4 geometry=actual_to_b protected_zones=0 actual_occupancy_priority=0 spatial_stop_launch_infeasible=0[0m
[33m[WARN] [1789384229.659869408]: [multi_patrol][A1 EXIT PREPARED] V0 target=B2 pickup_dwell=5.00s exit_len=2.716 priority_until_s=1.056 horizon_refresh=IMMEDIATE[0m
[33m[WARN] [1789384230.157850962]: [multi_patrol][A1 EXIT HORIZON] V2 target=B21 dwell_part=4.90s departure_window=10.10s total_horizon=15.00s[0m
[33m[WARN] [1789384230.162071749]: [SLOT_DEPARTURE] time=3min4.7s vehicle=V1 owner=V2 result=ALLOW reason=slot_departure_clear candidate_path_gen=5 slot_departure_clear_s=0.327 vehicle_mode=ACTIVE vehicle_speed=0.000 vehicle_path_s=0.000 blocker=none a1_prefix_conflict=0 ordinary_road_conflict=0 owner_phase=PICKUP_DWELL owner_path_gen=3 geometry=pending_preview protected_zones=0 actual_occupancy_priority=0 spatial_stop_launch_infeasible=0 waiter_stop_s=2.375[0m
[33m[WARN] [1789384230.162417499]: [multi_patrol][A1 EXIT PREPARED] V1 target=B15 pickup_dwell=5.00s exit_len=4.911 priority_until_s=1.058 horizon_refresh=IMMEDIATE[0m
[33m[WARN] [1789384230.196729432]: [multi_patrol][A1 EXIT HORIZON] V2 target=B21 dwell_part=4.30s departure_window=10.70s total_horizon=15.00s[0m
[33m[WARN] [1789384230.235960083]: [multi_patrol][A1 EXIT HORIZON] V2 target=B21 dwell_part=2.30s departure_window=12.70s total_horizon=15.00s[0m
[33m[WARN] [1789384230.280647376]: [multi_patrol][A1 EXIT HORIZON] V2 target=B21 dwell_part=0.30s departure_window=14.70s total_horizon=15.00s[0m
FO] [1789384229.297341515]: [sim_plan] built plan=80 start=147.30 horizon=15.00 frames=150 commit_frames=20[0m
[0m[INFO] [1789384229.373341986]: [sim_plan] built plan=81 start=149.30 horizon=15.00 frames=150 commit_frames=20[0m
[0m[INFO] [1789384229.392329065]: [batch] 1500/3000 ticks (sim_t=150s) hard_guard=1[0m
[0m[INFO] [1789384229.397754918]: [multi_patrol][A1] V1 activate prepared dropoff: A1 -> B36 len=5.094 priority_until_s=1.058[0m
[0m[INFO] [1789384229.423379448]: [sim_plan] built plan=82 start=150.20 horizon=15.00 frames=150 commit_frames=20[0m
[0m[INFO] [1789384229.497642058]: [sim_plan] built plan=83 start=152.20 horizon=15.00 frames=150 commit_frames=20[0m
[0m[INFO] [1789384229.569831448]: [sim_plan] built plan=84 start=154.20 horizon=15.00 frames=150 commit_frames=20[0m
[0m[INFO] [1789384229.639035992]: [sim_plan] built plan=85 start=156.20 horizon=15.00 frames=150 commit_frames=20[0m
[0m[INFO] [1789384229.659010477]: [multi_patrol][A1 EXIT PRIORITY RELEASE] V1 s=1.069 threshold=1.058[0m
[0m[INFO] [1789384229.659450042]: [multi_patrol][A1] V0 pickup leg: B6 -> A1  wpts=262 len=2.976[0m
[0m[INFO] [1789384229.709640833]: [sim_plan] built plan=86 start=157.00 horizon=15.00 frames=150 commit_frames=20[0m
[0m[INFO] [1789384229.753810905]: [sim_plan] built plan=87 start=159.00 horizon=15.00 frames=150 commit_frames=20[0m
[0m[INFO] [1789384229.799375261]: [sim_plan] built plan=88 start=161.00 horizon=15.00 frames=150 commit_frames=20[0m
[0m[INFO] [1789384229.841212213]: [sim_plan] built plan=89 start=163.00 horizon=15.00 frames=150 commit_frames=20[0m
[0m[INFO] [1789384229.880498535]: [sim_plan] built plan=90 start=165.00 horizon=15.00 frames=150 commit_frames=20[0m
[0m[INFO] [1789384229.941919017]: [sim_plan] built plan=91 start=167.00 horizon=15.00 frames=150 commit_frames=20[0m
[0m[INFO] [1789384229.985122081]: [sim_plan] built plan=92 start=169.00 horizon=15.00 frames=150 commit_frames=20[0m
[0m[INFO] [1789384230.020137531]: [sim_plan] built plan=93 start=171.00 horizon=15.00 frames=150 commit_frames=20[0m
[0m[INFO] [1789384230.047800325]: [sim_plan] built plan=94 start=173.00 horizon=15.00 frames=150 commit_frames=20[0m
[0m[INFO] [1789384230.068651793]: [sim_plan] built plan=95 start=175.00 horizon=15.00 frames=150 commit_frames=20[0m
[0m[INFO] [1789384230.083815404]: [sim_plan] built plan=96 start=177.00 horizon=15.00 frames=150 commit_frames=20[0m
[0m[INFO] [1789384230.101114089]: [sim_plan] built plan=97 start=179.00 horizon=15.00 frames=150 commit_frames=20[0m
[0m[INFO] [1789384230.101596416]: [batch] 1800/3000 ticks (sim_t=180s) hard_guard=1[0m
[0m[INFO] [1789384230.120341096]: [sim_plan] built plan=98 start=181.00 horizon=15.00 frames=150 commit_frames=20[0m
[0m[INFO] [1789384230.139473047]: [sim_plan] built plan=99 start=183.00 horizon=15.00 frames=150 commit_frames=20[0m
[0m[INFO] [1789384230.157819886]: [sim_plan] built plan=100 start=184.10 horizon=15.00 frames=150 commit_frames=20[0m
[0m[INFO] [1789384230.162040377]: [multi_patrol][A1] V1 pickup leg: B36 -> A1  wpts=330 len=3.743[0m
[0m[INFO] [1789384230.196692405]: [sim_plan] built plan=101 start=184.70 horizon=15.00 frames=150 commit_frames=20[0m
[0m[INFO] [1789384230.235912166]: [sim_plan] built plan=102 start=186.70 horizon=15.00 frames=150 commit_frames=20[0m
[0m[INFO] [1789384230.280609122]: [sim_plan] built plan=103 start=188.70 horizon=15.00 frames=150 commit_frames=20[0m
[0m[INFO] [1789384230.281475778]: [multi_patrol][A1] V2 activate prepared dropoff: A1 -> B21 len=6.385 priority_until_s=1.058[0m
[0m[INFO] [1789384230.325401848]: [sim_plan] built plan=104 start=189.00 horizon=15.00 frames=150 commit_frames=20[0m
[0m[INFO] [1789384230.372123200]: [sim_plan] built plan=105 start=191.00 horizon=15.00 frames=150 commit_frames=20[0m
[0m[INFO] [1789384230.415189204]: [sim_plan] built plan=106 start=193.00 horizon=15.00 frames=150 commit_frames=20[0m
[0m[INFO] [1789384230.454574551]: [sim_plan] built plan=107 start=195.00 horizon=15.00 frames=150 commit_frames=20[0m
[0m[INFO] [33m[WARN] [1789384231.076953335]: [SLOT_DEPARTURE] time=3min51.6s vehicle=V2 owner=V1 result=ALLOW reason=slot_departure_clear candidate_path_gen=5 slot_departure_clear_s=0.327 vehicle_mode=ACTIVE vehicle_speed=0.000 vehicle_path_s=0.000 blocker=none a1_prefix_conflict=0 ordinary_road_conflict=0 owner_phase=TO_A1 owner_path_gen=5 geometry=pending_preview protected_zones=0 actual_occupancy_priority=0 spatial_stop_launch_infeasible=0 waiter_stop_s=4.800[0m
[33m[WARN] [1789384231.077344748]: [multi_patrol][A1 EXIT PREPARED] V2 target=B47 pickup_dwell=5.00s exit_len=8.721 priority_until_s=1.058 horizon_refresh=IMMEDIATE[0m
[1789384230.455417816]: [multi_patrol][A1 EXIT PRIORITY RELEASE] V2 s=1.069 threshold=1.058[0m
[0m[INFO] [1789384230.493854171]: [sim_plan] built plan=108 start=197.00 horizon=15.00 frames=150 commit_frames=20[0m
[0m[INFO] [1789384230.530346931]: [sim_plan] built plan=109 start=199.00 horizon=15.00 frames=150 commit_frames=20[0m
[0m[INFO] [1789384230.563916561]: [sim_plan] built plan=110 start=201.00 horizon=15.00 frames=150 commit_frames=20[0m
[0m[INFO] [1789384230.595381872]: [sim_plan] built plan=111 start=203.00 horizon=15.00 frames=150 commit_frames=20[0m
[0m[INFO] [1789384230.629211369]: [sim_plan] built plan=112 start=205.00 horizon=15.00 frames=150 commit_frames=20[0m
[0m[INFO] [1789384230.674339022]: [sim_plan] built plan=113 start=207.00 horizon=15.00 frames=150 commit_frames=20[0m
[0m[INFO] [1789384230.718527623]: [sim_plan] built plan=114 start=209.00 horizon=15.00 frames=150 commit_frames=20[0m
[0m[INFO] [1789384230.719658344]: [batch] 2100/3000 ticks (sim_t=210s) hard_guard=1[0m
[0m[INFO] [1789384230.761855694]: [sim_plan] built plan=115 start=211.00 horizon=15.00 frames=150 commit_frames=20[0m
[0m[INFO] [1789384230.808318047]: [sim_plan] built plan=116 start=213.00 horizon=15.00 frames=150 commit_frames=20[0m
[0m[INFO] [1789384230.848153297]: [sim_plan] built plan=117 start=215.00 horizon=15.00 frames=150 commit_frames=20[0m
[0m[INFO] [1789384230.884037311]: [sim_plan] built plan=118 start=217.00 horizon=15.00 frames=150 commit_frames=20[0m
[0m[INFO] [1789384230.916951714]: [sim_plan] built plan=119 start=219.00 horizon=15.00 frames=150 commit_frames=20[0m
[0m[INFO] [1789384230.947630138]: [sim_plan] built plan=120 start=221.00 horizon=15.00 frames=150 commit_frames=20[0m
[0m[INFO] [1789384230.975195825]: [sim_plan] built plan=121 start=223.00 horizon=15.00 frames=150 commit_frames=20[0m
[0m[INFO] [1789384231.000722708]: [sim_plan] built plan=122 start=225.00 horizon=15.00 frames=150 commit_frames=20[0m
[0m[INFO] [1789384231.024809210]: [sim_plan] built plan=123 start=227.00 horizon=15.00 frames=150 commit_frames=20[0m
[0m[INFO] [1789384231.048029124]: [sim_plan] built plan=124 start=229.00 horizon=15.00 frames=150 commit_frames=20[0m
[0m[INFO] [1789384231.070720621]: [sim_plan] built plan=125 start=231.00 horizon=15.00 frames=150 commit_frames=20[0m
[0m[INFO] [1789384231.076920899]: [multi_patrol][A1] V2 pickup leg: B21 -> A1  wpts=628 len=7.230[0m
[0m[INFO] [1789384231.133831477]: [sim_plan] built plan=126 start=231.60 horizon=15.00 frames=150 commit_frames=20[0m
[0m[INFO] [1789384231.178906649]: [sim_plan] built plan=127 start=233.60 horizon=15.00 frames=150 commit_frames=20[0m
[0m[INFO] [1789384231.224414677]: [sim_plan] built plan=128 start=235.60 horizon=15.00 frames=150 commit_frames=20[0m
[0m[INFO] [1789384231.267567267]: [sim_plan] built plan=129 start=237.60 horizon=15.00 frames=150 commit_frames=20[0m
[0m[INFO] [1789384231.309654439]: [sim_plan] built plan=130 start=239.60 horizon=15.00 frames=150 commit_frames=20[0m
[0m[INFO] [1789384231.310187717]: [batch] 2400/3000 ticks (sim_t=240s) hard_guard=1[0m
[0m[INFO] [1789384231.352598149]: [sim_plan] built plan=131 start=241.60 horizon=15.00 frames=150 commit_frames=20[0m
[0m[INFO] [1789384231.396892154]: [sim_plan] built plan=132 start=243.60 horizon=15.00 frames=150 commit_frames=20[0m
[0m[INFO] [1789384231.441537269]: [sim_plan] built plan=133 start=245.60 horizon=15.00 frames=150 commit_frames=20[0m
[0m[INFO] [1789384231.484977275]: [sim_plan] built plan=134 start=247.60 horizon=15.00 frames=150 commit_frames=20[0m
[0m[INFO] [1789384231.530210205]: [sim_plan] built plan=135 start=249.60 horizon=15.00 frames=150 commit_frames=20[0m
[0m[INFO] [1789384231.573573932]: [sim_plan] built plan=136 start=251.60 horizon=15.00 frames=150 commit_frames=20[0m
[0m[INFO] [1789384231.617732746]: [sim_plan] built plan=137 start=253.60 horizon=15.00 frames=150 commit_frames=20[0m
[0m[INFO] [1789384231.660454196]: [sim_plan] built plan=138 start=255.60 horizon=15.00 frames=150 commit_frames=20[0m[33m[WARN] [1789384232.589019418]: [END] ====== 结尾全队快照 ======
tick=3000
  V0 mode=1 act=0 reason=a1_intrusion_retreat_sweep_blocked blk=-1 task=2 slot=6->-1 s=0.698/2.976 rem=2.278 spd=0.000 wait=93.1 gen=5
  V1 mode=1 act=0 reason=dynamic_speed_STOP_V1 blk=0 task=2 slot=36->-1 s=2.781/3.743 rem=0.962 spd=0.000 wait=66.5 gen=5
  V2 mode=1 act=0 reason=future_a1_exit_priority blk=1 task=2 slot=21->-1 s=4.801/7.230 rem=2.428 spd=0.000 wait=41.9 gen=5[0m
[33m[WARN] [1789384232.589197676]: [END] 永久楔死嫌疑=V0 (wait=93.1s),其与各车冲突几何:[0m
[33m[WARN] [1789384232.590873585]: [SOURCE=REAL] [plan=160] [frame=4] [rollout_step=-1] [CONFLICT] V0(s=0.698 rem=2.278 act=0 blk=-1) vs V1(s=2.781 rem=0.962 act=0 blk=0) | owner=V-1 following=0 nzones=2 all_same_dir=1[0m
[33m[WARN] [1789384232.591041720]: [SOURCE=REAL] [plan=160] [frame=4] [rollout_step=-1] [CONFLICT]   zone0 same_dir=1 | A[0.350,1.050] stopA=0.171 committedA=1 | B[2.700,3.375] stopB=2.521 committedB=1 | @(1.21,3.84)[0m
[33m[WARN] [1789384232.591214113]: [SOURCE=REAL] [plan=160] [frame=4] [rollout_step=-1] [CONFLICT]   zone1 same_dir=1 | A[2.400,2.975] stopA=2.221 committedA=0 | B[3.175,3.725] stopB=2.996 committedB=0 | @(1.25,4.27)[0m
[33m[WARN] [1789384232.594370864]: [SOURCE=REAL] [plan=160] [frame=4] [rollout_step=-1] [CONFLICT] V0(s=0.698 rem=2.278 act=0 blk=-1) vs V2(s=4.801 rem=2.428 act=0 blk=1) | owner=V-1 following=0 nzones=1 all_same_dir=1[0m
[33m[WARN] [1789384232.594561986]: [SOURCE=REAL] [plan=160] [frame=4] [rollout_step=-1] [CONFLICT]   zone0 same_dir=1 | A[0.775,2.975] stopA=0.596 committedA=0 | B[5.725,7.225] stopB=5.546 committedB=0 | @(1.25,4.27)[0m
[33m[WARN] [1789384232.594776558]: [batch] ==== 汇总: ticks=3000 sim_t=300s | 碰撞(hard_guard)事件=1 首次@tick=233 涉及对=[V0-V2 ] | 最大wait=93.1s(V0) ====[0m
[33m[WARN] [1789384232.594962095]: [BATCH_ACTION_METRICS] V0 tasks=2 max_wait=93.1 active_s=254.1 STOP=167.5 CREEP=5.6 YIELD=0.0 NOMINAL=81.0 BOOST=0.0 nominal_ratio=0.318772 transitions=34[0m
[33m[WARN] [1789384232.595169925]: [BATCH_ACTION_METRICS] V1 tasks=2 max_wait=66.5 active_s=280.4 STOP=113.8 CREEP=2.6 YIELD=2.0 NOMINAL=162.0 BOOST=0.0 nominal_ratio=0.577746 transitions=21[0m
[33m[WARN] [1789384232.595333129]: [BATCH_ACTION_METRICS] V2 tasks=2 max_wait=46.7 active_s=280.4 STOP=145.5 CREEP=11.3 YIELD=0.9 NOMINAL=122.7 BOOST=0.0 nominal_ratio=0.437589 transitions=47[0m
[33m[WARN] [1789384232.595492586]: [BATCH_DYN_SPEED_EVALUATED] baseline_conflicts=17 crossing=11 opposing=6 same_direction=0 bridge_checked=17 bridge_related_a=6 bridge_related_b=4 bridge_corrected_pairs=6 bridge_backtrack_avg=12.74 bridge_backtrack_max=105 bridge_nearest_evaluations=8801 far=4 mid=2 near=11 emergency_stop=7 yield_eval=2 yield_clear=0 yield_delayed=0 creep_eval=5 creep_clear=0 creep_delayed=0 selected_conflict_remaining=0 a1_fallback=0 existing_reservation=0 nominal_recovery=1 reservation_create=0 reservation_update=0 reservation_delete=0 ordinary_create=0 a1_create=0 terminal_create=0 inside_create=0 braking_create=0 multi_vehicle_create=0 other_create=0 duplicate_pair_authority=32[0m
[33m[WARN] [1789384232.595698893]: [BATCH_DYN_SPEED_EXECUTED] far_periods=47 mid_periods=2 near_periods=11 legacy_periods=0 far_to_nominal=0 mid_to_yield=2 near_to_creep=5 nominal_to_creep=1 nominal_to_stop=3 yield_to_stop=1 creep_to_stop=4 selected_rollout_clear=0 yield_delayed=0 creep_delayed=0 eventually_resolved=5 target_STOP=267 target_CREEP=4 target_YIELD=2 target_NOMINAL=207 target_BOOST=0 reservation_create=0 reservation_update=0 reservation_delete=0 existing_reservation=0 ordinary_create=0 a1_create=0 terminal_create=0 inside_create=0 braking_create=0 multi_vehicle_create=0 other_create=0[0m
[33m[WARN] [1789384232.595914482]: [BATCH_A1_SERVICE] create=7 hold=141 change=0 release=6 invalidate=0 arrival_preemptions=0 faster_candidate_observed=0 max_duration=93.0[0m
[33m[WARN] [1789384232.596102367]: [BATCH_A1_LAUNCH] allow=6 hold=2 a1_prefix_hold=2 ordinary_road_hold=0 retries=261 released_after_hold=2 max_hold=13.2 active_holds=0[0m
[33m[WARN] [1789384232.596277621]: [BATCH_RUNTIME] requested_ticks=3000 completed_ticks=3000 real_sim_t=300.0 dt=0.100 wedge_episodes=4[0m

[0m[INFO] [1789384231.704332994]: [sim_plan] built plan=139 start=257.60 horizon=15.00 frames=150 commit_frames=20[0m
[0m[INFO] [1789384231.747647199]: [sim_plan] built plan=140 start=259.60 horizon=15.00 frames=150 commit_frames=20[0m
[0m[INFO] [1789384231.791104950]: [sim_plan] built plan=141 start=261.60 horizon=15.00 frames=150 commit_frames=20[0m
[0m[INFO] [1789384231.833526752]: [sim_plan] built plan=142 start=263.60 horizon=15.00 frames=150 commit_frames=20[0m
[0m[INFO] [1789384231.876482572]: [sim_plan] built plan=143 start=265.60 horizon=15.00 frames=150 commit_frames=20[0m
[0m[INFO] [1789384231.918996260]: [sim_plan] built plan=144 start=267.60 horizon=15.00 frames=150 commit_frames=20[0m
[0m[INFO] [1789384231.960649509]: [sim_plan] built plan=145 start=269.60 horizon=15.00 frames=150 commit_frames=20[0m
[0m[INFO] [1789384231.961198391]: [batch] 2700/3000 ticks (sim_t=270s) hard_guard=1[0m
[0m[INFO] [1789384232.003118317]: [sim_plan] built plan=146 start=271.60 horizon=15.00 frames=150 commit_frames=20[0m
[0m[INFO] [1789384232.045188830]: [sim_plan] built plan=147 start=273.60 horizon=15.00 frames=150 commit_frames=20[0m
[0m[INFO] [1789384232.086706836]: [sim_plan] built plan=148 start=275.60 horizon=15.00 frames=150 commit_frames=20[0m
[0m[INFO] [1789384232.129479125]: [sim_plan] built plan=149 start=277.60 horizon=15.00 frames=150 commit_frames=20[0m
[0m[INFO] [1789384232.171582772]: [sim_plan] built plan=150 start=279.60 horizon=15.00 frames=150 commit_frames=20[0m
[0m[INFO] [1789384232.216788161]: [sim_plan] built plan=151 start=281.60 horizon=15.00 frames=150 commit_frames=20[0m
[0m[INFO] [1789384232.257634052]: [sim_plan] built plan=152 start=283.60 horizon=15.00 frames=150 commit_frames=20[0m
[0m[INFO] [1789384232.299068690]: [sim_plan] built plan=153 start=285.60 horizon=15.00 frames=150 commit_frames=20[0m
[0m[INFO] [1789384232.340260890]: [sim_plan] built plan=154 start=287.60 horizon=15.00 frames=150 commit_frames=20[0m
[0m[INFO] [1789384232.380890685]: [sim_plan] built plan=155 start=289.60 horizon=15.00 frames=150 commit_frames=20[0m
[0m[INFO] [1789384232.421555307]: [sim_plan] built plan=156 start=291.60 horizon=15.00 frames=150 commit_frames=20[0m
[0m[INFO] [1789384232.463352560]: [sim_plan] built plan=157 start=293.60 horizon=15.00 frames=150 commit_frames=20[0m
[0m[INFO] [1789384232.504099543]: [sim_plan] built plan=158 start=295.60 horizon=15.00 frames=150 commit_frames=20[0m
[0m[INFO] [1789384232.546115115]: [sim_plan] built plan=159 start=297.60 horizon=15.00 frames=150 commit_frames=20[0m
[0m[INFO] [1789384232.588440335]: [sim_plan] built plan=160 start=299.60 horizon=15.00 frames=150 commit_frames=20[0m
[0m[INFO] [1789384232.588982054]: [batch] 3000/3000 ticks (sim_t=300s) hard_guard=1[0m
[31m================================================================================REQUIRED process [multi_vehicle_patrol_node-2] has died!
process has died [pid 672, exit code 1, cmd /mnt/d/desktop/叉车/devel/lib/forklift_planner/multi_vehicle_patrol_node __name:=multi_vehicle_patrol_node __log:=/home/lsj/.ros/log/df79c85e-b02c-11f1-80fd-a9ccbd98ed7b/multi_vehicle_patrol_node-2.log].
log file: /home/lsj/.ros/log/df79c85e-b02c-11f1-80fd-a9ccbd98ed7b/multi_vehicle_patrol_node-2*.log
Initiating shutdown!
================================================================================[0m
... logging to /home/lsj/.ros/log/df79c85e-b02c-11f1-80fd-a9ccbd98ed7b/roslaunch-Lacia-640.log
Checking log directory for disk usage. This may take a while.
Press Ctrl-C to interrupt
Done checking log file disk usage. Usage is <1GB.
]2;/mnt/d/desktop/叉车/src/forklift_planner/launch/codex_a1_seed2022_temp.launch
[1mstarted roslaunch server http://Lacia:41115/[0m

SUMMARY
========

PARAMETERS
 * /forklift_map/arrow_size: 0.06
 * /forklift_map/bottom_shelf_depth: 0.25
 * /forklift_map/corridor_height: 0.6385
 * /forklift_map/field_height: 4.5
 * /forklift_map/field_width: 2.5
 * /forklift_map/frame_id: map
 * /forklift_map/max_steer_angle: 0.4
 * /forklift_map/max_steer_rate: 0.25
 * /forklift_map/path_resolution: 0.01
 * /forklift_map/pre_dock_clearance: 0.15
 * /forklift_map/road_line_width: 0.02
 * /forklift_map/row1_left_aisle: 0.58
 * /forklift_map/row1_mini_shelf: 0.2
 * /forklift_map/row1_shelf_width: 1.14
 * /forklift_map/row2_gap: 0.25
 * /forklift_map/row2_left_width: 1.125
 * /forklift_map/row3_center_aisle: 0.5
 * /forklift_map/row3_left_shelf: 1.0
 * /forklift_map/shelf_row_depth: 0.482
 * /forklift_map/show_slot_ids: True
 * /forklift_map/show_slot_poses: True
 * /forklift_map/tb_shelf_width: 1.125
 * /forklift_map/turn_speed: 0.2
 * /forklift_map/vehicle_length: 0.211
 * /forklift_map/vehicle_width: 0.191
 * /forklift_map/wheel_base: 0.143
 * /forklift_planner/frame_id: map
 * /forklift_planner/max_steer_angle: 0.4
 * /forklift_planner/max_steer_rate: 0.25
 * /forklift_planner/multi_vehicle/a1_owner_horizon: 15.0
 * /forklift_planner/multi_vehicle/a1_pickup_center_x: 1.25
 * /forklift_planner/multi_vehicle/a1_pickup_center_y: 4.375
 * /forklift_planner/multi_vehicle/a1_pickup_theta: 1.5707963267948966
 * /forklift_planner/multi_vehicle/a1_pre_dock_x: 1.25
 * /forklift_planner/multi_vehicle/a1_pre_dock_y: 4.1
 * /forklift_planner/multi_vehicle/a1_stop_margin: 0.1
 * /forklift_planner/multi_vehicle/action_hold_time: 0.4
 * /forklift_planner/multi_vehicle/boost_ratio: 1.2
 * /forklift_planner/multi_vehicle/bridge_backtrack_step: 0.01
 * /forklift_planner/multi_vehicle/bridge_opposing_threshold: -0.5
 * /forklift_planner/multi_vehicle/conflict_margin: 0.04
 * /forklift_planner/multi_vehicle/creep_ratio: 0.25
 * /forklift_planner/multi_vehicle/deadlock_confirm_time: 4.0
 * /forklift_planner/multi_vehicle/deadlock_enabled: True
 * /forklift_planner/multi_vehicle/deadlock_retreat_clearance: 0.02
 * /forklift_planner/multi_vehicle/deadlock_retreat_search_step: 0.05
 * /forklift_planner/multi_vehicle/deadlock_retreat_speed: 0.1
 * /forklift_planner/multi_vehicle/dwell_time: 5.0
 * /forklift_planner/multi_vehicle/dynamic_speed_far_threshold: 10.0
 * /forklift_planner/multi_vehicle/dynamic_speed_near_threshold: 5.0
 * /forklift_planner/multi_vehicle/dynamic_stop_time_margin: 0.1
 * /forklift_planner/multi_vehicle/emergency_time: 0.8
 * /forklift_planner/multi_vehicle/enable_boost: True
 * /forklift_planner/multi_vehicle/enable_priority_tiebreak: True
 * /forklift_planner/multi_vehicle/final_decision_time: 2.0
 * /forklift_planner/multi_vehicle/following_creep_distance: 0.22
 * /forklift_planner/multi_vehicle/following_min_distance: 0.13
 * /forklift_planner/multi_vehicle/following_normal_distance: 0.35
 * /forklift_planner/multi_vehicle/kink_cusp_angle: 2.53
 * /forklift_planner/multi_vehicle/kink_min_angle: 0.61
 * /forklift_planner/multi_vehicle/lat_accel_max: 0.06
 * /forklift_planner/multi_vehicle/log_invalid_task_pairs: False
 * /forklift_planner/multi_vehicle/max_accel: 0.2
 * /forklift_planner/multi_vehicle/max_decel: 0.3
 * /forklift_planner/multi_vehicle/max_speed: 0.26
 * /forklift_planner/multi_vehicle/nominal_speed: 0.2
 * /forklift_planner/multi_vehicle/one_shot_traj: False
 * /forklift_planner/multi_vehicle/path_validation_step: 0.01
 * /forklift_planner/multi_vehicle/pickup_dwell_time: 5.0
 * /forklift_planner/multi_vehicle/precompute_task_filter: True
 * /forklift_planner/multi_vehicle/prediction_horizon: 15.0
 * /forklift_planner/multi_vehicle/prediction_step: 0.05
 * /forklift_planner/multi_vehicle/quiet_task_filter_precompute: True
 * /forklift_planner/multi_vehicle/random_seed: 2022
 * /forklift_planner/multi_vehicle/randomize_start: False
 * /forklift_planner/multi_vehicle/real_mode: False
 * /forklift_planner/multi_vehicle/recent_row_memory: 4
 * /forklift_planner/multi_vehicle/recent_target_memory: 5
 * /forklift_planner/multi_vehicle/reject_boundary_violations: True
 * /forklift_planner/multi_vehicle/reject_curvature_discontinuity: False
 * /forklift_planner/multi_vehicle/reject_path_kinks: True
 * /forklift_planner/multi_vehicle/reject_shelf_collisions: False
 * /forklift_planner/multi_vehicle/reproducible_task_random: True
 * /forklift_planner/multi_vehicle/rolling_horizon: 15.0
 * /forklift_planner/multi_vehicle/rolling_refresh_period: 2.0
 * /forklift_planner/multi_vehicle/safety_margin: 0.0
 * /forklift_planner/multi_vehicle/save_a1_cycle_catalog: False
 * /forklift_planner/multi_vehicle/show_paths: True
 * /forklift_planner/multi_vehicle/show_prediction_conflicts: True
 * /forklift_planner/multi_vehicle/simple_forward_demo: False
 * /forklift_planner/multi_vehicle/skip_arc_fallback_paths: False
 * /forklift_planner/multi_vehicle/start_slots: [38, 20, 36]
 * /forklift_planner/multi_vehicle/starvation_wait_time: 8.0
 * /forklift_planner/multi_vehicle/target_request_distance: 0.45
 * /forklift_planner/multi_vehicle/target_slots: [9, 10, 8, 41, 52...
 * /forklift_planner/multi_vehicle/target_stop_distance: 0.12
 * /forklift_planner/multi_vehicle/unload_dwell_time: 5.0
 * /forklift_planner/multi_vehicle/use_a1_cycle: True
 * /forklift_planner/multi_vehicle/vehicle_count: 3
 * /forklift_planner/multi_vehicle/warning_time: 5.0
 * /forklift_planner/multi_vehicle/yield_ratio: 0.5
 * /forklift_planner/path_color_b: 1.0
 * /forklift_planner/path_color_g: 0.8
 * /forklift_planner/path_color_r: 0.2
 * /forklift_planner/path_resolution: 0.01
 * /forklift_planner/random_seed: 2026
 * /forklift_planner/stop_duration: 2.0
 * /forklift_planner/terminal_docking_mode: auto
 * /forklift_planner/turn_model: clothoid
 * /forklift_planner/update_rate: 10.0
 * /forklift_planner/vehicle_speed: 0.2
 * /forklift_planner/wheel_base: 0.143
 * /multi_vehicle_patrol_node/batch_minutes: 5
 * /multi_vehicle_patrol_node/coord_log_file: <...>
 * /multi_vehicle_patrol_node/debug_log_dir: <...>
 * /multi_vehicle_patrol_node/one_shot: False
 * /multi_vehicle_patrol_node/target_only: -1
 * /rosdistro: noetic
 * /rosversion: 1.17.4
 * /use_sim_time: False

NODES
  /
    multi_vehicle_patrol_node (forklift_planner/multi_vehicle_patrol_node)

auto-starting new master
[1mprocess[master]: started with pid [653][0m
[1mROS_MASTER_URI=http://localhost:11311[0m
]2;/mnt/d/desktop/叉车/src/forklift_planner/launch/codex_a1_seed2022_temp.launch http://localhost:11311
[1msetting /run_id to df79c85e-b02c-11f1-80fd-a9ccbd98ed7b[0m
[1mprocess[rosout-1]: started with pid [665][0m
started core service [/rosout]
[1mprocess[multi_vehicle_patrol_node-2]: started with pid [672][0m
[multi_vehicle_patrol_node-2] killing on exit
[rosout-1] killing on exit
[master] killing on exit
shutting down processing monitor...
... shutting down processing monitor complete
[1mdone[0m
