[33m[WARN] [1788847460.540782688]: [multi_patrol] coordination log: /mnt/d/desktop/叉车/src/forklift_planner/logs/EXP-20260908-120MIN-SEEDS-2024-2026/seed2024_coord.log[0m
[33m[WARN] [1788847460.544437675]: [multi_patrol] A1 leg catalog not found: /mnt/d/desktop/叉车/src/forklift_planner/config/a1_cycle_path_catalog.yaml[0m
[33m[WARN] [1788847460.545051507]: [planner][row1-debug] route=B_TO_A1 debug_rev=row1_aux_lane_to_a1_v2 src=0 tgt=101 src_corr=1 tgt_corr=1 target=(1.250,4.100 th=90.0deg) mode=auto terminal_reverse=0 near_gap=0.584 far_gap=0.304 horiz=0.000 min_x=0.676[0m
[33m[WARN] [1788847460.545980218]: [planner][row1-debug] initial_reverse tgt=101 same_corr=1 start_to_right=0 start_lane_y=3.791 forward_heading=180.0deg reverse_end_dir=(0.0deg) desired_end_x=1.848 actual_end=(1.848,3.791) reverse_origin=(0.124,4.375) curve_start=(0.124,4.129) curve_pts=56 direct_ok=1[0m
[33m[WARN] [1788847460.547648765]: [planner][row1-debug] skeleton tgt=101 points=3 terminal_reverse=0 goal_lane_y=3.791 terminal_stop_y=4.100 final_ref_x=1.250[0m
[33m[WARN] [1788847460.547866388]: [planner][row1-debug] skeleton[0]=(1.848,3.791)[0m
[33m[WARN] [1788847460.548046680]: [planner][row1-debug] skeleton[1]=(1.250,3.791)[0m
[33m[WARN] [1788847460.548283450]: [planner][row1-debug] skeleton[2]=(1.250,4.301)[0m
[33m[WARN] [1788847460.548935848]: [planner][row1-debug] prepend enter src=0 row1_upper=0 raw_pts=212 a_rev=(0.124,4.301) b=(1.848,3.791) path_front=(1.848,3.791 180.0deg type=0)[0m
[33m[WARN] [1788847460.549551406]: [planner][row1-debug] route=B_TO_A1 debug_rev=row1_aux_lane_to_a1_v2 src=1 tgt=101 src_corr=1 tgt_corr=1 target=(1.250,4.100 th=90.0deg) mode=auto terminal_reverse=0 near_gap=0.584 far_gap=0.304 horiz=0.000 min_x=0.676[0m
[33m[WARN] [1788847460.549815307]: [planner][row1-debug] initial_reverse tgt=101 same_corr=1 start_to_right=0 start_lane_y=3.791 forward_heading=180.0deg reverse_end_dir=(0.0deg) desired_end_x=1.848 actual_end=(1.848,3.791) reverse_origin=(0.343,4.375) curve_start=(0.343,4.129) curve_pts=56 direct_ok=1[0m
[33m[WARN] [1788847460.550026758]: [planner][row1-debug] skeleton tgt=101 points=3 terminal_reverse=0 goal_lane_y=3.791 terminal_stop_y=4.100 final_ref_x=1.250[0m
[33m[WARN] [1788847460.550326679]: [planner][row1-debug] skeleton[0]=(1.848,3.791)[0m
[33m[WARN] [1788847460.550538920]: [planner][row1-debug] skeleton[1]=(1.250,3.791)[0m
[33m[WARN] [1788847460.550785550]: [planner][row1-debug] skeleton[2]=(1.250,4.301)[0m
[33m[WARN] [1788847460.551124330]: [planner][row1-debug] prepend enter src=1 row1_upper=0 raw_pts=190 a_rev=(0.343,4.301) b=(1.848,3.791) path_front=(1.848,3.791 180.0deg type=0)[0m
[33m[WARN] [1788847460.551604764]: [planner][row1-debug] route=B_TO_A1 debug_rev=row1_aux_lane_to_a1_v2 src=2 tgt=101 src_corr=1 tgt_corr=1 target=(1.250,4.100 th=90.0deg) mode=auto terminal_reverse=0 near_gap=0.584 far_gap=0.304 horiz=0.000 min_x=0.676[0m
[33m[WARN] [1788847460.551834701]: [planner][row1-debug] initial_reverse tgt=101 same_corr=1 start_to_right=1 start_lane_y=3.791 forward_heading=0.0deg reverse_end_dir=(180.0deg) desired_end_x=0.204 actual_end=(0.204,3.791) reverse_origin=(0.562,4.375) curve_start=(0.562,4.129) curve_pts=56 direct_ok=1[0m
[33m[WARN] [1788847460.552089561]: [planner][row1-debug] skeleton tgt=101 points=3 terminal_reverse=0 goal_lane_y=3.791 terminal_stop_y=4.100 final_ref_x=1.250[0m
[33m[WARN] [1788847460.552350987]: [planner][row1-debug] skeleton[0]=(0.204,3.791)[0m
[33m[WARN] [1788847460.552579050]: [planner][row1-debug] skeleton[1]=(1.250,3.791)[0m
[33m[WARN] [1788847460.552783007]: [planner][row1-debug] skeleton[2]=(1.250,4.301)[0m
[33m[WARN] [1788847460.553139604]: [planner][row1-debug] prepend enter src=2 row1_upper=0 raw_pts=76 a_rev=(0.562,4.301) b=(0.204,3.791) path_front=(0.204,3.791 0.0deg type=0)[0m
[33m[WARN] [1788847460.553581302]: [planner][row1-debug] route=B_TO_A1 debug_rev=row1_aux_lane_to_a1_v2 src=3 tgt=101 src_corr=1 tgt_corr=1 target=(1.250,4.100 th=90.0deg) mode=auto terminal_reverse=0 near_gap=0.584 far_gap=0.304 horiz=0.000 min_x=0.676[0m
[33m[WARN] [1788847460.553832669]: [planner][row1-debug] initial_reverse tgt=101 same_corr=1 start_to_right=1 start_lane_y=3.791 forward_heading=0.0deg reverse_end_dir=(180.0deg) desired_end_x=0.422 actual_end=(0.422,3.791) reverse_origin=(0.782,4.375) curve_start=(0.782,4.129) curve_pts=56 direct_ok=1[0m
[33m[WARN] [1788847460.554040968]: [planner][row1-debug] skeleton tgt=101 points=3 terminal_reverse=0 goal_lane_y=3.791 terminal_stop_y=4.100 final_ref_x=1.250[0m
[33m[WARN] [1788847460.554271722]: [planner][row1-debug] skeleton[0]=(0.422,3.791)[0m
[33m[WARN] [1788847460.554516407]: [planner][row1-debug] skeleton[1]=(1.250,3.791)[0m
[33m[WARN] [1788847460.554732527]: [planner][row1-debug] skeleton[2]=(1.250,4.301)[0m
[33m[WARN] [1788847460.555066461]: [planner][row1-debug] prepend enter src=3 row1_upper=0 raw_pts=76 a_rev=(0.782,4.301) b=(0.422,3.791) path_front=(0.422,3.791 0.0deg type=0)[0m
[33m[WARN] [1788847460.555487593]: [planner][row1-debug] route=B_TO_A1 debug_rev=row1_aux_lane_to_a1_v2 src=4 tgt=101 src_corr=1 tgt_corr=1 target=(1.250,4.100 th=90.0deg) mode=auto terminal_reverse=0 near_gap=0.584 far_gap=0.304 horiz=0.000 min_x=0.676[0m
[33m[WARN] [1788847460.555711183]: [planner][row1-debug] initial_reverse tgt=101 same_corr=1 start_to_right=1 start_lane_y=3.791 forward_heading=0.0deg reverse_end_dir=(180.0deg) desired_end_x=0.641 actual_end=(0.641,3.791) reverse_origin=(1.001,4.375) curve_start=(1.001,4.129) curve_pts=56 direct_ok=1[0m
[33m[WARN] [1788847460.555938755]: [planner][row1-debug] skeleton tgt=101 points=3 terminal_reverse=0 goal_lane_y=3.791 terminal_stop_y=4.100 final_ref_x=1.250[0m
[33m[WARN] [1788847460.556131141]: [planner][row1-debug] skeleton[0]=(0.641,3.791)[0m
[33m[WARN] [1788847460.556353282]: [planner][row1-debug] skeleton[1]=(1.250,3.791)[0m
[33m[WARN] [1788847460.556551418]: [planner][row1-debug] skeleton[2]=(1.250,4.301)[0m
[33m[WARN] [1788847460.556888999]: [planner][row1-debug] prepend enter src=4 row1_upper=0 raw_pts=76 a_rev=(1.001,4.301) b=(0.641,3.791) path_front=(0.641,3.791 0.0deg type=0)[0m
[33m[WARN] [1788847460.557302383]: [planner][row1-debug] route=B_TO_A1 debug_rev=row1_aux_lane_to_a1_v2 src=5 tgt=101 src_corr=1 tgt_corr=1 target=(1.250,4.100 th=90.0deg) mode=auto terminal_reverse=0 near_gap=0.584 far_gap=0.304 horiz=0.000 min_x=0.676[0m
[33m[WARN] [1788847460.557577435]: [planner][row1-debug] initial_reverse tgt=101 same_corr=1 start_to_right=0 start_lane_y=3.791 forward_heading=180.0deg reverse_end_dir=(0.0deg) desired_end_x=1.859 actual_end=(1.859,3.791) reverse_origin=(1.499,4.375) curve_start=(1.499,4.129) curve_pts=56 direct_ok=1[0m
[33m[WARN] [1788847460.557842740]: [planner][row1-debug] skeleton tgt=101 points=3 terminal_reverse=0 goal_lane_y=3.791 terminal_stop_y=4.100 final_ref_x=1.250[0m
[33m[WARN] [1788847460.558093216]: [planner][row1-debug] skeleton[0]=(1.859,3.791)[0m
[33m[WARN] [1788847460.558310145]: [planner][row1-debug] skeleton[1]=(1.250,3.791)[0m
[33m[WARN] [1788847460.558555805]: [planner][row1-debug] skeleton[2]=(1.250,4.301)[0m
[33m[WARN] [1788847460.558890968]: [planner][row1-debug] prepend enter src=5 row1_upper=0 raw_pts=76 a_rev=(1.499,4.301) b=(1.859,3.791) path_front=(1.859,3.791 180.0deg type=0)[0m
[33m[WARN] [1788847460.559311476]: [planner][row1-debug] route=B_TO_A1 debug_rev=row1_aux_lane_to_a1_v2 src=6 tgt=101 src_corr=1 tgt_corr=1 target=(1.250,4.100 th=90.0deg) mode=auto terminal_reverse=0 near_gap=0.584 far_gap=0.304 horiz=0.000 min_x=0.676[0m
[33m[WARN] [1788847460.559529152]: [planner][row1-debug] initial_reverse tgt=101 same_corr=1 start_to_right=0 start_lane_y=3.791 forward_heading=180.0deg reverse_end_dir=(0.0deg) desired_end_x=2.078 actual_end=(2.078,3.791) reverse_origin=(1.718,4.375) curve_start=(1.718,4.129) curve_pts=56 direct_ok=1[0m
[33m[WARN] [1788847460.559728317]: [planner][row1-debug] skeleton tgt=101 points=3 terminal_reverse=0 goal_lane_y=3.791 terminal_stop_y=4.100 final_ref_x=1.250[0m
[33m[WARN] [1788847460.559910342]: [planner][row1-debug] skeleton[0]=(2.078,3.791)[0m
[33m[WARN] [1788847460.560138957]: [planner][row1-debug] skeleton[1]=(1.250,3.791)[0m
[33m[WARN] [1788847460.560401694]: [planner][row1-debug] skeleton[2]=(1.250,4.301)[0m
[33m[WARN] [1788847460.560767750]: [planner][row1-debug] prepend enter src=6 row1_upper=0 raw_pts=76 a_rev=(1.718,4.301) b=(2.078,3.791) path_front=(2.078,3.791 180.0deg type=0)[0m
[33m[WARN] [1788847460.561191593]: [planner][row1-debug] route=B_TO_A1 debug_rev=row1_aux_lane_to_a1_v2 src=7 tgt=101 src_corr=1 tgt_corr=1 target=(1.250,4.100 th=90.0deg) mode=auto terminal_reverse=0 near_gap=0.584 far_gap=0.304 horiz=0.000 min_x=0.676[0m
[33m[WARN] [1788847460.561480072]: [planner][row1-debug] initial_reverse tgt=101 same_corr=1 start_to_right=0 start_lane_y=3.791 forward_heading=180.0deg reverse_end_dir=(0.0deg) desired_end_x=2.296 actual_end=(2.296,3.791) reverse_origin=(1.938,4.375) curve_start=(1.938,4.129) curve_pts=56 direct_ok=1[0m
[33m[WARN] [1788847460.561732421]: [planner][row1-debug] skeleton tgt=101 points=3 terminal_reverse=0 goal_lane_y=3.791 terminal_stop_y=4.100 final_ref_x=1.250[0m
[33m[WARN] [1788847460.561920748]: [planner][row1-debug] skeleton[0]=(2.296,3.791)[0m
[33m[WARN] [1788847460.562253329]: [planner][row1-debug] skeleton[1]=(1.250,3.791)[0m
[33m[WARN] [1788847460.562459681]: [planner][row1-debug] skeleton[2]=(1.250,4.301)[0m
[33m[WARN] [1788847460.562802784]: [planner][row1-debug] prepend enter src=7 row1_upper=0 raw_pts=76 a_rev=(1.938,4.301) b=(2.296,3.791) path_front=(2.296,3.791 180.0deg type=0)[0m
[33m[WARN] [1788847460.563443236]: [planner][row1-debug] route=B_TO_A1 debug_rev=row1_aux_lane_to_a1_v2 src=8 tgt=101 src_corr=1 tgt_corr=1 target=(1.250,4.100 th=90.0deg) mode=auto terminal_reverse=0 near_gap=0.584 far_gap=0.304 horiz=0.000 min_x=0.676[0m
[33m[WARN] [1788847460.563631493]: [planner][row1-debug] initial_reverse tgt=101 same_corr=1 start_to_right=1 start_lane_y=3.791 forward_heading=0.0deg reverse_end_dir=(180.0deg) desired_end_x=0.652 actual_end=(0.652,3.791) reverse_origin=(2.157,4.375) curve_start=(2.157,4.129) curve_pts=56 direct_ok=1[0m
[33m[WARN] [1788847460.563805794]: [planner][row1-debug] skeleton tgt=101 points=3 terminal_reverse=0 goal_lane_y=3.791 terminal_stop_y=4.100 final_ref_x=1.250[0m
[33m[WARN] [1788847460.564000053]: [planner][row1-debug] skeleton[0]=(0.652,3.791)[0m
[33m[WARN] [1788847460.564297116]: [planner][row1-debug] skeleton[1]=(1.250,3.791)[0m
[33m[WARN] [1788847460.564473361]: [planner][row1-debug] skeleton[2]=(1.250,4.301)[0m
[33m[WARN] [1788847460.564783369]: [planner][row1-debug] prepend enter src=8 row1_upper=0 raw_pts=190 a_rev=(2.157,4.301) b=(0.652,3.791) path_front=(0.652,3.791 0.0deg type=0)[0m
[33m[WARN] [1788847460.565184030]: [planner][row1-debug] route=B_TO_A1 debug_rev=row1_aux_lane_to_a1_v2 src=9 tgt=101 src_corr=1 tgt_corr=1 target=(1.250,4.100 th=90.0deg) mode=auto terminal_reverse=0 near_gap=0.584 far_gap=0.304 horiz=0.000 min_x=0.676[0m
[33m[WARN] [1788847460.565451510]: [planner][row1-debug] initial_reverse tgt=101 same_corr=1 start_to_right=1 start_lane_y=3.791 forward_heading=0.0deg reverse_end_dir=(180.0deg) desired_end_x=0.652 actual_end=(0.652,3.791) reverse_origin=(2.376,4.375) curve_start=(2.376,4.129) curve_pts=56 direct_ok=1[0m
[33m[WARN] [1788847460.565721428]: [planner][row1-debug] skeleton tgt=101 points=3 terminal_reverse=0 goal_lane_y=3.791 terminal_stop_y=4.100 final_ref_x=1.250[0m
[33m[WARN] [1788847460.565996741]: [planner][row1-debug] skeleton[0]=(0.652,3.791)[0m
[33m[WARN] [1788847460.566222892]: [planner][row1-debug] skeleton[1]=(1.250,3.791)[0m
[33m[WARN] [1788847460.566533323]: [planner][row1-debug] skeleton[2]=(1.250,4.301)[0m
[33m[WARN] [1788847460.566901441]: [planner][row1-debug] prepend enter src=9 row1_upper=0 raw_pts=212 a_rev=(2.376,4.301) b=(0.652,3.791) path_front=(0.652,3.791 0.0deg type=0)[0m
[33m[WARN] [1788847460.567371924]: [planner][row1-debug] route=B_TO_A1 debug_rev=row1_aux_lane_to_a1_v2 src=10 tgt=101 src_corr=1 tgt_corr=1 target=(1.250,4.100 th=90.0deg) mode=auto terminal_reverse=0 near_gap=0.584 far_gap=0.304 horiz=0.000 min_x=0.676[0m
[33m[WARN] [1788847460.567674926]: [planner][row1-debug] row1-upper first lane to A1 src=10 lower=3.791 upper=4.071 start_lane_y=4.071 source_rear_y=3.579[0m
[33m[WARN] [1788847460.567937363]: [planner][row1-debug] initial_reverse tgt=101 same_corr=1 start_to_right=1 start_lane_y=4.071 forward_heading=0.0deg reverse_end_dir=(180.0deg) desired_end_x=0.706 actual_end=(0.353,4.071) reverse_origin=(0.706,3.579) curve_start=(0.706,3.717) curve_pts=52 direct_ok=0[0m
[33m[WARN] [1788847460.568180997]: [planner][row1-debug] skeleton tgt=101 points=3 terminal_reverse=0 goal_lane_y=4.071 terminal_stop_y=4.100 final_ref_x=1.250[0m
[33m[WARN] [1788847460.568381027]: [planner][row1-debug] skeleton[0]=(0.353,4.071)[0m
[33m[WARN] [1788847460.568662260]: [planner][row1-debug] skeleton[1]=(1.250,4.071)[0m
[33m[WARN] [1788847460.568932892]: [planner][row1-debug] skeleton[2]=(1.250,4.301)[0m
[33m[WARN] [1788847460.569281415]: [planner][row1-debug] exact A1 lane using terminal-constrained G2 fallback src=10 din=-1 t_in=0.300 t_out=0.300 mt_port=0.300 available_out=0.300 rear_stop_y=4.301 max_safe_rear_y=4.311[0m
[33m[WARN] [1788847460.569690604]: [planner][row1-debug] row1-upper full road to A1 S0=(0.706,3.579) S1=(0.706,4.071) S2=(1.865,4.071) S3=(1.865,3.370) S4=(1.865,3.791) S5=(1.250,3.791) S6=(1.250,4.301) r=(0.221,0.189) pts=360[0m
[33m[WARN] [1788847460.570174049]: [planner][row1-debug] route=A1_TO_B src=101 tgt=10 src_corr=1 tgt_corr=1 target=(0.706,3.761 th=-90.0deg) mode=auto terminal_reverse=0 near_gap=0.491 far_gap=0.211 horiz=0.544 min_x=0.676[0m
[33m[WARN] [1788847460.570446495]: [planner][row1-debug] row1-upper direct lane tgt=10 lower=3.791 upper=4.071 connector_mid_y=3.370[0m
[33m[WARN] [1788847460.570733413]: [planner][row1-debug] initial_reverse tgt=10 same_corr=1 start_to_right=0 start_lane_y=3.370 forward_heading=180.0deg reverse_end_dir=(0.0deg) desired_end_x=1.865 actual_end=(1.865,3.370) curve_start=(1.250,3.709) curve_pts=56 direct_ok=1[0m
[33m[WARN] [1788847460.570953699]: [planner][row1-debug] skeleton tgt=10 points=4 terminal_reverse=0 goal_lane_y=4.071 terminal_stop_y=3.761 final_ref_x=1.250[0m
[33m[WARN] [1788847460.571287564]: [planner][row1-debug] skeleton[0]=(1.865,3.370)[0m
[33m[WARN] [1788847460.571597330]: [planner][row1-debug] skeleton[1]=(1.865,4.071)[0m
[33m[WARN] [1788847460.571820863]: [planner][row1-debug] skeleton[2]=(0.706,4.071)[0m
[33m[WARN] [1788847460.572069508]: [planner][row1-debug] skeleton[3]=(0.706,3.579)[0m
[33m[WARN] [1788847460.572426503]: [planner][row1-debug] row1-upper reverse road a_rev=(1.250,4.301) second=(1.250,3.791)->(1.865,3.791) s0=(1.865,3.370) r=0.189 len=(0.511,0.615,0.420) pts=142 front_theta=90.0deg[0m
[33m[WARN] [1788847460.572759427]: [planner][row1-debug] route=B_TO_A1 debug_rev=row1_aux_lane_to_a1_v2 src=11 tgt=101 src_corr=2 tgt_corr=1 target=(1.250,4.100 th=90.0deg) mode=auto terminal_reverse=0 near_gap=0.584 far_gap=0.304 horiz=0.000 min_x=0.676[0m
[33m[WARN] [1788847460.572980865]: [planner][row1-debug] initial_reverse tgt=101 same_corr=0 start_to_right=0 start_lane_y=2.670 forward_heading=180.0deg reverse_end_dir=(0.0deg) desired_end_x=1.066 actual_end=(1.066,2.670) reverse_origin=(0.706,3.235) curve_start=(0.706,3.009) curve_pts=56 direct_ok=1[0m
[33m[WARN] [1788847460.573221111]: [planner][row1-debug] skeleton tgt=101 points=5 terminal_reverse=0 goal_lane_y=3.791 terminal_stop_y=4.100 final_ref_x=1.250[0m
[33m[WARN] [1788847460.573500962]: [planner][row1-debug] skeleton[0]=(1.066,2.670)[0m
[33m[WARN] [1788847460.573783470]: [planner][row1-debug] skeleton[1]=(0.435,2.670)[0m
[33m[WARN] [1788847460.574061778]: [planner][row1-debug] skeleton[2]=(0.435,3.791)[0m
[33m[WARN] [1788847460.574311760]: [planner][row1-debug] skeleton[3]=(1.250,3.791)[0m
[33m[WARN] [1788847460.574520357]: [planner][row1-debug] skeleton[4]=(1.250,4.301)[0m
[33m[WARN] [1788847460.574759080]: [planner][row1-debug] lane_shift skipped tgt=101 j=2 terminal A1 connector keeps full vertical segment[0m
[33m[WARN] [1788847460.575336905]: [planner][row1-debug] prepend enter src=11 row1_upper=0 raw_pts=74 a_rev=(0.706,3.161) b=(1.066,2.670) path_front=(1.066,2.670 180.0deg type=0)[0m
[33m[WARN] [1788847460.575931817]: [planner][row1-debug] route=B_TO_A1 debug_rev=row1_aux_lane_to_a1_v2 src=12 tgt=101 src_corr=1 tgt_corr=1 target=(1.250,4.100 th=90.0deg) mode=auto terminal_reverse=0 near_gap=0.584 far_gap=0.304 horiz=0.000 min_x=0.676[0m
[33m[WARN] [1788847460.576148749]: [planner][row1-debug] row1-upper first lane to A1 src=12 lower=3.791 upper=4.071 start_lane_y=4.071 source_rear_y=3.579[0m
[33m[WARN] [1788847460.576451790]: [planner][row1-debug] initial_reverse tgt=101 same_corr=1 start_to_right=1 start_lane_y=4.071 forward_heading=0.0deg reverse_end_dir=(180.0deg) desired_end_x=0.928 actual_end=(0.574,4.071) reverse_origin=(0.928,3.579) curve_start=(0.928,3.717) curve_pts=52 direct_ok=0[0m
[33m[WARN] [1788847460.576731531]: [planner][row1-debug] skeleton tgt=101 points=3 terminal_reverse=0 goal_lane_y=4.071 terminal_stop_y=4.100 final_ref_x=1.250[0m
[33m[WARN] [1788847460.576972448]: [planner][row1-debug] skeleton[0]=(0.574,4.071)[0m
[33m[WARN] [1788847460.577267759]: [planner][row1-debug] skeleton[1]=(1.250,4.071)[0m
[33m[WARN] [1788847460.577531543]: [planner][row1-debug] skeleton[2]=(1.250,4.301)[0m
[33m[WARN] [1788847460.577845188]: [planner][row1-debug] exact A1 lane using terminal-constrained G2 fallback src=12 din=-1 t_in=0.300 t_out=0.300 mt_port=0.300 available_out=0.300 rear_stop_y=4.301 max_safe_rear_y=4.311[0m
[33m[WARN] [1788847460.578165813]: [planner][row1-debug] row1-upper full road to A1 S0=(0.928,3.579) S1=(0.928,4.071) S2=(1.865,4.071) S3=(1.865,3.370) S4=(1.865,3.791) S5=(1.250,3.791) S6=(1.250,4.301) r=(0.221,0.189) pts=338[0m
[33m[WARN] [1788847460.578503905]: [planner][row1-debug] route=A1_TO_B src=101 tgt=12 src_corr=1 tgt_corr=1 target=(0.928,3.761 th=-90.0deg) mode=auto terminal_reverse=0 near_gap=0.491 far_gap=0.211 horiz=0.358 min_x=0.676[0m
[33m[WARN] [1788847460.578841347]: [planner][row1-debug] row1-upper direct lane tgt=12 lower=3.791 upper=4.071 connector_mid_y=3.370[0m
[33m[WARN] [1788847460.579060923]: [planner][row1-debug] initial_reverse tgt=12 same_corr=1 start_to_right=0 start_lane_y=3.370 forward_heading=180.0deg reverse_end_dir=(0.0deg) desired_end_x=1.865 actual_end=(1.865,3.370) curve_start=(1.250,3.709) curve_pts=56 direct_ok=1[0m
[33m[WARN] [1788847460.579490778]: [planner][row1-debug] skeleton tgt=12 points=4 terminal_reverse=0 goal_lane_y=4.071 terminal_stop_y=3.761 final_ref_x=1.286[0m
[33m[WARN] [1788847460.579782071]: [planner][row1-debug] skeleton[0]=(1.865,3.370)[0m
[33m[WARN] [1788847460.580064406]: [planner][row1-debug] skeleton[1]=(1.865,4.071)[0m
[33m[WARN] [1788847460.580331263]: [planner][row1-debug] skeleton[2]=(0.928,4.071)[0m
[33m[WARN] [1788847460.580612606]: [planner][row1-debug] skeleton[3]=(0.928,3.579)[0m
[33m[WARN] [1788847460.581089351]: [planner][row1-debug] row1-upper reverse road a_rev=(1.250,4.301) second=(1.250,3.791)->(1.865,3.791) s0=(1.865,3.370) r=0.189 len=(0.511,0.615,0.420) pts=142 front_theta=90.0deg[0m
[33m[WARN] [1788847460.581542250]: [planner][row1-debug] route=B_TO_A1 debug_rev=row1_aux_lane_to_a1_v2 src=13 tgt=101 src_corr=2 tgt_corr=1 target=(1.250,4.100 th=90.0deg) mode=auto terminal_reverse=0 near_gap=0.584 far_gap=0.304 horiz=0.000 min_x=0.676[0m
[33m[WARN] [1788847460.581858731]: [planner][row1-debug] initial_reverse tgt=101 same_corr=0 start_to_right=0 start_lane_y=2.670 forward_heading=180.0deg reverse_end_dir=(0.0deg) desired_end_x=1.288 actual_end=(1.288,2.670) reverse_origin=(0.928,3.235) curve_start=(0.928,3.009) curve_pts=56 direct_ok=1[0m
[33m[WARN] [1788847460.582076806]: [planner][row1-debug] skeleton tgt=101 points=5 terminal_reverse=0 goal_lane_y=3.791 terminal_stop_y=4.100 final_ref_x=1.250[0m
[33m[WARN] [1788847460.582281512]: [planner][row1-debug] skeleton[0]=(1.288,2.670)[0m
[33m[WARN] [1788847460.582548650]: [planner][row1-debug] skeleton[1]=(0.435,2.670)[0m
[33m[WARN] [1788847460.582743740]: [planner][row1-debug] skeleton[2]=(0.435,3.791)[0m
[33m[WARN] [1788847460.582939943]: [planner][row1-debug] skeleton[3]=(1.250,3.791)[0m
[33m[WARN] [1788847460.583121398]: [planner][row1-debug] skeleton[4]=(1.250,4.301)[0m
[33m[WARN] [1788847460.583440044]: [planner][row1-debug] lane_shift skipped tgt=101 j=2 terminal A1 connector keeps full vertical segment[0m
[33m[WARN] [1788847460.584002349]: [planner][row1-debug] prepend enter src=13 row1_upper=0 raw_pts=74 a_rev=(0.928,3.161) b=(1.288,2.670) path_front=(1.288,2.670 180.0deg type=0)[0m
[33m[WARN] [1788847460.584643456]: [planner][row1-debug] route=B_TO_A1 debug_rev=row1_aux_lane_to_a1_v2 src=14 tgt=101 src_corr=1 tgt_corr=1 target=(1.250,4.100 th=90.0deg) mode=auto terminal_reverse=0 near_gap=0.584 far_gap=0.304 horiz=0.000 min_x=0.676[0m
[33m[WARN] [1788847460.584933659]: [planner][row1-debug] row1-upper first lane to A1 src=14 lower=3.791 upper=4.071 start_lane_y=4.071 source_rear_y=3.579[0m
[33m[WARN] [1788847460.585274285]: [planner][row1-debug] initial_reverse tgt=101 same_corr=1 start_to_right=1 start_lane_y=4.071 forward_heading=0.0deg reverse_end_dir=(180.0deg) desired_end_x=1.150 actual_end=(0.796,4.071) reverse_origin=(1.150,3.579) curve_start=(1.150,3.717) curve_pts=52 direct_ok=0[0m
[33m[WARN] [1788847460.585557279]: [planner][row1-debug] skeleton tgt=101 points=3 terminal_reverse=0 goal_lane_y=4.071 terminal_stop_y=4.100 final_ref_x=1.250[0m
[33m[WARN] [1788847460.585790422]: [planner][row1-debug] skeleton[0]=(0.796,4.071)[0m
[33m[WARN] [1788847460.586154583]: [planner][row1-debug] skeleton[1]=(1.250,4.071)[0m
[33m[WARN] [1788847460.586393356]: [planner][row1-debug] skeleton[2]=(1.250,4.301)[0m
[33m[WARN] [1788847460.586671944]: [planner][row1-debug] exact A1 lane using terminal-constrained G2 fallback src=14 din=-1 t_in=0.300 t_out=0.300 mt_port=0.300 available_out=0.300 rear_stop_y=4.301 max_safe_rear_y=4.311[0m
[33m[WARN] [1788847460.586959229]: [planner][row1-debug] row1-upper full road to A1 S0=(1.150,3.579) S1=(1.150,4.071) S2=(1.865,4.071) S3=(1.865,3.370) S4=(1.865,3.791) S5=(1.250,3.791) S6=(1.250,4.301) r=(0.221,0.189) pts=316[0m
[33m[WARN] [1788847460.587340746]: [planner][row1-debug] route=A1_TO_B src=101 tgt=14 src_corr=1 tgt_corr=1 target=(1.150,3.761 th=-90.0deg) mode=auto terminal_reverse=0 near_gap=0.491 far_gap=0.211 horiz=0.358 min_x=0.676[0m
[33m[WARN] [1788847460.587550972]: [planner][row1-debug] row1-upper direct lane tgt=14 lower=3.791 upper=4.071 connector_mid_y=3.370[0m
[33m[WARN] [1788847460.587950200]: [planner][row1-debug] initial_reverse tgt=14 same_corr=1 start_to_right=0 start_lane_y=3.370 forward_heading=180.0deg reverse_end_dir=(0.0deg) desired_end_x=1.865 actual_end=(1.865,3.370) curve_start=(1.250,3.709) curve_pts=56 direct_ok=1[0m
[33m[WARN] [1788847460.588203752]: [planner][row1-debug] skeleton tgt=14 points=4 terminal_reverse=0 goal_lane_y=4.071 terminal_stop_y=3.761 final_ref_x=1.508[0m
[33m[WARN] [1788847460.588446553]: [planner][row1-debug] skeleton[0]=(1.865,3.370)[0m
[33m[WARN] [1788847460.588753013]: [planner][row1-debug] skeleton[1]=(1.865,4.071)[0m
[33m[WARN] [1788847460.588953323]: [planner][row1-debug] skeleton[2]=(1.150,4.071)[0m
[33m[WARN] [1788847460.589126632]: [planner][row1-debug] skeleton[3]=(1.150,3.579)[0m
[33m[WARN] [1788847460.589481736]: [planner][row1-debug] clothoid infeasible tgt=14 j=1 p=(1.865, 4.071) prev=(1.865, 3.370) next=(1.150, 4.071) prev_len=0.700 next_len=0.715 limit=0.309[0m
[33m[WARN] [1788847460.589695892]: [planner] slot 14: using local arc fallback only at infeasible turns; accepted lane shifts and clothoids are preserved[0m
[33m[WARN] [1788847460.589888487]: [planner][row1-debug] local arc fallback tgt=14 j=1 radius=0.300 max_radius=0.300 pts=49[0m
[33m[WARN] [1788847460.590089298]: [planner][row1-debug] row1-upper reverse road a_rev=(1.250,4.301) second=(1.250,3.791)->(1.865,3.791) s0=(1.865,3.370) r=0.189 len=(0.511,0.615,0.420) pts=142 front_theta=90.0deg[0m
[33m[WARN] [1788847460.590379761]: [planner][row1-debug] route=B_TO_A1 debug_rev=row1_aux_lane_to_a1_v2 src=15 tgt=101 src_corr=2 tgt_corr=1 target=(1.250,4.100 th=90.0deg) mode=auto terminal_reverse=0 near_gap=0.584 far_gap=0.304 horiz=0.000 min_x=0.676[0m
[33m[WARN] [1788847460.590593886]: [planner][row1-debug] initial_reverse tgt=101 same_corr=0 start_to_right=0 start_lane_y=2.670 forward_heading=180.0deg reverse_end_dir=(0.0deg) desired_end_x=1.510 actual_end=(1.510,2.670) reverse_origin=(1.150,3.235) curve_start=(1.150,3.009) curve_pts=56 direct_ok=1[0m
[33m[WARN] [1788847460.590789798]: [planner][row1-debug] skeleton tgt=101 points=5 terminal_reverse=0 goal_lane_y=3.791 terminal_stop_y=4.100 final_ref_x=1.250[0m
[33m[WARN] [1788847460.591034572]: [planner][row1-debug] skeleton[0]=(1.510,2.670)[0m
[33m[WARN] [1788847460.591344762]: [planner][row1-debug] skeleton[1]=(0.435,2.670)[0m
[33m[WARN] [1788847460.591574761]: [planner][row1-debug] skeleton[2]=(0.435,3.791)[0m
[33m[WARN] [1788847460.591855491]: [planner][row1-debug] skeleton[3]=(1.250,3.791)[0m
[33m[WARN] [1788847460.592050560]: [planner][row1-debug] skeleton[4]=(1.250,4.301)[0m
[33m[WARN] [1788847460.592224792]: [planner][row1-debug] lane_shift skipped tgt=101 j=2 terminal A1 connector keeps full vertical segment[0m
[33m[WARN] [1788847460.592618368]: [planner][row1-debug] prepend enter src=15 row1_upper=0 raw_pts=74 a_rev=(1.150,3.161) b=(1.510,2.670) path_front=(1.510,2.670 180.0deg type=0)[0m
[33m[WARN] [1788847460.593094141]: [planner][row1-debug] route=B_TO_A1 debug_rev=row1_aux_lane_to_a1_v2 src=16 tgt=101 src_corr=1 tgt_corr=1 target=(1.250,4.100 th=90.0deg) mode=auto terminal_reverse=0 near_gap=0.584 far_gap=0.304 horiz=0.000 min_x=0.676[0m
[33m[WARN] [1788847460.593290734]: [planner][row1-debug] row1-upper first lane to A1 src=16 lower=3.791 upper=4.071 start_lane_y=4.071 source_rear_y=3.579[0m
[33m[WARN] [1788847460.593510641]: [planner][row1-debug] initial_reverse tgt=101 same_corr=1 start_to_right=0 start_lane_y=4.071 forward_heading=180.0deg reverse_end_dir=(0.0deg) desired_end_x=1.372 actual_end=(1.726,4.071) reverse_origin=(1.372,3.579) curve_start=(1.372,3.717) curve_pts=52 direct_ok=0[0m
[33m[WARN] [1788847460.593743153]: [planner][row1-debug] skeleton tgt=101 points=3 terminal_reverse=0 goal_lane_y=4.071 terminal_stop_y=4.100 final_ref_x=1.250[0m
[33m[WARN] [1788847460.593950355]: [planner][row1-debug] skeleton[0]=(1.726,4.071)[0m
[33m[WARN] [1788847460.594181936]: [planner][row1-debug] skeleton[1]=(1.250,4.071)[0m
[33m[WARN] [1788847460.594403455]: [planner][row1-debug] skeleton[2]=(1.250,4.301)[0m
[33m[WARN] [1788847460.594655935]: [planner][row1-debug] exact A1 lane using terminal-constrained G2 fallback src=16 din=1 t_in=0.300 t_out=0.300 mt_port=0.300 available_out=0.300 rear_stop_y=4.301 max_safe_rear_y=4.311[0m
[33m[WARN] [1788847460.594914316]: [planner][row1-debug] row1-upper full road to A1 S0=(1.372,3.579) S1=(1.372,4.071) S2=(0.435,4.071) S3=(0.435,3.370) S4=(0.435,3.791) S5=(1.250,3.791) S6=(1.250,4.301) r=(0.221,0.189) pts=358[0m
[33m[WARN] [1788847460.595230285]: [planner][row1-debug] route=A1_TO_B src=101 tgt=16 src_corr=1 tgt_corr=1 target=(1.372,3.761 th=-90.0deg) mode=auto terminal_reverse=0 near_gap=0.211 far_gap=0.491 horiz=0.358 min_x=0.676[0m
[33m[WARN] [1788847460.595444061]: [planner][row1-debug] row1-upper direct lane tgt=16 lower=3.791 upper=4.071 connector_mid_y=3.370[0m
[33m[WARN] [1788847460.595691419]: [planner][row1-debug] initial_reverse tgt=16 same_corr=1 start_to_right=1 start_lane_y=3.370 forward_heading=0.0deg reverse_end_dir=(180.0deg) desired_end_x=0.435 actual_end=(0.435,3.370) curve_start=(1.250,3.709) curve_pts=56 direct_ok=1[0m
[33m[WARN] [1788847460.595895598]: [planner][row1-debug] skeleton tgt=16 points=4 terminal_reverse=0 goal_lane_y=4.071 terminal_stop_y=3.761 final_ref_x=1.014[0m
[33m[WARN] [1788847460.596105957]: [planner][row1-debug] skeleton[0]=(0.435,3.370)[0m
[33m[WARN] [1788847460.596361491]: [planner][row1-debug] skeleton[1]=(0.435,4.071)[0m
[33m[WARN] [1788847460.596569176]: [planner][row1-debug] skeleton[2]=(1.372,4.071)[0m
[33m[WARN] [1788847460.596761561]: [planner][row1-debug] skeleton[3]=(1.372,3.579)[0m
[33m[WARN] [1788847460.597214581]: [planner][row1-debug] row1-upper reverse road a_rev=(1.250,4.301) second=(1.250,3.791)->(0.435,3.791) s0=(0.435,3.370) r=0.189 len=(0.511,0.815,0.420) pts=162 front_theta=90.0deg[0m
[33m[WARN] [1788847460.597485394]: [planner][row1-debug] route=B_TO_A1 debug_rev=row1_aux_lane_to_a1_v2 src=17 tgt=101 src_corr=2 tgt_corr=1 target=(1.250,4.100 th=90.0deg) mode=auto terminal_reverse=0 near_gap=0.584 far_gap=0.304 horiz=0.000 min_x=0.676[0m
[33m[WARN] [1788847460.597709991]: [planner][row1-debug] initial_reverse tgt=101 same_corr=0 start_to_right=1 start_lane_y=2.670 forward_heading=0.0deg reverse_end_dir=(180.0deg) desired_end_x=1.012 actual_end=(1.012,2.670) reverse_origin=(1.372,3.235) curve_start=(1.372,3.009) curve_pts=56 direct_ok=1[0m
[33m[WARN] [1788847460.597901173]: [planner][row1-debug] skeleton tgt=101 points=5 terminal_reverse=0 goal_lane_y=3.791 terminal_stop_y=4.100 final_ref_x=1.250[0m
[33m[WARN] [1788847460.598154363]: [planner][row1-debug] skeleton[0]=(1.012,2.670)[0m
[33m[WARN] [1788847460.598335477]: [planner][row1-debug] skeleton[1]=(1.865,2.670)[0m
[33m[WARN] [1788847460.598529023]: [planner][row1-debug] skeleton[2]=(1.865,3.791)[0m
[33m[WARN] [1788847460.598746586]: [planner][row1-debug] skeleton[3]=(1.250,3.791)[0m
[33m[WARN] [1788847460.598968528]: [planner][row1-debug] skeleton[4]=(1.250,4.301)[0m
[33m[WARN] [1788847460.599177656]: [planner][row1-debug] lane_shift skipped tgt=101 j=2 terminal A1 connector keeps full vertical segment[0m
[33m[WARN] [1788847460.600984464]: [planner][row1-debug] clothoid infeasible tgt=101 j=2 p=(1.865, 3.791) prev=(1.865, 2.670) next=(1.250, 3.791) prev_len=1.120 next_len=0.615 limit=0.260[0m
[33m[WARN] [1788847460.601180206]: [planner][row1-debug] clothoid infeasible tgt=101 j=3 p=(1.250, 3.791) prev=(1.865, 3.791) next=(1.250, 4.301) prev_len=0.615 next_len=0.511 limit=0.345[0m
[33m[WARN] [1788847460.601388341]: [planner] slot 101: using local arc fallback only at infeasible turns; accepted lane shifts and clothoids are preserved[0m
[33m[WARN] [1788847460.601592557]: [planner][row1-debug] local arc fallback tgt=101 j=2 radius=0.277 max_radius=0.277 pts=45[0m
[33m[WARN] [1788847460.601823208]: [planner][row1-debug] local arc fallback tgt=101 j=3 radius=0.230 max_radius=0.230 pts=41[0m
[33m[WARN] [1788847460.602061408]: [planner][row1-debug] prepend enter src=17 row1_upper=0 raw_pts=74 a_rev=(1.372,3.161) b=(1.012,2.670) path_front=(1.012,2.670 0.0deg type=0)[0m
[33m[WARN] [1788847460.602525307]: [planner][row1-debug] route=B_TO_A1 debug_rev=row1_aux_lane_to_a1_v2 src=18 tgt=101 src_corr=1 tgt_corr=1 target=(1.250,4.100 th=90.0deg) mode=auto terminal_reverse=0 near_gap=0.584 far_gap=0.304 horiz=0.000 min_x=0.676[0m
[33m[WARN] [1788847460.602777156]: [planner][row1-debug] row1-upper first lane to A1 src=18 lower=3.791 upper=4.071 start_lane_y=4.071 source_rear_y=3.579[0m
[33m[WARN] [1788847460.603025095]: [planner][row1-debug] initial_reverse tgt=101 same_corr=1 start_to_right=0 start_lane_y=4.071 forward_heading=180.0deg reverse_end_dir=(0.0deg) desired_end_x=1.594 actual_end=(1.947,4.071) reverse_origin=(1.594,3.579) curve_start=(1.594,3.717) curve_pts=52 direct_ok=0[0m
[33m[WARN] [1788847460.603223453]: [planner][row1-debug] skeleton tgt=101 points=3 terminal_reverse=0 goal_lane_y=4.071 terminal_stop_y=4.100 final_ref_x=1.250[0m
[33m[WARN] [1788847460.603420335]: [planner][row1-debug] skeleton[0]=(1.947,4.071)[0m
[33m[WARN] [1788847460.603628129]: [planner][row1-debug] skeleton[1]=(1.250,4.071)[0m
[33m[WARN] [1788847460.603835954]: [planner][row1-debug] skeleton[2]=(1.250,4.301)[0m
[33m[WARN] [1788847460.604092833]: [planner][row1-debug] exact A1 lane using terminal-constrained G2 fallback src=18 din=1 t_in=0.300 t_out=0.300 mt_port=0.300 available_out=0.300 rear_stop_y=4.301 max_safe_rear_y=4.311[0m
[33m[WARN] [1788847460.604430963]: [planner][row1-debug] row1-upper full road to A1 S0=(1.594,3.579) S1=(1.594,4.071) S2=(0.435,4.071) S3=(0.435,3.370) S4=(0.435,3.791) S5=(1.250,3.791) S6=(1.250,4.301) r=(0.221,0.189) pts=380[0m
[33m[WARN] [1788847460.604717196]: [planner][row1-debug] route=A1_TO_B src=101 tgt=18 src_corr=1 tgt_corr=1 target=(1.594,3.761 th=-90.0deg) mode=auto terminal_reverse=0 near_gap=0.211 far_gap=0.491 horiz=0.358 min_x=0.676[0m
[33m[WARN] [1788847460.604935641]: [planner][row1-debug] row1-upper direct lane tgt=18 lower=3.791 upper=4.071 connector_mid_y=3.370[0m
[33m[WARN] [1788847460.605106394]: [planner][row1-debug] initial_reverse tgt=18 same_corr=1 start_to_right=1 start_lane_y=3.370 forward_heading=0.0deg reverse_end_dir=(180.0deg) desired_end_x=0.435 actual_end=(0.435,3.370) curve_start=(1.250,3.709) curve_pts=56 direct_ok=1[0m
[33m[WARN] [1788847460.605286587]: [planner][row1-debug] skeleton tgt=18 points=4 terminal_reverse=0 goal_lane_y=4.071 terminal_stop_y=3.761 final_ref_x=1.235[0m
[33m[WARN] [1788847460.605494382]: [planner][row1-debug] skeleton[0]=(0.435,3.370)[0m
[33m[WARN] [1788847460.605730600]: [planner][row1-debug] skeleton[1]=(0.435,4.071)[0m
[33m[WARN] [1788847460.605967760]: [planner][row1-debug] skeleton[2]=(1.594,4.071)[0m
[33m[WARN] [1788847460.606144013]: [planner][row1-debug] skeleton[3]=(1.594,3.579)[0m
[33m[WARN] [1788847460.606382977]: [planner][row1-debug] row1-upper reverse road a_rev=(1.250,4.301) second=(1.250,3.791)->(0.435,3.791) s0=(0.435,3.370) r=0.189 len=(0.511,0.815,0.420) pts=162 front_theta=90.0deg[0m
[33m[WARN] [1788847460.606764962]: [planner][row1-debug] route=B_TO_A1 debug_rev=row1_aux_lane_to_a1_v2 src=19 tgt=101 src_corr=2 tgt_corr=1 target=(1.250,4.100 th=90.0deg) mode=auto terminal_reverse=0 near_gap=0.584 far_gap=0.304 horiz=0.000 min_x=0.676[0m
[33m[WARN] [1788847460.607007964]: [planner][row1-debug] initial_reverse tgt=101 same_corr=0 start_to_right=1 start_lane_y=2.670 forward_heading=0.0deg reverse_end_dir=(180.0deg) desired_end_x=1.234 actual_end=(1.234,2.670) reverse_origin=(1.594,3.235) curve_start=(1.594,3.009) curve_pts=56 direct_ok=1[0m
[33m[WARN] [1788847460.607220566]: [planner][row1-debug] skeleton tgt=101 points=5 terminal_reverse=0 goal_lane_y=3.791 terminal_stop_y=4.100 final_ref_x=1.250[0m
[33m[WARN] [1788847460.607416237]: [planner][row1-debug] skeleton[0]=(1.234,2.670)[0m
[33m[WARN] [1788847460.607605658]: [planner][row1-debug] skeleton[1]=(1.865,2.670)[0m
[33m[WARN] [1788847460.607807301]: [planner][row1-debug] skeleton[2]=(1.865,3.791)[0m
[33m[WARN] [1788847460.608076410]: [planner][row1-debug] skeleton[3]=(1.250,3.791)[0m
[33m[WARN] [1788847460.608350354]: [planner][row1-debug] skeleton[4]=(1.250,4.301)[0m
[33m[WARN] [1788847460.608572642]: [planner][row1-debug] lane_shift skipped tgt=101 j=2 terminal A1 connector keeps full vertical segment[0m
[33m[WARN] [1788847460.610345806]: [planner][row1-debug] clothoid infeasible tgt=101 j=2 p=(1.865, 3.791) prev=(1.865, 2.670) next=(1.250, 3.791) prev_len=1.120 next_len=0.615 limit=0.260[0m
[33m[WARN] [1788847460.610592144]: [planner][row1-debug] clothoid infeasible tgt=101 j=3 p=(1.250, 3.791) prev=(1.865, 3.791) next=(1.250, 4.301) prev_len=0.615 next_len=0.511 limit=0.345[0m
[33m[WARN] [1788847460.610876742]: [planner][row1-debug] local arc fallback tgt=101 j=2 radius=0.277 max_radius=0.277 pts=45[0m
[33m[WARN] [1788847460.611112981]: [planner][row1-debug] local arc fallback tgt=101 j=3 radius=0.230 max_radius=0.230 pts=41[0m
[33m[WARN] [1788847460.611378937]: [planner][row1-debug] prepend enter src=19 row1_upper=0 raw_pts=74 a_rev=(1.594,3.161) b=(1.234,2.670) path_front=(1.234,2.670 0.0deg type=0)[0m
[33m[WARN] [1788847460.612021049]: [planner][row1-debug] route=B_TO_A1 debug_rev=row1_aux_lane_to_a1_v2 src=20 tgt=101 src_corr=2 tgt_corr=1 target=(1.250,4.100 th=90.0deg) mode=auto terminal_reverse=0 near_gap=0.584 far_gap=0.304 horiz=0.000 min_x=0.676[0m
[33m[WARN] [1788847460.612279737]: [planner][row1-debug] initial_reverse tgt=101 same_corr=0 start_to_right=0 start_lane_y=2.950 forward_heading=180.0deg reverse_end_dir=(0.0deg) desired_end_x=0.643 actual_end=(0.643,2.950) reverse_origin=(0.124,2.385) curve_start=(0.124,2.612) curve_pts=56 direct_ok=1[0m
[33m[WARN] [1788847460.612523549]: [planner][row1-debug] skeleton tgt=101 points=5 terminal_reverse=0 goal_lane_y=3.791 terminal_stop_y=4.100 final_ref_x=1.250[0m
[33m[WARN] [1788847460.612800945]: [planner][row1-debug] skeleton[0]=(0.643,2.950)[0m
[33m[WARN] [1788847460.613009090]: [planner][row1-debug] skeleton[1]=(0.145,2.950)[0m
[33m[WARN] [1788847460.613215606]: [planner][row1-debug] skeleton[2]=(0.145,3.791)[0m
[33m[WARN] [1788847460.613505565]: [planner][row1-debug] skeleton[3]=(1.250,3.791)[0m
[33m[WARN] [1788847460.613827637]: [planner][row1-debug] skeleton[4]=(1.250,4.301)[0m
[33m[WARN] [1788847460.614080985]: [planner][row1-debug] lane_shift skipped tgt=101 j=2 terminal A1 connector keeps full vertical segment[0m
[33m[WARN] [1788847460.615437833]: [planner][row1-debug] clothoid infeasible tgt=101 j=1 p=(0.145, 2.950) prev=(0.643, 2.950) next=(0.145, 3.791) prev_len=0.498 next_len=0.840 limit=0.347[0m
[33m[WARN] [1788847460.615688318]: [planner][row1-debug] local arc fallback tgt=101 j=1 radius=0.224 max_radius=0.224 pts=41[0m
[33m[WARN] [1788847460.616035176]: [planner][row1-debug] prepend enter src=20 row1_upper=0 raw_pts=90 a_rev=(0.124,2.459) b=(0.643,2.950) path_front=(0.643,2.950 180.0deg type=0)[0m
[33m[WARN] [1788847460.616401619]: [planner][row1-debug] route=A1_TO_B src=101 tgt=20 src_corr=1 tgt_corr=2 target=(0.124,2.641 th=-90.0deg) mode=auto terminal_reverse=0 near_gap=0.491 far_gap=0.211 horiz=1.126 min_x=0.676[0m
[33m[WARN] [1788847460.616726806]: [planner][row1-debug] initial_reverse tgt=20 same_corr=0 start_to_right=1 start_lane_y=3.791 forward_heading=0.0deg reverse_end_dir=(180.0deg) desired_end_x=0.890 actual_end=(0.890,3.791) curve_start=(1.250,4.129) curve_pts=56 direct_ok=1[0m
[33m[WARN] [1788847460.616981432]: [planner][row1-debug] skeleton tgt=20 points=5 terminal_reverse=0 goal_lane_y=2.950 terminal_stop_y=2.641 final_ref_x=1.250[0m
[33m[WARN] [1788847460.617325855]: [planner][row1-debug] skeleton[0]=(0.890,3.791)[0m
[33m[WARN] [1788847460.617579537]: [planner][row1-debug] skeleton[1]=(1.865,3.791)[0m
[33m[WARN] [1788847460.617865035]: [planner][row1-debug] skeleton[2]=(1.865,2.950)[0m
[33m[WARN] [1788847460.618181423]: [planner][row1-debug] skeleton[3]=(0.124,2.950)[0m
[33m[WARN] [1788847460.618454427]: [planner][row1-debug] skeleton[4]=(0.124,2.459)[0m
[33m[WARN] [1788847460.619381235]: [planner][row1-debug] route=B_TO_A1 debug_rev=row1_aux_lane_to_a1_v2 src=21 tgt=101 src_corr=3 tgt_corr=1 target=(1.250,4.100 th=90.0deg) mode=auto terminal_reverse=0 near_gap=0.584 far_gap=0.304 horiz=0.000 min_x=0.676[0m
[33m[WARN] [1788847460.619632502]: [planner][row1-debug] initial_reverse tgt=101 same_corr=0 start_to_right=0 start_lane_y=1.550 forward_heading=180.0deg reverse_end_dir=(0.0deg) desired_end_x=1.748 actual_end=(1.748,1.550) reverse_origin=(0.124,2.115) curve_start=(0.124,1.888) curve_pts=56 direct_ok=1[0m
[33m[WARN] [1788847460.619892573]: [planner][row1-debug] skeleton tgt=101 points=7 terminal_reverse=0 goal_lane_y=3.791 terminal_stop_y=4.100 final_ref_x=1.250[0m
[33m[WARN] [1788847460.620200498]: [planner][row1-debug] skeleton[0]=(1.748,1.550)[0m
[33m[WARN] [1788847460.620490577]: [planner][row1-debug] skeleton[1]=(1.250,1.550)[0m
[33m[WARN] [1788847460.620677502]: [planner][row1-debug] skeleton[2]=(1.250,2.950)[0m
[33m[WARN] [1788847460.620894765]: [planner][row1-debug] skeleton[3]=(0.435,2.950)[0m
[33m[WARN] [1788847460.621083844]: [planner][row1-debug] skeleton[4]=(0.435,3.791)[0m
[33m[WARN] [1788847460.621407257]: [planner][row1-debug] skeleton[5]=(1.250,3.791)[0m
[33m[WARN] [1788847460.621704221]: [planner][row1-debug] skeleton[6]=(1.250,4.301)[0m
[33m[WARN] [1788847460.621932174]: [planner][row1-debug] lane_shift rejected tgt=101 j=2 terminal=0 lateral=0.815 lead_in=0.643 lead_out=0.643[0m
[33m[WARN] [1788847460.622175254]: [planner][row1-debug] lane_shift skipped tgt=101 j=4 terminal A1 connector keeps full vertical segment[0m
[33m[WARN] [1788847460.625363805]: [planner][row1-debug] clothoid infeasible tgt=101 j=4 p=(0.435, 3.791) prev=(0.435, 2.950) next=(1.250, 3.791) prev_len=0.840 next_len=0.815 limit=0.332[0m
[33m[WARN] [1788847460.625660659]: [planner][row1-debug] local arc fallback tgt=101 j=4 radius=0.338 max_radius=0.367 pts=55[0m
[33m[WARN] [1788847460.625858665]: [planner][row1-debug] prepend enter src=21 row1_upper=0 raw_pts=200 a_rev=(0.124,2.041) b=(1.748,1.550) path_front=(1.748,1.550 180.0deg type=0)[0m
[33m[WARN] [1788847460.626952048]: [planner][row1-debug] route=B_TO_A1 debug_rev=row1_aux_lane_to_a1_v2 src=22 tgt=101 src_corr=2 tgt_corr=1 target=(1.250,4.100 th=90.0deg) mode=auto terminal_reverse=0 near_gap=0.584 far_gap=0.304 horiz=0.000 min_x=0.676[0m
[33m[WARN] [1788847460.627302917]: [planner][row1-debug] initial_reverse tgt=101 same_corr=0 start_to_right=0 start_lane_y=2.950 forward_heading=180.0deg reverse_end_dir=(0.0deg) desired_end_x=0.703 actual_end=(0.703,2.950) reverse_origin=(0.343,2.385) curve_start=(0.343,2.612) curve_pts=56 direct_ok=1[0m
[33m[WARN] [1788847460.627587405]: [planner][row1-debug] skeleton tgt=101 points=5 terminal_reverse=0 goal_lane_y=3.791 terminal_stop_y=4.100 final_ref_x=1.250[0m
[33m[WARN] [1788847460.627856062]: [planner][row1-debug] skeleton[0]=(0.703,2.950)[0m
[33m[WARN] [1788847460.628104696]: [planner][row1-debug] skeleton[1]=(0.145,2.950)[0m
[33m[WARN] [1788847460.628374548]: [planner][row1-debug] skeleton[2]=(0.145,3.791)[0m
[33m[WARN] [1788847460.628615436]: [planner][row1-debug] skeleton[3]=(1.250,3.791)[0m
[33m[WARN] [1788847460.628850312]: [planner][row1-debug] skeleton[4]=(1.250,4.301)[0m
[33m[WARN] [1788847460.629095775]: [planner][row1-debug] lane_shift skipped tgt=101 j=2 terminal A1 connector keeps full vertical segment[0m
[33m[WARN] [1788847460.630452000]: [planner][row1-debug] clothoid infeasible tgt=101 j=1 p=(0.145, 2.950) prev=(0.703, 2.950) next=(0.145, 3.791) prev_len=0.558 next_len=0.840 limit=0.342[0m
[33m[WARN] [1788847460.630726050]: [planner][row1-debug] local arc fallback tgt=101 j=1 radius=0.251 max_radius=0.251 pts=41[0m
[33m[WARN] [1788847460.630971094]: [planner][row1-debug] prepend enter src=22 row1_upper=0 raw_pts=74 a_rev=(0.343,2.459) b=(0.703,2.950) path_front=(0.703,2.950 180.0deg type=0)[0m
[33m[WARN] [1788847460.631304388]: [planner][row1-debug] route=A1_TO_B src=101 tgt=22 src_corr=1 tgt_corr=2 target=(0.343,2.641 th=-90.0deg) mode=auto terminal_reverse=0 near_gap=0.491 far_gap=0.211 horiz=0.907 min_x=0.676[0m
[33m[WARN] [1788847460.631628403]: [planner][row1-debug] initial_reverse tgt=22 same_corr=0 start_to_right=1 start_lane_y=3.791 forward_heading=0.0deg reverse_end_dir=(180.0deg) desired_end_x=0.890 actual_end=(0.890,3.791) curve_start=(1.250,4.129) curve_pts=56 direct_ok=1[0m
[33m[WARN] [1788847460.631879157]: [planner][row1-debug] skeleton tgt=22 points=5 terminal_reverse=0 goal_lane_y=2.950 terminal_stop_y=2.641 final_ref_x=1.250[0m
[33m[WARN] [1788847460.632128771]: [planner][row1-debug] skeleton[0]=(0.890,3.791)[0m
[33m[WARN] [1788847460.632353428]: [planner][row1-debug] skeleton[1]=(1.865,3.791)[0m
[33m[WARN] [1788847460.632598803]: [planner][row1-debug] skeleton[2]=(1.865,2.950)[0m
[33m[WARN] [1788847460.632852997]: [planner][row1-debug] skeleton[3]=(0.343,2.950)[0m
[33m[WARN] [1788847460.633082030]: [planner][row1-debug] skeleton[4]=(0.343,2.459)[0m
[33m[WARN] [1788847460.633944637]: [planner][row1-debug] route=B_TO_A1 debug_rev=row1_aux_lane_to_a1_v2 src=23 tgt=101 src_corr=3 tgt_corr=1 target=(1.250,4.100 th=90.0deg) mode=auto terminal_reverse=0 near_gap=0.584 far_gap=0.304 horiz=0.000 min_x=0.676[0m
[33m[WARN] [1788847460.634193330]: [planner][row1-debug] initial_reverse tgt=101 same_corr=0 start_to_right=0 start_lane_y=1.550 forward_heading=180.0deg reverse_end_dir=(0.0deg) desired_end_x=1.748 actual_end=(1.748,1.550) reverse_origin=(0.343,2.115) curve_start=(0.343,1.888) curve_pts=56 direct_ok=1[0m
[33m[WARN] [1788847460.634450376]: [planner][row1-debug] skeleton tgt=101 points=7 terminal_reverse=0 goal_lane_y=3.791 terminal_stop_y=4.100 final_ref_x=1.250[0m
[33m[WARN] [1788847460.634673291]: [planner][row1-debug] skeleton[0]=(1.748,1.550)[0m
[33m[WARN] [1788847460.634878919]: [planner][row1-debug] skeleton[1]=(1.250,1.550)[0m
[33m[WARN] [1788847460.635217283]: [planner][row1-debug] skeleton[2]=(1.250,2.950)[0m
[33m[WARN] [1788847460.635450956]: [planner][row1-debug] skeleton[3]=(0.435,2.950)[0m
[33m[WARN] [1788847460.635643421]: [planner][row1-debug] skeleton[4]=(0.435,3.791)[0m
[33m[WARN] [1788847460.635926458]: [planner][row1-debug] skeleton[5]=(1.250,3.791)[0m
[33m[WARN] [1788847460.636128601]: [planner][row1-debug] skeleton[6]=(1.250,4.301)[0m
[33m[WARN] [1788847460.636369809]: [planner][row1-debug] lane_shift rejected tgt=101 j=2 terminal=0 lateral=0.815 lead_in=0.643 lead_out=0.643[0m
[33m[WARN] [1788847460.636589535]: [planner][row1-debug] lane_shift skipped tgt=101 j=4 terminal A1 connector keeps full vertical segment[0m
[33m[WARN] [1788847460.639636958]: [planner][row1-debug] clothoid infeasible tgt=101 j=4 p=(0.435, 3.791) prev=(0.435, 2.950) next=(1.250, 3.791) prev_len=0.840 next_len=0.815 limit=0.332[0m
[33m[WARN] [1788847460.639909199]: [planner][row1-debug] local arc fallback tgt=101 j=4 radius=0.338 max_radius=0.367 pts=55[0m
[33m[WARN] [1788847460.640200511]: [planner][row1-debug] prepend enter src=23 row1_upper=0 raw_pts=178 a_rev=(0.343,2.041) b=(1.748,1.550) path_front=(1.748,1.550 180.0deg type=0)[0m
[33m[WARN] [1788847460.641542767]: [planner][row1-debug] route=B_TO_A1 debug_rev=row1_aux_lane_to_a1_v2 src=24 tgt=101 src_corr=2 tgt_corr=1 target=(1.250,4.100 th=90.0deg) mode=auto terminal_reverse=0 near_gap=0.584 far_gap=0.304 horiz=0.000 min_x=0.676[0m
[33m[WARN] [1788847460.641912791]: [planner][row1-debug] initial_reverse tgt=101 same_corr=0 start_to_right=0 start_lane_y=2.950 forward_heading=180.0deg reverse_end_dir=(0.0deg) desired_end_x=0.922 actual_end=(0.922,2.950) reverse_origin=(0.562,2.385) curve_start=(0.562,2.612) curve_pts=56 direct_ok=1[0m
[33m[WARN] [1788847460.642135159]: [planner][row1-debug] skeleton tgt=101 points=5 terminal_reverse=0 goal_lane_y=3.791 terminal_stop_y=4.100 final_ref_x=1.250[0m
[33m[WARN] [1788847460.642475238]: [planner][row1-debug] skeleton[0]=(0.922,2.950)[0m
[33m[WARN] [1788847460.642741580]: [planner][row1-debug] skeleton[1]=(0.145,2.950)[0m
[33m[WARN] [1788847460.643035300]: [planner][row1-debug] skeleton[2]=(0.145,3.791)[0m
[33m[WARN] [1788847460.643347633]: [planner][row1-debug] skeleton[3]=(1.250,3.791)[0m
[33m[WARN] [1788847460.643696305]: [planner][row1-debug] skeleton[4]=(1.250,4.301)[0m
[33m[WARN] [1788847460.643989230]: [planner][row1-debug] lane_shift skipped tgt=101 j=2 terminal A1 connector keeps full vertical segment[0m
[33m[WARN] [1788847460.644619827]: [planner][row1-debug] prepend enter src=24 row1_upper=0 raw_pts=74 a_rev=(0.562,2.459) b=(0.922,2.950) path_front=(0.922,2.950 180.0deg type=0)[0m
[33m[WARN] [1788847460.645027160]: [planner][row1-debug] route=A1_TO_B src=101 tgt=24 src_corr=1 tgt_corr=2 target=(0.562,2.641 th=-90.0deg) mode=auto terminal_reverse=0 near_gap=0.491 far_gap=0.211 horiz=0.688 min_x=0.676[0m
[33m[WARN] [1788847460.645299987]: [planner][row1-debug] initial_reverse tgt=24 same_corr=0 start_to_right=1 start_lane_y=3.791 forward_heading=0.0deg reverse_end_dir=(180.0deg) desired_end_x=0.890 actual_end=(0.890,3.791) curve_start=(1.250,4.129) curve_pts=56 direct_ok=1[0m
[33m[WARN] [1788847460.645653759]: [planner][row1-debug] skeleton tgt=24 points=5 terminal_reverse=0 goal_lane_y=2.950 terminal_stop_y=2.641 final_ref_x=1.250[0m
[33m[WARN] [1788847460.645904343]: [planner][row1-debug] skeleton[0]=(0.890,3.791)[0m
[33m[WARN] [1788847460.646192969]: [planner][row1-debug] skeleton[1]=(1.865,3.791)[0m
[33m[WARN] [1788847460.646500456]: [planner][row1-debug] skeleton[2]=(1.865,2.950)[0m
[33m[WARN] [1788847460.646776318]: [planner][row1-debug] skeleton[3]=(0.562,2.950)[0m
[33m[WARN] [1788847460.647038486]: [planner][row1-debug] skeleton[4]=(0.562,2.459)[0m
[33m[WARN] [1788847460.648022619]: [planner][row1-debug] route=B_TO_A1 debug_rev=row1_aux_lane_to_a1_v2 src=25 tgt=101 src_corr=3 tgt_corr=1 target=(1.250,4.100 th=90.0deg) mode=auto terminal_reverse=0 near_gap=0.584 far_gap=0.304 horiz=0.000 min_x=0.676[0m
[33m[WARN] [1788847460.648286892]: [planner][row1-debug] initial_reverse tgt=101 same_corr=0 start_to_right=0 start_lane_y=1.550 forward_heading=180.0deg reverse_end_dir=(0.0deg) desired_end_x=1.748 actual_end=(1.748,1.550) reverse_origin=(0.562,2.115) curve_start=(0.562,1.888) curve_pts=56 direct_ok=1[0m
[33m[WARN] [1788847460.648524163]: [planner][row1-debug] skeleton tgt=101 points=7 terminal_reverse=0 goal_lane_y=3.791 terminal_stop_y=4.100 final_ref_x=1.250[0m
[33m[WARN] [1788847460.648780410]: [planner][row1-debug] skeleton[0]=(1.748,1.550)[0m
[33m[WARN] [1788847460.648985560]: [planner][row1-debug] skeleton[1]=(1.250,1.550)[0m
[33m[WARN] [1788847460.649227529]: [planner][row1-debug] skeleton[2]=(1.250,2.950)[0m
[33m[WARN] [1788847460.649521158]: [planner][row1-debug] skeleton[3]=(0.435,2.950)[0m
[33m[WARN] [1788847460.649782440]: [planner][row1-debug] skeleton[4]=(0.435,3.791)[0m
[33m[WARN] [1788847460.650062054]: [planner][row1-debug] skeleton[5]=(1.250,3.791)[0m
[33m[WARN] [1788847460.650331913]: [planner][row1-debug] skeleton[6]=(1.250,4.301)[0m
[33m[WARN] [1788847460.650599392]: [planner][row1-debug] lane_shift rejected tgt=101 j=2 terminal=0 lateral=0.815 lead_in=0.643 lead_out=0.643[0m
[33m[WARN] [1788847460.650870295]: [planner][row1-debug] lane_shift skipped tgt=101 j=4 terminal A1 connector keeps full vertical segment[0m
[33m[WARN] [1788847460.654053195]: [planner][row1-debug] clothoid infeasible tgt=101 j=4 p=(0.435, 3.791) prev=(0.435, 2.950) next=(1.250, 3.791) prev_len=0.840 next_len=0.815 limit=0.332[0m
[33m[WARN] [1788847460.654320422]: [planner][row1-debug] local arc fallback tgt=101 j=4 radius=0.338 max_radius=0.367 pts=55[0m
[33m[WARN] [1788847460.654594622]: [planner][row1-debug] prepend enter src=25 row1_upper=0 raw_pts=156 a_rev=(0.562,2.041) b=(1.748,1.550) path_front=(1.748,1.550 180.0deg type=0)[0m
[33m[WARN] [1788847460.655746237]: [planner][row1-debug] route=B_TO_A1 debug_rev=row1_aux_lane_to_a1_v2 src=26 tgt=101 src_corr=2 tgt_corr=1 target=(1.250,4.100 th=90.0deg) mode=auto terminal_reverse=0 near_gap=0.584 far_gap=0.304 horiz=0.000 min_x=0.676[0m
[33m[WARN] [1788847460.655960023]: [planner][row1-debug] initial_reverse tgt=101 same_corr=0 start_to_right=0 start_lane_y=2.950 forward_heading=180.0deg reverse_end_dir=(0.0deg) desired_end_x=1.142 actual_end=(1.142,2.950) reverse_origin=(0.782,2.385) curve_start=(0.782,2.612) curve_pts=56 direct_ok=1[0m
[33m[WARN] [1788847460.656217190]: [planner][row1-debug] skeleton tgt=101 points=5 terminal_reverse=0 goal_lane_y=3.791 terminal_stop_y=4.100 final_ref_x=1.250[0m
[33m[WARN] [1788847460.656431528]: [planner][row1-debug] skeleton[0]=(1.142,2.950)[0m
[33m[WARN] [1788847460.656653489]: [planner][row1-debug] skeleton[1]=(0.145,2.950)[0m
[33m[WARN] [1788847460.656858127]: [planner][row1-debug] skeleton[2]=(0.145,3.791)[0m
[33m[WARN] [1788847460.657102881]: [planner][row1-debug] skeleton[3]=(1.250,3.791)[0m
[33m[WARN] [1788847460.657307870]: [planner][row1-debug] skeleton[4]=(1.250,4.301)[0m
[33m[WARN] [1788847460.657553136]: [planner][row1-debug] lane_shift skipped tgt=101 j=2 terminal A1 connector keeps full vertical segment[0m
[33m[WARN] [1788847460.658121083]: [planner][row1-debug] prepend enter src=26 row1_upper=0 raw_pts=74 a_rev=(0.782,2.459) b=(1.142,2.950) path_front=(1.142,2.950 180.0deg type=0)[0m
[33m[WARN] [1788847460.658425451]: [planner][row1-debug] route=A1_TO_B src=101 tgt=26 src_corr=1 tgt_corr=2 target=(0.782,2.641 th=-90.0deg) mode=auto terminal_reverse=0 near_gap=0.491 far_gap=0.211 horiz=0.468 min_x=0.676[0m
[33m[WARN] [1788847460.658670056]: [planner][row1-debug] initial_reverse tgt=26 same_corr=0 start_to_right=1 start_lane_y=3.791 forward_heading=0.0deg reverse_end_dir=(180.0deg) desired_end_x=0.890 actual_end=(0.890,3.791) curve_start=(1.250,4.129) curve_pts=56 direct_ok=1[0m
[33m[WARN] [1788847460.658913778]: [planner][row1-debug] skeleton tgt=26 points=5 terminal_reverse=0 goal_lane_y=2.950 terminal_stop_y=2.641 final_ref_x=1.250[0m
[33m[WARN] [1788847460.659297517]: [planner][row1-debug] skeleton[0]=(0.890,3.791)[0m
[33m[WARN] [1788847460.659568190]: [planner][row1-debug] skeleton[1]=(1.865,3.791)[0m
[33m[WARN] [1788847460.659748242]: [planner][row1-debug] skeleton[2]=(1.865,2.950)[0m
[33m[WARN] [1788847460.659942530]: [planner][row1-debug] skeleton[3]=(0.782,2.950)[0m
[33m[WARN] [1788847460.660149844]: [planner][row1-debug] skeleton[4]=(0.782,2.459)[0m
[33m[WARN] [1788847460.660348131]: [planner][row1-debug] lane_shift skipped tgt=26 j=2 terminal=1 lateral=1.083: row3 keeps aisle turn into slot[0m
[33m[WARN] [1788847460.660832620]: [planner][row1-debug] route=B_TO_A1 debug_rev=row1_aux_lane_to_a1_v2 src=27 tgt=101 src_corr=3 tgt_corr=1 target=(1.250,4.100 th=90.0deg) mode=auto terminal_reverse=0 near_gap=0.584 far_gap=0.304 horiz=0.000 min_x=0.676[0m
[33m[WARN] [1788847460.661059189]: [planner][row1-debug] initial_reverse tgt=101 same_corr=0 start_to_right=0 start_lane_y=1.550 forward_heading=180.0deg reverse_end_dir=(0.0deg) desired_end_x=1.748 actual_end=(1.748,1.550) reverse_origin=(0.782,2.115) curve_start=(0.782,1.888) curve_pts=56 direct_ok=1[0m
[33m[WARN] [1788847460.661297362]: [planner][row1-debug] skeleton tgt=101 points=7 terminal_reverse=0 goal_lane_y=3.791 terminal_stop_y=4.100 final_ref_x=1.250[0m
[33m[WARN] [1788847460.661555304]: [planner][row1-debug] skeleton[0]=(1.748,1.550)[0m
[33m[WARN] [1788847460.661804006]: [planner][row1-debug] skeleton[1]=(1.250,1.550)[0m
[33m[WARN] [1788847460.662142795]: [planner][row1-debug] skeleton[2]=(1.250,2.950)[0m
[33m[WARN] [1788847460.662430484]: [planner][row1-debug] skeleton[3]=(0.435,2.950)[0m
[33m[WARN] [1788847460.662752185]: [planner][row1-debug] skeleton[4]=(0.435,3.791)[0m
[33m[WARN] [1788847460.663107667]: [planner][row1-debug] skeleton[5]=(1.250,3.791)[0m
[33m[WARN] [1788847460.663336040]: [planner][row1-debug] skeleton[6]=(1.250,4.301)[0m
[33m[WARN] [1788847460.663611644]: [planner][row1-debug] lane_shift rejected tgt=101 j=2 terminal=0 lateral=0.815 lead_in=0.643 lead_out=0.643[0m
[33m[WARN] [1788847460.663826744]: [planner][row1-debug] lane_shift skipped tgt=101 j=4 terminal A1 connector keeps full vertical segment[0m
[33m[WARN] [1788847460.666894353]: [planner][row1-debug] clothoid infeasible tgt=101 j=4 p=(0.435, 3.791) prev=(0.435, 2.950) next=(1.250, 3.791) prev_len=0.840 next_len=0.815 limit=0.332[0m
[33m[WARN] [1788847460.667211451]: [planner][row1-debug] local arc fallback tgt=101 j=4 radius=0.338 max_radius=0.367 pts=55[0m
[33m[WARN] [1788847460.667643362]: [planner][row1-debug] prepend enter src=27 row1_upper=0 raw_pts=134 a_rev=(0.782,2.041) b=(1.748,1.550) path_front=(1.748,1.550 180.0deg type=0)[0m
[33m[WARN] [1788847460.668920127]: [planner][row1-debug] route=B_TO_A1 debug_rev=row1_aux_lane_to_a1_v2 src=28 tgt=101 src_corr=2 tgt_corr=1 target=(1.250,4.100 th=90.0deg) mode=auto terminal_reverse=0 near_gap=0.584 far_gap=0.304 horiz=0.000 min_x=0.676[0m
[33m[WARN] [1788847460.669240805]: [planner][row1-debug] initial_reverse tgt=101 same_corr=0 start_to_right=0 start_lane_y=2.950 forward_heading=180.0deg reverse_end_dir=(0.0deg) desired_end_x=1.361 actual_end=(1.361,2.950) reverse_origin=(1.001,2.385) curve_start=(1.001,2.612) curve_pts=56 direct_ok=1[0m
[33m[WARN] [1788847460.669486359]: [planner][row1-debug] skeleton tgt=101 points=5 terminal_reverse=0 goal_lane_y=3.791 terminal_stop_y=4.100 final_ref_x=1.250[0m
[33m[WARN] [1788847460.669739108]: [planner][row1-debug] skeleton[0]=(1.361,2.950)[0m
[33m[WARN] [1788847460.670034318]: [planner][row1-debug] skeleton[1]=(0.145,2.950)[0m
[33m[WARN] [1788847460.670352682]: [planner][row1-debug] skeleton[2]=(0.145,3.791)[0m
[33m[WARN] [1788847460.670641951]: [planner][row1-debug] skeleton[3]=(1.250,3.791)[0m
[33m[WARN] [1788847460.670907425]: [planner][row1-debug] skeleton[4]=(1.250,4.301)[0m
[33m[WARN] [1788847460.671258482]: [planner][row1-debug] lane_shift skipped tgt=101 j=2 terminal A1 connector keeps full vertical segment[0m
[33m[WARN] [1788847460.671920172]: [planner][row1-debug] prepend enter src=28 row1_upper=0 raw_pts=74 a_rev=(1.001,2.459) b=(1.361,2.950) path_front=(1.361,2.950 180.0deg type=0)[0m
[33m[WARN] [1788847460.672252070]: [planner][row1-debug] route=A1_TO_B src=101 tgt=28 src_corr=1 tgt_corr=2 target=(1.001,2.641 th=-90.0deg) mode=auto terminal_reverse=0 near_gap=0.491 far_gap=0.211 horiz=0.358 min_x=0.676[0m
[33m[WARN] [1788847460.672511151]: [planner][row1-debug] initial_reverse tgt=28 same_corr=0 start_to_right=1 start_lane_y=3.791 forward_heading=0.0deg reverse_end_dir=(180.0deg) desired_end_x=0.890 actual_end=(0.890,3.791) curve_start=(1.250,4.129) curve_pts=56 direct_ok=1[0m
[33m[WARN] [1788847460.672822013]: [planner][row1-debug] skeleton tgt=28 points=5 terminal_reverse=0 goal_lane_y=2.950 terminal_stop_y=2.641 final_ref_x=1.359[0m
[33m[WARN] [1788847460.673073659]: [planner][row1-debug] skeleton[0]=(0.890,3.791)[0m
[33m[WARN] [1788847460.673277385]: [planner][row1-debug] skeleton[1]=(1.865,3.791)[0m
[33m[WARN] [1788847460.673562715]: [planner][row1-debug] skeleton[2]=(1.865,2.950)[0m
[33m[WARN] [1788847460.673862184]: [planner][row1-debug] skeleton[3]=(1.001,2.950)[0m
[33m[WARN] [1788847460.674111129]: [planner][row1-debug] skeleton[4]=(1.001,2.459)[0m
[33m[WARN] [1788847460.674438929]: [planner][row1-debug] lane_shift skipped tgt=28 j=2 terminal=1 lateral=0.864: row3 keeps aisle turn into slot[0m
[33m[WARN] [1788847460.675292928]: [planner][row1-debug] clothoid infeasible tgt=28 j=2 p=(1.865, 2.950) prev=(1.865, 3.791) next=(1.001, 2.950) prev_len=0.840 next_len=0.864 limit=0.342[0m
[33m[WARN] [1788847460.675721994]: [planner][row1-debug] local arc fallback tgt=28 j=2 radius=0.311 max_radius=0.311 pts=50[0m
[33m[WARN] [1788847460.676092445]: [planner][row1-debug] route=B_TO_A1 debug_rev=row1_aux_lane_to_a1_v2 src=29 tgt=101 src_corr=3 tgt_corr=1 target=(1.250,4.100 th=90.0deg) mode=auto terminal_reverse=0 near_gap=0.584 far_gap=0.304 horiz=0.000 min_x=0.676[0m
[33m[WARN] [1788847460.676376267]: [planner][row1-debug] initial_reverse tgt=101 same_corr=0 start_to_right=0 start_lane_y=1.550 forward_heading=180.0deg reverse_end_dir=(0.0deg) desired_end_x=1.748 actual_end=(1.748,1.550) reverse_origin=(1.001,2.115) curve_start=(1.001,1.888) curve_pts=56 direct_ok=1[0m
[33m[WARN] [1788847460.676704870]: [planner][row1-debug] skeleton tgt=101 points=7 terminal_reverse=0 goal_lane_y=3.791 terminal_stop_y=4.100 final_ref_x=1.250[0m
[33m[WARN] [1788847460.676969482]: [planner][row1-debug] skeleton[0]=(1.748,1.550)[0m
[33m[WARN] [1788847460.677312148]: [planner][row1-debug] skeleton[1]=(1.250,1.550)[0m
[33m[WARN] [1788847460.677677233]: [planner][row1-debug] skeleton[2]=(1.250,2.950)[0m
[33m[WARN] [1788847460.677996597]: [planner][row1-debug] skeleton[3]=(0.435,2.950)[0m
[33m[WARN] [1788847460.678331385]: [planner][row1-debug] skeleton[4]=(0.435,3.791)[0m
[33m[WARN] [1788847460.678545170]: [planner][row1-debug] skeleton[5]=(1.250,3.791)[0m
[33m[WARN] [1788847460.678849461]: [planner][row1-debug] skeleton[6]=(1.250,4.301)[0m
[33m[WARN] [1788847460.679205203]: [planner][row1-debug] lane_shift rejected tgt=101 j=2 terminal=0 lateral=0.815 lead_in=0.643 lead_out=0.643[0m
[33m[WARN] [1788847460.679507297]: [planner][row1-debug] lane_shift skipped tgt=101 j=4 terminal A1 connector keeps full vertical segment[0m
[33m[WARN] [1788847460.682705798]: [planner][row1-debug] clothoid infeasible tgt=101 j=4 p=(0.435, 3.791) prev=(0.435, 2.950) next=(1.250, 3.791) prev_len=0.840 next_len=0.815 limit=0.332[0m
[33m[WARN] [1788847460.683110591]: [planner][row1-debug] local arc fallback tgt=101 j=4 radius=0.338 max_radius=0.367 pts=55[0m
[33m[WARN] [1788847460.683604724]: [planner][row1-debug] prepend enter src=29 row1_upper=0 raw_pts=112 a_rev=(1.001,2.041) b=(1.748,1.550) path_front=(1.748,1.550 180.0deg type=0)[0m
[33m[WARN] [1788847460.684862841]: [planner][row1-debug] route=B_TO_A1 debug_rev=row1_aux_lane_to_a1_v2 src=30 tgt=101 src_corr=2 tgt_corr=1 target=(1.250,4.100 th=90.0deg) mode=auto terminal_reverse=0 near_gap=0.584 far_gap=0.304 horiz=0.000 min_x=0.676[0m
[33m[WARN] [1788847460.685155743]: [planner][row1-debug] initial_reverse tgt=101 same_corr=0 start_to_right=1 start_lane_y=2.950 forward_heading=0.0deg reverse_end_dir=(180.0deg) desired_end_x=1.139 actual_end=(1.139,2.950) reverse_origin=(1.499,2.385) curve_start=(1.499,2.612) curve_pts=56 direct_ok=1[0m
[33m[WARN] [1788847460.685396461]: [planner][row1-debug] skeleton tgt=101 points=5 terminal_reverse=0 goal_lane_y=3.791 terminal_stop_y=4.100 final_ref_x=1.250[0m
[33m[WARN] [1788847460.685706375]: [planner][row1-debug] skeleton[0]=(1.139,2.950)[0m
[33m[WARN] [1788847460.685950074]: [planner][row1-debug] skeleton[1]=(2.155,2.950)[0m
[33m[WARN] [1788847460.686209282]: [planner][row1-debug] skeleton[2]=(2.155,3.791)[0m
[33m[WARN] [1788847460.686521447]: [planner][row1-debug] skeleton[3]=(1.250,3.791)[0m
[33m[WARN] [1788847460.686692776]: [planner][row1-debug] skeleton[4]=(1.250,4.301)[0m
[33m[WARN] [1788847460.686912173]: [planner][row1-debug] lane_shift skipped tgt=101 j=2 terminal A1 connector keeps full vertical segment[0m
[33m[WARN] [1788847460.688234146]: [planner][row1-debug] clothoid infeasible tgt=101 j=2 p=(2.155, 3.791) prev=(2.155, 2.950) next=(1.250, 3.791) prev_len=0.840 next_len=0.905 limit=0.340[0m
[33m[WARN] [1788847460.688481875]: [planner][row1-debug] local arc fallback tgt=101 j=2 radius=0.311 max_radius=0.311 pts=50[0m
[33m[WARN] [1788847460.688680488]: [planner][row1-debug] prepend enter src=30 row1_upper=0 raw_pts=74 a_rev=(1.499,2.459) b=(1.139,2.950) path_front=(1.139,2.950 0.0deg type=0)[0m
[33m[WARN] [1788847460.688975976]: [planner][row1-debug] route=A1_TO_B src=101 tgt=30 src_corr=1 tgt_corr=2 target=(1.499,2.641 th=-90.0deg) mode=auto terminal_reverse=0 near_gap=0.211 far_gap=0.491 horiz=0.358 min_x=0.676[0m
[33m[WARN] [1788847460.689236327]: [planner][row1-debug] initial_reverse tgt=30 same_corr=0 start_to_right=0 start_lane_y=3.791 forward_heading=180.0deg reverse_end_dir=(0.0deg) desired_end_x=1.610 actual_end=(1.610,3.791) curve_start=(1.250,4.129) curve_pts=56 direct_ok=1[0m
[33m[WARN] [1788847460.689483240]: [planner][row1-debug] skeleton tgt=30 points=5 terminal_reverse=0 goal_lane_y=2.950 terminal_stop_y=2.641 final_ref_x=1.141[0m
[33m[WARN] [1788847460.689734543]: [planner][row1-debug] skeleton[0]=(1.610,3.791)[0m
[33m[WARN] [1788847460.690004622]: [planner][row1-debug] skeleton[1]=(0.435,3.791)[0m
[33m[WARN] [1788847460.690241668]: [planner][row1-debug] skeleton[2]=(0.435,2.950)[0m
[33m[WARN] [1788847460.690509312]: [planner][row1-debug] skeleton[3]=(1.499,2.950)[0m
[33m[WARN] [1788847460.690719305]: [planner][row1-debug] skeleton[4]=(1.499,2.459)[0m
[33m[WARN] [1788847460.691103834]: [planner][row1-debug] lane_shift skipped tgt=30 j=2 terminal=1 lateral=1.064: row3 keeps aisle turn into slot[0m
[33m[WARN] [1788847460.691936039]: [planner][row1-debug] route=B_TO_A1 debug_rev=row1_aux_lane_to_a1_v2 src=31 tgt=101 src_corr=3 tgt_corr=1 target=(1.250,4.100 th=90.0deg) mode=auto terminal_reverse=0 near_gap=0.584 far_gap=0.304 horiz=0.000 min_x=0.676[0m
[33m[WARN] [1788847460.692186401]: [planner][row1-debug] initial_reverse tgt=101 same_corr=0 start_to_right=1 start_lane_y=1.550 forward_heading=0.0deg reverse_end_dir=(180.0deg) desired_end_x=0.752 actual_end=(0.752,1.550) reverse_origin=(1.499,2.115) curve_start=(1.499,1.888) curve_pts=56 direct_ok=1[0m
[33m[WARN] [1788847460.692429524]: [planner][row1-debug] skeleton tgt=101 points=7 terminal_reverse=0 goal_lane_y=3.791 terminal_stop_y=4.100 final_ref_x=1.250[0m
[33m[WARN] [1788847460.692664556]: [planner][row1-debug] skeleton[0]=(0.752,1.550)[0m
[33m[WARN] [1788847460.692934449]: [planner][row1-debug] skeleton[1]=(1.250,1.550)[0m
[33m[WARN] [1788847460.693124574]: [planner][row1-debug] skeleton[2]=(1.250,2.950)[0m
[33m[WARN] [1788847460.693366543]: [planner][row1-debug] skeleton[3]=(0.435,2.950)[0m
[33m[WARN] [1788847460.693580712]: [planner][row1-debug] skeleton[4]=(0.435,3.791)[0m
[33m[WARN] [1788847460.693841069]: [planner][row1-debug] skeleton[5]=(1.250,3.791)[0m
[33m[WARN] [1788847460.694096968]: [planner][row1-debug] skeleton[6]=(1.250,4.301)[0m
[33m[WARN] [1788847460.694325999]: [planner][row1-debug] lane_shift rejected tgt=101 j=2 terminal=0 lateral=0.815 lead_in=0.643 lead_out=0.643[0m
[33m[WARN] [1788847460.694575909]: [planner][row1-debug] lane_shift skipped tgt=101 j=4 terminal A1 connector keeps full vertical segment[0m
[33m[WARN] [1788847460.697714983]: [planner][row1-debug] clothoid infeasible tgt=101 j=4 p=(0.435, 3.791) prev=(0.435, 2.950) next=(1.250, 3.791) prev_len=0.840 next_len=0.815 limit=0.332[0m
[33m[WARN] [1788847460.698145990]: [planner][row1-debug] local arc fallback tgt=101 j=4 radius=0.338 max_radius=0.367 pts=55[0m
[33m[WARN] [1788847460.698449297]: [planner][row1-debug] prepend enter src=31 row1_upper=0 raw_pts=112 a_rev=(1.499,2.041) b=(0.752,1.550) path_front=(0.752,1.550 0.0deg type=0)[0m
[33m[WARN] [1788847460.699447782]: [planner][row1-debug] route=B_TO_A1 debug_rev=row1_aux_lane_to_a1_v2 src=32 tgt=101 src_corr=2 tgt_corr=1 target=(1.250,4.100 th=90.0deg) mode=auto terminal_reverse=0 near_gap=0.584 far_gap=0.304 horiz=0.000 min_x=0.676[0m
[33m[WARN] [1788847460.699851086]: [planner][row1-debug] initial_reverse tgt=101 same_corr=0 start_to_right=1 start_lane_y=2.950 forward_heading=0.0deg reverse_end_dir=(180.0deg) desired_end_x=1.358 actual_end=(1.358,2.950) reverse_origin=(1.718,2.385) curve_start=(1.718,2.612) curve_pts=56 direct_ok=1[0m
[33m[WARN] [1788847460.700213869]: [planner][row1-debug] skeleton tgt=101 points=5 terminal_reverse=0 goal_lane_y=3.791 terminal_stop_y=4.100 final_ref_x=1.250[0m
[33m[WARN] [1788847460.700558766]: [planner][row1-debug] skeleton[0]=(1.358,2.950)[0m
[33m[WARN] [1788847460.700849780]: [planner][row1-debug] skeleton[1]=(2.155,2.950)[0m
[33m[WARN] [1788847460.701240656]: [planner][row1-debug] skeleton[2]=(2.155,3.791)[0m
[33m[WARN] [1788847460.701516960]: [planner][row1-debug] skeleton[3]=(1.250,3.791)[0m
[33m[WARN] [1788847460.701857777]: [planner][row1-debug] skeleton[4]=(1.250,4.301)[0m
[33m[WARN] [1788847460.702145615]: [planner][row1-debug] lane_shift skipped tgt=101 j=2 terminal A1 connector keeps full vertical segment[0m
[33m[WARN] [1788847460.703672894]: [planner][row1-debug] clothoid infeasible tgt=101 j=2 p=(2.155, 3.791) prev=(2.155, 2.950) next=(1.250, 3.791) prev_len=0.840 next_len=0.905 limit=0.341[0m
[33m[WARN] [1788847460.703893149]: [planner][row1-debug] local arc fallback tgt=101 j=2 radius=0.326 max_radius=0.326 pts=53[0m
[33m[WARN] [1788847460.704159376]: [planner][row1-debug] prepend enter src=32 row1_upper=0 raw_pts=74 a_rev=(1.718,2.459) b=(1.358,2.950) path_front=(1.358,2.950 0.0deg type=0)[0m
[33m[WARN] [1788847460.704511922]: [planner][row1-debug] route=A1_TO_B src=101 tgt=32 src_corr=1 tgt_corr=2 target=(1.718,2.641 th=-90.0deg) mode=auto terminal_reverse=0 near_gap=0.211 far_gap=0.491 horiz=0.468 min_x=0.676[0m
[33m[WARN] [1788847460.704783544]: [planner][row1-debug] initial_reverse tgt=32 same_corr=0 start_to_right=0 start_lane_y=3.791 forward_heading=180.0deg reverse_end_dir=(0.0deg) desired_end_x=1.610 actual_end=(1.610,3.791) curve_start=(1.250,4.129) curve_pts=56 direct_ok=1[0m
[33m[WARN] [1788847460.705087893]: [planner][row1-debug] skeleton tgt=32 points=5 terminal_reverse=0 goal_lane_y=2.950 terminal_stop_y=2.641 final_ref_x=1.250[0m
[33m[WARN] [1788847460.705345573]: [planner][row1-debug] skeleton[0]=(1.610,3.791)[0m
[33m[WARN] [1788847460.705628089]: [planner][row1-debug] skeleton[1]=(0.435,3.791)[0m
[33m[WARN] [1788847460.705888259]: [planner][row1-debug] skeleton[2]=(0.435,2.950)[0m
[33m[WARN] [1788847460.706139225]: [planner][row1-debug] skeleton[3]=(1.718,2.950)[0m
[33m[WARN] [1788847460.706406175]: [planner][row1-debug] skeleton[4]=(1.718,2.459)[0m
[33m[WARN] [1788847460.707439542]: [planner][row1-debug] route=B_TO_A1 debug_rev=row1_aux_lane_to_a1_v2 src=33 tgt=101 src_corr=3 tgt_corr=1 target=(1.250,4.100 th=90.0deg) mode=auto terminal_reverse=0 near_gap=0.584 far_gap=0.304 horiz=0.000 min_x=0.676[0m
[33m[WARN] [1788847460.707720955]: [planner][row1-debug] initial_reverse tgt=101 same_corr=0 start_to_right=1 start_lane_y=1.550 forward_heading=0.0deg reverse_end_dir=(180.0deg) desired_end_x=0.752 actual_end=(0.752,1.550) reverse_origin=(1.718,2.115) curve_start=(1.718,1.888) curve_pts=56 direct_ok=1[0m
[33m[WARN] [1788847460.708031690]: [planner][row1-debug] skeleton tgt=101 points=7 terminal_reverse=0 goal_lane_y=3.791 terminal_stop_y=4.100 final_ref_x=1.250[0m
[33m[WARN] [1788847460.708334431]: [planner][row1-debug] skeleton[0]=(0.752,1.550)[0m
[33m[WARN] [1788847460.708640312]: [planner][row1-debug] skeleton[1]=(1.250,1.550)[0m
[33m[WARN] [1788847460.708962460]: [planner][row1-debug] skeleton[2]=(1.250,2.950)[0m
[33m[WARN] [1788847460.709305763]: [planner][row1-debug] skeleton[3]=(0.435,2.950)[0m
[33m[WARN] [1788847460.709695684]: [planner][row1-debug] skeleton[4]=(0.435,3.791)[0m
[33m[WARN] [1788847460.709917220]: [planner][row1-debug] skeleton[5]=(1.250,3.791)[0m
[33m[WARN] [1788847460.710219807]: [planner][row1-debug] skeleton[6]=(1.250,4.301)[0m
[33m[WARN] [1788847460.710491948]: [planner][row1-debug] lane_shift rejected tgt=101 j=2 terminal=0 lateral=0.815 lead_in=0.643 lead_out=0.643[0m
[33m[WARN] [1788847460.710741027]: [planner][row1-debug] lane_shift skipped tgt=101 j=4 terminal A1 connector keeps full vertical segment[0m
[33m[WARN] [1788847460.714021605]: [planner][row1-debug] clothoid infeasible tgt=101 j=4 p=(0.435, 3.791) prev=(0.435, 2.950) next=(1.250, 3.791) prev_len=0.840 next_len=0.815 limit=0.332[0m
[33m[WARN] [1788847460.714375494]: [planner][row1-debug] local arc fallback tgt=101 j=4 radius=0.338 max_radius=0.367 pts=55[0m
[33m[WARN] [1788847460.714677789]: [planner][row1-debug] prepend enter src=33 row1_upper=0 raw_pts=134 a_rev=(1.718,2.041) b=(0.752,1.550) path_front=(0.752,1.550 0.0deg type=0)[0m
[33m[WARN] [1788847460.715782337]: [planner][row1-debug] route=B_TO_A1 debug_rev=row1_aux_lane_to_a1_v2 src=34 tgt=101 src_corr=2 tgt_corr=1 target=(1.250,4.100 th=90.0deg) mode=auto terminal_reverse=0 near_gap=0.584 far_gap=0.304 horiz=0.000 min_x=0.676[0m
[33m[WARN] [1788847460.716080961]: [planner][row1-debug] initial_reverse tgt=101 same_corr=0 start_to_right=1 start_lane_y=2.950 forward_heading=0.0deg reverse_end_dir=(180.0deg) desired_end_x=1.578 actual_end=(1.578,2.950) reverse_origin=(1.938,2.385) curve_start=(1.938,2.612) curve_pts=56 direct_ok=1[0m
[33m[WARN] [1788847460.716409835]: [planner][row1-debug] skeleton tgt=101 points=5 terminal_reverse=0 goal_lane_y=3.791 terminal_stop_y=4.100 final_ref_x=1.250[0m
[33m[WARN] [1788847460.716661476]: [planner][row1-debug] skeleton[0]=(1.578,2.950)[0m
[33m[WARN] [1788847460.716948842]: [planner][row1-debug] skeleton[1]=(2.155,2.950)[0m
[33m[WARN] [1788847460.717171417]: [planner][row1-debug] skeleton[2]=(2.155,3.791)[0m
[33m[WARN] [1788847460.717487209]: [planner][row1-debug] skeleton[3]=(1.250,3.791)[0m
[33m[WARN] [1788847460.717762943]: [planner][row1-debug] skeleton[4]=(1.250,4.301)[0m
[33m[WARN] [1788847460.718132520]: [planner][row1-debug] lane_shift skipped tgt=101 j=2 terminal A1 connector keeps full vertical segment[0m
[33m[WARN] [1788847460.718623529]: [planner][row1-debug] prepend enter src=34 row1_upper=0 raw_pts=74 a_rev=(1.938,2.459) b=(1.578,2.950) path_front=(1.578,2.950 0.0deg type=0)[0m
[33m[WARN] [1788847460.719076873]: [planner][row1-debug] route=A1_TO_B src=101 tgt=34 src_corr=1 tgt_corr=2 target=(1.938,2.641 th=-90.0deg) mode=auto terminal_reverse=0 near_gap=0.211 far_gap=0.491 horiz=0.688 min_x=0.676[0m
[33m[WARN] [1788847460.719443229]: [planner][row1-debug] initial_reverse tgt=34 same_corr=0 start_to_right=0 start_lane_y=3.791 forward_heading=180.0deg reverse_end_dir=(0.0deg) desired_end_x=1.610 actual_end=(1.610,3.791) curve_start=(1.250,4.129) curve_pts=56 direct_ok=1[0m
[33m[WARN] [1788847460.719884105]: [planner][row1-debug] skeleton tgt=34 points=5 terminal_reverse=0 goal_lane_y=2.950 terminal_stop_y=2.641 final_ref_x=1.250[0m
[33m[WARN] [1788847460.720109215]: [planner][row1-debug] skeleton[0]=(1.610,3.791)[0m
[33m[WARN] [1788847460.720331921]: [planner][row1-debug] skeleton[1]=(0.435,3.791)[0m
[33m[WARN] [1788847460.720624414]: [planner][row1-debug] skeleton[2]=(0.435,2.950)[0m
[33m[WARN] [1788847460.720917884]: [planner][row1-debug] skeleton[3]=(1.938,2.950)[0m
[33m[WARN] [1788847460.721184148]: [planner][row1-debug] skeleton[4]=(1.938,2.459)[0m
[33m[WARN] [1788847460.722262998]: [planner][row1-debug] route=B_TO_A1 debug_rev=row1_aux_lane_to_a1_v2 src=35 tgt=101 src_corr=3 tgt_corr=1 target=(1.250,4.100 th=90.0deg) mode=auto terminal_reverse=0 near_gap=0.584 far_gap=0.304 horiz=0.000 min_x=0.676[0m
[33m[WARN] [1788847460.722549212]: [planner][row1-debug] initial_reverse tgt=101 same_corr=0 start_to_right=1 start_lane_y=1.550 forward_heading=0.0deg reverse_end_dir=(180.0deg) desired_end_x=0.752 actual_end=(0.752,1.550) reverse_origin=(1.938,2.115) curve_start=(1.938,1.888) curve_pts=56 direct_ok=1[0m
[33m[WARN] [1788847460.722755065]: [planner][row1-debug] skeleton tgt=101 points=7 terminal_reverse=0 goal_lane_y=3.791 terminal_stop_y=4.100 final_ref_x=1.250[0m
[33m[WARN] [1788847460.723009585]: [planner][row1-debug] skeleton[0]=(0.752,1.550)[0m
[33m[WARN] [1788847460.723258818]: [planner][row1-debug] skeleton[1]=(1.250,1.550)[0m
[33m[WARN] [1788847460.723554120]: [planner][row1-debug] skeleton[2]=(1.250,2.950)[0m
[33m[WARN] [1788847460.723760454]: [planner][row1-debug] skeleton[3]=(0.435,2.950)[0m
[33m[WARN] [1788847460.724023481]: [planner][row1-debug] skeleton[4]=(0.435,3.791)[0m
[33m[WARN] [1788847460.724286087]: [planner][row1-debug] skeleton[5]=(1.250,3.791)[0m
[33m[WARN] [1788847460.724494078]: [planner][row1-debug] skeleton[6]=(1.250,4.301)[0m
[33m[WARN] [1788847460.724725421]: [planner][row1-debug] lane_shift rejected tgt=101 j=2 terminal=0 lateral=0.815 lead_in=0.643 lead_out=0.643[0m
[33m[WARN] [1788847460.724971794]: [planner][row1-debug] lane_shift skipped tgt=101 j=4 terminal A1 connector keeps full vertical segment[0m
[33m[WARN] [1788847460.728417083]: [planner][row1-debug] clothoid infeasible tgt=101 j=4 p=(0.435, 3.791) prev=(0.435, 2.950) next=(1.250, 3.791) prev_len=0.840 next_len=0.815 limit=0.332[0m
[33m[WARN] [1788847460.728744394]: [planner][row1-debug] local arc fallback tgt=101 j=4 radius=0.338 max_radius=0.367 pts=55[0m
[33m[WARN] [1788847460.729177130]: [planner][row1-debug] prepend enter src=35 row1_upper=0 raw_pts=156 a_rev=(1.938,2.041) b=(0.752,1.550) path_front=(0.752,1.550 0.0deg type=0)[0m
[33m[WARN] [1788847460.730135797]: [planner][row1-debug] route=B_TO_A1 debug_rev=row1_aux_lane_to_a1_v2 src=36 tgt=101 src_corr=2 tgt_corr=1 target=(1.250,4.100 th=90.0deg) mode=auto terminal_reverse=0 near_gap=0.584 far_gap=0.304 horiz=0.000 min_x=0.676[0m
[33m[WARN] [1788847460.730431823]: [planner][row1-debug] initial_reverse tgt=101 same_corr=0 start_to_right=1 start_lane_y=2.950 forward_heading=0.0deg reverse_end_dir=(180.0deg) desired_end_x=1.657 actual_end=(1.657,2.950) reverse_origin=(2.157,2.385) curve_start=(2.157,2.612) curve_pts=56 direct_ok=1[0m
[33m[WARN] [1788847460.730769027]: [planner][row1-debug] skeleton tgt=101 points=5 terminal_reverse=0 goal_lane_y=3.791 terminal_stop_y=4.100 final_ref_x=1.250[0m
[33m[WARN] [1788847460.731116573]: [planner][row1-debug] skeleton[0]=(1.657,2.950)[0m
[33m[WARN] [1788847460.731423126]: [planner][row1-debug] skeleton[1]=(2.155,2.950)[0m
[33m[WARN] [1788847460.731737898]: [planner][row1-debug] skeleton[2]=(2.155,3.791)[0m
[33m[WARN] [1788847460.732070916]: [planner][row1-debug] skeleton[3]=(1.250,3.791)[0m
[33m[WARN] [1788847460.732376320]: [planner][row1-debug] skeleton[4]=(1.250,4.301)[0m
[33m[WARN] [1788847460.732714742]: [planner][row1-debug] lane_shift skipped tgt=101 j=2 terminal A1 connector keeps full vertical segment[0m
[33m[WARN] [1788847460.733248042]: [planner][row1-debug] prepend enter src=36 row1_upper=0 raw_pts=88 a_rev=(2.157,2.459) b=(1.657,2.950) path_front=(1.657,2.950 0.0deg type=0)[0m
[33m[WARN] [1788847460.733675595]: [planner][row1-debug] route=A1_TO_B src=101 tgt=36 src_corr=1 tgt_corr=2 target=(2.157,2.641 th=-90.0deg) mode=auto terminal_reverse=0 near_gap=0.211 far_gap=0.491 horiz=0.907 min_x=0.676[0m
[33m[WARN] [1788847460.734298382]: [planner][row1-debug] initial_reverse tgt=36 same_corr=0 start_to_right=0 start_lane_y=3.791 forward_heading=180.0deg reverse_end_dir=(0.0deg) desired_end_x=1.610 actual_end=(1.610,3.791) curve_start=(1.250,4.129) curve_pts=56 direct_ok=1[0m
[33m[WARN] [1788847460.734650069]: [planner][row1-debug] skeleton tgt=36 points=5 terminal_reverse=0 goal_lane_y=2.950 terminal_stop_y=2.641 final_ref_x=1.250[0m
[33m[WARN] [1788847460.734941246]: [planner][row1-debug] skeleton[0]=(1.610,3.791)[0m
[33m[WARN] [1788847460.735221093]: [planner][row1-debug] skeleton[1]=(0.435,3.791)[0m
[33m[WARN] [1788847460.735531559]: [planner][row1-debug] skeleton[2]=(0.435,2.950)[0m
[33m[WARN] [1788847460.735831890]: [planner][row1-debug] skeleton[3]=(2.157,2.950)[0m
[33m[WARN] [1788847460.736115791]: [planner][row1-debug] skeleton[4]=(2.157,2.459)[0m
[33m[WARN] [1788847460.737133446]: [planner][row1-debug] route=B_TO_A1 debug_rev=row1_aux_lane_to_a1_v2 src=37 tgt=101 src_corr=3 tgt_corr=1 target=(1.250,4.100 th=90.0deg) mode=auto terminal_reverse=0 near_gap=0.584 far_gap=0.304 horiz=0.000 min_x=0.676[0m
[33m[WARN] [1788847460.737368276]: [planner][row1-debug] initial_reverse tgt=101 same_corr=0 start_to_right=1 start_lane_y=1.550 forward_heading=0.0deg reverse_end_dir=(180.0deg) desired_end_x=0.752 actual_end=(0.752,1.550) reverse_origin=(2.157,2.115) curve_start=(2.157,1.888) curve_pts=56 direct_ok=1[0m
[33m[WARN] [1788847460.737633764]: [planner][row1-debug] skeleton tgt=101 points=7 terminal_reverse=0 goal_lane_y=3.791 terminal_stop_y=4.100 final_ref_x=1.250[0m
[33m[WARN] [1788847460.737877728]: [planner][row1-debug] skeleton[0]=(0.752,1.550)[0m
[33m[WARN] [1788847460.738121233]: [planner][row1-debug] skeleton[1]=(1.250,1.550)[0m
[33m[WARN] [1788847460.738399850]: [planner][row1-debug] skeleton[2]=(1.250,2.950)[0m
[33m[WARN] [1788847460.738729813]: [planner][row1-debug] skeleton[3]=(0.435,2.950)[0m
[33m[WARN] [1788847460.739032630]: [planner][row1-debug] skeleton[4]=(0.435,3.791)[0m
[33m[WARN] [1788847460.739265533]: [planner][row1-debug] skeleton[5]=(1.250,3.791)[0m
[33m[WARN] [1788847460.739544801]: [planner][row1-debug] skeleton[6]=(1.250,4.301)[0m
[33m[WARN] [1788847460.739817530]: [planner][row1-debug] lane_shift rejected tgt=101 j=2 terminal=0 lateral=0.815 lead_in=0.643 lead_out=0.643[0m
[33m[WARN] [1788847460.740090004]: [planner][row1-debug] lane_shift skipped tgt=101 j=4 terminal A1 connector keeps full vertical segment[0m
[33m[WARN] [1788847460.743539347]: [planner][row1-debug] clothoid infeasible tgt=101 j=4 p=(0.435, 3.791) prev=(0.435, 2.950) next=(1.250, 3.791) prev_len=0.840 next_len=0.815 limit=0.332[0m
[33m[WARN] [1788847460.744042245]: [planner][row1-debug] local arc fallback tgt=101 j=4 radius=0.338 max_radius=0.367 pts=55[0m
[33m[WARN] [1788847460.744401923]: [planner][row1-debug] prepend enter src=37 row1_upper=0 raw_pts=178 a_rev=(2.157,2.041) b=(0.752,1.550) path_front=(0.752,1.550 0.0deg type=0)[0m
[33m[WARN] [1788847460.745380151]: [planner][row1-debug] route=B_TO_A1 debug_rev=row1_aux_lane_to_a1_v2 src=38 tgt=101 src_corr=2 tgt_corr=1 target=(1.250,4.100 th=90.0deg) mode=auto terminal_reverse=0 near_gap=0.584 far_gap=0.304 horiz=0.000 min_x=0.676[0m
[33m[WARN] [1788847460.745595041]: [planner][row1-debug] initial_reverse tgt=101 same_corr=0 start_to_right=1 start_lane_y=2.950 forward_heading=0.0deg reverse_end_dir=(180.0deg) desired_end_x=1.657 actual_end=(1.657,2.950) reverse_origin=(2.376,2.385) curve_start=(2.376,2.612) curve_pts=56 direct_ok=1[0m
[33m[WARN] [1788847460.745830960]: [planner][row1-debug] skeleton tgt=101 points=5 terminal_reverse=0 goal_lane_y=3.791 terminal_stop_y=4.100 final_ref_x=1.250[0m
[33m[WARN] [1788847460.746090759]: [planner][row1-debug] skeleton[0]=(1.657,2.950)[0m
[33m[WARN] [1788847460.746358000]: [planner][row1-debug] skeleton[1]=(2.155,2.950)[0m
[33m[WARN] [1788847460.746666111]: [planner][row1-debug] skeleton[2]=(2.155,3.791)[0m
[33m[WARN] [1788847460.746879987]: [planner][row1-debug] skeleton[3]=(1.250,3.791)[0m
[33m[WARN] [1788847460.747203463]: [planner][row1-debug] skeleton[4]=(1.250,4.301)[0m
[33m[WARN] [1788847460.747454757]: [planner][row1-debug] lane_shift skipped tgt=101 j=2 terminal A1 connector keeps full vertical segment[0m
[33m[WARN] [1788847460.747978082]: [planner][row1-debug] prepend enter src=38 row1_upper=0 raw_pts=110 a_rev=(2.376,2.459) b=(1.657,2.950) path_front=(1.657,2.950 0.0deg type=0)[0m
[33m[WARN] [1788847460.748324225]: [planner][row1-debug] route=A1_TO_B src=101 tgt=38 src_corr=1 tgt_corr=2 target=(2.376,2.641 th=-90.0deg) mode=auto terminal_reverse=0 near_gap=0.211 far_gap=0.491 horiz=1.126 min_x=0.676[0m
[33m[WARN] [1788847460.748625648]: [planner][row1-debug] initial_reverse tgt=38 same_corr=0 start_to_right=0 start_lane_y=3.791 forward_heading=180.0deg reverse_end_dir=(0.0deg) desired_end_x=1.610 actual_end=(1.610,3.791) curve_start=(1.250,4.129) curve_pts=56 direct_ok=1[0m
[33m[WARN] [1788847460.748937971]: [planner][row1-debug] skeleton tgt=38 points=5 terminal_reverse=0 goal_lane_y=2.950 terminal_stop_y=2.641 final_ref_x=1.250[0m
[33m[WARN] [1788847460.749197330]: [planner][row1-debug] skeleton[0]=(1.610,3.791)[0m
[33m[WARN] [1788847460.749425175]: [planner][row1-debug] skeleton[1]=(0.435,3.791)[0m
[33m[WARN] [1788847460.749602671]: [planner][row1-debug] skeleton[2]=(0.435,2.950)[0m
[33m[WARN] [1788847460.749889230]: [planner][row1-debug] skeleton[3]=(2.376,2.950)[0m
[33m[WARN] [1788847460.750185252]: [planner][row1-debug] skeleton[4]=(2.376,2.459)[0m
[33m[WARN] [1788847460.751189631]: [planner][row1-debug] route=B_TO_A1 debug_rev=row1_aux_lane_to_a1_v2 src=39 tgt=101 src_corr=3 tgt_corr=1 target=(1.250,4.100 th=90.0deg) mode=auto terminal_reverse=0 near_gap=0.584 far_gap=0.304 horiz=0.000 min_x=0.676[0m
[33m[WARN] [1788847460.751501906]: [planner][row1-debug] initial_reverse tgt=101 same_corr=0 start_to_right=1 start_lane_y=1.550 forward_heading=0.0deg reverse_end_dir=(180.0deg) desired_end_x=0.752 actual_end=(0.752,1.550) reverse_origin=(2.376,2.115) curve_start=(2.376,1.888) curve_pts=56 direct_ok=1[0m
[33m[WARN] [1788847460.751751572]: [planner][row1-debug] skeleton tgt=101 points=7 terminal_reverse=0 goal_lane_y=3.791 terminal_stop_y=4.100 final_ref_x=1.250[0m
[33m[WARN] [1788847460.752009391]: [planner][row1-debug] skeleton[0]=(0.752,1.550)[0m
[33m[WARN] [1788847460.752272465]: [planner][row1-debug] skeleton[1]=(1.250,1.550)[0m
[33m[WARN] [1788847460.752558894]: [planner][row1-debug] skeleton[2]=(1.250,2.950)[0m
[33m[WARN] [1788847460.752838770]: [planner][row1-debug] skeleton[3]=(0.435,2.950)[0m
[33m[WARN] [1788847460.753081789]: [planner][row1-debug] skeleton[4]=(0.435,3.791)[0m
[33m[WARN] [1788847460.753316016]: [planner][row1-debug] skeleton[5]=(1.250,3.791)[0m
[33m[WARN] [1788847460.753570390]: [planner][row1-debug] skeleton[6]=(1.250,4.301)[0m
[33m[WARN] [1788847460.753811800]: [planner][row1-debug] lane_shift rejected tgt=101 j=2 terminal=0 lateral=0.815 lead_in=0.643 lead_out=0.643[0m
[33m[WARN] [1788847460.754080210]: [planner][row1-debug] lane_shift skipped tgt=101 j=4 terminal A1 connector keeps full vertical segment[0m
[33m[WARN] [1788847460.757415902]: [planner][row1-debug] clothoid infeasible tgt=101 j=4 p=(0.435, 3.791) prev=(0.435, 2.950) next=(1.250, 3.791) prev_len=0.840 next_len=0.815 limit=0.332[0m
[33m[WARN] [1788847460.757705849]: [planner][row1-debug] local arc fallback tgt=101 j=4 radius=0.338 max_radius=0.367 pts=55[0m
[33m[WARN] [1788847460.758092040]: [planner][row1-debug] prepend enter src=39 row1_upper=0 raw_pts=200 a_rev=(2.376,2.041) b=(0.752,1.550) path_front=(0.752,1.550 0.0deg type=0)[0m
[33m[WARN] [1788847460.759092270]: [planner][row1-debug] route=B_TO_A1 debug_rev=row1_aux_lane_to_a1_v2 src=40 tgt=101 src_corr=3 tgt_corr=1 target=(1.250,4.100 th=90.0deg) mode=auto terminal_reverse=0 near_gap=0.584 far_gap=0.304 horiz=0.000 min_x=0.676[0m
[33m[WARN] [1788847460.759464764]: [planner][row1-debug] initial_reverse tgt=101 same_corr=0 start_to_right=0 start_lane_y=1.830 forward_heading=180.0deg reverse_end_dir=(0.0deg) desired_end_x=1.748 actual_end=(1.748,1.830) reverse_origin=(0.143,1.265) curve_start=(0.143,1.491) curve_pts=56 direct_ok=1[0m
[33m[WARN] [1788847460.759779922]: [planner][row1-debug] skeleton tgt=101 points=7 terminal_reverse=0 goal_lane_y=3.791 terminal_stop_y=4.100 final_ref_x=1.250[0m
[33m[WARN] [1788847460.760117813]: [planner][row1-debug] skeleton[0]=(1.748,1.830)[0m
[33m[WARN] [1788847460.760475695]: [planner][row1-debug] skeleton[1]=(1.250,1.830)[0m
[33m[WARN] [1788847460.760809768]: [planner][row1-debug] skeleton[2]=(1.250,2.950)[0m
[33m[WARN] [1788847460.761120155]: [planner][row1-debug] skeleton[3]=(0.435,2.950)[0m
[33m[WARN] [1788847460.761386688]: [planner][row1-debug] skeleton[4]=(0.435,3.791)[0m
[33m[WARN] [1788847460.761726117]: [planner][row1-debug] skeleton[5]=(1.250,3.791)[0m
[33m[WARN] [1788847460.762092661]: [planner][row1-debug] skeleton[6]=(1.250,4.301)[0m
[33m[WARN] [1788847460.762394464]: [planner][row1-debug] lane_shift too short tgt=101 j=1 terminal=0 lateral=1.121 need=1.508 avail=1.287[0m
[33m[WARN] [1788847460.762696844]: [planner][row1-debug] lane_shift rejected tgt=101 j=2 terminal=0 lateral=0.815 lead_in=0.643 lead_out=0.643[0m
[33m[WARN] [1788847460.762986976]: [planner][row1-debug] lane_shift skipped tgt=101 j=4 terminal A1 connector keeps full vertical segment[0m
[33m[WARN] [1788847460.766647404]: [planner][row1-debug] clothoid infeasible tgt=101 j=4 p=(0.435, 3.791) prev=(0.435, 2.950) next=(1.250, 3.791) prev_len=0.840 next_len=0.815 limit=0.332[0m
[33m[WARN] [1788847460.766994616]: [planner][row1-debug] local arc fallback tgt=101 j=4 radius=0.338 max_radius=0.367 pts=55[0m
[33m[WARN] [1788847460.767282578]: [planner][row1-debug] prepend enter src=40 row1_upper=0 raw_pts=198 a_rev=(0.143,1.338) b=(1.748,1.830) path_front=(1.748,1.830 180.0deg type=0)[0m
[33m[WARN] [1788847460.767700468]: [planner][row1-debug] route=A1_TO_B src=101 tgt=40 src_corr=1 tgt_corr=3 target=(0.143,1.520 th=-90.0deg) mode=auto terminal_reverse=0 near_gap=0.491 far_gap=0.211 horiz=1.107 min_x=0.676[0m
[33m[WARN] [1788847460.768008908]: [planner][row1-debug] initial_reverse tgt=40 same_corr=0 start_to_right=0 start_lane_y=3.791 forward_heading=180.0deg reverse_end_dir=(0.0deg) desired_end_x=1.610 actual_end=(1.610,3.791) curve_start=(1.250,4.129) curve_pts=56 direct_ok=1[0m
[33m[WARN] [1788847460.768331107]: [planner][row1-debug] skeleton tgt=40 points=7 terminal_reverse=0 goal_lane_y=1.830 terminal_stop_y=1.520 final_ref_x=1.250[0m
[33m[WARN] [1788847460.768623853]: [planner][row1-debug] skeleton[0]=(1.610,3.791)[0m
[33m[WARN] [1788847460.768889836]: [planner][row1-debug] skeleton[1]=(0.145,3.791)[0m
[33m[WARN] [1788847460.769174890]: [planner][row1-debug] skeleton[2]=(0.145,2.950)[0m
[33m[WARN] [1788847460.769481016]: [planner][row1-debug] skeleton[3]=(1.250,2.950)[0m
[33m[WARN] [1788847460.769766745]: [planner][row1-debug] skeleton[4]=(1.250,1.830)[0m
[33m[WARN] [1788847460.770083544]: [planner][row1-debug] skeleton[5]=(0.143,1.830)[0m
[33m[WARN] [1788847460.770320278]: [planner][row1-debug] skeleton[6]=(0.143,1.338)[0m
[33m[WARN] [1788847460.770694054]: [planner][row1-debug] lane_shift rejected tgt=40 j=2 terminal=0 lateral=1.105 lead_in=0.472 lead_out=1.025[0m
[33m[WARN] [1788847460.771041838]: [planner][row1-debug] lane_shift skipped tgt=40 j=4 terminal=1 lateral=1.107: row5 keeps transition-lane turn[0m
[33m[WARN] [1788847460.772201279]: [planner][row1-debug] route=B_TO_A1 debug_rev=row1_aux_lane_to_a1_v2 src=41 tgt=101 src_corr=4 tgt_corr=1 target=(1.250,4.100 th=90.0deg) mode=auto terminal_reverse=0 near_gap=0.584 far_gap=0.304 horiz=0.000 min_x=0.676[0m
[33m[WARN] [1788847460.772458575]: [planner][row1-debug] initial_reverse tgt=101 same_corr=0 start_to_right=0 start_lane_y=0.429 forward_heading=180.0deg reverse_end_dir=(0.0deg) desired_end_x=1.543 actual_end=(1.543,0.429) reverse_origin=(0.143,0.994) curve_start=(0.143,0.768) curve_pts=56 direct_ok=1[0m
[33m[WARN] [1788847460.772747142]: [planner][row1-debug] row3lower 3to2 staged shift src=41 side=left lower=(1.125,1.550) upper=(1.125,1.830) bridge=(1.250,1.830) next=(1.250,2.670)[0m
[33m[WARN] [1788847460.773060236]: [planner][row1-debug] skeleton tgt=101 points=9 terminal_reverse=0 goal_lane_y=3.791 terminal_stop_y=4.100 final_ref_x=1.250[0m
[33m[WARN] [1788847460.773340818]: [planner][row1-debug] skeleton[0]=(1.543,0.429)[0m
[33m[WARN] [1788847460.773615646]: [planner][row1-debug] skeleton[1]=(1.125,0.429)[0m
[33m[WARN] [1788847460.774026648]: [planner][row1-debug] skeleton[2]=(1.125,1.830)[0m
[33m[WARN] [1788847460.774324637]: [planner][row1-debug] skeleton[3]=(1.250,1.830)[0m
[33m[WARN] [1788847460.774620776]: [planner][row1-debug] skeleton[4]=(1.250,2.950)[0m
[33m[WARN] [1788847460.775010932]: [planner][row1-debug] skeleton[5]=(0.435,2.950)[0m
[33m[WARN] [1788847460.775350884]: [planner][row1-debug] skeleton[6]=(0.435,3.791)[0m
[33m[WARN] [1788847460.775614463]: [planner][row1-debug] skeleton[7]=(1.250,3.791)[0m
[33m[WARN] [1788847460.775866728]: [planner][row1-debug] skeleton[8]=(1.250,4.301)[0m
[33m[WARN] [1788847460.776190477]: [planner][row1-debug] lane_shift accepted tgt=101 j=2 terminal=0 lateral=0.125 lead_in=0.600 lead_out=0.600 row3lower_3to2=1[0m
[33m[WARN] [1788847460.776473948]: [planner][row1-debug] lane_shift rejected tgt=101 j=4 terminal=0 lateral=0.815 lead_in=0.643 lead_out=0.643[0m
[33m[WARN] [1788847460.776782178]: [planner][row1-debug] lane_shift skipped tgt=101 j=6 terminal A1 connector keeps full vertical segment[0m
[33m[WARN] [1788847460.780107114]: [planner][row1-debug] clothoid infeasible tgt=101 j=6 p=(0.435, 3.791) prev=(0.435, 2.950) next=(1.250, 3.791) prev_len=0.840 next_len=0.815 limit=0.332[0m
[33m[WARN] [1788847460.780390960]: [planner][row1-debug] local arc fallback tgt=101 j=6 radius=0.338 max_radius=0.367 pts=55[0m
[33m[WARN] [1788847460.780683593]: [planner][row1-debug] prepend enter src=41 row1_upper=0 raw_pts=178 a_rev=(0.143,0.920) b=(1.543,0.429) path_front=(1.543,0.429 180.0deg type=0)[0m
[33m[WARN] [1788847460.781916336]: [planner][row1-debug] route=B_TO_A1 debug_rev=row1_aux_lane_to_a1_v2 src=42 tgt=101 src_corr=3 tgt_corr=1 target=(1.250,4.100 th=90.0deg) mode=auto terminal_reverse=0 near_gap=0.584 far_gap=0.304 horiz=0.000 min_x=0.676[0m
[33m[WARN] [1788847460.782173692]: [planner][row1-debug] initial_reverse tgt=101 same_corr=0 start_to_right=0 start_lane_y=1.830 forward_heading=180.0deg reverse_end_dir=(0.0deg) desired_end_x=1.748 actual_end=(1.748,1.830) reverse_origin=(0.381,1.265) curve_start=(0.381,1.491) curve_pts=56 direct_ok=1[0m
[33m[WARN] [1788847460.782415044]: [planner][row1-debug] skeleton tgt=101 points=7 terminal_reverse=0 goal_lane_y=3.791 terminal_stop_y=4.100 final_ref_x=1.250[0m
[33m[WARN] [1788847460.782618574]: [planner][row1-debug] skeleton[0]=(1.748,1.830)[0m
[33m[WARN] [1788847460.782844137]: [planner][row1-debug] skeleton[1]=(1.250,1.830)[0m
[33m[WARN] [1788847460.783119853]: [planner][row1-debug] skeleton[2]=(1.250,2.950)[0m
[33m[WARN] [1788847460.783357226]: [planner][row1-debug] skeleton[3]=(0.435,2.950)[0m
[33m[WARN] [1788847460.783615623]: [planner][row1-debug] skeleton[4]=(0.435,3.791)[0m
[33m[WARN] [1788847460.783885027]: [planner][row1-debug] skeleton[5]=(1.250,3.791)[0m
[33m[WARN] [1788847460.784113739]: [planner][row1-debug] skeleton[6]=(1.250,4.301)[0m
[33m[WARN] [1788847460.784377743]: [planner][row1-debug] lane_shift too short tgt=101 j=1 terminal=0 lateral=1.121 need=1.508 avail=1.287[0m
[33m[WARN] [1788847460.784649497]: [planner][row1-debug] lane_shift rejected tgt=101 j=2 terminal=0 lateral=0.815 lead_in=0.643 lead_out=0.643[0m
[33m[WARN] [1788847460.784909586]: [planner][row1-debug] lane_shift skipped tgt=101 j=4 terminal A1 connector keeps full vertical segment[0m
[33m[WARN] [1788847460.788211444]: [planner][row1-debug] clothoid infeasible tgt=101 j=4 p=(0.435, 3.791) prev=(0.435, 2.950) next=(1.250, 3.791) prev_len=0.840 next_len=0.815 limit=0.332[0m
[33m[WARN] [1788847460.788502611]: [planner][row1-debug] local arc fallback tgt=101 j=4 radius=0.338 max_radius=0.367 pts=55[0m
[33m[WARN] [1788847460.788784358]: [planner][row1-debug] prepend enter src=42 row1_upper=0 raw_pts=174 a_rev=(0.381,1.338) b=(1.748,1.830) path_front=(1.748,1.830 180.0deg type=0)[0m
[33m[WARN] [1788847460.789212310]: [planner][row1-debug] route=A1_TO_B src=101 tgt=42 src_corr=1 tgt_corr=3 target=(0.381,1.520 th=-90.0deg) mode=auto terminal_reverse=0 near_gap=0.491 far_gap=0.211 horiz=0.869 min_x=0.676[0m
[33m[WARN] [1788847460.789465544]: [planner][row1-debug] initial_reverse tgt=42 same_corr=0 start_to_right=0 start_lane_y=3.791 forward_heading=180.0deg reverse_end_dir=(0.0deg) desired_end_x=1.610 actual_end=(1.610,3.791) curve_start=(1.250,4.129) curve_pts=56 direct_ok=1[0m
[33m[WARN] [1788847460.789759907]: [planner][row1-debug] skeleton tgt=42 points=7 terminal_reverse=0 goal_lane_y=1.830 terminal_stop_y=1.520 final_ref_x=1.250[0m
[33m[WARN] [1788847460.790061106]: [planner][row1-debug] skeleton[0]=(1.610,3.791)[0m
[33m[WARN] [1788847460.790306389]: [planner][row1-debug] skeleton[1]=(0.145,3.791)[0m
[33m[WARN] [1788847460.790613685]: [planner][row1-debug] skeleton[2]=(0.145,2.950)[0m
[33m[WARN] [1788847460.790909601]: [planner][row1-debug] skeleton[3]=(1.250,2.950)[0m
[33m[WARN] [1788847460.791176107]: [planner][row1-debug] skeleton[4]=(1.250,1.830)[0m
[33m[WARN] [1788847460.791418349]: [planner][row1-debug] skeleton[5]=(0.381,1.830)[0m
[33m[WARN] [1788847460.791710490]: [planner][row1-debug] skeleton[6]=(0.381,1.338)[0m
[33m[WARN] [1788847460.792010666]: [planner][row1-debug] lane_shift rejected tgt=42 j=2 terminal=0 lateral=1.105 lead_in=0.472 lead_out=1.025[0m
[33m[WARN] [1788847460.792315909]: [planner][row1-debug] lane_shift skipped tgt=42 j=4 terminal=1 lateral=0.869: row5 keeps transition-lane turn[0m
[33m[WARN] [1788847460.793742501]: [planner][row1-debug] route=B_TO_A1 debug_rev=row1_aux_lane_to_a1_v2 src=43 tgt=101 src_corr=4 tgt_corr=1 target=(1.250,4.100 th=90.0deg) mode=auto terminal_reverse=0 near_gap=0.584 far_gap=0.304 horiz=0.000 min_x=0.676[0m
[33m[WARN] [1788847460.793990626]: [planner][row1-debug] initial_reverse tgt=101 same_corr=0 start_to_right=0 start_lane_y=0.429 forward_heading=180.0deg reverse_end_dir=(0.0deg) desired_end_x=1.543 actual_end=(1.543,0.429) reverse_origin=(0.381,0.994) curve_start=(0.381,0.768) curve_pts=56 direct_ok=1[0m
[33m[WARN] [1788847460.794243212]: [planner][row1-debug] row3lower 3to2 staged shift src=43 side=left lower=(1.125,1.550) upper=(1.125,1.830) bridge=(1.250,1.830) next=(1.250,2.670)[0m
[33m[WARN] [1788847460.794524158]: [planner][row1-debug] skeleton tgt=101 points=9 terminal_reverse=0 goal_lane_y=3.791 terminal_stop_y=4.100 final_ref_x=1.250[0m
[33m[WARN] [1788847460.794827821]: [planner][row1-debug] skeleton[0]=(1.543,0.429)[0m
[33m[WARN] [1788847460.795237009]: [planner][row1-debug] skeleton[1]=(1.125,0.429)[0m
[33m[WARN] [1788847460.795535074]: [planner][row1-debug] skeleton[2]=(1.125,1.830)[0m
[33m[WARN] [1788847460.795908659]: [planner][row1-debug] skeleton[3]=(1.250,1.830)[0m
[33m[WARN] [1788847460.796221621]: [planner][row1-debug] skeleton[4]=(1.250,2.950)[0m
[33m[WARN] [1788847460.796600907]: [planner][row1-debug] skeleton[5]=(0.435,2.950)[0m
[33m[WARN] [1788847460.796949652]: [planner][row1-debug] skeleton[6]=(0.435,3.791)[0m
[33m[WARN] [1788847460.797267643]: [planner][row1-debug] skeleton[7]=(1.250,3.791)[0m
[33m[WARN] [1788847460.797531097]: [planner][row1-debug] skeleton[8]=(1.250,4.301)[0m
[33m[WARN] [1788847460.797860961]: [planner][row1-debug] lane_shift accepted tgt=101 j=2 terminal=0 lateral=0.125 lead_in=0.600 lead_out=0.600 row3lower_3to2=1[0m
[33m[WARN] [1788847460.798252725]: [planner][row1-debug] lane_shift rejected tgt=101 j=4 terminal=0 lateral=0.815 lead_in=0.643 lead_out=0.643[0m
[33m[WARN] [1788847460.798499224]: [planner][row1-debug] lane_shift skipped tgt=101 j=6 terminal A1 connector keeps full vertical segment[0m
[33m[WARN] [1788847460.801841432]: [planner][row1-debug] clothoid infeasible tgt=101 j=6 p=(0.435, 3.791) prev=(0.435, 2.950) next=(1.250, 3.791) prev_len=0.840 next_len=0.815 limit=0.332[0m
[33m[WARN] [1788847460.802093410]: [planner][row1-debug] local arc fallback tgt=101 j=6 radius=0.338 max_radius=0.367 pts=55[0m
[33m[WARN] [1788847460.802371688]: [planner][row1-debug] prepend enter src=43 row1_upper=0 raw_pts=154 a_rev=(0.381,0.920) b=(1.543,0.429) path_front=(1.543,0.429 180.0deg type=0)[0m
[33m[WARN] [1788847460.803689835]: [planner][row1-debug] route=B_TO_A1 debug_rev=row1_aux_lane_to_a1_v2 src=44 tgt=101 src_corr=3 tgt_corr=1 target=(1.250,4.100 th=90.0deg) mode=auto terminal_reverse=0 near_gap=0.584 far_gap=0.304 horiz=0.000 min_x=0.676[0m
[33m[WARN] [1788847460.803961648]: [planner][row1-debug] initial_reverse tgt=101 same_corr=0 start_to_right=0 start_lane_y=1.830 forward_heading=180.0deg reverse_end_dir=(0.0deg) desired_end_x=1.748 actual_end=(1.748,1.830) reverse_origin=(0.619,1.265) curve_start=(0.619,1.491) curve_pts=56 direct_ok=1[0m
[33m[WARN] [1788847460.804231095]: [planner][row1-debug] skeleton tgt=101 points=7 terminal_reverse=0 goal_lane_y=3.791 terminal_stop_y=4.100 final_ref_x=1.250[0m
[33m[WARN] [1788847460.804484268]: [planner][row1-debug] skeleton[0]=(1.748,1.830)[0m
[33m[WARN] [1788847460.804757614]: [planner][row1-debug] skeleton[1]=(1.250,1.830)[0m
[33m[WARN] [1788847460.805073038]: [planner][row1-debug] skeleton[2]=(1.250,2.950)[0m
[33m[WARN] [1788847460.805316393]: [planner][row1-debug] skeleton[3]=(0.435,2.950)[0m
[33m[WARN] [1788847460.805620443]: [planner][row1-debug] skeleton[4]=(0.435,3.791)[0m
[33m[WARN] [1788847460.805876149]: [planner][row1-debug] skeleton[5]=(1.250,3.791)[0m
[33m[WARN] [1788847460.806172992]: [planner][row1-debug] skeleton[6]=(1.250,4.301)[0m
[33m[WARN] [1788847460.806428515]: [planner][row1-debug] lane_shift too short tgt=101 j=1 terminal=0 lateral=1.121 need=1.508 avail=1.287[0m
[33m[WARN] [1788847460.806661806]: [planner][row1-debug] lane_shift rejected tgt=101 j=2 terminal=0 lateral=0.815 lead_in=0.643 lead_out=0.643[0m
[33m[WARN] [1788847460.806924322]: [planner][row1-debug] lane_shift skipped tgt=101 j=4 terminal A1 connector keeps full vertical segment[0m
[33m[WARN] [1788847460.810305181]: [planner][row1-debug] clothoid infeasible tgt=101 j=4 p=(0.435, 3.791) prev=(0.435, 2.950) next=(1.250, 3.791) prev_len=0.840 next_len=0.815 limit=0.332[0m
[33m[WARN] [1788847460.810601996]: [planner][row1-debug] local arc fallback tgt=101 j=4 radius=0.338 max_radius=0.367 pts=55[0m
[33m[WARN] [1788847460.810876506]: [planner][row1-debug] prepend enter src=44 row1_upper=0 raw_pts=151 a_rev=(0.619,1.338) b=(1.748,1.830) path_front=(1.748,1.830 180.0deg type=0)[0m
[33m[WARN] [1788847460.811345012]: [planner][row1-debug] route=A1_TO_B src=101 tgt=44 src_corr=1 tgt_corr=3 target=(0.619,1.520 th=-90.0deg) mode=auto terminal_reverse=0 near_gap=0.491 far_gap=0.211 horiz=0.631 min_x=0.676[0m
[33m[WARN] [1788847460.811610508]: [planner][row1-debug] initial_reverse tgt=44 same_corr=0 start_to_right=0 start_lane_y=3.791 forward_heading=180.0deg reverse_end_dir=(0.0deg) desired_end_x=1.610 actual_end=(1.610,3.791) curve_start=(1.250,4.129) curve_pts=56 direct_ok=1[0m
[33m[WARN] [1788847460.811945625]: [planner][row1-debug] center detour tgt=44 aux=(1.708,1.830) stage=(0.181,1.830) heading=0.0deg turn_pts=71[0m
[33m[WARN] [1788847460.812242918]: [planner][row1-debug] skeleton tgt=44 points=6 terminal_reverse=0 goal_lane_y=1.830 terminal_stop_y=1.520 final_ref_x=1.250[0m
[33m[WARN] [1788847460.812582883]: [planner][row1-debug] skeleton[0]=(1.610,3.791)[0m
[33m[WARN] [1788847460.812953722]: [planner][row1-debug] skeleton[1]=(0.145,3.791)[0m
[33m[WARN] [1788847460.813264147]: [planner][row1-debug] skeleton[2]=(0.145,2.950)[0m
[33m[WARN] [1788847460.813594525]: [planner][row1-debug] skeleton[3]=(1.250,2.950)[0m
[33m[WARN] [1788847460.813910365]: [planner][row1-debug] skeleton[4]=(1.250,1.830)[0m
[33m[WARN] [1788847460.814230164]: [planner][row1-debug] skeleton[5]=(1.708,1.830)[0m
[33m[WARN] [1788847460.814480606]: [planner][row1-debug] lane_shift rejected tgt=44 j=2 terminal=0 lateral=1.105 lead_in=0.472 lead_out=1.025[0m
[33m[WARN] [1788847460.814882352]: [planner][row1-debug] lane_shift skipped tgt=44 j=3 terminal=1 lateral=1.121: row5 keeps transition-lane turn[0m
[33m[WARN] [1788847460.816445366]: [planner][row1-debug] route=B_TO_A1 debug_rev=row1_aux_lane_to_a1_v2 src=45 tgt=101 src_corr=4 tgt_corr=1 target=(1.250,4.100 th=90.0deg) mode=auto terminal_reverse=0 near_gap=0.584 far_gap=0.304 horiz=0.000 min_x=0.676[0m
[33m[WARN] [1788847460.816779301]: [planner][row1-debug] initial_reverse tgt=101 same_corr=0 start_to_right=0 start_lane_y=0.429 forward_heading=180.0deg reverse_end_dir=(0.0deg) desired_end_x=1.543 actual_end=(1.543,0.429) reverse_origin=(0.619,0.994) curve_start=(0.619,0.768) curve_pts=56 direct_ok=1[0m
[33m[WARN] [1788847460.817072888]: [planner][row1-debug] row3lower 3to2 staged shift src=45 side=left lower=(1.125,1.550) upper=(1.125,1.830) bridge=(1.250,1.830) next=(1.250,2.670)[0m
[33m[WARN] [1788847460.817379518]: [planner][row1-debug] skeleton tgt=101 points=9 terminal_reverse=0 goal_lane_y=3.791 terminal_stop_y=4.100 final_ref_x=1.250[0m
[33m[WARN] [1788847460.817720316]: [planner][row1-debug] skeleton[0]=(1.543,0.429)[0m
[33m[WARN] [1788847460.817994451]: [planner][row1-debug] skeleton[1]=(1.125,0.429)[0m
[33m[WARN] [1788847460.818311140]: [planner][row1-debug] skeleton[2]=(1.125,1.830)[0m
[33m[WARN] [1788847460.818538294]: [planner][row1-debug] skeleton[3]=(1.250,1.830)[0m
[33m[WARN] [1788847460.818773199]: [planner][row1-debug] skeleton[4]=(1.250,2.950)[0m
[33m[WARN] [1788847460.819093308]: [planner][row1-debug] skeleton[5]=(0.435,2.950)[0m
[33m[WARN] [1788847460.819370707]: [planner][row1-debug] skeleton[6]=(0.435,3.791)[0m
[33m[WARN] [1788847460.819679874]: [planner][row1-debug] skeleton[7]=(1.250,3.791)[0m
[33m[WARN] [1788847460.820022716]: [planner][row1-debug] skeleton[8]=(1.250,4.301)[0m
[33m[WARN] [1788847460.820377516]: [planner][row1-debug] lane_shift accepted tgt=101 j=2 terminal=0 lateral=0.125 lead_in=0.600 lead_out=0.600 row3lower_3to2=1[0m
[33m[WARN] [1788847460.820801235]: [planner][row1-debug] lane_shift rejected tgt=101 j=4 terminal=0 lateral=0.815 lead_in=0.643 lead_out=0.643[0m
[33m[WARN] [1788847460.821051985]: [planner][row1-debug] lane_shift skipped tgt=101 j=6 terminal A1 connector keeps full vertical segment[0m
[33m[WARN] [1788847460.824435324]: [planner][row1-debug] clothoid infeasible tgt=101 j=6 p=(0.435, 3.791) prev=(0.435, 2.950) next=(1.250, 3.791) prev_len=0.840 next_len=0.815 limit=0.332[0m
[33m[WARN] [1788847460.824763254]: [planner][row1-debug] local arc fallback tgt=101 j=6 radius=0.338 max_radius=0.367 pts=55[0m
[33m[WARN] [1788847460.825059376]: [planner][row1-debug] prepend enter src=45 row1_upper=0 raw_pts=130 a_rev=(0.619,0.920) b=(1.543,0.429) path_front=(1.543,0.429 180.0deg type=0)[0m
[33m[WARN] [1788847460.826321175]: [planner][row1-debug] route=B_TO_A1 debug_rev=row1_aux_lane_to_a1_v2 src=46 tgt=101 src_corr=3 tgt_corr=1 target=(1.250,4.100 th=90.0deg) mode=auto terminal_reverse=0 near_gap=0.584 far_gap=0.304 horiz=0.000 min_x=0.676[0m
[33m[WARN] [1788847460.826605648]: [planner][row1-debug] initial_reverse tgt=101 same_corr=0 start_to_right=0 start_lane_y=1.830 forward_heading=180.0deg reverse_end_dir=(0.0deg) desired_end_x=1.748 actual_end=(1.748,1.830) reverse_origin=(0.857,1.265) curve_start=(0.857,1.491) curve_pts=56 direct_ok=1[0m
[33m[WARN] [1788847460.826832410]: [planner][row1-debug] skeleton tgt=101 points=7 terminal_reverse=0 goal_lane_y=3.791 terminal_stop_y=4.100 final_ref_x=1.250[0m
[33m[WARN] [1788847460.827104025]: [planner][row1-debug] skeleton[0]=(1.748,1.830)[0m
[33m[WARN] [1788847460.827406628]: [planner][row1-debug] skeleton[1]=(1.250,1.830)[0m
[33m[WARN] [1788847460.827663491]: [planner][row1-debug] skeleton[2]=(1.250,2.950)[0m
[33m[WARN] [1788847460.827941922]: [planner][row1-debug] skeleton[3]=(0.435,2.950)[0m
[33m[WARN] [1788847460.828155799]: [planner][row1-debug] skeleton[4]=(0.435,3.791)[0m
[33m[WARN] [1788847460.828436431]: [planner][row1-debug] skeleton[5]=(1.250,3.791)[0m
[33m[WARN] [1788847460.828722180]: [planner][row1-debug] skeleton[6]=(1.250,4.301)[0m
[33m[WARN] [1788847460.829001880]: [planner][row1-debug] lane_shift too short tgt=101 j=1 terminal=0 lateral=1.121 need=1.508 avail=1.287[0m
[33m[WARN] [1788847460.829411286]: [planner][row1-debug] lane_shift rejected tgt=101 j=2 terminal=0 lateral=0.815 lead_in=0.643 lead_out=0.643[0m
[33m[WARN] [1788847460.829699702]: [planner][row1-debug] lane_shift skipped tgt=101 j=4 terminal A1 connector keeps full vertical segment[0m
[33m[WARN] [1788847460.833133701]: [planner][row1-debug] clothoid infeasible tgt=101 j=4 p=(0.435, 3.791) prev=(0.435, 2.950) next=(1.250, 3.791) prev_len=0.840 next_len=0.815 limit=0.332[0m
[33m[WARN] [1788847460.833383040]: [planner][row1-debug] local arc fallback tgt=101 j=4 radius=0.338 max_radius=0.367 pts=55[0m
[33m[WARN] [1788847460.833645221]: [planner][row1-debug] prepend enter src=46 row1_upper=0 raw_pts=127 a_rev=(0.857,1.338) b=(1.748,1.830) path_front=(1.748,1.830 180.0deg type=0)[0m
[33m[WARN] [1788847460.833964105]: [planner][row1-debug] route=A1_TO_B src=101 tgt=46 src_corr=1 tgt_corr=3 target=(0.857,1.520 th=-90.0deg) mode=auto terminal_reverse=0 near_gap=0.491 far_gap=0.211 horiz=0.393 min_x=0.676[0m
[33m[WARN] [1788847460.834200102]: [planner][row1-debug] initial_reverse tgt=46 same_corr=0 start_to_right=0 start_lane_y=3.791 forward_heading=180.0deg reverse_end_dir=(0.0deg) desired_end_x=1.610 actual_end=(1.610,3.791) curve_start=(1.250,4.129) curve_pts=56 direct_ok=1[0m
[33m[WARN] [1788847460.834495286]: [planner][row1-debug] center detour tgt=46 aux=(1.708,1.830) stage=(0.419,1.830) heading=0.0deg turn_pts=71[0m
[33m[WARN] [1788847460.834713384]: [planner][row1-debug] skeleton tgt=46 points=6 terminal_reverse=0 goal_lane_y=1.830 terminal_stop_y=1.520 final_ref_x=1.250[0m
[33m[WARN] [1788847460.834915354]: [planner][row1-debug] skeleton[0]=(1.610,3.791)[0m
[33m[WARN] [1788847460.835123528]: [planner][row1-debug] skeleton[1]=(0.145,3.791)[0m
[33m[WARN] [1788847460.835430487]: [planner][row1-debug] skeleton[2]=(0.145,2.950)[0m
[33m[WARN] [1788847460.835762132]: [planner][row1-debug] skeleton[3]=(1.250,2.950)[0m
[33m[WARN] [1788847460.836000857]: [planner][row1-debug] skeleton[4]=(1.250,1.830)[0m
[33m[WARN] [1788847460.836248999]: [planner][row1-debug] skeleton[5]=(1.708,1.830)[0m
[33m[WARN] [1788847460.836554647]: [planner][row1-debug] lane_shift rejected tgt=46 j=2 terminal=0 lateral=1.105 lead_in=0.472 lead_out=1.025[0m
[33m[WARN] [1788847460.836732976]: [planner][row1-debug] lane_shift skipped tgt=46 j=3 terminal=1 lateral=1.121: row5 keeps transition-lane turn[0m
[33m[WARN] [1788847460.837833596]: [planner][row1-debug] route=B_TO_A1 debug_rev=row1_aux_lane_to_a1_v2 src=47 tgt=101 src_corr=4 tgt_corr=1 target=(1.250,4.100 th=90.0deg) mode=auto terminal_reverse=0 near_gap=0.584 far_gap=0.304 horiz=0.000 min_x=0.676[0m
[33m[WARN] [1788847460.838071671]: [planner][row1-debug] initial_reverse tgt=101 same_corr=0 start_to_right=0 start_lane_y=0.429 forward_heading=180.0deg reverse_end_dir=(0.0deg) desired_end_x=1.543 actual_end=(1.543,0.429) reverse_origin=(0.857,0.994) curve_start=(0.857,0.768) curve_pts=56 direct_ok=1[0m
[33m[WARN] [1788847460.838299633]: [planner][row1-debug] row3lower 3to2 staged shift src=47 side=left lower=(1.125,1.550) upper=(1.125,1.830) bridge=(1.250,1.830) next=(1.250,2.670)[0m
[33m[WARN] [1788847460.838572661]: [planner][row1-debug] skeleton tgt=101 points=9 terminal_reverse=0 goal_lane_y=3.791 terminal_stop_y=4.100 final_ref_x=1.250[0m
[33m[WARN] [1788847460.838833242]: [planner][row1-debug] skeleton[0]=(1.543,0.429)[0m
[33m[WARN] [1788847460.839036243]: [planner][row1-debug] skeleton[1]=(1.125,0.429)[0m
[33m[WARN] [1788847460.839341370]: [planner][row1-debug] skeleton[2]=(1.125,1.830)[0m
[33m[WARN] [1788847460.839557561]: [planner][row1-debug] skeleton[3]=(1.250,1.830)[0m
[33m[WARN] [1788847460.839821032]: [planner][row1-debug] skeleton[4]=(1.250,2.950)[0m
[33m[WARN] [1788847460.840041749]: [planner][row1-debug] skeleton[5]=(0.435,2.950)[0m
[33m[WARN] [1788847460.840268585]: [planner][row1-debug] skeleton[6]=(0.435,3.791)[0m
[33m[WARN] [1788847460.840495535]: [planner][row1-debug] skeleton[7]=(1.250,3.791)[0m
[33m[WARN] [1788847460.840748098]: [planner][row1-debug] skeleton[8]=(1.250,4.301)[0m
[33m[WARN] [1788847460.841000442]: [planner][row1-debug] lane_shift accepted tgt=101 j=2 terminal=0 lateral=0.125 lead_in=0.600 lead_out=0.600 row3lower_3to2=1[0m
[33m[WARN] [1788847460.841290175]: [planner][row1-debug] lane_shift rejected tgt=101 j=4 terminal=0 lateral=0.815 lead_in=0.643 lead_out=0.643[0m
[33m[WARN] [1788847460.841530429]: [planner][row1-debug] lane_shift skipped tgt=101 j=6 terminal A1 connector keeps full vertical segment[0m
[33m[WARN] [1788847460.846506299]: [planner][row1-debug] clothoid infeasible tgt=101 j=6 p=(0.435, 3.791) prev=(0.435, 2.950) next=(1.250, 3.791) prev_len=0.840 next_len=0.815 limit=0.332[0m
[33m[WARN] [1788847460.846826244]: [planner][row1-debug] local arc fallback tgt=101 j=6 radius=0.338 max_radius=0.367 pts=55[0m
[33m[WARN] [1788847460.847271677]: [planner][row1-debug] prepend enter src=47 row1_upper=0 raw_pts=106 a_rev=(0.857,0.920) b=(1.543,0.429) path_front=(1.543,0.429 180.0deg type=0)[0m
[33m[WARN] [1788847460.848485114]: [planner][row1-debug] route=B_TO_A1 debug_rev=row1_aux_lane_to_a1_v2 src=48 tgt=101 src_corr=3 tgt_corr=1 target=(1.250,4.100 th=90.0deg) mode=auto terminal_reverse=0 near_gap=0.584 far_gap=0.304 horiz=0.000 min_x=0.676[0m
[33m[WARN] [1788847460.848778356]: [planner][row1-debug] initial_reverse tgt=101 same_corr=0 start_to_right=1 start_lane_y=1.830 forward_heading=0.0deg reverse_end_dir=(180.0deg) desired_end_x=0.752 actual_end=(0.752,1.830) reverse_origin=(1.643,1.265) curve_start=(1.643,1.491) curve_pts=56 direct_ok=1[0m
[33m[WARN] [1788847460.849112719]: [planner][row1-debug] skeleton tgt=101 points=7 terminal_reverse=0 goal_lane_y=3.791 terminal_stop_y=4.100 final_ref_x=1.250[0m
[33m[WARN] [1788847460.849320721]: [planner][row1-debug] skeleton[0]=(0.752,1.830)[0m
[33m[WARN] [1788847460.849593807]: [planner][row1-debug] skeleton[1]=(1.250,1.830)[0m
[33m[WARN] [1788847460.849857471]: [planner][row1-debug] skeleton[2]=(1.250,2.950)[0m
[33m[WARN] [1788847460.850117609]: [planner][row1-debug] skeleton[3]=(1.865,2.950)[0m
[33m[WARN] [1788847460.850405271]: [planner][row1-debug] skeleton[4]=(1.865,3.791)[0m
[33m[WARN] [1788847460.850693719]: [planner][row1-debug] skeleton[5]=(1.250,3.791)[0m
[33m[WARN] [1788847460.850940341]: [planner][row1-debug] skeleton[6]=(1.250,4.301)[0m
[33m[WARN] [1788847460.851268387]: [planner][row1-debug] lane_shift too short tgt=101 j=1 terminal=0 lateral=1.121 need=1.508 avail=1.091[0m
[33m[WARN] [1788847460.851605641]: [planner][row1-debug] lane_shift skipped tgt=101 j=2 row12 right-inner keeps clothoid/local-arc middle connector lateral=0.615[0m
[33m[WARN] [1788847460.851894257]: [planner][row1-debug] lane_shift skipped tgt=101 j=4 terminal A1 connector keeps full vertical segment[0m
[33m[WARN] [1788847460.855754163]: [planner][row1-debug] clothoid infeasible tgt=101 j=2 p=(1.250, 2.950) prev=(1.250, 1.830) next=(1.865, 2.950) prev_len=1.121 next_len=0.615 limit=0.329[0m
[33m[WARN] [1788847460.856034223]: [planner][row1-debug] clothoid infeasible tgt=101 j=3 p=(1.865, 2.950) prev=(1.250, 2.950) next=(1.865, 3.791) prev_len=0.615 next_len=0.840 limit=0.309[0m
[33m[WARN] [1788847460.856327056]: [planner][row1-debug] clothoid infeasible tgt=101 j=4 p=(1.865, 3.791) prev=(1.865, 2.950) next=(1.250, 3.791) prev_len=0.840 next_len=0.615 limit=0.245[0m
[33m[WARN] [1788847460.856567397]: [planner][row1-debug] clothoid infeasible tgt=101 j=5 p=(1.250, 3.791) prev=(1.865, 3.791) next=(1.250, 4.301) prev_len=0.615 next_len=0.511 limit=0.345[0m
[33m[WARN] [1788847460.856854659]: [planner][row1-debug] local arc fallback tgt=101 j=2 radius=0.277 max_radius=0.277 pts=45[0m
[33m[WARN] [1788847460.857099074]: [planner][row1-debug] local arc fallback tgt=101 j=3 radius=0.277 max_radius=0.277 pts=45[0m
[33m[WARN] [1788847460.857313963]: [planner][row1-debug] local arc fallback tgt=101 j=4 radius=0.277 max_radius=0.277 pts=45[0m
[33m[WARN] [1788847460.857586403]: [planner][row1-debug] local arc fallback tgt=101 j=5 radius=0.230 max_radius=0.230 pts=41[0m
[33m[WARN] [1788847460.857882503]: [planner][row1-debug] prepend enter src=48 row1_upper=0 raw_pts=127 a_rev=(1.643,1.338) b=(0.752,1.830) path_front=(0.752,1.830 0.0deg type=0)[0m
[33m[WARN] [1788847460.858318983]: [planner][row1-debug] route=A1_TO_B src=101 tgt=48 src_corr=1 tgt_corr=3 target=(1.643,1.520 th=-90.0deg) mode=auto terminal_reverse=0 near_gap=0.211 far_gap=0.491 horiz=0.393 min_x=0.676[0m
[33m[WARN] [1788847460.858585162]: [planner][row1-debug] initial_reverse tgt=48 same_corr=0 start_to_right=1 start_lane_y=3.791 forward_heading=0.0deg reverse_end_dir=(180.0deg) desired_end_x=0.890 actual_end=(0.890,3.791) curve_start=(1.250,4.129) curve_pts=56 direct_ok=1[0m
[33m[WARN] [1788847460.858887235]: [planner][row1-debug] center detour tgt=48 aux=(0.792,1.830) stage=(2.081,1.830) heading=180.0deg turn_pts=71[0m
[33m[WARN] [1788847460.859202333]: [planner][row1-debug] skeleton tgt=48 points=6 terminal_reverse=0 goal_lane_y=1.830 terminal_stop_y=1.520 final_ref_x=1.250[0m
[33m[WARN] [1788847460.859456335]: [planner][row1-debug] skeleton[0]=(0.890,3.791)[0m
[33m[WARN] [1788847460.859747030]: [planner][row1-debug] skeleton[1]=(2.155,3.791)[0m
[33m[WARN] [1788847460.860000060]: [planner][row1-debug] skeleton[2]=(2.155,2.950)[0m
[33m[WARN] [1788847460.860278330]: [planner][row1-debug] skeleton[3]=(1.250,2.950)[0m
[33m[WARN] [1788847460.860558263]: [planner][row1-debug] skeleton[4]=(1.250,1.830)[0m
[33m[WARN] [1788847460.860941627]: [planner][row1-debug] skeleton[5]=(0.792,1.830)[0m
[33m[WARN] [1788847460.861275452]: [planner][row1-debug] lane_shift rejected tgt=48 j=2 terminal=0 lateral=0.905 lead_in=0.472 lead_out=0.883[0m
[33m[WARN] [1788847460.861573385]: [planner][row1-debug] lane_shift skipped tgt=48 j=3 terminal=1 lateral=1.121: row5 keeps transition-lane turn[0m
[33m[WARN] [1788847460.862348877]: [planner][row1-debug] route=B_TO_A1 debug_rev=row1_aux_lane_to_a1_v2 src=49 tgt=101 src_corr=4 tgt_corr=1 target=(1.250,4.100 th=90.0deg) mode=auto terminal_reverse=0 near_gap=0.584 far_gap=0.304 horiz=0.000 min_x=0.676[0m
[33m[WARN] [1788847460.862594995]: [planner][row1-debug] initial_reverse tgt=101 same_corr=0 start_to_right=1 start_lane_y=0.429 forward_heading=0.0deg reverse_end_dir=(180.0deg) desired_end_x=0.957 actual_end=(0.957,0.429) reverse_origin=(1.643,0.994) curve_start=(1.643,0.768) curve_pts=56 direct_ok=1[0m
[33m[WARN] [1788847460.862871925]: [planner][row1-debug] row3lower 3to2 staged shift src=49 side=right lower=(1.375,1.550) upper=(1.375,1.830) bridge=(1.250,1.830) next=(1.250,2.670)[0m
[33m[WARN] [1788847460.863183092]: [planner][row1-debug] skeleton tgt=101 points=9 terminal_reverse=0 goal_lane_y=3.791 terminal_stop_y=4.100 final_ref_x=1.250[0m
[33m[WARN] [1788847460.863403427]: [planner][row1-debug] skeleton[0]=(0.957,0.429)[0m
[33m[WARN] [1788847460.863672126]: [planner][row1-debug] skeleton[1]=(1.375,0.429)[0m
[33m[WARN] [1788847460.863929607]: [planner][row1-debug] skeleton[2]=(1.375,1.830)[0m
[33m[WARN] [1788847460.864177782]: [planner][row1-debug] skeleton[3]=(1.250,1.830)[0m
[33m[WARN] [1788847460.864470854]: [planner][row1-debug] skeleton[4]=(1.250,2.950)[0m
[33m[WARN] [1788847460.864726445]: [planner][row1-debug] skeleton[5]=(1.865,2.950)[0m
[33m[WARN] [1788847460.864922627]: [planner][row1-debug] skeleton[6]=(1.865,3.791)[0m
[33m[WARN] [1788847460.865168341]: [planner][row1-debug] skeleton[7]=(1.250,3.791)[0m
[33m[WARN] [1788847460.865478247]: [planner][row1-debug] skeleton[8]=(1.250,4.301)[0m
[33m[WARN] [1788847460.865726749]: [planner][row1-debug] lane_shift accepted tgt=101 j=2 terminal=0 lateral=0.125 lead_in=0.600 lead_out=0.600 row3lower_3to2=1[0m
[33m[WARN] [1788847460.865995585]: [planner][row1-debug] lane_shift skipped tgt=101 j=4 row12 right-inner keeps clothoid/local-arc middle connector lateral=0.615[0m
[33m[WARN] [1788847460.866262727]: [planner][row1-debug] lane_shift skipped tgt=101 j=6 terminal A1 connector keeps full vertical segment[0m
[33m[WARN] [1788847460.869899825]: [planner][row1-debug] clothoid infeasible tgt=101 j=4 p=(1.250, 2.950) prev=(1.250, 1.830) next=(1.865, 2.950) prev_len=1.121 next_len=0.615 limit=0.329[0m
[33m[WARN] [1788847460.870130542]: [planner][row1-debug] clothoid infeasible tgt=101 j=5 p=(1.865, 2.950) prev=(1.250, 2.950) next=(1.865, 3.791) prev_len=0.615 next_len=0.840 limit=0.309[0m
[33m[WARN] [1788847460.870316741]: [planner][row1-debug] clothoid infeasible tgt=101 j=6 p=(1.865, 3.791) prev=(1.865, 2.950) next=(1.250, 3.791) prev_len=0.840 next_len=0.615 limit=0.245[0m
[33m[WARN] [1788847460.870537332]: [planner][row1-debug] clothoid infeasible tgt=101 j=7 p=(1.250, 3.791) prev=(1.865, 3.791) next=(1.250, 4.301) prev_len=0.615 next_len=0.511 limit=0.345[0m
[33m[WARN] [1788847460.870777530]: [planner][row1-debug] local arc fallback tgt=101 j=4 radius=0.277 max_radius=0.277 pts=45[0m
[33m[WARN] [1788847460.871032901]: [planner][row1-debug] local arc fallback tgt=101 j=5 radius=0.277 max_radius=0.277 pts=45[0m
[33m[WARN] [1788847460.871282141]: [planner][row1-debug] local arc fallback tgt=101 j=6 radius=0.277 max_radius=0.277 pts=45[0m
[33m[WARN] [1788847460.871639688]: [planner][row1-debug] local arc fallback tgt=101 j=7 radius=0.230 max_radius=0.230 pts=41[0m
[33m[WARN] [1788847460.872016102]: [planner][row1-debug] prepend enter src=49 row1_upper=0 raw_pts=106 a_rev=(1.643,0.920) b=(0.957,0.429) path_front=(0.957,0.429 0.0deg type=0)[0m
[33m[WARN] [1788847460.872857651]: [planner][row1-debug] route=B_TO_A1 debug_rev=row1_aux_lane_to_a1_v2 src=50 tgt=101 src_corr=3 tgt_corr=1 target=(1.250,4.100 th=90.0deg) mode=auto terminal_reverse=0 near_gap=0.584 far_gap=0.304 horiz=0.000 min_x=0.676[0m
[33m[WARN] [1788847460.873098168]: [planner][row1-debug] initial_reverse tgt=101 same_corr=0 start_to_right=1 start_lane_y=1.830 forward_heading=0.0deg reverse_end_dir=(180.0deg) desired_end_x=0.752 actual_end=(0.752,1.830) reverse_origin=(1.881,1.265) curve_start=(1.881,1.491) curve_pts=56 direct_ok=1[0m
[33m[WARN] [1788847460.873370894]: [planner][row1-debug] skeleton tgt=101 points=7 terminal_reverse=0 goal_lane_y=3.791 terminal_stop_y=4.100 final_ref_x=1.250[0m
[33m[WARN] [1788847460.873669239]: [planner][row1-debug] skeleton[0]=(0.752,1.830)[0m
[33m[WARN] [1788847460.873896421]: [planner][row1-debug] skeleton[1]=(1.250,1.830)[0m
[33m[WARN] [1788847460.874273097]: [planner][row1-debug] skeleton[2]=(1.250,2.950)[0m
[33m[WARN] [1788847460.874562917]: [planner][row1-debug] skeleton[3]=(1.865,2.950)[0m
[33m[WARN] [1788847460.874823344]: [planner][row1-debug] skeleton[4]=(1.865,3.791)[0m
[33m[WARN] [1788847460.875064293]: [planner][row1-debug] skeleton[5]=(1.250,3.791)[0m
[33m[WARN] [1788847460.875318776]: [planner][row1-debug] skeleton[6]=(1.250,4.301)[0m
[33m[WARN] [1788847460.875627370]: [planner][row1-debug] lane_shift too short tgt=101 j=1 terminal=0 lateral=1.121 need=1.508 avail=1.091[0m
[33m[WARN] [1788847460.875874281]: [planner][row1-debug] lane_shift skipped tgt=101 j=2 row12 right-inner keeps clothoid/local-arc middle connector lateral=0.615[0m
[33m[WARN] [1788847460.876153137]: [planner][row1-debug] lane_shift skipped tgt=101 j=4 terminal A1 connector keeps full vertical segment[0m
[33m[WARN] [1788847460.881519758]: [planner][row1-debug] clothoid infeasible tgt=101 j=2 p=(1.250, 2.950) prev=(1.250, 1.830) next=(1.865, 2.950) prev_len=1.121 next_len=0.615 limit=0.329[0m
[33m[WARN] [1788847460.881844088]: [planner][row1-debug] clothoid infeasible tgt=101 j=3 p=(1.865, 2.950) prev=(1.250, 2.950) next=(1.865, 3.791) prev_len=0.615 next_len=0.840 limit=0.309[0m
[33m[WARN] [1788847460.882104279]: [planner][row1-debug] clothoid infeasible tgt=101 j=4 p=(1.865, 3.791) prev=(1.865, 2.950) next=(1.250, 3.791) prev_len=0.840 next_len=0.615 limit=0.245[0m
[33m[WARN] [1788847460.882370029]: [planner][row1-debug] clothoid infeasible tgt=101 j=5 p=(1.250, 3.791) prev=(1.865, 3.791) next=(1.250, 4.301) prev_len=0.615 next_len=0.511 limit=0.345[0m
[33m[WARN] [1788847460.882575361]: [planner][row1-debug] local arc fallback tgt=101 j=2 radius=0.277 max_radius=0.277 pts=45[0m
[33m[WARN] [1788847460.882870084]: [planner][row1-debug] local arc fallback tgt=101 j=3 radius=0.277 max_radius=0.277 pts=45[0m
[33m[WARN] [1788847460.883084318]: [planner][row1-debug] local arc fallback tgt=101 j=4 radius=0.277 max_radius=0.277 pts=45[0m
[33m[WARN] [1788847460.883436367]: [planner][row1-debug] local arc fallback tgt=101 j=5 radius=0.230 max_radius=0.230 pts=41[0m
[33m[WARN] [1788847460.883807171]: [planner][row1-debug] prepend enter src=50 row1_upper=0 raw_pts=151 a_rev=(1.881,1.338) b=(0.752,1.830) path_front=(0.752,1.830 0.0deg type=0)[0m
[33m[WARN] [1788847460.884274254]: [planner][row1-debug] route=A1_TO_B src=101 tgt=50 src_corr=1 tgt_corr=3 target=(1.881,1.520 th=-90.0deg) mode=auto terminal_reverse=0 near_gap=0.211 far_gap=0.491 horiz=0.631 min_x=0.676[0m
[33m[WARN] [1788847460.884557610]: [planner][row1-debug] initial_reverse tgt=50 same_corr=0 start_to_right=1 start_lane_y=3.791 forward_heading=0.0deg reverse_end_dir=(180.0deg) desired_end_x=0.890 actual_end=(0.890,3.791) curve_start=(1.250,4.129) curve_pts=56 direct_ok=1[0m
[33m[WARN] [1788847460.884984719]: [planner][row1-debug] center detour tgt=50 aux=(0.792,1.830) stage=(2.319,1.830) heading=180.0deg turn_pts=71[0m
[33m[WARN] [1788847460.885347128]: [planner][row1-debug] skeleton tgt=50 points=6 terminal_reverse=0 goal_lane_y=1.830 terminal_stop_y=1.520 final_ref_x=1.250[0m
[33m[WARN] [1788847460.885708058]: [planner][row1-debug] skeleton[0]=(0.890,3.791)[0m
[33m[WARN] [1788847460.886034348]: [planner][row1-debug] skeleton[1]=(2.155,3.791)[0m
[33m[WARN] [1788847460.886354270]: [planner][row1-debug] skeleton[2]=(2.155,2.950)[0m
[33m[WARN] [1788847460.886637956]: [planner][row1-debug] skeleton[3]=(1.250,2.950)[0m
[33m[WARN] [1788847460.886944702]: [planner][row1-debug] skeleton[4]=(1.250,1.830)[0m
[33m[WARN] [1788847460.887243847]: [planner][row1-debug] skeleton[5]=(0.792,1.830)[0m
[33m[WARN] [1788847460.887529814]: [planner][row1-debug] lane_shift rejected tgt=50 j=2 terminal=0 lateral=0.905 lead_in=0.472 lead_out=0.883[0m
[33m[WARN] [1788847460.887832426]: [planner][row1-debug] lane_shift skipped tgt=50 j=3 terminal=1 lateral=1.121: row5 keeps transition-lane turn[0m
[33m[WARN] [1788847460.888745102]: [planner][row1-debug] route=B_TO_A1 debug_rev=row1_aux_lane_to_a1_v2 src=51 tgt=101 src_corr=4 tgt_corr=1 target=(1.250,4.100 th=90.0deg) mode=auto terminal_reverse=0 near_gap=0.584 far_gap=0.304 horiz=0.000 min_x=0.676[0m
[33m[WARN] [1788847460.889021358]: [planner][row1-debug] initial_reverse tgt=101 same_corr=0 start_to_right=1 start_lane_y=0.429 forward_heading=0.0deg reverse_end_dir=(180.0deg) desired_end_x=0.957 actual_end=(0.957,0.429) reverse_origin=(1.881,0.994) curve_start=(1.881,0.768) curve_pts=56 direct_ok=1[0m
[33m[WARN] [1788847460.889295966]: [planner][row1-debug] row3lower 3to2 staged shift src=51 side=right lower=(1.375,1.550) upper=(1.375,1.830) bridge=(1.250,1.830) next=(1.250,2.670)[0m
[33m[WARN] [1788847460.889596517]: [planner][row1-debug] skeleton tgt=101 points=9 terminal_reverse=0 goal_lane_y=3.791 terminal_stop_y=4.100 final_ref_x=1.250[0m
[33m[WARN] [1788847460.889815866]: [planner][row1-debug] skeleton[0]=(0.957,0.429)[0m
[33m[WARN] [1788847460.890089779]: [planner][row1-debug] skeleton[1]=(1.375,0.429)[0m
[33m[WARN] [1788847460.890325870]: [planner][row1-debug] skeleton[2]=(1.375,1.830)[0m
[33m[WARN] [1788847460.890594276]: [planner][row1-debug] skeleton[3]=(1.250,1.830)[0m
[33m[WARN] [1788847460.890956213]: [planner][row1-debug] skeleton[4]=(1.250,2.950)[0m
[33m[WARN] [1788847460.891259498]: [planner][row1-debug] skeleton[5]=(1.865,2.950)[0m
[33m[WARN] [1788847460.891574801]: [planner][row1-debug] skeleton[6]=(1.865,3.791)[0m
[33m[WARN] [1788847460.891880073]: [planner][row1-debug] skeleton[7]=(1.250,3.791)[0m
[33m[WARN] [1788847460.892159167]: [planner][row1-debug] skeleton[8]=(1.250,4.301)[0m
[33m[WARN] [1788847460.892427073]: [planner][row1-debug] lane_shift accepted tgt=101 j=2 terminal=0 lateral=0.125 lead_in=0.600 lead_out=0.600 row3lower_3to2=1[0m
[33m[WARN] [1788847460.892760365]: [planner][row1-debug] lane_shift skipped tgt=101 j=4 row12 right-inner keeps clothoid/local-arc middle connector lateral=0.615[0m
[33m[WARN] [1788847460.893063782]: [planner][row1-debug] lane_shift skipped tgt=101 j=6 terminal A1 connector keeps full vertical segment[0m
[33m[WARN] [1788847460.897077149]: [planner][row1-debug] clothoid infeasible tgt=101 j=4 p=(1.250, 2.950) prev=(1.250, 1.830) next=(1.865, 2.950) prev_len=1.121 next_len=0.615 limit=0.329[0m
[33m[WARN] [1788847460.897351219]: [planner][row1-debug] clothoid infeasible tgt=101 j=5 p=(1.865, 2.950) prev=(1.250, 2.950) next=(1.865, 3.791) prev_len=0.615 next_len=0.840 limit=0.309[0m
[33m[WARN] [1788847460.897629710]: [planner][row1-debug] clothoid infeasible tgt=101 j=6 p=(1.865, 3.791) prev=(1.865, 2.950) next=(1.250, 3.791) prev_len=0.840 next_len=0.615 limit=0.245[0m
[33m[WARN] [1788847460.897897302]: [planner][row1-debug] clothoid infeasible tgt=101 j=7 p=(1.250, 3.791) prev=(1.865, 3.791) next=(1.250, 4.301) prev_len=0.615 next_len=0.511 limit=0.345[0m
[33m[WARN] [1788847460.898177854]: [planner][row1-debug] local arc fallback tgt=101 j=4 radius=0.277 max_radius=0.277 pts=45[0m
[33m[WARN] [1788847460.898462194]: [planner][row1-debug] local arc fallback tgt=101 j=5 radius=0.277 max_radius=0.277 pts=45[0m
[33m[WARN] [1788847460.898765989]: [planner][row1-debug] local arc fallback tgt=101 j=6 radius=0.277 max_radius=0.277 pts=45[0m
[33m[WARN] [1788847460.899043959]: [planner][row1-debug] local arc fallback tgt=101 j=7 radius=0.230 max_radius=0.230 pts=41[0m
[33m[WARN] [1788847460.899320098]: [planner][row1-debug] prepend enter src=51 row1_upper=0 raw_pts=130 a_rev=(1.881,0.920) b=(0.957,0.429) path_front=(0.957,0.429 0.0deg type=0)[0m
[33m[WARN] [1788847460.900360727]: [planner][row1-debug] route=B_TO_A1 debug_rev=row1_aux_lane_to_a1_v2 src=52 tgt=101 src_corr=3 tgt_corr=1 target=(1.250,4.100 th=90.0deg) mode=auto terminal_reverse=0 near_gap=0.584 far_gap=0.304 horiz=0.000 min_x=0.676[0m
[33m[WARN] [1788847460.900623882]: [planner][row1-debug] initial_reverse tgt=101 same_corr=0 start_to_right=1 start_lane_y=1.830 forward_heading=0.0deg reverse_end_dir=(180.0deg) desired_end_x=0.752 actual_end=(0.752,1.830) reverse_origin=(2.119,1.265) curve_start=(2.119,1.491) curve_pts=56 direct_ok=1[0m
[33m[WARN] [1788847460.900898393]: [planner][row1-debug] skeleton tgt=101 points=7 terminal_reverse=0 goal_lane_y=3.791 terminal_stop_y=4.100 final_ref_x=1.250[0m
[33m[WARN] [1788847460.901154746]: [planner][row1-debug] skeleton[0]=(0.752,1.830)[0m
[33m[WARN] [1788847460.901444083]: [planner][row1-debug] skeleton[1]=(1.250,1.830)[0m
[33m[WARN] [1788847460.901653634]: [planner][row1-debug] skeleton[2]=(1.250,2.950)[0m
[33m[WARN] [1788847460.901898579]: [planner][row1-debug] skeleton[3]=(1.865,2.950)[0m
[33m[WARN] [1788847460.902165490]: [planner][row1-debug] skeleton[4]=(1.865,3.791)[0m
[33m[WARN] [1788847460.902414232]: [planner][row1-debug] skeleton[5]=(1.250,3.791)[0m
[33m[WARN] [1788847460.902706432]: [planner][row1-debug] skeleton[6]=(1.250,4.301)[0m
[33m[WARN] [1788847460.903002118]: [planner][row1-debug] lane_shift too short tgt=101 j=1 terminal=0 lateral=1.121 need=1.508 avail=1.091[0m
[33m[WARN] [1788847460.903351289]: [planner][row1-debug] lane_shift skipped tgt=101 j=2 row12 right-inner keeps clothoid/local-arc middle connector lateral=0.615[0m
[33m[WARN] [1788847460.903581373]: [planner][row1-debug] lane_shift skipped tgt=101 j=4 terminal A1 connector keeps full vertical segment[0m
[33m[WARN] [1788847460.907458453]: [planner][row1-debug] clothoid infeasible tgt=101 j=2 p=(1.250, 2.950) prev=(1.250, 1.830) next=(1.865, 2.950) prev_len=1.121 next_len=0.615 limit=0.329[0m
[33m[WARN] [1788847460.907699383]: [planner][row1-debug] clothoid infeasible tgt=101 j=3 p=(1.865, 2.950) prev=(1.250, 2.950) next=(1.865, 3.791) prev_len=0.615 next_len=0.840 limit=0.309[0m
[33m[WARN] [1788847460.907988947]: [planner][row1-debug] clothoid infeasible tgt=101 j=4 p=(1.865, 3.791) prev=(1.865, 2.950) next=(1.250, 3.791) prev_len=0.840 next_len=0.615 limit=0.245[0m
[33m[WARN] [1788847460.908252014]: [planner][row1-debug] clothoid infeasible tgt=101 j=5 p=(1.250, 3.791) prev=(1.865, 3.791) next=(1.250, 4.301) prev_len=0.615 next_len=0.511 limit=0.345[0m
[33m[WARN] [1788847460.908574165]: [planner][row1-debug] local arc fallback tgt=101 j=2 radius=0.277 max_radius=0.277 pts=45[0m
[33m[WARN] [1788847460.908874320]: [planner][row1-debug] local arc fallback tgt=101 j=3 radius=0.277 max_radius=0.277 pts=45[0m
[33m[WARN] [1788847460.909124751]: [planner][row1-debug] local arc fallback tgt=101 j=4 radius=0.277 max_radius=0.277 pts=45[0m
[33m[WARN] [1788847460.909457259]: [planner][row1-debug] local arc fallback tgt=101 j=5 radius=0.230 max_radius=0.230 pts=41[0m
[33m[WARN] [1788847460.909769978]: [planner][row1-debug] prepend enter src=52 row1_upper=0 raw_pts=174 a_rev=(2.119,1.338) b=(0.752,1.830) path_front=(0.752,1.830 0.0deg type=0)[0m
[33m[WARN] [1788847460.910153248]: [planner][row1-debug] route=A1_TO_B src=101 tgt=52 src_corr=1 tgt_corr=3 target=(2.119,1.520 th=-90.0deg) mode=auto terminal_reverse=0 near_gap=0.211 far_gap=0.491 horiz=0.869 min_x=0.676[0m
[33m[WARN] [1788847460.910462696]: [planner][row1-debug] initial_reverse tgt=52 same_corr=0 start_to_right=1 start_lane_y=3.791 forward_heading=0.0deg reverse_end_dir=(180.0deg) desired_end_x=0.890 actual_end=(0.890,3.791) curve_start=(1.250,4.129) curve_pts=56 direct_ok=1[0m
[33m[WARN] [1788847460.910773257]: [planner][row1-debug] skeleton tgt=52 points=7 terminal_reverse=0 goal_lane_y=1.830 terminal_stop_y=1.520 final_ref_x=1.250[0m
[33m[WARN] [1788847460.911080475]: [planner][row1-debug] skeleton[0]=(0.890,3.791)[0m
[33m[WARN] [1788847460.911319997]: [planner][row1-debug] skeleton[1]=(2.155,3.791)[0m
[33m[WARN] [1788847460.911639609]: [planner][row1-debug] skeleton[2]=(2.155,2.950)[0m
[33m[WARN] [1788847460.911989547]: [planner][row1-debug] skeleton[3]=(1.250,2.950)[0m
[33m[WARN] [1788847460.912250976]: [planner][row1-debug] skeleton[4]=(1.250,1.830)[0m
[33m[WARN] [1788847460.912525136]: [planner][row1-debug] skeleton[5]=(2.119,1.830)[0m
[33m[WARN] [1788847460.912837762]: [planner][row1-debug] skeleton[6]=(2.119,1.338)[0m
[33m[WARN] [1788847460.913166473]: [planner][row1-debug] lane_shift rejected tgt=52 j=2 terminal=0 lateral=0.905 lead_in=0.472 lead_out=0.883[0m
[33m[WARN] [1788847460.913614911]: [planner][row1-debug] lane_shift skipped tgt=52 j=4 terminal=1 lateral=0.869: row5 keeps transition-lane turn[0m
[33m[WARN] [1788847460.914540351]: [planner][row1-debug] route=B_TO_A1 debug_rev=row1_aux_lane_to_a1_v2 src=53 tgt=101 src_corr=4 tgt_corr=1 target=(1.250,4.100 th=90.0deg) mode=auto terminal_reverse=0 near_gap=0.584 far_gap=0.304 horiz=0.000 min_x=0.676[0m
[33m[WARN] [1788847460.914856035]: [planner][row1-debug] initial_reverse tgt=101 same_corr=0 start_to_right=1 start_lane_y=0.429 forward_heading=0.0deg reverse_end_dir=(180.0deg) desired_end_x=0.957 actual_end=(0.957,0.429) reverse_origin=(2.119,0.994) curve_start=(2.119,0.768) curve_pts=56 direct_ok=1[0m
[33m[WARN] [1788847460.915106368]: [planner][row1-debug] row3lower 3to2 staged shift src=53 side=right lower=(1.375,1.550) upper=(1.375,1.830) bridge=(1.250,1.830) next=(1.250,2.670)[0m
[33m[WARN] [1788847460.915389875]: [planner][row1-debug] skeleton tgt=101 points=9 terminal_reverse=0 goal_lane_y=3.791 terminal_stop_y=4.100 final_ref_x=1.250[0m
[33m[WARN] [1788847460.915698198]: [planner][row1-debug] skeleton[0]=(0.957,0.429)[0m
[33m[WARN] [1788847460.915950200]: [planner][row1-debug] skeleton[1]=(1.375,0.429)[0m
[33m[WARN] [1788847460.916266511]: [planner][row1-debug] skeleton[2]=(1.375,1.830)[0m
[33m[WARN] [1788847460.916537312]: [planner][row1-debug] skeleton[3]=(1.250,1.830)[0m
[33m[WARN] [1788847460.916756256]: [planner][row1-debug] skeleton[4]=(1.250,2.950)[0m
[33m[WARN] [1788847460.916988641]: [planner][row1-debug] skeleton[5]=(1.865,2.950)[0m
[33m[WARN] [1788847460.917302460]: [planner][row1-debug] skeleton[6]=(1.865,3.791)[0m
[33m[WARN] [1788847460.917598975]: [planner][row1-debug] skeleton[7]=(1.250,3.791)[0m
[33m[WARN] [1788847460.917944561]: [planner][row1-debug] skeleton[8]=(1.250,4.301)[0m
[33m[WARN] [1788847460.918262203]: [planner][row1-debug] lane_shift accepted tgt=101 j=2 terminal=0 lateral=0.125 lead_in=0.600 lead_out=0.600 row3lower_3to2=1[0m
[33m[WARN] [1788847460.918499767]: [planner][row1-debug] lane_shift skipped tgt=101 j=4 row12 right-inner keeps clothoid/local-arc middle connector lateral=0.615[0m
[33m[WARN] [1788847460.918815319]: [planner][row1-debug] lane_shift skipped tgt=101 j=6 terminal A1 connector keeps full vertical segment[0m
[33m[WARN] [1788847460.922560092]: [planner][row1-debug] clothoid infeasible tgt=101 j=4 p=(1.250, 2.950) prev=(1.250, 1.830) next=(1.865, 2.950) prev_len=1.121 next_len=0.615 limit=0.329[0m
[33m[WARN] [1788847460.922737091]: [planner][row1-debug] clothoid infeasible tgt=101 j=5 p=(1.865, 2.950) prev=(1.250, 2.950) next=(1.865, 3.791) prev_len=0.615 next_len=0.840 limit=0.309[0m
[33m[WARN] [1788847460.922979329]: [planner][row1-debug] clothoid infeasible tgt=101 j=6 p=(1.865, 3.791) prev=(1.865, 2.950) next=(1.250, 3.791) prev_len=0.840 next_len=0.615 limit=0.245[0m
[33m[WARN] [1788847460.923227253]: [planner][row1-debug] clothoid infeasible tgt=101 j=7 p=(1.250, 3.791) prev=(1.865, 3.791) next=(1.250, 4.301) prev_len=0.615 next_len=0.511 limit=0.345[0m
[33m[WARN] [1788847460.923522903]: [planner][row1-debug] local arc fallback tgt=101 j=4 radius=0.277 max_radius=0.277 pts=45[0m
[33m[WARN] [1788847460.923874309]: [planner][row1-debug] local arc fallback tgt=101 j=5 radius=0.277 max_radius=0.277 pts=45[0m
[33m[WARN] [1788847460.924183174]: [planner][row1-debug] local arc fallback tgt=101 j=6 radius=0.277 max_radius=0.277 pts=45[0m
[33m[WARN] [1788847460.924437002]: [planner][row1-debug] local arc fallback tgt=101 j=7 radius=0.230 max_radius=0.230 pts=41[0m
[33m[WARN] [1788847460.924728018]: [planner][row1-debug] prepend enter src=53 row1_upper=0 raw_pts=154 a_rev=(2.119,0.920) b=(0.957,0.429) path_front=(0.957,0.429 0.0deg type=0)[0m
[33m[WARN] [1788847460.926293428]: [planner][row1-debug] route=B_TO_A1 debug_rev=row1_aux_lane_to_a1_v2 src=54 tgt=101 src_corr=3 tgt_corr=1 target=(1.250,4.100 th=90.0deg) mode=auto terminal_reverse=0 near_gap=0.584 far_gap=0.304 horiz=0.000 min_x=0.676[0m
[33m[WARN] [1788847460.926529484]: [planner][row1-debug] initial_reverse tgt=101 same_corr=0 start_to_right=1 start_lane_y=1.830 forward_heading=0.0deg reverse_end_dir=(180.0deg) desired_end_x=0.752 actual_end=(0.752,1.830) reverse_origin=(2.357,1.265) curve_start=(2.357,1.491) curve_pts=56 direct_ok=1[0m
[33m[WARN] [1788847460.926845409]: [planner][row1-debug] skeleton tgt=101 points=7 terminal_reverse=0 goal_lane_y=3.791 terminal_stop_y=4.100 final_ref_x=1.250[0m
[33m[WARN] [1788847460.927073091]: [planner][row1-debug] skeleton[0]=(0.752,1.830)[0m
[33m[WARN] [1788847460.927351370]: [planner][row1-debug] skeleton[1]=(1.250,1.830)[0m
[33m[WARN] [1788847460.927610931]: [planner][row1-debug] skeleton[2]=(1.250,2.950)[0m
[33m[WARN] [1788847460.927849212]: [planner][row1-debug] skeleton[3]=(1.865,2.950)[0m
[33m[WARN] [1788847460.928101487]: [planner][row1-debug] skeleton[4]=(1.865,3.791)[0m
[33m[WARN] [1788847460.928324486]: [planner][row1-debug] skeleton[5]=(1.250,3.791)[0m
[33m[WARN] [1788847460.928562602]: [planner][row1-debug] skeleton[6]=(1.250,4.301)[0m
[33m[WARN] [1788847460.928752789]: [planner][row1-debug] lane_shift too short tgt=101 j=1 terminal=0 lateral=1.121 need=1.508 avail=1.091[0m
[33m[WARN] [1788847460.928980986]: [planner][row1-debug] lane_shift skipped tgt=101 j=2 row12 right-inner keeps clothoid/local-arc middle connector lateral=0.615[0m
[33m[WARN] [1788847460.929262836]: [planner][row1-debug] lane_shift skipped tgt=101 j=4 terminal A1 connector keeps full vertical segment[0m
[33m[WARN] [1788847460.933066988]: [planner][row1-debug] clothoid infeasible tgt=101 j=2 p=(1.250, 2.950) prev=(1.250, 1.830) next=(1.865, 2.950) prev_len=1.121 next_len=0.615 limit=0.329[0m
[33m[WARN] [1788847460.933265974]: [planner][row1-debug] clothoid infeasible tgt=101 j=3 p=(1.865, 2.950) prev=(1.250, 2.950) next=(1.865, 3.791) prev_len=0.615 next_len=0.840 limit=0.309[0m
[33m[WARN] [1788847460.933458715]: [planner][row1-debug] clothoid infeasible tgt=101 j=4 p=(1.865, 3.791) prev=(1.865, 2.950) next=(1.250, 3.791) prev_len=0.840 next_len=0.615 limit=0.245[0m
[33m[WARN] [1788847460.933636378]: [planner][row1-debug] clothoid infeasible tgt=101 j=5 p=(1.250, 3.791) prev=(1.865, 3.791) next=(1.250, 4.301) prev_len=0.615 next_len=0.511 limit=0.345[0m
[33m[WARN] [1788847460.933908455]: [planner][row1-debug] local arc fallback tgt=101 j=2 radius=0.277 max_radius=0.277 pts=45[0m
[33m[WARN] [1788847460.934164037]: [planner][row1-debug] local arc fallback tgt=101 j=3 radius=0.277 max_radius=0.277 pts=45[0m
[33m[WARN] [1788847460.934389463]: [planner][row1-debug] local arc fallback tgt=101 j=4 radius=0.277 max_radius=0.277 pts=45[0m
[33m[WARN] [1788847460.934651661]: [planner][row1-debug] local arc fallback tgt=101 j=5 radius=0.230 max_radius=0.230 pts=41[0m
[33m[WARN] [1788847460.934936144]: [planner][row1-debug] prepend enter src=54 row1_upper=0 raw_pts=198 a_rev=(2.357,1.338) b=(0.752,1.830) path_front=(0.752,1.830 0.0deg type=0)[0m
[33m[WARN] [1788847460.935332560]: [planner][row1-debug] route=A1_TO_B src=101 tgt=54 src_corr=1 tgt_corr=3 target=(2.357,1.520 th=-90.0deg) mode=auto terminal_reverse=0 near_gap=0.211 far_gap=0.491 horiz=1.107 min_x=0.676[0m
[33m[WARN] [1788847460.935605744]: [planner][row1-debug] initial_reverse tgt=54 same_corr=0 start_to_right=1 start_lane_y=3.791 forward_heading=0.0deg reverse_end_dir=(180.0deg) desired_end_x=0.890 actual_end=(0.890,3.791) curve_start=(1.250,4.129) curve_pts=56 direct_ok=1[0m
[33m[WARN] [1788847460.935853656]: [planner][row1-debug] skeleton tgt=54 points=7 terminal_reverse=0 goal_lane_y=1.830 terminal_stop_y=1.520 final_ref_x=1.250[0m
[33m[WARN] [1788847460.936184301]: [planner][row1-debug] skeleton[0]=(0.890,3.791)[0m
[33m[WARN] [1788847460.936457310]: [planner][row1-debug] skeleton[1]=(2.155,3.791)[0m
[33m[WARN] [1788847460.936714375]: [planner][row1-debug] skeleton[2]=(2.155,2.950)[0m
[33m[WARN] [1788847460.937022095]: [planner][row1-debug] skeleton[3]=(1.250,2.950)[0m
[33m[WARN] [1788847460.937244681]: [planner][row1-debug] skeleton[4]=(1.250,1.830)[0m
[33m[WARN] [1788847460.937497306]: [planner][row1-debug] skeleton[5]=(2.357,1.830)[0m
[33m[WARN] [1788847460.937765111]: [planner][row1-debug] skeleton[6]=(2.357,1.338)[0m
[33m[WARN] [1788847460.938032022]: [planner][row1-debug] lane_shift rejected tgt=54 j=2 terminal=0 lateral=0.905 lead_in=0.472 lead_out=0.883[0m
[33m[WARN] [1788847460.938313591]: [planner][row1-debug] lane_shift skipped tgt=54 j=4 terminal=1 lateral=1.107: row5 keeps transition-lane turn[0m
[33m[WARN] [1788847460.939063430]: [planner][row1-debug] route=B_TO_A1 debug_rev=row1_aux_lane_to_a1_v2 src=55 tgt=101 src_corr=4 tgt_corr=1 target=(1.250,4.100 th=90.0deg) mode=auto terminal_reverse=0 near_gap=0.584 far_gap=0.304 horiz=0.000 min_x=0.676[0m
[33m[WARN] [1788847460.939374716]: [planner][row1-debug] initial_reverse tgt=101 same_corr=0 start_to_right=1 start_lane_y=0.429 forward_heading=0.0deg reverse_end_dir=(180.0deg) desired_end_x=0.957 actual_end=(0.957,0.429) reverse_origin=(2.357,0.994) curve_start=(2.357,0.768) curve_pts=56 direct_ok=1[0m
[33m[WARN] [1788847460.939620871]: [planner][row1-debug] row3lower 3to2 staged shift src=55 side=right lower=(1.375,1.550) upper=(1.375,1.830) bridge=(1.250,1.830) next=(1.250,2.670)[0m
[33m[WARN] [1788847460.939874114]: [planner][row1-debug] skeleton tgt=101 points=9 terminal_reverse=0 goal_lane_y=3.791 terminal_stop_y=4.100 final_ref_x=1.250[0m
[33m[WARN] [1788847460.940126700]: [planner][row1-debug] skeleton[0]=(0.957,0.429)[0m
[33m[WARN] [1788847460.940444468]: [planner][row1-debug] skeleton[1]=(1.375,0.429)[0m
[33m[WARN] [1788847460.940723958]: [planner][row1-debug] skeleton[2]=(1.375,1.830)[0m
[33m[WARN] [1788847460.940965713]: [planner][row1-debug] skeleton[3]=(1.250,1.830)[0m
[33m[WARN] [1788847460.941203359]: [planner][row1-debug] skeleton[4]=(1.250,2.950)[0m
[33m[WARN] [1788847460.941521454]: [planner][row1-debug] skeleton[5]=(1.865,2.950)[0m
[33m[WARN] [1788847460.941748375]: [planner][row1-debug] skeleton[6]=(1.865,3.791)[0m
[33m[WARN] [1788847460.942015228]: [planner][row1-debug] skeleton[7]=(1.250,3.791)[0m
[33m[WARN] [1788847460.942332919]: [planner][row1-debug] skeleton[8]=(1.250,4.301)[0m
[33m[WARN] [1788847460.942618305]: [planner][row1-debug] lane_shift accepted tgt=101 j=2 terminal=0 lateral=0.125 lead_in=0.600 lead_out=0.600 row3lower_3to2=1[0m
[33m[WARN] [1788847460.942926170]: [planner][row1-debug] lane_shift skipped tgt=101 j=4 row12 right-inner keeps clothoid/local-arc middle connector lateral=0.615[0m
[33m[WARN] [1788847460.943214082]: [planner][row1-debug] lane_shift skipped tgt=101 j=6 terminal A1 connector keeps full vertical segment[0m
[33m[WARN] [1788847460.946908854]: [planner][row1-debug] clothoid infeasible tgt=101 j=4 p=(1.250, 2.950) prev=(1.250, 1.830) next=(1.865, 2.950) prev_len=1.121 next_len=0.615 limit=0.329[0m
[33m[WARN] [1788847460.947192739]: [planner][row1-debug] clothoid infeasible tgt=101 j=5 p=(1.865, 2.950) prev=(1.250, 2.950) next=(1.865, 3.791) prev_len=0.615 next_len=0.840 limit=0.309[0m
[33m[WARN] [1788847460.947469502]: [planner][row1-debug] clothoid infeasible tgt=101 j=6 p=(1.865, 3.791) prev=(1.865, 2.950) next=(1.250, 3.791) prev_len=0.840 next_len=0.615 limit=0.245[0m
[33m[WARN] [1788847460.947747225]: [planner][row1-debug] clothoid infeasible tgt=101 j=7 p=(1.250, 3.791) prev=(1.865, 3.791) next=(1.250, 4.301) prev_len=0.615 next_len=0.511 limit=0.345[0m
[33m[WARN] [1788847460.948086928]: [planner][row1-debug] local arc fallback tgt=101 j=4 radius=0.277 max_radius=0.277 pts=45[0m
[33m[WARN] [1788847460.948343830]: [planner][row1-debug] local arc fallback tgt=101 j=5 radius=0.277 max_radius=0.277 pts=45[0m
[33m[WARN] [1788847460.948626556]: [planner][row1-debug] local arc fallback tgt=101 j=6 radius=0.277 max_radius=0.277 pts=45[0m
[33m[WARN] [1788847460.948886781]: [planner][row1-debug] local arc fallback tgt=101 j=7 radius=0.230 max_radius=0.230 pts=41[0m
[33m[WARN] [1788847460.949203220]: [planner][row1-debug] prepend enter src=55 row1_upper=0 raw_pts=178 a_rev=(2.357,0.920) b=(0.957,0.429) path_front=(0.957,0.429 0.0deg type=0)[0m
[33m[WARN] [1788847460.950319504]: [planner][row1-debug] route=B_TO_A1 debug_rev=row1_aux_lane_to_a1_v2 src=56 tgt=101 src_corr=4 tgt_corr=1 target=(1.250,4.100 th=90.0deg) mode=auto terminal_reverse=0 near_gap=0.584 far_gap=0.304 horiz=0.000 min_x=0.676[0m
[33m[WARN] [1788847460.950594773]: [planner][row1-debug] initial_reverse tgt=101 same_corr=0 start_to_right=0 start_lane_y=0.709 forward_heading=180.0deg reverse_end_dir=(0.0deg) desired_end_x=1.793 actual_end=(1.793,0.709) reverse_origin=(0.124,0.125) curve_start=(0.124,0.371) curve_pts=56 direct_ok=1[0m
[33m[WARN] [1788847460.950822755]: [planner][row1-debug] row3lower 3to2 staged shift src=56 side=left lower=(1.375,1.550) upper=(1.375,1.830) bridge=(1.250,1.830) next=(1.250,2.670)[0m
[33m[WARN] [1788847460.951071206]: [planner][row1-debug] skeleton tgt=101 points=9 terminal_reverse=0 goal_lane_y=3.791 terminal_stop_y=4.100 final_ref_x=1.250[0m
[33m[WARN] [1788847460.951323697]: [planner][row1-debug] skeleton[0]=(1.793,0.709)[0m
[33m[WARN] [1788847460.951603150]: [planner][row1-debug] skeleton[1]=(1.375,0.709)[0m
[33m[WARN] [1788847460.951880368]: [planner][row1-debug] skeleton[2]=(1.375,1.830)[0m
[33m[WARN] [1788847460.952196683]: [planner][row1-debug] skeleton[3]=(1.250,1.830)[0m
[33m[WARN] [1788847460.952497279]: [planner][row1-debug] skeleton[4]=(1.250,2.950)[0m
[33m[WARN] [1788847460.952744662]: [planner][row1-debug] skeleton[5]=(0.435,2.950)[0m
[33m[WARN] [1788847460.953017854]: [planner][row1-debug] skeleton[6]=(0.435,3.791)[0m
[33m[WARN] [1788847460.953316189]: [planner][row1-debug] skeleton[7]=(1.250,3.791)[0m
[33m[WARN] [1788847460.953604777]: [planner][row1-debug] skeleton[8]=(1.250,4.301)[0m
[33m[WARN] [1788847460.953812150]: [planner][row1-debug] lane_shift too short tgt=101 j=1 terminal=0 lateral=1.120 need=1.508 avail=0.532[0m
[33m[WARN] [1788847460.954060217]: [planner][row1-debug] lane_shift accepted tgt=101 j=2 terminal=0 lateral=0.125 lead_in=0.600 lead_out=0.600 row3lower_3to2=1[0m
[33m[WARN] [1788847460.954304829]: [planner][row1-debug] lane_shift rejected tgt=101 j=4 terminal=0 lateral=0.815 lead_in=0.643 lead_out=0.643[0m
[33m[WARN] [1788847460.954603074]: [planner][row1-debug] lane_shift skipped tgt=101 j=6 terminal A1 connector keeps full vertical segment[0m
[33m[WARN] [1788847460.958046342]: [planner][row1-debug] clothoid infeasible tgt=101 j=6 p=(0.435, 3.791) prev=(0.435, 2.950) next=(1.250, 3.791) prev_len=0.840 next_len=0.815 limit=0.332[0m
[33m[WARN] [1788847460.958332009]: [planner][row1-debug] local arc fallback tgt=101 j=6 radius=0.338 max_radius=0.367 pts=55[0m
[33m[WARN] [1788847460.958646201]: [planner][row1-debug] prepend enter src=56 row1_upper=0 raw_pts=207 a_rev=(0.124,0.199) b=(1.793,0.709) path_front=(1.793,0.709 180.0deg type=0)[0m
[33m[WARN] [1788847460.959088648]: [planner][row1-debug] route=A1_TO_B src=101 tgt=56 src_corr=1 tgt_corr=4 target=(0.124,0.400 th=-90.0deg) mode=auto terminal_reverse=0 near_gap=0.584 far_gap=0.304 horiz=1.251 min_x=0.676[0m
[33m[WARN] [1788847460.959378121]: [planner][row1-debug] initial_reverse tgt=56 same_corr=0 start_to_right=0 start_lane_y=3.791 forward_heading=180.0deg reverse_end_dir=(0.0deg) desired_end_x=1.610 actual_end=(1.610,3.791) curve_start=(1.250,4.129) curve_pts=56 direct_ok=1[0m
[33m[WARN] [1788847460.959655242]: [planner][row1-debug] skeleton tgt=56 points=9 terminal_reverse=0 goal_lane_y=0.709 terminal_stop_y=0.400 final_ref_x=1.375[0m
[33m[WARN] [1788847460.959938849]: [planner][row1-debug] skeleton[0]=(1.610,3.791)[0m
[33m[WARN] [1788847460.960193457]: [planner][row1-debug] skeleton[1]=(0.145,3.791)[0m
[33m[WARN] [1788847460.960407459]: [planner][row1-debug] skeleton[2]=(0.145,2.950)[0m
[33m[WARN] [1788847460.960705131]: [planner][row1-debug] skeleton[3]=(1.250,2.950)[0m
[33m[WARN] [1788847460.960953043]: [planner][row1-debug] skeleton[4]=(1.250,1.550)[0m
[33m[WARN] [1788847460.961247496]: [planner][row1-debug] skeleton[5]=(1.375,1.550)[0m
[33m[WARN] [1788847460.961496951]: [planner][row1-debug] skeleton[6]=(1.375,0.709)[0m
[33m[WARN] [1788847460.961710722]: [planner][row1-debug] skeleton[7]=(0.124,0.709)[0m
[33m[WARN] [1788847460.962014106]: [planner][row1-debug] skeleton[8]=(0.124,0.199)[0m
[33m[WARN] [1788847460.962276652]: [planner][row1-debug] lane_shift rejected tgt=56 j=2 terminal=0 lateral=1.105 lead_in=0.472 lead_out=1.025[0m
[33m[WARN] [1788847460.962570594]: [planner][row1-debug] lane_shift accepted tgt=56 j=4 terminal=0 lateral=0.125 lead_in=0.252 lead_out=0.252[0m
[33m[WARN] [1788847460.963601158]: [planner][row1-debug] route=B_TO_A1 debug_rev=row1_aux_lane_to_a1_v2 src=57 tgt=101 src_corr=4 tgt_corr=1 target=(1.250,4.100 th=90.0deg) mode=auto terminal_reverse=0 near_gap=0.584 far_gap=0.304 horiz=0.000 min_x=0.676[0m
[33m[WARN] [1788847460.963937640]: [planner][row1-debug] initial_reverse tgt=101 same_corr=0 start_to_right=0 start_lane_y=0.709 forward_heading=180.0deg reverse_end_dir=(0.0deg) desired_end_x=1.793 actual_end=(1.793,0.709) reverse_origin=(0.343,0.125) curve_start=(0.343,0.371) curve_pts=56 direct_ok=1[0m
[33m[WARN] [1788847460.964228608]: [planner][row1-debug] row3lower 3to2 staged shift src=57 side=left lower=(1.375,1.550) upper=(1.375,1.830) bridge=(1.250,1.830) next=(1.250,2.670)[0m
[33m[WARN] [1788847460.964548657]: [planner][row1-debug] skeleton tgt=101 points=9 terminal_reverse=0 goal_lane_y=3.791 terminal_stop_y=4.100 final_ref_x=1.250[0m
[33m[WARN] [1788847460.964848362]: [planner][row1-debug] skeleton[0]=(1.793,0.709)[0m
[33m[WARN] [1788847460.965078895]: [planner][row1-debug] skeleton[1]=(1.375,0.709)[0m
[33m[WARN] [1788847460.965387837]: [planner][row1-debug] skeleton[2]=(1.375,1.830)[0m
[33m[WARN] [1788847460.965630018]: [planner][row1-debug] skeleton[3]=(1.250,1.830)[0m
[33m[WARN] [1788847460.965879203]: [planner][row1-debug] skeleton[4]=(1.250,2.950)[0m
[33m[WARN] [1788847460.966092695]: [planner][row1-debug] skeleton[5]=(0.435,2.950)[0m
[33m[WARN] [1788847460.966333229]: [planner][row1-debug] skeleton[6]=(0.435,3.791)[0m
[33m[WARN] [1788847460.966580335]: [planner][row1-debug] skeleton[7]=(1.250,3.791)[0m
[33m[WARN] [1788847460.966847794]: [planner][row1-debug] skeleton[8]=(1.250,4.301)[0m
[33m[WARN] [1788847460.967139182]: [planner][row1-debug] lane_shift too short tgt=101 j=1 terminal=0 lateral=1.120 need=1.508 avail=0.532[0m
[33m[WARN] [1788847460.967395234]: [planner][row1-debug] lane_shift accepted tgt=101 j=2 terminal=0 lateral=0.125 lead_in=0.600 lead_out=0.600 row3lower_3to2=1[0m
[33m[WARN] [1788847460.967718041]: [planner][row1-debug] lane_shift rejected tgt=101 j=4 terminal=0 lateral=0.815 lead_in=0.643 lead_out=0.643[0m
[33m[WARN] [1788847460.967981791]: [planner][row1-debug] lane_shift skipped tgt=101 j=6 terminal A1 connector keeps full vertical segment[0m
[33m[WARN] [1788847460.971362924]: [planner][row1-debug] clothoid infeasible tgt=101 j=6 p=(0.435, 3.791) prev=(0.435, 2.950) next=(1.250, 3.791) prev_len=0.840 next_len=0.815 limit=0.332[0m
[33m[WARN] [1788847460.971631588]: [planner][row1-debug] local arc fallback tgt=101 j=6 radius=0.338 max_radius=0.367 pts=55[0m
[33m[WARN] [1788847460.971911128]: [planner][row1-debug] prepend enter src=57 row1_upper=0 raw_pts=185 a_rev=(0.343,0.199) b=(1.793,0.709) path_front=(1.793,0.709 180.0deg type=0)[0m
[33m[WARN] [1788847460.972359498]: [planner][row1-debug] route=A1_TO_B src=101 tgt=57 src_corr=1 tgt_corr=4 target=(0.343,0.400 th=-90.0deg) mode=auto terminal_reverse=0 near_gap=0.584 far_gap=0.304 horiz=1.032 min_x=0.676[0m
[33m[WARN] [1788847460.972632569]: [planner][row1-debug] initial_reverse tgt=57 same_corr=0 start_to_right=0 start_lane_y=3.791 forward_heading=180.0deg reverse_end_dir=(0.0deg) desired_end_x=1.610 actual_end=(1.610,3.791) curve_start=(1.250,4.129) curve_pts=56 direct_ok=1[0m
[33m[WARN] [1788847460.972891880]: [planner][row1-debug] skeleton tgt=57 points=9 terminal_reverse=0 goal_lane_y=0.709 terminal_stop_y=0.400 final_ref_x=1.375[0m
[33m[WARN] [1788847460.973262665]: [planner][row1-debug] skeleton[0]=(1.610,3.791)[0m
[33m[WARN] [1788847460.973504217]: [planner][row1-debug] skeleton[1]=(0.145,3.791)[0m
[33m[WARN] [1788847460.973747765]: [planner][row1-debug] skeleton[2]=(0.145,2.950)[0m
[33m[WARN] [1788847460.974084914]: [planner][row1-debug] skeleton[3]=(1.250,2.950)[0m
[33m[WARN] [1788847460.974393773]: [planner][row1-debug] skeleton[4]=(1.250,1.550)[0m
[33m[WARN] [1788847460.974732984]: [planner][row1-debug] skeleton[5]=(1.375,1.550)[0m
[33m[WARN] [1788847460.974981849]: [planner][row1-debug] skeleton[6]=(1.375,0.709)[0m
[33m[WARN] [1788847460.975342370]: [planner][row1-debug] skeleton[7]=(0.343,0.709)[0m
[33m[WARN] [1788847460.975710388]: [planner][row1-debug] skeleton[8]=(0.343,0.199)[0m
[33m[WARN] [1788847460.976010803]: [planner][row1-debug] lane_shift rejected tgt=57 j=2 terminal=0 lateral=1.105 lead_in=0.472 lead_out=1.025[0m
[33m[WARN] [1788847460.976276795]: [planner][row1-debug] lane_shift accepted tgt=57 j=4 terminal=0 lateral=0.125 lead_in=0.252 lead_out=0.252[0m
[33m[WARN] [1788847460.976613426]: [planner][row1-debug] lane_shift skipped tgt=57 j=6 terminal=1 lateral=1.032: row7 keeps first-lane terminal turn[0m
[33m[WARN] [1788847460.977656350]: [planner][row1-debug] route=B_TO_A1 debug_rev=row1_aux_lane_to_a1_v2 src=58 tgt=101 src_corr=4 tgt_corr=1 target=(1.250,4.100 th=90.0deg) mode=auto terminal_reverse=0 near_gap=0.584 far_gap=0.304 horiz=0.000 min_x=0.676[0m
[33m[WARN] [1788847460.977956456]: [planner][row1-debug] initial_reverse tgt=101 same_corr=0 start_to_right=0 start_lane_y=0.709 forward_heading=180.0deg reverse_end_dir=(0.0deg) desired_end_x=1.793 actual_end=(1.793,0.709) reverse_origin=(0.562,0.125) curve_start=(0.562,0.371) curve_pts=56 direct_ok=1[0m
[33m[WARN] [1788847460.978237060]: [planner][row1-debug] row3lower 3to2 staged shift src=58 side=left lower=(1.375,1.550) upper=(1.375,1.830) bridge=(1.250,1.830) next=(1.250,2.670)[0m
[33m[WARN] [1788847460.978492678]: [planner][row1-debug] skeleton tgt=101 points=9 terminal_reverse=0 goal_lane_y=3.791 terminal_stop_y=4.100 final_ref_x=1.250[0m
[33m[WARN] [1788847460.978794413]: [planner][row1-debug] skeleton[0]=(1.793,0.709)[0m
[33m[WARN] [1788847460.979089502]: [planner][row1-debug] skeleton[1]=(1.375,0.709)[0m
[33m[WARN] [1788847460.979347474]: [planner][row1-debug] skeleton[2]=(1.375,1.830)[0m
[33m[WARN] [1788847460.979559510]: [planner][row1-debug] skeleton[3]=(1.250,1.830)[0m
[33m[WARN] [1788847460.979800980]: [planner][row1-debug] skeleton[4]=(1.250,2.950)[0m
[33m[WARN] [1788847460.980093303]: [planner][row1-debug] skeleton[5]=(0.435,2.950)[0m
[33m[WARN] [1788847460.980388018]: [planner][row1-debug] skeleton[6]=(0.435,3.791)[0m
[33m[WARN] [1788847460.980651343]: [planner][row1-debug] skeleton[7]=(1.250,3.791)[0m
[33m[WARN] [1788847460.980960670]: [planner][row1-debug] skeleton[8]=(1.250,4.301)[0m
[33m[WARN] [1788847460.981243508]: [planner][row1-debug] lane_shift too short tgt=101 j=1 terminal=0 lateral=1.120 need=1.508 avail=0.532[0m
[33m[WARN] [1788847460.981478896]: [planner][row1-debug] lane_shift accepted tgt=101 j=2 terminal=0 lateral=0.125 lead_in=0.600 lead_out=0.600 row3lower_3to2=1[0m
[33m[WARN] [1788847460.981717658]: [planner][row1-debug] lane_shift rejected tgt=101 j=4 terminal=0 lateral=0.815 lead_in=0.643 lead_out=0.643[0m
[33m[WARN] [1788847460.981924666]: [planner][row1-debug] lane_shift skipped tgt=101 j=6 terminal A1 connector keeps full vertical segment[0m
[33m[WARN] [1788847460.985288567]: [planner][row1-debug] clothoid infeasible tgt=101 j=6 p=(0.435, 3.791) prev=(0.435, 2.950) next=(1.250, 3.791) prev_len=0.840 next_len=0.815 limit=0.332[0m
[33m[WARN] [1788847460.985606836]: [planner][row1-debug] local arc fallback tgt=101 j=6 radius=0.338 max_radius=0.367 pts=55[0m
[33m[WARN] [1788847460.985901042]: [planner][row1-debug] prepend enter src=58 row1_upper=0 raw_pts=163 a_rev=(0.562,0.199) b=(1.793,0.709) path_front=(1.793,0.709 180.0deg type=0)[0m
[33m[WARN] [1788847460.986546446]: [planner][row1-debug] route=A1_TO_B src=101 tgt=58 src_corr=1 tgt_corr=4 target=(0.562,0.400 th=-90.0deg) mode=auto terminal_reverse=0 near_gap=0.584 far_gap=0.304 horiz=0.812 min_x=0.676[0m
[33m[WARN] [1788847460.986851670]: [planner][row1-debug] initial_reverse tgt=58 same_corr=0 start_to_right=0 start_lane_y=3.791 forward_heading=180.0deg reverse_end_dir=(0.0deg) desired_end_x=1.610 actual_end=(1.610,3.791) curve_start=(1.250,4.129) curve_pts=56 direct_ok=1[0m
[33m[WARN] [1788847460.987123276]: [planner][row1-debug] skeleton tgt=58 points=9 terminal_reverse=0 goal_lane_y=0.709 terminal_stop_y=0.400 final_ref_x=1.375[0m
[33m[WARN] [1788847460.987424603]: [planner][row1-debug] skeleton[0]=(1.610,3.791)[0m
[33m[WARN] [1788847460.987741536]: [planner][row1-debug] skeleton[1]=(0.145,3.791)[0m
[33m[WARN] [1788847460.987995514]: [planner][row1-debug] skeleton[2]=(0.145,2.950)[0m
[33m[WARN] [1788847460.988266096]: [planner][row1-debug] skeleton[3]=(1.250,2.950)[0m
[33m[WARN] [1788847460.988583476]: [planner][row1-debug] skeleton[4]=(1.250,1.550)[0m
[33m[WARN] [1788847460.988918246]: [planner][row1-debug] skeleton[5]=(1.375,1.550)[0m
[33m[WARN] [1788847460.989221796]: [planner][row1-debug] skeleton[6]=(1.375,0.709)[0m
[33m[WARN] [1788847460.989574426]: [planner][row1-debug] skeleton[7]=(0.562,0.709)[0m
[33m[WARN] [1788847460.989901634]: [planner][row1-debug] skeleton[8]=(0.562,0.199)[0m
[33m[WARN] [1788847460.990217395]: [planner][row1-debug] lane_shift rejected tgt=58 j=2 terminal=0 lateral=1.105 lead_in=0.472 lead_out=1.025[0m
[33m[WARN] [1788847460.990546463]: [planner][row1-debug] lane_shift accepted tgt=58 j=4 terminal=0 lateral=0.125 lead_in=0.252 lead_out=0.252[0m
[33m[WARN] [1788847460.990846391]: [planner][row1-debug] lane_shift skipped tgt=58 j=6 terminal=1 lateral=0.812: row7 keeps first-lane terminal turn[0m
[33m[WARN] [1788847460.992356331]: [planner][row1-debug] route=B_TO_A1 debug_rev=row1_aux_lane_to_a1_v2 src=59 tgt=101 src_corr=4 tgt_corr=1 target=(1.250,4.100 th=90.0deg) mode=auto terminal_reverse=0 near_gap=0.584 far_gap=0.304 horiz=0.000 min_x=0.676[0m
[33m[WARN] [1788847460.992608743]: [planner][row1-debug] initial_reverse tgt=101 same_corr=0 start_to_right=0 start_lane_y=0.709 forward_heading=180.0deg reverse_end_dir=(0.0deg) desired_end_x=1.793 actual_end=(1.793,0.709) reverse_origin=(0.782,0.125) curve_start=(0.782,0.371) curve_pts=56 direct_ok=1[0m
[33m[WARN] [1788847460.992859548]: [planner][row1-debug] row3lower 3to2 staged shift src=59 side=left lower=(1.375,1.550) upper=(1.375,1.830) bridge=(1.250,1.830) next=(1.250,2.670)[0m
[33m[WARN] [1788847460.993068358]: [planner][row1-debug] skeleton tgt=101 points=9 terminal_reverse=0 goal_lane_y=3.791 terminal_stop_y=4.100 final_ref_x=1.250[0m
[33m[WARN] [1788847460.993292543]: [planner][row1-debug] skeleton[0]=(1.793,0.709)[0m
[33m[WARN] [1788847460.993517788]: [planner][row1-debug] skeleton[1]=(1.375,0.709)[0m
[33m[WARN] [1788847460.993707309]: [planner][row1-debug] skeleton[2]=(1.375,1.830)[0m
[33m[WARN] [1788847460.993955147]: [planner][row1-debug] skeleton[3]=(1.250,1.830)[0m
[33m[WARN] [1788847460.994172579]: [planner][row1-debug] skeleton[4]=(1.250,2.950)[0m
[33m[WARN] [1788847460.994425355]: [planner][row1-debug] skeleton[5]=(0.435,2.950)[0m
[33m[WARN] [1788847460.994615400]: [planner][row1-debug] skeleton[6]=(0.435,3.791)[0m
[33m[WARN] [1788847460.994818923]: [planner][row1-debug] skeleton[7]=(1.250,3.791)[0m
[33m[WARN] [1788847460.995077807]: [planner][row1-debug] skeleton[8]=(1.250,4.301)[0m
[33m[WARN] [1788847460.995260461]: [planner][row1-debug] lane_shift too short tgt=101 j=1 terminal=0 lateral=1.120 need=1.508 avail=0.532[0m
[33m[WARN] [1788847460.995508324]: [planner][row1-debug] lane_shift accepted tgt=101 j=2 terminal=0 lateral=0.125 lead_in=0.600 lead_out=0.600 row3lower_3to2=1[0m
[33m[WARN] [1788847460.995745246]: [planner][row1-debug] lane_shift rejected tgt=101 j=4 terminal=0 lateral=0.815 lead_in=0.643 lead_out=0.643[0m
[33m[WARN] [1788847460.996020579]: [planner][row1-debug] lane_shift skipped tgt=101 j=6 terminal A1 connector keeps full vertical segment[0m
[33m[WARN] [1788847460.999360985]: [planner][row1-debug] clothoid infeasible tgt=101 j=6 p=(0.435, 3.791) prev=(0.435, 2.950) next=(1.250, 3.791) prev_len=0.840 next_len=0.815 limit=0.332[0m
[33m[WARN] [1788847460.999707858]: [planner][row1-debug] local arc fallback tgt=101 j=6 radius=0.338 max_radius=0.367 pts=55[0m
[33m[WARN] [1788847461.000032146]: [planner][row1-debug] prepend enter src=59 row1_upper=0 raw_pts=141 a_rev=(0.782,0.199) b=(1.793,0.709) path_front=(1.793,0.709 180.0deg type=0)[0m
[33m[WARN] [1788847461.000469139]: [planner][row1-debug] route=A1_TO_B src=101 tgt=59 src_corr=1 tgt_corr=4 target=(0.782,0.400 th=-90.0deg) mode=auto terminal_reverse=0 near_gap=0.584 far_gap=0.304 horiz=0.593 min_x=0.676[0m
[33m[WARN] [1788847461.000751317]: [planner][row1-debug] initial_reverse tgt=59 same_corr=0 start_to_right=0 start_lane_y=3.791 forward_heading=180.0deg reverse_end_dir=(0.0deg) desired_end_x=1.610 actual_end=(1.610,3.791) curve_start=(1.250,4.129) curve_pts=56 direct_ok=1[0m
[33m[WARN] [1788847461.001140361]: [planner][row1-debug] center detour tgt=59 aux=(2.070,0.709) stage=(0.322,0.709) heading=0.0deg turn_pts=75[0m
[33m[WARN] [1788847461.001387807]: [planner][row1-debug] skeleton tgt=59 points=8 terminal_reverse=0 goal_lane_y=0.709 terminal_stop_y=0.400 final_ref_x=1.375[0m
[33m[WARN] [1788847461.001644265]: [planner][row1-debug] skeleton[0]=(1.610,3.791)[0m
[33m[WARN] [1788847461.001941088]: [planner][row1-debug] skeleton[1]=(0.145,3.791)[0m
[33m[WARN] [1788847461.002191560]: [planner][row1-debug] skeleton[2]=(0.145,2.950)[0m
[33m[WARN] [1788847461.002442607]: [planner][row1-debug] skeleton[3]=(1.250,2.950)[0m
[33m[WARN] [1788847461.002706904]: [planner][row1-debug] skeleton[4]=(1.250,1.550)[0m
[33m[WARN] [1788847461.002979212]: [planner][row1-debug] skeleton[5]=(1.375,1.550)[0m
[33m[WARN] [1788847461.003390104]: [planner][row1-debug] skeleton[6]=(1.375,0.709)[0m
[33m[WARN] [1788847461.003622901]: [planner][row1-debug] skeleton[7]=(2.070,0.709)[0m
[33m[WARN] [1788847461.003882965]: [planner][row1-debug] lane_shift rejected tgt=59 j=2 terminal=0 lateral=1.105 lead_in=0.472 lead_out=1.025[0m
[33m[WARN] [1788847461.004153440]: [planner][row1-debug] lane_shift accepted tgt=59 j=4 terminal=0 lateral=0.125 lead_in=0.252 lead_out=0.252[0m
[33m[WARN] [1788847461.005103454]: [planner][row1-debug] route=B_TO_A1 debug_rev=row1_aux_lane_to_a1_v2 src=60 tgt=101 src_corr=4 tgt_corr=1 target=(1.250,4.100 th=90.0deg) mode=auto terminal_reverse=0 near_gap=0.584 far_gap=0.304 horiz=0.000 min_x=0.676[0m
[33m[WARN] [1788847461.005383119]: [planner][row1-debug] initial_reverse tgt=101 same_corr=0 start_to_right=0 start_lane_y=0.709 forward_heading=180.0deg reverse_end_dir=(0.0deg) desired_end_x=1.793 actual_end=(1.793,0.709) reverse_origin=(1.001,0.125) curve_start=(1.001,0.371) curve_pts=56 direct_ok=1[0m
[33m[WARN] [1788847461.005718388]: [planner][row1-debug] row3lower 3to2 staged shift src=60 side=left lower=(1.375,1.550) upper=(1.375,1.830) bridge=(1.250,1.830) next=(1.250,2.670)[0m
[33m[WARN] [1788847461.005966672]: [planner][row1-debug] skeleton tgt=101 points=9 terminal_reverse=0 goal_lane_y=3.791 terminal_stop_y=4.100 final_ref_x=1.250[0m
[33m[WARN] [1788847461.006266886]: [planner][row1-debug] skeleton[0]=(1.793,0.709)[0m
[33m[WARN] [1788847461.006513345]: [planner][row1-debug] skeleton[1]=(1.375,0.709)[0m
[33m[WARN] [1788847461.006788181]: [planner][row1-debug] skeleton[2]=(1.375,1.830)[0m
[33m[WARN] [1788847461.007072451]: [planner][row1-debug] skeleton[3]=(1.250,1.830)[0m
[33m[WARN] [1788847461.007373013]: [planner][row1-debug] skeleton[4]=(1.250,2.950)[0m
[33m[WARN] [1788847461.007623158]: [planner][row1-debug] skeleton[5]=(0.435,2.950)[0m
[33m[WARN] [1788847461.007922568]: [planner][row1-debug] skeleton[6]=(0.435,3.791)[0m
[33m[WARN] [1788847461.008230735]: [planner][row1-debug] skeleton[7]=(1.250,3.791)[0m
[33m[WARN] [1788847461.008454804]: [planner][row1-debug] skeleton[8]=(1.250,4.301)[0m
[33m[WARN] [1788847461.008754946]: [planner][row1-debug] lane_shift too short tgt=101 j=1 terminal=0 lateral=1.120 need=1.508 avail=0.532[0m
[33m[WARN] [1788847461.009016120]: [planner][row1-debug] lane_shift accepted tgt=101 j=2 terminal=0 lateral=0.125 lead_in=0.600 lead_out=0.600 row3lower_3to2=1[0m
[33m[WARN] [1788847461.009303293]: [planner][row1-debug] lane_shift rejected tgt=101 j=4 terminal=0 lateral=0.815 lead_in=0.643 lead_out=0.643[0m
[33m[WARN] [1788847461.009556485]: [planner][row1-debug] lane_shift skipped tgt=101 j=6 terminal A1 connector keeps full vertical segment[0m
[33m[WARN] [1788847461.012784421]: [planner][row1-debug] clothoid infeasible tgt=101 j=6 p=(0.435, 3.791) prev=(0.435, 2.950) next=(1.250, 3.791) prev_len=0.840 next_len=0.815 limit=0.332[0m
[33m[WARN] [1788847461.013126985]: [planner][row1-debug] local arc fallback tgt=101 j=6 radius=0.338 max_radius=0.367 pts=55[0m
[33m[WARN] [1788847461.013420968]: [planner][row1-debug] prepend enter src=60 row1_upper=0 raw_pts=119 a_rev=(1.001,0.199) b=(1.793,0.709) path_front=(1.793,0.709 180.0deg type=0)[0m
[33m[WARN] [1788847461.013871831]: [planner][row1-debug] route=A1_TO_B src=101 tgt=60 src_corr=1 tgt_corr=4 target=(1.001,0.400 th=-90.0deg) mode=auto terminal_reverse=0 near_gap=0.584 far_gap=0.304 horiz=0.374 min_x=0.676[0m
[33m[WARN] [1788847461.014196215]: [planner][row1-debug] initial_reverse tgt=60 same_corr=0 start_to_right=0 start_lane_y=3.791 forward_heading=180.0deg reverse_end_dir=(0.0deg) desired_end_x=1.610 actual_end=(1.610,3.791) curve_start=(1.250,4.129) curve_pts=56 direct_ok=1[0m
[33m[WARN] [1788847461.014511750]: [planner][row1-debug] center detour tgt=60 aux=(2.070,0.709) stage=(0.541,0.709) heading=0.0deg turn_pts=75[0m
[33m[WARN] [1788847461.014782695]: [planner][row1-debug] skeleton tgt=60 points=8 terminal_reverse=0 goal_lane_y=0.709 terminal_stop_y=0.400 final_ref_x=1.375[0m
[33m[WARN] [1788847461.015078871]: [planner][row1-debug] skeleton[0]=(1.610,3.791)[0m
[33m[WARN] [1788847461.015313056]: [planner][row1-debug] skeleton[1]=(0.145,3.791)[0m
[33m[WARN] [1788847461.015552492]: [planner][row1-debug] skeleton[2]=(0.145,2.950)[0m
[33m[WARN] [1788847461.015805424]: [planner][row1-debug] skeleton[3]=(1.250,2.950)[0m
[33m[WARN] [1788847461.016028596]: [planner][row1-debug] skeleton[4]=(1.250,1.550)[0m
[33m[WARN] [1788847461.016309188]: [planner][row1-debug] skeleton[5]=(1.375,1.550)[0m
[33m[WARN] [1788847461.016627205]: [planner][row1-debug] skeleton[6]=(1.375,0.709)[0m
[33m[WARN] [1788847461.016936969]: [planner][row1-debug] skeleton[7]=(2.070,0.709)[0m
[33m[WARN] [1788847461.017229255]: [planner][row1-debug] lane_shift rejected tgt=60 j=2 terminal=0 lateral=1.105 lead_in=0.472 lead_out=1.025[0m
[33m[WARN] [1788847461.017465453]: [planner][row1-debug] lane_shift accepted tgt=60 j=4 terminal=0 lateral=0.125 lead_in=0.252 lead_out=0.252[0m
[33m[WARN] [1788847461.018403272]: [planner][row1-debug] route=B_TO_A1 debug_rev=row1_aux_lane_to_a1_v2 src=61 tgt=101 src_corr=4 tgt_corr=1 target=(1.250,4.100 th=90.0deg) mode=auto terminal_reverse=0 near_gap=0.584 far_gap=0.304 horiz=0.000 min_x=0.676[0m
[33m[WARN] [1788847461.018696942]: [planner][row1-debug] initial_reverse tgt=101 same_corr=0 start_to_right=1 start_lane_y=0.709 forward_heading=0.0deg reverse_end_dir=(180.0deg) desired_end_x=0.707 actual_end=(0.707,0.709) reverse_origin=(1.499,0.125) curve_start=(1.499,0.371) curve_pts=56 direct_ok=1[0m
[33m[WARN] [1788847461.018924923]: [planner][row1-debug] row3lower 3to2 staged shift src=61 side=right lower=(1.125,1.550) upper=(1.125,1.830) bridge=(1.250,1.830) next=(1.250,2.670)[0m
[33m[WARN] [1788847461.019181381]: [planner][row1-debug] skeleton tgt=101 points=9 terminal_reverse=0 goal_lane_y=3.791 terminal_stop_y=4.100 final_ref_x=1.250[0m
[33m[WARN] [1788847461.019383370]: [planner][row1-debug] skeleton[0]=(0.707,0.709)[0m
[33m[WARN] [1788847461.019616226]: [planner][row1-debug] skeleton[1]=(1.125,0.709)[0m
[33m[WARN] [1788847461.019883984]: [planner][row1-debug] skeleton[2]=(1.125,1.830)[0m
[33m[WARN] [1788847461.020158591]: [planner][row1-debug] skeleton[3]=(1.250,1.830)[0m
[33m[WARN] [1788847461.020355282]: [planner][row1-debug] skeleton[4]=(1.250,2.950)[0m
[33m[WARN] [1788847461.020614768]: [planner][row1-debug] skeleton[5]=(1.865,2.950)[0m
[33m[WARN] [1788847461.020969419]: [planner][row1-debug] skeleton[6]=(1.865,3.791)[0m
[33m[WARN] [1788847461.021360287]: [planner][row1-debug] skeleton[7]=(1.250,3.791)[0m
[33m[WARN] [1788847461.021677613]: [planner][row1-debug] skeleton[8]=(1.250,4.301)[0m
[33m[WARN] [1788847461.021925227]: [planner][row1-debug] lane_shift too short tgt=101 j=1 terminal=0 lateral=1.120 need=1.508 avail=0.532[0m
[33m[WARN] [1788847461.022217105]: [planner][row1-debug] lane_shift accepted tgt=101 j=2 terminal=0 lateral=0.125 lead_in=0.600 lead_out=0.600 row3lower_3to2=1[0m
[33m[WARN] [1788847461.022536888]: [planner][row1-debug] lane_shift skipped tgt=101 j=4 row12 right-inner keeps clothoid/local-arc middle connector lateral=0.615[0m
[33m[WARN] [1788847461.022856896]: [planner][row1-debug] lane_shift skipped tgt=101 j=6 terminal A1 connector keeps full vertical segment[0m
[33m[WARN] [1788847461.026618017]: [planner][row1-debug] clothoid infeasible tgt=101 j=4 p=(1.250, 2.950) prev=(1.250, 1.830) next=(1.865, 2.950) prev_len=1.121 next_len=0.615 limit=0.329[0m
[33m[WARN] [1788847461.026849004]: [planner][row1-debug] clothoid infeasible tgt=101 j=5 p=(1.865, 2.950) prev=(1.250, 2.950) next=(1.865, 3.791) prev_len=0.615 next_len=0.840 limit=0.309[0m
[33m[WARN] [1788847461.027055820]: [planner][row1-debug] clothoid infeasible tgt=101 j=6 p=(1.865, 3.791) prev=(1.865, 2.950) next=(1.250, 3.791) prev_len=0.840 next_len=0.615 limit=0.245[0m
[33m[WARN] [1788847461.027356246]: [planner][row1-debug] clothoid infeasible tgt=101 j=7 p=(1.250, 3.791) prev=(1.865, 3.791) next=(1.250, 4.301) prev_len=0.615 next_len=0.511 limit=0.345[0m
[33m[WARN] [1788847461.027627085]: [planner][row1-debug] local arc fallback tgt=101 j=4 radius=0.277 max_radius=0.277 pts=45[0m
[33m[WARN] [1788847461.027928689]: [planner][row1-debug] local arc fallback tgt=101 j=5 radius=0.277 max_radius=0.277 pts=45[0m
[33m[WARN] [1788847461.028261680]: [planner][row1-debug] local arc fallback tgt=101 j=6 radius=0.277 max_radius=0.277 pts=45[0m
[33m[WARN] [1788847461.028546321]: [planner][row1-debug] local arc fallback tgt=101 j=7 radius=0.230 max_radius=0.230 pts=41[0m
[33m[WARN] [1788847461.028846636]: [planner][row1-debug] prepend enter src=61 row1_upper=0 raw_pts=119 a_rev=(1.499,0.199) b=(0.707,0.709) path_front=(0.707,0.709 0.0deg type=0)[0m
[33m[WARN] [1788847461.029298878]: [planner][row1-debug] route=A1_TO_B src=101 tgt=61 src_corr=1 tgt_corr=4 target=(1.499,0.400 th=-90.0deg) mode=auto terminal_reverse=0 near_gap=0.304 far_gap=0.584 horiz=0.374 min_x=0.676[0m
[33m[WARN] [1788847461.029675103]: [planner][row1-debug] initial_reverse tgt=61 same_corr=0 start_to_right=1 start_lane_y=3.791 forward_heading=0.0deg reverse_end_dir=(180.0deg) desired_end_x=0.890 actual_end=(0.890,3.791) curve_start=(1.250,4.129) curve_pts=56 direct_ok=1[0m
[33m[WARN] [1788847461.030012675]: [planner][row1-debug] center detour tgt=61 aux=(0.430,0.709) stage=(1.959,0.709) heading=180.0deg turn_pts=75[0m
[33m[WARN] [1788847461.030351050]: [planner][row1-debug] skeleton tgt=61 points=8 terminal_reverse=0 goal_lane_y=0.709 terminal_stop_y=0.400 final_ref_x=1.125[0m
[33m[WARN] [1788847461.030683420]: [planner][row1-debug] skeleton[0]=(0.890,3.791)[0m
[33m[WARN] [1788847461.030973701]: [planner][row1-debug] skeleton[1]=(2.155,3.791)[0m
[33m[WARN] [1788847461.031455645]: [planner][row1-debug] skeleton[2]=(2.155,2.950)[0m
[33m[WARN] [1788847461.031794743]: [planner][row1-debug] skeleton[3]=(1.250,2.950)[0m
[33m[WARN] [1788847461.032142624]: [planner][row1-debug] skeleton[4]=(1.250,1.550)[0m
[33m[WARN] [1788847461.032386419]: [planner][row1-debug] skeleton[5]=(1.125,1.550)[0m
[33m[WARN] [1788847461.032679957]: [planner][row1-debug] skeleton[6]=(1.125,0.709)[0m
[33m[WARN] [1788847461.032990262]: [planner][row1-debug] skeleton[7]=(0.430,0.709)[0m
[33m[WARN] [1788847461.033300609]: [planner][row1-debug] lane_shift rejected tgt=61 j=2 terminal=0 lateral=0.905 lead_in=0.472 lead_out=0.883[0m
[33m[WARN] [1788847461.033616295]: [planner][row1-debug] lane_shift accepted tgt=61 j=4 terminal=0 lateral=0.125 lead_in=0.252 lead_out=0.252[0m
[33m[WARN] [1788847461.034443126]: [planner][row1-debug] route=B_TO_A1 debug_rev=row1_aux_lane_to_a1_v2 src=62 tgt=101 src_corr=4 tgt_corr=1 target=(1.250,4.100 th=90.0deg) mode=auto terminal_reverse=0 near_gap=0.584 far_gap=0.304 horiz=0.000 min_x=0.676[0m
[33m[WARN] [1788847461.034761259]: [planner][row1-debug] initial_reverse tgt=101 same_corr=0 start_to_right=1 start_lane_y=0.709 forward_heading=0.0deg reverse_end_dir=(180.0deg) desired_end_x=0.707 actual_end=(0.707,0.709) reverse_origin=(1.718,0.125) curve_start=(1.718,0.371) curve_pts=56 direct_ok=1[0m
[33m[WARN] [1788847461.035077417]: [planner][row1-debug] row3lower 3to2 staged shift src=62 side=right lower=(1.125,1.550) upper=(1.125,1.830) bridge=(1.250,1.830) next=(1.250,2.670)[0m
[33m[WARN] [1788847461.035340763]: [planner][row1-debug] skeleton tgt=101 points=9 terminal_reverse=0 goal_lane_y=3.791 terminal_stop_y=4.100 final_ref_x=1.250[0m
[33m[WARN] [1788847461.035724935]: [planner][row1-debug] skeleton[0]=(0.707,0.709)[0m
[33m[WARN] [1788847461.036026796]: [planner][row1-debug] skeleton[1]=(1.125,0.709)[0m
[33m[WARN] [1788847461.036335534]: [planner][row1-debug] skeleton[2]=(1.125,1.830)[0m
[33m[WARN] [1788847461.036627172]: [planner][row1-debug] skeleton[3]=(1.250,1.830)[0m
[33m[WARN] [1788847461.036953546]: [planner][row1-debug] skeleton[4]=(1.250,2.950)[0m
[33m[WARN] [1788847461.037236696]: [planner][row1-debug] skeleton[5]=(1.865,2.950)[0m
[33m[WARN] [1788847461.037530657]: [planner][row1-debug] skeleton[6]=(1.865,3.791)[0m
[33m[WARN] [1788847461.037858512]: [planner][row1-debug] skeleton[7]=(1.250,3.791)[0m
[33m[WARN] [1788847461.038132616]: [planner][row1-debug] skeleton[8]=(1.250,4.301)[0m
[33m[WARN] [1788847461.038446416]: [planner][row1-debug] lane_shift too short tgt=101 j=1 terminal=0 lateral=1.120 need=1.508 avail=0.532[0m
[33m[WARN] [1788847461.038760842]: [planner][row1-debug] lane_shift accepted tgt=101 j=2 terminal=0 lateral=0.125 lead_in=0.600 lead_out=0.600 row3lower_3to2=1[0m
[33m[WARN] [1788847461.039058494]: [planner][row1-debug] lane_shift skipped tgt=101 j=4 row12 right-inner keeps clothoid/local-arc middle connector lateral=0.615[0m
[33m[WARN] [1788847461.039384598]: [planner][row1-debug] lane_shift skipped tgt=101 j=6 terminal A1 connector keeps full vertical segment[0m
[33m[WARN] [1788847461.043240920]: [planner][row1-debug] clothoid infeasible tgt=101 j=4 p=(1.250, 2.950) prev=(1.250, 1.830) next=(1.865, 2.950) prev_len=1.121 next_len=0.615 limit=0.329[0m
[33m[WARN] [1788847461.043486271]: [planner][row1-debug] clothoid infeasible tgt=101 j=5 p=(1.865, 2.950) prev=(1.250, 2.950) next=(1.865, 3.791) prev_len=0.615 next_len=0.840 limit=0.309[0m
[33m[WARN] [1788847461.043658242]: [planner][row1-debug] clothoid infeasible tgt=101 j=6 p=(1.865, 3.791) prev=(1.865, 2.950) next=(1.250, 3.791) prev_len=0.840 next_len=0.615 limit=0.245[0m
[33m[WARN] [1788847461.043887796]: [planner][row1-debug] clothoid infeasible tgt=101 j=7 p=(1.250, 3.791) prev=(1.865, 3.791) next=(1.250, 4.301) prev_len=0.615 next_len=0.511 limit=0.345[0m
[33m[WARN] [1788847461.044193276]: [planner][row1-debug] local arc fallback tgt=101 j=4 radius=0.277 max_radius=0.277 pts=45[0m
[33m[WARN] [1788847461.044494255]: [planner][row1-debug] local arc fallback tgt=101 j=5 radius=0.277 max_radius=0.277 pts=45[0m
[33m[WARN] [1788847461.044742881]: [planner][row1-debug] local arc fallback tgt=101 j=6 radius=0.277 max_radius=0.277 pts=45[0m
[33m[WARN] [1788847461.044987525]: [planner][row1-debug] local arc fallback tgt=101 j=7 radius=0.230 max_radius=0.230 pts=41[0m
[33m[WARN] [1788847461.045225756]: [planner][row1-debug] prepend enter src=62 row1_upper=0 raw_pts=141 a_rev=(1.718,0.199) b=(0.707,0.709) path_front=(0.707,0.709 0.0deg type=0)[0m
[33m[WARN] [1788847461.045630622]: [planner][row1-debug] route=A1_TO_B src=101 tgt=62 src_corr=1 tgt_corr=4 target=(1.718,0.400 th=-90.0deg) mode=auto terminal_reverse=0 near_gap=0.304 far_gap=0.584 horiz=0.593 min_x=0.676[0m
[33m[WARN] [1788847461.045847784]: [planner][row1-debug] initial_reverse tgt=62 same_corr=0 start_to_right=1 start_lane_y=3.791 forward_heading=0.0deg reverse_end_dir=(180.0deg) desired_end_x=0.890 actual_end=(0.890,3.791) curve_start=(1.250,4.129) curve_pts=56 direct_ok=1[0m
[33m[WARN] [1788847461.046135358]: [planner][row1-debug] center detour tgt=62 aux=(0.430,0.709) stage=(2.178,0.709) heading=180.0deg turn_pts=75[0m
[33m[WARN] [1788847461.046374022]: [planner][row1-debug] skeleton tgt=62 points=8 terminal_reverse=0 goal_lane_y=0.709 terminal_stop_y=0.400 final_ref_x=1.125[0m
[33m[WARN] [1788847461.046610243]: [planner][row1-debug] skeleton[0]=(0.890,3.791)[0m
[33m[WARN] [1788847461.046848462]: [planner][row1-debug] skeleton[1]=(2.155,3.791)[0m
[33m[WARN] [1788847461.047125355]: [planner][row1-debug] skeleton[2]=(2.155,2.950)[0m
[33m[WARN] [1788847461.047403659]: [planner][row1-debug] skeleton[3]=(1.250,2.950)[0m
[33m[WARN] [1788847461.047646605]: [planner][row1-debug] skeleton[4]=(1.250,1.550)[0m
[33m[WARN] [1788847461.047939724]: [planner][row1-debug] skeleton[5]=(1.125,1.550)[0m
[33m[WARN] [1788847461.048204363]: [planner][row1-debug] skeleton[6]=(1.125,0.709)[0m
[33m[WARN] [1788847461.048479493]: [planner][row1-debug] skeleton[7]=(0.430,0.709)[0m
[33m[WARN] [1788847461.048732614]: [planner][row1-debug] lane_shift rejected tgt=62 j=2 terminal=0 lateral=0.905 lead_in=0.472 lead_out=0.883[0m
[33m[WARN] [1788847461.049025421]: [planner][row1-debug] lane_shift accepted tgt=62 j=4 terminal=0 lateral=0.125 lead_in=0.252 lead_out=0.252[0m
[33m[WARN] [1788847461.049776117]: [planner][row1-debug] route=B_TO_A1 debug_rev=row1_aux_lane_to_a1_v2 src=63 tgt=101 src_corr=4 tgt_corr=1 target=(1.250,4.100 th=90.0deg) mode=auto terminal_reverse=0 near_gap=0.584 far_gap=0.304 horiz=0.000 min_x=0.676[0m
[33m[WARN] [1788847461.050046880]: [planner][row1-debug] initial_reverse tgt=101 same_corr=0 start_to_right=1 start_lane_y=0.709 forward_heading=0.0deg reverse_end_dir=(180.0deg) desired_end_x=0.707 actual_end=(0.707,0.709) reverse_origin=(1.938,0.125) curve_start=(1.938,0.371) curve_pts=56 direct_ok=1[0m
[33m[WARN] [1788847461.050330045]: [planner][row1-debug] row3lower 3to2 staged shift src=63 side=right lower=(1.125,1.550) upper=(1.125,1.830) bridge=(1.250,1.830) next=(1.250,2.670)[0m
[33m[WARN] [1788847461.050655874]: [planner][row1-debug] skeleton tgt=101 points=9 terminal_reverse=0 goal_lane_y=3.791 terminal_stop_y=4.100 final_ref_x=1.250[0m
[33m[WARN] [1788847461.050895895]: [planner][row1-debug] skeleton[0]=(0.707,0.709)[0m
[33m[WARN] [1788847461.051202758]: [planner][row1-debug] skeleton[1]=(1.125,0.709)[0m
[33m[WARN] [1788847461.051442626]: [planner][row1-debug] skeleton[2]=(1.125,1.830)[0m
[33m[WARN] [1788847461.051674884]: [planner][row1-debug] skeleton[3]=(1.250,1.830)[0m
[33m[WARN] [1788847461.051931650]: [planner][row1-debug] skeleton[4]=(1.250,2.950)[0m
[33m[WARN] [1788847461.052205796]: [planner][row1-debug] skeleton[5]=(1.865,2.950)[0m
[33m[WARN] [1788847461.052503613]: [planner][row1-debug] skeleton[6]=(1.865,3.791)[0m
[33m[WARN] [1788847461.052766835]: [planner][row1-debug] skeleton[7]=(1.250,3.791)[0m
[33m[WARN] [1788847461.053048282]: [planner][row1-debug] skeleton[8]=(1.250,4.301)[0m
[33m[WARN] [1788847461.053267574]: [planner][row1-debug] lane_shift too short tgt=101 j=1 terminal=0 lateral=1.120 need=1.508 avail=0.532[0m
[33m[WARN] [1788847461.053546698]: [planner][row1-debug] lane_shift accepted tgt=101 j=2 terminal=0 lateral=0.125 lead_in=0.600 lead_out=0.600 row3lower_3to2=1[0m
[33m[WARN] [1788847461.053806083]: [planner][row1-debug] lane_shift skipped tgt=101 j=4 row12 right-inner keeps clothoid/local-arc middle connector lateral=0.615[0m
[33m[WARN] [1788847461.054049404]: [planner][row1-debug] lane_shift skipped tgt=101 j=6 terminal A1 connector keeps full vertical segment[0m
[33m[WARN] [1788847461.057539306]: [planner][row1-debug] clothoid infeasible tgt=101 j=4 p=(1.250, 2.950) prev=(1.250, 1.830) next=(1.865, 2.950) prev_len=1.121 next_len=0.615 limit=0.329[0m
[33m[WARN] [1788847461.057773366]: [planner][row1-debug] clothoid infeasible tgt=101 j=5 p=(1.865, 2.950) prev=(1.250, 2.950) next=(1.865, 3.791) prev_len=0.615 next_len=0.840 limit=0.309[0m
[33m[WARN] [1788847461.057961443]: [planner][row1-debug] clothoid infeasible tgt=101 j=6 p=(1.865, 3.791) prev=(1.865, 2.950) next=(1.250, 3.791) prev_len=0.840 next_len=0.615 limit=0.245[0m
[33m[WARN] [1788847461.058159599]: [planner][row1-debug] clothoid infeasible tgt=101 j=7 p=(1.250, 3.791) prev=(1.865, 3.791) next=(1.250, 4.301) prev_len=0.615 next_len=0.511 limit=0.345[0m
[33m[WARN] [1788847461.058379478]: [planner][row1-debug] local arc fallback tgt=101 j=4 radius=0.277 max_radius=0.277 pts=45[0m
[33m[WARN] [1788847461.058601631]: [planner][row1-debug] local arc fallback tgt=101 j=5 radius=0.277 max_radius=0.277 pts=45[0m
[33m[WARN] [1788847461.058824003]: [planner][row1-debug] local arc fallback tgt=101 j=6 radius=0.277 max_radius=0.277 pts=45[0m
[33m[WARN] [1788847461.059065404]: [planner][row1-debug] local arc fallback tgt=101 j=7 radius=0.230 max_radius=0.230 pts=41[0m
[33m[WARN] [1788847461.059328943]: [planner][row1-debug] prepend enter src=63 row1_upper=0 raw_pts=163 a_rev=(1.938,0.199) b=(0.707,0.709) path_front=(0.707,0.709 0.0deg type=0)[0m
[33m[WARN] [1788847461.059649292]: [planner][row1-debug] route=A1_TO_B src=101 tgt=63 src_corr=1 tgt_corr=4 target=(1.938,0.400 th=-90.0deg) mode=auto terminal_reverse=0 near_gap=0.304 far_gap=0.584 horiz=0.812 min_x=0.676[0m
[33m[WARN] [1788847461.059914972]: [planner][row1-debug] initial_reverse tgt=63 same_corr=0 start_to_right=1 start_lane_y=3.791 forward_heading=0.0deg reverse_end_dir=(180.0deg) desired_end_x=0.890 actual_end=(0.890,3.791) curve_start=(1.250,4.129) curve_pts=56 direct_ok=1[0m
[33m[WARN] [1788847461.060242920]: [planner][row1-debug] skeleton tgt=63 points=9 terminal_reverse=0 goal_lane_y=0.709 terminal_stop_y=0.400 final_ref_x=1.125[0m
[33m[WARN] [1788847461.060572538]: [planner][row1-debug] skeleton[0]=(0.890,3.791)[0m
[33m[WARN] [1788847461.060855456]: [planner][row1-debug] skeleton[1]=(2.155,3.791)[0m
[33m[WARN] [1788847461.061226084]: [planner][row1-debug] skeleton[2]=(2.155,2.950)[0m
[33m[WARN] [1788847461.061654290]: [planner][row1-debug] skeleton[3]=(1.250,2.950)[0m
[33m[WARN] [1788847461.061938704]: [planner][row1-debug] skeleton[4]=(1.250,1.550)[0m
[33m[WARN] [1788847461.062256434]: [planner][row1-debug] skeleton[5]=(1.125,1.550)[0m
[33m[WARN] [1788847461.062536992]: [planner][row1-debug] skeleton[6]=(1.125,0.709)[0m
[33m[WARN] [1788847461.062860754]: [planner][row1-debug] skeleton[7]=(1.938,0.709)[0m
[33m[WARN] [1788847461.063209890]: [planner][row1-debug] skeleton[8]=(1.938,0.199)[0m
[33m[WARN] [1788847461.063488616]: [planner][row1-debug] lane_shift rejected tgt=63 j=2 terminal=0 lateral=0.905 lead_in=0.472 lead_out=0.883[0m
[33m[WARN] [1788847461.063828129]: [planner][row1-debug] lane_shift accepted tgt=63 j=4 terminal=0 lateral=0.125 lead_in=0.252 lead_out=0.252[0m
[33m[WARN] [1788847461.064138439]: [planner][row1-debug] lane_shift skipped tgt=63 j=6 terminal=1 lateral=0.812: row7 keeps first-lane terminal turn[0m
[33m[WARN] [1788847461.065261737]: [planner][row1-debug] route=B_TO_A1 debug_rev=row1_aux_lane_to_a1_v2 src=64 tgt=101 src_corr=4 tgt_corr=1 target=(1.250,4.100 th=90.0deg) mode=auto terminal_reverse=0 near_gap=0.584 far_gap=0.304 horiz=0.000 min_x=0.676[0m
[33m[WARN] [1788847461.065552968]: [planner][row1-debug] initial_reverse tgt=101 same_corr=0 start_to_right=1 start_lane_y=0.709 forward_heading=0.0deg reverse_end_dir=(180.0deg) desired_end_x=0.707 actual_end=(0.707,0.709) reverse_origin=(2.157,0.125) curve_start=(2.157,0.371) curve_pts=56 direct_ok=1[0m
[33m[WARN] [1788847461.065861048]: [planner][row1-debug] row3lower 3to2 staged shift src=64 side=right lower=(1.125,1.550) upper=(1.125,1.830) bridge=(1.250,1.830) next=(1.250,2.670)[0m
[33m[WARN] [1788847461.066180364]: [planner][row1-debug] skeleton tgt=101 points=9 terminal_reverse=0 goal_lane_y=3.791 terminal_stop_y=4.100 final_ref_x=1.250[0m
[33m[WARN] [1788847461.066487274]: [planner][row1-debug] skeleton[0]=(0.707,0.709)[0m
[33m[WARN] [1788847461.066740969]: [planner][row1-debug] skeleton[1]=(1.125,0.709)[0m
[33m[WARN] [1788847461.066983477]: [planner][row1-debug] skeleton[2]=(1.125,1.830)[0m
[33m[WARN] [1788847461.067290917]: [planner][row1-debug] skeleton[3]=(1.250,1.830)[0m
[33m[WARN] [1788847461.067615695]: [planner][row1-debug] skeleton[4]=(1.250,2.950)[0m
[33m[WARN] [1788847461.067925311]: [planner][row1-debug] skeleton[5]=(1.865,2.950)[0m
[33m[WARN] [1788847461.068198686]: [planner][row1-debug] skeleton[6]=(1.865,3.791)[0m
[33m[WARN] [1788847461.068498563]: [planner][row1-debug] skeleton[7]=(1.250,3.791)[0m
[33m[WARN] [1788847461.068765796]: [planner][row1-debug] skeleton[8]=(1.250,4.301)[0m
[33m[WARN] [1788847461.069109993]: [planner][row1-debug] lane_shift too short tgt=101 j=1 terminal=0 lateral=1.120 need=1.508 avail=0.532[0m
[33m[WARN] [1788847461.069442104]: [planner][row1-debug] lane_shift accepted tgt=101 j=2 terminal=0 lateral=0.125 lead_in=0.600 lead_out=0.600 row3lower_3to2=1[0m
[33m[WARN] [1788847461.069774667]: [planner][row1-debug] lane_shift skipped tgt=101 j=4 row12 right-inner keeps clothoid/local-arc middle connector lateral=0.615[0m
[33m[WARN] [1788847461.069987938]: [planner][row1-debug] lane_shift skipped tgt=101 j=6 terminal A1 connector keeps full vertical segment[0m
[33m[WARN] [1788847461.073581981]: [planner][row1-debug] clothoid infeasible tgt=101 j=4 p=(1.250, 2.950) prev=(1.250, 1.830) next=(1.865, 2.950) prev_len=1.121 next_len=0.615 limit=0.329[0m
[33m[WARN] [1788847461.073839799]: [planner][row1-debug] clothoid infeasible tgt=101 j=5 p=(1.865, 2.950) prev=(1.250, 2.950) next=(1.865, 3.791) prev_len=0.615 next_len=0.840 limit=0.309[0m
[33m[WARN] [1788847461.074065942]: [planner][row1-debug] clothoid infeasible tgt=101 j=6 p=(1.865, 3.791) prev=(1.865, 2.950) next=(1.250, 3.791) prev_len=0.840 next_len=0.615 limit=0.245[0m
[33m[WARN] [1788847461.074313690]: [planner][row1-debug] clothoid infeasible tgt=101 j=7 p=(1.250, 3.791) prev=(1.865, 3.791) next=(1.250, 4.301) prev_len=0.615 next_len=0.511 limit=0.345[0m
[33m[WARN] [1788847461.074614799]: [planner][row1-debug] local arc fallback tgt=101 j=4 radius=0.277 max_radius=0.277 pts=45[0m
[33m[WARN] [1788847461.074823967]: [planner][row1-debug] local arc fallback tgt=101 j=5 radius=0.277 max_radius=0.277 pts=45[0m
[33m[WARN] [1788847461.075085972]: [planner][row1-debug] local arc fallback tgt=101 j=6 radius=0.277 max_radius=0.277 pts=45[0m
[33m[WARN] [1788847461.075376439]: [planner][row1-debug] local arc fallback tgt=101 j=7 radius=0.230 max_radius=0.230 pts=41[0m
[33m[WARN] [1788847461.075674135]: [planner][row1-debug] prepend enter src=64 row1_upper=0 raw_pts=185 a_rev=(2.157,0.199) b=(0.707,0.709) path_front=(0.707,0.709 0.0deg type=0)[0m
[33m[WARN] [1788847461.076107149]: [planner][row1-debug] route=A1_TO_B src=101 tgt=64 src_corr=1 tgt_corr=4 target=(2.157,0.400 th=-90.0deg) mode=auto terminal_reverse=0 near_gap=0.304 far_gap=0.584 horiz=1.032 min_x=0.676[0m
[33m[WARN] [1788847461.076365777]: [planner][row1-debug] initial_reverse tgt=64 same_corr=0 start_to_right=1 start_lane_y=3.791 forward_heading=0.0deg reverse_end_dir=(180.0deg) desired_end_x=0.890 actual_end=(0.890,3.791) curve_start=(1.250,4.129) curve_pts=56 direct_ok=1[0m
[33m[WARN] [1788847461.076584637]: [planner][row1-debug] skeleton tgt=64 points=9 terminal_reverse=0 goal_lane_y=0.709 terminal_stop_y=0.400 final_ref_x=1.125[0m
[33m[WARN] [1788847461.076861113]: [planner][row1-debug] skeleton[0]=(0.890,3.791)[0m
[33m[WARN] [1788847461.077145688]: [planner][row1-debug] skeleton[1]=(2.155,3.791)[0m
[33m[WARN] [1788847461.077508647]: [planner][row1-debug] skeleton[2]=(2.155,2.950)[0m
[33m[WARN] [1788847461.077745465]: [planner][row1-debug] skeleton[3]=(1.250,2.950)[0m
[33m[WARN] [1788847461.078093873]: [planner][row1-debug] skeleton[4]=(1.250,1.550)[0m
[33m[WARN] [1788847461.078430138]: [planner][row1-debug] skeleton[5]=(1.125,1.550)[0m
[33m[WARN] [1788847461.078591772]: [planner][row1-debug] skeleton[6]=(1.125,0.709)[0m
[33m[WARN] [1788847461.078779985]: [planner][row1-debug] skeleton[7]=(2.157,0.709)[0m
[33m[WARN] [1788847461.079029285]: [planner][row1-debug] skeleton[8]=(2.157,0.199)[0m
[33m[WARN] [1788847461.079322505]: [planner][row1-debug] lane_shift rejected tgt=64 j=2 terminal=0 lateral=0.905 lead_in=0.472 lead_out=0.883[0m
[33m[WARN] [1788847461.079640669]: [planner][row1-debug] lane_shift accepted tgt=64 j=4 terminal=0 lateral=0.125 lead_in=0.252 lead_out=0.252[0m
[33m[WARN] [1788847461.079857317]: [planner][row1-debug] lane_shift skipped tgt=64 j=6 terminal=1 lateral=1.032: row7 keeps first-lane terminal turn[0m
[33m[WARN] [1788847461.080560932]: [planner][row1-debug] route=B_TO_A1 debug_rev=row1_aux_lane_to_a1_v2 src=65 tgt=101 src_corr=4 tgt_corr=1 target=(1.250,4.100 th=90.0deg) mode=auto terminal_reverse=0 near_gap=0.584 far_gap=0.304 horiz=0.000 min_x=0.676[0m
[33m[WARN] [1788847461.080803509]: [planner][row1-debug] initial_reverse tgt=101 same_corr=0 start_to_right=1 start_lane_y=0.709 forward_heading=0.0deg reverse_end_dir=(180.0deg) desired_end_x=0.707 actual_end=(0.707,0.709) reverse_origin=(2.376,0.125) curve_start=(2.376,0.371) curve_pts=56 direct_ok=1[0m
[33m[WARN] [1788847461.081068116]: [planner][row1-debug] row3lower 3to2 staged shift src=65 side=right lower=(1.125,1.550) upper=(1.125,1.830) bridge=(1.250,1.830) next=(1.250,2.670)[0m
[33m[WARN] [1788847461.081316116]: [planner][row1-debug] skeleton tgt=101 points=9 terminal_reverse=0 goal_lane_y=3.791 terminal_stop_y=4.100 final_ref_x=1.250[0m
[33m[WARN] [1788847461.081575195]: [planner][row1-debug] skeleton[0]=(0.707,0.709)[0m
[33m[WARN] [1788847461.081793533]: [planner][row1-debug] skeleton[1]=(1.125,0.709)[0m
[33m[WARN] [1788847461.082024261]: [planner][row1-debug] skeleton[2]=(1.125,1.830)[0m
[33m[WARN] [1788847461.082261729]: [planner][row1-debug] skeleton[3]=(1.250,1.830)[0m
[33m[WARN] [1788847461.082483383]: [planner][row1-debug] skeleton[4]=(1.250,2.950)[0m
[33m[WARN] [1788847461.082743095]: [planner][row1-debug] skeleton[5]=(1.865,2.950)[0m
[33m[WARN] [1788847461.083018185]: [planner][row1-debug] skeleton[6]=(1.865,3.791)[0m
[33m[WARN] [1788847461.083304979]: [planner][row1-debug] skeleton[7]=(1.250,3.791)[0m
[33m[WARN] [1788847461.083658650]: [planner][row1-debug] skeleton[8]=(1.250,4.301)[0m
[33m[WARN] [1788847461.083978825]: [planner][row1-debug] lane_shift too short tgt=101 j=1 terminal=0 lateral=1.120 need=1.508 avail=0.532[0m
[33m[WARN] [1788847461.084273113]: [planner][row1-debug] lane_shift accepted tgt=101 j=2 terminal=0 lateral=0.125 lead_in=0.600 lead_out=0.600 row3lower_3to2=1[0m
[33m[WARN] [1788847461.084519581]: [planner][row1-debug] lane_shift skipped tgt=101 j=4 row12 right-inner keeps clothoid/local-arc middle connector lateral=0.615[0m
[33m[WARN] [1788847461.084796175]: [planner][row1-debug] lane_shift skipped tgt=101 j=6 terminal A1 connector keeps full vertical segment[0m
[33m[WARN] [1788847461.089431859]: [planner][row1-debug] clothoid infeasible tgt=101 j=4 p=(1.250, 2.950) prev=(1.250, 1.830) next=(1.865, 2.950) prev_len=1.121 next_len=0.615 limit=0.329[0m
[33m[WARN] [1788847461.089633011]: [planner][row1-debug] clothoid infeasible tgt=101 j=5 p=(1.865, 2.950) prev=(1.250, 2.950) next=(1.865, 3.791) prev_len=0.615 next_len=0.840 limit=0.309[0m
[33m[WARN] [1788847461.089862160]: [planner][row1-debug] clothoid infeasible tgt=101 j=6 p=(1.865, 3.791) prev=(1.865, 2.950) next=(1.250, 3.791) prev_len=0.840 next_len=0.615 limit=0.245[0m
[33m[WARN] [1788847461.090171061]: [planner][row1-debug] clothoid infeasible tgt=101 j=7 p=(1.250, 3.791) prev=(1.865, 3.791) next=(1.250, 4.301) prev_len=0.615 next_len=0.511 limit=0.345[0m
[33m[WARN] [1788847461.090444997]: [planner][row1-debug] local arc fallback tgt=101 j=4 radius=0.277 max_radius=0.277 pts=45[0m
[33m[WARN] [1788847461.090723073]: [planner][row1-debug] local arc fallback tgt=101 j=5 radius=0.277 max_radius=0.277 pts=45[0m
[33m[WARN] [1788847461.090966188]: [planner][row1-debug] local arc fallback tgt=101 j=6 radius=0.277 max_radius=0.277 pts=45[0m
[33m[WARN] [1788847461.091325773]: [planner][row1-debug] local arc fallback tgt=101 j=7 radius=0.230 max_radius=0.230 pts=41[0m
[33m[WARN] [1788847461.091609367]: [planner][row1-debug] prepend enter src=65 row1_upper=0 raw_pts=207 a_rev=(2.376,0.199) b=(0.707,0.709) path_front=(0.707,0.709 0.0deg type=0)[0m
[33m[WARN] [1788847461.092068068]: [planner][row1-debug] route=A1_TO_B src=101 tgt=65 src_corr=1 tgt_corr=4 target=(2.376,0.400 th=-90.0deg) mode=auto terminal_reverse=0 near_gap=0.304 far_gap=0.584 horiz=1.251 min_x=0.676[0m
[33m[WARN] [1788847461.092448994]: [planner][row1-debug] initial_reverse tgt=65 same_corr=0 start_to_right=1 start_lane_y=3.791 forward_heading=0.0deg reverse_end_dir=(180.0deg) desired_end_x=0.890 actual_end=(0.890,3.791) curve_start=(1.250,4.129) curve_pts=56 direct_ok=1[0m
[33m[WARN] [1788847461.092824543]: [planner][row1-debug] skeleton tgt=65 points=9 terminal_reverse=0 goal_lane_y=0.709 terminal_stop_y=0.400 final_ref_x=1.125[0m
[33m[WARN] [1788847461.093141017]: [planner][row1-debug] skeleton[0]=(0.890,3.791)[0m
[33m[WARN] [1788847461.093543714]: [planner][row1-debug] skeleton[1]=(2.155,3.791)[0m
[33m[WARN] [1788847461.093810692]: [planner][row1-debug] skeleton[2]=(2.155,2.950)[0m
[33m[WARN] [1788847461.094072551]: [planner][row1-debug] skeleton[3]=(1.250,2.950)[0m
[33m[WARN] [1788847461.094359880]: [planner][row1-debug] skeleton[4]=(1.250,1.550)[0m
[33m[WARN] [1788847461.094659835]: [planner][row1-debug] skeleton[5]=(1.125,1.550)[0m
[33m[WARN] [1788847461.094892203]: [planner][row1-debug] skeleton[6]=(1.125,0.709)[0m
[33m[WARN] [1788847461.095258885]: [planner][row1-debug] skeleton[7]=(2.376,0.709)[0m
[33m[WARN] [1788847461.095566947]: [planner][row1-debug] skeleton[8]=(2.376,0.199)[0m
[33m[WARN] [1788847461.095872510]: [planner][row1-debug] lane_shift rejected tgt=65 j=2 terminal=0 lateral=0.905 lead_in=0.472 lead_out=0.883[0m
[33m[WARN] [1788847461.096243504]: [planner][row1-debug] lane_shift accepted tgt=65 j=4 terminal=0 lateral=0.125 lead_in=0.252 lead_out=0.252[0m
[33m[WARN] [1788847461.602685027]: [batch] 无头快速回归模式:将狂跑 72000 拍(≈120 仿真分钟),不发 marker、不按实时。[0m
[33m[WARN] [1788847461.603201386]: [multi_patrol][A1 EXIT PREPARED] V0 target=B9 pickup_dwell=5.00s exit_len=2.555 priority_until_s=0.756 horizon_refresh=IMMEDIATE[0m
[33m[WARN] [1788847461.603855190]: [multi_patrol][A1 EXIT PREPARED] V1 target=B51 pickup_dwell=5.00s exit_len=8.527 priority_until_s=0.758 horizon_refresh=IMMEDIATE[0m
[0m[INFO] [1788847460.542843197]: [multi_patrol][TASK RNG] mode=REPRODUCIBLE_PSEUDO seed=2024[0m
[0m[INFO] [1788847461.096880828]: [multi_patrol] A1 leg cache built: slots=66 B->A1 ok=66 arc=42, A1->B ok=66 arc=2[0m
[0m[INFO] [1788847461.229750296]: [multi_patrol] A1 leg catalog saved: /mnt/d/desktop/叉车/src/forklift_planner/config/a1_cycle_path_catalog.yaml[0m
[0m[INFO] [1788847461.437987098]: [multi_patrol] task cache built: slots=66 pairs=4356 valid=4290 same=66 empty=0 curvature=0 boundary=0 shelf=0 kink=0 valid_target_rows=[650,325,325,650,650,520,520,650][0m
[0m[INFO] [1788847461.600330934]: [spin-check] 0 valid paths have mid-path heading jumps >52deg (0 jump points). worst=0deg at -->-[0m
[0m[INFO] [1788847461.600506873]: [multi_patrol][A1] V0 pickup leg: B38 -> A1  wpts=320 len=3.368[0m
[0m[INFO] [1788847461.600543472]: [multi_patrol][A1] V1 pickup leg: B20 -> A1  wpts=304 len=3.391[0m
[0m[INFO] [1788847461.600586814]: [multi_patrol][A1] initial pickup legs assigned: 2/2[0m
[0m[INFO] [1788847461.600605156]: [res_map] resources built: 152[0m
[0m[INFO] [1788847461.600676464]: [res_map] V0 uses SLOT_DOCK_16 s=[2.800,2.880] (len=3.368)[0m
[0m[INFO] [1788847461.600710982]: [res_map] V0 uses SLOT_DOCK_18 s=[2.580,2.780] (len=3.368)[0m
[0m[INFO] [1788847461.600720490]: [res_map] V0 uses SLOT_DOCK_19 s=[1.040,1.100] (len=3.368)[0m
[0m[INFO] [1788847461.600727937]: [res_map] V0 uses SLOT_BODY_38 s=[0.000,0.040] (len=3.368)[0m
[0m[INFO] [1788847461.600734093]: [res_map] V0 uses SLOT_DOCK_38 s=[0.000,0.300] (len=3.368)[0m
[0m[INFO] [1788847461.600739960]: [res_map] V0 uses NARROW_top_gap s=[3.320,3.368] (len=3.368)[0m
[0m[INFO] [1788847461.600783533]: [res_map] V0 uses LANE_C2_lo s=[0.040,0.380] (len=3.368)[0m
[0m[INFO] [1788847461.600792040]: [res_map] V0 uses LANE_C2_hi s=[0.380,1.600] (len=3.368)[0m
[0m[INFO] [1788847461.600798186]: [res_map] V0 uses LANE_C1_lo s=[2.100,3.000] (len=3.368)[0m
[0m[INFO] [1788847461.600805498]: [res_map] V0 uses LANE_C1_hi s=[3.000,3.320] (len=3.368)[0m
[0m[INFO] [1788847461.600811307]: [res_map] V0 uses XING_C1_x1250 s=[2.840,3.320] (len=3.368)[0m
[0m[INFO] [1788847461.600817501]: [res_map] V0 uses XING_C2_x2009 s=[0.520,1.600] (len=3.368)[0m
[0m[INFO] [1788847461.600823542]: [res_map] V0 uses XING_C1_x2009 s=[2.100,2.460] (len=3.368)[0m
[0m[INFO] [1788847461.600880303]: [res_map] V1 uses SLOT_DOCK_10 s=[2.420,2.600] (len=3.391)[0m
[0m[INFO] [1788847461.600912451]: [res_map] V1 uses SLOT_DOCK_11 s=[0.840,0.900] (len=3.391)[0m
[0m[INFO] [1788847461.600921516]: [res_map] V1 uses SLOT_DOCK_12 s=[2.640,2.840] (len=3.391)[0m
[0m[INFO] [1788847461.600927470]: [res_map] V1 uses SLOT_DOCK_14 s=[2.860,2.900] (len=3.391)[0m
[0m[INFO] [1788847461.600933578]: [res_map] V1 uses SLOT_BODY_20 s=[0.000,0.040] (len=3.391)[0m
[0m[INFO] [1788847461.600939502]: [res_map] V1 uses SLOT_DOCK_20 s=[0.000,0.300] (len=3.391)[0m
[0m[INFO] [1788847461.600945234]: [res_map] V1 uses NARROW_top_gap s=[3.340,3.391] (len=3.391)[0m
[0m[INFO] [1788847461.600951352]: [res_map] V1 uses LANE_C2_lo s=[0.040,0.380] (len=3.391)[0m
[0m[INFO] [1788847461.600959386]: [res_map] V1 uses LANE_C2_hi s=[0.380,1.460] (len=3.391)[0m
[0m[INFO] [1788847461.600965243]: [res_map] V1 uses LANE_C1_lo s=[1.940,3.020] (len=3.391)[0m
[0m[INFO] [1788847461.600971727]: [res_map] V1 uses LANE_C1_hi s=[3.020,3.340] (len=3.391)[0m
[0m[INFO] [1788847461.600977276]: [res_map] V1 uses XING_C1_x1250 s=[2.880,3.340] (len=3.391)[0m
[0m[INFO] [1788847461.600982960]: [res_map] V1 uses XING_C2_x290 s=[0.040,1.460] (len=3.391)[0m
[0m[INFO] [1788847461.600988615]: [res_map] V1 uses XING_C1_x290 s=[1.940,2.280] (len=3.391)[0m
[0m[INFO] [1788847461.632139712]: [sim_plan] built plan=1 start=0.10 horizon=15.00 frames=150 commit_frames=20[0m
[0m[INFO] [1788847461.667885651]: [sim_plan] built plan=2 start=2.10 horizon=15.00 frames=150 commit_frames=20[0m
[0m[INFO] [1788847461.698780135]: [sim_plan] built plan=3 start=4.10 horizon=15.00 frames=150 commit_frames=20[0m
[0m[INFO] [1788847461.[33m[WARN] [1788847462.222735805]: [multi_patrol][A1 EXIT HORIZON] V0 target=B9 dwell_part=4.90s departure_window=10.10s total_horizon=15.00s[0m
[33m[WARN] [1788847462.262798738]: [multi_patrol][A1 EXIT HORIZON] V0 target=B9 dwell_part=2.90s departure_window=12.10s total_horizon=15.00s[0m
[33m[WARN] [1788847462.302592047]: [multi_patrol][A1 EXIT HORIZON] V0 target=B9 dwell_part=0.90s departure_window=14.10s total_horizon=15.00s[0m
[31m[ERROR] [1788847462.414093778]: [FIRST-WEDGE] @tick=330 sim_t=33.0s 最久=V1 wait=25.0s —— 回放前 80 拍历史 + 卡死车几何 ===[0m
[33m[WARN] [1788847462.414357538]: [WHIST]
tick=251
  V0 mode=2 act=0 reason=not_active blk=-1 task=0 slot=38->-1 s=3.368/3.368 rem=0.000 spd=0.000 wait=0.0 gen=1
  V1 mode=1 act=0 reason=a1_stop_ttc_STOP_V0 blk=0 task=0 slot=20->-1 s=2.073/3.391 rem=1.319 spd=0.000 wait=17.1 gen=1[0m
[33m[WARN] [1788847462.414625213]: [WHIST]
tick=252
  V0 mode=2 act=0 reason=not_active blk=-1 task=0 slot=38->-1 s=3.368/3.368 rem=0.000 spd=0.000 wait=0.0 gen=1
  V1 mode=1 act=0 reason=a1_stop_ttc_STOP_V0 blk=0 task=0 slot=20->-1 s=2.073/3.391 rem=1.319 spd=0.000 wait=17.2 gen=1[0m
[33m[WARN] [1788847462.414893260]: [WHIST]
tick=253
  V0 mode=2 act=0 reason=not_active blk=-1 task=0 slot=38->-1 s=3.368/3.368 rem=0.000 spd=0.000 wait=0.0 gen=1
  V1 mode=1 act=0 reason=a1_stop_ttc_STOP_V0 blk=0 task=0 slot=20->-1 s=2.073/3.391 rem=1.319 spd=0.000 wait=17.3 gen=1[0m
[33m[WARN] [1788847462.415218432]: [WHIST]
tick=254
  V0 mode=2 act=0 reason=not_active blk=-1 task=0 slot=38->-1 s=3.368/3.368 rem=0.000 spd=0.000 wait=0.0 gen=1
  V1 mode=1 act=0 reason=a1_stop_ttc_STOP_V0 blk=0 task=0 slot=20->-1 s=2.073/3.391 rem=1.319 spd=0.000 wait=17.4 gen=1[0m
[33m[WARN] [1788847462.415541690]: [WHIST]
tick=255
  V0 mode=2 act=0 reason=not_active blk=-1 task=0 slot=38->-1 s=3.368/3.368 rem=0.000 spd=0.000 wait=0.0 gen=1
  V1 mode=1 act=0 reason=a1_stop_ttc_STOP_V0 blk=0 task=0 slot=20->-1 s=2.073/3.391 rem=1.319 spd=0.000 wait=17.5 gen=1[0m
[33m[WARN] [1788847462.415828044]: [WHIST]
tick=256
  V0 mode=2 act=0 reason=not_active blk=-1 task=0 slot=38->-1 s=3.368/3.368 rem=0.000 spd=0.000 wait=0.0 gen=1
  V1 mode=1 act=0 reason=a1_stop_ttc_STOP_V0 blk=0 task=0 slot=20->-1 s=2.073/3.391 rem=1.319 spd=0.000 wait=17.6 gen=1[0m
[33m[WARN] [1788847462.416087643]: [WHIST]
tick=257
  V0 mode=2 act=0 reason=not_active blk=-1 task=0 slot=38->-1 s=3.368/3.368 rem=0.000 spd=0.000 wait=0.0 gen=1
  V1 mode=1 act=0 reason=a1_stop_ttc_STOP_V0 blk=0 task=0 slot=20->-1 s=2.073/3.391 rem=1.319 spd=0.000 wait=17.7 gen=1[0m
[33m[WARN] [1788847462.416314025]: [WHIST]
tick=258
  V0 mode=2 act=0 reason=not_active blk=-1 task=0 slot=38->-1 s=3.368/3.368 rem=0.000 spd=0.000 wait=0.0 gen=1
  V1 mode=1 act=0 reason=a1_stop_ttc_STOP_V0 blk=0 task=0 slot=20->-1 s=2.073/3.391 rem=1.319 spd=0.000 wait=17.8 gen=1[0m
[33m[WARN] [1788847462.416649219]: [WHIST]
tick=259
  V0 mode=2 act=0 reason=not_active blk=-1 task=0 slot=38->-1 s=3.368/3.368 rem=0.000 spd=0.000 wait=0.0 gen=1
  V1 mode=1 act=0 reason=a1_stop_ttc_STOP_V0 blk=0 task=0 slot=20->-1 s=2.073/3.391 rem=1.319 spd=0.000 wait=17.9 gen=1[0m
[33m[WARN] [1788847462.416848453]: [WHIST]
tick=260
  V0 mode=2 act=0 reason=not_active blk=-1 task=0 slot=38->-1 s=3.368/3.368 rem=0.000 spd=0.000 wait=0.0 gen=1
  V1 mode=1 act=0 reason=a1_stop_ttc_STOP_V0 blk=0 task=0 slot=20->-1 s=2.073/3.391 rem=1.319 spd=0.000 wait=18.0 gen=1[0m
[33m[WARN] [1788847462.417083553]: [WHIST]
tick=261
  V0 mode=1 act=3 reason=clear blk=-1 task=0 slot=38->9 s=0.002/2.555 rem=2.553 spd=0.020 wait=0.0 gen=2
  V1 mode=1 act=0 reason=a1_stop_ttc_STOP_V0 blk=0 task=0 slot=20->-1 s=2.073/3.391 rem=1.319 spd=0.000 wait=18.1 gen=1[0m
[33m[WARN] [1788847462.417380751]: [WHIST]
tick=262
  V0 mode=1 act=3 reason=clear blk=-1 task=0 slot=38->9 s=0.006/2.555 rem=2.549 spd=0.040 wait=0.0 gen=2
  V1 mode=1 act=0 reason=a1_stop_ttc_STOP_V0 blk=0 task=0 slot=20->-1 s=2.073/3.391 rem=1.319 spd=0.000 wait=18.2 gen=1[0m
[33m[WARN] [1788847462.417642200]: [WHIST]
tick=263
  V0 mode=1 act=3 reason=clear blk=-1 task=0 slot=38->9 s=0.012/2.555 rem=2.543 spd=0.060 wait=0.0 gen=2
  V1 mode=1 act=0 reason=a1_stop_ttc_STOP_V0 blk=0 task=0 slot=20->-1 s=2.073/3.391 rem=1.319 spd=0.000 wait=18.3 gen=1[0m
[33m[WARN] [1788847462.417858278]: [WHIST]
tick=264
  V0 mode=1 act=3 reason=clear blk=-1 task=0 slot=38->9 s=0.020/2.555 rem=2.535 spd=0.080 wait=0.0 gen=2
  V1 mode=1 act=0 reason=a1_stop_ttc_STOP_V0 blk=0 task=0 slot=20->-1 s=2.073/3.391 rem=1.319 spd=0.000 wait=18.4 gen=1[0m
[33m[WARN] [1788847462.418079065]: [WHIST]
tick=265
  V0 mode=1 act=3 reason=clear blk=-1 task=0 slot=38->9 s=0.030/2.555 rem=2.525 spd=0.100 wait=0.0 gen=2
  V1 mode=1 act=0 reason=a1_stop_ttc_STOP_V0 blk=0 task=0 slot=20->-1 s=2.073/3.391 rem=1.319 spd=0.000 wait=18.5 gen=1[0m
[33m[WARN] [1788847462.418337336]: [WHIST]
tick=266
  V0 mode=1 act=3 reason=clear blk=-1 task=0 slot=38->9 s=0.042/2.555 rem=2.513 spd=0.120 wait=0.0 gen=2
  V1 mode=1 act=0 reason=a1_stop_ttc_STOP_V0 blk=0 task=0 slot=20->-1 s=2.073/3.391 rem=1.319 spd=0.000 wait=18.6 gen=1[0m
[33m[WARN] [1788847462.418568957]: [WHIST]
tick=267
  V0 mode=1 act=3 reason=clear blk=-1 task=0 slot=38->9 s=0.056/2.555 rem=2.499 spd=0.140 wait=0.0 gen=2
  V1 mode=1 act=0 reason=a1_stop_ttc_STOP_V0 blk=0 task=0 slot=20->-1 s=2.073/3.391 rem=1.319 spd=0.000 wait=18.7 gen=1[0m
[33m[WARN] [1788847462.418803466]: [WHIST]
tick=268
  V0 mode=1 act=3 reason=clear blk=-1 task=0 slot=38->9 s=0.072/2.555 rem=2.483 spd=0.160 wait=0.0 gen=2
  V1 mode=1 act=0 reason=a1_stop_ttc_STOP_V0 blk=0 task=0 slot=20->-1 s=2.073/3.391 rem=1.319 spd=0.000 wait=18.8 gen=1[0m
[33m[WARN] [1788847462.419058094]: [WHIST]
tick=269
  V0 mode=1 act=3 reason=clear blk=-1 task=0 slot=38->9 s=0.090/2.555 rem=2.465 spd=0.180 wait=0.0 gen=2
  V1 mode=1 act=0 reason=a1_stop_ttc_STOP_V0 blk=0 task=0 slot=20->-1 s=2.073/3.391 rem=1.319 spd=0.000 wait=18.9 gen=1[0m
[33m[WARN] [1788847462.419347281]: [WHIST]
tick=270
  V0 mode=1 act=3 reason=clear blk=-1 task=0 slot=38->9 s=0.110/2.555 rem=2.445 spd=0.200 wait=0.0 gen=2
  V1 mode=1 act=0 reason=a1_stop_ttc_STOP_V0 blk=0 task=0 slot=20->-1 s=2.073/3.391 rem=1.319 spd=0.000 wait=19.0 gen=1[0m
[33m[WARN] [1788847462.419622295]: [WHIST]
tick=271
  V0 mode=1 act=3 reason=clear blk=-1 task=0 slot=38->9 s=0.130/2.555 rem=2.425 spd=0.200 wait=0.0 gen=2
  V1 mode=1 act=0 reason=a1_stop_ttc_STOP_V0 blk=0 task=0 slot=20->-1 s=2.073/3.391 rem=1.319 spd=0.000 wait=19.1 gen=1[0m
[33m[WARN] [1788847462.419925223]: [WHIST]
tick=272
  V0 mode=1 act=3 reason=clear blk=-1 task=0 slot=38->9 s=0.150/2.555 rem=2.405 spd=0.200 wait=0.0 gen=2
  V1 mode=1 act=0 reason=a1_stop_ttc_STOP_V0 blk=0 task=0 slot=20->-1 s=2.073/3.391 rem=1.319 spd=0.000 wait=19.2 gen=1[0m
[33m[WARN] [1788847462.420166655]: [WHIST]
tick=273
  V0 mode=1 act=3 reason=clear blk=-1 task=0 slot=38->9 s=0.170/2.555 rem=2.385 spd=0.200 wait=0.0 gen=2
  V1 mode=1 act=0 reason=a1_stop_ttc_STOP_V0 blk=0 task=0 slot=20->-1 s=2.073/3.391 rem=1.319 spd=0.000 wait=19.3 gen=1[0m
[33m[WARN] [1788847462.420429081]: [WHIST]
tick=274
  V0 mode=1 act=3 reason=clear blk=-1 task=0 slot=38->9 s=0.190/2.555 rem=2.365 spd=0.200 wait=0.0 gen=2
  V1 mode=1 act=0 reason=a1_stop_ttc_STOP_V0 blk=0 task=0 slot=20->-1 s=2.073/3.391 rem=1.319 spd=0.000 wait=19.4 gen=1[0m
[33m[WARN] [1788847462.420693581]: [WHIST]
tick=275
  V0 mode=1 act=3 reason=clear blk=-1 task=0 slot=38->9 s=0.207/2.555 rem=2.348 spd=0.170 wait=0.0 gen=2
  V1 mode=1 act=0 reason=a1_stop_ttc_STOP_V0 blk=0 task=0 slot=20->-1 s=2.073/3.391 rem=1.319 spd=0.000 wait=19.5 gen=1[0m
[33m[WARN] [1788847462.420903350]: [WHIST]
tick=276
  V0 mode=1 act=3 reason=clear blk=-1 task=0 slot=38->9 s=0.222/2.555 rem=2.334 spd=0.146 wait=0.0 gen=2
  V1 mode=1 act=0 reason=a1_stop_ttc_STOP_V0 blk=0 task=0 slot=20->-1 s=2.073/3.391 rem=1.319 spd=0.000 wait=19.6 gen=1[0m
[33m[WARN] [1788847462.421144249]: [WHIST]
tick=277
  V0 mode=1 act=3 reason=clear blk=-1 task=0 slot=38->9 s=0.236/2.555 rem=2.319 spd=0.142 wait=0.0 gen=2
  V1 mode=1 act=0 reason=a1_stop_ttc_STOP_V0 blk=0 task=0 slot=20->-1 s=2.073/3.391 rem=1.319 spd=0.000 wait=19.7 gen=1[0m
[33m[WARN] [1788847462.421419079]: [WHIST]
tick=278
  V0 mode=1 act=3 reason=clear blk=-1 task=0 slot=38->9 s=0.250/2.555 rem=2.305 spd=0.142 wait=0.0 gen=2
  V1 mode=1 act=0 reason=a1_stop_ttc_STOP_V0 blk=0 task=0 slot=20->-1 s=2.073/3.391 rem=1.319 spd=0.000 wait=19.8 gen=1[0m
[33m[WARN] [1788847462.421627870]: [WHIST]
tick=279
  V0 mode=1 act=3 reason=clear blk=-1 task=0 slot=38->9 s=0.264/2.555 rem=2.291 spd=0.142 wait=0.0 gen=2
  V1 mode=1 act=0 reason=a1_stop_ttc_STOP_V0 blk=0 task=0 slot=20->-1 s=2.073/3.391 rem=1.319 spd=0.000 wait=19.9 gen=1[0m
[33m[WARN] [1788847462.421868605]: [WHIST]
tick=280
  V0 mode=1 act=3 reason=clear blk=-1 task=0 slot=38->9 s=0.279/2.555 rem=2.277 spd=0.142 wait=0.0 gen=2
  V1 mode=1 act=0 reason=a1_stop_ttc_STOP_V0 blk=0 task=0 slot=20->-1 s=2.073/3.391 rem=1.319 spd=0.000 wait=20.0 gen=1[0m
[33m[WARN] [1788847462.422126732]: [WHIST]
tick=281
  V0 mode=1 act=3 reason=clear blk=-1 task=0 slot=38->9 s=0.293/2.555 rem=2.262 spd=0.142 wait=0.0 gen=2
  V1 mode=1 act=0 reason=a1_stop_ttc_STOP_V0 blk=0 task=0 slot=20->-1 s=2.073/3.391 rem=1.319 spd=0.000 wait=20.1 gen=1[0m
[33m[WARN] [1788847462.422367044]: [WHIST]
tick=282
  V0 mode=1 act=3 reason=clear blk=-1 task=0 slot=38->9 s=0.307/2.555 rem=2.248 spd=0.142 wait=0.0 gen=2
  V1 mode=1 act=0 reason=a1_stop_ttc_STOP_V0 blk=0 task=0 slot=20->-1 s=2.073/3.391 rem=1.319 spd=0.000 wait=20.2 gen=1[0m
[33m[WARN] [1788847462.422563693]: [WHIST]
tick=283
  V0 mode=1 act=3 reason=clear blk=-1 task=0 slot=38->9 s=0.321/2.555 rem=2.234 spd=0.142 wait=0.0 gen=2
  V1 mode=1 act=0 reason=a1_stop_ttc_STOP_V0 blk=0 task=0 slot=20->-1 s=2.073/3.391 rem=1.319 spd=0.000 wait=20.3 gen=1[0m
[33m[WARN] [1788847462.422839651]: [WHIST]
tick=284
  V0 mode=1 act=3 reason=clear blk=-1 task=0 slot=38->9 s=0.336/2.555 rem=2.220 spd=0.142 wait=0.0 gen=2
  V1 mode=1 act=0 reason=a1_stop_ttc_STOP_V0 blk=0 task=0 slot=20->-1 s=2.073/3.391 rem=1.319 spd=0.000 wait=20.4 gen=1[0m
[33m[WARN] [1788847462.423129104]: [WHIST]
tick=285
  V0 mode=1 act=3 reason=clear blk=-1 task=0 slot=38->9 s=0.350/2.555 rem=2.205 spd=0.142 wait=0.0 gen=2
  V1 mode=1 act=0 reason=a1_stop_ttc_STOP_V0 blk=0 task=0 slot=20->-1 s=2.073/3.391 rem=1.319 spd=0.000 wait=20.5 gen=1[0m
[33m[WARN] [1788847462.423388750]: [WHIST]
tick=286
  V0 mode=1 act=3 reason=clear blk=-1 task=0 slot=38->9 s=0.364/2.555 rem=2.191 spd=0.142 wait=0.0 gen=2
  V1 mode=1 act=0 reason=a1_stop_ttc_STOP_V0 blk=0 task=0 slot=20->-1 s=2.073/3.391 rem=1.319 spd=0.000 wait=20.6 gen=1[0m
[33m[WARN] [1788847462.423573323]: [WHIST]
tick=287
  V0 mode=1 act=3 reason=clear blk=-1 task=0 slot=38->9 s=0.378/2.555 rem=2.177 spd=0.142 wait=0.0 gen=2
  V1 mode=1 act=0 reason=a1_stop_ttc_STOP_V0 blk=0 task=0 slot=20->-1 s=2.073/3.391 rem=1.319 spd=0.000 wait=20.7 gen=1[0m
[33m[WARN] [1788847462.423843291]: [WHIST]
tick=288
  V0 mode=1 act=3 reason=clear blk=-1 task=0 slot=38->9 s=0.393/2.555 rem=2.163 spd=0.142 wait=0.0 gen=2
  V1 mode=1 act=0 reason=a1_stop_ttc_STOP_V0 blk=0 task=0 slot=20->-1 s=2.073/3.391 rem=1.319 spd=0.000 wait=20.8 gen=1[0m
[33m[WARN] [1788847462.424076537]: [WHIST]
tick=289
  V0 mode=1 act=3 reason=clear blk=-1 task=0 slot=38->9 s=0.407/2.555 rem=2.148 spd=0.142 wait=0.0 gen=2
  V1 mode=1 act=0 reason=a1_stop_ttc_STOP_V0 blk=0 task=0 slot=20->-1 s=2.073/3.391 rem=1.319 spd=0.000 wait=20.9 gen=1[0m
[33m[WARN] [1788847462.424305973]: [WHIST]
tick=290
  V0 mode=1 act=3 reason=clear blk=-1 task=0 slot=38->9 s=0.421/2.555 rem=2.134 spd=0.142 wait=0.0 gen=2
  V1 mode=1 act=0 reason=a1_stop_ttc_STOP_V0 blk=0 task=0 slot=20->-1 s=2.073/3.391 rem=1.319 spd=0.000 wait=21.0 gen=1[0m
[33m[WARN] [1788847462.424522593]: [WHIST]
tick=291
  V0 mode=1 act=3 reason=clear blk=-1 task=0 slot=38->9 s=0.435/2.555 rem=2.120 spd=0.142 wait=0.0 gen=2
  V1 mode=1 act=0 reason=a1_stop_ttc_STOP_V0 blk=0 task=0 slot=20->-1 s=2.073/3.391 rem=1.319 spd=0.000 wait=21.1 gen=1[0m
[33m[WARN] [1788847462.424930779]: [WHIST]
tick=292
  V0 mode=1 act=3 reason=clear blk=-1 task=0 slot=38->9 s=0.450/2.555 rem=2.106 spd=0.142 wait=0.0 gen=2
  V1 mode=1 act=0 reason=a1_stop_ttc_STOP_V0 blk=0 task=0 slot=20->-1 s=2.073/3.391 rem=1.319 spd=0.000 wait=21.2 gen=1[0m
[33m[WARN] [1788847462.425184487]: [WHIST]
tick=293
  V0 mode=1 act=3 reason=clear blk=-1 task=0 slot=38->9 s=0.464/2.555 rem=2.091 spd=0.142 wait=0.0 gen=2
  V1 mode=1 act=0 reason=a1_stop_ttc_STOP_V0 blk=0 task=0 slot=20->-1 s=2.073/3.391 rem=1.319 spd=0.000 wait=21.3 gen=1[0m
[33m[WARN] [1788847462.425436293]: [WHIST]
tick=294
  V0 mode=1 act=3 reason=clear blk=-1 task=0 slot=38->9 s=0.478/2.555 rem=2.077 spd=0.142 wait=0.0 gen=2
  V1 mode=1 act=0 reason=a1_stop_ttc_STOP_V0 blk=0 task=0 slot=20->-1 s=2.073/3.391 rem=1.319 spd=0.000 wait=21.4 gen=1[0m
[33m[WARN] [1788847462.425685450]: [WHIST]
tick=295
  V0 mode=1 act=3 reason=clear blk=-1 task=0 slot=38->9 s=0.492/2.555 rem=2.063 spd=0.142 wait=0.0 gen=2
  V1 mode=1 act=0 reason=a1_stop_ttc_STOP_V0 blk=0 task=0 slot=20->-1 s=2.073/3.391 rem=1.319 spd=0.000 wait=21.5 gen=1[0m
[33m[WARN] [1788847462.425917137]: [WHIST]
tick=296
  V0 mode=1 act=3 reason=clear blk=-1 task=0 slot=38->9 s=0.507/2.555 rem=2.049 spd=0.142 wait=0.0 gen=2
  V1 mode=1 act=0 reason=a1_stop_ttc_STOP_V0 blk=0 task=0 slot=20->-1 s=2.073/3.391 rem=1.319 spd=0.000 wait=21.6 gen=1[0m
[33m[WARN] [1788847462.426176158]: [WHIST]
tick=297
  V0 mode=1 act=3 reason=clear blk=-1 task=0 slot=38->9 s=0.521/2.555 rem=2.034 spd=0.142 wait=0.0 gen=2
  V1 mode=1 act=0 reason=a1_stop_ttc_STOP_V0 blk=0 task=0 slot=20->-1 s=2.073/3.391 rem=1.319 spd=0.000 wait=21.7 gen=1[0m
[33m[WARN] [1788847462.426443348]: [WHIST]
tick=298
  V0 mode=1 act=3 reason=clear blk=-1 task=0 slot=38->9 s=0.535/2.555 rem=2.020 spd=0.142 wait=0.0 gen=2
  V1 mode=1 act=0 reason=a1_stop_ttc_STOP_V0 blk=0 task=0 slot=20->-1 s=2.073/3.391 rem=1.319 spd=0.000 wait=21.8 gen=1[0m
[33m[WARN] [1788847462.426714380]: [WHIST]
tick=299
  V0 mode=1 act=3 reason=clear blk=-1 task=0 slot=38->9 s=0.549/2.555 rem=2.006 spd=0.142 wait=0.0 gen=2
  V1 mode=1 act=0 reason=a1_stop_ttc_STOP_V0 blk=0 task=0 slot=20->-1 s=2.073/3.391 rem=1.319 spd=0.000 wait=21.9 gen=1[0m
[33m[WARN] [1788847462.426937502]: [WHIST]
tick=300
  V0 mode=1 act=3 reason=clear blk=-1 task=0 slot=38->9 s=0.564/2.555 rem=1.992 spd=0.142 wait=0.0 gen=2
  V1 mode=1 act=0 reason=a1_stop_ttc_STOP_V0 blk=0 task=0 slot=20->-1 s=2.073/3.391 rem=1.319 spd=0.000 wait=22.0 gen=1[0m
[33m[WARN] [1788847462.427171345]: [WHIST]
tick=301
  V0 mode=1 act=3 reason=clear blk=-1 task=0 slot=38->9 s=0.578/2.555 rem=1.977 spd=0.142 wait=0.0 gen=2
  V1 mode=1 act=0 reason=a1_stop_ttc_STOP_V0 blk=0 task=0 slot=20->-1 s=2.073/3.391 rem=1.319 spd=0.000 wait=22.1 gen=1[0m
[33m[WARN] [1788847462.427380317]: [WHIST]
tick=302
  V0 mode=1 act=3 reason=clear blk=-1 task=0 slot=38->9 s=0.592/2.555 rem=1.963 spd=0.142 wait=0.0 gen=2
  V1 mode=1 act=0 reason=a1_stop_ttc_STOP_V0 blk=0 task=0 slot=20->-1 s=2.073/3.391 rem=1.319 spd=0.000 wait=22.2 gen=1[0m
[33m[WARN] [1788847462.427589224]: [WHIST]
tick=303
  V0 mode=1 act=3 reason=clear blk=-1 task=0 slot=38->9 s=0.606/2.555 rem=1.949 spd=0.142 wait=0.0 gen=2
  V1 mode=1 act=0 reason=a1_stop_ttc_STOP_V0 blk=0 task=0 slot=20->-1 s=2.073/3.391 rem=1.319 spd=0.000 wait=22.3 gen=1[0m
[33m[WARN] [1788847462.427807272]: [WHIST]
tick=304
  V0 mode=1 act=3 reason=clear blk=-1 task=0 slot=38->9 s=0.621/2.555 rem=1.935 spd=0.142 wait=0.0 gen=2
  V1 mode=1 act=0 reason=a1_stop_ttc_STOP_V0 blk=0 task=0 slot=20->-1 s=2.073/3.391 rem=1.319 spd=0.000 wait=22.4 gen=1[0m
[33m[WARN] [1788847462.428024137]: [WHIST]
tick=305
  V0 mode=1 act=3 reason=clear blk=-1 task=0 slot=38->9 s=0.635/2.555 rem=1.920 spd=0.142 wait=0.0 gen=2
  V1 mode=1 act=0 reason=a1_stop_ttc_STOP_V0 blk=0 task=0 slot=20->-1 s=2.073/3.391 rem=1.319 spd=0.000 wait=22.5 gen=1[0m
[33m[WARN] [1788847462.428265022]: [WHIST]
tick=306
  V0 mode=1 act=3 reason=clear blk=-1 task=0 slot=38->9 s=0.649/2.555 rem=1.906 spd=0.142 wait=0.0 gen=2
  V1 mode=1 act=0 reason=a1_stop_ttc_STOP_V0 blk=0 task=0 slot=20->-1 s=2.073/3.391 rem=1.319 spd=0.000 wait=22.6 gen=1[0m
[33m[WARN] [1788847462.428502468]: [WHIST]
tick=307
  V0 mode=1 act=3 reason=clear blk=-1 task=0 slot=38->9 s=0.663/2.555 rem=1.892 spd=0.142 wait=0.0 gen=2
  V1 mode=1 act=0 reason=a1_stop_ttc_STOP_V0 blk=0 task=0 slot=20->-1 s=2.073/3.391 rem=1.319 spd=0.000 wait=22.7 gen=1[0m
[33m[WARN] [1788847462.428724919]: [WHIST]
tick=308
  V0 mode=1 act=3 reason=clear blk=-1 task=0 slot=38->9 s=0.678/2.555 rem=1.878 spd=0.144 wait=0.0 gen=2
  V1 mode=1 act=0 reason=a1_stop_ttc_STOP_V0 blk=0 task=0 slot=20->-1 s=2.073/3.391 rem=1.319 spd=0.000 wait=22.8 gen=1[0m
[33m[WARN] [1788847462.429004490]: [WHIST]
tick=309
  V0 mode=1 act=3 reason=clear blk=-1 task=0 slot=38->9 s=0.692/2.555 rem=1.863 spd=0.148 wait=0.0 gen=2
  V1 mode=1 act=0 reason=a1_stop_ttc_STOP_V0 blk=0 task=0 slot=20->-1 s=2.073/3.391 rem=1.319 spd=0.000 wait=22.9 gen=1[0m
[33m[WARN] [1788847462.429350269]: [WHIST]
tick=310
  V0 mode=1 act=3 reason=clear blk=-1 task=0 slot=38->9 s=0.707/2.555 rem=1.848 spd=0.144 wait=0.0 gen=2
  V1 mode=1 act=0 reason=a1_stop_ttc_STOP_V0 blk=0 task=0 slot=20->-1 s=2.073/3.391 rem=1.319 spd=0.000 wait=23.0 gen=1[0m
[33m[WARN] [1788847462.429660966]: [WHIST]
tick=311
  V0 mode=1 act=3 reason=clear blk=-1 task=0 slot=38->9 s=0.719/2.555 rem=1.836 spd=0.125 wait=0.0 gen=2
  V1 mode=1 act=0 reason=a1_stop_ttc_STOP_V0 blk=0 task=0 slot=20->-1 s=2.073/3.391 rem=1.319 spd=0.000 wait=23.1 gen=1[0m
[33m[WARN] [1788847462.429926508]: [WHIST]
tick=312
  V0 mode=1 act=3 reason=clear blk=-1 task=0 slot=38->9 s=0.729/2.555 rem=1.826 spd=0.095 wait=0.0 gen=2
  V1 mode=1 act=0 reason=a1_stop_ttc_STOP_V0 blk=0 task=0 slot=20->-1 s=2.073/3.391 rem=1.319 spd=0.000 wait=23.2 gen=1[0m
[33m[WARN] [1788847462.430153371]: [WHIST]
tick=313
  V0 mode=1 act=3 reason=clear blk=-1 task=0 slot=38->9 s=0.740/2.555 rem=1.815 spd=0.111 wait=0.0 gen=2
  V1 mode=1 act=0 reason=a1_stop_ttc_STOP_V0 blk=0 task=0 slot=20->-1 s=2.073/3.391 rem=1.319 spd=0.000 wait=23.3 gen=1[0m
[33m[WARN] [1788847462.430381241]: [WHIST]
tick=314
  V0 mode=1 act=3 reason=clear blk=-1 task=0 slot=38->9 s=0.753/2.555 rem=1.802 spd=0.131 wait=0.0 gen=2
  V1 mode=1 act=0 reason=a1_stop_ttc_STOP_V0 blk=0 task=0 slot=20->-1 s=2.073/3.391 rem=1.319 spd=0.000 wait=23.4 gen=1[0m
[33m[WARN] [1788847462.430611640]: [WHIST]
tick=315
  V0 mode=1 act=3 reason=clear blk=-1 task=0 slot=38->9 s=0.768/2.555 rem=1.787 spd=0.151 wait=0.0 gen=2
  V1 mode=1 act=0 reason=a1_stop_ttc_STOP_V0 blk=0 task=0 slot=20->-1 s=2.073/3.391 rem=1.319 spd=0.000 wait=23.5 gen=1[0m
[33m[WARN] [1788847462.430854317]: [WHIST]
tick=316
  V0 mode=1 act=3 reason=clear blk=-1 task=0 slot=38->9 s=0.785/2.555 rem=1.770 spd=0.171 wait=0.0 gen=2
  V1 mode=1 act=0 reason=a1_stop_ttc_STOP_V0 blk=0 task=0 slot=20->-1 s=2.073/3.391 rem=1.319 spd=0.000 wait=23.6 gen=1[0m
[33m[WARN] [1788847462.431131642]: [WHIST]
tick=317
  V0 mode=1 act=3 reason=clear blk=-1 task=0 slot=38->9 s=0.804/2.555 rem=1.751 spd=0.191 wait=0.0 gen=2
  V1 mode=1 act=0 reason=a1_stop_ttc_STOP_V0 blk=0 task=0 slot=20->-1 s=2.073/3.391 rem=1.319 spd=0.000 wait=23.7 gen=1[0m
[33m[WARN] [1788847462.431380382]: [WHIST]
tick=318
  V0 mode=1 act=3 reason=clear blk=-1 task=0 slot=38->9 s=0.824/2.555 rem=1.731 spd=0.200 wait=0.0 gen=2
  V1 mode=1 act=0 reason=a1_stop_ttc_STOP_V0 blk=0 task=0 slot=20->-1 s=2.073/3.391 rem=1.319 spd=0.000 wait=23.8 gen=1[0m
[33m[WARN] [1788847462.431607419]: [WHIST]
tick=319
  V0 mode=1 act=3 reason=clear blk=-1 task=0 slot=38->9 s=0.844/2.555 rem=1.711 spd=0.200 wait=0.0 gen=2
  V1 mode=1 act=0 reason=a1_stop_ttc_STOP_V0 blk=0 task=0 slot=20->-1 s=2.073/3.391 rem=1.319 spd=0.000 wait=23.9 gen=1[0m
[33m[WARN] [1788847462.431847896]: [WHIST]
tick=320
  V0 mode=1 act=3 reason=clear blk=-1 task=0 slot=38->9 s=0.864/2.555 rem=1.691 spd=0.200 wait=0.0 gen=2
  V1 mode=1 act=0 reason=a1_stop_ttc_STOP_V0 blk=0 task=0 slot=20->-1 s=2.073/3.391 rem=1.319 spd=0.000 wait=24.0 gen=1[0m
[33m[WARN] [1788847462.432185661]: [WHIST]
tick=321
  V0 mode=1 act=3 reason=clear blk=-1 task=0 slot=38->9 s=0.884/2.555 rem=1.671 spd=0.200 wait=0.0 gen=2
  V1 mode=1 act=0 reason=a1_stop_ttc_STOP_V0 blk=0 task=0 slot=20->-1 s=2.073/3.391 rem=1.319 spd=0.000 wait=24.1 gen=1[0m
[33m[WARN] [1788847462.432385155]: [WHIST]
tick=322
  V0 mode=1 act=3 reason=clear blk=-1 task=0 slot=38->9 s=0.904/2.555 rem=1.651 spd=0.200 wait=0.0 gen=2
  V1 mode=1 act=0 reason=a1_stop_ttc_STOP_V0 blk=0 task=0 slot=20->-1 s=2.073/3.391 rem=1.319 spd=0.000 wait=24.2 gen=1[0m
[33m[WARN] [1788847462.432708274]: [WHIST]
tick=323
  V0 mode=1 act=3 reason=clear blk=-1 task=0 slot=38->9 s=0.924/2.555 rem=1.631 spd=0.200 wait=0.0 gen=2
  V1 mode=1 act=0 reason=a1_stop_ttc_STOP_V0 blk=0 task=0 slot=20->-1 s=2.073/3.391 rem=1.319 spd=0.000 wait=24.3 gen=1[0m
[33m[WARN] [1788847462.433060086]: [WHIST]
tick=324
  V0 mode=1 act=3 reason=clear blk=-1 task=0 slot=38->9 s=0.944/2.555 rem=1.611 spd=0.200 wait=0.0 gen=2
  V1 mode=1 act=0 reason=a1_stop_ttc_STOP_V0 blk=0 task=0 slot=20->-1 s=2.073/3.391 rem=1.319 spd=0.000 wait=24.4 gen=1[0m
[33m[WARN] [1788847462.433282185]: [WHIST]
tick=325
  V0 mode=1 act=3 reason=clear blk=-1 task=0 slot=38->9 s=0.964/2.555 rem=1.591 spd=0.200 wait=0.0 gen=2
  V1 mode=1 act=0 reason=a1_stop_ttc_STOP_V0 blk=0 task=0 slot=20->-1 s=2.073/3.391 rem=1.319 spd=0.000 wait=24.5 gen=1[0m
[33m[WARN] [1788847462.433493491]: [WHIST]
tick=326
  V0 mode=1 act=3 reason=clear blk=-1 task=0 slot=38->9 s=0.984/2.555 rem=1.571 spd=0.200 wait=0.0 gen=2
  V1 mode=1 act=0 reason=a1_stop_ttc_STOP_V0 blk=0 task=0 slot=20->-1 s=2.073/3.391 rem=1.319 spd=0.000 wait=24.6 gen=1[0m
[33m[WARN] [1788847462.433699805]: [WHIST]
tick=327
  V0 mode=1 act=3 reason=clear blk=-1 task=0 slot=38->9 s=1.004/2.555 rem=1.551 spd=0.200 wait=0.0 gen=2
  V1 mode=1 act=0 reason=a1_stop_ttc_STOP_V0 blk=0 task=0 slot=20->-1 s=2.073/3.391 rem=1.319 spd=0.000 wait=24.7 gen=1[0m
[33m[WARN] [1788847462.433904266]: [WHIST]
tick=328
  V0 mode=1 act=3 reason=clear blk=-1 task=0 slot=38->9 s=1.024/2.555 rem=1.531 spd=0.200 wait=0.0 gen=2
  V1 mode=1 act=0 reason=a1_stop_ttc_STOP_V0 blk=0 task=0 slot=20->-1 s=2.073/3.391 rem=1.319 spd=0.000 wait=24.8 gen=1[0m
[33m[WARN] [1788847462.434135219]: [WHIST]
tick=329
  V0 mode=1 act=3 reason=clear blk=-1 task=0 slot=38->9 s=1.044/2.555 rem=1.511 spd=0.200 wait=0.0 gen=2
  V1 mode=1 act=0 reason=a1_stop_ttc_STOP_V0 blk=0 task=0 slot=20->-1 s=2.073/3.391 rem=1.319 spd=0.000 wait=24.9 gen=1[0m
[33m[WARN] [1788847462.434373869]: [WHIST]
tick=330
  V0 mode=1 act=3 reason=clear blk=-1 task=0 slot=38->9 s=1.064/2.555 rem=1.491 spd=0.200 wait=0.0 gen=2
  V1 mode=1 act=0 reason=a1_stop_ttc_STOP_V0 blk=0 task=0 slot=20->-1 s=2.073/3.391 rem=1.319 spd=0.000 wait=25.0 gen=1[0m
[33m[WARN] [1788847462.434585434]: [SOURCE=REAL] [plan=18] [frame=9] [rollout_step=-1] [CONFLICT] V1(s=2.073 rem=1.319 act=0 blk=0) vs V0(s=1.064 rem=1.491 act=3 blk=-1) | owner=V-1 following=0 nzones=1 all_same_dir=0[0m
[33m[WARN] [1788847462.434836001]: [SOURCE=REAL] [plan=18] [frame=9] [rollout_step=-1] [CONFLICT]   zone0 same_dir=0 | A[2.500,3.375] stopA=2.321 committedA=0 | B[0.000,1.150] stopB=-0.179 committedB=1 | @(1.20,3.84)[0m
[33m[WARN] [1788847462.480647844]: [multi_patrol][A1 EXIT HORIZON] V1 target=B51 dwell_part=4.90s departure_window=10.10s total_horizon=15.00s[0m
[33m[WARN] [1788847462.486260377]: [multi_patrol][A1 EXIT HORIZON] V1 target=B51 dwell_part=2.90s departure_window=12.10s total_horizon=15.00s[0m
[33m[WARN] [1788847462.492396705]: [multi_patrol][A1 EXIT HORIZON] V1 target=B51 dwell_part=0.90s departure_window=14.10s total_horizon=15.00s[0m
[33m[WARN] [1788847462.497753212]: [SLOT_DEPARTURE] time=0min46.3s vehicle=V0 owner=V1 result=ALLOW reason=slot_departure_clear candidate_path_gen=3 slot_departure_clear_s=0.346 vehicle_mode=ACTIVE vehicle_speed=0.000 vehicle_path_s=0.000 blocker=none a1_prefix_conflict=0 ordinary_road_conflict=0 owner_phase=PICKUP_DWELL owner_path_gen=1 geometry=pending_preview protected_zones=0 actual_occupancy_priority=0[0m
[33m[WARN] [1788847462.498225820]: [multi_patrol][A1 EXIT PREPARED] V0 target=B47 pickup_dwell=5.00s exit_len=8.694 priority_until_s=0.758 horizon_refresh=IMMEDIATE[0m
[33m[WARN] [1788847462.561119141]: [multi_patrol][A1 EXIT HORIZON] V1 target=B51 dwell_part=0.40s departure_window=14.60s total_horizon=15.00s[0m
730357764]: [sim_plan] built plan=4 start=6.10 horizon=15.00 frames=150 commit_frames=20[0m
[0m[INFO] [1788847461.811611832]: [sim_plan] built plan=5 start=8.10 horizon=15.00 frames=150 commit_frames=20[0m
[0m[INFO] [1788847461.888261863]: [sim_plan] built plan=6 start=10.10 horizon=15.00 frames=150 commit_frames=20[0m
[0m[INFO] [1788847461.955753837]: [sim_plan] built plan=7 start=12.10 horizon=15.00 frames=150 commit_frames=20[0m
[0m[INFO] [1788847462.020090983]: [sim_plan] built plan=8 start=14.10 horizon=15.00 frames=150 commit_frames=20[0m
[0m[INFO] [1788847462.081103725]: [sim_plan] built plan=9 start=16.10 horizon=15.00 frames=150 commit_frames=20[0m
[0m[INFO] [1788847462.134610520]: [sim_plan] built plan=10 start=18.10 horizon=15.00 frames=150 commit_frames=20[0m
[0m[INFO] [1788847462.181984829]: [sim_plan] built plan=11 start=20.10 horizon=15.00 frames=150 commit_frames=20[0m
[0m[INFO] [1788847462.222680499]: [sim_plan] built plan=12 start=21.20 horizon=15.00 frames=150 commit_frames=20[0m
[0m[INFO] [1788847462.262750589]: [sim_plan] built plan=13 start=23.20 horizon=15.00 frames=150 commit_frames=20[0m
[0m[INFO] [1788847462.302537241]: [sim_plan] built plan=14 start=25.20 horizon=15.00 frames=150 commit_frames=20[0m
[0m[INFO] [1788847462.303964220]: [multi_patrol][A1] V0 activate prepared dropoff: A1 -> B9 len=2.555 priority_until_s=0.756[0m
[0m[INFO] [1788847462.342124562]: [sim_plan] built plan=15 start=26.10 horizon=15.00 frames=150 commit_frames=20[0m
[0m[INFO] [1788847462.376348305]: [sim_plan] built plan=16 start=28.10 horizon=15.00 frames=150 commit_frames=20[0m
[0m[INFO] [1788847462.398723956]: [sim_plan] built plan=17 start=30.10 horizon=15.00 frames=150 commit_frames=20[0m
[0m[INFO] [1788847462.399730578]: [multi_patrol][A1 EXIT PRIORITY RELEASE] V0 s=0.768 threshold=0.756[0m
[0m[INFO] [1788847462.413654485]: [sim_plan] built plan=18 start=32.10 horizon=15.00 frames=150 commit_frames=20[0m
[0m[INFO] [1788847462.443978684]: [sim_plan] built plan=19 start=34.10 horizon=15.00 frames=150 commit_frames=20[0m
[0m[INFO] [1788847462.456102396]: [sim_plan] built plan=20 start=36.10 horizon=15.00 frames=150 commit_frames=20[0m
[0m[INFO] [1788847462.467860896]: [sim_plan] built plan=21 start=38.10 horizon=15.00 frames=150 commit_frames=20[0m
[0m[INFO] [1788847462.473602855]: [sim_plan] built plan=22 start=40.10 horizon=15.00 frames=150 commit_frames=20[0m
[0m[INFO] [1788847462.480436847]: [sim_plan] built plan=23 start=41.80 horizon=15.00 frames=150 commit_frames=20[0m
[0m[INFO] [1788847462.486221601]: [sim_plan] built plan=24 start=43.80 horizon=15.00 frames=150 commit_frames=20[0m
[0m[INFO] [1788847462.492346167]: [sim_plan] built plan=25 start=45.80 horizon=15.00 frames=150 commit_frames=20[0m
[0m[INFO] [1788847462.497704378]: [multi_patrol][A1] V0 pickup leg: B9 -> A1  wpts=298 len=3.034[0m
[0m[INFO] [1788847462.561075038]: [sim_plan] built plan=26 start=46.30 horizon=15.00 frames=150 commit_frames=20[0m
[0m[INFO] [1788847462.562044107]: [multi_patrol][A1] V1 activate prepared dropoff: A1 -> B51 len=8.527 priority_until_s=0.758[0m
[0m[INFO] [1788847462.628826975]: [sim_plan] built plan=27 start=46.70 horizon=15.00 frames=150 commit_frames=20[0m
[0m[INFO] [1788847462.691128409]: [sim_plan] built plan=28 start=48.70 horizon=15.00 frames=150 commit_frames=20[0m
[0m[INFO] [1788847462.737925169]: [sim_plan] built plan=29 start=50.70 horizon=15.00 frames=150 commit_frames=20[0m
[0m[INFO] [1788847462.739744410]: [multi_patrol][A1 EXIT PRIORITY RELEASE] V1 s=0.771 threshold=0.758[0m
[0m[INFO] [1788847462.778726202]: [sim_plan] built plan=30 start=52.70 horizon=15.00 frames=150 commit_frames=20[0m
[0m[INFO] [1788847462.809205283]: [sim_plan] built plan=31 start=54.70 horizon=15.00 frames=150 commit_frames=20[0m
[0m[INFO] [1788847462.833135886]: [sim_plan] built plan=32 start=56.70 horizon=15.00 frames=150 commit_frames=20[0m
[0m[INFO] [1788847462.854014318]: [sim_plan] built plan=33 start=58.70 horizon=15.00 frames=150 commit_frames=20[0m
[0m[INFO][33m[WARN] [1788847462.970892006]: [multi_patrol][A1 EXIT HORIZON] V0 target=B47 dwell_part=4.90s departure_window=10.10s total_horizon=15.00s[0m
[33m[WARN] [1788847462.985964687]: [multi_patrol][A1 EXIT HORIZON] V0 target=B47 dwell_part=2.90s departure_window=12.10s total_horizon=15.00s[0m
[33m[WARN] [1788847463.004075761]: [multi_patrol][A1 EXIT HORIZON] V0 target=B47 dwell_part=0.90s departure_window=14.10s total_horizon=15.00s[0m
[33m[WARN] [1788847463.140808104]: [SLOT_DEPARTURE] time=1min40.5s vehicle=V1 owner=none result=ALLOW reason=no_service_owner candidate_path_gen=3 slot_departure_clear_s=0.327 vehicle_mode=ACTIVE vehicle_speed=0.000 vehicle_path_s=0.000 blocker=none a1_prefix_conflict=0 ordinary_road_conflict=0[0m
[33m[WARN] [1788847463.141334901]: [multi_patrol][A1 EXIT PREPARED] V1 target=B49 pickup_dwell=5.00s exit_len=8.289 priority_until_s=0.758 horizon_refresh=IMMEDIATE[0m
 [1788847462.871297707]: [sim_plan] built plan=34 start=60.70 horizon=15.00 frames=150 commit_frames=20[0m
[0m[INFO] [1788847462.888534129]: [sim_plan] built plan=35 start=62.70 horizon=15.00 frames=150 commit_frames=20[0m
[0m[INFO] [1788847462.901676619]: [sim_plan] built plan=36 start=64.70 horizon=15.00 frames=150 commit_frames=20[0m
[0m[INFO] [1788847462.915847703]: [sim_plan] built plan=37 start=66.70 horizon=15.00 frames=150 commit_frames=20[0m
[0m[INFO] [1788847462.929634963]: [sim_plan] built plan=38 start=68.70 horizon=15.00 frames=150 commit_frames=20[0m
[0m[INFO] [1788847462.940411191]: [sim_plan] built plan=39 start=70.70 horizon=15.00 frames=150 commit_frames=20[0m
[0m[INFO] [1788847462.950734894]: [sim_plan] built plan=40 start=72.70 horizon=15.00 frames=150 commit_frames=20[0m
[0m[INFO] [1788847462.960470780]: [sim_plan] built plan=41 start=74.70 horizon=15.00 frames=150 commit_frames=20[0m
[0m[INFO] [1788847462.970831689]: [sim_plan] built plan=42 start=75.30 horizon=15.00 frames=150 commit_frames=20[0m
[0m[INFO] [1788847462.985913744]: [sim_plan] built plan=43 start=77.30 horizon=15.00 frames=150 commit_frames=20[0m
[0m[INFO] [1788847463.004004241]: [sim_plan] built plan=44 start=79.30 horizon=15.00 frames=150 commit_frames=20[0m
[0m[INFO] [1788847463.005639885]: [multi_patrol][A1] V0 activate prepared dropoff: A1 -> B47 len=8.694 priority_until_s=0.758[0m
[0m[INFO] [1788847463.023933247]: [sim_plan] built plan=45 start=80.20 horizon=15.00 frames=150 commit_frames=20[0m
[0m[INFO] [1788847463.062911830]: [sim_plan] built plan=46 start=82.20 horizon=15.00 frames=150 commit_frames=20[0m
[0m[INFO] [1788847463.079537170]: [sim_plan] built plan=47 start=84.20 horizon=15.00 frames=150 commit_frames=20[0m
[0m[INFO] [1788847463.080724106]: [multi_patrol][A1 EXIT PRIORITY RELEASE] V0 s=0.771 threshold=0.758[0m
[0m[INFO] [1788847463.095804986]: [sim_plan] built plan=48 start=86.20 horizon=15.00 frames=150 commit_frames=20[0m
[0m[INFO] [1788847463.106740264]: [sim_plan] built plan=49 start=88.20 horizon=15.00 frames=150 commit_frames=20[0m
[0m[INFO] [1788847463.116157805]: [sim_plan] built plan=50 start=90.20 horizon=15.00 frames=150 commit_frames=20[0m
[0m[INFO] [1788847463.123092356]: [sim_plan] built plan=51 start=92.20 horizon=15.00 frames=150 commit_frames=20[0m
[0m[INFO] [1788847463.128374335]: [sim_plan] built plan=52 start=94.20 horizon=15.00 frames=150 commit_frames=20[0m
[0m[INFO] [1788847463.132324467]: [sim_plan] built plan=53 start=96.20 horizon=15.00 frames=150 commit_frames=20[0m
[0m[INFO] [1788847463.136109740]: [sim_plan] built plan=54 start=98.20 horizon=15.00 frames=150 commit_frames=20[0m
[0m[INFO] [1788847463.140064960]: [sim_plan] built plan=55 start=100.20 horizon=15.00 frames=150 commit_frames=20[0m
[0m[INFO] [1788847463.140761246]: [multi_patrol][A1] V1 pickup leg: B51 -> A1  wpts=490 len=6.199[0m
[0m[INFO] [1788847463.157374320]: [sim_plan] built plan=56 start=100.50 horizon=15.00 frames=150 commit_frames=20[0m
[0m[INFO] [1788847463.185502767]: [sim_plan] built plan=57 start=102.50 horizon=15.00 frames=150 commit_frames=20[0m
[0m[INFO] [1788847463.202893869]: [sim_plan] built plan=58 start=104.50 horizon=15.00 frames=150 commit_frames=20[0m
[0m[INFO] [1788847463.220372483]: [sim_plan] built plan=59 start=106.50 horizon=15.00 frames=150 commit_frames=20[0m
[0m[INFO] [1788847463.238040764]: [sim_plan] built plan=60 start=108.50 horizon=15.00 frames=150 commit_frames=20[0m
[0m[INFO] [1788847463.255484504]: [sim_plan] built plan=61 start=110.50 horizon=15.00 frames=150 commit_frames=20[0m
[0m[INFO] [1788847463.272689396]: [sim_plan] built plan=62 start=112.50 horizon=15.00 frames=150 commit_frames=20[0m
[0m[INFO] [1788847463.289718233]: [sim_plan] built plan=63 start=114.50 horizon=15.00 frames=150 commit_frames=20[0m
[0m[INFO] [1788847463.306587342]: [sim_plan] built plan=64 start=116.50 horizon=15.00 frames=150 commit_frames=20[0m
[0m[INFO] [1788847463.321266421]: [sim_plan] built plan=65 start=118.50 horizon=15.00 frames=150[33m[WARN] [1788847463.409661498]: [SLOT_DEPARTURE] time=2min14.9s vehicle=V0 owner=V1 result=ALLOW reason=slot_departure_clear candidate_path_gen=5 slot_departure_clear_s=0.327 vehicle_mode=ACTIVE vehicle_speed=0.000 vehicle_path_s=0.000 blocker=none a1_prefix_conflict=0 ordinary_road_conflict=0 owner_phase=TO_A1 owner_path_gen=3 geometry=pending_preview protected_zones=0 actual_occupancy_priority=0[0m
[33m[WARN] [1788847463.411131472]: [multi_patrol][A1 EXIT PREPARED] V0 target=B13 pickup_dwell=5.00s exit_len=4.333 priority_until_s=0.758 horizon_refresh=IMMEDIATE[0m
[33m[WARN] [1788847463.459301648]: [multi_patrol][A1 EXIT HORIZON] V1 target=B49 dwell_part=4.90s departure_window=10.10s total_horizon=15.00s[0m
[33m[WARN] [1788847463.474915073]: [multi_patrol][A1 EXIT HORIZON] V1 target=B49 dwell_part=2.90s departure_window=12.10s total_horizon=15.00s[0m
[33m[WARN] [1788847463.494056974]: [multi_patrol][A1 EXIT HORIZON] V1 target=B49 dwell_part=0.90s departure_window=14.10s total_horizon=15.00s[0m
[33m[WARN] [1788847463.771067124]: [multi_patrol][A1 EXIT HORIZON] V0 target=B13 dwell_part=4.90s departure_window=10.10s total_horizon=15.00s[0m
[33m[WARN] [1788847463.785192409]: [multi_patrol][A1 EXIT HORIZON] V0 target=B13 dwell_part=2.90s departure_window=12.10s total_horizon=15.00s[0m
[33m[WARN] [1788847463.802815076]: [multi_patrol][A1 EXIT HORIZON] V0 target=B13 dwell_part=0.90s departure_window=14.10s total_horizon=15.00s[0m
 commit_frames=20[0m
[0m[INFO] [1788847463.333443201]: [sim_plan] built plan=66 start=120.50 horizon=15.00 frames=150 commit_frames=20[0m
[0m[INFO] [1788847463.344421377]: [sim_plan] built plan=67 start=122.50 horizon=15.00 frames=150 commit_frames=20[0m
[0m[INFO] [1788847463.364654731]: [sim_plan] built plan=68 start=124.50 horizon=15.00 frames=150 commit_frames=20[0m
[0m[INFO] [1788847463.374882706]: [sim_plan] built plan=69 start=126.50 horizon=15.00 frames=150 commit_frames=20[0m
[0m[INFO] [1788847463.382955609]: [sim_plan] built plan=70 start=128.50 horizon=15.00 frames=150 commit_frames=20[0m
[0m[INFO] [1788847463.388826908]: [sim_plan] built plan=71 start=130.50 horizon=15.00 frames=150 commit_frames=20[0m
[0m[INFO] [1788847463.393585249]: [sim_plan] built plan=72 start=132.50 horizon=15.00 frames=150 commit_frames=20[0m
[0m[INFO] [1788847463.398186224]: [sim_plan] built plan=73 start=134.50 horizon=15.00 frames=150 commit_frames=20[0m
[0m[INFO] [1788847463.409579159]: [multi_patrol][A1] V0 pickup leg: B47 -> A1  wpts=548 len=6.222[0m
[0m[INFO] [1788847463.424820382]: [sim_plan] built plan=74 start=134.90 horizon=15.00 frames=150 commit_frames=20[0m
[0m[INFO] [1788847463.447344854]: [sim_plan] built plan=75 start=136.90 horizon=15.00 frames=150 commit_frames=20[0m
[0m[INFO] [1788847463.459242690]: [sim_plan] built plan=76 start=138.60 horizon=15.00 frames=150 commit_frames=20[0m
[0m[INFO] [1788847463.474862241]: [sim_plan] built plan=77 start=140.60 horizon=15.00 frames=150 commit_frames=20[0m
[0m[INFO] [1788847463.494013969]: [sim_plan] built plan=78 start=142.60 horizon=15.00 frames=150 commit_frames=20[0m
[0m[INFO] [1788847463.495419801]: [multi_patrol][A1] V1 activate prepared dropoff: A1 -> B49 len=8.289 priority_until_s=0.758[0m
[0m[INFO] [1788847463.513857370]: [sim_plan] built plan=79 start=143.50 horizon=15.00 frames=150 commit_frames=20[0m
[0m[INFO] [1788847463.545721911]: [sim_plan] built plan=80 start=145.50 horizon=15.00 frames=150 commit_frames=20[0m
[0m[INFO] [1788847463.567018579]: [sim_plan] built plan=81 start=147.50 horizon=15.00 frames=150 commit_frames=20[0m
[0m[INFO] [1788847463.568499583]: [multi_patrol][A1 EXIT PRIORITY RELEASE] V1 s=0.771 threshold=0.758[0m
[0m[INFO] [1788847463.587735176]: [sim_plan] built plan=82 start=149.50 horizon=15.00 frames=150 commit_frames=20[0m
[0m[INFO] [1788847463.609392684]: [sim_plan] built plan=83 start=151.50 horizon=15.00 frames=150 commit_frames=20[0m
[0m[INFO] [1788847463.630900225]: [sim_plan] built plan=84 start=153.50 horizon=15.00 frames=150 commit_frames=20[0m
[0m[INFO] [1788847463.653060361]: [sim_plan] built plan=85 start=155.50 horizon=15.00 frames=150 commit_frames=20[0m
[0m[INFO] [1788847463.672674287]: [sim_plan] built plan=86 start=157.50 horizon=15.00 frames=150 commit_frames=20[0m
[0m[INFO] [1788847463.688442423]: [sim_plan] built plan=87 start=159.50 horizon=15.00 frames=150 commit_frames=20[0m
[0m[INFO] [1788847463.703488121]: [sim_plan] built plan=88 start=161.50 horizon=15.00 frames=150 commit_frames=20[0m
[0m[INFO] [1788847463.717486698]: [sim_plan] built plan=89 start=163.50 horizon=15.00 frames=150 commit_frames=20[0m
[0m[INFO] [1788847463.729315411]: [sim_plan] built plan=90 start=165.50 horizon=15.00 frames=150 commit_frames=20[0m
[0m[INFO] [1788847463.740490944]: [sim_plan] built plan=91 start=167.50 horizon=15.00 frames=150 commit_frames=20[0m
[0m[INFO] [1788847463.751481972]: [sim_plan] built plan=92 start=169.50 horizon=15.00 frames=150 commit_frames=20[0m
[0m[INFO] [1788847463.760873387]: [sim_plan] built plan=93 start=171.50 horizon=15.00 frames=150 commit_frames=20[0m
[0m[INFO] [1788847463.771007491]: [sim_plan] built plan=94 start=172.30 horizon=15.00 frames=150 commit_frames=20[0m
[0m[INFO] [1788847463.785137160]: [sim_plan] built plan=95 start=174.30 horizon=15.00 frames=150 commit_frames=20[0m
[0m[INFO] [1788847463.802743016]: [sim_plan] built plan=96 start=176.30 horizon=15.00 frames=150 commit_frames=20[0m
[0m[INFO] [1788847463.804333641]: [multi_pa[33m[WARN] [1788847463.910897643]: [SLOT_DEPARTURE] time=3min16.1s vehicle=V1 owner=none result=ALLOW reason=no_service_owner candidate_path_gen=5 slot_departure_clear_s=0.327 vehicle_mode=ACTIVE vehicle_speed=0.000 vehicle_path_s=0.000 blocker=none a1_prefix_conflict=0 ordinary_road_conflict=0[0m
[33m[WARN] [1788847463.911417253]: [multi_patrol][A1 EXIT PREPARED] V1 target=B41 pickup_dwell=5.00s exit_len=7.360 priority_until_s=0.758 horizon_refresh=IMMEDIATE[0m
[33m[WARN] [1788847463.954515351]: [SLOT_DEPARTURE] time=3min27.8s vehicle=V0 owner=none result=ALLOW reason=no_service_owner candidate_path_gen=7 slot_departure_clear_s=0.327 vehicle_mode=ACTIVE vehicle_speed=0.000 vehicle_path_s=0.000 blocker=none a1_prefix_conflict=0 ordinary_road_conflict=0[0m
[33m[WARN] [1788847463.955052790]: [multi_patrol][A1 EXIT PREPARED] V0 target=B2 pickup_dwell=5.00s exit_len=2.116 priority_until_s=0.756 horizon_refresh=IMMEDIATE[0m
[33m[WARN] [1788847464.476577147]: [multi_patrol][A1 EXIT HORIZON] V0 target=B2 dwell_part=4.90s departure_window=10.10s total_horizon=15.00s[0m
[33m[WARN] [1788847464.520619769]: [multi_patrol][A1 EXIT HORIZON] V0 target=B2 dwell_part=2.90s departure_window=12.10s total_horizon=15.00s[0m
trol][A1] V0 activate prepared dropoff: A1 -> B13 len=4.333 priority_until_s=0.758[0m
[0m[INFO] [1788847463.823650609]: [sim_plan] built plan=97 start=177.20 horizon=15.00 frames=150 commit_frames=20[0m
[0m[INFO] [1788847463.848824524]: [sim_plan] built plan=98 start=179.20 horizon=15.00 frames=150 commit_frames=20[0m
[0m[INFO] [1788847463.863525751]: [sim_plan] built plan=99 start=181.20 horizon=15.00 frames=150 commit_frames=20[0m
[0m[INFO] [1788847463.864914611]: [multi_patrol][A1 EXIT PRIORITY RELEASE] V0 s=0.771 threshold=0.758[0m
[0m[INFO] [1788847463.876638354]: [sim_plan] built plan=100 start=183.20 horizon=15.00 frames=150 commit_frames=20[0m
[0m[INFO] [1788847463.887725104]: [sim_plan] built plan=101 start=185.20 horizon=15.00 frames=150 commit_frames=20[0m
[0m[INFO] [1788847463.896425257]: [sim_plan] built plan=102 start=187.20 horizon=15.00 frames=150 commit_frames=20[0m
[0m[INFO] [1788847463.902075722]: [sim_plan] built plan=103 start=189.20 horizon=15.00 frames=150 commit_frames=20[0m
[0m[INFO] [1788847463.905264833]: [sim_plan] built plan=104 start=191.20 horizon=15.00 frames=150 commit_frames=20[0m
[0m[INFO] [1788847463.908231485]: [sim_plan] built plan=105 start=193.20 horizon=15.00 frames=150 commit_frames=20[0m
[0m[INFO] [1788847463.910259298]: [sim_plan] built plan=106 start=195.20 horizon=15.00 frames=150 commit_frames=20[0m
[0m[INFO] [1788847463.910855688]: [multi_patrol][A1] V1 pickup leg: B49 -> A1  wpts=466 len=5.961[0m
[0m[INFO] [1788847463.921200692]: [sim_plan] built plan=107 start=196.10 horizon=15.00 frames=150 commit_frames=20[0m
[0m[INFO] [1788847463.935111996]: [sim_plan] built plan=108 start=198.10 horizon=15.00 frames=150 commit_frames=20[0m
[0m[INFO] [1788847463.941957327]: [sim_plan] built plan=109 start=200.10 horizon=15.00 frames=150 commit_frames=20[0m
[0m[INFO] [1788847463.946310726]: [sim_plan] built plan=110 start=202.10 horizon=15.00 frames=150 commit_frames=20[0m
[0m[INFO] [1788847463.949683513]: [sim_plan] built plan=111 start=204.10 horizon=15.00 frames=150 commit_frames=20[0m
[0m[INFO] [1788847463.953626335]: [sim_plan] built plan=112 start=206.10 horizon=15.00 frames=150 commit_frames=20[0m
[0m[INFO] [1788847463.954461374]: [multi_patrol][A1] V0 pickup leg: B13 -> A1  wpts=295 len=3.541[0m
[0m[INFO] [1788847463.972694802]: [sim_plan] built plan=113 start=207.80 horizon=15.00 frames=150 commit_frames=20[0m
[0m[INFO] [1788847463.994482462]: [sim_plan] built plan=114 start=209.80 horizon=15.00 frames=150 commit_frames=20[0m
[0m[INFO] [1788847464.012139472]: [sim_plan] built plan=115 start=211.80 horizon=15.00 frames=150 commit_frames=20[0m
[0m[INFO] [1788847464.027591047]: [sim_plan] built plan=116 start=213.80 horizon=15.00 frames=150 commit_frames=20[0m
[0m[INFO] [1788847464.072145633]: [sim_plan] built plan=117 start=215.80 horizon=15.00 frames=150 commit_frames=20[0m
[0m[INFO] [1788847464.116049024]: [sim_plan] built plan=118 start=217.80 horizon=15.00 frames=150 commit_frames=20[0m
[0m[INFO] [1788847464.159684031]: [sim_plan] built plan=119 start=219.80 horizon=15.00 frames=150 commit_frames=20[0m
[0m[INFO] [1788847464.212275071]: [sim_plan] built plan=120 start=221.80 horizon=15.00 frames=150 commit_frames=20[0m
[0m[INFO] [1788847464.266310093]: [sim_plan] built plan=121 start=223.80 horizon=15.00 frames=150 commit_frames=20[0m
[0m[INFO] [1788847464.329951360]: [sim_plan] built plan=122 start=225.80 horizon=15.00 frames=150 commit_frames=20[0m
[0m[INFO] [1788847464.384371441]: [sim_plan] built plan=123 start=227.80 horizon=15.00 frames=150 commit_frames=20[0m
[0m[INFO] [1788847464.431809991]: [sim_plan] built plan=124 start=229.80 horizon=15.00 frames=150 commit_frames=20[0m
[0m[INFO] [1788847464.476526262]: [sim_plan] built plan=125 start=229.90 horizon=15.00 frames=150 commit_frames=20[0m
[0m[INFO] [1788847464.520534415]: [sim_plan] built plan=126 start=231.90 horizon=15.00 frames=150 commit_frames=20[0m
[0m[INFO] [1788847464.564721327]: [sim_plan] built plan=127 start=233.90 horizon=15.00 frames=150 [33m[WARN] [1788847464.564995810]: [multi_patrol][A1 EXIT HORIZON] V0 target=B2 dwell_part=0.90s departure_window=14.10s total_horizon=15.00s[0m
[33m[WARN] [1788847464.712889554]: [SLOT_DEPARTURE] time=4min12.8s vehicle=V0 owner=V1 result=ALLOW reason=slot_departure_clear candidate_path_gen=9 slot_departure_clear_s=0.346 vehicle_mode=ACTIVE vehicle_speed=0.000 vehicle_path_s=0.000 blocker=none a1_prefix_conflict=0 ordinary_road_conflict=0 owner_phase=TO_A1 owner_path_gen=5 geometry=pending_preview protected_zones=0 actual_occupancy_priority=0[0m
[33m[WARN] [1788847464.713519917]: [multi_patrol][A1 EXIT PREPARED] V0 target=B59 pickup_dwell=5.00s exit_len=9.022 priority_until_s=0.758 horizon_refresh=IMMEDIATE[0m
[33m[WARN] [1788847464.821746966]: [multi_patrol][A1 EXIT HORIZON] V1 target=B41 dwell_part=4.90s departure_window=10.10s total_horizon=15.00s[0m
[33m[WARN] [1788847464.882195523]: [multi_patrol][A1 EXIT HORIZON] V1 target=B41 dwell_part=2.90s departure_window=12.10s total_horizon=15.00s[0m
[33m[WARN] [1788847464.945321032]: [multi_patrol][A1 EXIT HORIZON] V1 target=B41 dwell_part=0.90s departure_window=14.10s total_horizon=15.00s[0m
[33m[WARN] [1788847465.357500137]: [multi_patrol][A1 EXIT HORIZON] V0 target=B59 dwell_part=4.90s departure_window=10.10s total_horizon=15.00s[0m
[33m[WARN] [1788847465.372066214]: [multi_patrol][A1 EXIT HORIZON] V0 target=B59 dwell_part=2.90s departure_window=12.10s total_horizon=15.00s[0m
commit_frames=20[0m
[0m[INFO] [1788847464.566318075]: [multi_patrol][A1] V0 activate prepared dropoff: A1 -> B2 len=2.116 priority_until_s=0.756[0m
[0m[INFO] [1788847464.608543081]: [sim_plan] built plan=128 start=234.80 horizon=15.00 frames=150 commit_frames=20[0m
[0m[INFO] [1788847464.642063070]: [sim_plan] built plan=129 start=236.80 horizon=15.00 frames=150 commit_frames=20[0m
[0m[INFO] [1788847464.666212057]: [sim_plan] built plan=130 start=238.80 horizon=15.00 frames=150 commit_frames=20[0m
[0m[INFO] [1788847464.667200732]: [multi_patrol][A1 EXIT PRIORITY RELEASE] V0 s=0.768 threshold=0.756[0m
[0m[INFO] [1788847464.680847658]: [sim_plan] built plan=131 start=240.80 horizon=15.00 frames=150 commit_frames=20[0m
[0m[INFO] [1788847464.687743442]: [sim_plan] built plan=132 start=242.80 horizon=15.00 frames=150 commit_frames=20[0m
[0m[INFO] [1788847464.697394603]: [sim_plan] built plan=133 start=244.80 horizon=15.00 frames=150 commit_frames=20[0m
[0m[INFO] [1788847464.701965393]: [sim_plan] built plan=134 start=246.80 horizon=15.00 frames=150 commit_frames=20[0m
[0m[INFO] [1788847464.705751600]: [sim_plan] built plan=135 start=248.80 horizon=15.00 frames=150 commit_frames=20[0m
[0m[INFO] [1788847464.709384063]: [sim_plan] built plan=136 start=250.80 horizon=15.00 frames=150 commit_frames=20[0m
[0m[INFO] [1788847464.712838187]: [multi_patrol][A1] V0 pickup leg: B2 -> A1  wpts=162 len=2.116[0m
[0m[INFO] [1788847464.767680067]: [sim_plan] built plan=137 start=252.80 horizon=15.00 frames=150 commit_frames=20[0m
[0m[INFO] [1788847464.821691505]: [sim_plan] built plan=138 start=252.90 horizon=15.00 frames=150 commit_frames=20[0m
[0m[INFO] [1788847464.882139965]: [sim_plan] built plan=139 start=254.90 horizon=15.00 frames=150 commit_frames=20[0m
[0m[INFO] [1788847464.945271236]: [sim_plan] built plan=140 start=256.90 horizon=15.00 frames=150 commit_frames=20[0m
[0m[INFO] [1788847464.946803385]: [multi_patrol][A1] V1 activate prepared dropoff: A1 -> B41 len=7.360 priority_until_s=0.758[0m
[0m[INFO] [1788847465.010279994]: [sim_plan] built plan=141 start=257.80 horizon=15.00 frames=150 commit_frames=20[0m
[0m[INFO] [1788847465.070978518]: [sim_plan] built plan=142 start=259.80 horizon=15.00 frames=150 commit_frames=20[0m
[0m[INFO] [1788847465.121618403]: [sim_plan] built plan=143 start=261.80 horizon=15.00 frames=150 commit_frames=20[0m
[0m[INFO] [1788847465.123113387]: [multi_patrol][A1 EXIT PRIORITY RELEASE] V1 s=0.771 threshold=0.758[0m
[0m[INFO] [1788847465.163827993]: [sim_plan] built plan=144 start=263.80 horizon=15.00 frames=150 commit_frames=20[0m
[0m[INFO] [1788847465.195187188]: [sim_plan] built plan=145 start=265.80 horizon=15.00 frames=150 commit_frames=20[0m
[0m[INFO] [1788847465.223622632]: [sim_plan] built plan=146 start=267.80 horizon=15.00 frames=150 commit_frames=20[0m
[0m[INFO] [1788847465.246604904]: [sim_plan] built plan=147 start=269.80 horizon=15.00 frames=150 commit_frames=20[0m
[0m[INFO] [1788847465.264224902]: [sim_plan] built plan=148 start=271.80 horizon=15.00 frames=150 commit_frames=20[0m
[0m[INFO] [1788847465.279663384]: [sim_plan] built plan=149 start=273.80 horizon=15.00 frames=150 commit_frames=20[0m
[0m[INFO] [1788847465.295066464]: [sim_plan] built plan=150 start=275.80 horizon=15.00 frames=150 commit_frames=20[0m
[0m[INFO] [1788847465.308043262]: [sim_plan] built plan=151 start=277.80 horizon=15.00 frames=150 commit_frames=20[0m
[0m[INFO] [1788847465.320657688]: [sim_plan] built plan=152 start=279.80 horizon=15.00 frames=150 commit_frames=20[0m
[0m[INFO] [1788847465.333489884]: [sim_plan] built plan=153 start=281.80 horizon=15.00 frames=150 commit_frames=20[0m
[0m[INFO] [1788847465.345225682]: [sim_plan] built plan=154 start=283.80 horizon=15.00 frames=150 commit_frames=20[0m
[0m[INFO] [1788847465.357421536]: [sim_plan] built plan=155 start=284.30 horizon=15.00 frames=150 commit_frames=20[0m
[0m[INFO] [1788847465.372010117]: [sim_plan] built plan=156 start=286.30 horizon=15.00 frames=150 commit_frames=20[0m
[0m[INFO] [178884[33m[WARN] [1788847465.389247232]: [multi_patrol][A1 EXIT HORIZON] V0 target=B59 dwell_part=0.90s departure_window=14.10s total_horizon=15.00s[0m
[33m[WARN] [1788847465.490965747]: [SLOT_DEPARTURE] time=5min5.7s vehicle=V1 owner=none result=ALLOW reason=no_service_owner candidate_path_gen=7 slot_departure_clear_s=0.327 vehicle_mode=ACTIVE vehicle_speed=0.000 vehicle_path_s=0.000 blocker=none a1_prefix_conflict=0 ordinary_road_conflict=0[0m
[33m[WARN] [1788847465.491684534]: [multi_patrol][A1 EXIT PREPARED] V1 target=B15 pickup_dwell=5.00s exit_len=4.311 priority_until_s=0.758 horizon_refresh=IMMEDIATE[0m
[33m[WARN] [1788847465.843828307]: [SLOT_DEPARTURE] time=5min45.5s vehicle=V0 owner=V1 result=ALLOW reason=slot_departure_clear candidate_path_gen=11 slot_departure_clear_s=0.346 vehicle_mode=ACTIVE vehicle_speed=0.000 vehicle_path_s=0.000 blocker=none a1_prefix_conflict=0 ordinary_road_conflict=0 owner_phase=TO_A1 owner_path_gen=7 geometry=pending_preview protected_zones=0 actual_occupancy_priority=0[0m
[33m[WARN] [1788847465.844338921]: [multi_patrol][A1 EXIT PREPARED] V0 target=B65 pickup_dwell=5.00s exit_len=6.956 priority_until_s=0.758 horizon_refresh=IMMEDIATE[0m
7465.388958821]: [sim_plan] built plan=157 start=288.30 horizon=15.00 frames=150 commit_frames=20[0m
[0m[INFO] [1788847465.390608308]: [multi_patrol][A1] V0 activate prepared dropoff: A1 -> B59 len=9.022 priority_until_s=0.758[0m
[0m[INFO] [1788847465.407698858]: [sim_plan] built plan=158 start=289.20 horizon=15.00 frames=150 commit_frames=20[0m
[0m[INFO] [1788847465.440132659]: [sim_plan] built plan=159 start=291.20 horizon=15.00 frames=150 commit_frames=20[0m
[0m[INFO] [1788847465.452959962]: [sim_plan] built plan=160 start=293.20 horizon=15.00 frames=150 commit_frames=20[0m
[0m[INFO] [1788847465.454336402]: [multi_patrol][A1 EXIT PRIORITY RELEASE] V0 s=0.771 threshold=0.758[0m
[0m[INFO] [1788847465.463420407]: [sim_plan] built plan=161 start=295.20 horizon=15.00 frames=150 commit_frames=20[0m
[0m[INFO] [1788847465.471516025]: [sim_plan] built plan=162 start=297.20 horizon=15.00 frames=150 commit_frames=20[0m
[0m[INFO] [1788847465.477334494]: [sim_plan] built plan=163 start=299.20 horizon=15.00 frames=150 commit_frames=20[0m
[0m[INFO] [1788847465.481437678]: [sim_plan] built plan=164 start=301.20 horizon=15.00 frames=150 commit_frames=20[0m
[0m[INFO] [1788847465.485790818]: [sim_plan] built plan=165 start=303.20 horizon=15.00 frames=150 commit_frames=20[0m
[0m[INFO] [1788847465.490132762]: [sim_plan] built plan=166 start=305.20 horizon=15.00 frames=150 commit_frames=20[0m
[0m[INFO] [1788847465.490911413]: [multi_patrol][A1] V1 pickup leg: B41 -> A1  wpts=620 len=6.936[0m
[0m[INFO] [1788847465.513870073]: [sim_plan] built plan=167 start=305.70 horizon=15.00 frames=150 commit_frames=20[0m
[0m[INFO] [1788847465.552785884]: [sim_plan] built plan=168 start=307.70 horizon=15.00 frames=150 commit_frames=20[0m
[0m[INFO] [1788847465.573150852]: [sim_plan] built plan=169 start=309.70 horizon=15.00 frames=150 commit_frames=20[0m
[0m[INFO] [1788847465.592881520]: [sim_plan] built plan=170 start=311.70 horizon=15.00 frames=150 commit_frames=20[0m
[0m[INFO] [1788847465.615841916]: [sim_plan] built plan=171 start=313.70 horizon=15.00 frames=150 commit_frames=20[0m
[0m[INFO] [1788847465.634448971]: [sim_plan] built plan=172 start=315.70 horizon=15.00 frames=150 commit_frames=20[0m
[0m[INFO] [1788847465.656632545]: [sim_plan] built plan=173 start=317.70 horizon=15.00 frames=150 commit_frames=20[0m
[0m[INFO] [1788847465.680303414]: [sim_plan] built plan=174 start=319.70 horizon=15.00 frames=150 commit_frames=20[0m
[0m[INFO] [1788847465.699307915]: [sim_plan] built plan=175 start=321.70 horizon=15.00 frames=150 commit_frames=20[0m
[0m[INFO] [1788847465.718937968]: [sim_plan] built plan=176 start=323.70 horizon=15.00 frames=150 commit_frames=20[0m
[0m[INFO] [1788847465.739004640]: [sim_plan] built plan=177 start=325.70 horizon=15.00 frames=150 commit_frames=20[0m
[0m[INFO] [1788847465.759656325]: [sim_plan] built plan=178 start=327.70 horizon=15.00 frames=150 commit_frames=20[0m
[0m[INFO] [1788847465.777907800]: [sim_plan] built plan=179 start=329.70 horizon=15.00 frames=150 commit_frames=20[0m
[0m[INFO] [1788847465.796138004]: [sim_plan] built plan=180 start=331.70 horizon=15.00 frames=150 commit_frames=20[0m
[0m[INFO] [1788847465.806831575]: [sim_plan] built plan=181 start=333.70 horizon=15.00 frames=150 commit_frames=20[0m
[0m[INFO] [1788847465.815172235]: [sim_plan] built plan=182 start=335.70 horizon=15.00 frames=150 commit_frames=20[0m
[0m[INFO] [1788847465.822423607]: [sim_plan] built plan=183 start=337.70 horizon=15.00 frames=150 commit_frames=20[0m
[0m[INFO] [1788847465.828151798]: [sim_plan] built plan=184 start=339.70 horizon=15.00 frames=150 commit_frames=20[0m
[0m[INFO] [1788847465.833908045]: [sim_plan] built plan=185 start=341.70 horizon=15.00 frames=150 commit_frames=20[0m
[0m[INFO] [1788847465.838323204]: [sim_plan] built plan=186 start=343.70 horizon=15.00 frames=150 commit_frames=20[0m
[0m[INFO] [1788847465.843766035]: [multi_patrol][A1] V0 pickup leg: B59 -> A1  wpts=583 len=6.287[0m
[0m[INFO] [1788847465.855334197]: [sim_plan] built plan=187 start=345[33m[WARN] [1788847465.878233680]: [multi_patrol][A1 EXIT HORIZON] V1 target=B15 dwell_part=4.90s departure_window=10.10s total_horizon=15.00s[0m
[33m[WARN] [1788847465.893025375]: [multi_patrol][A1 EXIT HORIZON] V1 target=B15 dwell_part=2.90s departure_window=12.10s total_horizon=15.00s[0m
[33m[WARN] [1788847465.912290082]: [multi_patrol][A1 EXIT HORIZON] V1 target=B15 dwell_part=0.90s departure_window=14.10s total_horizon=15.00s[0m
[33m[WARN] [1788847466.163761202]: [SLOT_DEPARTURE] time=6min22.1s vehicle=V1 owner=V0 result=ALLOW reason=slot_departure_clear candidate_path_gen=9 slot_departure_clear_s=0.327 vehicle_mode=ACTIVE vehicle_speed=0.000 vehicle_path_s=0.000 blocker=none a1_prefix_conflict=0 ordinary_road_conflict=0 owner_phase=TO_A1 owner_path_gen=11 geometry=pending_preview protected_zones=0 actual_occupancy_priority=0[0m
[33m[WARN] [1788847466.164199951]: [multi_patrol][A1 EXIT PREPARED] V1 target=B6 pickup_dwell=5.00s exit_len=1.901 priority_until_s=0.758 horizon_refresh=IMMEDIATE[0m
[33m[WARN] [1788847466.191968779]: [multi_patrol][A1 EXIT HORIZON] V0 target=B65 dwell_part=4.90s departure_window=10.10s total_horizon=15.00s[0m
[33m[WARN] [1788847466.221471730]: [multi_patrol][A1 EXIT HORIZON] V0 target=B65 dwell_part=2.90s departure_window=12.10s total_horizon=15.00s[0m
[33m[WARN] [1788847466.259005743]: [multi_patrol][A1 EXIT HORIZON] V0 target=B65 dwell_part=0.90s departure_window=14.10s total_horizon=15.00s[0m
.50 horizon=15.00 frames=150 commit_frames=20[0m
[0m[INFO] [1788847465.878181706]: [sim_plan] built plan=188 start=346.70 horizon=15.00 frames=150 commit_frames=20[0m
[0m[INFO] [1788847465.892971581]: [sim_plan] built plan=189 start=348.70 horizon=15.00 frames=150 commit_frames=20[0m
[0m[INFO] [1788847465.912231740]: [sim_plan] built plan=190 start=350.70 horizon=15.00 frames=150 commit_frames=20[0m
[0m[INFO] [1788847465.913762628]: [multi_patrol][A1] V1 activate prepared dropoff: A1 -> B15 len=4.311 priority_until_s=0.758[0m
[0m[INFO] [1788847465.933143843]: [sim_plan] built plan=191 start=351.60 horizon=15.00 frames=150 commit_frames=20[0m
[0m[INFO] [1788847465.961999173]: [sim_plan] built plan=192 start=353.60 horizon=15.00 frames=150 commit_frames=20[0m
[0m[INFO] [1788847465.983403419]: [sim_plan] built plan=193 start=355.60 horizon=15.00 frames=150 commit_frames=20[0m
[0m[INFO] [1788847465.984831489]: [multi_patrol][A1 EXIT PRIORITY RELEASE] V1 s=0.771 threshold=0.758[0m
[0m[INFO] [1788847466.003481814]: [sim_plan] built plan=194 start=357.60 horizon=15.00 frames=150 commit_frames=20[0m
[0m[INFO] [1788847466.035950540]: [sim_plan] built plan=195 start=359.60 horizon=15.00 frames=150 commit_frames=20[0m
[0m[INFO] [1788847466.062557993]: [sim_plan] built plan=196 start=361.60 horizon=15.00 frames=150 commit_frames=20[0m
[0m[INFO] [1788847466.080268354]: [sim_plan] built plan=197 start=363.60 horizon=15.00 frames=150 commit_frames=20[0m
[0m[INFO] [1788847466.096658373]: [sim_plan] built plan=198 start=365.60 horizon=15.00 frames=150 commit_frames=20[0m
[0m[INFO] [1788847466.109599286]: [sim_plan] built plan=199 start=367.60 horizon=15.00 frames=150 commit_frames=20[0m
[0m[INFO] [1788847466.125391410]: [sim_plan] built plan=200 start=369.60 horizon=15.00 frames=150 commit_frames=20[0m
[0m[INFO] [1788847466.134726388]: [sim_plan] built plan=201 start=371.60 horizon=15.00 frames=150 commit_frames=20[0m
[0m[INFO] [1788847466.142120430]: [sim_plan] built plan=202 start=373.60 horizon=15.00 frames=150 commit_frames=20[0m
[0m[INFO] [1788847466.147082357]: [sim_plan] built plan=203 start=375.60 horizon=15.00 frames=150 commit_frames=20[0m
[0m[INFO] [1788847466.151789677]: [sim_plan] built plan=204 start=377.60 horizon=15.00 frames=150 commit_frames=20[0m
[0m[INFO] [1788847466.155479021]: [sim_plan] built plan=205 start=379.60 horizon=15.00 frames=150 commit_frames=20[0m
[0m[INFO] [1788847466.158975173]: [sim_plan] built plan=206 start=381.60 horizon=15.00 frames=150 commit_frames=20[0m
[0m[INFO] [1788847466.163721078]: [multi_patrol][A1] V1 pickup leg: B15 -> A1  wpts=295 len=3.763[0m
[0m[INFO] [1788847466.175431378]: [sim_plan] built plan=207 start=382.10 horizon=15.00 frames=150 commit_frames=20[0m
[0m[INFO] [1788847466.191926487]: [sim_plan] built plan=208 start=383.50 horizon=15.00 frames=150 commit_frames=20[0m
[0m[INFO] [1788847466.221430806]: [sim_plan] built plan=209 start=385.50 horizon=15.00 frames=150 commit_frames=20[0m
[0m[INFO] [1788847466.258951891]: [sim_plan] built plan=210 start=387.50 horizon=15.00 frames=150 commit_frames=20[0m
[0m[INFO] [1788847466.260481603]: [multi_patrol][A1] V0 activate prepared dropoff: A1 -> B65 len=6.956 priority_until_s=0.758[0m
[0m[INFO] [1788847466.302256842]: [sim_plan] built plan=211 start=388.40 horizon=15.00 frames=150 commit_frames=20[0m
[0m[INFO] [1788847466.349588801]: [sim_plan] built plan=212 start=390.40 horizon=15.00 frames=150 commit_frames=20[0m
[0m[INFO] [1788847466.385585704]: [sim_plan] built plan=213 start=392.40 horizon=15.00 frames=150 commit_frames=20[0m
[0m[INFO] [1788847466.387046959]: [multi_patrol][A1 EXIT PRIORITY RELEASE] V0 s=0.771 threshold=0.758[0m
[0m[INFO] [1788847466.409950207]: [sim_plan] built plan=214 start=394.40 horizon=15.00 frames=150 commit_frames=20[0m
[0m[INFO] [1788847466.432414421]: [sim_plan] built plan=215 start=396.40 horizon=15.00 frames=150 commit_frames=20[0m
[0m[INFO] [1788847466.448191440]: [sim_plan] built plan=216 start=398.40 horizon=15.00 frames=150 commit_f[33m[WARN] [1788847466.506734163]: [multi_patrol][A1 EXIT HORIZON] V1 target=B6 dwell_part=4.90s departure_window=10.10s total_horizon=15.00s[0m
[33m[WARN] [1788847466.523198071]: [multi_patrol][A1 EXIT HORIZON] V1 target=B6 dwell_part=2.90s departure_window=12.10s total_horizon=15.00s[0m
[33m[WARN] [1788847466.538836006]: [multi_patrol][A1 EXIT HORIZON] V1 target=B6 dwell_part=0.90s departure_window=14.10s total_horizon=15.00s[0m
rames=20[0m
[0m[INFO] [1788847466.461618662]: [sim_plan] built plan=217 start=400.40 horizon=15.00 frames=150 commit_frames=20[0m
[0m[INFO] [1788847466.474034875]: [sim_plan] built plan=218 start=402.40 horizon=15.00 frames=150 commit_frames=20[0m
[0m[INFO] [1788847466.485032964]: [sim_plan] built plan=219 start=404.40 horizon=15.00 frames=150 commit_frames=20[0m
[0m[INFO] [1788847466.495781455]: [sim_plan] built plan=220 start=406.40 horizon=15.00 frames=150 commit_frames=20[0m
[0m[INFO] [1788847466.506686120]: [sim_plan] built plan=221 start=408.40 horizon=15.00 frames=150 commit_frames=20[0m
[0m[INFO] [1788847466.523109528]: [sim_plan] built plan=222 start=410.40 horizon=15.00 frames=150 commit_frames=20[0m
[0m[INFO] [1788847466.538786114]: [sim_plan] built plan=223 start=412.40 horizon=15.00 frames=150 commit_frames=20[0m
[0m[INFO] [1788847466.540287332]: [multi_patrol][A1] V1 activate prepared dropoff: A1 -> B6 len=1.901 priority_until_s=0.758[0m
[0m[INFO] [1788847466.554803935]: [sim_plan] built plan=224 start=413.30 horizon=15.00 frames=150 commit_frames=20[0m
[0m[INFO] [1788847466.572649747]: [sim_plan] built plan=225 start=415.30 horizon=15.00 frames=150 commit_frames=20[0m
[0m[INFO] [1788847466.583383979]: [sim_plan] built plan=226 start=417.30 horizon=15.00 frames=150 commit_frames=20[0m
[0m[INFO] [1788847466.584173412]: [multi_patrol][A1 EXIT PRIORITY RELEASE] V1 s=0.771 threshold=0.758[0m
[0m[INFO] [1788847466.591018367]: [sim_plan] built plan=227 start=419.30 horizon=15.00 frames=150 commit_frames=20[0m
[0m[INFO] [1788847466.596289375]: [sim_plan] built plan=228 start=421.30 horizon=15.00 frames=150 commit_frames=20[0m
[0m[INFO] [1788847466.599705053]: [sim_plan] built plan=229 start=423.30 horizon=15.00 frames=150 commit_frames=20[0m
[0m[INFO] [1788847466.601398534]: [sim_plan] built plan=230 start=425.30 horizon=15.00 frames=150 commit_frames=20[0m
[0m[INFO] [1788847466.602639249]: [sim_plan] built plan=231 start=427.30 horizon=15.00 frames=150 commit_frames=20[0m
[0m[INFO] [1788847466.603471856]: [sim_plan] built plan=232 start=427.30 horizon=15.00 frames=150 commit_frames=20[0m
[0m[INFO] [1788847466.604279582]: [sim_plan] built plan=233 start=427.40 horizon=15.00 frames=150 commit_frames=20[0m
[0m[INFO] [1788847466.604901183]: [sim_plan] built plan=234 start=427.40 horizon=15.00 frames=150 commit_frames=20[0m
[0m[INFO] [1788847466.605562950]: [sim_plan] built plan=235 start=427.50 horizon=15.00 frames=150 commit_frames=20[0m
[0m[INFO] [1788847466.606142154]: [sim_plan] built plan=236 start=427.50 horizon=15.00 frames=150 commit_frames=20[0m
[0m[INFO] [1788847466.606737931]: [sim_plan] built plan=237 start=427.60 horizon=15.00 frames=150 commit_frames=20[0m
[0m[INFO] [1788847466.607388116]: [sim_plan] built plan=238 start=427.60 horizon=15.00 frames=150 commit_frames=20[0m
[0m[INFO] [1788847466.607981137]: [sim_plan] built plan=239 start=427.70 horizon=15.00 frames=150 commit_frames=20[0m
[0m[INFO] [1788847466.608543713]: [sim_plan] built plan=240 start=427.70 horizon=15.00 frames=150 commit_frames=20[0m
[0m[INFO] [1788847466.609331443]: [sim_plan] built plan=241 start=427.80 horizon=15.00 frames=150 commit_frames=20[0m
[0m[INFO] [1788847466.610036027]: [sim_plan] built plan=242 start=427.80 horizon=15.00 frames=150 commit_frames=20[0m
[0m[INFO] [1788847466.610655540]: [sim_plan] built plan=243 start=427.90 horizon=15.00 frames=150 commit_frames=20[0m
[0m[INFO] [1788847466.611382161]: [sim_plan] built plan=244 start=427.90 horizon=15.00 frames=150 commit_frames=20[0m
[0m[INFO] [1788847466.611915259]: [sim_plan] built plan=245 start=428.00 horizon=15.00 frames=150 commit_frames=20[0m
[0m[INFO] [1788847466.612538327]: [sim_plan] built plan=246 start=428.00 horizon=15.00 frames=150 commit_frames=20[0m
[0m[INFO] [1788847466.613234706]: [sim_plan] built plan=247 start=428.10 horizon=15.00 frames=150 commit_frames=20[0m
[0m[INFO] [1788847466.613854729]: [sim_plan] built plan=248 start=428.10 horizon=15.00 frames=150 commit_frames=20[0m
[0m[INFO] [1788847466.614442432]: [sim_plan] built plan=249 start=428.20 horizon=15.00 frames=150 commit_frames=20[0m
[0m[INFO] [1788847466.615489891]: [sim_plan] built plan=250 start=428.20 horizon=15.00 frames=150 commit_frames=20[0m
[0m[INFO] [1788847466.616168621]: [sim_plan] built plan=251 start=428.30 horizon=15.00 frames=150 commit_frames=20[0m
[0m[INFO] [1788847466.616604073]: [sim_plan] built plan=252 start=428.30 horizon=15.00 frames=150 commit_frames=20[0m
[0m[INFO] [1788847466.617076431]: [sim_plan] built plan=253 start=428.40 horizon=15.00 frames=150 commit_frames=20[0m
[0m[INFO] [1788847466.617508193]: [sim_plan] built plan=254 start=428.40 horizon=15.00 frames=150 commit_frames=20[0m
[0m[INFO] [1788847466.617933308]: [sim_plan] built plan=255 start=428.50 horizon=15.00 frames=150 commit_frames=20[0m
[0m[INFO] [1788847466.618385677]: [sim_plan] built plan=256 start=428.50 horizon=15.00 frames=150 commit_frames=20[0m
[0m[INFO] [1788847466.618847765]: [sim_plan] built plan=257 start=428.60 horizon=15.00 frames=150 commit_frames=20[0m
[0m[INFO] [1788847466.619323919]: [sim_plan] built plan=258 start=428.60 horizon=15.00 frames=150 commit_frames=20[0m
[0m[INFO] [1788847466.619768775]: [sim_plan] built plan=259 start=428.70 horizon=15.00 frames=150 commit_frames=20[0m
[0m[INFO] [1788847466.620214486]: [sim_plan] built plan=260 start=428.70 horizon=15.00 frames=150 commit_frames=20[0m
[0m[INFO] [1788847466.620700889]: [sim_plan] built plan=261 start=428.80 horizon=15.00 frames=150 commit_frames=20[0m
[0m[INFO] [1788847466.621112903]: [sim_plan] built plan=262 start=428.80 horizon=15.00 frames=150 commit_frames=20[0m
[0m[INFO] [1788847466.621545955]: [sim_plan] built plan=263 start=428.90 horizon=15.00 frames=150 commit_frames=20[0m
[0m[INFO] [1788847466.622064160]: [sim_plan] built plan=264 start=428.90 horizon=15.00 frames=150 commit_frames=20[0m
[0m[INFO] [1788847466.622464045]: [sim_plan] built plan=265 start=429.00 horizon=15.00 frames=150 commit_frames=20[0m
[0m[INFO] [1788847466.622848158]: [sim_plan] built plan=266 start=429.00 horizon=15.00 frames=150 commit_frames=20[0m
[0m[INFO] [1788847466.623322376]: [sim_plan] built plan=267 start=429.10 horizon=15.00 frames=150 commit_frames=20[0m
[0m[INFO] [1788847466.623775804]: [sim_plan] built plan=268 start=429.10 horizon=15.00 frames=150 commit_frames=20[0m
[0m[INFO] [1788847466.624261881]: [sim_plan] built plan=269 start=429.20 horizon=15.00 frames=150 commit_frames=20[0m
[0m[INFO] [1788847466.624680492]: [sim_plan] built plan=270 start=429.20 horizon=15.00 frames=150 commit_frames=20[0m
[0m[INFO] [1788847466.625261926]: [sim_plan] built plan=271 start=429.30 horizon=15.00 frames=150 commit_frames=20[0m
[0m[INFO] [1788847466.625783384]: [sim_plan] built plan=272 start=429.30 horizon=15.00 frames=150 commit_frames=20[0m
[0m[INFO] [1788847466.626264221]: [sim_plan] built plan=273 start=429.40 horizon=15.00 frames=150 commit_frames=20[0m
[0m[INFO] [1788847466.626775549]: [sim_plan] built plan=274 start=429.40 horizon=15.00 frames=150 commit_frames=20[0m
[0m[INFO] [1788847466.627291122]: [sim_plan] built plan=275 start=429.50 horizon=15.00 frames=150 commit_frames=20[0m
[0m[INFO] [1788847466.627797574]: [sim_plan] built plan=276 start=429.50 horizon=15.00 frames=150 commit_frames=20[0m
[0m[INFO] [1788847466.628255000]: [sim_plan] built plan=277 start=429.60 horizon=15.00 frames=150 commit_frames=20[0m
[0m[INFO] [1788847466.628655780]: [sim_plan] built plan=278 start=429.60 horizon=15.00 frames=150 commit_frames=20[0m
[0m[INFO] [1788847466.629040433]: [sim_plan] built plan=279 start=429.70 horizon=15.00 frames=150 commit_frames=20[0m
[0m[INFO] [1788847466.629557714]: [sim_plan] built plan=280 start=429.70 horizon=15.00 frames=150 commit_frames=20[0m
[0m[INFO] [1788847466.630081208]: [sim_plan] built plan=281 start=429.80 horizon=15.00 frames=150 commit_frames=20[0m
[0m[INFO] [1788847466.630673278]: [sim_plan] built plan=282 start=429.80 horizon=15.00 frames=150 commit_frames=20[0m
[0m[INFO] [1788847466[33m[WARN] [1788847466.634706294]: [SLOT_DEPARTURE] time=7min10.2s vehicle=V1 owner=none result=ALLOW reason=no_service_owner candidate_path_gen=11 slot_departure_clear_s=0.346 vehicle_mode=ACTIVE vehicle_speed=0.000 vehicle_path_s=0.000 blocker=none a1_prefix_conflict=0 ordinary_road_conflict=0[0m
[33m[WARN] [1788847466.635277050]: [multi_patrol][A1 EXIT PREPARED] V1 target=B2 pickup_dwell=5.00s exit_len=2.116 priority_until_s=0.756 horizon_refresh=IMMEDIATE[0m
[33m[WARN] [1788847466.650075383]: [SLOT_DEPARTURE] time=7min14.2s vehicle=V0 owner=V1 result=ALLOW reason=slot_departure_clear candidate_path_gen=13 slot_departure_clear_s=0.346 vehicle_mode=ACTIVE vehicle_speed=0.000 vehicle_path_s=0.000 blocker=none a1_prefix_conflict=0 ordinary_road_conflict=0 owner_phase=TO_A1 owner_path_gen=11 geometry=pending_preview protected_zones=0 actual_occupancy_priority=0[0m
[33m[WARN] [1788847466.650454046]: [multi_patrol][A1 EXIT PREPARED] V0 target=B48 pickup_dwell=5.00s exit_len=6.755 priority_until_s=0.758 horizon_refresh=IMMEDIATE[0m
[33m[WARN] [1788847466.714894841]: [multi_patrol][A1 EXIT HORIZON] V1 target=B2 dwell_part=4.90s departure_window=10.10s total_horizon=15.00s[0m
[33m[WARN] [1788847466.730322705]: [multi_patrol][A1 EXIT HORIZON] V1 target=B2 dwell_part=2.90s departure_window=12.10s total_horizon=15.00s[0m
[33m[WARN] [1788847466.750734022]: [multi_patrol][A1 EXIT HORIZON] V1 target=B2 dwell_part=0.90s departure_window=14.10s total_horizon=15.00s[0m
[33m[WARN] [1788847466.864118865]: [SLOT_DEPARTURE] time=7min45.1s vehicle=V1 owner=V0 result=ALLOW reason=slot_departure_clear candidate_path_gen=13 slot_departure_clear_s=0.346 vehicle_mode=ACTIVE vehicle_speed=0.000 vehicle_path_s=0.000 blocker=none a1_prefix_conflict=0 ordinary_road_conflict=0 owner_phase=TO_A1 owner_path_gen=13 geometry=pending_preview protected_zones=0 actual_occupancy_priority=0[0m
[33m[WARN] [1788847466.864629758]: [multi_patrol][A1 EXIT PREPARED] V1 target=B53 pickup_dwell=5.00s exit_len=6.964 priority_until_s=0.758 horizon_refresh=IMMEDIATE[0m
.631306115]: [sim_plan] built plan=283 start=429.90 horizon=15.00 frames=150 commit_frames=20[0m
[0m[INFO] [1788847466.632307738]: [sim_plan] built plan=284 start=429.90 horizon=15.00 frames=150 commit_frames=20[0m
[0m[INFO] [1788847466.633032593]: [sim_plan] built plan=285 start=430.00 horizon=15.00 frames=150 commit_frames=20[0m
[0m[INFO] [1788847466.633649553]: [sim_plan] built plan=286 start=430.00 horizon=15.00 frames=150 commit_frames=20[0m
[0m[INFO] [1788847466.634117070]: [sim_plan] built plan=287 start=430.10 horizon=15.00 frames=150 commit_frames=20[0m
[0m[INFO] [1788847466.634552887]: [sim_plan] built plan=288 start=430.10 horizon=15.00 frames=150 commit_frames=20[0m
[0m[INFO] [1788847466.634664320]: [multi_patrol][A1] V1 pickup leg: B6 -> A1  wpts=162 len=1.900[0m
[0m[INFO] [1788847466.642469460]: [sim_plan] built plan=289 start=430.20 horizon=15.00 frames=150 commit_frames=20[0m
[0m[INFO] [1788847466.646845879]: [sim_plan] built plan=290 start=432.20 horizon=15.00 frames=150 commit_frames=20[0m
[0m[INFO] [1788847466.650028381]: [multi_patrol][A1] V0 pickup leg: B65 -> A1  wpts=567 len=6.684[0m
[0m[INFO] [1788847466.664369801]: [sim_plan] built plan=291 start=434.20 horizon=15.00 frames=150 commit_frames=20[0m
[0m[INFO] [1788847466.680164832]: [sim_plan] built plan=292 start=436.20 horizon=15.00 frames=150 commit_frames=20[0m
[0m[INFO] [1788847466.691808860]: [sim_plan] built plan=293 start=438.20 horizon=15.00 frames=150 commit_frames=20[0m
[0m[INFO] [1788847466.703412514]: [sim_plan] built plan=294 start=440.20 horizon=15.00 frames=150 commit_frames=20[0m
[0m[INFO] [1788847466.714846306]: [sim_plan] built plan=295 start=442.20 horizon=15.00 frames=150 commit_frames=20[0m
[0m[INFO] [1788847466.730255674]: [sim_plan] built plan=296 start=444.20 horizon=15.00 frames=150 commit_frames=20[0m
[0m[INFO] [1788847466.750680083]: [sim_plan] built plan=297 start=446.20 horizon=15.00 frames=150 commit_frames=20[0m
[0m[INFO] [1788847466.752228693]: [multi_patrol][A1] V1 activate prepared dropoff: A1 -> B2 len=2.116 priority_until_s=0.756[0m
[0m[INFO] [1788847466.771908159]: [sim_plan] built plan=298 start=447.10 horizon=15.00 frames=150 commit_frames=20[0m
[0m[INFO] [1788847466.793122867]: [sim_plan] built plan=299 start=449.10 horizon=15.00 frames=150 commit_frames=20[0m
[0m[INFO] [1788847466.807861432]: [sim_plan] built plan=300 start=451.10 horizon=15.00 frames=150 commit_frames=20[0m
[0m[INFO] [1788847466.808943265]: [multi_patrol][A1 EXIT PRIORITY RELEASE] V1 s=0.768 threshold=0.756[0m
[0m[INFO] [1788847466.824992620]: [sim_plan] built plan=301 start=453.10 horizon=15.00 frames=150 commit_frames=20[0m
[0m[INFO] [1788847466.834940686]: [sim_plan] built plan=302 start=455.10 horizon=15.00 frames=150 commit_frames=20[0m
[0m[INFO] [1788847466.842463264]: [sim_plan] built plan=303 start=457.10 horizon=15.00 frames=150 commit_frames=20[0m
[0m[INFO] [1788847466.847708519]: [sim_plan] built plan=304 start=459.10 horizon=15.00 frames=150 commit_frames=20[0m
[0m[INFO] [1788847466.855805133]: [sim_plan] built plan=305 start=461.10 horizon=15.00 frames=150 commit_frames=20[0m
[0m[INFO] [1788847466.860739054]: [sim_plan] built plan=306 start=463.10 horizon=15.00 frames=150 commit_frames=20[0m
[0m[INFO] [1788847466.864072719]: [multi_patrol][A1] V1 pickup leg: B2 -> A1  wpts=162 len=2.116[0m
[0m[INFO] [1788847466.934431403]: [sim_plan] built plan=307 start=465.10 horizon=15.00 frames=150 commit_frames=20[0m
[0m[INFO] [1788847467.002849248]: [sim_plan] built plan=308 start=467.10 horizon=15.00 frames=150 commit_frames=20[0m
[0m[INFO] [1788847467.062475675]: [sim_plan] built plan=309 start=469.10 horizon=15.00 frames=150 commit_frames=20[0m
[0m[INFO] [1788847467.118231327]: [sim_plan] built plan=310 start=471.10 horizon=15.00 frames=150 commit_frames=20[0m
[0m[INFO] [1788847467.168798053]: [sim_plan] built plan=311 start=473.10 horizon=15.00 frames=150 commit_frames=20[0m
[0m[INFO] [1788847467.210407205]: [sim_plan] built plan=312 start=474.70 horizon=15.00 frames[33m[WARN] [1788847467.210644665]: [multi_patrol][A1 EXIT HORIZON] V0 target=B48 dwell_part=4.90s departure_window=10.10s total_horizon=15.00s[0m
[33m[WARN] [1788847467.254093139]: [multi_patrol][A1 EXIT HORIZON] V0 target=B48 dwell_part=2.90s departure_window=12.10s total_horizon=15.00s[0m
[33m[WARN] [1788847467.294871445]: [multi_patrol][A1 EXIT HORIZON] V0 target=B48 dwell_part=0.90s departure_window=14.10s total_horizon=15.00s[0m
[33m[WARN] [1788847467.460101346]: [multi_patrol][A1 EXIT HORIZON] V1 target=B53 dwell_part=4.90s departure_window=10.10s total_horizon=15.00s[0m
[33m[WARN] [1788847467.473112902]: [multi_patrol][A1 EXIT HORIZON] V1 target=B53 dwell_part=2.90s departure_window=12.10s total_horizon=15.00s[0m
[33m[WARN] [1788847467.489577773]: [multi_patrol][A1 EXIT HORIZON] V1 target=B53 dwell_part=0.90s departure_window=14.10s total_horizon=15.00s[0m
[33m[WARN] [1788847467.652003930]: [SLOT_DEPARTURE] time=8min44.4s vehicle=V0 owner=none result=ALLOW reason=no_service_owner candidate_path_gen=15 slot_departure_clear_s=0.327 vehicle_mode=ACTIVE vehicle_speed=0.000 vehicle_path_s=0.000 blocker=none a1_prefix_conflict=0 ordinary_road_conflict=0[0m
[33m[WARN] [1788847467.652531972]: [multi_patrol][A1 EXIT PREPARED] V0 target=B45 pickup_dwell=5.00s exit_len=8.932 priority_until_s=0.758 horizon_refresh=IMMEDIATE[0m
=150 commit_frames=20[0m
[0m[INFO] [1788847467.254048641]: [sim_plan] built plan=313 start=476.70 horizon=15.00 frames=150 commit_frames=20[0m
[0m[INFO] [1788847467.294577155]: [sim_plan] built plan=314 start=478.70 horizon=15.00 frames=150 commit_frames=20[0m
[0m[INFO] [1788847467.296166210]: [multi_patrol][A1] V0 activate prepared dropoff: A1 -> B48 len=6.755 priority_until_s=0.758[0m
[0m[INFO] [1788847467.333526567]: [sim_plan] built plan=315 start=479.60 horizon=15.00 frames=150 commit_frames=20[0m
[0m[INFO] [1788847467.364124194]: [sim_plan] built plan=316 start=481.60 horizon=15.00 frames=150 commit_frames=20[0m
[0m[INFO] [1788847467.387572109]: [sim_plan] built plan=317 start=483.60 horizon=15.00 frames=150 commit_frames=20[0m
[0m[INFO] [1788847467.389022536]: [multi_patrol][A1 EXIT PRIORITY RELEASE] V0 s=0.771 threshold=0.758[0m
[0m[INFO] [1788847467.406018485]: [sim_plan] built plan=318 start=485.60 horizon=15.00 frames=150 commit_frames=20[0m
[0m[INFO] [1788847467.417849414]: [sim_plan] built plan=319 start=487.60 horizon=15.00 frames=150 commit_frames=20[0m
[0m[INFO] [1788847467.429248871]: [sim_plan] built plan=320 start=489.60 horizon=15.00 frames=150 commit_frames=20[0m
[0m[INFO] [1788847467.440497689]: [sim_plan] built plan=321 start=491.60 horizon=15.00 frames=150 commit_frames=20[0m
[0m[INFO] [1788847467.450564018]: [sim_plan] built plan=322 start=493.60 horizon=15.00 frames=150 commit_frames=20[0m
[0m[INFO] [1788847467.460053004]: [sim_plan] built plan=323 start=495.40 horizon=15.00 frames=150 commit_frames=20[0m
[0m[INFO] [1788847467.473059570]: [sim_plan] built plan=324 start=497.40 horizon=15.00 frames=150 commit_frames=20[0m
[0m[INFO] [1788847467.489515029]: [sim_plan] built plan=325 start=499.40 horizon=15.00 frames=150 commit_frames=20[0m
[0m[INFO] [1788847467.491033489]: [multi_patrol][A1] V1 activate prepared dropoff: A1 -> B53 len=6.964 priority_until_s=0.758[0m
[0m[INFO] [1788847467.507813488]: [sim_plan] built plan=326 start=500.30 horizon=15.00 frames=150 commit_frames=20[0m
[0m[INFO] [1788847467.541302140]: [sim_plan] built plan=327 start=502.30 horizon=15.00 frames=150 commit_frames=20[0m
[0m[INFO] [1788847467.558625489]: [sim_plan] built plan=328 start=504.30 horizon=15.00 frames=150 commit_frames=20[0m
[0m[INFO] [1788847467.559989289]: [multi_patrol][A1 EXIT PRIORITY RELEASE] V1 s=0.771 threshold=0.758[0m
[0m[INFO] [1788847467.579241163]: [sim_plan] built plan=329 start=506.30 horizon=15.00 frames=150 commit_frames=20[0m
[0m[INFO] [1788847467.593796603]: [sim_plan] built plan=330 start=508.30 horizon=15.00 frames=150 commit_frames=20[0m
[0m[INFO] [1788847467.606969880]: [sim_plan] built plan=331 start=510.30 horizon=15.00 frames=150 commit_frames=20[0m
[0m[INFO] [1788847467.617248278]: [sim_plan] built plan=332 start=512.30 horizon=15.00 frames=150 commit_frames=20[0m
[0m[INFO] [1788847467.626217971]: [sim_plan] built plan=333 start=514.30 horizon=15.00 frames=150 commit_frames=20[0m
[0m[INFO] [1788847467.634362728]: [sim_plan] built plan=334 start=516.30 horizon=15.00 frames=150 commit_frames=20[0m
[0m[INFO] [1788847467.638963432]: [sim_plan] built plan=335 start=518.30 horizon=15.00 frames=150 commit_frames=20[0m
[0m[INFO] [1788847467.643051077]: [sim_plan] built plan=336 start=520.30 horizon=15.00 frames=150 commit_frames=20[0m
[0m[INFO] [1788847467.647225396]: [sim_plan] built plan=337 start=522.30 horizon=15.00 frames=150 commit_frames=20[0m
[0m[INFO] [1788847467.651384147]: [sim_plan] built plan=338 start=524.30 horizon=15.00 frames=150 commit_frames=20[0m
[0m[INFO] [1788847467.651963410]: [multi_patrol][A1] V0 pickup leg: B48 -> A1  wpts=380 len=4.828[0m
[0m[INFO] [1788847467.668614857]: [sim_plan] built plan=339 start=524.40 horizon=15.00 frames=150 commit_frames=20[0m
[0m[INFO] [1788847467.691953961]: [sim_plan] built plan=340 start=526.40 horizon=15.00 frames=150 commit_frames=20[0m
[0m[INFO] [1788847467.706227125]: [sim_plan] built plan=341 start=528.40 horizon=15.00 frames=150 commit_frames=20[0m
[0m[INFO] [33m[WARN] [1788847467.796110835]: [SLOT_DEPARTURE] time=9min6.2s vehicle=V1 owner=V0 result=ALLOW reason=slot_departure_clear candidate_path_gen=15 slot_departure_clear_s=0.327 vehicle_mode=ACTIVE vehicle_speed=0.000 vehicle_path_s=0.000 blocker=none a1_prefix_conflict=0 ordinary_road_conflict=0 owner_phase=TO_A1 owner_path_gen=15 geometry=pending_preview protected_zones=0 actual_occupancy_priority=0[0m
[33m[WARN] [1788847467.796490586]: [multi_patrol][A1 EXIT PREPARED] V1 target=B44 pickup_dwell=5.00s exit_len=7.399 priority_until_s=0.758 horizon_refresh=IMMEDIATE[0m
[33m[WARN] [1788847467.882247510]: [multi_patrol][A1 EXIT HORIZON] V0 target=B45 dwell_part=4.90s departure_window=10.10s total_horizon=15.00s[0m
[33m[WARN] [1788847467.899412827]: [multi_patrol][A1 EXIT HORIZON] V0 target=B45 dwell_part=2.90s departure_window=12.10s total_horizon=15.00s[0m
[33m[WARN] [1788847467.922074242]: [multi_patrol][A1 EXIT HORIZON] V0 target=B45 dwell_part=0.90s departure_window=14.10s total_horizon=15.00s[0m
[33m[WARN] [1788847468.189416933]: [multi_patrol][A1 EXIT HORIZON] V1 target=B44 dwell_part=4.90s departure_window=10.10s total_horizon=15.00s[0m
[33m[WARN] [1788847468.204268870]: [multi_patrol][A1 EXIT HORIZON] V1 target=B44 dwell_part=2.90s departure_window=12.10s total_horizon=15.00s[0m
[1788847467.719098012]: [sim_plan] built plan=342 start=530.40 horizon=15.00 frames=150 commit_frames=20[0m
[0m[INFO] [1788847467.730273495]: [sim_plan] built plan=343 start=532.40 horizon=15.00 frames=150 commit_frames=20[0m
[0m[INFO] [1788847467.740094457]: [sim_plan] built plan=344 start=534.40 horizon=15.00 frames=150 commit_frames=20[0m
[0m[INFO] [1788847467.748979650]: [sim_plan] built plan=345 start=536.40 horizon=15.00 frames=150 commit_frames=20[0m
[0m[INFO] [1788847467.755565788]: [sim_plan] built plan=346 start=538.40 horizon=15.00 frames=150 commit_frames=20[0m
[0m[INFO] [1788847467.760653890]: [sim_plan] built plan=347 start=540.40 horizon=15.00 frames=150 commit_frames=20[0m
[0m[INFO] [1788847467.775088447]: [sim_plan] built plan=348 start=542.40 horizon=15.00 frames=150 commit_frames=20[0m
[0m[INFO] [1788847467.786475525]: [sim_plan] built plan=349 start=544.40 horizon=15.00 frames=150 commit_frames=20[0m
[0m[INFO] [1788847467.796058833]: [multi_patrol][A1] V1 pickup leg: B53 -> A1  wpts=514 len=6.437[0m
[0m[INFO] [1788847467.809280927]: [sim_plan] built plan=350 start=546.20 horizon=15.00 frames=150 commit_frames=20[0m
[0m[INFO] [1788847467.833205604]: [sim_plan] built plan=351 start=548.20 horizon=15.00 frames=150 commit_frames=20[0m
[0m[INFO] [1788847467.845212127]: [sim_plan] built plan=352 start=550.20 horizon=15.00 frames=150 commit_frames=20[0m
[0m[INFO] [1788847467.858518907]: [sim_plan] built plan=353 start=552.20 horizon=15.00 frames=150 commit_frames=20[0m
[0m[INFO] [1788847467.869947719]: [sim_plan] built plan=354 start=554.20 horizon=15.00 frames=150 commit_frames=20[0m
[0m[INFO] [1788847467.882200941]: [sim_plan] built plan=355 start=555.50 horizon=15.00 frames=150 commit_frames=20[0m
[0m[INFO] [1788847467.899368329]: [sim_plan] built plan=356 start=557.50 horizon=15.00 frames=150 commit_frames=20[0m
[0m[INFO] [1788847467.922016941]: [sim_plan] built plan=357 start=559.50 horizon=15.00 frames=150 commit_frames=20[0m
[0m[INFO] [1788847467.923743394]: [multi_patrol][A1] V0 activate prepared dropoff: A1 -> B45 len=8.932 priority_until_s=0.758[0m
[0m[INFO] [1788847467.942625631]: [sim_plan] built plan=358 start=560.40 horizon=15.00 frames=150 commit_frames=20[0m
[0m[INFO] [1788847467.974689269]: [sim_plan] built plan=359 start=562.40 horizon=15.00 frames=150 commit_frames=20[0m
[0m[INFO] [1788847468.007293984]: [sim_plan] built plan=360 start=564.40 horizon=15.00 frames=150 commit_frames=20[0m
[0m[INFO] [1788847468.009432986]: [multi_patrol][A1 EXIT PRIORITY RELEASE] V0 s=0.771 threshold=0.758[0m
[0m[INFO] [1788847468.038835842]: [sim_plan] built plan=361 start=566.40 horizon=15.00 frames=150 commit_frames=20[0m
[0m[INFO] [1788847468.059201995]: [sim_plan] built plan=362 start=568.40 horizon=15.00 frames=150 commit_frames=20[0m
[0m[INFO] [1788847468.084041419]: [sim_plan] built plan=363 start=570.40 horizon=15.00 frames=150 commit_frames=20[0m
[0m[INFO] [1788847468.100901763]: [sim_plan] built plan=364 start=572.40 horizon=15.00 frames=150 commit_frames=20[0m
[0m[INFO] [1788847468.114958284]: [sim_plan] built plan=365 start=574.40 horizon=15.00 frames=150 commit_frames=20[0m
[0m[INFO] [1788847468.128469665]: [sim_plan] built plan=366 start=576.40 horizon=15.00 frames=150 commit_frames=20[0m
[0m[INFO] [1788847468.139590227]: [sim_plan] built plan=367 start=578.40 horizon=15.00 frames=150 commit_frames=20[0m
[0m[INFO] [1788847468.152432395]: [sim_plan] built plan=368 start=580.40 horizon=15.00 frames=150 commit_frames=20[0m
[0m[INFO] [1788847468.164999801]: [sim_plan] built plan=369 start=582.40 horizon=15.00 frames=150 commit_frames=20[0m
[0m[INFO] [1788847468.176681458]: [sim_plan] built plan=370 start=584.40 horizon=15.00 frames=150 commit_frames=20[0m
[0m[INFO] [1788847468.189348929]: [sim_plan] built plan=371 start=585.80 horizon=15.00 frames=150 commit_frames=20[0m
[0m[INFO] [1788847468.204215615]: [sim_plan] built plan=372 start=587.80 horizon=15.00 frames=150 commit_frames=20[0m
[0m[INFO] [1788847468.226521584]: [sim_plan] [33m[WARN] [1788847468.226861472]: [multi_patrol][A1 EXIT HORIZON] V1 target=B44 dwell_part=0.90s departure_window=14.10s total_horizon=15.00s[0m
[33m[WARN] [1788847468.410583735]: [SLOT_DEPARTURE] time=10min16.3s vehicle=V0 owner=none result=ALLOW reason=no_service_owner candidate_path_gen=17 slot_departure_clear_s=0.327 vehicle_mode=ACTIVE vehicle_speed=0.000 vehicle_path_s=0.000 blocker=none a1_prefix_conflict=0 ordinary_road_conflict=0[0m
[33m[WARN] [1788847468.411087112]: [multi_patrol][A1 EXIT PREPARED] V0 target=B32 pickup_dwell=5.00s exit_len=4.055 priority_until_s=0.758 horizon_refresh=IMMEDIATE[0m
[33m[WARN] [1788847468.578190889]: [SLOT_DEPARTURE] time=10min38.7s vehicle=V1 owner=none result=ALLOW reason=no_service_owner candidate_path_gen=17 slot_departure_clear_s=0.327 vehicle_mode=ACTIVE vehicle_speed=0.000 vehicle_path_s=0.000 blocker=none a1_prefix_conflict=0 ordinary_road_conflict=0[0m
[33m[WARN] [1788847468.578765001]: [multi_patrol][A1 EXIT PREPARED] V1 target=B50 pickup_dwell=5.00s exit_len=6.993 priority_until_s=0.758 horizon_refresh=IMMEDIATE[0m
built plan=373 start=589.80 horizon=15.00 frames=150 commit_frames=20[0m
[0m[INFO] [1788847468.228314346]: [multi_patrol][A1] V1 activate prepared dropoff: A1 -> B44 len=7.399 priority_until_s=0.758[0m
[0m[INFO] [1788847468.246851293]: [sim_plan] built plan=374 start=590.70 horizon=15.00 frames=150 commit_frames=20[0m
[0m[INFO] [1788847468.280071983]: [sim_plan] built plan=375 start=592.70 horizon=15.00 frames=150 commit_frames=20[0m
[0m[INFO] [1788847468.302384620]: [sim_plan] built plan=376 start=594.70 horizon=15.00 frames=150 commit_frames=20[0m
[0m[INFO] [1788847468.303847263]: [multi_patrol][A1 EXIT PRIORITY RELEASE] V1 s=0.771 threshold=0.758[0m
[0m[INFO] [1788847468.320626124]: [sim_plan] built plan=377 start=596.70 horizon=15.00 frames=150 commit_frames=20[0m
[0m[INFO] [1788847468.337239355]: [sim_plan] built plan=378 start=598.70 horizon=15.00 frames=150 commit_frames=20[0m
[0m[INFO] [1788847468.352577858]: [sim_plan] built plan=379 start=600.70 horizon=15.00 frames=150 commit_frames=20[0m
[0m[INFO] [1788847468.368730252]: [sim_plan] built plan=380 start=602.70 horizon=15.00 frames=150 commit_frames=20[0m
[0m[INFO] [1788847468.379491084]: [sim_plan] built plan=381 start=604.70 horizon=15.00 frames=150 commit_frames=20[0m
[0m[INFO] [1788847468.388056181]: [sim_plan] built plan=382 start=606.70 horizon=15.00 frames=150 commit_frames=20[0m
[0m[INFO] [1788847468.397148374]: [sim_plan] built plan=383 start=608.70 horizon=15.00 frames=150 commit_frames=20[0m
[0m[INFO] [1788847468.401603400]: [sim_plan] built plan=384 start=610.70 horizon=15.00 frames=150 commit_frames=20[0m
[0m[INFO] [1788847468.405489372]: [sim_plan] built plan=385 start=612.70 horizon=15.00 frames=150 commit_frames=20[0m
[0m[INFO] [1788847468.409506828]: [sim_plan] built plan=386 start=614.70 horizon=15.00 frames=150 commit_frames=20[0m
[0m[INFO] [1788847468.410531193]: [multi_patrol][A1] V0 pickup leg: B45 -> A1  wpts=572 len=6.460[0m
[0m[INFO] [1788847468.434862932]: [sim_plan] built plan=387 start=616.30 horizon=15.00 frames=150 commit_frames=20[0m
[0m[INFO] [1788847468.469282746]: [sim_plan] built plan=388 start=618.30 horizon=15.00 frames=150 commit_frames=20[0m
[0m[INFO] [1788847468.490581342]: [sim_plan] built plan=389 start=620.30 horizon=15.00 frames=150 commit_frames=20[0m
[0m[INFO] [1788847468.507454064]: [sim_plan] built plan=390 start=622.30 horizon=15.00 frames=150 commit_frames=20[0m
[0m[INFO] [1788847468.521532069]: [sim_plan] built plan=391 start=624.30 horizon=15.00 frames=150 commit_frames=20[0m
[0m[INFO] [1788847468.534060394]: [sim_plan] built plan=392 start=626.30 horizon=15.00 frames=150 commit_frames=20[0m
[0m[INFO] [1788847468.548151594]: [sim_plan] built plan=393 start=628.30 horizon=15.00 frames=150 commit_frames=20[0m
[0m[INFO] [1788847468.556844414]: [sim_plan] built plan=394 start=630.30 horizon=15.00 frames=150 commit_frames=20[0m
[0m[INFO] [1788847468.563183505]: [sim_plan] built plan=395 start=632.30 horizon=15.00 frames=150 commit_frames=20[0m
[0m[INFO] [1788847468.567890807]: [sim_plan] built plan=396 start=634.30 horizon=15.00 frames=150 commit_frames=20[0m
[0m[INFO] [1788847468.572397333]: [sim_plan] built plan=397 start=636.30 horizon=15.00 frames=150 commit_frames=20[0m
[0m[INFO] [1788847468.577506850]: [sim_plan] built plan=398 start=638.30 horizon=15.00 frames=150 commit_frames=20[0m
[0m[INFO] [1788847468.578147768]: [multi_patrol][A1] V1 pickup leg: B44 -> A1  wpts=486 len=5.327[0m
[0m[INFO] [1788847468.599408784]: [sim_plan] built plan=399 start=638.70 horizon=15.00 frames=150 commit_frames=20[0m
[0m[INFO] [1788847468.654522141]: [sim_plan] built plan=400 start=640.70 horizon=15.00 frames=150 commit_frames=20[0m
[0m[INFO] [1788847468.695333708]: [sim_plan] built plan=401 start=642.70 horizon=15.00 frames=150 commit_frames=20[0m
[0m[INFO] [1788847468.738224485]: [sim_plan] built plan=402 start=644.70 horizon=15.00 frames=150 commit_frames=20[0m
[0m[INFO] [1788847468.780440045]: [sim_plan] built plan=403 start=646.70 horizon=15.00 frames=150[33m[WARN] [1788847469.016411050]: [multi_patrol][A1 EXIT HORIZON] V0 target=B32 dwell_part=4.90s departure_window=10.10s total_horizon=15.00s[0m
[33m[WARN] [1788847469.073028335]: [multi_patrol][A1 EXIT HORIZON] V0 target=B32 dwell_part=2.90s departure_window=12.10s total_horizon=15.00s[0m
[33m[WARN] [1788847469.148123612]: [multi_patrol][A1 EXIT HORIZON] V0 target=B32 dwell_part=0.90s departure_window=14.10s total_horizon=15.00s[0m
[33m[WARN] [1788847469.732848889]: [SLOT_DEPARTURE] time=11min29.4s vehicle=V0 owner=V1 result=HOLD reason=a1_departure_prefix_conflict candidate_path_gen=19 slot_departure_clear_s=0.327 vehicle_mode=DWELL vehicle_speed=0.000 vehicle_path_s=4.055 blocker=V1 a1_prefix_conflict=1 ordinary_road_conflict=0 owner_phase=TO_A1 owner_path_gen=17 geometry=pending_preview protected_zones=1 actual_occupancy_priority=0[0m
[33m[WARN] [1788847470.280475161]: [multi_patrol][A1 EXIT HORIZON] V1 target=B50 dwell_part=4.90s departure_window=10.10s total_horizon=15.00s[0m
[33m[WARN] [1788847470.405550387]: [multi_patrol][A1 EXIT HORIZON] V1 target=B50 dwell_part=2.90s departure_window=12.10s total_horizon=15.00s[0m
[33m[WARN] [1788847470.514680992]: [multi_patrol][A1 EXIT HORIZON] V1 target=B50 dwell_part=0.90s departure_window=14.10s total_horizon=15.00s[0m
 commit_frames=20[0m
[0m[INFO] [1788847468.830956155]: [sim_plan] built plan=404 start=648.70 horizon=15.00 frames=150 commit_frames=20[0m
[0m[INFO] [1788847468.877756085]: [sim_plan] built plan=405 start=650.70 horizon=15.00 frames=150 commit_frames=20[0m
[0m[INFO] [1788847468.926201338]: [sim_plan] built plan=406 start=652.70 horizon=15.00 frames=150 commit_frames=20[0m
[0m[INFO] [1788847468.972232916]: [sim_plan] built plan=407 start=654.70 horizon=15.00 frames=150 commit_frames=20[0m
[0m[INFO] [1788847469.016349138]: [sim_plan] built plan=408 start=654.90 horizon=15.00 frames=150 commit_frames=20[0m
[0m[INFO] [1788847469.072978834]: [sim_plan] built plan=409 start=656.90 horizon=15.00 frames=150 commit_frames=20[0m
[0m[INFO] [1788847469.148066819]: [sim_plan] built plan=410 start=658.90 horizon=15.00 frames=150 commit_frames=20[0m
[0m[INFO] [1788847469.149567464]: [multi_patrol][A1] V0 activate prepared dropoff: A1 -> B32 len=4.055 priority_until_s=0.758[0m
[0m[INFO] [1788847469.221880968]: [sim_plan] built plan=411 start=659.80 horizon=15.00 frames=150 commit_frames=20[0m
[0m[INFO] [1788847469.300024132]: [sim_plan] built plan=412 start=661.80 horizon=15.00 frames=150 commit_frames=20[0m
[0m[INFO] [1788847469.377775152]: [sim_plan] built plan=413 start=663.80 horizon=15.00 frames=150 commit_frames=20[0m
[0m[INFO] [1788847469.379113767]: [multi_patrol][A1 EXIT PRIORITY RELEASE] V0 s=0.771 threshold=0.758[0m
[0m[INFO] [1788847469.450480326]: [sim_plan] built plan=414 start=665.80 horizon=15.00 frames=150 commit_frames=20[0m
[0m[INFO] [1788847469.517845556]: [sim_plan] built plan=415 start=667.80 horizon=15.00 frames=150 commit_frames=20[0m
[0m[INFO] [1788847469.571708921]: [sim_plan] built plan=416 start=669.80 horizon=15.00 frames=150 commit_frames=20[0m
[0m[INFO] [1788847469.614855837]: [sim_plan] built plan=417 start=671.80 horizon=15.00 frames=150 commit_frames=20[0m
[0m[INFO] [1788847469.648726554]: [sim_plan] built plan=418 start=673.80 horizon=15.00 frames=150 commit_frames=20[0m
[0m[INFO] [1788847469.674014837]: [sim_plan] built plan=419 start=675.80 horizon=15.00 frames=150 commit_frames=20[0m
[0m[INFO] [1788847469.691221669]: [sim_plan] built plan=420 start=677.80 horizon=15.00 frames=150 commit_frames=20[0m
[0m[INFO] [1788847469.700596202]: [sim_plan] built plan=421 start=679.80 horizon=15.00 frames=150 commit_frames=20[0m
[0m[INFO] [1788847469.706946904]: [sim_plan] built plan=422 start=681.80 horizon=15.00 frames=150 commit_frames=20[0m
[0m[INFO] [1788847469.711884583]: [sim_plan] built plan=423 start=683.80 horizon=15.00 frames=150 commit_frames=20[0m
[0m[INFO] [1788847469.721651894]: [sim_plan] built plan=424 start=685.80 horizon=15.00 frames=150 commit_frames=20[0m
[0m[INFO] [1788847469.726944692]: [sim_plan] built plan=425 start=687.80 horizon=15.00 frames=150 commit_frames=20[0m
[0m[INFO] [1788847469.755130531]: [sim_plan] built plan=426 start=689.80 horizon=15.00 frames=150 commit_frames=20[0m
[0m[INFO] [1788847469.851135518]: [sim_plan] built plan=427 start=691.80 horizon=15.00 frames=150 commit_frames=20[0m
[0m[INFO] [1788847469.943275528]: [sim_plan] built plan=428 start=693.80 horizon=15.00 frames=150 commit_frames=20[0m
[0m[INFO] [1788847470.060335571]: [sim_plan] built plan=429 start=695.80 horizon=15.00 frames=150 commit_frames=20[0m
[0m[INFO] [1788847470.156591814]: [sim_plan] built plan=430 start=697.80 horizon=15.00 frames=150 commit_frames=20[0m
[0m[INFO] [1788847470.260911020]: [sim_plan] built plan=431 start=699.80 horizon=15.00 frames=150 commit_frames=20[0m
[0m[INFO] [1788847470.280418210]: [sim_plan] built plan=432 start=700.10 horizon=15.00 frames=150 commit_frames=20[0m
[0m[INFO] [1788847470.405488345]: [sim_plan] built plan=433 start=702.10 horizon=15.00 frames=150 commit_frames=20[0m
[0m[INFO] [1788847470.514625066]: [sim_plan] built plan=434 start=704.10 horizon=15.00 frames=150 commit_frames=20[0m
[0m[INFO] [1788847470.561492729]: [multi_patrol][A1] V1 activate prepared dropoff: A1 -> B50 len=6.993 priority_unt[33m[WARN] [1788847470.894743364]: [SLOT_DEPARTURE] time=11min50.5s vehicle=V0 owner=V1 result=ALLOW reason=slot_departure_clear_after_retry candidate_path_gen=19 slot_departure_clear_s=0.327 vehicle_mode=ACTIVE vehicle_speed=0.000 vehicle_path_s=0.000 blocker=none a1_prefix_conflict=0 ordinary_road_conflict=0 owner_phase=TO_B owner_path_gen=18 geometry=actual_to_b protected_zones=0 actual_occupancy_priority=0[0m
[33m[WARN] [1788847470.895392910]: [multi_patrol][A1 EXIT PREPARED] V0 target=B31 pickup_dwell=5.00s exit_len=6.891 priority_until_s=0.758 horizon_refresh=IMMEDIATE[0m
[33m[WARN] [1788847471.496330522]: [multi_patrol][A1 EXIT HORIZON] V0 target=B31 dwell_part=4.90s departure_window=10.10s total_horizon=15.00s[0m
[33m[WARN] [1788847471.502611183]: [multi_patrol][A1 EXIT HORIZON] V0 target=B31 dwell_part=2.90s departure_window=12.10s total_horizon=15.00s[0m
[33m[WARN] [1788847471.508845123]: [multi_patrol][A1 EXIT HORIZON] V0 target=B31 dwell_part=0.90s departure_window=14.10s total_horizon=15.00s[0m
[33m[WARN] [1788847471.515708119]: [SLOT_DEPARTURE] time=12min31.0s vehicle=V1 owner=V0 result=ALLOW reason=slot_departure_clear candidate_path_gen=19 slot_departure_clear_s=0.327 vehicle_mode=ACTIVE vehicle_speed=0.000 vehicle_path_s=0.000 blocker=none a1_prefix_conflict=0 ordinary_road_conflict=0 owner_phase=PICKUP_DWELL owner_path_gen=19 geometry=pending_preview protected_zones=0 actual_occupancy_priority=0[0m
[33m[WARN] [1788847471.516152346]: [multi_patrol][A1 EXIT PREPARED] V1 target=B1 pickup_dwell=5.00s exit_len=2.336 priority_until_s=0.756 horizon_refresh=IMMEDIATE[0m
[33m[WARN] [1788847471.533648191]: [multi_patrol][A1 EXIT HORIZON] V0 target=B31 dwell_part=0.80s departure_window=14.20s total_horizon=15.00s[0m
il_s=0.758[0m
[0m[INFO] [1788847470.565630606]: [sim_plan] built plan=435 start=705.00 horizon=15.00 frames=150 commit_frames=20[0m
[0m[INFO] [1788847470.676079948]: [sim_plan] built plan=436 start=707.00 horizon=15.00 frames=150 commit_frames=20[0m
[0m[INFO] [1788847470.800644885]: [sim_plan] built plan=437 start=709.00 horizon=15.00 frames=150 commit_frames=20[0m
[0m[INFO] [1788847470.894103815]: [multi_patrol][A1 EXIT PRIORITY RELEASE] V1 s=0.771 threshold=0.758[0m
[0m[INFO] [1788847470.894695168]: [multi_patrol][A1] V0 pickup leg: B32 -> A1  wpts=286 len=3.302[0m
[0m[INFO] [1788847470.981949264]: [sim_plan] built plan=438 start=710.50 horizon=15.00 frames=150 commit_frames=20[0m
[0m[INFO] [1788847471.066994221]: [sim_plan] built plan=439 start=712.50 horizon=15.00 frames=150 commit_frames=20[0m
[0m[INFO] [1788847471.128248715]: [sim_plan] built plan=440 start=714.50 horizon=15.00 frames=150 commit_frames=20[0m
[0m[INFO] [1788847471.181077155]: [sim_plan] built plan=441 start=716.50 horizon=15.00 frames=150 commit_frames=20[0m
[0m[INFO] [1788847471.229224155]: [sim_plan] built plan=442 start=718.50 horizon=15.00 frames=150 commit_frames=20[0m
[0m[INFO] [1788847471.229735265]: [batch] 7200/72000 ticks (sim_t=720s) hard_guard=0[0m
[0m[INFO] [1788847471.273249468]: [sim_plan] built plan=443 start=720.50 horizon=15.00 frames=150 commit_frames=20[0m
[0m[INFO] [1788847471.306476691]: [sim_plan] built plan=444 start=722.50 horizon=15.00 frames=150 commit_frames=20[0m
[0m[INFO] [1788847471.333135914]: [sim_plan] built plan=445 start=724.50 horizon=15.00 frames=150 commit_frames=20[0m
[0m[INFO] [1788847471.356605195]: [sim_plan] built plan=446 start=726.50 horizon=15.00 frames=150 commit_frames=20[0m
[0m[INFO] [1788847471.383587536]: [sim_plan] built plan=447 start=728.50 horizon=15.00 frames=150 commit_frames=20[0m
[0m[INFO] [1788847471.404190915]: [sim_plan] built plan=448 start=730.50 horizon=15.00 frames=150 commit_frames=20[0m
[0m[INFO] [1788847471.430534089]: [sim_plan] built plan=449 start=732.50 horizon=15.00 frames=150 commit_frames=20[0m
[0m[INFO] [1788847471.445502617]: [sim_plan] built plan=450 start=734.50 horizon=15.00 frames=150 commit_frames=20[0m
[0m[INFO] [1788847471.457696237]: [sim_plan] built plan=451 start=736.50 horizon=15.00 frames=150 commit_frames=20[0m
[0m[INFO] [1788847471.467766040]: [sim_plan] built plan=452 start=738.50 horizon=15.00 frames=150 commit_frames=20[0m
[0m[INFO] [1788847471.476722139]: [sim_plan] built plan=453 start=740.50 horizon=15.00 frames=150 commit_frames=20[0m
[0m[INFO] [1788847471.482919606]: [sim_plan] built plan=454 start=742.50 horizon=15.00 frames=150 commit_frames=20[0m
[0m[INFO] [1788847471.487814579]: [sim_plan] built plan=455 start=744.50 horizon=15.00 frames=150 commit_frames=20[0m
[0m[INFO] [1788847471.491797518]: [sim_plan] built plan=456 start=746.50 horizon=15.00 frames=150 commit_frames=20[0m
[0m[INFO] [1788847471.496277394]: [sim_plan] built plan=457 start=746.90 horizon=15.00 frames=150 commit_frames=20[0m
[0m[INFO] [1788847471.502562819]: [sim_plan] built plan=458 start=748.90 horizon=15.00 frames=150 commit_frames=20[0m
[0m[INFO] [1788847471.508795398]: [sim_plan] built plan=459 start=750.90 horizon=15.00 frames=150 commit_frames=20[0m
[0m[INFO] [1788847471.515659410]: [multi_patrol][A1] V1 pickup leg: B50 -> A1  wpts=404 len=5.066[0m
[0m[INFO] [1788847471.533581887]: [sim_plan] built plan=460 start=751.00 horizon=15.00 frames=150 commit_frames=20[0m
[0m[INFO] [1788847471.534999672]: [multi_patrol][A1] V0 activate prepared dropoff: A1 -> B31 len=6.891 priority_until_s=0.758[0m
[0m[INFO] [1788847471.553520961]: [sim_plan] built plan=461 start=751.80 horizon=15.00 frames=150 commit_frames=20[0m
[0m[INFO] [1788847471.581844268]: [sim_plan] built plan=462 start=753.80 horizon=15.00 frames=150 commit_frames=20[0m
[0m[INFO] [1788847471.611419098]: [sim_plan] built plan=463 start=755.80 horizon=15.00 frames=150 commit_frames=20[0m
[0m[INFO] [1788847471.612846487]: [multi_patrol][A1 EXIT PRIORITY [33m[WARN] [1788847471.958783958]: [SLOT_DEPARTURE] time=13min17.2s vehicle=V0 owner=V1 result=ALLOW reason=slot_departure_clear candidate_path_gen=21 slot_departure_clear_s=0.327 vehicle_mode=ACTIVE vehicle_speed=0.000 vehicle_path_s=0.000 blocker=none a1_prefix_conflict=0 ordinary_road_conflict=0 owner_phase=TO_A1 owner_path_gen=19 geometry=pending_preview protected_zones=0 actual_occupancy_priority=0[0m
[33m[WARN] [1788847471.959235039]: [multi_patrol][A1 EXIT PREPARED] V0 target=B2 pickup_dwell=5.00s exit_len=2.116 priority_until_s=0.756 horizon_refresh=IMMEDIATE[0m
[33m[WARN] [1788847472.005196902]: [multi_patrol][A1 EXIT HORIZON] V1 target=B1 dwell_part=4.90s departure_window=10.10s total_horizon=15.00s[0m
[33m[WARN] [1788847472.018334055]: [multi_patrol][A1 EXIT HORIZON] V1 target=B1 dwell_part=2.90s departure_window=12.10s total_horizon=15.00s[0m
[33m[WARN] [1788847472.050129922]: [multi_patrol][A1 EXIT HORIZON] V1 target=B1 dwell_part=0.90s departure_window=14.10s total_horizon=15.00s[0m
RELEASE] V0 s=0.771 threshold=0.758[0m
[0m[INFO] [1788847471.643777961]: [sim_plan] built plan=464 start=757.80 horizon=15.00 frames=150 commit_frames=20[0m
[0m[INFO] [1788847471.678468202]: [sim_plan] built plan=465 start=759.80 horizon=15.00 frames=150 commit_frames=20[0m
[0m[INFO] [1788847471.711939475]: [sim_plan] built plan=466 start=761.80 horizon=15.00 frames=150 commit_frames=20[0m
[0m[INFO] [1788847471.744070219]: [sim_plan] built plan=467 start=763.80 horizon=15.00 frames=150 commit_frames=20[0m
[0m[INFO] [1788847471.770985978]: [sim_plan] built plan=468 start=765.80 horizon=15.00 frames=150 commit_frames=20[0m
[0m[INFO] [1788847471.791426743]: [sim_plan] built plan=469 start=767.80 horizon=15.00 frames=150 commit_frames=20[0m
[0m[INFO] [1788847471.813361289]: [sim_plan] built plan=470 start=769.80 horizon=15.00 frames=150 commit_frames=20[0m
[0m[INFO] [1788847471.829570313]: [sim_plan] built plan=471 start=771.80 horizon=15.00 frames=150 commit_frames=20[0m
[0m[INFO] [1788847471.845336713]: [sim_plan] built plan=472 start=773.80 horizon=15.00 frames=150 commit_frames=20[0m
[0m[INFO] [1788847471.861491676]: [sim_plan] built plan=473 start=775.80 horizon=15.00 frames=150 commit_frames=20[0m
[0m[INFO] [1788847471.878824357]: [sim_plan] built plan=474 start=777.80 horizon=15.00 frames=150 commit_frames=20[0m
[0m[INFO] [1788847471.894904987]: [sim_plan] built plan=475 start=779.80 horizon=15.00 frames=150 commit_frames=20[0m
[0m[INFO] [1788847471.906979054]: [sim_plan] built plan=476 start=781.80 horizon=15.00 frames=150 commit_frames=20[0m
[0m[INFO] [1788847471.917187824]: [sim_plan] built plan=477 start=783.80 horizon=15.00 frames=150 commit_frames=20[0m
[0m[INFO] [1788847471.926495625]: [sim_plan] built plan=478 start=785.80 horizon=15.00 frames=150 commit_frames=20[0m
[0m[INFO] [1788847471.936844565]: [sim_plan] built plan=479 start=787.80 horizon=15.00 frames=150 commit_frames=20[0m
[0m[INFO] [1788847471.943401244]: [sim_plan] built plan=480 start=789.80 horizon=15.00 frames=150 commit_frames=20[0m
[0m[INFO] [1788847471.948123602]: [sim_plan] built plan=481 start=791.80 horizon=15.00 frames=150 commit_frames=20[0m
[0m[INFO] [1788847471.952538674]: [sim_plan] built plan=482 start=793.80 horizon=15.00 frames=150 commit_frames=20[0m
[0m[INFO] [1788847471.956022299]: [sim_plan] built plan=483 start=795.80 horizon=15.00 frames=150 commit_frames=20[0m
[0m[INFO] [1788847471.958742839]: [multi_patrol][A1] V0 pickup leg: B31 -> A1  wpts=447 len=5.225[0m
[0m[INFO] [1788847471.970517742]: [sim_plan] built plan=484 start=797.20 horizon=15.00 frames=150 commit_frames=20[0m
[0m[INFO] [1788847471.985635845]: [sim_plan] built plan=485 start=799.20 horizon=15.00 frames=150 commit_frames=20[0m
[0m[INFO] [1788847471.995491072]: [sim_plan] built plan=486 start=801.20 horizon=15.00 frames=150 commit_frames=20[0m
[0m[INFO] [1788847472.005142282]: [sim_plan] built plan=487 start=802.40 horizon=15.00 frames=150 commit_frames=20[0m
[0m[INFO] [1788847472.018283472]: [sim_plan] built plan=488 start=804.40 horizon=15.00 frames=150 commit_frames=20[0m
[0m[INFO] [1788847472.050086481]: [sim_plan] built plan=489 start=806.40 horizon=15.00 frames=150 commit_frames=20[0m
[0m[INFO] [1788847472.051544590]: [multi_patrol][A1] V1 activate prepared dropoff: A1 -> B1 len=2.336 priority_until_s=0.756[0m
[0m[INFO] [1788847472.082020160]: [sim_plan] built plan=490 start=807.30 horizon=15.00 frames=150 commit_frames=20[0m
[0m[INFO] [1788847472.120088880]: [sim_plan] built plan=491 start=809.30 horizon=15.00 frames=150 commit_frames=20[0m
[0m[INFO] [1788847472.151890800]: [sim_plan] built plan=492 start=811.30 horizon=15.00 frames=150 commit_frames=20[0m
[0m[INFO] [1788847472.153140735]: [multi_patrol][A1 EXIT PRIORITY RELEASE] V1 s=0.768 threshold=0.756[0m
[0m[INFO] [1788847472.175684393]: [sim_plan] built plan=493 start=813.30 horizon=15.00 frames=150 commit_frames=20[0m
[0m[INFO] [1788847472.194634617]: [sim_plan] built plan=494 start=815.30 horizon=15.00 frames=150 commit_frames=20[33m[WARN] [1788847472.225641827]: [SLOT_DEPARTURE] time=13min46.4s vehicle=V1 owner=V0 result=HOLD reason=a1_departure_prefix_conflict candidate_path_gen=21 slot_departure_clear_s=0.346 vehicle_mode=DWELL vehicle_speed=0.000 vehicle_path_s=2.336 blocker=V0 a1_prefix_conflict=1 ordinary_road_conflict=0 owner_phase=TO_A1 owner_path_gen=21 geometry=pending_preview protected_zones=1 actual_occupancy_priority=0[0m
[33m[WARN] [1788847472.341263620]: [multi_patrol][A1 EXIT HORIZON] V0 target=B2 dwell_part=4.90s departure_window=10.10s total_horizon=15.00s[0m
[33m[WARN] [1788847472.373316891]: [SOURCE=REAL] [plan=503] [frame=19] [rollout_step=-1] [multi_patrol][A1 EXIT INTRUSION ENTER] owner=V0 target=B2 blocker=V1 dwell_remaining=3.00s visible_exit_t=15.00s owner_exit_s=1.895 blocker_phase=5 blocker_s=2.336 action=DIAG_ONLY[0m
[33m[WARN] [1788847472.378650174]: [multi_patrol][A1 EXIT HORIZON] V0 target=B2 dwell_part=2.90s departure_window=12.10s total_horizon=15.00s[0m
[33m[WARN] [1788847472.417789791]: [multi_patrol][A1 EXIT HORIZON] V0 target=B2 dwell_part=0.90s departure_window=14.10s total_horizon=15.00s[0m
[33m[WARN] [1788847472.540824911]: [SOURCE=REAL] [plan=508] [frame=14] [rollout_step=-1] [multi_patrol][A1 EXIT INTRUSION CLEAR] owner=V0 blocker=V1[0m
[33m[WARN] [1788847472.541735431]: [SLOT_DEPARTURE] time=14min2.9s vehicle=V1 owner=V0 result=ALLOW reason=slot_departure_clear_after_retry candidate_path_gen=21 slot_departure_clear_s=0.346 vehicle_mode=ACTIVE vehicle_speed=0.000 vehicle_path_s=0.000 blocker=none a1_prefix_conflict=0 ordinary_road_conflict=0 owner_phase=TO_B owner_path_gen=22 geometry=actual_to_b protected_zones=0 actual_occupancy_priority=0[0m
[33m[WARN] [1788847472.542271504]: [multi_patrol][A1 EXIT PREPARED] V1 target=B9 pickup_dwell=5.00s exit_len=2.555 priority_until_s=0.756 horizon_refresh=IMMEDIATE[0m
[33m[WARN] [1788847472.627209146]: [SLOT_DEPARTURE] time=14min15.4s vehicle=V0 owner=V1 result=ALLOW reason=slot_departure_clear candidate_path_gen=23 slot_departure_clear_s=0.346 vehicle_mode=ACTIVE vehicle_speed=0.000 vehicle_path_s=0.000 blocker=none a1_prefix_conflict=0 ordinary_road_conflict=0 owner_phase=TO_A1 owner_path_gen=21 geometry=pending_preview protected_zones=0 actual_occupancy_priority=0[0m
[33m[WARN] [1788847472.628037872]: [multi_patrol][A1 EXIT PREPARED] V0 target=B51 pickup_dwell=5.00s exit_len=8.527 priority_until_s=0.758 horizon_refresh=IMMEDIATE[0m
[33m[WARN] [1788847472.934076914]: [multi_patrol][A1 EXIT HORIZON] V1 target=B9 dwell_part=4.90s departure_window=10.10s total_horizon=15.00s[0m
[33m[WARN] [1788847472.968827322]: [multi_patrol][A1 EXIT HORIZON] V1 target=B9 dwell_part=2.90s departure_window=12.10s total_horizon=15.00s[0m
[33m[WARN] [1788847473.004694301]: [multi_patrol][A1 EXIT HORIZON] V1 target=B9 dwell_part=0.90s departure_window=14.10s total_horizon=15.00s[0m
[0m
[0m[INFO] [1788847472.205341165]: [sim_plan] built plan=495 start=817.30 horizon=15.00 frames=150 commit_frames=20[0m
[0m[INFO] [1788847472.210768789]: [sim_plan] built plan=496 start=819.30 horizon=15.00 frames=150 commit_frames=20[0m
[0m[INFO] [1788847472.216703410]: [sim_plan] built plan=497 start=821.30 horizon=15.00 frames=150 commit_frames=20[0m
[0m[INFO] [1788847472.220682871]: [sim_plan] built plan=498 start=823.30 horizon=15.00 frames=150 commit_frames=20[0m
[0m[INFO] [1788847472.223585398]: [sim_plan] built plan=499 start=825.30 horizon=15.00 frames=150 commit_frames=20[0m
[0m[INFO] [1788847472.244067330]: [sim_plan] built plan=500 start=827.30 horizon=15.00 frames=150 commit_frames=20[0m
[0m[INFO] [1788847472.281220345]: [sim_plan] built plan=501 start=829.30 horizon=15.00 frames=150 commit_frames=20[0m
[0m[INFO] [1788847472.316346134]: [sim_plan] built plan=502 start=831.30 horizon=15.00 frames=150 commit_frames=20[0m
[0m[INFO] [1788847472.341203555]: [sim_plan] built plan=503 start=832.50 horizon=15.00 frames=150 commit_frames=20[0m
[0m[INFO] [1788847472.378595702]: [sim_plan] built plan=504 start=834.50 horizon=15.00 frames=150 commit_frames=20[0m
[0m[INFO] [1788847472.417729715]: [sim_plan] built plan=505 start=836.50 horizon=15.00 frames=150 commit_frames=20[0m
[0m[INFO] [1788847472.432161397]: [multi_patrol][A1] V0 activate prepared dropoff: A1 -> B2 len=2.116 priority_until_s=0.756[0m
[0m[INFO] [1788847472.437529681]: [sim_plan] built plan=506 start=837.40 horizon=15.00 frames=150 commit_frames=20[0m
[0m[INFO] [1788847472.476261373]: [sim_plan] built plan=507 start=839.40 horizon=15.00 frames=150 commit_frames=20[0m
[0m[INFO] [1788847472.512982227]: [sim_plan] built plan=508 start=841.40 horizon=15.00 frames=150 commit_frames=20[0m
[0m[INFO] [1788847472.540761619]: [multi_patrol][A1 EXIT PRIORITY RELEASE] V0 s=0.768 threshold=0.756[0m
[0m[INFO] [1788847472.541690060]: [multi_patrol][A1] V1 pickup leg: B1 -> A1  wpts=276 len=2.815[0m
[0m[INFO] [1788847472.573120158]: [sim_plan] built plan=509 start=842.90 horizon=15.00 frames=150 commit_frames=20[0m
[0m[INFO] [1788847472.596309648]: [sim_plan] built plan=510 start=844.90 horizon=15.00 frames=150 commit_frames=20[0m
[0m[INFO] [1788847472.608435088]: [sim_plan] built plan=511 start=846.90 horizon=15.00 frames=150 commit_frames=20[0m
[0m[INFO] [1788847472.613836306]: [sim_plan] built plan=512 start=848.90 horizon=15.00 frames=150 commit_frames=20[0m
[0m[INFO] [1788847472.618503568]: [sim_plan] built plan=513 start=850.90 horizon=15.00 frames=150 commit_frames=20[0m
[0m[INFO] [1788847472.622531230]: [sim_plan] built plan=514 start=852.90 horizon=15.00 frames=150 commit_frames=20[0m
[0m[INFO] [1788847472.625678810]: [sim_plan] built plan=515 start=854.90 horizon=15.00 frames=150 commit_frames=20[0m
[0m[INFO] [1788847472.627115747]: [multi_patrol][A1] V0 pickup leg: B2 -> A1  wpts=162 len=2.116[0m
[0m[INFO] [1788847472.684504199]: [sim_plan] built plan=516 start=855.40 horizon=15.00 frames=150 commit_frames=20[0m
[0m[INFO] [1788847472.743133567]: [sim_plan] built plan=517 start=857.40 horizon=15.00 frames=150 commit_frames=20[0m
[0m[INFO] [1788847472.795261637]: [sim_plan] built plan=518 start=859.40 horizon=15.00 frames=150 commit_frames=20[0m
[0m[INFO] [1788847472.847402001]: [sim_plan] built plan=519 start=861.40 horizon=15.00 frames=150 commit_frames=20[0m
[0m[INFO] [1788847472.893401017]: [sim_plan] built plan=520 start=863.40 horizon=15.00 frames=150 commit_frames=20[0m
[0m[INFO] [1788847472.934016866]: [sim_plan] built plan=521 start=865.20 horizon=15.00 frames=150 commit_frames=20[0m
[0m[INFO] [1788847472.968785382]: [sim_plan] built plan=522 start=867.20 horizon=15.00 frames=150 commit_frames=20[0m
[0m[INFO] [1788847473.004645285]: [sim_plan] built plan=523 start=869.20 horizon=15.00 frames=150 commit_frames=20[0m
[0m[INFO] [1788847473.006014989]: [multi_patrol][A1] V1 activate prepared dropoff: A1 -> B9 len=2.555 priority_until_s=0.756[0m
[0m[INFO] [1788847473.039997678]: [sim_p[33m[WARN] [1788847473.135217166]: [multi_patrol][A1 EXIT HORIZON] V0 target=B51 dwell_part=4.90s departure_window=10.10s total_horizon=15.00s[0m
[33m[WARN] [1788847473.140372955]: [multi_patrol][A1 EXIT HORIZON] V0 target=B51 dwell_part=2.90s departure_window=12.10s total_horizon=15.00s[0m
[33m[WARN] [1788847473.145959091]: [multi_patrol][A1 EXIT HORIZON] V0 target=B51 dwell_part=0.90s departure_window=14.10s total_horizon=15.00s[0m
[33m[WARN] [1788847473.150625511]: [SLOT_DEPARTURE] time=14min50.3s vehicle=V1 owner=V0 result=ALLOW reason=slot_departure_clear candidate_path_gen=23 slot_departure_clear_s=0.346 vehicle_mode=ACTIVE vehicle_speed=0.000 vehicle_path_s=0.000 blocker=none a1_prefix_conflict=0 ordinary_road_conflict=0 owner_phase=PICKUP_DWELL owner_path_gen=23 geometry=pending_preview protected_zones=0 actual_occupancy_priority=0[0m
[33m[WARN] [1788847473.151066215]: [multi_patrol][A1 EXIT PREPARED] V1 target=B61 pickup_dwell=5.00s exit_len=8.398 priority_until_s=0.758 horizon_refresh=IMMEDIATE[0m
[33m[WARN] [1788847473.213286278]: [multi_patrol][A1 EXIT HORIZON] V0 target=B51 dwell_part=0.40s departure_window=14.60s total_horizon=15.00s[0m
[33m[WARN] [1788847473.579438044]: [multi_patrol][A1 EXIT HORIZON] V1 target=B61 dwell_part=4.90s departure_window=10.10s total_horizon=15.00s[0m
[33m[WARN] [1788847473.591816551]: [multi_patrol][A1 EXIT HORIZON] V1 target=B61 dwell_part=2.90s departure_window=12.10s total_horizon=15.00s[0m
[33m[WARN] [1788847473.606750989]: [multi_patrol][A1 EXIT HORIZON] V1 target=B61 dwell_part=0.90s departure_window=14.10s total_horizon=15.00s[0m
lan] built plan=524 start=870.10 horizon=15.00 frames=150 commit_frames=20[0m
[0m[INFO] [1788847473.068849230]: [sim_plan] built plan=525 start=872.10 horizon=15.00 frames=150 commit_frames=20[0m
[0m[INFO] [1788847473.089474390]: [sim_plan] built plan=526 start=874.10 horizon=15.00 frames=150 commit_frames=20[0m
[0m[INFO] [1788847473.090297485]: [multi_patrol][A1 EXIT PRIORITY RELEASE] V1 s=0.768 threshold=0.756[0m
[0m[INFO] [1788847473.102261975]: [sim_plan] built plan=527 start=876.10 horizon=15.00 frames=150 commit_frames=20[0m
[0m[INFO] [1788847473.110188916]: [sim_plan] built plan=528 start=878.10 horizon=15.00 frames=150 commit_frames=20[0m
[0m[INFO] [1788847473.120615523]: [sim_plan] built plan=529 start=880.10 horizon=15.00 frames=150 commit_frames=20[0m
[0m[INFO] [1788847473.125800907]: [sim_plan] built plan=530 start=882.10 horizon=15.00 frames=150 commit_frames=20[0m
[0m[INFO] [1788847473.129951886]: [sim_plan] built plan=531 start=884.10 horizon=15.00 frames=150 commit_frames=20[0m
[0m[INFO] [1788847473.135166760]: [sim_plan] built plan=532 start=885.80 horizon=15.00 frames=150 commit_frames=20[0m
[0m[INFO] [1788847473.140325393]: [sim_plan] built plan=533 start=887.80 horizon=15.00 frames=150 commit_frames=20[0m
[0m[INFO] [1788847473.145919762]: [sim_plan] built plan=534 start=889.80 horizon=15.00 frames=150 commit_frames=20[0m
[0m[INFO] [1788847473.150572550]: [multi_patrol][A1] V1 pickup leg: B9 -> A1  wpts=298 len=3.034[0m
[0m[INFO] [1788847473.213243741]: [sim_plan] built plan=535 start=890.30 horizon=15.00 frames=150 commit_frames=20[0m
[0m[INFO] [1788847473.214210623]: [multi_patrol][A1] V0 activate prepared dropoff: A1 -> B51 len=8.527 priority_until_s=0.758[0m
[0m[INFO] [1788847473.273586968]: [sim_plan] built plan=536 start=890.70 horizon=15.00 frames=150 commit_frames=20[0m
[0m[INFO] [1788847473.335295872]: [sim_plan] built plan=537 start=892.70 horizon=15.00 frames=150 commit_frames=20[0m
[0m[INFO] [1788847473.380212243]: [sim_plan] built plan=538 start=894.70 horizon=15.00 frames=150 commit_frames=20[0m
[0m[INFO] [1788847473.381521309]: [multi_patrol][A1 EXIT PRIORITY RELEASE] V0 s=0.771 threshold=0.758[0m
[0m[INFO] [1788847473.415772606]: [sim_plan] built plan=539 start=896.70 horizon=15.00 frames=150 commit_frames=20[0m
[0m[INFO] [1788847473.443791366]: [sim_plan] built plan=540 start=898.70 horizon=15.00 frames=150 commit_frames=20[0m
[0m[INFO] [1788847473.464577816]: [sim_plan] built plan=541 start=900.70 horizon=15.00 frames=150 commit_frames=20[0m
[0m[INFO] [1788847473.480598549]: [sim_plan] built plan=542 start=902.70 horizon=15.00 frames=150 commit_frames=20[0m
[0m[INFO] [1788847473.496219251]: [sim_plan] built plan=543 start=904.70 horizon=15.00 frames=150 commit_frames=20[0m
[0m[INFO] [1788847473.509200262]: [sim_plan] built plan=544 start=906.70 horizon=15.00 frames=150 commit_frames=20[0m
[0m[INFO] [1788847473.521775974]: [sim_plan] built plan=545 start=908.70 horizon=15.00 frames=150 commit_frames=20[0m
[0m[INFO] [1788847473.533673590]: [sim_plan] built plan=546 start=910.70 horizon=15.00 frames=150 commit_frames=20[0m
[0m[INFO] [1788847473.543874031]: [sim_plan] built plan=547 start=912.70 horizon=15.00 frames=150 commit_frames=20[0m
[0m[INFO] [1788847473.553856483]: [sim_plan] built plan=548 start=914.70 horizon=15.00 frames=150 commit_frames=20[0m
[0m[INFO] [1788847473.563060711]: [sim_plan] built plan=549 start=916.70 horizon=15.00 frames=150 commit_frames=20[0m
[0m[INFO] [1788847473.570963957]: [sim_plan] built plan=550 start=918.70 horizon=15.00 frames=150 commit_frames=20[0m
[0m[INFO] [1788847473.579388505]: [sim_plan] built plan=551 start=919.30 horizon=15.00 frames=150 commit_frames=20[0m
[0m[INFO] [1788847473.591768980]: [sim_plan] built plan=552 start=921.30 horizon=15.00 frames=150 commit_frames=20[0m
[0m[INFO] [1788847473.606692601]: [sim_plan] built plan=553 start=923.30 horizon=15.00 frames=150 commit_frames=20[0m
[0m[INFO] [1788847473.608151581]: [multi_patrol][A1] V1 activate prepared dropoff: A1 -> [33m[WARN] [1788847473.728098750]: [SLOT_DEPARTURE] time=15min44.5s vehicle=V0 owner=none result=ALLOW reason=no_service_owner candidate_path_gen=25 slot_departure_clear_s=0.327 vehicle_mode=ACTIVE vehicle_speed=0.000 vehicle_path_s=0.000 blocker=none a1_prefix_conflict=0 ordinary_road_conflict=0[0m
[33m[WARN] [1788847473.728585804]: [multi_patrol][A1 EXIT PREPARED] V0 target=B40 pickup_dwell=5.00s exit_len=6.060 priority_until_s=0.758 horizon_refresh=IMMEDIATE[0m
[33m[WARN] [1788847473.970907583]: [SLOT_DEPARTURE] time=16min17.3s vehicle=V1 owner=V0 result=ALLOW reason=slot_departure_clear candidate_path_gen=25 slot_departure_clear_s=0.346 vehicle_mode=ACTIVE vehicle_speed=0.000 vehicle_path_s=0.000 blocker=none a1_prefix_conflict=0 ordinary_road_conflict=0 owner_phase=TO_A1 owner_path_gen=25 geometry=pending_preview protected_zones=0 actual_occupancy_priority=0[0m
[33m[WARN] [1788847473.971557956]: [multi_patrol][A1 EXIT PREPARED] V1 target=B8 pickup_dwell=5.00s exit_len=2.336 priority_until_s=0.756 horizon_refresh=IMMEDIATE[0m
B61 len=8.398 priority_until_s=0.758[0m
[0m[INFO] [1788847473.623386191]: [sim_plan] built plan=554 start=924.20 horizon=15.00 frames=150 commit_frames=20[0m
[0m[INFO] [1788847473.658121902]: [sim_plan] built plan=555 start=926.20 horizon=15.00 frames=150 commit_frames=20[0m
[0m[INFO] [1788847473.672143045]: [sim_plan] built plan=556 start=928.20 horizon=15.00 frames=150 commit_frames=20[0m
[0m[INFO] [1788847473.673356690]: [multi_patrol][A1 EXIT PRIORITY RELEASE] V1 s=0.771 threshold=0.758[0m
[0m[INFO] [1788847473.685138490]: [sim_plan] built plan=557 start=930.20 horizon=15.00 frames=150 commit_frames=20[0m
[0m[INFO] [1788847473.695839471]: [sim_plan] built plan=558 start=932.20 horizon=15.00 frames=150 commit_frames=20[0m
[0m[INFO] [1788847473.705169509]: [sim_plan] built plan=559 start=934.20 horizon=15.00 frames=150 commit_frames=20[0m
[0m[INFO] [1788847473.712101783]: [sim_plan] built plan=560 start=936.20 horizon=15.00 frames=150 commit_frames=20[0m
[0m[INFO] [1788847473.716994436]: [sim_plan] built plan=561 start=938.20 horizon=15.00 frames=150 commit_frames=20[0m
[0m[INFO] [1788847473.720162775]: [sim_plan] built plan=562 start=940.20 horizon=15.00 frames=150 commit_frames=20[0m
[0m[INFO] [1788847473.723970403]: [sim_plan] built plan=563 start=942.20 horizon=15.00 frames=150 commit_frames=20[0m
[0m[INFO] [1788847473.727540520]: [sim_plan] built plan=564 start=944.20 horizon=15.00 frames=150 commit_frames=20[0m
[0m[INFO] [1788847473.728052642]: [multi_patrol][A1] V0 pickup leg: B51 -> A1  wpts=490 len=6.199[0m
[0m[INFO] [1788847473.746235996]: [sim_plan] built plan=565 start=944.50 horizon=15.00 frames=150 commit_frames=20[0m
[0m[INFO] [1788847473.774047082]: [sim_plan] built plan=566 start=946.50 horizon=15.00 frames=150 commit_frames=20[0m
[0m[INFO] [1788847473.791557565]: [sim_plan] built plan=567 start=948.50 horizon=15.00 frames=150 commit_frames=20[0m
[0m[INFO] [1788847473.808689180]: [sim_plan] built plan=568 start=950.50 horizon=15.00 frames=150 commit_frames=20[0m
[0m[INFO] [1788847473.825329938]: [sim_plan] built plan=569 start=952.50 horizon=15.00 frames=150 commit_frames=20[0m
[0m[INFO] [1788847473.842074642]: [sim_plan] built plan=570 start=954.50 horizon=15.00 frames=150 commit_frames=20[0m
[0m[INFO] [1788847473.860367938]: [sim_plan] built plan=571 start=956.50 horizon=15.00 frames=150 commit_frames=20[0m
[0m[INFO] [1788847473.878850681]: [sim_plan] built plan=572 start=958.50 horizon=15.00 frames=150 commit_frames=20[0m
[0m[INFO] [1788847473.893682675]: [sim_plan] built plan=573 start=960.50 horizon=15.00 frames=150 commit_frames=20[0m
[0m[INFO] [1788847473.906208905]: [sim_plan] built plan=574 start=962.50 horizon=15.00 frames=150 commit_frames=20[0m
[0m[INFO] [1788847473.917461666]: [sim_plan] built plan=575 start=964.50 horizon=15.00 frames=150 commit_frames=20[0m
[0m[INFO] [1788847473.928617084]: [sim_plan] built plan=576 start=966.50 horizon=15.00 frames=150 commit_frames=20[0m
[0m[INFO] [1788847473.942857872]: [sim_plan] built plan=577 start=968.50 horizon=15.00 frames=150 commit_frames=20[0m
[0m[INFO] [1788847473.949281258]: [sim_plan] built plan=578 start=970.50 horizon=15.00 frames=150 commit_frames=20[0m
[0m[INFO] [1788847473.955388439]: [sim_plan] built plan=579 start=972.50 horizon=15.00 frames=150 commit_frames=20[0m
[0m[INFO] [1788847473.960637704]: [sim_plan] built plan=580 start=974.50 horizon=15.00 frames=150 commit_frames=20[0m
[0m[INFO] [1788847473.964086185]: [sim_plan] built plan=581 start=976.50 horizon=15.00 frames=150 commit_frames=20[0m
[0m[INFO] [1788847473.970847386]: [multi_patrol][A1] V1 pickup leg: B61 -> A1  wpts=479 len=5.806[0m
[0m[INFO] [1788847473.983891784]: [sim_plan] built plan=582 start=977.30 horizon=15.00 frames=150 commit_frames=20[0m
[0m[INFO] [1788847474.005860541]: [sim_plan] built plan=583 start=979.30 horizon=15.00 frames=150 commit_frames=20[0m
[0m[INFO] [1788847474.018211659]: [sim_plan] built plan=584 start=981.30 horizon=15.00 frames=150 commit_frames=20[0m
[0m[INFO] [1788847474[33m[WARN] [1788847474.030836718]: [multi_patrol][A1 EXIT HORIZON] V0 target=B40 dwell_part=4.90s departure_window=10.10s total_horizon=15.00s[0m
[33m[WARN] [1788847474.047302497]: [multi_patrol][A1 EXIT HORIZON] V0 target=B40 dwell_part=2.90s departure_window=12.10s total_horizon=15.00s[0m
[33m[WARN] [1788847474.066964348]: [multi_patrol][A1 EXIT HORIZON] V0 target=B40 dwell_part=0.90s departure_window=14.10s total_horizon=15.00s[0m
[33m[WARN] [1788847474.314079424]: [multi_patrol][A1 EXIT HORIZON] V1 target=B8 dwell_part=4.90s departure_window=10.10s total_horizon=15.00s[0m
[33m[WARN] [1788847474.321947671]: [multi_patrol][A1 EXIT HORIZON] V1 target=B8 dwell_part=2.90s departure_window=12.10s total_horizon=15.00s[0m
[33m[WARN] [1788847474.332399089]: [multi_patrol][A1 EXIT HORIZON] V1 target=B8 dwell_part=0.90s departure_window=14.10s total_horizon=15.00s[0m
[33m[WARN] [1788847474.360568907]: [SLOT_DEPARTURE] time=17min8.6s vehicle=V0 owner=none result=ALLOW reason=no_service_owner candidate_path_gen=27 slot_departure_clear_s=0.327 vehicle_mode=ACTIVE vehicle_speed=0.000 vehicle_path_s=0.000 blocker=none a1_prefix_conflict=0 ordinary_road_conflict=0[0m
[33m[WARN] [1788847474.361061491]: [multi_patrol][A1 EXIT PREPARED] V0 target=B63 pickup_dwell=5.00s exit_len=6.551 priority_until_s=0.758 horizon_refresh=IMMEDIATE[0m
.030466684]: [sim_plan] built plan=585 start=982.60 horizon=15.00 frames=150 commit_frames=20[0m
[0m[INFO] [1788847474.047250897]: [sim_plan] built plan=586 start=984.60 horizon=15.00 frames=150 commit_frames=20[0m
[0m[INFO] [1788847474.066910912]: [sim_plan] built plan=587 start=986.60 horizon=15.00 frames=150 commit_frames=20[0m
[0m[INFO] [1788847474.068356259]: [multi_patrol][A1] V0 activate prepared dropoff: A1 -> B40 len=6.060 priority_until_s=0.758[0m
[0m[INFO] [1788847474.087416602]: [sim_plan] built plan=588 start=987.50 horizon=15.00 frames=150 commit_frames=20[0m
[0m[INFO] [1788847474.115606976]: [sim_plan] built plan=589 start=989.50 horizon=15.00 frames=150 commit_frames=20[0m
[0m[INFO] [1788847474.144808823]: [sim_plan] built plan=590 start=991.50 horizon=15.00 frames=150 commit_frames=20[0m
[0m[INFO] [1788847474.146248486]: [multi_patrol][A1 EXIT PRIORITY RELEASE] V0 s=0.771 threshold=0.758[0m
[0m[INFO] [1788847474.171668803]: [sim_plan] built plan=591 start=993.50 horizon=15.00 frames=150 commit_frames=20[0m
[0m[INFO] [1788847474.190973729]: [sim_plan] built plan=592 start=995.50 horizon=15.00 frames=150 commit_frames=20[0m
[0m[INFO] [1788847474.212483984]: [sim_plan] built plan=593 start=997.50 horizon=15.00 frames=150 commit_frames=20[0m
[0m[INFO] [1788847474.232777405]: [sim_plan] built plan=594 start=999.50 horizon=15.00 frames=150 commit_frames=20[0m
[0m[INFO] [1788847474.250394452]: [sim_plan] built plan=595 start=1001.50 horizon=15.00 frames=150 commit_frames=20[0m
[0m[INFO] [1788847474.266207663]: [sim_plan] built plan=596 start=1003.50 horizon=15.00 frames=150 commit_frames=20[0m
[0m[INFO] [1788847474.278994172]: [sim_plan] built plan=597 start=1005.50 horizon=15.00 frames=150 commit_frames=20[0m
[0m[INFO] [1788847474.290453623]: [sim_plan] built plan=598 start=1007.50 horizon=15.00 frames=150 commit_frames=20[0m
[0m[INFO] [1788847474.299987125]: [sim_plan] built plan=599 start=1009.50 horizon=15.00 frames=150 commit_frames=20[0m
[0m[INFO] [1788847474.307594215]: [sim_plan] built plan=600 start=1011.50 horizon=15.00 frames=150 commit_frames=20[0m
[0m[INFO] [1788847474.314030659]: [sim_plan] built plan=601 start=1013.40 horizon=15.00 frames=150 commit_frames=20[0m
[0m[INFO] [1788847474.321896184]: [sim_plan] built plan=602 start=1015.40 horizon=15.00 frames=150 commit_frames=20[0m
[0m[INFO] [1788847474.332346920]: [sim_plan] built plan=603 start=1017.40 horizon=15.00 frames=150 commit_frames=20[0m
[0m[INFO] [1788847474.333766306]: [multi_patrol][A1] V1 activate prepared dropoff: A1 -> B8 len=2.336 priority_until_s=0.756[0m
[0m[INFO] [1788847474.341115780]: [sim_plan] built plan=604 start=1018.30 horizon=15.00 frames=150 commit_frames=20[0m
[0m[INFO] [1788847474.350192753]: [sim_plan] built plan=605 start=1020.30 horizon=15.00 frames=150 commit_frames=20[0m
[0m[INFO] [1788847474.354340514]: [sim_plan] built plan=606 start=1022.30 horizon=15.00 frames=150 commit_frames=20[0m
[0m[INFO] [1788847474.355341151]: [multi_patrol][A1 EXIT PRIORITY RELEASE] V1 s=0.768 threshold=0.756[0m
[0m[INFO] [1788847474.356887367]: [sim_plan] built plan=607 start=1024.30 horizon=15.00 frames=150 commit_frames=20[0m
[0m[INFO] [1788847474.358550230]: [sim_plan] built plan=608 start=1026.30 horizon=15.00 frames=150 commit_frames=20[0m
[0m[INFO] [1788847474.359971861]: [sim_plan] built plan=609 start=1028.30 horizon=15.00 frames=150 commit_frames=20[0m
[0m[INFO] [1788847474.360522631]: [multi_patrol][A1] V0 pickup leg: B40 -> A1  wpts=533 len=5.803[0m
[0m[INFO] [1788847474.369158298]: [sim_plan] built plan=610 start=1028.60 horizon=15.00 frames=150 commit_frames=20[0m
[0m[INFO] [1788847474.376862961]: [sim_plan] built plan=611 start=1030.60 horizon=15.00 frames=150 commit_frames=20[0m
[0m[INFO] [1788847474.380411111]: [sim_plan] built plan=612 start=1032.60 horizon=15.00 frames=150 commit_frames=20[0m
[0m[INFO] [1788847474.383745828]: [sim_plan] built plan=613 start=1034.60 horizon=15.00 frames=150 commit_frames=20[0m
[0m[INFO] [1788847474.387356938]: [sim_p[33m[WARN] [1788847474.388202617]: [SLOT_DEPARTURE] time=17min17.4s vehicle=V1 owner=none result=ALLOW reason=no_service_owner candidate_path_gen=27 slot_departure_clear_s=0.346 vehicle_mode=ACTIVE vehicle_speed=0.000 vehicle_path_s=0.000 blocker=none a1_prefix_conflict=0 ordinary_road_conflict=0[0m
[33m[WARN] [1788847474.388643386]: [multi_patrol][A1 EXIT PREPARED] V1 target=B65 pickup_dwell=5.00s exit_len=6.956 priority_until_s=0.758 horizon_refresh=IMMEDIATE[0m
[33m[WARN] [1788847474.763465936]: [multi_patrol][A1 EXIT HORIZON] V1 target=B65 dwell_part=4.90s departure_window=10.10s total_horizon=15.00s[0m
[33m[WARN] [1788847474.806167153]: [multi_patrol][A1 EXIT HORIZON] V1 target=B65 dwell_part=2.90s departure_window=12.10s total_horizon=15.00s[0m
[33m[WARN] [1788847474.845044375]: [multi_patrol][A1 EXIT HORIZON] V1 target=B65 dwell_part=0.90s departure_window=14.10s total_horizon=15.00s[0m
[33m[WARN] [1788847475.033764425]: [multi_patrol][A1 EXIT HORIZON] V0 target=B63 dwell_part=4.90s departure_window=10.10s total_horizon=15.00s[0m
[33m[WARN] [1788847475.046576145]: [multi_patrol][A1 EXIT HORIZON] V0 target=B63 dwell_part=2.90s departure_window=12.10s total_horizon=15.00s[0m
[33m[WARN] [1788847475.063290072]: [multi_patrol][A1 EXIT HORIZON] V0 target=B63 dwell_part=0.90s departure_window=14.10s total_horizon=15.00s[0m
lan] built plan=614 start=1036.60 horizon=15.00 frames=150 commit_frames=20[0m
[0m[INFO] [1788847474.388160957]: [multi_patrol][A1] V1 pickup leg: B8 -> A1  wpts=276 len=2.815[0m
[0m[INFO] [1788847474.406319285]: [sim_plan] built plan=615 start=1037.40 horizon=15.00 frames=150 commit_frames=20[0m
[0m[INFO] [1788847474.434241618]: [sim_plan] built plan=616 start=1039.40 horizon=15.00 frames=150 commit_frames=20[0m
[0m[INFO] [1788847474.454211432]: [sim_plan] built plan=617 start=1041.40 horizon=15.00 frames=150 commit_frames=20[0m
[0m[INFO] [1788847474.492009835]: [sim_plan] built plan=618 start=1043.40 horizon=15.00 frames=150 commit_frames=20[0m
[0m[INFO] [1788847474.531835739]: [sim_plan] built plan=619 start=1045.40 horizon=15.00 frames=150 commit_frames=20[0m
[0m[INFO] [1788847474.578526744]: [sim_plan] built plan=620 start=1047.40 horizon=15.00 frames=150 commit_frames=20[0m
[0m[INFO] [1788847474.629419061]: [sim_plan] built plan=621 start=1049.40 horizon=15.00 frames=150 commit_frames=20[0m
[0m[INFO] [1788847474.680092237]: [sim_plan] built plan=622 start=1051.40 horizon=15.00 frames=150 commit_frames=20[0m
[0m[INFO] [1788847474.721736059]: [sim_plan] built plan=623 start=1053.40 horizon=15.00 frames=150 commit_frames=20[0m
[0m[INFO] [1788847474.763382628]: [sim_plan] built plan=624 start=1053.80 horizon=15.00 frames=150 commit_frames=20[0m
[0m[INFO] [1788847474.806099094]: [sim_plan] built plan=625 start=1055.80 horizon=15.00 frames=150 commit_frames=20[0m
[0m[INFO] [1788847474.844992066]: [sim_plan] built plan=626 start=1057.80 horizon=15.00 frames=150 commit_frames=20[0m
[0m[INFO] [1788847474.846360052]: [multi_patrol][A1] V1 activate prepared dropoff: A1 -> B65 len=6.956 priority_until_s=0.758[0m
[0m[INFO] [1788847474.880790556]: [sim_plan] built plan=627 start=1058.70 horizon=15.00 frames=150 commit_frames=20[0m
[0m[INFO] [1788847474.920721247]: [sim_plan] built plan=628 start=1060.70 horizon=15.00 frames=150 commit_frames=20[0m
[0m[INFO] [1788847474.947134898]: [sim_plan] built plan=629 start=1062.70 horizon=15.00 frames=150 commit_frames=20[0m
[0m[INFO] [1788847474.948600540]: [multi_patrol][A1 EXIT PRIORITY RELEASE] V1 s=0.771 threshold=0.758[0m
[0m[INFO] [1788847474.966244802]: [sim_plan] built plan=630 start=1064.70 horizon=15.00 frames=150 commit_frames=20[0m
[0m[INFO] [1788847474.981026821]: [sim_plan] built plan=631 start=1066.70 horizon=15.00 frames=150 commit_frames=20[0m
[0m[INFO] [1788847474.992556991]: [sim_plan] built plan=632 start=1068.70 horizon=15.00 frames=150 commit_frames=20[0m
[0m[INFO] [1788847475.003514562]: [sim_plan] built plan=633 start=1070.70 horizon=15.00 frames=150 commit_frames=20[0m
[0m[INFO] [1788847475.013866808]: [sim_plan] built plan=634 start=1072.70 horizon=15.00 frames=150 commit_frames=20[0m
[0m[INFO] [1788847475.023764057]: [sim_plan] built plan=635 start=1074.70 horizon=15.00 frames=150 commit_frames=20[0m
[0m[INFO] [1788847475.033719049]: [sim_plan] built plan=636 start=1075.60 horizon=15.00 frames=150 commit_frames=20[0m
[0m[INFO] [1788847475.046521451]: [sim_plan] built plan=637 start=1077.60 horizon=15.00 frames=150 commit_frames=20[0m
[0m[INFO] [1788847475.063221292]: [sim_plan] built plan=638 start=1079.60 horizon=15.00 frames=150 commit_frames=20[0m
[0m[INFO] [1788847475.064754150]: [multi_patrol][A1] V0 activate prepared dropoff: A1 -> B63 len=6.551 priority_until_s=0.758[0m
[0m[INFO] [1788847475.081078888]: [sim_plan] built plan=639 start=1080.50 horizon=15.00 frames=150 commit_frames=20[0m
[0m[INFO] [1788847475.117322701]: [sim_plan] built plan=640 start=1082.50 horizon=15.00 frames=150 commit_frames=20[0m
[0m[INFO] [1788847475.137105893]: [sim_plan] built plan=641 start=1084.50 horizon=15.00 frames=150 commit_frames=20[0m
[0m[INFO] [1788847475.138332971]: [multi_patrol][A1 EXIT PRIORITY RELEASE] V0 s=0.771 threshold=0.758[0m
[0m[INFO] [1788847475.155164450]: [sim_plan] built plan=642 start=1086.50 horizon=15.00 frames=150 commit_frames=20[0m
[0m[INFO] [1788847475.172252334]: [sim_plan] buil[33m[WARN] [1788847475.225736686]: [SLOT_DEPARTURE] time=18min24.5s vehicle=V1 owner=none result=ALLOW reason=no_service_owner candidate_path_gen=29 slot_departure_clear_s=0.346 vehicle_mode=ACTIVE vehicle_speed=0.000 vehicle_path_s=0.000 blocker=none a1_prefix_conflict=0 ordinary_road_conflict=0[0m
[33m[WARN] [1788847475.226128785]: [multi_patrol][A1 EXIT PREPARED] V1 target=B44 pickup_dwell=5.00s exit_len=7.399 priority_until_s=0.758 horizon_refresh=IMMEDIATE[0m
[33m[WARN] [1788847475.366272689]: [SLOT_DEPARTURE] time=18min44.7s vehicle=V0 owner=none result=ALLOW reason=no_service_owner candidate_path_gen=29 slot_departure_clear_s=0.346 vehicle_mode=ACTIVE vehicle_speed=0.000 vehicle_path_s=0.000 blocker=none a1_prefix_conflict=0 ordinary_road_conflict=0[0m
[33m[WARN] [1788847475.366700016]: [multi_patrol][A1 EXIT PREPARED] V0 target=B28 pickup_dwell=5.00s exit_len=3.444 priority_until_s=0.758 horizon_refresh=IMMEDIATE[0m
t plan=643 start=1088.50 horizon=15.00 frames=150 commit_frames=20[0m
[0m[INFO] [1788847475.185319011]: [sim_plan] built plan=644 start=1090.50 horizon=15.00 frames=150 commit_frames=20[0m
[0m[INFO] [1788847475.196725815]: [sim_plan] built plan=645 start=1092.50 horizon=15.00 frames=150 commit_frames=20[0m
[0m[INFO] [1788847475.205127529]: [sim_plan] built plan=646 start=1094.50 horizon=15.00 frames=150 commit_frames=20[0m
[0m[INFO] [1788847475.211769272]: [sim_plan] built plan=647 start=1096.50 horizon=15.00 frames=150 commit_frames=20[0m
[0m[INFO] [1788847475.217918811]: [sim_plan] built plan=648 start=1098.50 horizon=15.00 frames=150 commit_frames=20[0m
[0m[INFO] [1788847475.221511278]: [sim_plan] built plan=649 start=1100.50 horizon=15.00 frames=150 commit_frames=20[0m
[0m[INFO] [1788847475.225157568]: [sim_plan] built plan=650 start=1102.50 horizon=15.00 frames=150 commit_frames=20[0m
[0m[INFO] [1788847475.225697212]: [multi_patrol][A1] V1 pickup leg: B65 -> A1  wpts=567 len=6.684[0m
[0m[INFO] [1788847475.252076348]: [sim_plan] built plan=651 start=1104.50 horizon=15.00 frames=150 commit_frames=20[0m
[0m[INFO] [1788847475.285165817]: [sim_plan] built plan=652 start=1106.50 horizon=15.00 frames=150 commit_frames=20[0m
[0m[INFO] [1788847475.304940361]: [sim_plan] built plan=653 start=1108.50 horizon=15.00 frames=150 commit_frames=20[0m
[0m[INFO] [1788847475.320874697]: [sim_plan] built plan=654 start=1110.50 horizon=15.00 frames=150 commit_frames=20[0m
[0m[INFO] [1788847475.331800500]: [sim_plan] built plan=655 start=1112.50 horizon=15.00 frames=150 commit_frames=20[0m
[0m[INFO] [1788847475.342179265]: [sim_plan] built plan=656 start=1114.50 horizon=15.00 frames=150 commit_frames=20[0m
[0m[INFO] [1788847475.349570640]: [sim_plan] built plan=657 start=1116.50 horizon=15.00 frames=150 commit_frames=20[0m
[0m[INFO] [1788847475.354835090]: [sim_plan] built plan=658 start=1118.50 horizon=15.00 frames=150 commit_frames=20[0m
[0m[INFO] [1788847475.358800394]: [sim_plan] built plan=659 start=1120.50 horizon=15.00 frames=150 commit_frames=20[0m
[0m[INFO] [1788847475.362154158]: [sim_plan] built plan=660 start=1122.50 horizon=15.00 frames=150 commit_frames=20[0m
[0m[INFO] [1788847475.365636692]: [sim_plan] built plan=661 start=1124.50 horizon=15.00 frames=150 commit_frames=20[0m
[0m[INFO] [1788847475.366229387]: [multi_patrol][A1] V0 pickup leg: B63 -> A1  wpts=523 len=6.245[0m
[0m[INFO] [1788847475.384866231]: [sim_plan] built plan=662 start=1124.70 horizon=15.00 frames=150 commit_frames=20[0m
[0m[INFO] [1788847475.413672182]: [sim_plan] built plan=663 start=1126.70 horizon=15.00 frames=150 commit_frames=20[0m
[0m[INFO] [1788847475.432090266]: [sim_plan] built plan=664 start=1128.70 horizon=15.00 frames=150 commit_frames=20[0m
[0m[INFO] [1788847475.450223314]: [sim_plan] built plan=665 start=1130.70 horizon=15.00 frames=150 commit_frames=20[0m
[0m[INFO] [1788847475.465702819]: [sim_plan] built plan=666 start=1132.70 horizon=15.00 frames=150 commit_frames=20[0m
[0m[INFO] [1788847475.482509291]: [sim_plan] built plan=667 start=1134.70 horizon=15.00 frames=150 commit_frames=20[0m
[0m[INFO] [1788847475.500340346]: [sim_plan] built plan=668 start=1136.70 horizon=15.00 frames=150 commit_frames=20[0m
[0m[INFO] [1788847475.529687113]: [sim_plan] built plan=669 start=1138.70 horizon=15.00 frames=150 commit_frames=20[0m
[0m[INFO] [1788847475.565775596]: [sim_plan] built plan=670 start=1140.70 horizon=15.00 frames=150 commit_frames=20[0m
[0m[INFO] [1788847475.606951238]: [sim_plan] built plan=671 start=1142.70 horizon=15.00 frames=150 commit_frames=20[0m
[0m[INFO] [1788847475.649691025]: [sim_plan] built plan=672 start=1144.70 horizon=15.00 frames=150 commit_frames=20[0m
[0m[INFO] [1788847475.693537754]: [sim_plan] built plan=673 start=1146.70 horizon=15.00 frames=150 commit_frames=20[0m
[0m[INFO] [1788847475.743988476]: [sim_plan] built plan=674 start=1148.70 horizon=15.00 frames=150 commit_frames=20[0m
[0m[INFO] [1788847475.797798054]: [sim_plan] built plan=675 start=1[33m[WARN] [1788847475.884386832]: [multi_patrol][A1 EXIT HORIZON] V1 target=B44 dwell_part=4.90s departure_window=10.10s total_horizon=15.00s[0m
[33m[WARN] [1788847475.926205917]: [multi_patrol][A1 EXIT HORIZON] V1 target=B44 dwell_part=2.90s departure_window=12.10s total_horizon=15.00s[0m
[33m[WARN] [1788847475.971357325]: [multi_patrol][A1 EXIT HORIZON] V1 target=B44 dwell_part=0.90s departure_window=14.10s total_horizon=15.00s[0m
[33m[WARN] [1788847476.173685117]: [multi_patrol][A1 EXIT HORIZON] V0 target=B28 dwell_part=4.90s departure_window=10.10s total_horizon=15.00s[0m
[33m[WARN] [1788847476.187400913]: [multi_patrol][A1 EXIT HORIZON] V0 target=B28 dwell_part=2.90s departure_window=12.10s total_horizon=15.00s[0m
[33m[WARN] [1788847476.204014739]: [multi_patrol][A1 EXIT HORIZON] V0 target=B28 dwell_part=0.90s departure_window=14.10s total_horizon=15.00s[0m
150.70 horizon=15.00 frames=150 commit_frames=20[0m
[0m[INFO] [1788847475.843073618]: [sim_plan] built plan=676 start=1152.70 horizon=15.00 frames=150 commit_frames=20[0m
[0m[INFO] [1788847475.884342078]: [sim_plan] built plan=677 start=1153.60 horizon=15.00 frames=150 commit_frames=20[0m
[0m[INFO] [1788847475.926130454]: [sim_plan] built plan=678 start=1155.60 horizon=15.00 frames=150 commit_frames=20[0m
[0m[INFO] [1788847475.971308412]: [sim_plan] built plan=679 start=1157.60 horizon=15.00 frames=150 commit_frames=20[0m
[0m[INFO] [1788847475.972853665]: [multi_patrol][A1] V1 activate prepared dropoff: A1 -> B44 len=7.399 priority_until_s=0.758[0m
[0m[INFO] [1788847476.011847192]: [sim_plan] built plan=680 start=1158.50 horizon=15.00 frames=150 commit_frames=20[0m
[0m[INFO] [1788847476.052377927]: [sim_plan] built plan=681 start=1160.50 horizon=15.00 frames=150 commit_frames=20[0m
[0m[INFO] [1788847476.078039693]: [sim_plan] built plan=682 start=1162.50 horizon=15.00 frames=150 commit_frames=20[0m
[0m[INFO] [1788847476.079460721]: [multi_patrol][A1 EXIT PRIORITY RELEASE] V1 s=0.771 threshold=0.758[0m
[0m[INFO] [1788847476.098260012]: [sim_plan] built plan=683 start=1164.50 horizon=15.00 frames=150 commit_frames=20[0m
[0m[INFO] [1788847476.111984866]: [sim_plan] built plan=684 start=1166.50 horizon=15.00 frames=150 commit_frames=20[0m
[0m[INFO] [1788847476.124917236]: [sim_plan] built plan=685 start=1168.50 horizon=15.00 frames=150 commit_frames=20[0m
[0m[INFO] [1788847476.135775049]: [sim_plan] built plan=686 start=1170.50 horizon=15.00 frames=150 commit_frames=20[0m
[0m[INFO] [1788847476.146063247]: [sim_plan] built plan=687 start=1172.50 horizon=15.00 frames=150 commit_frames=20[0m
[0m[INFO] [1788847476.155302093]: [sim_plan] built plan=688 start=1174.50 horizon=15.00 frames=150 commit_frames=20[0m
[0m[INFO] [1788847476.164200679]: [sim_plan] built plan=689 start=1176.50 horizon=15.00 frames=150 commit_frames=20[0m
[0m[INFO] [1788847476.173626275]: [sim_plan] built plan=690 start=1176.70 horizon=15.00 frames=150 commit_frames=20[0m
[0m[INFO] [1788847476.187356740]: [sim_plan] built plan=691 start=1178.70 horizon=15.00 frames=150 commit_frames=20[0m
[0m[INFO] [1788847476.203938665]: [sim_plan] built plan=692 start=1180.70 horizon=15.00 frames=150 commit_frames=20[0m
[0m[INFO] [1788847476.205707702]: [multi_patrol][A1] V0 activate prepared dropoff: A1 -> B28 len=3.444 priority_until_s=0.758[0m
[0m[INFO] [1788847476.222581972]: [sim_plan] built plan=693 start=1181.60 horizon=15.00 frames=150 commit_frames=20[0m
[0m[INFO] [1788847476.245801252]: [sim_plan] built plan=694 start=1183.60 horizon=15.00 frames=150 commit_frames=20[0m
[0m[INFO] [1788847476.266146327]: [sim_plan] built plan=695 start=1185.60 horizon=15.00 frames=150 commit_frames=20[0m
[0m[INFO] [1788847476.267710592]: [multi_patrol][A1 EXIT PRIORITY RELEASE] V0 s=0.771 threshold=0.758[0m
[0m[INFO] [1788847476.283970581]: [sim_plan] built plan=696 start=1187.60 horizon=15.00 frames=150 commit_frames=20[0m
[0m[INFO] [1788847476.297412797]: [sim_plan] built plan=697 start=1189.60 horizon=15.00 frames=150 commit_frames=20[0m
[0m[INFO] [1788847476.308095380]: [sim_plan] built plan=698 start=1191.60 horizon=15.00 frames=150 commit_frames=20[0m
[0m[INFO] [1788847476.316952155]: [sim_plan] built plan=699 start=1193.60 horizon=15.00 frames=150 commit_frames=20[0m
[0m[INFO] [1788847476.322848334]: [sim_plan] built plan=700 start=1195.60 horizon=15.00 frames=150 commit_frames=20[0m
[0m[INFO] [1788847476.327164295]: [sim_plan] built plan=701 start=1197.60 horizon=15.00 frames=150 commit_frames=20[0m
[0m[INFO] [1788847476.329610967]: [sim_plan] built plan=702 start=1199.60 horizon=15.00 frames=150 commit_frames=20[0m
[0m[INFO] [1788847476.330692990]: [sim_plan] built plan=703 start=1201.60 horizon=15.00 frames=150 commit_frames=20[0m
[0m[INFO] [1788847476.331708890]: [sim_plan] built plan=704 start=1203.60 horizon=15.00 frames=150 commit_frames=20[0m
[0m[INFO] [1788847476.332715629]: [sim_plan] built plan=7[33m[WARN] [1788847476.333614721]: [SLOT_DEPARTURE] time=20min6.5s vehicle=V1 owner=none result=ALLOW reason=no_service_owner candidate_path_gen=31 slot_departure_clear_s=0.327 vehicle_mode=ACTIVE vehicle_speed=0.000 vehicle_path_s=0.000 blocker=none a1_prefix_conflict=0 ordinary_road_conflict=0[0m
[33m[WARN] [1788847476.334241654]: [multi_patrol][A1 EXIT PREPARED] V1 target=B41 pickup_dwell=5.00s exit_len=7.360 priority_until_s=0.758 horizon_refresh=IMMEDIATE[0m
[33m[WARN] [1788847476.338689404]: [SLOT_DEPARTURE] time=20min8.2s vehicle=V0 owner=none result=ALLOW reason=no_service_owner candidate_path_gen=31 slot_departure_clear_s=0.327 vehicle_mode=ACTIVE vehicle_speed=0.000 vehicle_path_s=0.000 blocker=none a1_prefix_conflict=0 ordinary_road_conflict=0[0m
[33m[WARN] [1788847476.339177507]: [multi_patrol][A1 EXIT PREPARED] V0 target=B19 pickup_dwell=5.00s exit_len=4.755 priority_until_s=0.758 horizon_refresh=IMMEDIATE[0m
[33m[WARN] [1788847476.814959922]: [multi_patrol][A1 EXIT HORIZON] V0 target=B19 dwell_part=4.90s departure_window=10.10s total_horizon=15.00s[0m
[33m[WARN] [1788847476.874031633]: [multi_patrol][A1 EXIT HORIZON] V0 target=B19 dwell_part=2.90s departure_window=12.10s total_horizon=15.00s[0m
[33m[WARN] [1788847476.941598765]: [multi_patrol][A1 EXIT HORIZON] V0 target=B19 dwell_part=0.90s departure_window=14.10s total_horizon=15.00s[0m
05 start=1205.60 horizon=15.00 frames=150 commit_frames=20[0m
[0m[INFO] [1788847476.333535030]: [multi_patrol][A1] V1 pickup leg: B44 -> A1  wpts=486 len=5.327[0m
[0m[INFO] [1788847476.338028650]: [sim_plan] built plan=706 start=1206.50 horizon=15.00 frames=150 commit_frames=20[0m
[0m[INFO] [1788847476.338648587]: [multi_patrol][A1] V0 pickup leg: B28 -> A1  wpts=298 len=3.913[0m
[0m[INFO] [1788847476.357057427]: [sim_plan] built plan=707 start=1208.20 horizon=15.00 frames=150 commit_frames=20[0m
[0m[INFO] [1788847476.380628285]: [sim_plan] built plan=708 start=1210.20 horizon=15.00 frames=150 commit_frames=20[0m
[0m[INFO] [1788847476.400909029]: [sim_plan] built plan=709 start=1212.20 horizon=15.00 frames=150 commit_frames=20[0m
[0m[INFO] [1788847476.421363924]: [sim_plan] built plan=710 start=1214.20 horizon=15.00 frames=150 commit_frames=20[0m
[0m[INFO] [1788847476.439132783]: [sim_plan] built plan=711 start=1216.20 horizon=15.00 frames=150 commit_frames=20[0m
[0m[INFO] [1788847476.485548379]: [sim_plan] built plan=712 start=1218.20 horizon=15.00 frames=150 commit_frames=20[0m
[0m[INFO] [1788847476.530186485]: [sim_plan] built plan=713 start=1220.20 horizon=15.00 frames=150 commit_frames=20[0m
[0m[INFO] [1788847476.572464000]: [sim_plan] built plan=714 start=1222.20 horizon=15.00 frames=150 commit_frames=20[0m
[0m[INFO] [1788847476.615443344]: [sim_plan] built plan=715 start=1224.20 horizon=15.00 frames=150 commit_frames=20[0m
[0m[INFO] [1788847476.664850931]: [sim_plan] built plan=716 start=1226.20 horizon=15.00 frames=150 commit_frames=20[0m
[0m[INFO] [1788847476.712774256]: [sim_plan] built plan=717 start=1228.20 horizon=15.00 frames=150 commit_frames=20[0m
[0m[INFO] [1788847476.761757995]: [sim_plan] built plan=718 start=1230.20 horizon=15.00 frames=150 commit_frames=20[0m
[0m[INFO] [1788847476.814906816]: [sim_plan] built plan=719 start=1232.10 horizon=15.00 frames=150 commit_frames=20[0m
[0m[INFO] [1788847476.873985312]: [sim_plan] built plan=720 start=1234.10 horizon=15.00 frames=150 commit_frames=20[0m
[0m[INFO] [1788847476.941536856]: [sim_plan] built plan=721 start=1236.10 horizon=15.00 frames=150 commit_frames=20[0m
[0m[INFO] [1788847476.943052196]: [multi_patrol][A1] V0 activate prepared dropoff: A1 -> B19 len=4.755 priority_until_s=0.758[0m
[0m[INFO] [1788847477.009785270]: [sim_plan] built plan=722 start=1237.00 horizon=15.00 frames=150 commit_frames=20[0m
[0m[INFO] [1788847477.071361322]: [sim_plan] built plan=723 start=1239.00 horizon=15.00 frames=150 commit_frames=20[0m
[0m[INFO] [1788847477.119431279]: [sim_plan] built plan=724 start=1241.00 horizon=15.00 frames=150 commit_frames=20[0m
[0m[INFO] [1788847477.120774960]: [multi_patrol][A1 EXIT PRIORITY RELEASE] V0 s=0.771 threshold=0.758[0m
[0m[INFO] [1788847477.162232385]: [sim_plan] built plan=725 start=1243.00 horizon=15.00 frames=150 commit_frames=20[0m
[0m[INFO] [1788847477.193829528]: [sim_plan] built plan=726 start=1245.00 horizon=15.00 frames=150 commit_frames=20[0m
[0m[INFO] [1788847477.217810321]: [sim_plan] built plan=727 start=1247.00 horizon=15.00 frames=150 commit_frames=20[0m
[0m[INFO] [1788847477.234260280]: [sim_plan] built plan=728 start=1249.00 horizon=15.00 frames=150 commit_frames=20[0m
[0m[INFO] [1788847477.246559330]: [sim_plan] built plan=729 start=1251.00 horizon=15.00 frames=150 commit_frames=20[0m
[0m[INFO] [1788847477.260996792]: [sim_plan] built plan=730 start=1253.00 horizon=15.00 frames=150 commit_frames=20[0m
[0m[INFO] [1788847477.269558610]: [sim_plan] built plan=731 start=1255.00 horizon=15.00 frames=150 commit_frames=20[0m
[0m[INFO] [1788847477.276503352]: [sim_plan] built plan=732 start=1257.00 horizon=15.00 frames=150 commit_frames=20[0m
[0m[INFO] [1788847477.281840945]: [sim_plan] built plan=733 start=1259.00 horizon=15.00 frames=150 commit_frames=20[0m
[0m[INFO] [1788847477.287741156]: [sim_plan] built plan=734 start=1261.00 horizon=15.00 frames=150 commit_frames=20[0m
[0m[INFO] [1788847477.291205969]: [sim_plan] built plan=735 start=1261.20 horiz[33m[WARN] [1788847477.291465508]: [multi_patrol][A1 EXIT HORIZON] V1 target=B41 dwell_part=4.90s departure_window=10.10s total_horizon=15.00s[0m
[33m[WARN] [1788847477.297002325]: [multi_patrol][A1 EXIT HORIZON] V1 target=B41 dwell_part=2.90s departure_window=12.10s total_horizon=15.00s[0m
[33m[WARN] [1788847477.303560144]: [multi_patrol][A1 EXIT HORIZON] V1 target=B41 dwell_part=0.90s departure_window=14.10s total_horizon=15.00s[0m
[33m[WARN] [1788847477.321555278]: [SLOT_DEPARTURE] time=21min9.7s vehicle=V0 owner=V1 result=ALLOW reason=slot_departure_clear candidate_path_gen=33 slot_departure_clear_s=0.327 vehicle_mode=ACTIVE vehicle_speed=0.000 vehicle_path_s=0.000 blocker=none a1_prefix_conflict=0 ordinary_road_conflict=0 owner_phase=TO_B owner_path_gen=32 geometry=actual_to_b protected_zones=0 actual_occupancy_priority=0[0m
[33m[WARN] [1788847477.321986240]: [multi_patrol][A1 EXIT PREPARED] V0 target=B32 pickup_dwell=5.00s exit_len=4.055 priority_until_s=0.758 horizon_refresh=IMMEDIATE[0m
[33m[WARN] [1788847477.517004849]: [multi_patrol][A1 EXIT HORIZON] V0 target=B32 dwell_part=4.90s departure_window=10.10s total_horizon=15.00s[0m
[33m[WARN] [1788847477.530626060]: [multi_patrol][A1 EXIT HORIZON] V0 target=B32 dwell_part=2.90s departure_window=12.10s total_horizon=15.00s[0m
[33m[WARN] [1788847477.547507898]: [multi_patrol][A1 EXIT HORIZON] V0 target=B32 dwell_part=0.90s departure_window=14.10s total_horizon=15.00s[0m
on=15.00 frames=150 commit_frames=20[0m
[0m[INFO] [1788847477.296954219]: [sim_plan] built plan=736 start=1263.20 horizon=15.00 frames=150 commit_frames=20[0m
[0m[INFO] [1788847477.303487762]: [sim_plan] built plan=737 start=1265.20 horizon=15.00 frames=150 commit_frames=20[0m
[0m[INFO] [1788847477.305175984]: [multi_patrol][A1] V1 activate prepared dropoff: A1 -> B41 len=7.360 priority_until_s=0.758[0m
[0m[INFO] [1788847477.309197509]: [sim_plan] built plan=738 start=1266.10 horizon=15.00 frames=150 commit_frames=20[0m
[0m[INFO] [1788847477.315768474]: [sim_plan] built plan=739 start=1268.10 horizon=15.00 frames=150 commit_frames=20[0m
[0m[INFO] [1788847477.321490396]: [multi_patrol][A1] V0 pickup leg: B19 -> A1  wpts=249 len=3.198[0m
[0m[INFO] [1788847477.354158707]: [sim_plan] built plan=740 start=1269.70 horizon=15.00 frames=150 commit_frames=20[0m
[0m[INFO] [1788847477.360461009]: [multi_patrol][A1 EXIT PRIORITY RELEASE] V1 s=0.771 threshold=0.758[0m
[0m[INFO] [1788847477.385529868]: [sim_plan] built plan=741 start=1271.70 horizon=15.00 frames=150 commit_frames=20[0m
[0m[INFO] [1788847477.406364095]: [sim_plan] built plan=742 start=1273.70 horizon=15.00 frames=150 commit_frames=20[0m
[0m[INFO] [1788847477.424948092]: [sim_plan] built plan=743 start=1275.70 horizon=15.00 frames=150 commit_frames=20[0m
[0m[INFO] [1788847477.441747211]: [sim_plan] built plan=744 start=1277.70 horizon=15.00 frames=150 commit_frames=20[0m
[0m[INFO] [1788847477.455627208]: [sim_plan] built plan=745 start=1279.70 horizon=15.00 frames=150 commit_frames=20[0m
[0m[INFO] [1788847477.468593357]: [sim_plan] built plan=746 start=1281.70 horizon=15.00 frames=150 commit_frames=20[0m
[0m[INFO] [1788847477.479455033]: [sim_plan] built plan=747 start=1283.70 horizon=15.00 frames=150 commit_frames=20[0m
[0m[INFO] [1788847477.489886133]: [sim_plan] built plan=748 start=1285.70 horizon=15.00 frames=150 commit_frames=20[0m
[0m[INFO] [1788847477.499427656]: [sim_plan] built plan=749 start=1287.70 horizon=15.00 frames=150 commit_frames=20[0m
[0m[INFO] [1788847477.507975979]: [sim_plan] built plan=750 start=1289.70 horizon=15.00 frames=150 commit_frames=20[0m
[0m[INFO] [1788847477.516915006]: [sim_plan] built plan=751 start=1290.90 horizon=15.00 frames=150 commit_frames=20[0m
[0m[INFO] [1788847477.530569469]: [sim_plan] built plan=752 start=1292.90 horizon=15.00 frames=150 commit_frames=20[0m
[0m[INFO] [1788847477.547417418]: [sim_plan] built plan=753 start=1294.90 horizon=15.00 frames=150 commit_frames=20[0m
[0m[INFO] [1788847477.549061838]: [multi_patrol][A1] V0 activate prepared dropoff: A1 -> B32 len=4.055 priority_until_s=0.758[0m
[0m[INFO] [1788847477.564261341]: [sim_plan] built plan=754 start=1295.80 horizon=15.00 frames=150 commit_frames=20[0m
[0m[INFO] [1788847477.585324636]: [sim_plan] built plan=755 start=1297.80 horizon=15.00 frames=150 commit_frames=20[0m
[0m[INFO] [1788847477.599519595]: [sim_plan] built plan=756 start=1299.80 horizon=15.00 frames=150 commit_frames=20[0m
[0m[INFO] [1788847477.600784740]: [multi_patrol][A1 EXIT PRIORITY RELEASE] V0 s=0.771 threshold=0.758[0m
[0m[INFO] [1788847477.611177565]: [sim_plan] built plan=757 start=1301.80 horizon=15.00 frames=150 commit_frames=20[0m
[0m[INFO] [1788847477.620449848]: [sim_plan] built plan=758 start=1303.80 horizon=15.00 frames=150 commit_frames=20[0m
[0m[INFO] [1788847477.627910854]: [sim_plan] built plan=759 start=1305.80 horizon=15.00 frames=150 commit_frames=20[0m
[0m[INFO] [1788847477.632699427]: [sim_plan] built plan=760 start=1307.80 horizon=15.00 frames=150 commit_frames=20[0m
[0m[INFO] [1788847477.635605712]: [sim_plan] built plan=761 start=1309.80 horizon=15.00 frames=150 commit_frames=20[0m
[0m[INFO] [1788847477.637939811]: [sim_plan] built plan=762 start=1311.80 horizon=15.00 frames=150 commit_frames=20[0m
[0m[INFO] [1788847477.639833027]: [sim_plan] built plan=763 start=1313.80 horizon=15.00 frames=150 commit_frames=20[0m
[0m[INFO] [1788847477.640635018]: [multi_patrol][A1] V1 pickup leg: B41 -> A1  wpts=620[33m[WARN] [1788847477.641090421]: [SLOT_DEPARTURE] time=21min54.0s vehicle=V1 owner=none result=ALLOW reason=no_service_owner candidate_path_gen=33 slot_departure_clear_s=0.327 vehicle_mode=ACTIVE vehicle_speed=0.000 vehicle_path_s=0.000 blocker=none a1_prefix_conflict=0 ordinary_road_conflict=0[0m
[33m[WARN] [1788847477.641665481]: [multi_patrol][A1 EXIT PREPARED] V1 target=B1 pickup_dwell=5.00s exit_len=2.336 priority_until_s=0.756 horizon_refresh=IMMEDIATE[0m
[33m[WARN] [1788847477.690389233]: [SLOT_DEPARTURE] time=22min5.4s vehicle=V0 owner=none result=ALLOW reason=no_service_owner candidate_path_gen=35 slot_departure_clear_s=0.327 vehicle_mode=ACTIVE vehicle_speed=0.000 vehicle_path_s=0.000 blocker=none a1_prefix_conflict=0 ordinary_road_conflict=0[0m
[33m[WARN] [1788847477.690862067]: [multi_patrol][A1 EXIT PREPARED] V0 target=B19 pickup_dwell=5.00s exit_len=4.755 priority_until_s=0.758 horizon_refresh=IMMEDIATE[0m
[33m[WARN] [1788847478.177867858]: [multi_patrol][A1 EXIT HORIZON] V0 target=B19 dwell_part=4.90s departure_window=10.10s total_horizon=15.00s[0m
[33m[WARN] [1788847478.241803708]: [multi_patrol][A1 EXIT HORIZON] V0 target=B19 dwell_part=2.90s departure_window=12.10s total_horizon=15.00s[0m
[33m[WARN] [1788847478.308795496]: [multi_patrol][A1 EXIT HORIZON] V0 target=B19 dwell_part=0.90s departure_window=14.10s total_horizon=15.00s[0m
 len=6.936[0m
[0m[INFO] [1788847477.653506926]: [sim_plan] built plan=764 start=1314.00 horizon=15.00 frames=150 commit_frames=20[0m
[0m[INFO] [1788847477.670414947]: [sim_plan] built plan=765 start=1316.00 horizon=15.00 frames=150 commit_frames=20[0m
[0m[INFO] [1788847477.677016664]: [sim_plan] built plan=766 start=1318.00 horizon=15.00 frames=150 commit_frames=20[0m
[0m[INFO] [1788847477.681467196]: [sim_plan] built plan=767 start=1320.00 horizon=15.00 frames=150 commit_frames=20[0m
[0m[INFO] [1788847477.685748529]: [sim_plan] built plan=768 start=1322.00 horizon=15.00 frames=150 commit_frames=20[0m
[0m[INFO] [1788847477.689566692]: [sim_plan] built plan=769 start=1324.00 horizon=15.00 frames=150 commit_frames=20[0m
[0m[INFO] [1788847477.690343858]: [multi_patrol][A1] V0 pickup leg: B32 -> A1  wpts=286 len=3.302[0m
[0m[INFO] [1788847477.708701859]: [sim_plan] built plan=770 start=1325.40 horizon=15.00 frames=150 commit_frames=20[0m
[0m[INFO] [1788847477.730538122]: [sim_plan] built plan=771 start=1327.40 horizon=15.00 frames=150 commit_frames=20[0m
[0m[INFO] [1788847477.752537807]: [sim_plan] built plan=772 start=1329.40 horizon=15.00 frames=150 commit_frames=20[0m
[0m[INFO] [1788847477.794019470]: [sim_plan] built plan=773 start=1331.40 horizon=15.00 frames=150 commit_frames=20[0m
[0m[INFO] [1788847477.839702473]: [sim_plan] built plan=774 start=1333.40 horizon=15.00 frames=150 commit_frames=20[0m
[0m[INFO] [1788847477.883326621]: [sim_plan] built plan=775 start=1335.40 horizon=15.00 frames=150 commit_frames=20[0m
[0m[INFO] [1788847477.926485333]: [sim_plan] built plan=776 start=1337.40 horizon=15.00 frames=150 commit_frames=20[0m
[0m[INFO] [1788847477.971439059]: [sim_plan] built plan=777 start=1339.40 horizon=15.00 frames=150 commit_frames=20[0m
[0m[INFO] [1788847478.016636732]: [sim_plan] built plan=778 start=1341.40 horizon=15.00 frames=150 commit_frames=20[0m
[0m[INFO] [1788847478.062518280]: [sim_plan] built plan=779 start=1343.40 horizon=15.00 frames=150 commit_frames=20[0m
[0m[INFO] [1788847478.116496226]: [sim_plan] built plan=780 start=1345.40 horizon=15.00 frames=150 commit_frames=20[0m
[0m[INFO] [1788847478.177802706]: [sim_plan] built plan=781 start=1346.30 horizon=15.00 frames=150 commit_frames=20[0m
[0m[INFO] [1788847478.241758593]: [sim_plan] built plan=782 start=1348.30 horizon=15.00 frames=150 commit_frames=20[0m
[0m[INFO] [1788847478.308745478]: [sim_plan] built plan=783 start=1350.30 horizon=15.00 frames=150 commit_frames=20[0m
[0m[INFO] [1788847478.310321298]: [multi_patrol][A1] V0 activate prepared dropoff: A1 -> B19 len=4.755 priority_until_s=0.758[0m
[0m[INFO] [1788847478.378409734]: [sim_plan] built plan=784 start=1351.20 horizon=15.00 frames=150 commit_frames=20[0m
[0m[INFO] [1788847478.450616941]: [sim_plan] built plan=785 start=1353.20 horizon=15.00 frames=150 commit_frames=20[0m
[0m[INFO] [1788847478.510059671]: [sim_plan] built plan=786 start=1355.20 horizon=15.00 frames=150 commit_frames=20[0m
[0m[INFO] [1788847478.511566441]: [multi_patrol][A1 EXIT PRIORITY RELEASE] V0 s=0.771 threshold=0.758[0m
[0m[INFO] [1788847478.554312525]: [sim_plan] built plan=787 start=1357.20 horizon=15.00 frames=150 commit_frames=20[0m
[0m[INFO] [1788847478.586969525]: [sim_plan] built plan=788 start=1359.20 horizon=15.00 frames=150 commit_frames=20[0m
[0m[INFO] [1788847478.613808264]: [sim_plan] built plan=789 start=1361.20 horizon=15.00 frames=150 commit_frames=20[0m
[0m[INFO] [1788847478.630379590]: [sim_plan] built plan=790 start=1363.20 horizon=15.00 frames=150 commit_frames=20[0m
[0m[INFO] [1788847478.643534570]: [sim_plan] built plan=791 start=1365.20 horizon=15.00 frames=150 commit_frames=20[0m
[0m[INFO] [1788847478.657877100]: [sim_plan] built plan=792 start=1367.20 horizon=15.00 frames=150 commit_frames=20[0m
[0m[INFO] [1788847478.666846342]: [sim_plan] built plan=793 start=1369.20 horizon=15.00 frames=150 commit_frames=20[0m
[0m[INFO] [1788847478.674098603]: [sim_plan] built plan=794 start=1371.20 horizon=15.00 frames=150 commit_fra[33m[WARN] [1788847478.688588246]: [multi_patrol][A1 EXIT HORIZON] V1 target=B1 dwell_part=4.90s departure_window=10.10s total_horizon=15.00s[0m
[33m[WARN] [1788847478.694214456]: [multi_patrol][A1 EXIT HORIZON] V1 target=B1 dwell_part=2.90s departure_window=12.10s total_horizon=15.00s[0m
[33m[WARN] [1788847478.700474883]: [multi_patrol][A1 EXIT HORIZON] V1 target=B1 dwell_part=0.90s departure_window=14.10s total_horizon=15.00s[0m
[33m[WARN] [1788847478.716028797]: [SLOT_DEPARTURE] time=23min3.9s vehicle=V0 owner=V1 result=ALLOW reason=slot_departure_clear candidate_path_gen=37 slot_departure_clear_s=0.327 vehicle_mode=ACTIVE vehicle_speed=0.000 vehicle_path_s=0.000 blocker=none a1_prefix_conflict=0 ordinary_road_conflict=0 owner_phase=TO_B owner_path_gen=34 geometry=actual_to_b protected_zones=0 actual_occupancy_priority=0[0m
[33m[WARN] [1788847478.716562631]: [multi_patrol][A1 EXIT PREPARED] V0 target=B52 pickup_dwell=5.00s exit_len=5.439 priority_until_s=0.758 horizon_refresh=IMMEDIATE[0m
[33m[WARN] [1788847478.813161946]: [SLOT_DEPARTURE] time=23min19.5s vehicle=V1 owner=V0 result=ALLOW reason=slot_departure_clear candidate_path_gen=35 slot_departure_clear_s=0.346 vehicle_mode=ACTIVE vehicle_speed=0.000 vehicle_path_s=0.000 blocker=none a1_prefix_conflict=0 ordinary_road_conflict=0 owner_phase=TO_A1 owner_path_gen=37 geometry=pending_preview protected_zones=0 actual_occupancy_priority=0[0m
[33m[WARN] [1788847478.813802344]: [multi_patrol][A1 EXIT PREPARED] V1 target=B45 pickup_dwell=5.00s exit_len=8.932 priority_until_s=0.758 horizon_refresh=IMMEDIATE[0m
[33m[WARN] [1788847479.018911485]: [multi_patrol][A1 EXIT HORIZON] V0 target=B52 dwell_part=4.90s departure_window=10.10s total_horizon=15.00s[0m
[33m[WARN] [1788847479.069678945]: [multi_patrol][A1 EXIT HORIZON] V0 target=B52 dwell_part=2.90s departure_window=12.10s total_horizon=15.00s[0m
[33m[WARN] [1788847479.120432081]: [multi_patrol][A1 EXIT HORIZON] V0 target=B52 dwell_part=0.90s departure_window=14.10s total_horizon=15.00s[0m
mes=20[0m
[0m[INFO] [1788847478.679648252]: [sim_plan] built plan=795 start=1373.20 horizon=15.00 frames=150 commit_frames=20[0m
[0m[INFO] [1788847478.683580942]: [sim_plan] built plan=796 start=1375.20 horizon=15.00 frames=150 commit_frames=20[0m
[0m[INFO] [1788847478.688541182]: [sim_plan] built plan=797 start=1375.50 horizon=15.00 frames=150 commit_frames=20[0m
[0m[INFO] [1788847478.694169727]: [sim_plan] built plan=798 start=1377.50 horizon=15.00 frames=150 commit_frames=20[0m
[0m[INFO] [1788847478.700425734]: [sim_plan] built plan=799 start=1379.50 horizon=15.00 frames=150 commit_frames=20[0m
[0m[INFO] [1788847478.701967058]: [multi_patrol][A1] V1 activate prepared dropoff: A1 -> B1 len=2.336 priority_until_s=0.756[0m
[0m[INFO] [1788847478.705897171]: [sim_plan] built plan=800 start=1380.40 horizon=15.00 frames=150 commit_frames=20[0m
[0m[INFO] [1788847478.711321062]: [sim_plan] built plan=801 start=1382.40 horizon=15.00 frames=150 commit_frames=20[0m
[0m[INFO] [1788847478.715956782]: [multi_patrol][A1] V0 pickup leg: B19 -> A1  wpts=249 len=3.198[0m
[0m[INFO] [1788847478.742980196]: [sim_plan] built plan=802 start=1383.90 horizon=15.00 frames=150 commit_frames=20[0m
[0m[INFO] [1788847478.746331736]: [multi_patrol][A1 EXIT PRIORITY RELEASE] V1 s=0.768 threshold=0.756[0m
[0m[INFO] [1788847478.764924846]: [sim_plan] built plan=803 start=1385.90 horizon=15.00 frames=150 commit_frames=20[0m
[0m[INFO] [1788847478.777449796]: [sim_plan] built plan=804 start=1387.90 horizon=15.00 frames=150 commit_frames=20[0m
[0m[INFO] [1788847478.786337144]: [sim_plan] built plan=805 start=1389.90 horizon=15.00 frames=150 commit_frames=20[0m
[0m[INFO] [1788847478.796140547]: [sim_plan] built plan=806 start=1391.90 horizon=15.00 frames=150 commit_frames=20[0m
[0m[INFO] [1788847478.800641898]: [sim_plan] built plan=807 start=1393.90 horizon=15.00 frames=150 commit_frames=20[0m
[0m[INFO] [1788847478.804924522]: [sim_plan] built plan=808 start=1395.90 horizon=15.00 frames=150 commit_frames=20[0m
[0m[INFO] [1788847478.809248282]: [sim_plan] built plan=809 start=1397.90 horizon=15.00 frames=150 commit_frames=20[0m
[0m[INFO] [1788847478.813100124]: [multi_patrol][A1] V1 pickup leg: B1 -> A1  wpts=276 len=2.815[0m
[0m[INFO] [1788847478.860083171]: [sim_plan] built plan=810 start=1399.50 horizon=15.00 frames=150 commit_frames=20[0m
[0m[INFO] [1788847478.916929867]: [sim_plan] built plan=811 start=1401.50 horizon=15.00 frames=150 commit_frames=20[0m
[0m[INFO] [1788847478.969033577]: [sim_plan] built plan=812 start=1403.50 horizon=15.00 frames=150 commit_frames=20[0m
[0m[INFO] [1788847479.018860724]: [sim_plan] built plan=813 start=1405.00 horizon=15.00 frames=150 commit_frames=20[0m
[0m[INFO] [1788847479.069629748]: [sim_plan] built plan=814 start=1407.00 horizon=15.00 frames=150 commit_frames=20[0m
[0m[INFO] [1788847479.120380857]: [sim_plan] built plan=815 start=1409.00 horizon=15.00 frames=150 commit_frames=20[0m
[0m[INFO] [1788847479.122013634]: [multi_patrol][A1] V0 activate prepared dropoff: A1 -> B52 len=5.439 priority_until_s=0.758[0m
[0m[INFO] [1788847479.170524315]: [sim_plan] built plan=816 start=1409.90 horizon=15.00 frames=150 commit_frames=20[0m
[0m[INFO] [1788847479.218392914]: [sim_plan] built plan=817 start=1411.90 horizon=15.00 frames=150 commit_frames=20[0m
[0m[INFO] [1788847479.256450832]: [sim_plan] built plan=818 start=1413.90 horizon=15.00 frames=150 commit_frames=20[0m
[0m[INFO] [1788847479.257814692]: [multi_patrol][A1 EXIT PRIORITY RELEASE] V0 s=0.771 threshold=0.758[0m
[0m[INFO] [1788847479.288425198]: [sim_plan] built plan=819 start=1415.90 horizon=15.00 frames=150 commit_frames=20[0m
[0m[INFO] [1788847479.316118370]: [sim_plan] built plan=820 start=1417.90 horizon=15.00 frames=150 commit_frames=20[0m
[0m[INFO] [1788847479.337546220]: [sim_plan] built plan=821 start=1419.90 horizon=15.00 frames=150 commit_frames=20[0m
[0m[INFO] [1788847479.355937577]: [sim_plan] built plan=822 start=1421.90 horizon=15.00 frames=150 commit_frames=20[0m
[0m[INFO] [17888[33m[WARN] [1788847479.431339728]: [multi_patrol][A1 EXIT HORIZON] V1 target=B45 dwell_part=4.90s departure_window=10.10s total_horizon=15.00s[0m
[33m[WARN] [1788847479.440192225]: [multi_patrol][A1 EXIT HORIZON] V1 target=B45 dwell_part=2.90s departure_window=12.10s total_horizon=15.00s[0m
[33m[WARN] [1788847479.450681173]: [multi_patrol][A1 EXIT HORIZON] V1 target=B45 dwell_part=0.90s departure_window=14.10s total_horizon=15.00s[0m
[33m[WARN] [1788847479.490395768]: [SLOT_DEPARTURE] time=24min8.1s vehicle=V0 owner=none result=ALLOW reason=no_service_owner candidate_path_gen=39 slot_departure_clear_s=0.327 vehicle_mode=ACTIVE vehicle_speed=0.000 vehicle_path_s=0.000 blocker=none a1_prefix_conflict=0 ordinary_road_conflict=0[0m
[33m[WARN] [1788847479.491027893]: [multi_patrol][A1 EXIT PREPARED] V0 target=B34 pickup_dwell=5.00s exit_len=4.275 priority_until_s=0.758 horizon_refresh=IMMEDIATE[0m
47479.372427072]: [sim_plan] built plan=823 start=1423.90 horizon=15.00 frames=150 commit_frames=20[0m
[0m[INFO] [1788847479.385928026]: [sim_plan] built plan=824 start=1425.90 horizon=15.00 frames=150 commit_frames=20[0m
[0m[INFO] [1788847479.399036022]: [sim_plan] built plan=825 start=1427.90 horizon=15.00 frames=150 commit_frames=20[0m
[0m[INFO] [1788847479.409351056]: [sim_plan] built plan=826 start=1429.90 horizon=15.00 frames=150 commit_frames=20[0m
[0m[INFO] [1788847479.416873610]: [sim_plan] built plan=827 start=1431.90 horizon=15.00 frames=150 commit_frames=20[0m
[0m[INFO] [1788847479.422779184]: [sim_plan] built plan=828 start=1433.90 horizon=15.00 frames=150 commit_frames=20[0m
[0m[INFO] [1788847479.431263755]: [sim_plan] built plan=829 start=1434.00 horizon=15.00 frames=150 commit_frames=20[0m
[0m[INFO] [1788847479.440149157]: [sim_plan] built plan=830 start=1436.00 horizon=15.00 frames=150 commit_frames=20[0m
[0m[INFO] [1788847479.450595375]: [sim_plan] built plan=831 start=1438.00 horizon=15.00 frames=150 commit_frames=20[0m
[0m[INFO] [1788847479.452214091]: [multi_patrol][A1] V1 activate prepared dropoff: A1 -> B45 len=8.932 priority_until_s=0.758[0m
[0m[INFO] [1788847479.460255567]: [sim_plan] built plan=832 start=1438.90 horizon=15.00 frames=150 commit_frames=20[0m
[0m[INFO] [1788847479.469392097]: [batch] 14400/72000 ticks (sim_t=1440s) hard_guard=0[0m
[0m[INFO] [1788847479.475712813]: [sim_plan] built plan=833 start=1440.90 horizon=15.00 frames=150 commit_frames=20[0m
[0m[INFO] [1788847479.481081542]: [sim_plan] built plan=834 start=1442.90 horizon=15.00 frames=150 commit_frames=20[0m
[0m[INFO] [1788847479.482289102]: [multi_patrol][A1 EXIT PRIORITY RELEASE] V1 s=0.771 threshold=0.758[0m
[0m[INFO] [1788847479.485608944]: [sim_plan] built plan=835 start=1444.90 horizon=15.00 frames=150 commit_frames=20[0m
[0m[INFO] [1788847479.489490719]: [sim_plan] built plan=836 start=1446.90 horizon=15.00 frames=150 commit_frames=20[0m
[0m[INFO] [1788847479.490338848]: [multi_patrol][A1] V0 pickup leg: B52 -> A1  wpts=427 len=5.304[0m
[0m[INFO] [1788847479.517399107]: [sim_plan] built plan=837 start=1448.10 horizon=15.00 frames=150 commit_frames=20[0m
[0m[INFO] [1788847479.554163078]: [sim_plan] built plan=838 start=1450.10 horizon=15.00 frames=150 commit_frames=20[0m
[0m[INFO] [1788847479.583847097]: [sim_plan] built plan=839 start=1452.10 horizon=15.00 frames=150 commit_frames=20[0m
[0m[INFO] [1788847479.609282452]: [sim_plan] built plan=840 start=1454.10 horizon=15.00 frames=150 commit_frames=20[0m
[0m[INFO] [1788847479.630988460]: [sim_plan] built plan=841 start=1456.10 horizon=15.00 frames=150 commit_frames=20[0m
[0m[INFO] [1788847479.650555544]: [sim_plan] built plan=842 start=1458.10 horizon=15.00 frames=150 commit_frames=20[0m
[0m[INFO] [1788847479.666098695]: [sim_plan] built plan=843 start=1460.10 horizon=15.00 frames=150 commit_frames=20[0m
[0m[INFO] [1788847479.679651455]: [sim_plan] built plan=844 start=1462.10 horizon=15.00 frames=150 commit_frames=20[0m
[0m[INFO] [1788847479.698988913]: [sim_plan] built plan=845 start=1464.10 horizon=15.00 frames=150 commit_frames=20[0m
[0m[INFO] [1788847479.717464988]: [sim_plan] built plan=846 start=1466.10 horizon=15.00 frames=150 commit_frames=20[0m
[0m[INFO] [1788847479.735850641]: [sim_plan] built plan=847 start=1468.10 horizon=15.00 frames=150 commit_frames=20[0m
[0m[INFO] [1788847479.752535679]: [sim_plan] built plan=848 start=1470.10 horizon=15.00 frames=150 commit_frames=20[0m
[0m[INFO] [1788847479.768114129]: [sim_plan] built plan=849 start=1472.10 horizon=15.00 frames=150 commit_frames=20[0m
[0m[INFO] [1788847479.784119622]: [sim_plan] built plan=850 start=1474.10 horizon=15.00 frames=150 commit_frames=20[0m
[0m[INFO] [1788847479.802208788]: [sim_plan] built plan=851 start=1476.10 horizon=15.00 frames=150 commit_frames=20[0m
[0m[INFO] [1788847479.818853605]: [sim_plan] built plan=852 start=1478.10 horizon=15.00 frames=150 commit_frames=20[0m
[0m[INFO] [1788847479.844938572]: [sim_plan] buil[33m[WARN] [1788847479.904528739]: [multi_patrol][A1 EXIT HORIZON] V0 target=B34 dwell_part=4.90s departure_window=10.10s total_horizon=15.00s[0m
[33m[WARN] [1788847479.912171636]: [multi_patrol][A1 EXIT HORIZON] V0 target=B34 dwell_part=2.90s departure_window=12.10s total_horizon=15.00s[0m
[33m[WARN] [1788847479.918253518]: [multi_patrol][A1 EXIT HORIZON] V0 target=B34 dwell_part=0.90s departure_window=14.10s total_horizon=15.00s[0m
[33m[WARN] [1788847479.924600432]: [SLOT_DEPARTURE] time=24min59.1s vehicle=V1 owner=V0 result=ALLOW reason=slot_departure_clear candidate_path_gen=37 slot_departure_clear_s=0.327 vehicle_mode=ACTIVE vehicle_speed=0.000 vehicle_path_s=0.000 blocker=none a1_prefix_conflict=0 ordinary_road_conflict=0 owner_phase=PICKUP_DWELL owner_path_gen=39 geometry=pending_preview protected_zones=0 actual_occupancy_priority=0[0m
[33m[WARN] [1788847479.925363492]: [multi_patrol][A1 EXIT PREPARED] V1 target=B50 pickup_dwell=5.00s exit_len=6.993 priority_until_s=0.758 horizon_refresh=IMMEDIATE[0m
[33m[WARN] [1788847479.944568934]: [multi_patrol][A1 EXIT HORIZON] V0 target=B34 dwell_part=0.70s departure_window=14.30s total_horizon=15.00s[0m
[33m[WARN] [1788847480.289635905]: [SLOT_DEPARTURE] time=25min30.5s vehicle=V0 owner=V1 result=HOLD reason=a1_departure_prefix_conflict candidate_path_gen=41 slot_departure_clear_s=0.327 vehicle_mode=DWELL vehicle_speed=0.000 vehicle_path_s=4.275 blocker=V1 a1_prefix_conflict=1 ordinary_road_conflict=0 owner_phase=TO_A1 owner_path_gen=37 geometry=pending_preview protected_zones=1 actual_occupancy_priority=0[0m
t plan=853 start=1480.10 horizon=15.00 frames=150 commit_frames=20[0m
[0m[INFO] [1788847479.858028293]: [sim_plan] built plan=854 start=1482.10 horizon=15.00 frames=150 commit_frames=20[0m
[0m[INFO] [1788847479.868825309]: [sim_plan] built plan=855 start=1484.10 horizon=15.00 frames=150 commit_frames=20[0m
[0m[INFO] [1788847479.877445018]: [sim_plan] built plan=856 start=1486.10 horizon=15.00 frames=150 commit_frames=20[0m
[0m[INFO] [1788847479.884671247]: [sim_plan] built plan=857 start=1488.10 horizon=15.00 frames=150 commit_frames=20[0m
[0m[INFO] [1788847479.890677470]: [sim_plan] built plan=858 start=1490.10 horizon=15.00 frames=150 commit_frames=20[0m
[0m[INFO] [1788847479.895982421]: [sim_plan] built plan=859 start=1492.10 horizon=15.00 frames=150 commit_frames=20[0m
[0m[INFO] [1788847479.899736627]: [sim_plan] built plan=860 start=1494.10 horizon=15.00 frames=150 commit_frames=20[0m
[0m[INFO] [1788847479.904478933]: [sim_plan] built plan=861 start=1494.90 horizon=15.00 frames=150 commit_frames=20[0m
[0m[INFO] [1788847479.912127062]: [sim_plan] built plan=862 start=1496.90 horizon=15.00 frames=150 commit_frames=20[0m
[0m[INFO] [1788847479.918203221]: [sim_plan] built plan=863 start=1498.90 horizon=15.00 frames=150 commit_frames=20[0m
[0m[INFO] [1788847479.924494122]: [multi_patrol][A1] V1 pickup leg: B45 -> A1  wpts=572 len=6.460[0m
[0m[INFO] [1788847479.944514293]: [sim_plan] built plan=864 start=1499.10 horizon=15.00 frames=150 commit_frames=20[0m
[0m[INFO] [1788847479.945841193]: [multi_patrol][A1] V0 activate prepared dropoff: A1 -> B34 len=4.275 priority_until_s=0.758[0m
[0m[INFO] [1788847479.964275782]: [sim_plan] built plan=865 start=1499.80 horizon=15.00 frames=150 commit_frames=20[0m
[0m[INFO] [1788847479.991327719]: [sim_plan] built plan=866 start=1501.80 horizon=15.00 frames=150 commit_frames=20[0m
[0m[INFO] [1788847480.010415127]: [sim_plan] built plan=867 start=1503.80 horizon=15.00 frames=150 commit_frames=20[0m
[0m[INFO] [1788847480.011804664]: [multi_patrol][A1 EXIT PRIORITY RELEASE] V0 s=0.771 threshold=0.758[0m
[0m[INFO] [1788847480.044594498]: [sim_plan] built plan=868 start=1505.80 horizon=15.00 frames=150 commit_frames=20[0m
[0m[INFO] [1788847480.083965493]: [sim_plan] built plan=869 start=1507.80 horizon=15.00 frames=150 commit_frames=20[0m
[0m[INFO] [1788847480.127317342]: [sim_plan] built plan=870 start=1509.80 horizon=15.00 frames=150 commit_frames=20[0m
[0m[INFO] [1788847480.166096281]: [sim_plan] built plan=871 start=1511.80 horizon=15.00 frames=150 commit_frames=20[0m
[0m[INFO] [1788847480.196404578]: [sim_plan] built plan=872 start=1513.80 horizon=15.00 frames=150 commit_frames=20[0m
[0m[INFO] [1788847480.221699164]: [sim_plan] built plan=873 start=1515.80 horizon=15.00 frames=150 commit_frames=20[0m
[0m[INFO] [1788847480.239258365]: [sim_plan] built plan=874 start=1517.80 horizon=15.00 frames=150 commit_frames=20[0m
[0m[INFO] [1788847480.250499058]: [sim_plan] built plan=875 start=1519.80 horizon=15.00 frames=150 commit_frames=20[0m
[0m[INFO] [1788847480.259273376]: [sim_plan] built plan=876 start=1521.80 horizon=15.00 frames=150 commit_frames=20[0m
[0m[INFO] [1788847480.267047369]: [sim_plan] built plan=877 start=1523.80 horizon=15.00 frames=150 commit_frames=20[0m
[0m[INFO] [1788847480.271548619]: [sim_plan] built plan=878 start=1525.80 horizon=15.00 frames=150 commit_frames=20[0m
[0m[INFO] [1788847480.275633457]: [sim_plan] built plan=879 start=1527.80 horizon=15.00 frames=150 commit_frames=20[0m
[0m[INFO] [1788847480.284694112]: [sim_plan] built plan=880 start=1529.80 horizon=15.00 frames=150 commit_frames=20[0m
[0m[INFO] [1788847480.354002431]: [sim_plan] built plan=881 start=1531.80 horizon=15.00 frames=150 commit_frames=20[0m
[0m[INFO] [1788847480.474115785]: [sim_plan] built plan=882 start=1533.80 horizon=15.00 frames=150 commit_frames=20[0m
[0m[INFO] [1788847480.593667293]: [sim_plan] built plan=883 start=1535.80 horizon=15.00 frames=150 commit_frames=20[0m
[0m[INFO] [1788847480.692844163]: [sim_plan] built pl[33m[WARN] [1788847480.931014252]: [multi_patrol][A1 EXIT HORIZON] V1 target=B50 dwell_part=4.90s departure_window=10.10s total_horizon=15.00s[0m
[33m[WARN] [1788847481.029558045]: [multi_patrol][A1 EXIT HORIZON] V1 target=B50 dwell_part=2.90s departure_window=12.10s total_horizon=15.00s[0m
[33m[WARN] [1788847481.124112699]: [multi_patrol][A1 EXIT HORIZON] V1 target=B50 dwell_part=0.90s departure_window=14.10s total_horizon=15.00s[0m
[33m[WARN] [1788847481.450005659]: [SLOT_DEPARTURE] time=25min53.3s vehicle=V0 owner=V1 result=ALLOW reason=slot_departure_clear_after_retry candidate_path_gen=41 slot_departure_clear_s=0.327 vehicle_mode=ACTIVE vehicle_speed=0.000 vehicle_path_s=0.000 blocker=none a1_prefix_conflict=0 ordinary_road_conflict=0 owner_phase=TO_B owner_path_gen=38 geometry=actual_to_b protected_zones=0 actual_occupancy_priority=0[0m
[33m[WARN] [1788847481.450538712]: [multi_patrol][A1 EXIT PREPARED] V0 target=B27 pickup_dwell=5.00s exit_len=7.516 priority_until_s=0.758 horizon_refresh=IMMEDIATE[0m
[33m[WARN] [1788847482.008060455]: [multi_patrol][A1 EXIT HORIZON] V0 target=B27 dwell_part=4.90s departure_window=10.10s total_horizon=15.00s[0m
[33m[WARN] [1788847482.014145087]: [multi_patrol][A1 EXIT HORIZON] V0 target=B27 dwell_part=2.90s departure_window=12.10s total_horizon=15.00s[0m
[33m[WARN] [1788847482.020848254]: [multi_patrol][A1 EXIT HORIZON] V0 target=B27 dwell_part=0.90s departure_window=14.10s total_horizon=15.00s[0m
an=884 start=1537.80 horizon=15.00 frames=150 commit_frames=20[0m
[0m[INFO] [1788847480.784619142]: [sim_plan] built plan=885 start=1539.80 horizon=15.00 frames=150 commit_frames=20[0m
[0m[INFO] [1788847480.878338416]: [sim_plan] built plan=886 start=1541.80 horizon=15.00 frames=150 commit_frames=20[0m
[0m[INFO] [1788847480.930954775]: [sim_plan] built plan=887 start=1542.90 horizon=15.00 frames=150 commit_frames=20[0m
[0m[INFO] [1788847481.029493134]: [sim_plan] built plan=888 start=1544.90 horizon=15.00 frames=150 commit_frames=20[0m
[0m[INFO] [1788847481.124060828]: [sim_plan] built plan=889 start=1546.90 horizon=15.00 frames=150 commit_frames=20[0m
[0m[INFO] [1788847481.162993312]: [multi_patrol][A1] V1 activate prepared dropoff: A1 -> B50 len=6.993 priority_until_s=0.758[0m
[0m[INFO] [1788847481.167635373]: [sim_plan] built plan=890 start=1547.80 horizon=15.00 frames=150 commit_frames=20[0m
[0m[INFO] [1788847481.269489007]: [sim_plan] built plan=891 start=1549.80 horizon=15.00 frames=150 commit_frames=20[0m
[0m[INFO] [1788847481.376785014]: [sim_plan] built plan=892 start=1551.80 horizon=15.00 frames=150 commit_frames=20[0m
[0m[INFO] [1788847481.449602061]: [multi_patrol][A1 EXIT PRIORITY RELEASE] V1 s=0.771 threshold=0.758[0m
[0m[INFO] [1788847481.449962079]: [multi_patrol][A1] V0 pickup leg: B34 -> A1  wpts=284 len=3.088[0m
[0m[INFO] [1788847481.532950240]: [sim_plan] built plan=893 start=1553.30 horizon=15.00 frames=150 commit_frames=20[0m
[0m[INFO] [1788847481.610516300]: [sim_plan] built plan=894 start=1555.30 horizon=15.00 frames=150 commit_frames=20[0m
[0m[INFO] [1788847481.665434784]: [sim_plan] built plan=895 start=1557.30 horizon=15.00 frames=150 commit_frames=20[0m
[0m[INFO] [1788847481.712230180]: [sim_plan] built plan=896 start=1559.30 horizon=15.00 frames=150 commit_frames=20[0m
[0m[INFO] [1788847481.751278251]: [sim_plan] built plan=897 start=1561.30 horizon=15.00 frames=150 commit_frames=20[0m
[0m[INFO] [1788847481.784568242]: [sim_plan] built plan=898 start=1563.30 horizon=15.00 frames=150 commit_frames=20[0m
[0m[INFO] [1788847481.815784803]: [sim_plan] built plan=899 start=1565.30 horizon=15.00 frames=150 commit_frames=20[0m
[0m[INFO] [1788847481.841553969]: [sim_plan] built plan=900 start=1567.30 horizon=15.00 frames=150 commit_frames=20[0m
[0m[INFO] [1788847481.868421539]: [sim_plan] built plan=901 start=1569.30 horizon=15.00 frames=150 commit_frames=20[0m
[0m[INFO] [1788847481.893256004]: [sim_plan] built plan=902 start=1571.30 horizon=15.00 frames=150 commit_frames=20[0m
[0m[INFO] [1788847481.916938592]: [sim_plan] built plan=903 start=1573.30 horizon=15.00 frames=150 commit_frames=20[0m
[0m[INFO] [1788847481.942213140]: [sim_plan] built plan=904 start=1575.30 horizon=15.00 frames=150 commit_frames=20[0m
[0m[INFO] [1788847481.957879871]: [sim_plan] built plan=905 start=1577.30 horizon=15.00 frames=150 commit_frames=20[0m
[0m[INFO] [1788847481.970583426]: [sim_plan] built plan=906 start=1579.30 horizon=15.00 frames=150 commit_frames=20[0m
[0m[INFO] [1788847481.981933625]: [sim_plan] built plan=907 start=1581.30 horizon=15.00 frames=150 commit_frames=20[0m
[0m[INFO] [1788847481.991392491]: [sim_plan] built plan=908 start=1583.30 horizon=15.00 frames=150 commit_frames=20[0m
[0m[INFO] [1788847481.997972273]: [sim_plan] built plan=909 start=1585.30 horizon=15.00 frames=150 commit_frames=20[0m
[0m[INFO] [1788847482.002982115]: [sim_plan] built plan=910 start=1587.30 horizon=15.00 frames=150 commit_frames=20[0m
[0m[INFO] [1788847482.008012097]: [sim_plan] built plan=911 start=1587.40 horizon=15.00 frames=150 commit_frames=20[0m
[0m[INFO] [1788847482.014105224]: [sim_plan] built plan=912 start=1589.40 horizon=15.00 frames=150 commit_frames=20[0m
[0m[INFO] [1788847482.020792966]: [sim_plan] built plan=913 start=1591.40 horizon=15.00 frames=150 commit_frames=20[0m
[0m[INFO] [1788847482.022630613]: [multi_patrol][A1] V0 activate prepared dropoff: A1 -> B27 len=7.516 priority_until_s=0.758[0m
[0m[INFO] [1788847482.027599191]: [sim_plan] bu[33m[WARN] [1788847482.036550243]: [SLOT_DEPARTURE] time=26min33.8s vehicle=V1 owner=V0 result=ALLOW reason=slot_departure_clear candidate_path_gen=39 slot_departure_clear_s=0.327 vehicle_mode=ACTIVE vehicle_speed=0.000 vehicle_path_s=0.000 blocker=none a1_prefix_conflict=0 ordinary_road_conflict=0 owner_phase=TO_B owner_path_gen=42 geometry=actual_to_b protected_zones=0 actual_occupancy_priority=0[0m
[33m[WARN] [1788847482.037114801]: [multi_patrol][A1 EXIT PREPARED] V1 target=B20 pickup_dwell=5.00s exit_len=4.313 priority_until_s=0.758 horizon_refresh=IMMEDIATE[0m
[33m[WARN] [1788847482.342339398]: [multi_patrol][A1 EXIT HORIZON] V1 target=B20 dwell_part=4.90s departure_window=10.10s total_horizon=15.00s[0m
[33m[WARN] [1788847482.350954805]: [multi_patrol][A1 EXIT HORIZON] V1 target=B20 dwell_part=2.90s departure_window=12.10s total_horizon=15.00s[0m
[33m[WARN] [1788847482.360810310]: [multi_patrol][A1 EXIT HORIZON] V1 target=B20 dwell_part=0.90s departure_window=14.10s total_horizon=15.00s[0m
[33m[WARN] [1788847482.402128545]: [SLOT_DEPARTURE] time=27min20.9s vehicle=V0 owner=none result=ALLOW reason=no_service_owner candidate_path_gen=43 slot_departure_clear_s=0.327 vehicle_mode=ACTIVE vehicle_speed=0.000 vehicle_path_s=0.000 blocker=none a1_prefix_conflict=0 ordinary_road_conflict=0[0m
[33m[WARN] [1788847482.402525804]: [multi_patrol][A1 EXIT PREPARED] V0 target=B29 pickup_dwell=5.00s exit_len=7.297 priority_until_s=0.758 horizon_refresh=IMMEDIATE[0m
ilt plan=914 start=1592.30 horizon=15.00 frames=150 commit_frames=20[0m
[0m[INFO] [1788847482.036490824]: [multi_patrol][A1] V1 pickup leg: B50 -> A1  wpts=404 len=5.066[0m
[0m[INFO] [1788847482.057365623]: [sim_plan] built plan=915 start=1593.80 horizon=15.00 frames=150 commit_frames=20[0m
[0m[INFO] [1788847482.089656550]: [sim_plan] built plan=916 start=1595.80 horizon=15.00 frames=150 commit_frames=20[0m
[0m[INFO] [1788847482.091594776]: [multi_patrol][A1 EXIT PRIORITY RELEASE] V0 s=0.771 threshold=0.758[0m
[0m[INFO] [1788847482.110439728]: [sim_plan] built plan=917 start=1597.80 horizon=15.00 frames=150 commit_frames=20[0m
[0m[INFO] [1788847482.129905927]: [sim_plan] built plan=918 start=1599.80 horizon=15.00 frames=150 commit_frames=20[0m
[0m[INFO] [1788847482.150594802]: [sim_plan] built plan=919 start=1601.80 horizon=15.00 frames=150 commit_frames=20[0m
[0m[INFO] [1788847482.169947627]: [sim_plan] built plan=920 start=1603.80 horizon=15.00 frames=150 commit_frames=20[0m
[0m[INFO] [1788847482.189609690]: [sim_plan] built plan=921 start=1605.80 horizon=15.00 frames=150 commit_frames=20[0m
[0m[INFO] [1788847482.210360108]: [sim_plan] built plan=922 start=1607.80 horizon=15.00 frames=150 commit_frames=20[0m
[0m[INFO] [1788847482.230279750]: [sim_plan] built plan=923 start=1609.80 horizon=15.00 frames=150 commit_frames=20[0m
[0m[INFO] [1788847482.252008043]: [sim_plan] built plan=924 start=1611.80 horizon=15.00 frames=150 commit_frames=20[0m
[0m[INFO] [1788847482.270325092]: [sim_plan] built plan=925 start=1613.80 horizon=15.00 frames=150 commit_frames=20[0m
[0m[INFO] [1788847482.284464933]: [sim_plan] built plan=926 start=1615.80 horizon=15.00 frames=150 commit_frames=20[0m
[0m[INFO] [1788847482.296552486]: [sim_plan] built plan=927 start=1617.80 horizon=15.00 frames=150 commit_frames=20[0m
[0m[INFO] [1788847482.308692807]: [sim_plan] built plan=928 start=1619.80 horizon=15.00 frames=150 commit_frames=20[0m
[0m[INFO] [1788847482.319190982]: [sim_plan] built plan=929 start=1621.80 horizon=15.00 frames=150 commit_frames=20[0m
[0m[INFO] [1788847482.327601473]: [sim_plan] built plan=930 start=1623.80 horizon=15.00 frames=150 commit_frames=20[0m
[0m[INFO] [1788847482.335089299]: [sim_plan] built plan=931 start=1625.80 horizon=15.00 frames=150 commit_frames=20[0m
[0m[INFO] [1788847482.342284390]: [sim_plan] built plan=932 start=1626.10 horizon=15.00 frames=150 commit_frames=20[0m
[0m[INFO] [1788847482.350908416]: [sim_plan] built plan=933 start=1628.10 horizon=15.00 frames=150 commit_frames=20[0m
[0m[INFO] [1788847482.360744038]: [sim_plan] built plan=934 start=1630.10 horizon=15.00 frames=150 commit_frames=20[0m
[0m[INFO] [1788847482.362378293]: [multi_patrol][A1] V1 activate prepared dropoff: A1 -> B20 len=4.313 priority_until_s=0.758[0m
[0m[INFO] [1788847482.370954145]: [sim_plan] built plan=935 start=1631.00 horizon=15.00 frames=150 commit_frames=20[0m
[0m[INFO] [1788847482.386409387]: [sim_plan] built plan=936 start=1633.00 horizon=15.00 frames=150 commit_frames=20[0m
[0m[INFO] [1788847482.392691071]: [sim_plan] built plan=937 start=1635.00 horizon=15.00 frames=150 commit_frames=20[0m
[0m[INFO] [1788847482.393944178]: [multi_patrol][A1 EXIT PRIORITY RELEASE] V1 s=0.771 threshold=0.758[0m
[0m[INFO] [1788847482.397603276]: [sim_plan] built plan=938 start=1637.00 horizon=15.00 frames=150 commit_frames=20[0m
[0m[INFO] [1788847482.401445457]: [sim_plan] built plan=939 start=1639.00 horizon=15.00 frames=150 commit_frames=20[0m
[0m[INFO] [1788847482.402087079]: [multi_patrol][A1] V0 pickup leg: B27 -> A1  wpts=469 len=5.444[0m
[0m[INFO] [1788847482.422968458]: [sim_plan] built plan=940 start=1640.90 horizon=15.00 frames=150 commit_frames=20[0m
[0m[INFO] [1788847482.448317492]: [sim_plan] built plan=941 start=1642.90 horizon=15.00 frames=150 commit_frames=20[0m
[0m[INFO] [1788847482.464126938]: [sim_plan] built plan=942 start=1644.90 horizon=15.00 frames=150 commit_frames=20[0m
[0m[INFO] [1788847482.479007138]: [sim_plan] built plan=943 start=1646.90 horizon=1[33m[WARN] [1788847482.539918857]: [SLOT_DEPARTURE] time=27min41.8s vehicle=V1 owner=V0 result=ALLOW reason=slot_departure_clear candidate_path_gen=41 slot_departure_clear_s=0.327 vehicle_mode=ACTIVE vehicle_speed=0.000 vehicle_path_s=0.000 blocker=none a1_prefix_conflict=0 ordinary_road_conflict=0 owner_phase=TO_A1 owner_path_gen=43 geometry=pending_preview protected_zones=0 actual_occupancy_priority=0[0m
[33m[WARN] [1788847482.540457086]: [multi_patrol][A1 EXIT PREPARED] V1 target=B5 pickup_dwell=5.00s exit_len=1.681 priority_until_s=0.758 horizon_refresh=IMMEDIATE[0m
[33m[WARN] [1788847484.301240620]: [multi_patrol][A1 EXIT HORIZON] V0 target=B29 dwell_part=4.90s departure_window=10.10s total_horizon=15.00s[0m
[33m[WARN] [1788847484.344931103]: [multi_patrol][A1 EXIT HORIZON] V0 target=B29 dwell_part=2.90s departure_window=12.10s total_horizon=15.00s[0m
[33m[WARN] [1788847484.400826757]: [multi_patrol][A1 EXIT HORIZON] V0 target=B29 dwell_part=0.90s departure_window=14.10s total_horizon=15.00s[0m
5.00 frames=150 commit_frames=20[0m
[0m[INFO] [1788847482.492609460]: [sim_plan] built plan=944 start=1648.90 horizon=15.00 frames=150 commit_frames=20[0m
[0m[INFO] [1788847482.502107380]: [sim_plan] built plan=945 start=1650.90 horizon=15.00 frames=150 commit_frames=20[0m
[0m[INFO] [1788847482.509873689]: [sim_plan] built plan=946 start=1652.90 horizon=15.00 frames=150 commit_frames=20[0m
[0m[INFO] [1788847482.516092527]: [sim_plan] built plan=947 start=1654.90 horizon=15.00 frames=150 commit_frames=20[0m
[0m[INFO] [1788847482.519893012]: [sim_plan] built plan=948 start=1656.90 horizon=15.00 frames=150 commit_frames=20[0m
[0m[INFO] [1788847482.523914685]: [sim_plan] built plan=949 start=1658.90 horizon=15.00 frames=150 commit_frames=20[0m
[0m[INFO] [1788847482.534740643]: [sim_plan] built plan=950 start=1660.90 horizon=15.00 frames=150 commit_frames=20[0m
[0m[INFO] [1788847482.539829951]: [multi_patrol][A1] V1 pickup leg: B20 -> A1  wpts=304 len=3.391[0m
[0m[INFO] [1788847482.587871371]: [sim_plan] built plan=951 start=1661.80 horizon=15.00 frames=150 commit_frames=20[0m
[0m[INFO] [1788847482.634867099]: [sim_plan] built plan=952 start=1663.80 horizon=15.00 frames=150 commit_frames=20[0m
[0m[INFO] [1788847484.104984951]: [sim_plan] built plan=953 start=1665.80 horizon=15.00 frames=150 commit_frames=20[0m
[0m[INFO] [1788847484.146129382]: [sim_plan] built plan=954 start=1667.80 horizon=15.00 frames=150 commit_frames=20[0m
[0m[INFO] [1788847484.186191499]: [sim_plan] built plan=955 start=1669.80 horizon=15.00 frames=150 commit_frames=20[0m
[0m[INFO] [1788847484.225074921]: [sim_plan] built plan=956 start=1671.80 horizon=15.00 frames=150 commit_frames=20[0m
[0m[INFO] [1788847484.262407011]: [sim_plan] built plan=957 start=1673.80 horizon=15.00 frames=150 commit_frames=20[0m
[0m[INFO] [1788847484.301195390]: [sim_plan] built plan=958 start=1674.30 horizon=15.00 frames=150 commit_frames=20[0m
[0m[INFO] [1788847484.344873440]: [sim_plan] built plan=959 start=1676.30 horizon=15.00 frames=150 commit_frames=20[0m
[0m[INFO] [1788847484.400736518]: [sim_plan] built plan=960 start=1678.30 horizon=15.00 frames=150 commit_frames=20[0m
[0m[INFO] [1788847484.402266221]: [multi_patrol][A1] V0 activate prepared dropoff: A1 -> B29 len=7.297 priority_until_s=0.758[0m
[0m[INFO] [1788847484.463985888]: [sim_plan] built plan=961 start=1679.20 horizon=15.00 frames=150 commit_frames=20[0m
[0m[INFO] [1788847484.543680379]: [sim_plan] built plan=962 start=1681.20 horizon=15.00 frames=150 commit_frames=20[0m
[0m[INFO] [1788847484.616875132]: [sim_plan] built plan=963 start=1683.20 horizon=15.00 frames=150 commit_frames=20[0m
[0m[INFO] [1788847484.618260076]: [multi_patrol][A1 EXIT PRIORITY RELEASE] V0 s=0.771 threshold=0.758[0m
[0m[INFO] [1788847484.685978907]: [sim_plan] built plan=964 start=1685.20 horizon=15.00 frames=150 commit_frames=20[0m
[0m[INFO] [1788847484.744100014]: [sim_plan] built plan=965 start=1687.20 horizon=15.00 frames=150 commit_frames=20[0m
[0m[INFO] [1788847484.794298105]: [sim_plan] built plan=966 start=1689.20 horizon=15.00 frames=150 commit_frames=20[0m
[0m[INFO] [1788847484.835102322]: [sim_plan] built plan=967 start=1691.20 horizon=15.00 frames=150 commit_frames=20[0m
[0m[INFO] [1788847484.868016312]: [sim_plan] built plan=968 start=1693.20 horizon=15.00 frames=150 commit_frames=20[0m
[0m[INFO] [1788847484.894913986]: [sim_plan] built plan=969 start=1695.20 horizon=15.00 frames=150 commit_frames=20[0m
[0m[INFO] [1788847484.920696493]: [sim_plan] built plan=970 start=1697.20 horizon=15.00 frames=150 commit_frames=20[0m
[0m[INFO] [1788847484.938095370]: [sim_plan] built plan=971 start=1699.20 horizon=15.00 frames=150 commit_frames=20[0m
[0m[INFO] [1788847484.955283260]: [sim_plan] built plan=972 start=1701.20 horizon=15.00 frames=150 commit_frames=20[0m
[0m[INFO] [1788847484.973405642]: [sim_plan] built plan=973 start=1703.20 horizon=15.00 frames=150 commit_frames=20[0m
[0m[INFO] [1788847484.991087506]: [sim_plan] built plan=974 start=1705.20 horizon=15.00[33m[WARN] [1788847485.062147646]: [multi_patrol][A1 EXIT HORIZON] V1 target=B5 dwell_part=4.90s departure_window=10.10s total_horizon=15.00s[0m
[33m[WARN] [1788847485.067447685]: [multi_patrol][A1 EXIT HORIZON] V1 target=B5 dwell_part=2.90s departure_window=12.10s total_horizon=15.00s[0m
[33m[WARN] [1788847485.072498902]: [multi_patrol][A1 EXIT HORIZON] V1 target=B5 dwell_part=0.90s departure_window=14.10s total_horizon=15.00s[0m
[33m[WARN] [1788847485.080190454]: [SLOT_DEPARTURE] time=28min46.7s vehicle=V0 owner=V1 result=ALLOW reason=slot_departure_clear candidate_path_gen=45 slot_departure_clear_s=0.327 vehicle_mode=ACTIVE vehicle_speed=0.000 vehicle_path_s=0.000 blocker=none a1_prefix_conflict=0 ordinary_road_conflict=0 owner_phase=TO_B owner_path_gen=42 geometry=actual_to_b protected_zones=0 actual_occupancy_priority=0[0m
[33m[WARN] [1788847485.080611204]: [multi_patrol][A1 EXIT PREPARED] V0 target=B55 pickup_dwell=5.00s exit_len=6.954 priority_until_s=0.758 horizon_refresh=IMMEDIATE[0m
 frames=150 commit_frames=20[0m
[0m[INFO] [1788847485.009455740]: [sim_plan] built plan=975 start=1707.20 horizon=15.00 frames=150 commit_frames=20[0m
[0m[INFO] [1788847485.022211406]: [sim_plan] built plan=976 start=1709.20 horizon=15.00 frames=150 commit_frames=20[0m
[0m[INFO] [1788847485.032564814]: [sim_plan] built plan=977 start=1711.20 horizon=15.00 frames=150 commit_frames=20[0m
[0m[INFO] [1788847485.040888128]: [sim_plan] built plan=978 start=1713.20 horizon=15.00 frames=150 commit_frames=20[0m
[0m[INFO] [1788847485.048263243]: [sim_plan] built plan=979 start=1715.20 horizon=15.00 frames=150 commit_frames=20[0m
[0m[INFO] [1788847485.053514936]: [sim_plan] built plan=980 start=1717.20 horizon=15.00 frames=150 commit_frames=20[0m
[0m[INFO] [1788847485.057898423]: [sim_plan] built plan=981 start=1719.20 horizon=15.00 frames=150 commit_frames=20[0m
[0m[INFO] [1788847485.062097631]: [sim_plan] built plan=982 start=1720.40 horizon=15.00 frames=150 commit_frames=20[0m
[0m[INFO] [1788847485.067395686]: [sim_plan] built plan=983 start=1722.40 horizon=15.00 frames=150 commit_frames=20[0m
[0m[INFO] [1788847485.072445611]: [sim_plan] built plan=984 start=1724.40 horizon=15.00 frames=150 commit_frames=20[0m
[0m[INFO] [1788847485.073794006]: [multi_patrol][A1] V1 activate prepared dropoff: A1 -> B5 len=1.681 priority_until_s=0.758[0m
[0m[INFO] [1788847485.077292395]: [sim_plan] built plan=985 start=1725.30 horizon=15.00 frames=150 commit_frames=20[0m
[0m[INFO] [1788847485.080148013]: [multi_patrol][A1] V0 pickup leg: B29 -> A1  wpts=447 len=5.225[0m
[0m[INFO] [1788847485.093381548]: [sim_plan] built plan=986 start=1726.70 horizon=15.00 frames=150 commit_frames=20[0m
[0m[INFO] [1788847485.106821418]: [sim_plan] built plan=987 start=1728.70 horizon=15.00 frames=150 commit_frames=20[0m
[0m[INFO] [1788847485.116486749]: [sim_plan] built plan=988 start=1730.70 horizon=15.00 frames=150 commit_frames=20[0m
[0m[INFO] [1788847485.116817765]: [multi_patrol][A1 EXIT PRIORITY RELEASE] V1 s=0.771 threshold=0.758[0m
[0m[INFO] [1788847485.124548099]: [sim_plan] built plan=989 start=1732.70 horizon=15.00 frames=150 commit_frames=20[0m
[0m[INFO] [1788847485.139866704]: [sim_plan] built plan=990 start=1734.70 horizon=15.00 frames=150 commit_frames=20[0m
[0m[INFO] [1788847485.143708304]: [sim_plan] built plan=991 start=1736.70 horizon=15.00 frames=150 commit_frames=20[0m
[0m[INFO] [1788847485.147527772]: [sim_plan] built plan=992 start=1738.70 horizon=15.00 frames=150 commit_frames=20[0m
[0m[INFO] [1788847485.151102867]: [sim_plan] built plan=993 start=1738.70 horizon=15.00 frames=150 commit_frames=20[0m
[0m[INFO] [1788847485.154831835]: [sim_plan] built plan=994 start=1738.80 horizon=15.00 frames=150 commit_frames=20[0m
[0m[INFO] [1788847485.159198748]: [sim_plan] built plan=995 start=1738.80 horizon=15.00 frames=150 commit_frames=20[0m
[0m[INFO] [1788847485.162917044]: [sim_plan] built plan=996 start=1738.90 horizon=15.00 frames=150 commit_frames=20[0m
[0m[INFO] [1788847485.166933786]: [sim_plan] built plan=997 start=1738.90 horizon=15.00 frames=150 commit_frames=20[0m
[0m[INFO] [1788847485.170337955]: [sim_plan] built plan=998 start=1739.00 horizon=15.00 frames=150 commit_frames=20[0m
[0m[INFO] [1788847485.174155490]: [sim_plan] built plan=999 start=1739.00 horizon=15.00 frames=150 commit_frames=20[0m
[0m[INFO] [1788847485.177752455]: [sim_plan] built plan=1000 start=1739.10 horizon=15.00 frames=150 commit_frames=20[0m
[0m[INFO] [1788847485.181589208]: [sim_plan] built plan=1001 start=1739.10 horizon=15.00 frames=150 commit_frames=20[0m
[0m[INFO] [1788847485.185489938]: [sim_plan] built plan=1002 start=1739.20 horizon=15.00 frames=150 commit_frames=20[0m
[0m[INFO] [1788847485.189158530]: [sim_plan] built plan=1003 start=1739.20 horizon=15.00 frames=150 commit_frames=20[0m
[0m[INFO] [1788847485.193388898]: [sim_plan] built plan=1004 start=1739.30 horizon=15.00 frames=150 commit_frames=20[0m
[0m[INFO] [1788847485.196798628]: [sim_plan] built plan=1005 start=1739.30 horizon=15.00 frames=150 commit_frames=20[0m
[0m[INFO] [1788847485.200314969]: [sim_plan] built plan=1006 start=1739.40 horizon=15.00 frames=150 commit_frames=20[0m
[0m[INFO] [1788847485.203541341]: [sim_plan] built plan=1007 start=1739.40 horizon=15.00 frames=150 commit_frames=20[0m
[0m[INFO] [1788847485.207102479]: [sim_plan] built plan=1008 start=1739.50 horizon=15.00 frames=150 commit_frames=20[0m
[0m[INFO] [1788847485.210466132]: [sim_plan] built plan=1009 start=1739.50 horizon=15.00 frames=150 commit_frames=20[0m
[0m[INFO] [1788847485.214023262]: [sim_plan] built plan=1010 start=1739.60 horizon=15.00 frames=150 commit_frames=20[0m
[0m[INFO] [1788847485.217777876]: [sim_plan] built plan=1011 start=1739.60 horizon=15.00 frames=150 commit_frames=20[0m
[0m[INFO] [1788847485.221318506]: [sim_plan] built plan=1012 start=1739.70 horizon=15.00 frames=150 commit_frames=20[0m
[0m[INFO] [1788847485.224886024]: [sim_plan] built plan=1013 start=1739.70 horizon=15.00 frames=150 commit_frames=20[0m
[0m[INFO] [1788847485.228539207]: [sim_plan] built plan=1014 start=1739.80 horizon=15.00 frames=150 commit_frames=20[0m
[0m[INFO] [1788847485.231897479]: [sim_plan] built plan=1015 start=1739.80 horizon=15.00 frames=150 commit_frames=20[0m
[0m[INFO] [1788847485.235159579]: [sim_plan] built plan=1016 start=1739.90 horizon=15.00 frames=150 commit_frames=20[0m
[0m[INFO] [1788847485.238854059]: [sim_plan] built plan=1017 start=1739.90 horizon=15.00 frames=150 commit_frames=20[0m
[0m[INFO] [1788847485.242680424]: [sim_plan] built plan=1018 start=1740.00 horizon=15.00 frames=150 commit_frames=20[0m
[0m[INFO] [1788847485.246383928]: [sim_plan] built plan=1019 start=1740.00 horizon=15.00 frames=150 commit_frames=20[0m
[0m[INFO] [1788847485.250022704]: [sim_plan] built plan=1020 start=1740.10 horizon=15.00 frames=150 commit_frames=20[0m
[0m[INFO] [1788847485.253591615]: [sim_plan] built plan=1021 start=1740.10 horizon=15.00 frames=150 commit_frames=20[0m
[0m[INFO] [1788847485.257396116]: [sim_plan] built plan=1022 start=1740.20 horizon=15.00 frames=150 commit_frames=20[0m
[0m[INFO] [1788847485.260860859]: [sim_plan] built plan=1023 start=1740.20 horizon=15.00 frames=150 commit_frames=20[0m
[0m[INFO] [1788847485.264203272]: [sim_plan] built plan=1024 start=1740.30 horizon=15.00 frames=150 commit_frames=20[0m
[0m[INFO] [1788847485.267341378]: [sim_plan] built plan=1025 start=1740.30 horizon=15.00 frames=150 commit_frames=20[0m
[0m[INFO] [1788847485.271103226]: [sim_plan] built plan=1026 start=1740.40 horizon=15.00 frames=150 commit_frames=20[0m
[0m[INFO] [1788847485.274554217]: [sim_plan] built plan=1027 start=1740.40 horizon=15.00 frames=150 commit_frames=20[0m
[0m[INFO] [1788847485.278251330]: [sim_plan] built plan=1028 start=1740.50 horizon=15.00 frames=150 commit_frames=20[0m
[0m[INFO] [1788847485.281679447]: [sim_plan] built plan=1029 start=1740.50 horizon=15.00 frames=150 commit_frames=20[0m
[0m[INFO] [1788847485.285561341]: [sim_plan] built plan=1030 start=1740.60 horizon=15.00 frames=150 commit_frames=20[0m
[0m[INFO] [1788847485.288947586]: [sim_plan] built plan=1031 start=1740.60 horizon=15.00 frames=150 commit_frames=20[0m
[0m[INFO] [1788847485.292958026]: [sim_plan] built plan=1032 start=1740.70 horizon=15.00 frames=150 commit_frames=20[0m
[0m[INFO] [1788847485.296133742]: [sim_plan] built plan=1033 start=1740.70 horizon=15.00 frames=150 commit_frames=20[0m
[0m[INFO] [1788847485.299345246]: [sim_plan] built plan=1034 start=1740.80 horizon=15.00 frames=150 commit_frames=20[0m
[0m[INFO] [1788847485.302800614]: [sim_plan] built plan=1035 start=1740.80 horizon=15.00 frames=150 commit_frames=20[0m
[0m[INFO] [1788847485.306185808]: [sim_plan] built plan=1036 start=1740.90 horizon=15.00 frames=150 commit_frames=20[0m
[0m[INFO] [1788847485.309514645]: [sim_plan] built plan=1037 start=1740.90 horizon=15.00 frames=150 commit_frames=20[0m
[0m[INFO] [1788847485.312781634]: [sim_plan] built plan=1038 start=1741.00 horizon=15.00 frames=150 commit_frames=20[0m
[0m[INFO] [1788847485.316507074]: [[33m[WARN] [1788847485.317297221]: [SLOT_DEPARTURE] time=29min1.1s vehicle=V1 owner=none result=ALLOW reason=no_service_owner candidate_path_gen=43 slot_departure_clear_s=0.346 vehicle_mode=ACTIVE vehicle_speed=0.000 vehicle_path_s=0.000 blocker=none a1_prefix_conflict=0 ordinary_road_conflict=0[0m
[33m[WARN] [1788847485.317753921]: [multi_patrol][A1 EXIT PREPARED] V1 target=B63 pickup_dwell=5.00s exit_len=6.551 priority_until_s=0.758 horizon_refresh=IMMEDIATE[0m
[33m[WARN] [1788847485.671968315]: [multi_patrol][A1 EXIT HORIZON] V1 target=B63 dwell_part=4.90s departure_window=10.10s total_horizon=15.00s[0m
[33m[WARN] [1788847485.714990138]: [multi_patrol][A1 EXIT HORIZON] V1 target=B63 dwell_part=2.90s departure_window=12.10s total_horizon=15.00s[0m
[33m[WARN] [1788847485.757613977]: [multi_patrol][A1 EXIT HORIZON] V1 target=B63 dwell_part=0.90s departure_window=14.10s total_horizon=15.00s[0m
[33m[WARN] [1788847485.954905079]: [multi_patrol][A1 EXIT HORIZON] V0 target=B55 dwell_part=4.90s departure_window=10.10s total_horizon=15.00s[0m
[33m[WARN] [1788847485.967301482]: [multi_patrol][A1 EXIT HORIZON] V0 target=B55 dwell_part=2.90s departure_window=12.10s total_horizon=15.00s[0m
[33m[WARN] [1788847485.985093252]: [multi_patrol][A1 EXIT HORIZON] V0 target=B55 dwell_part=0.90s departure_window=14.10s total_horizon=15.00s[0m
sim_plan] built plan=1039 start=1741.00 horizon=15.00 frames=150 commit_frames=20[0m
[0m[INFO] [1788847485.317259670]: [multi_patrol][A1] V1 pickup leg: B5 -> A1  wpts=162 len=1.680[0m
[0m[INFO] [1788847485.364903721]: [sim_plan] built plan=1040 start=1741.10 horizon=15.00 frames=150 commit_frames=20[0m
[0m[INFO] [1788847485.411291986]: [sim_plan] built plan=1041 start=1743.10 horizon=15.00 frames=150 commit_frames=20[0m
[0m[INFO] [1788847485.460346591]: [sim_plan] built plan=1042 start=1745.10 horizon=15.00 frames=150 commit_frames=20[0m
[0m[INFO] [1788847485.519085049]: [sim_plan] built plan=1043 start=1747.10 horizon=15.00 frames=150 commit_frames=20[0m
[0m[INFO] [1788847485.575486315]: [sim_plan] built plan=1044 start=1749.10 horizon=15.00 frames=150 commit_frames=20[0m
[0m[INFO] [1788847485.624766504]: [sim_plan] built plan=1045 start=1751.10 horizon=15.00 frames=150 commit_frames=20[0m
[0m[INFO] [1788847485.671920654]: [sim_plan] built plan=1046 start=1752.00 horizon=15.00 frames=150 commit_frames=20[0m
[0m[INFO] [1788847485.714940544]: [sim_plan] built plan=1047 start=1754.00 horizon=15.00 frames=150 commit_frames=20[0m
[0m[INFO] [1788847485.757533344]: [sim_plan] built plan=1048 start=1756.00 horizon=15.00 frames=150 commit_frames=20[0m
[0m[INFO] [1788847485.759263846]: [multi_patrol][A1] V1 activate prepared dropoff: A1 -> B63 len=6.551 priority_until_s=0.758[0m
[0m[INFO] [1788847485.799609574]: [sim_plan] built plan=1049 start=1756.90 horizon=15.00 frames=150 commit_frames=20[0m
[0m[INFO] [1788847485.839152428]: [sim_plan] built plan=1050 start=1758.90 horizon=15.00 frames=150 commit_frames=20[0m
[0m[INFO] [1788847485.867109961]: [sim_plan] built plan=1051 start=1760.90 horizon=15.00 frames=150 commit_frames=20[0m
[0m[INFO] [1788847485.868396973]: [multi_patrol][A1 EXIT PRIORITY RELEASE] V1 s=0.771 threshold=0.758[0m
[0m[INFO] [1788847485.888049264]: [sim_plan] built plan=1052 start=1762.90 horizon=15.00 frames=150 commit_frames=20[0m
[0m[INFO] [1788847485.904572339]: [sim_plan] built plan=1053 start=1764.90 horizon=15.00 frames=150 commit_frames=20[0m
[0m[INFO] [1788847485.916385170]: [sim_plan] built plan=1054 start=1766.90 horizon=15.00 frames=150 commit_frames=20[0m
[0m[INFO] [1788847485.926845899]: [sim_plan] built plan=1055 start=1768.90 horizon=15.00 frames=150 commit_frames=20[0m
[0m[INFO] [1788847485.936539458]: [sim_plan] built plan=1056 start=1770.90 horizon=15.00 frames=150 commit_frames=20[0m
[0m[INFO] [1788847485.945319920]: [sim_plan] built plan=1057 start=1772.90 horizon=15.00 frames=150 commit_frames=20[0m
[0m[INFO] [1788847485.954847479]: [sim_plan] built plan=1058 start=1773.80 horizon=15.00 frames=150 commit_frames=20[0m
[0m[INFO] [1788847485.967257769]: [sim_plan] built plan=1059 start=1775.80 horizon=15.00 frames=150 commit_frames=20[0m
[0m[INFO] [1788847485.985023920]: [sim_plan] built plan=1060 start=1777.80 horizon=15.00 frames=150 commit_frames=20[0m
[0m[INFO] [1788847485.986694491]: [multi_patrol][A1] V0 activate prepared dropoff: A1 -> B55 len=6.954 priority_until_s=0.758[0m
[0m[INFO] [1788847486.003348193]: [sim_plan] built plan=1061 start=1778.70 horizon=15.00 frames=150 commit_frames=20[0m
[0m[INFO] [1788847486.037012883]: [sim_plan] built plan=1062 start=1780.70 horizon=15.00 frames=150 commit_frames=20[0m
[0m[INFO] [1788847486.055147266]: [sim_plan] built plan=1063 start=1782.70 horizon=15.00 frames=150 commit_frames=20[0m
[0m[INFO] [1788847486.057515408]: [multi_patrol][A1 EXIT PRIORITY RELEASE] V0 s=0.771 threshold=0.758[0m
[0m[INFO] [1788847486.073651809]: [sim_plan] built plan=1064 start=1784.70 horizon=15.00 frames=150 commit_frames=20[0m
[0m[INFO] [1788847486.089342774]: [sim_plan] built plan=1065 start=1786.70 horizon=15.00 frames=150 commit_frames=20[0m
[0m[INFO] [1788847486.102189452]: [sim_plan] built plan=1066 start=1788.70 horizon=15.00 frames=150 commit_frames=20[0m
[0m[INFO] [1788847486.112936625]: [sim_plan] built plan=1067 start=1790.70 horizon=15.00 frames=150 commit_frames=20[0m
[0m[INFO] [1788[33m[WARN] [1788847486.140239795]: [SLOT_DEPARTURE] time=30min1.1s vehicle=V1 owner=none result=ALLOW reason=no_service_owner candidate_path_gen=45 slot_departure_clear_s=0.346 vehicle_mode=ACTIVE vehicle_speed=0.000 vehicle_path_s=0.000 blocker=none a1_prefix_conflict=0 ordinary_road_conflict=0[0m
[33m[WARN] [1788847486.140728661]: [multi_patrol][A1 EXIT PREPARED] V1 target=B29 pickup_dwell=5.00s exit_len=7.297 priority_until_s=0.758 horizon_refresh=IMMEDIATE[0m
[33m[WARN] [1788847486.328023385]: [SLOT_DEPARTURE] time=30min26.9s vehicle=V0 owner=V1 result=ALLOW reason=slot_departure_clear candidate_path_gen=47 slot_departure_clear_s=0.327 vehicle_mode=ACTIVE vehicle_speed=0.000 vehicle_path_s=0.000 blocker=none a1_prefix_conflict=0 ordinary_road_conflict=0 owner_phase=TO_A1 owner_path_gen=45 geometry=pending_preview protected_zones=0 actual_occupancy_priority=0[0m
[33m[WARN] [1788847486.328553284]: [multi_patrol][A1 EXIT PREPARED] V0 target=B19 pickup_dwell=5.00s exit_len=4.755 priority_until_s=0.758 horizon_refresh=IMMEDIATE[0m
[33m[WARN] [1788847486.443204885]: [multi_patrol][A1 EXIT HORIZON] V1 target=B29 dwell_part=4.90s departure_window=10.10s total_horizon=15.00s[0m
[33m[WARN] [1788847486.457128590]: [multi_patrol][A1 EXIT HORIZON] V1 target=B29 dwell_part=2.90s departure_window=12.10s total_horizon=15.00s[0m
[33m[WARN] [1788847486.475406774]: [multi_patrol][A1 EXIT HORIZON] V1 target=B29 dwell_part=0.90s departure_window=14.10s total_horizon=15.00s[0m
847486.121408381]: [sim_plan] built plan=1068 start=1792.70 horizon=15.00 frames=150 commit_frames=20[0m
[0m[INFO] [1788847486.128005029]: [sim_plan] built plan=1069 start=1794.70 horizon=15.00 frames=150 commit_frames=20[0m
[0m[INFO] [1788847486.131909984]: [sim_plan] built plan=1070 start=1796.70 horizon=15.00 frames=150 commit_frames=20[0m
[0m[INFO] [1788847486.135550900]: [sim_plan] built plan=1071 start=1798.70 horizon=15.00 frames=150 commit_frames=20[0m
[0m[INFO] [1788847486.139538509]: [sim_plan] built plan=1072 start=1800.70 horizon=15.00 frames=150 commit_frames=20[0m
[0m[INFO] [1788847486.140191363]: [multi_patrol][A1] V1 pickup leg: B63 -> A1  wpts=523 len=6.245[0m
[0m[INFO] [1788847486.159064339]: [sim_plan] built plan=1073 start=1801.10 horizon=15.00 frames=150 commit_frames=20[0m
[0m[INFO] [1788847486.189747870]: [sim_plan] built plan=1074 start=1803.10 horizon=15.00 frames=150 commit_frames=20[0m
[0m[INFO] [1788847486.206800990]: [sim_plan] built plan=1075 start=1805.10 horizon=15.00 frames=150 commit_frames=20[0m
[0m[INFO] [1788847486.226167722]: [sim_plan] built plan=1076 start=1807.10 horizon=15.00 frames=150 commit_frames=20[0m
[0m[INFO] [1788847486.243370489]: [sim_plan] built plan=1077 start=1809.10 horizon=15.00 frames=150 commit_frames=20[0m
[0m[INFO] [1788847486.257345277]: [sim_plan] built plan=1078 start=1811.10 horizon=15.00 frames=150 commit_frames=20[0m
[0m[INFO] [1788847486.269592122]: [sim_plan] built plan=1079 start=1813.10 horizon=15.00 frames=150 commit_frames=20[0m
[0m[INFO] [1788847486.280278230]: [sim_plan] built plan=1080 start=1815.10 horizon=15.00 frames=150 commit_frames=20[0m
[0m[INFO] [1788847486.287948882]: [sim_plan] built plan=1081 start=1817.10 horizon=15.00 frames=150 commit_frames=20[0m
[0m[INFO] [1788847486.294777101]: [sim_plan] built plan=1082 start=1819.10 horizon=15.00 frames=150 commit_frames=20[0m
[0m[INFO] [1788847486.299703505]: [sim_plan] built plan=1083 start=1821.10 horizon=15.00 frames=150 commit_frames=20[0m
[0m[INFO] [1788847486.303631530]: [sim_plan] built plan=1084 start=1823.10 horizon=15.00 frames=150 commit_frames=20[0m
[0m[INFO] [1788847486.318330382]: [sim_plan] built plan=1085 start=1825.10 horizon=15.00 frames=150 commit_frames=20[0m
[0m[INFO] [1788847486.327957457]: [multi_patrol][A1] V0 pickup leg: B55 -> A1  wpts=538 len=6.675[0m
[0m[INFO] [1788847486.350465118]: [sim_plan] built plan=1086 start=1826.90 horizon=15.00 frames=150 commit_frames=20[0m
[0m[INFO] [1788847486.374311152]: [sim_plan] built plan=1087 start=1828.90 horizon=15.00 frames=150 commit_frames=20[0m
[0m[INFO] [1788847486.387183964]: [sim_plan] built plan=1088 start=1830.90 horizon=15.00 frames=150 commit_frames=20[0m
[0m[INFO] [1788847486.399352799]: [sim_plan] built plan=1089 start=1832.90 horizon=15.00 frames=150 commit_frames=20[0m
[0m[INFO] [1788847486.410525292]: [sim_plan] built plan=1090 start=1834.90 horizon=15.00 frames=150 commit_frames=20[0m
[0m[INFO] [1788847486.421758873]: [sim_plan] built plan=1091 start=1836.90 horizon=15.00 frames=150 commit_frames=20[0m
[0m[INFO] [1788847486.432511745]: [sim_plan] built plan=1092 start=1838.90 horizon=15.00 frames=150 commit_frames=20[0m
[0m[INFO] [1788847486.443155986]: [sim_plan] built plan=1093 start=1839.40 horizon=15.00 frames=150 commit_frames=20[0m
[0m[INFO] [1788847486.457075732]: [sim_plan] built plan=1094 start=1841.40 horizon=15.00 frames=150 commit_frames=20[0m
[0m[INFO] [1788847486.475353430]: [sim_plan] built plan=1095 start=1843.40 horizon=15.00 frames=150 commit_frames=20[0m
[0m[INFO] [1788847486.476791674]: [multi_patrol][A1] V1 activate prepared dropoff: A1 -> B29 len=7.297 priority_until_s=0.758[0m
[0m[INFO] [1788847486.495547360]: [sim_plan] built plan=1096 start=1844.30 horizon=15.00 frames=150 commit_frames=20[0m
[0m[INFO] [1788847486.539041553]: [sim_plan] built plan=1097 start=1846.30 horizon=15.00 frames=150 commit_frames=20[0m
[0m[INFO] [1788847486.567191641]: [sim_plan] built plan=1098 start=1848.30 horizon=15.00 frames=150 commit_frames=[33m[WARN] [1788847486.720883423]: [multi_patrol][A1 EXIT HORIZON] V0 target=B19 dwell_part=4.90s departure_window=10.10s total_horizon=15.00s[0m
[33m[WARN] [1788847486.734381925]: [multi_patrol][A1 EXIT HORIZON] V0 target=B19 dwell_part=2.90s departure_window=12.10s total_horizon=15.00s[0m
[33m[WARN] [1788847486.750288602]: [multi_patrol][A1 EXIT HORIZON] V0 target=B19 dwell_part=0.90s departure_window=14.10s total_horizon=15.00s[0m
[33m[WARN] [1788847486.852023090]: [SLOT_DEPARTURE] time=31min31.8s vehicle=V1 owner=none result=ALLOW reason=no_service_owner candidate_path_gen=47 slot_departure_clear_s=0.327 vehicle_mode=ACTIVE vehicle_speed=0.000 vehicle_path_s=0.000 blocker=none a1_prefix_conflict=0 ordinary_road_conflict=0[0m
[33m[WARN] [1788847486.852501090]: [multi_patrol][A1 EXIT PREPARED] V1 target=B15 pickup_dwell=5.00s exit_len=4.311 priority_until_s=0.758 horizon_refresh=IMMEDIATE[0m
20[0m
[0m[INFO] [1788847486.568847106]: [multi_patrol][A1 EXIT PRIORITY RELEASE] V1 s=0.771 threshold=0.758[0m
[0m[INFO] [1788847486.592127183]: [sim_plan] built plan=1099 start=1850.30 horizon=15.00 frames=150 commit_frames=20[0m
[0m[INFO] [1788847486.611496199]: [sim_plan] built plan=1100 start=1852.30 horizon=15.00 frames=150 commit_frames=20[0m
[0m[INFO] [1788847486.631813144]: [sim_plan] built plan=1101 start=1854.30 horizon=15.00 frames=150 commit_frames=20[0m
[0m[INFO] [1788847486.647121187]: [sim_plan] built plan=1102 start=1856.30 horizon=15.00 frames=150 commit_frames=20[0m
[0m[INFO] [1788847486.660691376]: [sim_plan] built plan=1103 start=1858.30 horizon=15.00 frames=150 commit_frames=20[0m
[0m[INFO] [1788847486.672464104]: [sim_plan] built plan=1104 start=1860.30 horizon=15.00 frames=150 commit_frames=20[0m
[0m[INFO] [1788847486.682613268]: [sim_plan] built plan=1105 start=1862.30 horizon=15.00 frames=150 commit_frames=20[0m
[0m[INFO] [1788847486.691982960]: [sim_plan] built plan=1106 start=1864.30 horizon=15.00 frames=150 commit_frames=20[0m
[0m[INFO] [1788847486.701567914]: [sim_plan] built plan=1107 start=1866.30 horizon=15.00 frames=150 commit_frames=20[0m
[0m[INFO] [1788847486.710788989]: [sim_plan] built plan=1108 start=1868.30 horizon=15.00 frames=150 commit_frames=20[0m
[0m[INFO] [1788847486.720812174]: [sim_plan] built plan=1109 start=1868.40 horizon=15.00 frames=150 commit_frames=20[0m
[0m[INFO] [1788847486.734325373]: [sim_plan] built plan=1110 start=1870.40 horizon=15.00 frames=150 commit_frames=20[0m
[0m[INFO] [1788847486.750233535]: [sim_plan] built plan=1111 start=1872.40 horizon=15.00 frames=150 commit_frames=20[0m
[0m[INFO] [1788847486.751612612]: [multi_patrol][A1] V0 activate prepared dropoff: A1 -> B19 len=4.755 priority_until_s=0.758[0m
[0m[INFO] [1788847486.769984829]: [sim_plan] built plan=1112 start=1873.30 horizon=15.00 frames=150 commit_frames=20[0m
[0m[INFO] [1788847486.790412261]: [sim_plan] built plan=1113 start=1875.30 horizon=15.00 frames=150 commit_frames=20[0m
[0m[INFO] [1788847486.806294102]: [sim_plan] built plan=1114 start=1877.30 horizon=15.00 frames=150 commit_frames=20[0m
[0m[INFO] [1788847486.808029965]: [multi_patrol][A1 EXIT PRIORITY RELEASE] V0 s=0.771 threshold=0.758[0m
[0m[INFO] [1788847486.818792939]: [sim_plan] built plan=1115 start=1879.30 horizon=15.00 frames=150 commit_frames=20[0m
[0m[INFO] [1788847486.827649748]: [sim_plan] built plan=1116 start=1881.30 horizon=15.00 frames=150 commit_frames=20[0m
[0m[INFO] [1788847486.835251234]: [sim_plan] built plan=1117 start=1883.30 horizon=15.00 frames=150 commit_frames=20[0m
[0m[INFO] [1788847486.841445248]: [sim_plan] built plan=1118 start=1885.30 horizon=15.00 frames=150 commit_frames=20[0m
[0m[INFO] [1788847486.845249293]: [sim_plan] built plan=1119 start=1887.30 horizon=15.00 frames=150 commit_frames=20[0m
[0m[INFO] [1788847486.848372341]: [sim_plan] built plan=1120 start=1889.30 horizon=15.00 frames=150 commit_frames=20[0m
[0m[INFO] [1788847486.851509565]: [sim_plan] built plan=1121 start=1891.30 horizon=15.00 frames=150 commit_frames=20[0m
[0m[INFO] [1788847486.851979426]: [multi_patrol][A1] V1 pickup leg: B29 -> A1  wpts=447 len=5.225[0m
[0m[INFO] [1788847486.865520536]: [sim_plan] built plan=1122 start=1891.80 horizon=15.00 frames=150 commit_frames=20[0m
[0m[INFO] [1788847486.881296544]: [sim_plan] built plan=1123 start=1893.80 horizon=15.00 frames=150 commit_frames=20[0m
[0m[INFO] [1788847486.889931363]: [sim_plan] built plan=1124 start=1895.80 horizon=15.00 frames=150 commit_frames=20[0m
[0m[INFO] [1788847486.897076638]: [sim_plan] built plan=1125 start=1897.80 horizon=15.00 frames=150 commit_frames=20[0m
[0m[INFO] [1788847486.902450210]: [sim_plan] built plan=1126 start=1899.80 horizon=15.00 frames=150 commit_frames=20[0m
[0m[INFO] [1788847486.906489199]: [sim_plan] built plan=1127 start=1901.80 horizon=15.00 frames=150 commit_frames=20[0m
[0m[INFO] [1788847486.910857889]: [sim_plan] built plan=1128 start=1903.80 horizon=15.00 frames=150 co[33m[WARN] [1788847486.915183758]: [SLOT_DEPARTURE] time=31min46.0s vehicle=V0 owner=none result=ALLOW reason=no_service_owner candidate_path_gen=49 slot_departure_clear_s=0.327 vehicle_mode=ACTIVE vehicle_speed=0.000 vehicle_path_s=0.000 blocker=none a1_prefix_conflict=0 ordinary_road_conflict=0[0m
[33m[WARN] [1788847486.915566749]: [multi_patrol][A1 EXIT PREPARED] V0 target=B23 pickup_dwell=5.00s exit_len=6.156 priority_until_s=0.758 horizon_refresh=IMMEDIATE[0m
[33m[WARN] [1788847487.391508903]: [multi_patrol][A1 EXIT HORIZON] V1 target=B15 dwell_part=4.90s departure_window=10.10s total_horizon=15.00s[0m
[33m[WARN] [1788847487.432709765]: [multi_patrol][A1 EXIT HORIZON] V1 target=B15 dwell_part=2.90s departure_window=12.10s total_horizon=15.00s[0m
[33m[WARN] [1788847487.475821073]: [multi_patrol][A1 EXIT HORIZON] V1 target=B15 dwell_part=0.90s departure_window=14.10s total_horizon=15.00s[0m
[33m[WARN] [1788847487.656783304]: [multi_patrol][A1 EXIT HORIZON] V0 target=B23 dwell_part=4.90s departure_window=10.10s total_horizon=15.00s[0m
[33m[WARN] [1788847487.663452948]: [multi_patrol][A1 EXIT HORIZON] V0 target=B23 dwell_part=2.90s departure_window=12.10s total_horizon=15.00s[0m
[33m[WARN] [1788847487.671038661]: [multi_patrol][A1 EXIT HORIZON] V0 target=B23 dwell_part=0.90s departure_window=14.10s total_horizon=15.00s[0m
mmit_frames=20[0m
[0m[INFO] [1788847486.914593214]: [sim_plan] built plan=1129 start=1905.80 horizon=15.00 frames=150 commit_frames=20[0m
[0m[INFO] [1788847486.915143617]: [multi_patrol][A1] V0 pickup leg: B19 -> A1  wpts=249 len=3.198[0m
[0m[INFO] [1788847486.932993179]: [sim_plan] built plan=1130 start=1906.00 horizon=15.00 frames=150 commit_frames=20[0m
[0m[INFO] [1788847486.954793101]: [sim_plan] built plan=1131 start=1908.00 horizon=15.00 frames=150 commit_frames=20[0m
[0m[INFO] [1788847487.000828714]: [sim_plan] built plan=1132 start=1910.00 horizon=15.00 frames=150 commit_frames=20[0m
[0m[INFO] [1788847487.049210166]: [sim_plan] built plan=1133 start=1912.00 horizon=15.00 frames=150 commit_frames=20[0m
[0m[INFO] [1788847487.099587628]: [sim_plan] built plan=1134 start=1914.00 horizon=15.00 frames=150 commit_frames=20[0m
[0m[INFO] [1788847487.151789723]: [sim_plan] built plan=1135 start=1916.00 horizon=15.00 frames=150 commit_frames=20[0m
[0m[INFO] [1788847487.202276387]: [sim_plan] built plan=1136 start=1918.00 horizon=15.00 frames=150 commit_frames=20[0m
[0m[INFO] [1788847487.255468588]: [sim_plan] built plan=1137 start=1920.00 horizon=15.00 frames=150 commit_frames=20[0m
[0m[INFO] [1788847487.304194236]: [sim_plan] built plan=1138 start=1922.00 horizon=15.00 frames=150 commit_frames=20[0m
[0m[INFO] [1788847487.346733570]: [sim_plan] built plan=1139 start=1924.00 horizon=15.00 frames=150 commit_frames=20[0m
[0m[INFO] [1788847487.391453018]: [sim_plan] built plan=1140 start=1924.10 horizon=15.00 frames=150 commit_frames=20[0m
[0m[INFO] [1788847487.432650396]: [sim_plan] built plan=1141 start=1926.10 horizon=15.00 frames=150 commit_frames=20[0m
[0m[INFO] [1788847487.475765835]: [sim_plan] built plan=1142 start=1928.10 horizon=15.00 frames=150 commit_frames=20[0m
[0m[INFO] [1788847487.477172945]: [multi_patrol][A1] V1 activate prepared dropoff: A1 -> B15 len=4.311 priority_until_s=0.758[0m
[0m[INFO] [1788847487.514706420]: [sim_plan] built plan=1143 start=1929.00 horizon=15.00 frames=150 commit_frames=20[0m
[0m[INFO] [1788847487.550579545]: [sim_plan] built plan=1144 start=1931.00 horizon=15.00 frames=150 commit_frames=20[0m
[0m[INFO] [1788847487.576736080]: [sim_plan] built plan=1145 start=1933.00 horizon=15.00 frames=150 commit_frames=20[0m
[0m[INFO] [1788847487.578356917]: [multi_patrol][A1 EXIT PRIORITY RELEASE] V1 s=0.771 threshold=0.758[0m
[0m[INFO] [1788847487.596818671]: [sim_plan] built plan=1146 start=1935.00 horizon=15.00 frames=150 commit_frames=20[0m
[0m[INFO] [1788847487.613572887]: [sim_plan] built plan=1147 start=1937.00 horizon=15.00 frames=150 commit_frames=20[0m
[0m[INFO] [1788847487.625291710]: [sim_plan] built plan=1148 start=1939.00 horizon=15.00 frames=150 commit_frames=20[0m
[0m[INFO] [1788847487.635756566]: [sim_plan] built plan=1149 start=1941.00 horizon=15.00 frames=150 commit_frames=20[0m
[0m[INFO] [1788847487.644088823]: [sim_plan] built plan=1150 start=1943.00 horizon=15.00 frames=150 commit_frames=20[0m
[0m[INFO] [1788847487.651162259]: [sim_plan] built plan=1151 start=1945.00 horizon=15.00 frames=150 commit_frames=20[0m
[0m[INFO] [1788847487.656735947]: [sim_plan] built plan=1152 start=1947.00 horizon=15.00 frames=150 commit_frames=20[0m
[0m[INFO] [1788847487.663395910]: [sim_plan] built plan=1153 start=1949.00 horizon=15.00 frames=150 commit_frames=20[0m
[0m[INFO] [1788847487.670993685]: [sim_plan] built plan=1154 start=1951.00 horizon=15.00 frames=150 commit_frames=20[0m
[0m[INFO] [1788847487.672180176]: [multi_patrol][A1] V0 activate prepared dropoff: A1 -> B23 len=6.156 priority_until_s=0.758[0m
[0m[INFO] [1788847487.677971702]: [sim_plan] built plan=1155 start=1951.90 horizon=15.00 frames=150 commit_frames=20[0m
[0m[INFO] [1788847487.690739944]: [sim_plan] built plan=1156 start=1953.90 horizon=15.00 frames=150 commit_frames=20[0m
[0m[INFO] [1788847487.695541129]: [sim_plan] built plan=1157 start=1955.90 horizon=15.00 frames=150 commit_frames=20[0m
[0m[INFO] [1788847487.696735710]: [multi_patrol][A1 EXIT PRIORITY [33m[WARN] [1788847487.700833561]: [SLOT_DEPARTURE] time=32min39.5s vehicle=V1 owner=none result=ALLOW reason=no_service_owner candidate_path_gen=49 slot_departure_clear_s=0.327 vehicle_mode=ACTIVE vehicle_speed=0.000 vehicle_path_s=0.000 blocker=none a1_prefix_conflict=0 ordinary_road_conflict=0[0m
[33m[WARN] [1788847487.701308564]: [multi_patrol][A1 EXIT PREPARED] V1 target=B20 pickup_dwell=5.00s exit_len=4.313 priority_until_s=0.758 horizon_refresh=IMMEDIATE[0m
[33m[WARN] [1788847487.929212500]: [multi_patrol][A1 EXIT HORIZON] V1 target=B20 dwell_part=4.90s departure_window=10.10s total_horizon=15.00s[0m
[33m[WARN] [1788847487.933762755]: [multi_patrol][A1 EXIT HORIZON] V1 target=B20 dwell_part=2.90s departure_window=12.10s total_horizon=15.00s[0m
[33m[WARN] [1788847487.938830124]: [multi_patrol][A1 EXIT HORIZON] V1 target=B20 dwell_part=0.90s departure_window=14.10s total_horizon=15.00s[0m
[33m[WARN] [1788847487.950017402]: [SLOT_DEPARTURE] time=33min13.6s vehicle=V0 owner=V1 result=ALLOW reason=slot_departure_clear candidate_path_gen=51 slot_departure_clear_s=0.327 vehicle_mode=ACTIVE vehicle_speed=0.000 vehicle_path_s=0.000 blocker=none a1_prefix_conflict=0 ordinary_road_conflict=0 owner_phase=TO_B owner_path_gen=50 geometry=actual_to_b protected_zones=0 actual_occupancy_priority=0[0m
[33m[WARN] [1788847487.950750212]: [multi_patrol][A1 EXIT PREPARED] V0 target=B52 pickup_dwell=5.00s exit_len=5.439 priority_until_s=0.758 horizon_refresh=IMMEDIATE[0m
RELEASE] V0 s=0.771 threshold=0.758[0m
[0m[INFO] [1788847487.700182002]: [sim_plan] built plan=1158 start=1957.90 horizon=15.00 frames=150 commit_frames=20[0m
[0m[INFO] [1788847487.700796380]: [multi_patrol][A1] V1 pickup leg: B15 -> A1  wpts=295 len=3.763[0m
[0m[INFO] [1788847487.722092724]: [sim_plan] built plan=1159 start=1959.50 horizon=15.00 frames=150 commit_frames=20[0m
[0m[INFO] [1788847487.747129075]: [sim_plan] built plan=1160 start=1961.50 horizon=15.00 frames=150 commit_frames=20[0m
[0m[INFO] [1788847487.766673820]: [sim_plan] built plan=1161 start=1963.50 horizon=15.00 frames=150 commit_frames=20[0m
[0m[INFO] [1788847487.786711120]: [sim_plan] built plan=1162 start=1965.50 horizon=15.00 frames=150 commit_frames=20[0m
[0m[INFO] [1788847487.809051191]: [sim_plan] built plan=1163 start=1967.50 horizon=15.00 frames=150 commit_frames=20[0m
[0m[INFO] [1788847487.827691633]: [sim_plan] built plan=1164 start=1969.50 horizon=15.00 frames=150 commit_frames=20[0m
[0m[INFO] [1788847487.846086612]: [sim_plan] built plan=1165 start=1971.50 horizon=15.00 frames=150 commit_frames=20[0m
[0m[INFO] [1788847487.863466724]: [sim_plan] built plan=1166 start=1973.50 horizon=15.00 frames=150 commit_frames=20[0m
[0m[INFO] [1788847487.881554708]: [sim_plan] built plan=1167 start=1975.50 horizon=15.00 frames=150 commit_frames=20[0m
[0m[INFO] [1788847487.894275698]: [sim_plan] built plan=1168 start=1977.50 horizon=15.00 frames=150 commit_frames=20[0m
[0m[INFO] [1788847487.903367421]: [sim_plan] built plan=1169 start=1979.50 horizon=15.00 frames=150 commit_frames=20[0m
[0m[INFO] [1788847487.910901976]: [sim_plan] built plan=1170 start=1981.50 horizon=15.00 frames=150 commit_frames=20[0m
[0m[INFO] [1788847487.917248100]: [sim_plan] built plan=1171 start=1983.50 horizon=15.00 frames=150 commit_frames=20[0m
[0m[INFO] [1788847487.925723363]: [sim_plan] built plan=1172 start=1985.50 horizon=15.00 frames=150 commit_frames=20[0m
[0m[INFO] [1788847487.929177156]: [sim_plan] built plan=1173 start=1987.50 horizon=15.00 frames=150 commit_frames=20[0m
[0m[INFO] [1788847487.933724451]: [sim_plan] built plan=1174 start=1989.50 horizon=15.00 frames=150 commit_frames=20[0m
[0m[INFO] [1788847487.938791886]: [sim_plan] built plan=1175 start=1991.50 horizon=15.00 frames=150 commit_frames=20[0m
[0m[INFO] [1788847487.939908337]: [multi_patrol][A1] V1 activate prepared dropoff: A1 -> B20 len=4.313 priority_until_s=0.758[0m
[0m[INFO] [1788847487.943368842]: [sim_plan] built plan=1176 start=1992.40 horizon=15.00 frames=150 commit_frames=20[0m
[0m[INFO] [1788847487.949921662]: [multi_patrol][A1] V0 pickup leg: B23 -> A1  wpts=513 len=5.883[0m
[0m[INFO] [1788847487.968227181]: [sim_plan] built plan=1177 start=1993.60 horizon=15.00 frames=150 commit_frames=20[0m
[0m[INFO] [1788847487.992213295]: [sim_plan] built plan=1178 start=1995.60 horizon=15.00 frames=150 commit_frames=20[0m
[0m[INFO] [1788847488.011172629]: [sim_plan] built plan=1179 start=1997.60 horizon=15.00 frames=150 commit_frames=20[0m
[0m[INFO] [1788847488.011727485]: [multi_patrol][A1 EXIT PRIORITY RELEASE] V1 s=0.771 threshold=0.758[0m
[0m[INFO] [1788847488.029296947]: [sim_plan] built plan=1180 start=1999.60 horizon=15.00 frames=150 commit_frames=20[0m
[0m[INFO] [1788847488.048550015]: [sim_plan] built plan=1181 start=2001.60 horizon=15.00 frames=150 commit_frames=20[0m
[0m[INFO] [1788847488.068670016]: [sim_plan] built plan=1182 start=2003.60 horizon=15.00 frames=150 commit_frames=20[0m
[0m[INFO] [1788847488.085903320]: [sim_plan] built plan=1183 start=2005.60 horizon=15.00 frames=150 commit_frames=20[0m
[0m[INFO] [1788847488.100676475]: [sim_plan] built plan=1184 start=2007.60 horizon=15.00 frames=150 commit_frames=20[0m
[0m[INFO] [1788847488.114403611]: [sim_plan] built plan=1185 start=2009.60 horizon=15.00 frames=150 commit_frames=20[0m
[0m[INFO] [1788847488.125911610]: [sim_plan] built plan=1186 start=2011.60 horizon=15.00 frames=150 commit_frames=20[0m
[0m[INFO] [1788847488.137103685]: [sim_plan] built plan=1187 start=2013.6[33m[WARN] [1788847488.168184577]: [SLOT_DEPARTURE] time=33min43.2s vehicle=V1 owner=V0 result=ALLOW reason=slot_departure_clear candidate_path_gen=51 slot_departure_clear_s=0.327 vehicle_mode=ACTIVE vehicle_speed=0.000 vehicle_path_s=0.000 blocker=none a1_prefix_conflict=0 ordinary_road_conflict=0 owner_phase=TO_A1 owner_path_gen=51 geometry=pending_preview protected_zones=0 actual_occupancy_priority=0[0m
[33m[WARN] [1788847488.168941655]: [multi_patrol][A1 EXIT PREPARED] V1 target=B43 pickup_dwell=5.00s exit_len=7.369 priority_until_s=0.758 horizon_refresh=IMMEDIATE[0m
[33m[WARN] [1788847488.302237233]: [multi_patrol][A1 EXIT HORIZON] V0 target=B52 dwell_part=4.90s departure_window=10.10s total_horizon=15.00s[0m
[33m[WARN] [1788847488.352372265]: [multi_patrol][A1 EXIT HORIZON] V0 target=B52 dwell_part=2.90s departure_window=12.10s total_horizon=15.00s[0m
[33m[WARN] [1788847488.394150670]: [multi_patrol][A1 EXIT HORIZON] V0 target=B52 dwell_part=0.90s departure_window=14.10s total_horizon=15.00s[0m
[33m[WARN] [1788847488.614702827]: [multi_patrol][A1 EXIT HORIZON] V1 target=B43 dwell_part=4.90s departure_window=10.10s total_horizon=15.00s[0m
[33m[WARN] [1788847488.628185528]: [multi_patrol][A1 EXIT HORIZON] V1 target=B43 dwell_part=2.90s departure_window=12.10s total_horizon=15.00s[0m
[33m[WARN] [1788847488.644484552]: [multi_patrol][A1 EXIT HORIZON] V1 target=B43 dwell_part=0.90s departure_window=14.10s total_horizon=15.00s[0m
0 horizon=15.00 frames=150 commit_frames=20[0m
[0m[INFO] [1788847488.149491391]: [sim_plan] built plan=1188 start=2015.60 horizon=15.00 frames=150 commit_frames=20[0m
[0m[INFO] [1788847488.155344289]: [sim_plan] built plan=1189 start=2017.60 horizon=15.00 frames=150 commit_frames=20[0m
[0m[INFO] [1788847488.160113753]: [sim_plan] built plan=1190 start=2019.60 horizon=15.00 frames=150 commit_frames=20[0m
[0m[INFO] [1788847488.164177622]: [sim_plan] built plan=1191 start=2021.60 horizon=15.00 frames=150 commit_frames=20[0m
[0m[INFO] [1788847488.168137763]: [multi_patrol][A1] V1 pickup leg: B20 -> A1  wpts=304 len=3.391[0m
[0m[INFO] [1788847488.182729560]: [sim_plan] built plan=1192 start=2023.20 horizon=15.00 frames=150 commit_frames=20[0m
[0m[INFO] [1788847488.216295089]: [sim_plan] built plan=1193 start=2025.20 horizon=15.00 frames=150 commit_frames=20[0m
[0m[INFO] [1788847488.254744203]: [sim_plan] built plan=1194 start=2027.20 horizon=15.00 frames=150 commit_frames=20[0m
[0m[INFO] [1788847488.302168621]: [sim_plan] built plan=1195 start=2029.20 horizon=15.00 frames=150 commit_frames=20[0m
[0m[INFO] [1788847488.352293286]: [sim_plan] built plan=1196 start=2031.20 horizon=15.00 frames=150 commit_frames=20[0m
[0m[INFO] [1788847488.394094375]: [sim_plan] built plan=1197 start=2033.20 horizon=15.00 frames=150 commit_frames=20[0m
[0m[INFO] [1788847488.395866811]: [multi_patrol][A1] V0 activate prepared dropoff: A1 -> B52 len=5.439 priority_until_s=0.758[0m
[0m[INFO] [1788847488.436389902]: [sim_plan] built plan=1198 start=2034.10 horizon=15.00 frames=150 commit_frames=20[0m
[0m[INFO] [1788847488.476227233]: [sim_plan] built plan=1199 start=2036.10 horizon=15.00 frames=150 commit_frames=20[0m
[0m[INFO] [1788847488.511170592]: [sim_plan] built plan=1200 start=2038.10 horizon=15.00 frames=150 commit_frames=20[0m
[0m[INFO] [1788847488.512863947]: [multi_patrol][A1 EXIT PRIORITY RELEASE] V0 s=0.771 threshold=0.758[0m
[0m[INFO] [1788847488.534881220]: [sim_plan] built plan=1201 start=2040.10 horizon=15.00 frames=150 commit_frames=20[0m
[0m[INFO] [1788847488.550339824]: [sim_plan] built plan=1202 start=2042.10 horizon=15.00 frames=150 commit_frames=20[0m
[0m[INFO] [1788847488.564788223]: [sim_plan] built plan=1203 start=2044.10 horizon=15.00 frames=150 commit_frames=20[0m
[0m[INFO] [1788847488.577120014]: [sim_plan] built plan=1204 start=2046.10 horizon=15.00 frames=150 commit_frames=20[0m
[0m[INFO] [1788847488.589674690]: [sim_plan] built plan=1205 start=2048.10 horizon=15.00 frames=150 commit_frames=20[0m
[0m[INFO] [1788847488.602353578]: [sim_plan] built plan=1206 start=2050.10 horizon=15.00 frames=150 commit_frames=20[0m
[0m[INFO] [1788847488.614654728]: [sim_plan] built plan=1207 start=2051.20 horizon=15.00 frames=150 commit_frames=20[0m
[0m[INFO] [1788847488.628126187]: [sim_plan] built plan=1208 start=2053.20 horizon=15.00 frames=150 commit_frames=20[0m
[0m[INFO] [1788847488.644437158]: [sim_plan] built plan=1209 start=2055.20 horizon=15.00 frames=150 commit_frames=20[0m
[0m[INFO] [1788847488.645796397]: [multi_patrol][A1] V1 activate prepared dropoff: A1 -> B43 len=7.369 priority_until_s=0.758[0m
[0m[INFO] [1788847488.663764500]: [sim_plan] built plan=1210 start=2056.10 horizon=15.00 frames=150 commit_frames=20[0m
[0m[INFO] [1788847488.686712809]: [sim_plan] built plan=1211 start=2058.10 horizon=15.00 frames=150 commit_frames=20[0m
[0m[INFO] [1788847488.698963766]: [sim_plan] built plan=1212 start=2060.10 horizon=15.00 frames=150 commit_frames=20[0m
[0m[INFO] [1788847488.700253346]: [multi_patrol][A1 EXIT PRIORITY RELEASE] V1 s=0.771 threshold=0.758[0m
[0m[INFO] [1788847488.708944497]: [sim_plan] built plan=1213 start=2062.10 horizon=15.00 frames=150 commit_frames=20[0m
[0m[INFO] [1788847488.717979460]: [sim_plan] built plan=1214 start=2064.10 horizon=15.00 frames=150 commit_frames=20[0m
[0m[INFO] [1788847488.724280136]: [sim_plan] built plan=1215 start=2066.10 horizon=15.00 frames=150 commit_frames=20[0m
[0m[INFO] [1788847488.728426246]: [sim_plan] built p[33m[WARN] [1788847488.739008866]: [SLOT_DEPARTURE] time=34min32.3s vehicle=V0 owner=none result=ALLOW reason=no_service_owner candidate_path_gen=53 slot_departure_clear_s=0.327 vehicle_mode=ACTIVE vehicle_speed=0.000 vehicle_path_s=0.000 blocker=none a1_prefix_conflict=0 ordinary_road_conflict=0[0m
[33m[WARN] [1788847488.739494644]: [multi_patrol][A1 EXIT PREPARED] V0 target=B54 pickup_dwell=5.00s exit_len=5.654 priority_until_s=0.758 horizon_refresh=IMMEDIATE[0m
[33m[WARN] [1788847489.037799565]: [SLOT_DEPARTURE] time=35min4.1s vehicle=V1 owner=V0 result=ALLOW reason=slot_departure_clear candidate_path_gen=53 slot_departure_clear_s=0.327 vehicle_mode=ACTIVE vehicle_speed=0.000 vehicle_path_s=0.000 blocker=none a1_prefix_conflict=0 ordinary_road_conflict=0 owner_phase=TO_A1 owner_path_gen=53 geometry=pending_preview protected_zones=0 actual_occupancy_priority=0[0m
[33m[WARN] [1788847489.038328674]: [multi_patrol][A1 EXIT PREPARED] V1 target=B33 pickup_dwell=5.00s exit_len=7.111 priority_until_s=0.758 horizon_refresh=IMMEDIATE[0m
[33m[WARN] [1788847489.104170308]: [multi_patrol][A1 EXIT HORIZON] V0 target=B54 dwell_part=4.90s departure_window=10.10s total_horizon=15.00s[0m
[33m[WARN] [1788847489.119451140]: [multi_patrol][A1 EXIT HORIZON] V0 target=B54 dwell_part=2.90s departure_window=12.10s total_horizon=15.00s[0m
[33m[WARN] [1788847489.138022589]: [multi_patrol][A1 EXIT HORIZON] V0 target=B54 dwell_part=0.90s departure_window=14.10s total_horizon=15.00s[0m
lan=1216 start=2068.10 horizon=15.00 frames=150 commit_frames=20[0m
[0m[INFO] [1788847488.733823245]: [sim_plan] built plan=1217 start=2070.10 horizon=15.00 frames=150 commit_frames=20[0m
[0m[INFO] [1788847488.738272038]: [sim_plan] built plan=1218 start=2072.10 horizon=15.00 frames=150 commit_frames=20[0m
[0m[INFO] [1788847488.738973085]: [multi_patrol][A1] V0 pickup leg: B52 -> A1  wpts=427 len=5.304[0m
[0m[INFO] [1788847488.778546648]: [sim_plan] built plan=1219 start=2072.30 horizon=15.00 frames=150 commit_frames=20[0m
[0m[INFO] [1788847488.803089617]: [sim_plan] built plan=1220 start=2074.30 horizon=15.00 frames=150 commit_frames=20[0m
[0m[INFO] [1788847488.828253303]: [sim_plan] built plan=1221 start=2076.30 horizon=15.00 frames=150 commit_frames=20[0m
[0m[INFO] [1788847488.847547016]: [sim_plan] built plan=1222 start=2078.30 horizon=15.00 frames=150 commit_frames=20[0m
[0m[INFO] [1788847488.865625832]: [sim_plan] built plan=1223 start=2080.30 horizon=15.00 frames=150 commit_frames=20[0m
[0m[INFO] [1788847488.891875491]: [sim_plan] built plan=1224 start=2082.30 horizon=15.00 frames=150 commit_frames=20[0m
[0m[INFO] [1788847488.928323424]: [sim_plan] built plan=1225 start=2084.30 horizon=15.00 frames=150 commit_frames=20[0m
[0m[INFO] [1788847488.949568394]: [sim_plan] built plan=1226 start=2086.30 horizon=15.00 frames=150 commit_frames=20[0m
[0m[INFO] [1788847488.965001200]: [sim_plan] built plan=1227 start=2088.30 horizon=15.00 frames=150 commit_frames=20[0m
[0m[INFO] [1788847488.977617416]: [sim_plan] built plan=1228 start=2090.30 horizon=15.00 frames=150 commit_frames=20[0m
[0m[INFO] [1788847488.988440196]: [sim_plan] built plan=1229 start=2092.30 horizon=15.00 frames=150 commit_frames=20[0m
[0m[INFO] [1788847488.997457903]: [sim_plan] built plan=1230 start=2094.30 horizon=15.00 frames=150 commit_frames=20[0m
[0m[INFO] [1788847489.004330280]: [sim_plan] built plan=1231 start=2096.30 horizon=15.00 frames=150 commit_frames=20[0m
[0m[INFO] [1788847489.016805456]: [sim_plan] built plan=1232 start=2098.30 horizon=15.00 frames=150 commit_frames=20[0m
[0m[INFO] [1788847489.025715654]: [sim_plan] built plan=1233 start=2100.30 horizon=15.00 frames=150 commit_frames=20[0m
[0m[INFO] [1788847489.030868446]: [sim_plan] built plan=1234 start=2102.30 horizon=15.00 frames=150 commit_frames=20[0m
[0m[INFO] [1788847489.037751190]: [multi_patrol][A1] V1 pickup leg: B43 -> A1  wpts=596 len=6.698[0m
[0m[INFO] [1788847489.052280061]: [sim_plan] built plan=1235 start=2104.10 horizon=15.00 frames=150 commit_frames=20[0m
[0m[INFO] [1788847489.070620071]: [sim_plan] built plan=1236 start=2106.10 horizon=15.00 frames=150 commit_frames=20[0m
[0m[INFO] [1788847489.081797728]: [sim_plan] built plan=1237 start=2108.10 horizon=15.00 frames=150 commit_frames=20[0m
[0m[INFO] [1788847489.092906948]: [sim_plan] built plan=1238 start=2110.10 horizon=15.00 frames=150 commit_frames=20[0m
[0m[INFO] [1788847489.104113166]: [sim_plan] built plan=1239 start=2112.10 horizon=15.00 frames=150 commit_frames=20[0m
[0m[INFO] [1788847489.119394893]: [sim_plan] built plan=1240 start=2114.10 horizon=15.00 frames=150 commit_frames=20[0m
[0m[INFO] [1788847489.137964229]: [sim_plan] built plan=1241 start=2116.10 horizon=15.00 frames=150 commit_frames=20[0m
[0m[INFO] [1788847489.139563663]: [multi_patrol][A1] V0 activate prepared dropoff: A1 -> B54 len=5.654 priority_until_s=0.758[0m
[0m[INFO] [1788847489.160236135]: [sim_plan] built plan=1242 start=2117.00 horizon=15.00 frames=150 commit_frames=20[0m
[0m[INFO] [1788847489.188123136]: [sim_plan] built plan=1243 start=2119.00 horizon=15.00 frames=150 commit_frames=20[0m
[0m[INFO] [1788847489.212448501]: [sim_plan] built plan=1244 start=2121.00 horizon=15.00 frames=150 commit_frames=20[0m
[0m[INFO] [1788847489.214060410]: [multi_patrol][A1 EXIT PRIORITY RELEASE] V0 s=0.771 threshold=0.758[0m
[0m[INFO] [1788847489.239696120]: [sim_plan] built plan=1245 start=2123.00 horizon=15.00 frames=150 commit_frames=20[0m
[0m[INFO] [1788847489.265022606]: [sim_plan][33m[WARN] [1788847489.419835237]: [multi_patrol][A1 EXIT HORIZON] V1 target=B33 dwell_part=4.90s departure_window=10.10s total_horizon=15.00s[0m
[33m[WARN] [1788847489.426987136]: [multi_patrol][A1 EXIT HORIZON] V1 target=B33 dwell_part=2.90s departure_window=12.10s total_horizon=15.00s[0m
[33m[WARN] [1788847489.435198668]: [multi_patrol][A1 EXIT HORIZON] V1 target=B33 dwell_part=0.90s departure_window=14.10s total_horizon=15.00s[0m
[33m[WARN] [1788847489.469438355]: [SLOT_DEPARTURE] time=35min56.0s vehicle=V0 owner=none result=ALLOW reason=no_service_owner candidate_path_gen=55 slot_departure_clear_s=0.327 vehicle_mode=ACTIVE vehicle_speed=0.000 vehicle_path_s=0.000 blocker=none a1_prefix_conflict=0 ordinary_road_conflict=0[0m
[33m[WARN] [1788847489.470256922]: [multi_patrol][A1 EXIT PREPARED] V0 target=B38 pickup_dwell=5.00s exit_len=4.713 priority_until_s=0.758 horizon_refresh=IMMEDIATE[0m
 built plan=1246 start=2125.00 horizon=15.00 frames=150 commit_frames=20[0m
[0m[INFO] [1788847489.287011278]: [sim_plan] built plan=1247 start=2127.00 horizon=15.00 frames=150 commit_frames=20[0m
[0m[INFO] [1788847489.310319142]: [sim_plan] built plan=1248 start=2129.00 horizon=15.00 frames=150 commit_frames=20[0m
[0m[INFO] [1788847489.335227579]: [sim_plan] built plan=1249 start=2131.00 horizon=15.00 frames=150 commit_frames=20[0m
[0m[INFO] [1788847489.354368544]: [sim_plan] built plan=1250 start=2133.00 horizon=15.00 frames=150 commit_frames=20[0m
[0m[INFO] [1788847489.371145683]: [sim_plan] built plan=1251 start=2135.00 horizon=15.00 frames=150 commit_frames=20[0m
[0m[INFO] [1788847489.385670377]: [sim_plan] built plan=1252 start=2137.00 horizon=15.00 frames=150 commit_frames=20[0m
[0m[INFO] [1788847489.397871810]: [sim_plan] built plan=1253 start=2139.00 horizon=15.00 frames=150 commit_frames=20[0m
[0m[INFO] [1788847489.405720862]: [sim_plan] built plan=1254 start=2141.00 horizon=15.00 frames=150 commit_frames=20[0m
[0m[INFO] [1788847489.412273086]: [sim_plan] built plan=1255 start=2143.00 horizon=15.00 frames=150 commit_frames=20[0m
[0m[INFO] [1788847489.419773498]: [sim_plan] built plan=1256 start=2143.90 horizon=15.00 frames=150 commit_frames=20[0m
[0m[INFO] [1788847489.426938751]: [sim_plan] built plan=1257 start=2145.90 horizon=15.00 frames=150 commit_frames=20[0m
[0m[INFO] [1788847489.435144229]: [sim_plan] built plan=1258 start=2147.90 horizon=15.00 frames=150 commit_frames=20[0m
[0m[INFO] [1788847489.436654072]: [multi_patrol][A1] V1 activate prepared dropoff: A1 -> B33 len=7.111 priority_until_s=0.758[0m
[0m[INFO] [1788847489.443802321]: [sim_plan] built plan=1259 start=2148.80 horizon=15.00 frames=150 commit_frames=20[0m
[0m[INFO] [1788847489.458702998]: [sim_plan] built plan=1260 start=2150.80 horizon=15.00 frames=150 commit_frames=20[0m
[0m[INFO] [1788847489.463612463]: [sim_plan] built plan=1261 start=2152.80 horizon=15.00 frames=150 commit_frames=20[0m
[0m[INFO] [1788847489.464904406]: [multi_patrol][A1 EXIT PRIORITY RELEASE] V1 s=0.771 threshold=0.758[0m
[0m[INFO] [1788847489.468674227]: [sim_plan] built plan=1262 start=2154.80 horizon=15.00 frames=150 commit_frames=20[0m
[0m[INFO] [1788847489.469389523]: [multi_patrol][A1] V0 pickup leg: B54 -> A1  wpts=451 len=5.542[0m
[0m[INFO] [1788847489.491081764]: [sim_plan] built plan=1263 start=2156.00 horizon=15.00 frames=150 commit_frames=20[0m
[0m[INFO] [1788847489.534160048]: [sim_plan] built plan=1264 start=2158.00 horizon=15.00 frames=150 commit_frames=20[0m
[0m[INFO] [1788847489.563447202]: [sim_plan] built plan=1265 start=2160.00 horizon=15.00 frames=150 commit_frames=20[0m
[0m[INFO] [1788847489.563831548]: [batch] 21600/72000 ticks (sim_t=2160s) hard_guard=0[0m
[0m[INFO] [1788847489.592156054]: [sim_plan] built plan=1266 start=2162.00 horizon=15.00 frames=150 commit_frames=20[0m
[0m[INFO] [1788847489.624692447]: [sim_plan] built plan=1267 start=2164.00 horizon=15.00 frames=150 commit_frames=20[0m
[0m[INFO] [1788847489.644509472]: [sim_plan] built plan=1268 start=2166.00 horizon=15.00 frames=150 commit_frames=20[0m
[0m[INFO] [1788847489.662617932]: [sim_plan] built plan=1269 start=2168.00 horizon=15.00 frames=150 commit_frames=20[0m
[0m[INFO] [1788847489.679018990]: [sim_plan] built plan=1270 start=2170.00 horizon=15.00 frames=150 commit_frames=20[0m
[0m[INFO] [1788847489.703785643]: [sim_plan] built plan=1271 start=2172.00 horizon=15.00 frames=150 commit_frames=20[0m
[0m[INFO] [1788847489.732561344]: [sim_plan] built plan=1272 start=2174.00 horizon=15.00 frames=150 commit_frames=20[0m
[0m[INFO] [1788847489.760102457]: [sim_plan] built plan=1273 start=2176.00 horizon=15.00 frames=150 commit_frames=20[0m
[0m[INFO] [1788847489.782014921]: [sim_plan] built plan=1274 start=2178.00 horizon=15.00 frames=150 commit_frames=20[0m
[0m[INFO] [1788847489.801090824]: [sim_plan] built plan=1275 start=2180.00 horizon=15.00 frames=150 commit_frames=20[0m
[0m[INFO] [1788847489.820184426]: [sim_plan] bu[33m[WARN] [1788847489.918462669]: [SLOT_DEPARTURE] time=36min41.7s vehicle=V1 owner=V0 result=ALLOW reason=slot_departure_clear candidate_path_gen=55 slot_departure_clear_s=0.327 vehicle_mode=ACTIVE vehicle_speed=0.000 vehicle_path_s=0.000 blocker=none a1_prefix_conflict=0 ordinary_road_conflict=0 owner_phase=TO_A1 owner_path_gen=55 geometry=pending_preview protected_zones=0 actual_occupancy_priority=0[0m
[33m[WARN] [1788847489.919005780]: [multi_patrol][A1 EXIT PREPARED] V1 target=B49 pickup_dwell=5.00s exit_len=8.289 priority_until_s=0.758 horizon_refresh=IMMEDIATE[0m
[33m[WARN] [1788847490.039000632]: [multi_patrol][A1 EXIT HORIZON] V0 target=B38 dwell_part=4.90s departure_window=10.10s total_horizon=15.00s[0m
[33m[WARN] [1788847490.084123593]: [multi_patrol][A1 EXIT HORIZON] V0 target=B38 dwell_part=2.90s departure_window=12.10s total_horizon=15.00s[0m
[33m[WARN] [1788847490.140139649]: [multi_patrol][A1 EXIT HORIZON] V0 target=B38 dwell_part=0.90s departure_window=14.10s total_horizon=15.00s[0m
ilt plan=1276 start=2182.00 horizon=15.00 frames=150 commit_frames=20[0m
[0m[INFO] [1788847489.836763891]: [sim_plan] built plan=1277 start=2184.00 horizon=15.00 frames=150 commit_frames=20[0m
[0m[INFO] [1788847489.853355925]: [sim_plan] built plan=1278 start=2186.00 horizon=15.00 frames=150 commit_frames=20[0m
[0m[INFO] [1788847489.865381524]: [sim_plan] built plan=1279 start=2188.00 horizon=15.00 frames=150 commit_frames=20[0m
[0m[INFO] [1788847489.876183535]: [sim_plan] built plan=1280 start=2190.00 horizon=15.00 frames=150 commit_frames=20[0m
[0m[INFO] [1788847489.891529405]: [sim_plan] built plan=1281 start=2192.00 horizon=15.00 frames=150 commit_frames=20[0m
[0m[INFO] [1788847489.898853568]: [sim_plan] built plan=1282 start=2194.00 horizon=15.00 frames=150 commit_frames=20[0m
[0m[INFO] [1788847489.903847098]: [sim_plan] built plan=1283 start=2196.00 horizon=15.00 frames=150 commit_frames=20[0m
[0m[INFO] [1788847489.908593757]: [sim_plan] built plan=1284 start=2198.00 horizon=15.00 frames=150 commit_frames=20[0m
[0m[INFO] [1788847489.912622854]: [sim_plan] built plan=1285 start=2200.00 horizon=15.00 frames=150 commit_frames=20[0m
[0m[INFO] [1788847489.918348442]: [multi_patrol][A1] V1 pickup leg: B33 -> A1  wpts=469 len=5.444[0m
[0m[INFO] [1788847489.932645363]: [sim_plan] built plan=1286 start=2201.70 horizon=15.00 frames=150 commit_frames=20[0m
[0m[INFO] [1788847489.967263280]: [sim_plan] built plan=1287 start=2203.70 horizon=15.00 frames=150 commit_frames=20[0m
[0m[INFO] [1788847490.000785260]: [sim_plan] built plan=1288 start=2205.70 horizon=15.00 frames=150 commit_frames=20[0m
[0m[INFO] [1788847490.038944690]: [sim_plan] built plan=1289 start=2206.60 horizon=15.00 frames=150 commit_frames=20[0m
[0m[INFO] [1788847490.084061816]: [sim_plan] built plan=1290 start=2208.60 horizon=15.00 frames=150 commit_frames=20[0m
[0m[INFO] [1788847490.140088028]: [sim_plan] built plan=1291 start=2210.60 horizon=15.00 frames=150 commit_frames=20[0m
[0m[INFO] [1788847490.141521573]: [multi_patrol][A1] V0 activate prepared dropoff: A1 -> B38 len=4.713 priority_until_s=0.758[0m
[0m[INFO] [1788847490.207705806]: [sim_plan] built plan=1292 start=2211.50 horizon=15.00 frames=150 commit_frames=20[0m
[0m[INFO] [1788847490.291204454]: [sim_plan] built plan=1293 start=2213.50 horizon=15.00 frames=150 commit_frames=20[0m
[0m[INFO] [1788847490.375034464]: [sim_plan] built plan=1294 start=2215.50 horizon=15.00 frames=150 commit_frames=20[0m
[0m[INFO] [1788847490.376311280]: [multi_patrol][A1 EXIT PRIORITY RELEASE] V0 s=0.771 threshold=0.758[0m
[0m[INFO] [1788847490.451066423]: [sim_plan] built plan=1295 start=2217.50 horizon=15.00 frames=150 commit_frames=20[0m
[0m[INFO] [1788847490.519769477]: [sim_plan] built plan=1296 start=2219.50 horizon=15.00 frames=150 commit_frames=20[0m
[0m[INFO] [1788847490.576877436]: [sim_plan] built plan=1297 start=2221.50 horizon=15.00 frames=150 commit_frames=20[0m
[0m[INFO] [1788847490.622964991]: [sim_plan] built plan=1298 start=2223.50 horizon=15.00 frames=150 commit_frames=20[0m
[0m[INFO] [1788847490.661214021]: [sim_plan] built plan=1299 start=2225.50 horizon=15.00 frames=150 commit_frames=20[0m
[0m[INFO] [1788847490.688752726]: [sim_plan] built plan=1300 start=2227.50 horizon=15.00 frames=150 commit_frames=20[0m
[0m[INFO] [1788847490.710154013]: [sim_plan] built plan=1301 start=2229.50 horizon=15.00 frames=150 commit_frames=20[0m
[0m[INFO] [1788847490.722864048]: [sim_plan] built plan=1302 start=2231.50 horizon=15.00 frames=150 commit_frames=20[0m
[0m[INFO] [1788847490.734311934]: [sim_plan] built plan=1303 start=2233.50 horizon=15.00 frames=150 commit_frames=20[0m
[0m[INFO] [1788847490.742771839]: [sim_plan] built plan=1304 start=2235.50 horizon=15.00 frames=150 commit_frames=20[0m
[0m[INFO] [1788847490.754808578]: [sim_plan] built plan=1305 start=2237.50 horizon=15.00 frames=150 commit_frames=20[0m
[0m[INFO] [1788847490.762220686]: [sim_plan] built plan=1306 start=2239.50 horizon=15.00 frames=150 commit_frames=20[0m
[0m[INFO] [178884749[33m[WARN] [1788847490.776757868]: [SLOT_DEPARTURE] time=37min24.3s vehicle=V0 owner=V1 result=ALLOW reason=slot_departure_clear candidate_path_gen=57 slot_departure_clear_s=0.327 vehicle_mode=ACTIVE vehicle_speed=0.000 vehicle_path_s=0.000 blocker=none a1_prefix_conflict=0 ordinary_road_conflict=0 owner_phase=TO_A1 owner_path_gen=55 geometry=pending_preview protected_zones=0 actual_occupancy_priority=0[0m
[33m[WARN] [1788847490.777209105]: [multi_patrol][A1 EXIT PREPARED] V0 target=B27 pickup_dwell=5.00s exit_len=7.516 priority_until_s=0.758 horizon_refresh=IMMEDIATE[0m
[33m[WARN] [1788847490.986327480]: [multi_patrol][A1 EXIT HORIZON] V1 target=B49 dwell_part=4.90s departure_window=10.10s total_horizon=15.00s[0m
[33m[WARN] [1788847491.035517103]: [multi_patrol][A1 EXIT HORIZON] V1 target=B49 dwell_part=2.90s departure_window=12.10s total_horizon=15.00s[0m
[33m[WARN] [1788847491.097774543]: [multi_patrol][A1 EXIT HORIZON] V1 target=B49 dwell_part=0.90s departure_window=14.10s total_horizon=15.00s[0m
[33m[WARN] [1788847491.798507674]: [multi_patrol][A1 EXIT HORIZON] V0 target=B27 dwell_part=4.90s departure_window=10.10s total_horizon=15.00s[0m
0.767028932]: [sim_plan] built plan=1307 start=2241.50 horizon=15.00 frames=150 commit_frames=20[0m
[0m[INFO] [1788847490.771045806]: [sim_plan] built plan=1308 start=2243.50 horizon=15.00 frames=150 commit_frames=20[0m
[0m[INFO] [1788847490.776714967]: [multi_patrol][A1] V0 pickup leg: B38 -> A1  wpts=320 len=3.368[0m
[0m[INFO] [1788847490.819763315]: [sim_plan] built plan=1309 start=2244.30 horizon=15.00 frames=150 commit_frames=20[0m
[0m[INFO] [1788847490.864646056]: [sim_plan] built plan=1310 start=2246.30 horizon=15.00 frames=150 commit_frames=20[0m
[0m[INFO] [1788847490.906958445]: [sim_plan] built plan=1311 start=2248.30 horizon=15.00 frames=150 commit_frames=20[0m
[0m[INFO] [1788847490.945909250]: [sim_plan] built plan=1312 start=2250.30 horizon=15.00 frames=150 commit_frames=20[0m
[0m[INFO] [1788847490.986269653]: [sim_plan] built plan=1313 start=2251.80 horizon=15.00 frames=150 commit_frames=20[0m
[0m[INFO] [1788847491.035476753]: [sim_plan] built plan=1314 start=2253.80 horizon=15.00 frames=150 commit_frames=20[0m
[0m[INFO] [1788847491.097727291]: [sim_plan] built plan=1315 start=2255.80 horizon=15.00 frames=150 commit_frames=20[0m
[0m[INFO] [1788847491.099039176]: [multi_patrol][A1] V1 activate prepared dropoff: A1 -> B49 len=8.289 priority_until_s=0.758[0m
[0m[INFO] [1788847491.169904665]: [sim_plan] built plan=1316 start=2256.70 horizon=15.00 frames=150 commit_frames=20[0m
[0m[INFO] [1788847491.253247527]: [sim_plan] built plan=1317 start=2258.70 horizon=15.00 frames=150 commit_frames=20[0m
[0m[INFO] [1788847491.326087275]: [sim_plan] built plan=1318 start=2260.70 horizon=15.00 frames=150 commit_frames=20[0m
[0m[INFO] [1788847491.327533541]: [multi_patrol][A1 EXIT PRIORITY RELEASE] V1 s=0.771 threshold=0.758[0m
[0m[INFO] [1788847491.399651801]: [sim_plan] built plan=1319 start=2262.70 horizon=15.00 frames=150 commit_frames=20[0m
[0m[INFO] [1788847491.462582861]: [sim_plan] built plan=1320 start=2264.70 horizon=15.00 frames=150 commit_frames=20[0m
[0m[INFO] [1788847491.512735732]: [sim_plan] built plan=1321 start=2266.70 horizon=15.00 frames=150 commit_frames=20[0m
[0m[INFO] [1788847491.551438328]: [sim_plan] built plan=1322 start=2268.70 horizon=15.00 frames=150 commit_frames=20[0m
[0m[INFO] [1788847491.585834294]: [sim_plan] built plan=1323 start=2270.70 horizon=15.00 frames=150 commit_frames=20[0m
[0m[INFO] [1788847491.615721574]: [sim_plan] built plan=1324 start=2272.70 horizon=15.00 frames=150 commit_frames=20[0m
[0m[INFO] [1788847491.638242685]: [sim_plan] built plan=1325 start=2274.70 horizon=15.00 frames=150 commit_frames=20[0m
[0m[INFO] [1788847491.659334429]: [sim_plan] built plan=1326 start=2276.70 horizon=15.00 frames=150 commit_frames=20[0m
[0m[INFO] [1788847491.678480049]: [sim_plan] built plan=1327 start=2278.70 horizon=15.00 frames=150 commit_frames=20[0m
[0m[INFO] [1788847491.696634856]: [sim_plan] built plan=1328 start=2280.70 horizon=15.00 frames=150 commit_frames=20[0m
[0m[INFO] [1788847491.715494546]: [sim_plan] built plan=1329 start=2282.70 horizon=15.00 frames=150 commit_frames=20[0m
[0m[INFO] [1788847491.734491326]: [sim_plan] built plan=1330 start=2284.70 horizon=15.00 frames=150 commit_frames=20[0m
[0m[INFO] [1788847491.749670588]: [sim_plan] built plan=1331 start=2286.70 horizon=15.00 frames=150 commit_frames=20[0m
[0m[INFO] [1788847491.763319500]: [sim_plan] built plan=1332 start=2288.70 horizon=15.00 frames=150 commit_frames=20[0m
[0m[INFO] [1788847491.774861155]: [sim_plan] built plan=1333 start=2290.70 horizon=15.00 frames=150 commit_frames=20[0m
[0m[INFO] [1788847491.784226548]: [sim_plan] built plan=1334 start=2292.70 horizon=15.00 frames=150 commit_frames=20[0m
[0m[INFO] [1788847491.791240281]: [sim_plan] built plan=1335 start=2294.70 horizon=15.00 frames=150 commit_frames=20[0m
[0m[INFO] [1788847491.798454254]: [sim_plan] built plan=1336 start=2295.90 horizon=15.00 frames=150 commit_frames=20[0m
[0m[INFO] [1788847491.811113709]: [sim_plan] built plan=1337 start=2297.90 horizon=15.00 frames=150 commit_frames=2[33m[WARN] [1788847491.811498120]: [multi_patrol][A1 EXIT HORIZON] V0 target=B27 dwell_part=2.90s departure_window=12.10s total_horizon=15.00s[0m
[33m[WARN] [1788847491.821963300]: [multi_patrol][A1 EXIT HORIZON] V0 target=B27 dwell_part=0.90s departure_window=14.10s total_horizon=15.00s[0m
[33m[WARN] [1788847491.868954294]: [SLOT_DEPARTURE] time=38min29.3s vehicle=V1 owner=none result=ALLOW reason=no_service_owner candidate_path_gen=57 slot_departure_clear_s=0.327 vehicle_mode=ACTIVE vehicle_speed=0.000 vehicle_path_s=0.000 blocker=none a1_prefix_conflict=0 ordinary_road_conflict=0[0m
[33m[WARN] [1788847491.869579677]: [multi_patrol][A1 EXIT PREPARED] V1 target=B45 pickup_dwell=5.00s exit_len=8.932 priority_until_s=0.758 horizon_refresh=IMMEDIATE[0m
[33m[WARN] [1788847492.298901489]: [SLOT_DEPARTURE] time=39min9.4s vehicle=V0 owner=V1 result=ALLOW reason=slot_departure_clear candidate_path_gen=59 slot_departure_clear_s=0.327 vehicle_mode=ACTIVE vehicle_speed=0.000 vehicle_path_s=0.000 blocker=none a1_prefix_conflict=0 ordinary_road_conflict=0 owner_phase=TO_A1 owner_path_gen=57 geometry=pending_preview protected_zones=0 actual_occupancy_priority=0[0m
[33m[WARN] [1788847492.299590504]: [multi_patrol][A1 EXIT PREPARED] V0 target=B28 pickup_dwell=5.00s exit_len=3.444 priority_until_s=0.758 horizon_refresh=IMMEDIATE[0m
0[0m
[0m[INFO] [1788847491.821892575]: [sim_plan] built plan=1338 start=2299.90 horizon=15.00 frames=150 commit_frames=20[0m
[0m[INFO] [1788847491.824064142]: [multi_patrol][A1] V0 activate prepared dropoff: A1 -> B27 len=7.516 priority_until_s=0.758[0m
[0m[INFO] [1788847491.833070973]: [sim_plan] built plan=1339 start=2300.80 horizon=15.00 frames=150 commit_frames=20[0m
[0m[INFO] [1788847491.852502243]: [sim_plan] built plan=1340 start=2302.80 horizon=15.00 frames=150 commit_frames=20[0m
[0m[INFO] [1788847491.858472595]: [sim_plan] built plan=1341 start=2304.80 horizon=15.00 frames=150 commit_frames=20[0m
[0m[INFO] [1788847491.859966986]: [multi_patrol][A1 EXIT PRIORITY RELEASE] V0 s=0.771 threshold=0.758[0m
[0m[INFO] [1788847491.864202471]: [sim_plan] built plan=1342 start=2306.80 horizon=15.00 frames=150 commit_frames=20[0m
[0m[INFO] [1788847491.868278643]: [sim_plan] built plan=1343 start=2308.80 horizon=15.00 frames=150 commit_frames=20[0m
[0m[INFO] [1788847491.868906404]: [multi_patrol][A1] V1 pickup leg: B49 -> A1  wpts=466 len=5.961[0m
[0m[INFO] [1788847491.892363210]: [sim_plan] built plan=1344 start=2309.30 horizon=15.00 frames=150 commit_frames=20[0m
[0m[INFO] [1788847491.935452004]: [sim_plan] built plan=1345 start=2311.30 horizon=15.00 frames=150 commit_frames=20[0m
[0m[INFO] [1788847491.970864625]: [sim_plan] built plan=1346 start=2313.30 horizon=15.00 frames=150 commit_frames=20[0m
[0m[INFO] [1788847492.008221203]: [sim_plan] built plan=1347 start=2315.30 horizon=15.00 frames=150 commit_frames=20[0m
[0m[INFO] [1788847492.041470676]: [sim_plan] built plan=1348 start=2317.30 horizon=15.00 frames=150 commit_frames=20[0m
[0m[INFO] [1788847492.074308572]: [sim_plan] built plan=1349 start=2319.30 horizon=15.00 frames=150 commit_frames=20[0m
[0m[INFO] [1788847492.099074664]: [sim_plan] built plan=1350 start=2321.30 horizon=15.00 frames=150 commit_frames=20[0m
[0m[INFO] [1788847492.119773374]: [sim_plan] built plan=1351 start=2323.30 horizon=15.00 frames=150 commit_frames=20[0m
[0m[INFO] [1788847492.141960361]: [sim_plan] built plan=1352 start=2325.30 horizon=15.00 frames=150 commit_frames=20[0m
[0m[INFO] [1788847492.159847251]: [sim_plan] built plan=1353 start=2327.30 horizon=15.00 frames=150 commit_frames=20[0m
[0m[INFO] [1788847492.176707852]: [sim_plan] built plan=1354 start=2329.30 horizon=15.00 frames=150 commit_frames=20[0m
[0m[INFO] [1788847492.194476944]: [sim_plan] built plan=1355 start=2331.30 horizon=15.00 frames=150 commit_frames=20[0m
[0m[INFO] [1788847492.209830762]: [sim_plan] built plan=1356 start=2333.30 horizon=15.00 frames=150 commit_frames=20[0m
[0m[INFO] [1788847492.223302897]: [sim_plan] built plan=1357 start=2335.30 horizon=15.00 frames=150 commit_frames=20[0m
[0m[INFO] [1788847492.234983110]: [sim_plan] built plan=1358 start=2337.30 horizon=15.00 frames=150 commit_frames=20[0m
[0m[INFO] [1788847492.244843171]: [sim_plan] built plan=1359 start=2339.30 horizon=15.00 frames=150 commit_frames=20[0m
[0m[INFO] [1788847492.252348470]: [sim_plan] built plan=1360 start=2341.30 horizon=15.00 frames=150 commit_frames=20[0m
[0m[INFO] [1788847492.257831728]: [sim_plan] built plan=1361 start=2343.30 horizon=15.00 frames=150 commit_frames=20[0m
[0m[INFO] [1788847492.262202450]: [sim_plan] built plan=1362 start=2345.30 horizon=15.00 frames=150 commit_frames=20[0m
[0m[INFO] [1788847492.277835539]: [sim_plan] built plan=1363 start=2347.30 horizon=15.00 frames=150 commit_frames=20[0m
[0m[INFO] [1788847492.289728062]: [sim_plan] built plan=1364 start=2349.30 horizon=15.00 frames=150 commit_frames=20[0m
[0m[INFO] [1788847492.298836228]: [multi_patrol][A1] V0 pickup leg: B27 -> A1  wpts=469 len=5.444[0m
[0m[INFO] [1788847492.316279270]: [sim_plan] built plan=1365 start=2349.40 horizon=15.00 frames=150 commit_frames=20[0m
[0m[INFO] [1788847492.338555490]: [sim_plan] built plan=1366 start=2351.40 horizon=15.00 frames=150 commit_frames=20[0m
[0m[INFO] [1788847492.352344134]: [sim_plan] built plan=1367 start=2353.40 horizon=15.00 frames=150 commit_[33m[WARN] [1788847492.445624809]: [multi_patrol][A1 EXIT HORIZON] V1 target=B45 dwell_part=4.90s departure_window=10.10s total_horizon=15.00s[0m
[33m[WARN] [1788847492.500030097]: [multi_patrol][A1 EXIT HORIZON] V1 target=B45 dwell_part=2.90s departure_window=12.10s total_horizon=15.00s[0m
[33m[WARN] [1788847492.560649716]: [multi_patrol][A1 EXIT HORIZON] V1 target=B45 dwell_part=0.90s departure_window=14.10s total_horizon=15.00s[0m
[33m[WARN] [1788847492.728216484]: [SOURCE=REAL] [plan=1376] [frame=7] [rollout_step=-1] [multi_patrol][A1 EXIT INTRUSION ENTER] owner=V1 target=B45 blocker=V0 dwell_remaining=0.00s visible_exit_t=14.95s owner_exit_s=3.245 blocker_phase=1 blocker_s=3.067 action=DIAG_ONLY[0m
[33m[WARN] [1788847492.729509245]: [SOURCE=REAL] [plan=1376] [frame=14] [rollout_step=-1] [multi_patrol][A1 EXIT INTRUSION CLEAR] owner=V1 blocker=V0[0m
[33m[WARN] [1788847492.902472968]: [multi_patrol][A1 EXIT HORIZON] V0 target=B28 dwell_part=4.90s departure_window=10.10s total_horizon=15.00s[0m
[33m[WARN] [1788847492.916024282]: [multi_patrol][A1 EXIT HORIZON] V0 target=B28 dwell_part=2.90s departure_window=12.10s total_horizon=15.00s[0m
[33m[WARN] [1788847492.932654575]: [multi_patrol][A1 EXIT HORIZON] V0 target=B28 dwell_part=0.90s departure_window=14.10s total_horizon=15.00s[0m
frames=20[0m
[0m[INFO] [1788847492.366731614]: [sim_plan] built plan=1368 start=2355.40 horizon=15.00 frames=150 commit_frames=20[0m
[0m[INFO] [1788847492.382107526]: [sim_plan] built plan=1369 start=2357.40 horizon=15.00 frames=150 commit_frames=20[0m
[0m[INFO] [1788847492.412776440]: [sim_plan] built plan=1370 start=2359.40 horizon=15.00 frames=150 commit_frames=20[0m
[0m[INFO] [1788847492.445593340]: [sim_plan] built plan=1371 start=2360.60 horizon=15.00 frames=150 commit_frames=20[0m
[0m[INFO] [1788847492.499984759]: [sim_plan] built plan=1372 start=2362.60 horizon=15.00 frames=150 commit_frames=20[0m
[0m[INFO] [1788847492.560604625]: [sim_plan] built plan=1373 start=2364.60 horizon=15.00 frames=150 commit_frames=20[0m
[0m[INFO] [1788847492.561828667]: [multi_patrol][A1] V1 activate prepared dropoff: A1 -> B45 len=8.932 priority_until_s=0.758[0m
[0m[INFO] [1788847492.622460993]: [sim_plan] built plan=1374 start=2365.50 horizon=15.00 frames=150 commit_frames=20[0m
[0m[INFO] [1788847492.683661852]: [sim_plan] built plan=1375 start=2367.50 horizon=15.00 frames=150 commit_frames=20[0m
[0m[INFO] [1788847492.727348995]: [sim_plan] built plan=1376 start=2369.50 horizon=15.00 frames=150 commit_frames=20[0m
[0m[INFO] [1788847492.729429163]: [multi_patrol][A1 EXIT PRIORITY RELEASE] V1 s=0.771 threshold=0.758[0m
[0m[INFO] [1788847492.764683658]: [sim_plan] built plan=1377 start=2371.50 horizon=15.00 frames=150 commit_frames=20[0m
[0m[INFO] [1788847492.792634483]: [sim_plan] built plan=1378 start=2373.50 horizon=15.00 frames=150 commit_frames=20[0m
[0m[INFO] [1788847492.814780472]: [sim_plan] built plan=1379 start=2375.50 horizon=15.00 frames=150 commit_frames=20[0m
[0m[INFO] [1788847492.830241140]: [sim_plan] built plan=1380 start=2377.50 horizon=15.00 frames=150 commit_frames=20[0m
[0m[INFO] [1788847492.842436326]: [sim_plan] built plan=1381 start=2379.50 horizon=15.00 frames=150 commit_frames=20[0m
[0m[INFO] [1788847492.854296817]: [sim_plan] built plan=1382 start=2381.50 horizon=15.00 frames=150 commit_frames=20[0m
[0m[INFO] [1788847492.865571061]: [sim_plan] built plan=1383 start=2383.50 horizon=15.00 frames=150 commit_frames=20[0m
[0m[INFO] [1788847492.874997175]: [sim_plan] built plan=1384 start=2385.50 horizon=15.00 frames=150 commit_frames=20[0m
[0m[INFO] [1788847492.884580597]: [sim_plan] built plan=1385 start=2387.50 horizon=15.00 frames=150 commit_frames=20[0m
[0m[INFO] [1788847492.892884187]: [sim_plan] built plan=1386 start=2389.50 horizon=15.00 frames=150 commit_frames=20[0m
[0m[INFO] [1788847492.902404413]: [sim_plan] built plan=1387 start=2390.30 horizon=15.00 frames=150 commit_frames=20[0m
[0m[INFO] [1788847492.915971690]: [sim_plan] built plan=1388 start=2392.30 horizon=15.00 frames=150 commit_frames=20[0m
[0m[INFO] [1788847492.932591855]: [sim_plan] built plan=1389 start=2394.30 horizon=15.00 frames=150 commit_frames=20[0m
[0m[INFO] [1788847492.935018922]: [multi_patrol][A1] V0 activate prepared dropoff: A1 -> B28 len=3.444 priority_until_s=0.758[0m
[0m[INFO] [1788847492.952923706]: [sim_plan] built plan=1390 start=2395.20 horizon=15.00 frames=150 commit_frames=20[0m
[0m[INFO] [1788847492.979665698]: [sim_plan] built plan=1391 start=2397.20 horizon=15.00 frames=150 commit_frames=20[0m
[0m[INFO] [1788847493.005090143]: [sim_plan] built plan=1392 start=2399.20 horizon=15.00 frames=150 commit_frames=20[0m
[0m[INFO] [1788847493.006433222]: [multi_patrol][A1 EXIT PRIORITY RELEASE] V0 s=0.771 threshold=0.758[0m
[0m[INFO] [1788847493.024571351]: [sim_plan] built plan=1393 start=2401.20 horizon=15.00 frames=150 commit_frames=20[0m
[0m[INFO] [1788847493.040248611]: [sim_plan] built plan=1394 start=2403.20 horizon=15.00 frames=150 commit_frames=20[0m
[0m[INFO] [1788847493.053634000]: [sim_plan] built plan=1395 start=2405.20 horizon=15.00 frames=150 commit_frames=20[0m
[0m[INFO] [1788847493.064802612]: [sim_plan] built plan=1396 start=2407.20 horizon=15.00 frames=150 commit_frames=20[0m
[0m[INFO] [1788847493.073107162]: [sim_plan] built plan=1397 start=[33m[WARN] [1788847493.087991414]: [SLOT_DEPARTURE] time=40min21.4s vehicle=V1 owner=none result=ALLOW reason=no_service_owner candidate_path_gen=59 slot_departure_clear_s=0.327 vehicle_mode=ACTIVE vehicle_speed=0.000 vehicle_path_s=0.000 blocker=none a1_prefix_conflict=0 ordinary_road_conflict=0[0m
[33m[WARN] [1788847493.088539054]: [multi_patrol][A1 EXIT PREPARED] V1 target=B31 pickup_dwell=5.00s exit_len=6.891 priority_until_s=0.758 horizon_refresh=IMMEDIATE[0m
[33m[WARN] [1788847493.093236401]: [SLOT_DEPARTURE] time=40min21.8s vehicle=V0 owner=none result=ALLOW reason=no_service_owner candidate_path_gen=61 slot_departure_clear_s=0.327 vehicle_mode=ACTIVE vehicle_speed=0.000 vehicle_path_s=0.000 blocker=none a1_prefix_conflict=0 ordinary_road_conflict=0[0m
[33m[WARN] [1788847493.093694045]: [multi_patrol][A1 EXIT PREPARED] V0 target=B21 pickup_dwell=5.00s exit_len=6.358 priority_until_s=0.758 horizon_refresh=IMMEDIATE[0m
[33m[WARN] [1788847493.461693025]: [multi_patrol][A1 EXIT HORIZON] V0 target=B21 dwell_part=4.90s departure_window=10.10s total_horizon=15.00s[0m
[33m[WARN] [1788847493.533482911]: [multi_patrol][A1 EXIT HORIZON] V0 target=B21 dwell_part=2.90s departure_window=12.10s total_horizon=15.00s[0m
[33m[WARN] [1788847493.611178687]: [multi_patrol][A1 EXIT HORIZON] V0 target=B21 dwell_part=0.90s departure_window=14.10s total_horizon=15.00s[0m
[33m[WARN] [1788847493.763164286]: [SOURCE=REAL] [plan=1421] [frame=5] [rollout_step=-1] [multi_patrol][A1 EXIT INTRUSION ENTER] owner=V0 target=B21 blocker=V1 dwell_remaining=0.00s visible_exit_t=14.90s owner_exit_s=2.866 blocker_phase=1 blocker_s=4.456 action=DIAG_ONLY[0m
[33m[WARN] [1788847493.822239248]: [SOURCE=REAL] [plan=1422] [frame=14] [rollout_step=-1] [multi_patrol][A1 EXIT INTRUSION CLEAR] owner=V0 blocker=V1[0m
2409.20 horizon=15.00 frames=150 commit_frames=20[0m
[0m[INFO] [1788847493.078780028]: [sim_plan] built plan=1398 start=2411.20 horizon=15.00 frames=150 commit_frames=20[0m
[0m[INFO] [1788847493.082425208]: [sim_plan] built plan=1399 start=2413.20 horizon=15.00 frames=150 commit_frames=20[0m
[0m[INFO] [1788847493.084380977]: [sim_plan] built plan=1400 start=2415.20 horizon=15.00 frames=150 commit_frames=20[0m
[0m[INFO] [1788847493.085403288]: [sim_plan] built plan=1401 start=2417.20 horizon=15.00 frames=150 commit_frames=20[0m
[0m[INFO] [1788847493.086588570]: [sim_plan] built plan=1402 start=2419.20 horizon=15.00 frames=150 commit_frames=20[0m
[0m[INFO] [1788847493.087523801]: [sim_plan] built plan=1403 start=2421.20 horizon=15.00 frames=150 commit_frames=20[0m
[0m[INFO] [1788847493.087943182]: [multi_patrol][A1] V1 pickup leg: B45 -> A1  wpts=572 len=6.460[0m
[0m[INFO] [1788847493.092546468]: [sim_plan] built plan=1404 start=2421.40 horizon=15.00 frames=150 commit_frames=20[0m
[0m[INFO] [1788847493.093193804]: [multi_patrol][A1] V0 pickup leg: B28 -> A1  wpts=298 len=3.913[0m
[0m[INFO] [1788847493.110214526]: [sim_plan] built plan=1405 start=2421.80 horizon=15.00 frames=150 commit_frames=20[0m
[0m[INFO] [1788847493.133594316]: [sim_plan] built plan=1406 start=2423.80 horizon=15.00 frames=150 commit_frames=20[0m
[0m[INFO] [1788847493.148818715]: [sim_plan] built plan=1407 start=2425.80 horizon=15.00 frames=150 commit_frames=20[0m
[0m[INFO] [1788847493.164830260]: [sim_plan] built plan=1408 start=2427.80 horizon=15.00 frames=150 commit_frames=20[0m
[0m[INFO] [1788847493.181199334]: [sim_plan] built plan=1409 start=2429.80 horizon=15.00 frames=150 commit_frames=20[0m
[0m[INFO] [1788847493.208254479]: [sim_plan] built plan=1410 start=2431.80 horizon=15.00 frames=150 commit_frames=20[0m
[0m[INFO] [1788847493.228102886]: [sim_plan] built plan=1411 start=2433.80 horizon=15.00 frames=150 commit_frames=20[0m
[0m[INFO] [1788847493.245208714]: [sim_plan] built plan=1412 start=2435.80 horizon=15.00 frames=150 commit_frames=20[0m
[0m[INFO] [1788847493.279502894]: [sim_plan] built plan=1413 start=2437.80 horizon=15.00 frames=150 commit_frames=20[0m
[0m[INFO] [1788847493.317836999]: [sim_plan] built plan=1414 start=2439.80 horizon=15.00 frames=150 commit_frames=20[0m
[0m[INFO] [1788847493.355722656]: [sim_plan] built plan=1415 start=2441.80 horizon=15.00 frames=150 commit_frames=20[0m
[0m[INFO] [1788847493.396958097]: [sim_plan] built plan=1416 start=2443.80 horizon=15.00 frames=150 commit_frames=20[0m
[0m[INFO] [1788847493.461635788]: [sim_plan] built plan=1417 start=2445.70 horizon=15.00 frames=150 commit_frames=20[0m
[0m[INFO] [1788847493.533428225]: [sim_plan] built plan=1418 start=2447.70 horizon=15.00 frames=150 commit_frames=20[0m
[0m[INFO] [1788847493.611123268]: [sim_plan] built plan=1419 start=2449.70 horizon=15.00 frames=150 commit_frames=20[0m
[0m[INFO] [1788847493.612971956]: [multi_patrol][A1] V0 activate prepared dropoff: A1 -> B21 len=6.358 priority_until_s=0.758[0m
[0m[INFO] [1788847493.686006256]: [sim_plan] built plan=1420 start=2450.60 horizon=15.00 frames=150 commit_frames=20[0m
[0m[INFO] [1788847493.762262809]: [sim_plan] built plan=1421 start=2452.60 horizon=15.00 frames=150 commit_frames=20[0m
[0m[INFO] [1788847493.820665075]: [sim_plan] built plan=1422 start=2454.60 horizon=15.00 frames=150 commit_frames=20[0m
[0m[INFO] [1788847493.822193728]: [multi_patrol][A1 EXIT PRIORITY RELEASE] V0 s=0.771 threshold=0.758[0m
[0m[INFO] [1788847493.869158986]: [sim_plan] built plan=1423 start=2456.60 horizon=15.00 frames=150 commit_frames=20[0m
[0m[INFO] [1788847493.905835325]: [sim_plan] built plan=1424 start=2458.60 horizon=15.00 frames=150 commit_frames=20[0m
[0m[INFO] [1788847493.933259327]: [sim_plan] built plan=1425 start=2460.60 horizon=15.00 frames=150 commit_frames=20[0m
[0m[INFO] [1788847493.953584255]: [sim_plan] built plan=1426 start=2462.60 horizon=15.00 frames=150 commit_frames=20[0m
[0m[INFO] [1788847493.970958474]: [sim_plan] built plan=142[33m[WARN] [1788847494.053077591]: [multi_patrol][A1 EXIT HORIZON] V1 target=B31 dwell_part=4.90s departure_window=10.10s total_horizon=15.00s[0m
[33m[WARN] [1788847494.066376666]: [multi_patrol][A1 EXIT HORIZON] V1 target=B31 dwell_part=2.90s departure_window=12.10s total_horizon=15.00s[0m
[33m[WARN] [1788847494.082299101]: [multi_patrol][A1 EXIT HORIZON] V1 target=B31 dwell_part=0.90s departure_window=14.10s total_horizon=15.00s[0m
[33m[WARN] [1788847494.158080913]: [SLOT_DEPARTURE] time=41min33.2s vehicle=V0 owner=none result=ALLOW reason=no_service_owner candidate_path_gen=63 slot_departure_clear_s=0.327 vehicle_mode=ACTIVE vehicle_speed=0.000 vehicle_path_s=0.000 blocker=none a1_prefix_conflict=0 ordinary_road_conflict=0[0m
[33m[WARN] [1788847494.158786225]: [multi_patrol][A1 EXIT PREPARED] V0 target=B47 pickup_dwell=5.00s exit_len=8.694 priority_until_s=0.758 horizon_refresh=IMMEDIATE[0m
7 start=2464.60 horizon=15.00 frames=150 commit_frames=20[0m
[0m[INFO] [1788847493.988537792]: [sim_plan] built plan=1428 start=2466.60 horizon=15.00 frames=150 commit_frames=20[0m
[0m[INFO] [1788847494.002409630]: [sim_plan] built plan=1429 start=2468.60 horizon=15.00 frames=150 commit_frames=20[0m
[0m[INFO] [1788847494.015511732]: [sim_plan] built plan=1430 start=2470.60 horizon=15.00 frames=150 commit_frames=20[0m
[0m[INFO] [1788847494.028931400]: [sim_plan] built plan=1431 start=2472.60 horizon=15.00 frames=150 commit_frames=20[0m
[0m[INFO] [1788847494.041055486]: [sim_plan] built plan=1432 start=2474.60 horizon=15.00 frames=150 commit_frames=20[0m
[0m[INFO] [1788847494.053005725]: [sim_plan] built plan=1433 start=2475.00 horizon=15.00 frames=150 commit_frames=20[0m
[0m[INFO] [1788847494.066322564]: [sim_plan] built plan=1434 start=2477.00 horizon=15.00 frames=150 commit_frames=20[0m
[0m[INFO] [1788847494.082225000]: [sim_plan] built plan=1435 start=2479.00 horizon=15.00 frames=150 commit_frames=20[0m
[0m[INFO] [1788847494.084024052]: [multi_patrol][A1] V1 activate prepared dropoff: A1 -> B31 len=6.891 priority_until_s=0.758[0m
[0m[INFO] [1788847494.097924661]: [sim_plan] built plan=1436 start=2479.90 horizon=15.00 frames=150 commit_frames=20[0m
[0m[INFO] [1788847494.122595646]: [sim_plan] built plan=1437 start=2481.90 horizon=15.00 frames=150 commit_frames=20[0m
[0m[INFO] [1788847494.134661417]: [sim_plan] built plan=1438 start=2483.90 horizon=15.00 frames=150 commit_frames=20[0m
[0m[INFO] [1788847494.136358593]: [multi_patrol][A1 EXIT PRIORITY RELEASE] V1 s=0.771 threshold=0.758[0m
[0m[INFO] [1788847494.143263160]: [sim_plan] built plan=1439 start=2485.90 horizon=15.00 frames=150 commit_frames=20[0m
[0m[INFO] [1788847494.149156114]: [sim_plan] built plan=1440 start=2487.90 horizon=15.00 frames=150 commit_frames=20[0m
[0m[INFO] [1788847494.153379741]: [sim_plan] built plan=1441 start=2489.90 horizon=15.00 frames=150 commit_frames=20[0m
[0m[INFO] [1788847494.157324006]: [sim_plan] built plan=1442 start=2491.90 horizon=15.00 frames=150 commit_frames=20[0m
[0m[INFO] [1788847494.158033266]: [multi_patrol][A1] V0 pickup leg: B21 -> A1  wpts=535 len=6.102[0m
[0m[INFO] [1788847494.190311453]: [sim_plan] built plan=1443 start=2493.20 horizon=15.00 frames=150 commit_frames=20[0m
[0m[INFO] [1788847494.227183240]: [sim_plan] built plan=1444 start=2495.20 horizon=15.00 frames=150 commit_frames=20[0m
[0m[INFO] [1788847494.250077028]: [sim_plan] built plan=1445 start=2497.20 horizon=15.00 frames=150 commit_frames=20[0m
[0m[INFO] [1788847494.270674408]: [sim_plan] built plan=1446 start=2499.20 horizon=15.00 frames=150 commit_frames=20[0m
[0m[INFO] [1788847494.291745172]: [sim_plan] built plan=1447 start=2501.20 horizon=15.00 frames=150 commit_frames=20[0m
[0m[INFO] [1788847494.318679972]: [sim_plan] built plan=1448 start=2503.20 horizon=15.00 frames=150 commit_frames=20[0m
[0m[INFO] [1788847494.340050597]: [sim_plan] built plan=1449 start=2505.20 horizon=15.00 frames=150 commit_frames=20[0m
[0m[INFO] [1788847494.358188374]: [sim_plan] built plan=1450 start=2507.20 horizon=15.00 frames=150 commit_frames=20[0m
[0m[INFO] [1788847494.378197070]: [sim_plan] built plan=1451 start=2509.20 horizon=15.00 frames=150 commit_frames=20[0m
[0m[INFO] [1788847494.394297945]: [sim_plan] built plan=1452 start=2511.20 horizon=15.00 frames=150 commit_frames=20[0m
[0m[INFO] [1788847494.408457944]: [sim_plan] built plan=1453 start=2513.20 horizon=15.00 frames=150 commit_frames=20[0m
[0m[INFO] [1788847494.421149498]: [sim_plan] built plan=1454 start=2515.20 horizon=15.00 frames=150 commit_frames=20[0m
[0m[INFO] [1788847494.442193693]: [sim_plan] built plan=1455 start=2517.20 horizon=15.00 frames=150 commit_frames=20[0m
[0m[INFO] [1788847494.450779674]: [sim_plan] built plan=1456 start=2519.20 horizon=15.00 frames=150 commit_frames=20[0m
[0m[INFO] [1788847494.457546682]: [sim_plan] built plan=1457 start=2521.20 horizon=15.00 frames=150 commit_frames=20[0m
[0m[INFO] [1788847494.463402431][33m[WARN] [1788847494.481525761]: [SLOT_DEPARTURE] time=42min7.8s vehicle=V1 owner=V0 result=ALLOW reason=slot_departure_clear candidate_path_gen=61 slot_departure_clear_s=0.327 vehicle_mode=ACTIVE vehicle_speed=0.000 vehicle_path_s=0.000 blocker=none a1_prefix_conflict=0 ordinary_road_conflict=0 owner_phase=TO_A1 owner_path_gen=63 geometry=pending_preview protected_zones=0 actual_occupancy_priority=0[0m
[33m[WARN] [1788847494.482086110]: [multi_patrol][A1 EXIT PREPARED] V1 target=B50 pickup_dwell=5.00s exit_len=6.993 priority_until_s=0.758 horizon_refresh=IMMEDIATE[0m
[33m[WARN] [1788847494.527616377]: [multi_patrol][A1 EXIT HORIZON] V0 target=B47 dwell_part=4.90s departure_window=10.10s total_horizon=15.00s[0m
[33m[WARN] [1788847494.544542672]: [multi_patrol][A1 EXIT HORIZON] V0 target=B47 dwell_part=2.90s departure_window=12.10s total_horizon=15.00s[0m
[33m[WARN] [1788847494.564098638]: [multi_patrol][A1 EXIT HORIZON] V0 target=B47 dwell_part=0.90s departure_window=14.10s total_horizon=15.00s[0m
[33m[WARN] [1788847494.896587377]: [multi_patrol][A1 EXIT HORIZON] V1 target=B50 dwell_part=4.90s departure_window=10.10s total_horizon=15.00s[0m
[33m[WARN] [1788847494.911812859]: [multi_patrol][A1 EXIT HORIZON] V1 target=B50 dwell_part=2.90s departure_window=12.10s total_horizon=15.00s[0m
[33m[WARN] [1788847494.930872435]: [multi_patrol][A1 EXIT HORIZON] V1 target=B50 dwell_part=0.90s departure_window=14.10s total_horizon=15.00s[0m
: [sim_plan] built plan=1458 start=2523.20 horizon=15.00 frames=150 commit_frames=20[0m
[0m[INFO] [1788847494.468882818]: [sim_plan] built plan=1459 start=2525.20 horizon=15.00 frames=150 commit_frames=20[0m
[0m[INFO] [1788847494.472727623]: [sim_plan] built plan=1460 start=2527.20 horizon=15.00 frames=150 commit_frames=20[0m
[0m[INFO] [1788847494.481457312]: [multi_patrol][A1] V1 pickup leg: B31 -> A1  wpts=447 len=5.225[0m
[0m[INFO] [1788847494.493764412]: [sim_plan] built plan=1461 start=2527.80 horizon=15.00 frames=150 commit_frames=20[0m
[0m[INFO] [1788847494.516245376]: [sim_plan] built plan=1462 start=2529.80 horizon=15.00 frames=150 commit_frames=20[0m
[0m[INFO] [1788847494.527565589]: [sim_plan] built plan=1463 start=2531.70 horizon=15.00 frames=150 commit_frames=20[0m
[0m[INFO] [1788847494.544432407]: [sim_plan] built plan=1464 start=2533.70 horizon=15.00 frames=150 commit_frames=20[0m
[0m[INFO] [1788847494.564046500]: [sim_plan] built plan=1465 start=2535.70 horizon=15.00 frames=150 commit_frames=20[0m
[0m[INFO] [1788847494.565352818]: [multi_patrol][A1] V0 activate prepared dropoff: A1 -> B47 len=8.694 priority_until_s=0.758[0m
[0m[INFO] [1788847494.596815825]: [sim_plan] built plan=1466 start=2536.60 horizon=15.00 frames=150 commit_frames=20[0m
[0m[INFO] [1788847494.650573644]: [sim_plan] built plan=1467 start=2538.60 horizon=15.00 frames=150 commit_frames=20[0m
[0m[INFO] [1788847494.693699967]: [sim_plan] built plan=1468 start=2540.60 horizon=15.00 frames=150 commit_frames=20[0m
[0m[INFO] [1788847494.695209782]: [multi_patrol][A1 EXIT PRIORITY RELEASE] V0 s=0.771 threshold=0.758[0m
[0m[INFO] [1788847494.733691387]: [sim_plan] built plan=1469 start=2542.60 horizon=15.00 frames=150 commit_frames=20[0m
[0m[INFO] [1788847494.766064950]: [sim_plan] built plan=1470 start=2544.60 horizon=15.00 frames=150 commit_frames=20[0m
[0m[INFO] [1788847494.791646639]: [sim_plan] built plan=1471 start=2546.60 horizon=15.00 frames=150 commit_frames=20[0m
[0m[INFO] [1788847494.809728973]: [sim_plan] built plan=1472 start=2548.60 horizon=15.00 frames=150 commit_frames=20[0m
[0m[INFO] [1788847494.824513985]: [sim_plan] built plan=1473 start=2550.60 horizon=15.00 frames=150 commit_frames=20[0m
[0m[INFO] [1788847494.837510011]: [sim_plan] built plan=1474 start=2552.60 horizon=15.00 frames=150 commit_frames=20[0m
[0m[INFO] [1788847494.848804657]: [sim_plan] built plan=1475 start=2554.60 horizon=15.00 frames=150 commit_frames=20[0m
[0m[INFO] [1788847494.859215488]: [sim_plan] built plan=1476 start=2556.60 horizon=15.00 frames=150 commit_frames=20[0m
[0m[INFO] [1788847494.869463682]: [sim_plan] built plan=1477 start=2558.60 horizon=15.00 frames=150 commit_frames=20[0m
[0m[INFO] [1788847494.879366429]: [sim_plan] built plan=1478 start=2560.60 horizon=15.00 frames=150 commit_frames=20[0m
[0m[INFO] [1788847494.887434177]: [sim_plan] built plan=1479 start=2562.60 horizon=15.00 frames=150 commit_frames=20[0m
[0m[INFO] [1788847494.896521702]: [sim_plan] built plan=1480 start=2563.30 horizon=15.00 frames=150 commit_frames=20[0m
[0m[INFO] [1788847494.911761097]: [sim_plan] built plan=1481 start=2565.30 horizon=15.00 frames=150 commit_frames=20[0m
[0m[INFO] [1788847494.930827240]: [sim_plan] built plan=1482 start=2567.30 horizon=15.00 frames=150 commit_frames=20[0m
[0m[INFO] [1788847494.932149924]: [multi_patrol][A1] V1 activate prepared dropoff: A1 -> B50 len=6.993 priority_until_s=0.758[0m
[0m[INFO] [1788847494.947944757]: [sim_plan] built plan=1483 start=2568.20 horizon=15.00 frames=150 commit_frames=20[0m
[0m[INFO] [1788847494.975848708]: [sim_plan] built plan=1484 start=2570.20 horizon=15.00 frames=150 commit_frames=20[0m
[0m[INFO] [1788847494.994494071]: [sim_plan] built plan=1485 start=2572.20 horizon=15.00 frames=150 commit_frames=20[0m
[0m[INFO] [1788847494.995657274]: [multi_patrol][A1 EXIT PRIORITY RELEASE] V1 s=0.771 threshold=0.758[0m
[0m[INFO] [1788847495.010282788]: [sim_plan] built plan=1486 start=2574.20 horizon=15.00 frames=150 commit_frames=20[0m
[0m[INFO] [[33m[WARN] [1788847495.075748480]: [SLOT_DEPARTURE] time=43min11.3s vehicle=V0 owner=none result=ALLOW reason=no_service_owner candidate_path_gen=65 slot_departure_clear_s=0.327 vehicle_mode=ACTIVE vehicle_speed=0.000 vehicle_path_s=0.000 blocker=none a1_prefix_conflict=0 ordinary_road_conflict=0[0m
[33m[WARN] [1788847495.076287669]: [multi_patrol][A1 EXIT PREPARED] V0 target=B41 pickup_dwell=5.00s exit_len=7.360 priority_until_s=0.758 horizon_refresh=IMMEDIATE[0m
[33m[WARN] [1788847495.239529579]: [SLOT_DEPARTURE] time=43min34.2s vehicle=V1 owner=none result=ALLOW reason=no_service_owner candidate_path_gen=63 slot_departure_clear_s=0.327 vehicle_mode=ACTIVE vehicle_speed=0.000 vehicle_path_s=0.000 blocker=none a1_prefix_conflict=0 ordinary_road_conflict=0[0m
[33m[WARN] [1788847495.239967081]: [multi_patrol][A1 EXIT PREPARED] V1 target=B19 pickup_dwell=5.00s exit_len=4.755 priority_until_s=0.758 horizon_refresh=IMMEDIATE[0m
[33m[WARN] [1788847495.477644077]: [multi_patrol][A1 EXIT HORIZON] V0 target=B41 dwell_part=4.90s departure_window=10.10s total_horizon=15.00s[0m
[33m[WARN] [1788847495.514152569]: [multi_patrol][A1 EXIT HORIZON] V0 target=B41 dwell_part=2.90s departure_window=12.10s total_horizon=15.00s[0m
[33m[WARN] [1788847495.553417406]: [multi_patrol][A1 EXIT HORIZON] V0 target=B41 dwell_part=0.90s departure_window=14.10s total_horizon=15.00s[0m
1788847495.024989002]: [sim_plan] built plan=1487 start=2576.20 horizon=15.00 frames=150 commit_frames=20[0m
[0m[INFO] [1788847495.037409314]: [sim_plan] built plan=1488 start=2578.20 horizon=15.00 frames=150 commit_frames=20[0m
[0m[INFO] [1788847495.047891451]: [sim_plan] built plan=1489 start=2580.20 horizon=15.00 frames=150 commit_frames=20[0m
[0m[INFO] [1788847495.056423383]: [sim_plan] built plan=1490 start=2582.20 horizon=15.00 frames=150 commit_frames=20[0m
[0m[INFO] [1788847495.062234150]: [sim_plan] built plan=1491 start=2584.20 horizon=15.00 frames=150 commit_frames=20[0m
[0m[INFO] [1788847495.066138705]: [sim_plan] built plan=1492 start=2586.20 horizon=15.00 frames=150 commit_frames=20[0m
[0m[INFO] [1788847495.071306190]: [sim_plan] built plan=1493 start=2588.20 horizon=15.00 frames=150 commit_frames=20[0m
[0m[INFO] [1788847495.075042565]: [sim_plan] built plan=1494 start=2590.20 horizon=15.00 frames=150 commit_frames=20[0m
[0m[INFO] [1788847495.075702192]: [multi_patrol][A1] V0 pickup leg: B47 -> A1  wpts=548 len=6.222[0m
[0m[INFO] [1788847495.097492319]: [sim_plan] built plan=1495 start=2591.30 horizon=15.00 frames=150 commit_frames=20[0m
[0m[INFO] [1788847495.128791328]: [sim_plan] built plan=1496 start=2593.30 horizon=15.00 frames=150 commit_frames=20[0m
[0m[INFO] [1788847495.146155159]: [sim_plan] built plan=1497 start=2595.30 horizon=15.00 frames=150 commit_frames=20[0m
[0m[INFO] [1788847495.166692090]: [sim_plan] built plan=1498 start=2597.30 horizon=15.00 frames=150 commit_frames=20[0m
[0m[INFO] [1788847495.181434582]: [sim_plan] built plan=1499 start=2599.30 horizon=15.00 frames=150 commit_frames=20[0m
[0m[INFO] [1788847495.197914730]: [sim_plan] built plan=1500 start=2601.30 horizon=15.00 frames=150 commit_frames=20[0m
[0m[INFO] [1788847495.208607229]: [sim_plan] built plan=1501 start=2603.30 horizon=15.00 frames=150 commit_frames=20[0m
[0m[INFO] [1788847495.216989258]: [sim_plan] built plan=1502 start=2605.30 horizon=15.00 frames=150 commit_frames=20[0m
[0m[INFO] [1788847495.224140380]: [sim_plan] built plan=1503 start=2607.30 horizon=15.00 frames=150 commit_frames=20[0m
[0m[INFO] [1788847495.229252663]: [sim_plan] built plan=1504 start=2609.30 horizon=15.00 frames=150 commit_frames=20[0m
[0m[INFO] [1788847495.234257606]: [sim_plan] built plan=1505 start=2611.30 horizon=15.00 frames=150 commit_frames=20[0m
[0m[INFO] [1788847495.238894206]: [sim_plan] built plan=1506 start=2613.30 horizon=15.00 frames=150 commit_frames=20[0m
[0m[INFO] [1788847495.239487534]: [multi_patrol][A1] V1 pickup leg: B50 -> A1  wpts=404 len=5.066[0m
[0m[INFO] [1788847495.265529143]: [sim_plan] built plan=1507 start=2614.20 horizon=15.00 frames=150 commit_frames=20[0m
[0m[INFO] [1788847495.288338852]: [sim_plan] built plan=1508 start=2616.20 horizon=15.00 frames=150 commit_frames=20[0m
[0m[INFO] [1788847495.304972366]: [sim_plan] built plan=1509 start=2618.20 horizon=15.00 frames=150 commit_frames=20[0m
[0m[INFO] [1788847495.323609236]: [sim_plan] built plan=1510 start=2620.20 horizon=15.00 frames=150 commit_frames=20[0m
[0m[INFO] [1788847495.336199683]: [sim_plan] built plan=1511 start=2622.20 horizon=15.00 frames=150 commit_frames=20[0m
[0m[INFO] [1788847495.362645072]: [sim_plan] built plan=1512 start=2624.20 horizon=15.00 frames=150 commit_frames=20[0m
[0m[INFO] [1788847495.400470167]: [sim_plan] built plan=1513 start=2626.20 horizon=15.00 frames=150 commit_frames=20[0m
[0m[INFO] [1788847495.439196524]: [sim_plan] built plan=1514 start=2628.20 horizon=15.00 frames=150 commit_frames=20[0m
[0m[INFO] [1788847495.477597348]: [sim_plan] built plan=1515 start=2628.70 horizon=15.00 frames=150 commit_frames=20[0m
[0m[INFO] [1788847495.514101138]: [sim_plan] built plan=1516 start=2630.70 horizon=15.00 frames=150 commit_frames=20[0m
[0m[INFO] [1788847495.553364891]: [sim_plan] built plan=1517 start=2632.70 horizon=15.00 frames=150 commit_frames=20[0m
[0m[INFO] [1788847495.554985204]: [multi_patrol][A1] V0 activate prepared dropoff: A1 -> B41 len=7.360 priority_until_s[33m[WARN] [1788847495.764617864]: [multi_patrol][A1 EXIT HORIZON] V1 target=B19 dwell_part=4.90s departure_window=10.10s total_horizon=15.00s[0m
[33m[WARN] [1788847495.776536301]: [multi_patrol][A1 EXIT HORIZON] V1 target=B19 dwell_part=2.90s departure_window=12.10s total_horizon=15.00s[0m
[33m[WARN] [1788847495.792970907]: [multi_patrol][A1 EXIT HORIZON] V1 target=B19 dwell_part=0.90s departure_window=14.10s total_horizon=15.00s[0m
[33m[WARN] [1788847495.931610107]: [SLOT_DEPARTURE] time=44min41.5s vehicle=V0 owner=none result=ALLOW reason=no_service_owner candidate_path_gen=67 slot_departure_clear_s=0.327 vehicle_mode=ACTIVE vehicle_speed=0.000 vehicle_path_s=0.000 blocker=none a1_prefix_conflict=0 ordinary_road_conflict=0[0m
[33m[WARN] [1788847495.931999039]: [multi_patrol][A1 EXIT PREPARED] V0 target=B46 pickup_dwell=5.00s exit_len=7.160 priority_until_s=0.758 horizon_refresh=IMMEDIATE[0m
=0.758[0m
[0m[INFO] [1788847495.592826040]: [sim_plan] built plan=1518 start=2633.60 horizon=15.00 frames=150 commit_frames=20[0m
[0m[INFO] [1788847495.633690307]: [sim_plan] built plan=1519 start=2635.60 horizon=15.00 frames=150 commit_frames=20[0m
[0m[INFO] [1788847495.662438846]: [sim_plan] built plan=1520 start=2637.60 horizon=15.00 frames=150 commit_frames=20[0m
[0m[INFO] [1788847495.664029417]: [multi_patrol][A1 EXIT PRIORITY RELEASE] V0 s=0.771 threshold=0.758[0m
[0m[INFO] [1788847495.686213546]: [sim_plan] built plan=1521 start=2639.60 horizon=15.00 frames=150 commit_frames=20[0m
[0m[INFO] [1788847495.701415986]: [sim_plan] built plan=1522 start=2641.60 horizon=15.00 frames=150 commit_frames=20[0m
[0m[INFO] [1788847495.714222572]: [sim_plan] built plan=1523 start=2643.60 horizon=15.00 frames=150 commit_frames=20[0m
[0m[INFO] [1788847495.725706537]: [sim_plan] built plan=1524 start=2645.60 horizon=15.00 frames=150 commit_frames=20[0m
[0m[INFO] [1788847495.736076091]: [sim_plan] built plan=1525 start=2647.60 horizon=15.00 frames=150 commit_frames=20[0m
[0m[INFO] [1788847495.745596000]: [sim_plan] built plan=1526 start=2649.60 horizon=15.00 frames=150 commit_frames=20[0m
[0m[INFO] [1788847495.755960422]: [sim_plan] built plan=1527 start=2651.60 horizon=15.00 frames=150 commit_frames=20[0m
[0m[INFO] [1788847495.764576682]: [sim_plan] built plan=1528 start=2652.30 horizon=15.00 frames=150 commit_frames=20[0m
[0m[INFO] [1788847495.776473234]: [sim_plan] built plan=1529 start=2654.30 horizon=15.00 frames=150 commit_frames=20[0m
[0m[INFO] [1788847495.792913956]: [sim_plan] built plan=1530 start=2656.30 horizon=15.00 frames=150 commit_frames=20[0m
[0m[INFO] [1788847495.794353720]: [multi_patrol][A1] V1 activate prepared dropoff: A1 -> B19 len=4.755 priority_until_s=0.758[0m
[0m[INFO] [1788847495.810465706]: [sim_plan] built plan=1531 start=2657.20 horizon=15.00 frames=150 commit_frames=20[0m
[0m[INFO] [1788847495.836764643]: [sim_plan] built plan=1532 start=2659.20 horizon=15.00 frames=150 commit_frames=20[0m
[0m[INFO] [1788847495.855641879]: [sim_plan] built plan=1533 start=2661.20 horizon=15.00 frames=150 commit_frames=20[0m
[0m[INFO] [1788847495.856827876]: [multi_patrol][A1 EXIT PRIORITY RELEASE] V1 s=0.771 threshold=0.758[0m
[0m[INFO] [1788847495.873407957]: [sim_plan] built plan=1534 start=2663.20 horizon=15.00 frames=150 commit_frames=20[0m
[0m[INFO] [1788847495.887694863]: [sim_plan] built plan=1535 start=2665.20 horizon=15.00 frames=150 commit_frames=20[0m
[0m[INFO] [1788847495.900808841]: [sim_plan] built plan=1536 start=2667.20 horizon=15.00 frames=150 commit_frames=20[0m
[0m[INFO] [1788847495.910726799]: [sim_plan] built plan=1537 start=2669.20 horizon=15.00 frames=150 commit_frames=20[0m
[0m[INFO] [1788847495.918124615]: [sim_plan] built plan=1538 start=2671.20 horizon=15.00 frames=150 commit_frames=20[0m
[0m[INFO] [1788847495.923556519]: [sim_plan] built plan=1539 start=2673.20 horizon=15.00 frames=150 commit_frames=20[0m
[0m[INFO] [1788847495.926822617]: [sim_plan] built plan=1540 start=2675.20 horizon=15.00 frames=150 commit_frames=20[0m
[0m[INFO] [1788847495.928554379]: [sim_plan] built plan=1541 start=2677.20 horizon=15.00 frames=150 commit_frames=20[0m
[0m[INFO] [1788847495.930059446]: [sim_plan] built plan=1542 start=2679.20 horizon=15.00 frames=150 commit_frames=20[0m
[0m[INFO] [1788847495.931155232]: [sim_plan] built plan=1543 start=2681.20 horizon=15.00 frames=150 commit_frames=20[0m
[0m[INFO] [1788847495.931574620]: [multi_patrol][A1] V0 pickup leg: B41 -> A1  wpts=620 len=6.936[0m
[0m[INFO] [1788847495.939069336]: [sim_plan] built plan=1544 start=2681.50 horizon=15.00 frames=150 commit_frames=20[0m
[0m[INFO] [1788847495.949677378]: [sim_plan] built plan=1545 start=2683.50 horizon=15.00 frames=150 commit_frames=20[0m
[0m[INFO] [1788847495.955362966]: [sim_plan] built plan=1546 start=2685.50 horizon=15.00 frames=150 commit_frames=20[0m
[0m[INFO] [1788847495.958658646]: [sim_plan] built plan=1547 start=2687.50 horizon=15.00 frames=15[33m[WARN] [1788847495.962343098]: [SLOT_DEPARTURE] time=44min49.9s vehicle=V1 owner=none result=ALLOW reason=no_service_owner candidate_path_gen=65 slot_departure_clear_s=0.327 vehicle_mode=ACTIVE vehicle_speed=0.000 vehicle_path_s=0.000 blocker=none a1_prefix_conflict=0 ordinary_road_conflict=0[0m
[33m[WARN] [1788847495.962687612]: [multi_patrol][A1 EXIT PREPARED] V1 target=B31 pickup_dwell=5.00s exit_len=6.891 priority_until_s=0.758 horizon_refresh=IMMEDIATE[0m
[33m[WARN] [1788847496.325654910]: [multi_patrol][A1 EXIT HORIZON] V1 target=B31 dwell_part=4.90s departure_window=10.10s total_horizon=15.00s[0m
[33m[WARN] [1788847496.365822635]: [multi_patrol][A1 EXIT HORIZON] V1 target=B31 dwell_part=2.90s departure_window=12.10s total_horizon=15.00s[0m
[33m[WARN] [1788847496.401845126]: [multi_patrol][A1 EXIT HORIZON] V1 target=B31 dwell_part=0.90s departure_window=14.10s total_horizon=15.00s[0m
[33m[WARN] [1788847496.603139295]: [multi_patrol][A1 EXIT HORIZON] V0 target=B46 dwell_part=4.90s departure_window=10.10s total_horizon=15.00s[0m
[33m[WARN] [1788847496.618196983]: [multi_patrol][A1 EXIT HORIZON] V0 target=B46 dwell_part=2.90s departure_window=12.10s total_horizon=15.00s[0m
[33m[WARN] [1788847496.642129364]: [multi_patrol][A1 EXIT HORIZON] V0 target=B46 dwell_part=0.90s departure_window=14.10s total_horizon=15.00s[0m
0 commit_frames=20[0m
[0m[INFO] [1788847495.961855634]: [sim_plan] built plan=1548 start=2689.50 horizon=15.00 frames=150 commit_frames=20[0m
[0m[INFO] [1788847495.962310017]: [multi_patrol][A1] V1 pickup leg: B19 -> A1  wpts=249 len=3.198[0m
[0m[INFO] [1788847495.978289045]: [sim_plan] built plan=1549 start=2689.90 horizon=15.00 frames=150 commit_frames=20[0m
[0m[INFO] [1788847495.995798099]: [sim_plan] built plan=1550 start=2691.90 horizon=15.00 frames=150 commit_frames=20[0m
[0m[INFO] [1788847496.010415232]: [sim_plan] built plan=1551 start=2693.90 horizon=15.00 frames=150 commit_frames=20[0m
[0m[INFO] [1788847496.033932414]: [sim_plan] built plan=1552 start=2695.90 horizon=15.00 frames=150 commit_frames=20[0m
[0m[INFO] [1788847496.056267000]: [sim_plan] built plan=1553 start=2697.90 horizon=15.00 frames=150 commit_frames=20[0m
[0m[INFO] [1788847496.071088851]: [sim_plan] built plan=1554 start=2699.90 horizon=15.00 frames=150 commit_frames=20[0m
[0m[INFO] [1788847496.105601291]: [sim_plan] built plan=1555 start=2701.90 horizon=15.00 frames=150 commit_frames=20[0m
[0m[INFO] [1788847496.147249137]: [sim_plan] built plan=1556 start=2703.90 horizon=15.00 frames=150 commit_frames=20[0m
[0m[INFO] [1788847496.190079096]: [sim_plan] built plan=1557 start=2705.90 horizon=15.00 frames=150 commit_frames=20[0m
[0m[INFO] [1788847496.238478519]: [sim_plan] built plan=1558 start=2707.90 horizon=15.00 frames=150 commit_frames=20[0m
[0m[INFO] [1788847496.284595502]: [sim_plan] built plan=1559 start=2709.90 horizon=15.00 frames=150 commit_frames=20[0m
[0m[INFO] [1788847496.325603984]: [sim_plan] built plan=1560 start=2710.70 horizon=15.00 frames=150 commit_frames=20[0m
[0m[INFO] [1788847496.365771489]: [sim_plan] built plan=1561 start=2712.70 horizon=15.00 frames=150 commit_frames=20[0m
[0m[INFO] [1788847496.401793107]: [sim_plan] built plan=1562 start=2714.70 horizon=15.00 frames=150 commit_frames=20[0m
[0m[INFO] [1788847496.403229506]: [multi_patrol][A1] V1 activate prepared dropoff: A1 -> B31 len=6.891 priority_until_s=0.758[0m
[0m[INFO] [1788847496.438305902]: [sim_plan] built plan=1563 start=2715.60 horizon=15.00 frames=150 commit_frames=20[0m
[0m[INFO] [1788847496.480643730]: [sim_plan] built plan=1564 start=2717.60 horizon=15.00 frames=150 commit_frames=20[0m
[0m[INFO] [1788847496.508978514]: [sim_plan] built plan=1565 start=2719.60 horizon=15.00 frames=150 commit_frames=20[0m
[0m[INFO] [1788847496.510461582]: [multi_patrol][A1 EXIT PRIORITY RELEASE] V1 s=0.771 threshold=0.758[0m
[0m[INFO] [1788847496.530062421]: [sim_plan] built plan=1566 start=2721.60 horizon=15.00 frames=150 commit_frames=20[0m
[0m[INFO] [1788847496.545411908]: [sim_plan] built plan=1567 start=2723.60 horizon=15.00 frames=150 commit_frames=20[0m
[0m[INFO] [1788847496.559297951]: [sim_plan] built plan=1568 start=2725.60 horizon=15.00 frames=150 commit_frames=20[0m
[0m[INFO] [1788847496.570842316]: [sim_plan] built plan=1569 start=2727.60 horizon=15.00 frames=150 commit_frames=20[0m
[0m[INFO] [1788847496.581115339]: [sim_plan] built plan=1570 start=2729.60 horizon=15.00 frames=150 commit_frames=20[0m
[0m[INFO] [1788847496.592243164]: [sim_plan] built plan=1571 start=2731.60 horizon=15.00 frames=150 commit_frames=20[0m
[0m[INFO] [1788847496.603078818]: [sim_plan] built plan=1572 start=2732.40 horizon=15.00 frames=150 commit_frames=20[0m
[0m[INFO] [1788847496.618138517]: [sim_plan] built plan=1573 start=2734.40 horizon=15.00 frames=150 commit_frames=20[0m
[0m[INFO] [1788847496.642085106]: [sim_plan] built plan=1574 start=2736.40 horizon=15.00 frames=150 commit_frames=20[0m
[0m[INFO] [1788847496.643490401]: [multi_patrol][A1] V0 activate prepared dropoff: A1 -> B46 len=7.160 priority_until_s=0.758[0m
[0m[INFO] [1788847496.663597516]: [sim_plan] built plan=1575 start=2737.30 horizon=15.00 frames=150 commit_frames=20[0m
[0m[INFO] [1788847496.697446643]: [sim_plan] built plan=1576 start=2739.30 horizon=15.00 frames=150 commit_frames=20[0m
[0m[INFO] [1788847496.720203588]: [sim_plan] built plan=1577 s[33m[WARN] [1788847496.817658167]: [SLOT_DEPARTURE] time=46min1.0s vehicle=V1 owner=none result=ALLOW reason=no_service_owner candidate_path_gen=67 slot_departure_clear_s=0.327 vehicle_mode=ACTIVE vehicle_speed=0.000 vehicle_path_s=0.000 blocker=none a1_prefix_conflict=0 ordinary_road_conflict=0[0m
[33m[WARN] [1788847496.818177241]: [multi_patrol][A1 EXIT PREPARED] V1 target=B47 pickup_dwell=5.00s exit_len=8.694 priority_until_s=0.758 horizon_refresh=IMMEDIATE[0m
[33m[WARN] [1788847497.048289154]: [SLOT_DEPARTURE] time=46min27.4s vehicle=V0 owner=V1 result=ALLOW reason=slot_departure_clear candidate_path_gen=69 slot_departure_clear_s=0.327 vehicle_mode=ACTIVE vehicle_speed=0.000 vehicle_path_s=0.000 blocker=none a1_prefix_conflict=0 ordinary_road_conflict=0 owner_phase=TO_A1 owner_path_gen=67 geometry=pending_preview protected_zones=0 actual_occupancy_priority=0[0m
[33m[WARN] [1788847497.048915817]: [multi_patrol][A1 EXIT PREPARED] V0 target=B59 pickup_dwell=5.00s exit_len=9.022 priority_until_s=0.758 horizon_refresh=IMMEDIATE[0m
tart=2741.30 horizon=15.00 frames=150 commit_frames=20[0m
[0m[INFO] [1788847496.722026155]: [multi_patrol][A1 EXIT PRIORITY RELEASE] V0 s=0.771 threshold=0.758[0m
[0m[INFO] [1788847496.739794023]: [sim_plan] built plan=1578 start=2743.30 horizon=15.00 frames=150 commit_frames=20[0m
[0m[INFO] [1788847496.756194633]: [sim_plan] built plan=1579 start=2745.30 horizon=15.00 frames=150 commit_frames=20[0m
[0m[INFO] [1788847496.770539945]: [sim_plan] built plan=1580 start=2747.30 horizon=15.00 frames=150 commit_frames=20[0m
[0m[INFO] [1788847496.782182520]: [sim_plan] built plan=1581 start=2749.30 horizon=15.00 frames=150 commit_frames=20[0m
[0m[INFO] [1788847496.794179336]: [sim_plan] built plan=1582 start=2751.30 horizon=15.00 frames=150 commit_frames=20[0m
[0m[INFO] [1788847496.802793409]: [sim_plan] built plan=1583 start=2753.30 horizon=15.00 frames=150 commit_frames=20[0m
[0m[INFO] [1788847496.809182167]: [sim_plan] built plan=1584 start=2755.30 horizon=15.00 frames=150 commit_frames=20[0m
[0m[INFO] [1788847496.813190409]: [sim_plan] built plan=1585 start=2757.30 horizon=15.00 frames=150 commit_frames=20[0m
[0m[INFO] [1788847496.816780652]: [sim_plan] built plan=1586 start=2759.30 horizon=15.00 frames=150 commit_frames=20[0m
[0m[INFO] [1788847496.817616894]: [multi_patrol][A1] V1 pickup leg: B31 -> A1  wpts=447 len=5.225[0m
[0m[INFO] [1788847496.846166231]: [sim_plan] built plan=1587 start=2761.00 horizon=15.00 frames=150 commit_frames=20[0m
[0m[INFO] [1788847496.871931638]: [sim_plan] built plan=1588 start=2763.00 horizon=15.00 frames=150 commit_frames=20[0m
[0m[INFO] [1788847496.891288292]: [sim_plan] built plan=1589 start=2765.00 horizon=15.00 frames=150 commit_frames=20[0m
[0m[INFO] [1788847496.918644786]: [sim_plan] built plan=1590 start=2767.00 horizon=15.00 frames=150 commit_frames=20[0m
[0m[INFO] [1788847496.939352567]: [sim_plan] built plan=1591 start=2769.00 horizon=15.00 frames=150 commit_frames=20[0m
[0m[INFO] [1788847496.957626381]: [sim_plan] built plan=1592 start=2771.00 horizon=15.00 frames=150 commit_frames=20[0m
[0m[INFO] [1788847496.973380738]: [sim_plan] built plan=1593 start=2773.00 horizon=15.00 frames=150 commit_frames=20[0m
[0m[INFO] [1788847496.986064157]: [sim_plan] built plan=1594 start=2775.00 horizon=15.00 frames=150 commit_frames=20[0m
[0m[INFO] [1788847496.995783840]: [sim_plan] built plan=1595 start=2777.00 horizon=15.00 frames=150 commit_frames=20[0m
[0m[INFO] [1788847497.003232939]: [sim_plan] built plan=1596 start=2779.00 horizon=15.00 frames=150 commit_frames=20[0m
[0m[INFO] [1788847497.009064738]: [sim_plan] built plan=1597 start=2781.00 horizon=15.00 frames=150 commit_frames=20[0m
[0m[INFO] [1788847497.013373493]: [sim_plan] built plan=1598 start=2783.00 horizon=15.00 frames=150 commit_frames=20[0m
[0m[INFO] [1788847497.028413448]: [sim_plan] built plan=1599 start=2785.00 horizon=15.00 frames=150 commit_frames=20[0m
[0m[INFO] [1788847497.039522684]: [sim_plan] built plan=1600 start=2787.00 horizon=15.00 frames=150 commit_frames=20[0m
[0m[INFO] [1788847497.048232580]: [multi_patrol][A1] V0 pickup leg: B46 -> A1  wpts=462 len=5.089[0m
[0m[INFO] [1788847497.066945067]: [sim_plan] built plan=1601 start=2787.40 horizon=15.00 frames=150 commit_frames=20[0m
[0m[INFO] [1788847497.092622177]: [sim_plan] built plan=1602 start=2789.40 horizon=15.00 frames=150 commit_frames=20[0m
[0m[INFO] [1788847497.108243633]: [sim_plan] built plan=1603 start=2791.40 horizon=15.00 frames=150 commit_frames=20[0m
[0m[INFO] [1788847497.123102928]: [sim_plan] built plan=1604 start=2793.40 horizon=15.00 frames=150 commit_frames=20[0m
[0m[INFO] [1788847497.149472281]: [sim_plan] built plan=1605 start=2795.40 horizon=15.00 frames=150 commit_frames=20[0m
[0m[INFO] [1788847497.182881371]: [sim_plan] built plan=1606 start=2797.40 horizon=15.00 frames=150 commit_frames=20[0m
[0m[INFO] [1788847497.228999307]: [sim_plan] built plan=1607 start=2799.40 horizon=15.00 frames=150 commit_frames=20[0m
[0m[INFO] [1788847497.276048172]: [sim_plan] built plan=1608 st[33m[WARN] [1788847497.276518760]: [multi_patrol][A1 EXIT HORIZON] V1 target=B47 dwell_part=4.90s departure_window=10.10s total_horizon=15.00s[0m
[33m[WARN] [1788847497.333749948]: [multi_patrol][A1 EXIT HORIZON] V1 target=B47 dwell_part=2.90s departure_window=12.10s total_horizon=15.00s[0m
[33m[WARN] [1788847497.393398982]: [multi_patrol][A1 EXIT HORIZON] V1 target=B47 dwell_part=0.90s departure_window=14.10s total_horizon=15.00s[0m
[33m[WARN] [1788847497.531596712]: [SOURCE=REAL] [plan=1612] [frame=19] [rollout_step=-1] [multi_patrol][A1 EXIT INTRUSION ENTER] owner=V1 target=B47 blocker=V0 dwell_remaining=0.00s visible_exit_t=15.00s owner_exit_s=3.095 blocker_phase=1 blocker_s=2.899 action=DIAG_ONLY[0m
[33m[WARN] [1788847497.584947546]: [SOURCE=REAL] [plan=1613] [frame=14] [rollout_step=-1] [multi_patrol][A1 EXIT INTRUSION CLEAR] owner=V1 blocker=V0[0m
[33m[WARN] [1788847497.748823443]: [multi_patrol][A1 EXIT HORIZON] V0 target=B59 dwell_part=4.90s departure_window=10.10s total_horizon=15.00s[0m
[33m[WARN] [1788847497.760936923]: [multi_patrol][A1 EXIT HORIZON] V0 target=B59 dwell_part=2.90s departure_window=12.10s total_horizon=15.00s[0m
[33m[WARN] [1788847497.775753090]: [multi_patrol][A1 EXIT HORIZON] V0 target=B59 dwell_part=0.90s departure_window=14.10s total_horizon=15.00s[0m
art=2799.70 horizon=15.00 frames=150 commit_frames=20[0m
[0m[INFO] [1788847497.333705313]: [sim_plan] built plan=1609 start=2801.70 horizon=15.00 frames=150 commit_frames=20[0m
[0m[INFO] [1788847497.393354146]: [sim_plan] built plan=1610 start=2803.70 horizon=15.00 frames=150 commit_frames=20[0m
[0m[INFO] [1788847497.394888286]: [multi_patrol][A1] V1 activate prepared dropoff: A1 -> B47 len=8.694 priority_until_s=0.758[0m
[0m[INFO] [1788847497.460767758]: [sim_plan] built plan=1611 start=2804.60 horizon=15.00 frames=150 commit_frames=20[0m
[0m[INFO] [1788847497.529435764]: [sim_plan] built plan=1612 start=2806.60 horizon=15.00 frames=150 commit_frames=20[0m
[0m[INFO] [1788847497.583604271]: [sim_plan] built plan=1613 start=2808.60 horizon=15.00 frames=150 commit_frames=20[0m
[0m[INFO] [1788847497.584912601]: [multi_patrol][A1 EXIT PRIORITY RELEASE] V1 s=0.771 threshold=0.758[0m
[0m[INFO] [1788847497.620968041]: [sim_plan] built plan=1614 start=2810.60 horizon=15.00 frames=150 commit_frames=20[0m
[0m[INFO] [1788847497.649001212]: [sim_plan] built plan=1615 start=2812.60 horizon=15.00 frames=150 commit_frames=20[0m
[0m[INFO] [1788847497.671547942]: [sim_plan] built plan=1616 start=2814.60 horizon=15.00 frames=150 commit_frames=20[0m
[0m[INFO] [1788847497.686198510]: [sim_plan] built plan=1617 start=2816.60 horizon=15.00 frames=150 commit_frames=20[0m
[0m[INFO] [1788847497.699549446]: [sim_plan] built plan=1618 start=2818.60 horizon=15.00 frames=150 commit_frames=20[0m
[0m[INFO] [1788847497.710469992]: [sim_plan] built plan=1619 start=2820.60 horizon=15.00 frames=150 commit_frames=20[0m
[0m[INFO] [1788847497.720733122]: [sim_plan] built plan=1620 start=2822.60 horizon=15.00 frames=150 commit_frames=20[0m
[0m[INFO] [1788847497.730017017]: [sim_plan] built plan=1621 start=2824.60 horizon=15.00 frames=150 commit_frames=20[0m
[0m[INFO] [1788847497.738718873]: [sim_plan] built plan=1622 start=2826.60 horizon=15.00 frames=150 commit_frames=20[0m
[0m[INFO] [1788847497.748771452]: [sim_plan] built plan=1623 start=2828.40 horizon=15.00 frames=150 commit_frames=20[0m
[0m[INFO] [1788847497.760894520]: [sim_plan] built plan=1624 start=2830.40 horizon=15.00 frames=150 commit_frames=20[0m
[0m[INFO] [1788847497.775700052]: [sim_plan] built plan=1625 start=2832.40 horizon=15.00 frames=150 commit_frames=20[0m
[0m[INFO] [1788847497.776919231]: [multi_patrol][A1] V0 activate prepared dropoff: A1 -> B59 len=9.022 priority_until_s=0.758[0m
[0m[INFO] [1788847497.792163468]: [sim_plan] built plan=1626 start=2833.30 horizon=15.00 frames=150 commit_frames=20[0m
[0m[INFO] [1788847497.826546843]: [sim_plan] built plan=1627 start=2835.30 horizon=15.00 frames=150 commit_frames=20[0m
[0m[INFO] [1788847497.844603607]: [sim_plan] built plan=1628 start=2837.30 horizon=15.00 frames=150 commit_frames=20[0m
[0m[INFO] [1788847497.845983474]: [multi_patrol][A1 EXIT PRIORITY RELEASE] V0 s=0.771 threshold=0.758[0m
[0m[INFO] [1788847497.861485727]: [sim_plan] built plan=1629 start=2839.30 horizon=15.00 frames=150 commit_frames=20[0m
[0m[INFO] [1788847497.876857756]: [sim_plan] built plan=1630 start=2841.30 horizon=15.00 frames=150 commit_frames=20[0m
[0m[INFO] [1788847497.890320934]: [sim_plan] built plan=1631 start=2843.30 horizon=15.00 frames=150 commit_frames=20[0m
[0m[INFO] [1788847497.901266538]: [sim_plan] built plan=1632 start=2845.30 horizon=15.00 frames=150 commit_frames=20[0m
[0m[INFO] [1788847497.910999401]: [sim_plan] built plan=1633 start=2847.30 horizon=15.00 frames=150 commit_frames=20[0m
[0m[INFO] [1788847497.919084820]: [sim_plan] built plan=1634 start=2849.30 horizon=15.00 frames=150 commit_frames=20[0m
[0m[INFO] [1788847497.925702125]: [sim_plan] built plan=1635 start=2851.30 horizon=15.00 frames=150 commit_frames=20[0m
[0m[INFO] [1788847497.930266771]: [sim_plan] built plan=1636 start=2853.30 horizon=15.00 frames=150 commit_frames=20[0m
[0m[INFO] [1788847497.933727972]: [sim_plan] built plan=1637 start=2855.30 horizon=15.00 frames=150 commit_frames=20[0m
[0m[INFO] [1788847497.9[33m[WARN] [1788847497.937863087]: [SLOT_DEPARTURE] time=47min39.3s vehicle=V1 owner=none result=ALLOW reason=no_service_owner candidate_path_gen=69 slot_departure_clear_s=0.327 vehicle_mode=ACTIVE vehicle_speed=0.000 vehicle_path_s=0.000 blocker=none a1_prefix_conflict=0 ordinary_road_conflict=0[0m
[33m[WARN] [1788847497.938264164]: [multi_patrol][A1 EXIT PREPARED] V1 target=B21 pickup_dwell=5.00s exit_len=6.358 priority_until_s=0.758 horizon_refresh=IMMEDIATE[0m
[33m[WARN] [1788847498.169075043]: [SLOT_DEPARTURE] time=48min9.6s vehicle=V0 owner=V1 result=ALLOW reason=slot_departure_clear candidate_path_gen=71 slot_departure_clear_s=0.346 vehicle_mode=ACTIVE vehicle_speed=0.000 vehicle_path_s=0.000 blocker=none a1_prefix_conflict=0 ordinary_road_conflict=0 owner_phase=TO_A1 owner_path_gen=69 geometry=pending_preview protected_zones=0 actual_occupancy_priority=0[0m
[33m[WARN] [1788847498.169513208]: [multi_patrol][A1 EXIT PREPARED] V0 target=B23 pickup_dwell=5.00s exit_len=6.156 priority_until_s=0.758 horizon_refresh=IMMEDIATE[0m
[33m[WARN] [1788847498.238457679]: [multi_patrol][A1 EXIT HORIZON] V1 target=B21 dwell_part=4.90s departure_window=10.10s total_horizon=15.00s[0m
[33m[WARN] [1788847498.251907997]: [multi_patrol][A1 EXIT HORIZON] V1 target=B21 dwell_part=2.90s departure_window=12.10s total_horizon=15.00s[0m
[33m[WARN] [1788847498.269639288]: [multi_patrol][A1 EXIT HORIZON] V1 target=B21 dwell_part=0.90s departure_window=14.10s total_horizon=15.00s[0m
37067065]: [sim_plan] built plan=1638 start=2857.30 horizon=15.00 frames=150 commit_frames=20[0m
[0m[INFO] [1788847497.937822962]: [multi_patrol][A1] V1 pickup leg: B47 -> A1  wpts=548 len=6.222[0m
[0m[INFO] [1788847497.955577304]: [sim_plan] built plan=1639 start=2859.30 horizon=15.00 frames=150 commit_frames=20[0m
[0m[INFO] [1788847497.985836552]: [sim_plan] built plan=1640 start=2861.30 horizon=15.00 frames=150 commit_frames=20[0m
[0m[INFO] [1788847498.004256438]: [sim_plan] built plan=1641 start=2863.30 horizon=15.00 frames=150 commit_frames=20[0m
[0m[INFO] [1788847498.021262533]: [sim_plan] built plan=1642 start=2865.30 horizon=15.00 frames=150 commit_frames=20[0m
[0m[INFO] [1788847498.041053593]: [sim_plan] built plan=1643 start=2867.30 horizon=15.00 frames=150 commit_frames=20[0m
[0m[INFO] [1788847498.058089052]: [sim_plan] built plan=1644 start=2869.30 horizon=15.00 frames=150 commit_frames=20[0m
[0m[INFO] [1788847498.075849628]: [sim_plan] built plan=1645 start=2871.30 horizon=15.00 frames=150 commit_frames=20[0m
[0m[INFO] [1788847498.092392790]: [sim_plan] built plan=1646 start=2873.30 horizon=15.00 frames=150 commit_frames=20[0m
[0m[INFO] [1788847498.106871752]: [sim_plan] built plan=1647 start=2875.30 horizon=15.00 frames=150 commit_frames=20[0m
[0m[INFO] [1788847498.117151941]: [sim_plan] built plan=1648 start=2877.30 horizon=15.00 frames=150 commit_frames=20[0m
[0m[INFO] [1788847498.126157304]: [sim_plan] built plan=1649 start=2879.30 horizon=15.00 frames=150 commit_frames=20[0m
[0m[INFO] [1788847498.126509337]: [batch] 28800/72000 ticks (sim_t=2880s) hard_guard=0[0m
[0m[INFO] [1788847498.133296009]: [sim_plan] built plan=1650 start=2881.30 horizon=15.00 frames=150 commit_frames=20[0m
[0m[INFO] [1788847498.146903075]: [sim_plan] built plan=1651 start=2883.30 horizon=15.00 frames=150 commit_frames=20[0m
[0m[INFO] [1788847498.152218439]: [sim_plan] built plan=1652 start=2885.30 horizon=15.00 frames=150 commit_frames=20[0m
[0m[INFO] [1788847498.156953640]: [sim_plan] built plan=1653 start=2887.30 horizon=15.00 frames=150 commit_frames=20[0m
[0m[INFO] [1788847498.161538540]: [sim_plan] built plan=1654 start=2889.30 horizon=15.00 frames=150 commit_frames=20[0m
[0m[INFO] [1788847498.169017899]: [multi_patrol][A1] V0 pickup leg: B59 -> A1  wpts=583 len=6.287[0m
[0m[INFO] [1788847498.182408117]: [sim_plan] built plan=1655 start=2889.60 horizon=15.00 frames=150 commit_frames=20[0m
[0m[INFO] [1788847498.205489518]: [sim_plan] built plan=1656 start=2891.60 horizon=15.00 frames=150 commit_frames=20[0m
[0m[INFO] [1788847498.216620521]: [sim_plan] built plan=1657 start=2893.60 horizon=15.00 frames=150 commit_frames=20[0m
[0m[INFO] [1788847498.227694086]: [sim_plan] built plan=1658 start=2895.60 horizon=15.00 frames=150 commit_frames=20[0m
[0m[INFO] [1788847498.238417600]: [sim_plan] built plan=1659 start=2896.70 horizon=15.00 frames=150 commit_frames=20[0m
[0m[INFO] [1788847498.251863720]: [sim_plan] built plan=1660 start=2898.70 horizon=15.00 frames=150 commit_frames=20[0m
[0m[INFO] [1788847498.269593671]: [sim_plan] built plan=1661 start=2900.70 horizon=15.00 frames=150 commit_frames=20[0m
[0m[INFO] [1788847498.271022980]: [multi_patrol][A1] V1 activate prepared dropoff: A1 -> B21 len=6.358 priority_until_s=0.758[0m
[0m[INFO] [1788847498.290858066]: [sim_plan] built plan=1662 start=2901.60 horizon=15.00 frames=150 commit_frames=20[0m
[0m[INFO] [1788847498.336501044]: [sim_plan] built plan=1663 start=2903.60 horizon=15.00 frames=150 commit_frames=20[0m
[0m[INFO] [1788847498.383666830]: [sim_plan] built plan=1664 start=2905.60 horizon=15.00 frames=150 commit_frames=20[0m
[0m[INFO] [1788847498.385141874]: [multi_patrol][A1 EXIT PRIORITY RELEASE] V1 s=0.771 threshold=0.758[0m
[0m[INFO] [1788847498.425377065]: [sim_plan] built plan=1665 start=2907.60 horizon=15.00 frames=150 commit_frames=20[0m
[0m[INFO] [1788847498.460684039]: [sim_plan] built plan=1666 start=2909.60 horizon=15.00 frames=150 commit_frames=20[0m
[0m[INFO] [1788847498.492487811]: [sim_plan] [33m[WARN] [1788847498.633003837]: [multi_patrol][A1 EXIT HORIZON] V0 target=B23 dwell_part=4.90s departure_window=10.10s total_horizon=15.00s[0m
[33m[WARN] [1788847498.641988646]: [multi_patrol][A1 EXIT HORIZON] V0 target=B23 dwell_part=2.90s departure_window=12.10s total_horizon=15.00s[0m
[33m[WARN] [1788847498.652598001]: [multi_patrol][A1 EXIT HORIZON] V0 target=B23 dwell_part=0.90s departure_window=14.10s total_horizon=15.00s[0m
[33m[WARN] [1788847498.701269793]: [SLOT_DEPARTURE] time=49min4.2s vehicle=V1 owner=none result=ALLOW reason=no_service_owner candidate_path_gen=71 slot_departure_clear_s=0.327 vehicle_mode=ACTIVE vehicle_speed=0.000 vehicle_path_s=0.000 blocker=none a1_prefix_conflict=0 ordinary_road_conflict=0[0m
[33m[WARN] [1788847498.701767934]: [multi_patrol][A1 EXIT PREPARED] V1 target=B31 pickup_dwell=5.00s exit_len=6.891 priority_until_s=0.758 horizon_refresh=IMMEDIATE[0m
built plan=1667 start=2911.60 horizon=15.00 frames=150 commit_frames=20[0m
[0m[INFO] [1788847498.513763842]: [sim_plan] built plan=1668 start=2913.60 horizon=15.00 frames=150 commit_frames=20[0m
[0m[INFO] [1788847498.532069798]: [sim_plan] built plan=1669 start=2915.60 horizon=15.00 frames=150 commit_frames=20[0m
[0m[INFO] [1788847498.550376109]: [sim_plan] built plan=1670 start=2917.60 horizon=15.00 frames=150 commit_frames=20[0m
[0m[INFO] [1788847498.568248175]: [sim_plan] built plan=1671 start=2919.60 horizon=15.00 frames=150 commit_frames=20[0m
[0m[INFO] [1788847498.585411658]: [sim_plan] built plan=1672 start=2921.60 horizon=15.00 frames=150 commit_frames=20[0m
[0m[INFO] [1788847498.598440107]: [sim_plan] built plan=1673 start=2923.60 horizon=15.00 frames=150 commit_frames=20[0m
[0m[INFO] [1788847498.609762054]: [sim_plan] built plan=1674 start=2925.60 horizon=15.00 frames=150 commit_frames=20[0m
[0m[INFO] [1788847498.618411432]: [sim_plan] built plan=1675 start=2927.60 horizon=15.00 frames=150 commit_frames=20[0m
[0m[INFO] [1788847498.625644533]: [sim_plan] built plan=1676 start=2929.60 horizon=15.00 frames=150 commit_frames=20[0m
[0m[INFO] [1788847498.632950165]: [sim_plan] built plan=1677 start=2929.80 horizon=15.00 frames=150 commit_frames=20[0m
[0m[INFO] [1788847498.641942009]: [sim_plan] built plan=1678 start=2931.80 horizon=15.00 frames=150 commit_frames=20[0m
[0m[INFO] [1788847498.652533492]: [sim_plan] built plan=1679 start=2933.80 horizon=15.00 frames=150 commit_frames=20[0m
[0m[INFO] [1788847498.654010471]: [multi_patrol][A1] V0 activate prepared dropoff: A1 -> B23 len=6.156 priority_until_s=0.758[0m
[0m[INFO] [1788847498.662380705]: [sim_plan] built plan=1680 start=2934.70 horizon=15.00 frames=150 commit_frames=20[0m
[0m[INFO] [1788847498.685708169]: [sim_plan] built plan=1681 start=2936.70 horizon=15.00 frames=150 commit_frames=20[0m
[0m[INFO] [1788847498.691776188]: [sim_plan] built plan=1682 start=2938.70 horizon=15.00 frames=150 commit_frames=20[0m
[0m[INFO] [1788847498.692908579]: [multi_patrol][A1 EXIT PRIORITY RELEASE] V0 s=0.771 threshold=0.758[0m
[0m[INFO] [1788847498.696242892]: [sim_plan] built plan=1683 start=2940.70 horizon=15.00 frames=150 commit_frames=20[0m
[0m[INFO] [1788847498.700562626]: [sim_plan] built plan=1684 start=2942.70 horizon=15.00 frames=150 commit_frames=20[0m
[0m[INFO] [1788847498.701226040]: [multi_patrol][A1] V1 pickup leg: B21 -> A1  wpts=535 len=6.102[0m
[0m[INFO] [1788847498.719711586]: [sim_plan] built plan=1685 start=2944.20 horizon=15.00 frames=150 commit_frames=20[0m
[0m[INFO] [1788847498.764504719]: [sim_plan] built plan=1686 start=2946.20 horizon=15.00 frames=150 commit_frames=20[0m
[0m[INFO] [1788847498.796300759]: [sim_plan] built plan=1687 start=2948.20 horizon=15.00 frames=150 commit_frames=20[0m
[0m[INFO] [1788847498.825418002]: [sim_plan] built plan=1688 start=2950.20 horizon=15.00 frames=150 commit_frames=20[0m
[0m[INFO] [1788847498.852777345]: [sim_plan] built plan=1689 start=2952.20 horizon=15.00 frames=150 commit_frames=20[0m
[0m[INFO] [1788847498.877366958]: [sim_plan] built plan=1690 start=2954.20 horizon=15.00 frames=150 commit_frames=20[0m
[0m[INFO] [1788847498.897064773]: [sim_plan] built plan=1691 start=2956.20 horizon=15.00 frames=150 commit_frames=20[0m
[0m[INFO] [1788847498.917248739]: [sim_plan] built plan=1692 start=2958.20 horizon=15.00 frames=150 commit_frames=20[0m
[0m[INFO] [1788847498.942732910]: [sim_plan] built plan=1693 start=2960.20 horizon=15.00 frames=150 commit_frames=20[0m
[0m[INFO] [1788847498.960699166]: [sim_plan] built plan=1694 start=2962.20 horizon=15.00 frames=150 commit_frames=20[0m
[0m[INFO] [1788847498.973551167]: [sim_plan] built plan=1695 start=2964.20 horizon=15.00 frames=150 commit_frames=20[0m
[0m[INFO] [1788847498.985005331]: [sim_plan] built plan=1696 start=2966.20 horizon=15.00 frames=150 commit_frames=20[0m
[0m[INFO] [1788847498.994182362]: [sim_plan] built plan=1697 start=2968.20 horizon=15.00 frames=150 commit_frames=20[0m
[0m[INFO] [1788847[33m[WARN] [1788847499.039209955]: [SLOT_DEPARTURE] time=49min38.8s vehicle=V0 owner=V1 result=ALLOW reason=slot_departure_clear candidate_path_gen=73 slot_departure_clear_s=0.327 vehicle_mode=ACTIVE vehicle_speed=0.000 vehicle_path_s=0.000 blocker=none a1_prefix_conflict=0 ordinary_road_conflict=0 owner_phase=TO_A1 owner_path_gen=71 geometry=pending_preview protected_zones=0 actual_occupancy_priority=0[0m
[33m[WARN] [1788847499.039725485]: [multi_patrol][A1 EXIT PREPARED] V0 target=B53 pickup_dwell=5.00s exit_len=6.964 priority_until_s=0.758 horizon_refresh=IMMEDIATE[0m
[33m[WARN] [1788847499.141008989]: [multi_patrol][A1 EXIT HORIZON] V1 target=B31 dwell_part=4.90s departure_window=10.10s total_horizon=15.00s[0m
[33m[WARN] [1788847499.155722572]: [multi_patrol][A1 EXIT HORIZON] V1 target=B31 dwell_part=2.90s departure_window=12.10s total_horizon=15.00s[0m
[33m[WARN] [1788847499.193352733]: [multi_patrol][A1 EXIT HORIZON] V1 target=B31 dwell_part=0.90s departure_window=14.10s total_horizon=15.00s[0m
[33m[WARN] [1788847499.426564471]: [multi_patrol][A1 EXIT HORIZON] V0 target=B53 dwell_part=4.90s departure_window=10.10s total_horizon=15.00s[0m
[33m[WARN] [1788847499.439729843]: [multi_patrol][A1 EXIT HORIZON] V0 target=B53 dwell_part=2.90s departure_window=12.10s total_horizon=15.00s[0m
[33m[WARN] [1788847499.457474486]: [multi_patrol][A1 EXIT HORIZON] V0 target=B53 dwell_part=0.90s departure_window=14.10s total_horizon=15.00s[0m
499.001570644]: [sim_plan] built plan=1698 start=2970.20 horizon=15.00 frames=150 commit_frames=20[0m
[0m[INFO] [1788847499.007760458]: [sim_plan] built plan=1699 start=2972.20 horizon=15.00 frames=150 commit_frames=20[0m
[0m[INFO] [1788847499.011534679]: [sim_plan] built plan=1700 start=2974.20 horizon=15.00 frames=150 commit_frames=20[0m
[0m[INFO] [1788847499.023437954]: [sim_plan] built plan=1701 start=2976.20 horizon=15.00 frames=150 commit_frames=20[0m
[0m[INFO] [1788847499.031514944]: [sim_plan] built plan=1702 start=2978.20 horizon=15.00 frames=150 commit_frames=20[0m
[0m[INFO] [1788847499.039126609]: [multi_patrol][A1] V0 pickup leg: B23 -> A1  wpts=513 len=5.883[0m
[0m[INFO] [1788847499.057565304]: [sim_plan] built plan=1703 start=2978.80 horizon=15.00 frames=150 commit_frames=20[0m
[0m[INFO] [1788847499.083398841]: [sim_plan] built plan=1704 start=2980.80 horizon=15.00 frames=150 commit_frames=20[0m
[0m[INFO] [1788847499.095887509]: [sim_plan] built plan=1705 start=2982.80 horizon=15.00 frames=150 commit_frames=20[0m
[0m[INFO] [1788847499.106764607]: [sim_plan] built plan=1706 start=2984.80 horizon=15.00 frames=150 commit_frames=20[0m
[0m[INFO] [1788847499.118262195]: [sim_plan] built plan=1707 start=2986.80 horizon=15.00 frames=150 commit_frames=20[0m
[0m[INFO] [1788847499.129137473]: [sim_plan] built plan=1708 start=2988.80 horizon=15.00 frames=150 commit_frames=20[0m
[0m[INFO] [1788847499.140965612]: [sim_plan] built plan=1709 start=2990.40 horizon=15.00 frames=150 commit_frames=20[0m
[0m[INFO] [1788847499.155668680]: [sim_plan] built plan=1710 start=2992.40 horizon=15.00 frames=150 commit_frames=20[0m
[0m[INFO] [1788847499.193307244]: [sim_plan] built plan=1711 start=2994.40 horizon=15.00 frames=150 commit_frames=20[0m
[0m[INFO] [1788847499.194884345]: [multi_patrol][A1] V1 activate prepared dropoff: A1 -> B31 len=6.891 priority_until_s=0.758[0m
[0m[INFO] [1788847499.231114366]: [sim_plan] built plan=1712 start=2995.30 horizon=15.00 frames=150 commit_frames=20[0m
[0m[INFO] [1788847499.275844166]: [sim_plan] built plan=1713 start=2997.30 horizon=15.00 frames=150 commit_frames=20[0m
[0m[INFO] [1788847499.304890460]: [sim_plan] built plan=1714 start=2999.30 horizon=15.00 frames=150 commit_frames=20[0m
[0m[INFO] [1788847499.306147147]: [multi_patrol][A1 EXIT PRIORITY RELEASE] V1 s=0.771 threshold=0.758[0m
[0m[INFO] [1788847499.327935327]: [sim_plan] built plan=1715 start=3001.30 horizon=15.00 frames=150 commit_frames=20[0m
[0m[INFO] [1788847499.345602659]: [sim_plan] built plan=1716 start=3003.30 horizon=15.00 frames=150 commit_frames=20[0m
[0m[INFO] [1788847499.360617551]: [sim_plan] built plan=1717 start=3005.30 horizon=15.00 frames=150 commit_frames=20[0m
[0m[INFO] [1788847499.373812434]: [sim_plan] built plan=1718 start=3007.30 horizon=15.00 frames=150 commit_frames=20[0m
[0m[INFO] [1788847499.387377513]: [sim_plan] built plan=1719 start=3009.30 horizon=15.00 frames=150 commit_frames=20[0m
[0m[INFO] [1788847499.397859907]: [sim_plan] built plan=1720 start=3011.30 horizon=15.00 frames=150 commit_frames=20[0m
[0m[INFO] [1788847499.407773319]: [sim_plan] built plan=1721 start=3013.30 horizon=15.00 frames=150 commit_frames=20[0m
[0m[INFO] [1788847499.416844642]: [sim_plan] built plan=1722 start=3015.30 horizon=15.00 frames=150 commit_frames=20[0m
[0m[INFO] [1788847499.426518606]: [sim_plan] built plan=1723 start=3016.30 horizon=15.00 frames=150 commit_frames=20[0m
[0m[INFO] [1788847499.439648637]: [sim_plan] built plan=1724 start=3018.30 horizon=15.00 frames=150 commit_frames=20[0m
[0m[INFO] [1788847499.457407038]: [sim_plan] built plan=1725 start=3020.30 horizon=15.00 frames=150 commit_frames=20[0m
[0m[INFO] [1788847499.459016001]: [multi_patrol][A1] V0 activate prepared dropoff: A1 -> B53 len=6.964 priority_until_s=0.758[0m
[0m[INFO] [1788847499.475983577]: [sim_plan] built plan=1726 start=3021.20 horizon=15.00 frames=150 commit_frames=20[0m
[0m[INFO] [1788847499.506163457]: [sim_plan] built plan=1727 start=3023.20 horizon=15.00 frames=150 comm[33m[WARN] [1788847499.579228592]: [SLOT_DEPARTURE] time=50min40.7s vehicle=V1 owner=none result=ALLOW reason=no_service_owner candidate_path_gen=73 slot_departure_clear_s=0.327 vehicle_mode=ACTIVE vehicle_speed=0.000 vehicle_path_s=0.000 blocker=none a1_prefix_conflict=0 ordinary_road_conflict=0[0m
[33m[WARN] [1788847499.579712364]: [multi_patrol][A1 EXIT PREPARED] V1 target=B63 pickup_dwell=5.00s exit_len=6.551 priority_until_s=0.758 horizon_refresh=IMMEDIATE[0m
[33m[WARN] [1788847499.787175107]: [DEADLOCK] event=CONFIRMED pair=V0-V1 duration=4 path_gen=74/73[0m
[33m[WARN] [1788847499.787977531]: [DEADLOCK] event=SELECT pair=V0-V1 retreat=V1 pass=V0 target_s=0.312 pass_clear_s=4.83 distance=0.67 estimated_time=6.7 selection_reason=priority_yielding_vehicle_retreat[0m
[33m[WARN] [1788847499.862702894]: [DEADLOCK] event=RETREAT_DONE pair=V1-V0 retreat=V1 pass=V0 target_s=0.312[0m
[33m[WARN] [1788847499.863125564]: [DEADLOCK] event=PASS_START pair=V1-V0 retreat=V1 pass=V0 target_s=0.312[0m
[33m[WARN] [1788847499.878035962]: [DEADLOCK] event=CLEAR pair=V1-V0 pass_s=4.2383 reason=passer_released_to_normal_coordination[0m
it_frames=20[0m
[0m[INFO] [1788847499.524699695]: [sim_plan] built plan=1728 start=3025.20 horizon=15.00 frames=150 commit_frames=20[0m
[0m[INFO] [1788847499.527161418]: [multi_patrol][A1 EXIT PRIORITY RELEASE] V0 s=0.771 threshold=0.758[0m
[0m[INFO] [1788847499.541318305]: [sim_plan] built plan=1729 start=3027.20 horizon=15.00 frames=150 commit_frames=20[0m
[0m[INFO] [1788847499.552825267]: [sim_plan] built plan=1730 start=3029.20 horizon=15.00 frames=150 commit_frames=20[0m
[0m[INFO] [1788847499.561410521]: [sim_plan] built plan=1731 start=3031.20 horizon=15.00 frames=150 commit_frames=20[0m
[0m[INFO] [1788847499.568159415]: [sim_plan] built plan=1732 start=3033.20 horizon=15.00 frames=150 commit_frames=20[0m
[0m[INFO] [1788847499.572222908]: [sim_plan] built plan=1733 start=3035.20 horizon=15.00 frames=150 commit_frames=20[0m
[0m[INFO] [1788847499.575463966]: [sim_plan] built plan=1734 start=3037.20 horizon=15.00 frames=150 commit_frames=20[0m
[0m[INFO] [1788847499.578689337]: [sim_plan] built plan=1735 start=3039.20 horizon=15.00 frames=150 commit_frames=20[0m
[0m[INFO] [1788847499.579187759]: [multi_patrol][A1] V1 pickup leg: B31 -> A1  wpts=447 len=5.225[0m
[0m[INFO] [1788847499.601581482]: [sim_plan] built plan=1736 start=3040.70 horizon=15.00 frames=150 commit_frames=20[0m
[0m[INFO] [1788847499.616023947]: [sim_plan] built plan=1737 start=3042.70 horizon=15.00 frames=150 commit_frames=20[0m
[0m[INFO] [1788847499.637050729]: [sim_plan] built plan=1738 start=3044.70 horizon=15.00 frames=150 commit_frames=20[0m
[0m[INFO] [1788847499.658247279]: [sim_plan] built plan=1739 start=3046.70 horizon=15.00 frames=150 commit_frames=20[0m
[0m[INFO] [1788847499.679784273]: [sim_plan] built plan=1740 start=3048.70 horizon=15.00 frames=150 commit_frames=20[0m
[0m[INFO] [1788847499.695947360]: [sim_plan] built plan=1741 start=3050.70 horizon=15.00 frames=150 commit_frames=20[0m
[0m[INFO] [1788847499.714851578]: [sim_plan] built plan=1742 start=3052.70 horizon=15.00 frames=150 commit_frames=20[0m
[0m[INFO] [1788847499.731922073]: [sim_plan] built plan=1743 start=3054.70 horizon=15.00 frames=150 commit_frames=20[0m
[0m[INFO] [1788847499.752568477]: [sim_plan] built plan=1744 start=3056.70 horizon=15.00 frames=150 commit_frames=20[0m
[0m[INFO] [1788847499.769080807]: [sim_plan] built plan=1745 start=3058.70 horizon=15.00 frames=150 commit_frames=20[0m
[0m[INFO] [1788847499.786547732]: [sim_plan] built plan=1746 start=3060.70 horizon=15.00 frames=150 commit_frames=20[0m
[0m[INFO] [1788847499.806177402]: [sim_plan] built plan=1747 start=3062.70 horizon=15.00 frames=150 commit_frames=20[0m
[0m[INFO] [1788847499.824000809]: [sim_plan] built plan=1748 start=3064.70 horizon=15.00 frames=150 commit_frames=20[0m
[0m[INFO] [1788847499.841406383]: [sim_plan] built plan=1749 start=3066.70 horizon=15.00 frames=150 commit_frames=20[0m
[0m[INFO] [1788847499.861864395]: [sim_plan] built plan=1750 start=3068.70 horizon=15.00 frames=150 commit_frames=20[0m
[0m[INFO] [1788847499.877707958]: [sim_plan] built plan=1751 start=3069.50 horizon=15.00 frames=150 commit_frames=20[0m
[0m[INFO] [1788847499.893033116]: [sim_plan] built plan=1752 start=3069.60 horizon=15.00 frames=150 commit_frames=20[0m
[0m[INFO] [1788847499.911264995]: [sim_plan] built plan=1753 start=3071.60 horizon=15.00 frames=150 commit_frames=20[0m
[0m[INFO] [1788847499.924336872]: [sim_plan] built plan=1754 start=3073.60 horizon=15.00 frames=150 commit_frames=20[0m
[0m[INFO] [1788847499.939092102]: [sim_plan] built plan=1755 start=3075.60 horizon=15.00 frames=150 commit_frames=20[0m
[0m[INFO] [1788847499.949830163]: [sim_plan] built plan=1756 start=3077.60 horizon=15.00 frames=150 commit_frames=20[0m
[0m[INFO] [1788847499.960529219]: [sim_plan] built plan=1757 start=3079.60 horizon=15.00 frames=150 commit_frames=20[0m
[0m[INFO] [1788847499.967912266]: [sim_plan] built plan=1758 start=3081.60 horizon=15.00 frames=150 commit_frames=20[0m
[0m[INFO] [1788847499.973750127]: [sim_plan] built plan=1759 start=3083.60 horizon=15.[33m[WARN] [1788847500.007645541]: [SLOT_DEPARTURE] time=51min30.5s vehicle=V0 owner=V1 result=ALLOW reason=slot_departure_clear candidate_path_gen=75 slot_departure_clear_s=0.327 vehicle_mode=ACTIVE vehicle_speed=0.000 vehicle_path_s=0.000 blocker=none a1_prefix_conflict=0 ordinary_road_conflict=0 owner_phase=TO_A1 owner_path_gen=73 geometry=pending_preview protected_zones=0 actual_occupancy_priority=0[0m
[33m[WARN] [1788847500.008387653]: [multi_patrol][A1 EXIT PREPARED] V0 target=B49 pickup_dwell=5.00s exit_len=8.289 priority_until_s=0.758 horizon_refresh=IMMEDIATE[0m
[33m[WARN] [1788847500.095445683]: [multi_patrol][A1 EXIT HORIZON] V1 target=B63 dwell_part=4.90s departure_window=10.10s total_horizon=15.00s[0m
[33m[WARN] [1788847500.107618713]: [multi_patrol][A1 EXIT HORIZON] V1 target=B63 dwell_part=2.90s departure_window=12.10s total_horizon=15.00s[0m
[33m[WARN] [1788847500.136424147]: [multi_patrol][A1 EXIT HORIZON] V1 target=B63 dwell_part=0.90s departure_window=14.10s total_horizon=15.00s[0m
[33m[WARN] [1788847500.429615120]: [multi_patrol][A1 EXIT HORIZON] V0 target=B49 dwell_part=4.90s departure_window=10.10s total_horizon=15.00s[0m
[33m[WARN] [1788847500.439265950]: [multi_patrol][A1 EXIT HORIZON] V0 target=B49 dwell_part=2.90s departure_window=12.10s total_horizon=15.00s[0m
[33m[WARN] [1788847500.452062487]: [multi_patrol][A1 EXIT HORIZON] V0 target=B49 dwell_part=0.90s departure_window=14.10s total_horizon=15.00s[0m
00 frames=150 commit_frames=20[0m
[0m[INFO] [1788847499.977903001]: [sim_plan] built plan=1760 start=3085.60 horizon=15.00 frames=150 commit_frames=20[0m
[0m[INFO] [1788847499.990770384]: [sim_plan] built plan=1761 start=3087.60 horizon=15.00 frames=150 commit_frames=20[0m
[0m[INFO] [1788847500.000058838]: [sim_plan] built plan=1762 start=3089.60 horizon=15.00 frames=150 commit_frames=20[0m
[0m[INFO] [1788847500.007597453]: [multi_patrol][A1] V0 pickup leg: B53 -> A1  wpts=514 len=6.437[0m
[0m[INFO] [1788847500.023868895]: [sim_plan] built plan=1763 start=3090.50 horizon=15.00 frames=150 commit_frames=20[0m
[0m[INFO] [1788847500.043207437]: [sim_plan] built plan=1764 start=3092.50 horizon=15.00 frames=150 commit_frames=20[0m
[0m[INFO] [1788847500.055342546]: [sim_plan] built plan=1765 start=3094.50 horizon=15.00 frames=150 commit_frames=20[0m
[0m[INFO] [1788847500.066281228]: [sim_plan] built plan=1766 start=3096.50 horizon=15.00 frames=150 commit_frames=20[0m
[0m[INFO] [1788847500.077055774]: [sim_plan] built plan=1767 start=3098.50 horizon=15.00 frames=150 commit_frames=20[0m
[0m[INFO] [1788847500.086137025]: [sim_plan] built plan=1768 start=3100.50 horizon=15.00 frames=150 commit_frames=20[0m
[0m[INFO] [1788847500.095391552]: [sim_plan] built plan=1769 start=3101.90 horizon=15.00 frames=150 commit_frames=20[0m
[0m[INFO] [1788847500.107561248]: [sim_plan] built plan=1770 start=3103.90 horizon=15.00 frames=150 commit_frames=20[0m
[0m[INFO] [1788847500.136376123]: [sim_plan] built plan=1771 start=3105.90 horizon=15.00 frames=150 commit_frames=20[0m
[0m[INFO] [1788847500.137511874]: [multi_patrol][A1] V1 activate prepared dropoff: A1 -> B63 len=6.551 priority_until_s=0.758[0m
[0m[INFO] [1788847500.168008715]: [sim_plan] built plan=1772 start=3106.80 horizon=15.00 frames=150 commit_frames=20[0m
[0m[INFO] [1788847500.217597148]: [sim_plan] built plan=1773 start=3108.80 horizon=15.00 frames=150 commit_frames=20[0m
[0m[INFO] [1788847500.253571831]: [sim_plan] built plan=1774 start=3110.80 horizon=15.00 frames=150 commit_frames=20[0m
[0m[INFO] [1788847500.254924795]: [multi_patrol][A1 EXIT PRIORITY RELEASE] V1 s=0.771 threshold=0.758[0m
[0m[INFO] [1788847500.286992255]: [sim_plan] built plan=1775 start=3112.80 horizon=15.00 frames=150 commit_frames=20[0m
[0m[INFO] [1788847500.315329024]: [sim_plan] built plan=1776 start=3114.80 horizon=15.00 frames=150 commit_frames=20[0m
[0m[INFO] [1788847500.337782802]: [sim_plan] built plan=1777 start=3116.80 horizon=15.00 frames=150 commit_frames=20[0m
[0m[INFO] [1788847500.353283092]: [sim_plan] built plan=1778 start=3118.80 horizon=15.00 frames=150 commit_frames=20[0m
[0m[INFO] [1788847500.367220542]: [sim_plan] built plan=1779 start=3120.80 horizon=15.00 frames=150 commit_frames=20[0m
[0m[INFO] [1788847500.380801651]: [sim_plan] built plan=1780 start=3122.80 horizon=15.00 frames=150 commit_frames=20[0m
[0m[INFO] [1788847500.391951251]: [sim_plan] built plan=1781 start=3124.80 horizon=15.00 frames=150 commit_frames=20[0m
[0m[INFO] [1788847500.401909454]: [sim_plan] built plan=1782 start=3126.80 horizon=15.00 frames=150 commit_frames=20[0m
[0m[INFO] [1788847500.411624169]: [sim_plan] built plan=1783 start=3128.80 horizon=15.00 frames=150 commit_frames=20[0m
[0m[INFO] [1788847500.420967284]: [sim_plan] built plan=1784 start=3130.80 horizon=15.00 frames=150 commit_frames=20[0m
[0m[INFO] [1788847500.429573342]: [sim_plan] built plan=1785 start=3132.80 horizon=15.00 frames=150 commit_frames=20[0m
[0m[INFO] [1788847500.439183771]: [sim_plan] built plan=1786 start=3134.80 horizon=15.00 frames=150 commit_frames=20[0m
[0m[INFO] [1788847500.452012214]: [sim_plan] built plan=1787 start=3136.80 horizon=15.00 frames=150 commit_frames=20[0m
[0m[INFO] [1788847500.453304639]: [multi_patrol][A1] V0 activate prepared dropoff: A1 -> B49 len=8.289 priority_until_s=0.758[0m
[0m[INFO] [1788847500.464195237]: [sim_plan] built plan=1788 start=3137.70 horizon=15.00 frames=150 commit_frames=20[0m
[0m[INFO] [1788847500.488881760]: [sim_plan] built[33m[WARN] [1788847500.515888423]: [SLOT_DEPARTURE] time=52min31.0s vehicle=V1 owner=none result=ALLOW reason=no_service_owner candidate_path_gen=75 slot_departure_clear_s=0.346 vehicle_mode=ACTIVE vehicle_speed=0.000 vehicle_path_s=0.000 blocker=none a1_prefix_conflict=0 ordinary_road_conflict=0[0m
[33m[WARN] [1788847500.516245438]: [multi_patrol][A1 EXIT PREPARED] V1 target=B32 pickup_dwell=5.00s exit_len=4.055 priority_until_s=0.758 horizon_refresh=IMMEDIATE[0m
[33m[WARN] [1788847500.815590135]: [multi_patrol][A1 EXIT HORIZON] V1 target=B32 dwell_part=4.90s departure_window=10.10s total_horizon=15.00s[0m
[33m[WARN] [1788847500.822326888]: [SLOT_DEPARTURE] time=53min10.3s vehicle=V0 owner=V1 result=ALLOW reason=slot_departure_clear candidate_path_gen=77 slot_departure_clear_s=0.327 vehicle_mode=ACTIVE vehicle_speed=0.000 vehicle_path_s=0.000 blocker=none a1_prefix_conflict=0 ordinary_road_conflict=0 owner_phase=PICKUP_DWELL owner_path_gen=75 geometry=pending_preview protected_zones=0 actual_occupancy_priority=0[0m
[33m[WARN] [1788847500.823148477]: [multi_patrol][A1 EXIT PREPARED] V0 target=B29 pickup_dwell=5.00s exit_len=7.297 priority_until_s=0.758 horizon_refresh=IMMEDIATE[0m
[33m[WARN] [1788847500.840258734]: [multi_patrol][A1 EXIT HORIZON] V1 target=B32 dwell_part=3.90s departure_window=11.10s total_horizon=15.00s[0m
[33m[WARN] [1788847500.862421513]: [multi_patrol][A1 EXIT HORIZON] V1 target=B32 dwell_part=1.90s departure_window=13.10s total_horizon=15.00s[0m
 plan=1789 start=3139.70 horizon=15.00 frames=150 commit_frames=20[0m
[0m[INFO] [1788847500.497411682]: [sim_plan] built plan=1790 start=3141.70 horizon=15.00 frames=150 commit_frames=20[0m
[0m[INFO] [1788847500.498554514]: [multi_patrol][A1 EXIT PRIORITY RELEASE] V0 s=0.771 threshold=0.758[0m
[0m[INFO] [1788847500.504097409]: [sim_plan] built plan=1791 start=3143.70 horizon=15.00 frames=150 commit_frames=20[0m
[0m[INFO] [1788847500.508772982]: [sim_plan] built plan=1792 start=3145.70 horizon=15.00 frames=150 commit_frames=20[0m
[0m[INFO] [1788847500.512050877]: [sim_plan] built plan=1793 start=3147.70 horizon=15.00 frames=150 commit_frames=20[0m
[0m[INFO] [1788847500.515294533]: [sim_plan] built plan=1794 start=3149.70 horizon=15.00 frames=150 commit_frames=20[0m
[0m[INFO] [1788847500.515853120]: [multi_patrol][A1] V1 pickup leg: B63 -> A1  wpts=523 len=6.245[0m
[0m[INFO] [1788847500.531970793]: [sim_plan] built plan=1795 start=3151.00 horizon=15.00 frames=150 commit_frames=20[0m
[0m[INFO] [1788847500.559025140]: [sim_plan] built plan=1796 start=3153.00 horizon=15.00 frames=150 commit_frames=20[0m
[0m[INFO] [1788847500.575973118]: [sim_plan] built plan=1797 start=3155.00 horizon=15.00 frames=150 commit_frames=20[0m
[0m[INFO] [1788847500.592451496]: [sim_plan] built plan=1798 start=3157.00 horizon=15.00 frames=150 commit_frames=20[0m
[0m[INFO] [1788847500.612371264]: [sim_plan] built plan=1799 start=3159.00 horizon=15.00 frames=150 commit_frames=20[0m
[0m[INFO] [1788847500.628677356]: [sim_plan] built plan=1800 start=3161.00 horizon=15.00 frames=150 commit_frames=20[0m
[0m[INFO] [1788847500.644870852]: [sim_plan] built plan=1801 start=3163.00 horizon=15.00 frames=150 commit_frames=20[0m
[0m[INFO] [1788847500.661521844]: [sim_plan] built plan=1802 start=3165.00 horizon=15.00 frames=150 commit_frames=20[0m
[0m[INFO] [1788847500.683582994]: [sim_plan] built plan=1803 start=3167.00 horizon=15.00 frames=150 commit_frames=20[0m
[0m[INFO] [1788847500.704078631]: [sim_plan] built plan=1804 start=3169.00 horizon=15.00 frames=150 commit_frames=20[0m
[0m[INFO] [1788847500.721890208]: [sim_plan] built plan=1805 start=3171.00 horizon=15.00 frames=150 commit_frames=20[0m
[0m[INFO] [1788847500.737433792]: [sim_plan] built plan=1806 start=3173.00 horizon=15.00 frames=150 commit_frames=20[0m
[0m[INFO] [1788847500.757924931]: [sim_plan] built plan=1807 start=3175.00 horizon=15.00 frames=150 commit_frames=20[0m
[0m[INFO] [1788847500.769994653]: [sim_plan] built plan=1808 start=3177.00 horizon=15.00 frames=150 commit_frames=20[0m
[0m[INFO] [1788847500.779985181]: [sim_plan] built plan=1809 start=3179.00 horizon=15.00 frames=150 commit_frames=20[0m
[0m[INFO] [1788847500.788754020]: [sim_plan] built plan=1810 start=3181.00 horizon=15.00 frames=150 commit_frames=20[0m
[0m[INFO] [1788847500.795981859]: [sim_plan] built plan=1811 start=3183.00 horizon=15.00 frames=150 commit_frames=20[0m
[0m[INFO] [1788847500.800944814]: [sim_plan] built plan=1812 start=3185.00 horizon=15.00 frames=150 commit_frames=20[0m
[0m[INFO] [1788847500.805356608]: [sim_plan] built plan=1813 start=3187.00 horizon=15.00 frames=150 commit_frames=20[0m
[0m[INFO] [1788847500.810438860]: [sim_plan] built plan=1814 start=3189.00 horizon=15.00 frames=150 commit_frames=20[0m
[0m[INFO] [1788847500.815528648]: [sim_plan] built plan=1815 start=3189.30 horizon=15.00 frames=150 commit_frames=20[0m
[0m[INFO] [1788847500.822268307]: [multi_patrol][A1] V0 pickup leg: B49 -> A1  wpts=466 len=5.961[0m
[0m[INFO] [1788847500.840166088]: [sim_plan] built plan=1816 start=3190.30 horizon=15.00 frames=150 commit_frames=20[0m
[0m[INFO] [1788847500.862327454]: [sim_plan] built plan=1817 start=3192.30 horizon=15.00 frames=150 commit_frames=20[0m
[0m[INFO] [1788847500.865032179]: [multi_patrol][A1] V1 activate prepared dropoff: A1 -> B32 len=4.055 priority_until_s=0.758[0m
[0m[INFO] [1788847500.892104726]: [sim_plan] built plan=1818 start=3194.20 horizon=15.00 frames=150 commit_frames=20[0m
[0m[INFO] [1788847500.923952348]: [sim_pla[33m[WARN] [1788847501.114400319]: [SLOT_DEPARTURE] time=53min43.8s vehicle=V1 owner=V0 result=ALLOW reason=slot_departure_clear candidate_path_gen=77 slot_departure_clear_s=0.327 vehicle_mode=ACTIVE vehicle_speed=0.000 vehicle_path_s=0.000 blocker=none a1_prefix_conflict=0 ordinary_road_conflict=0 owner_phase=TO_A1 owner_path_gen=77 geometry=pending_preview protected_zones=0 actual_occupancy_priority=0[0m
[33m[WARN] [1788847501.114909894]: [multi_patrol][A1 EXIT PREPARED] V1 target=B9 pickup_dwell=5.00s exit_len=2.555 priority_until_s=0.756 horizon_refresh=IMMEDIATE[0m
[33m[WARN] [1788847501.217578689]: [multi_patrol][A1 EXIT HORIZON] V0 target=B29 dwell_part=4.90s departure_window=10.10s total_horizon=15.00s[0m
[33m[WARN] [1788847501.259445192]: [multi_patrol][A1 EXIT HORIZON] V0 target=B29 dwell_part=2.90s departure_window=12.10s total_horizon=15.00s[0m
[33m[WARN] [1788847501.299818902]: [multi_patrol][A1 EXIT HORIZON] V0 target=B29 dwell_part=0.90s departure_window=14.10s total_horizon=15.00s[0m
[33m[WARN] [1788847501.496875393]: [multi_patrol][A1 EXIT HORIZON] V1 target=B9 dwell_part=4.90s departure_window=10.10s total_horizon=15.00s[0m
[33m[WARN] [1788847501.508902513]: [multi_patrol][A1 EXIT HORIZON] V1 target=B9 dwell_part=2.90s departure_window=12.10s total_horizon=15.00s[0m
n] built plan=1819 start=3196.20 horizon=15.00 frames=150 commit_frames=20[0m
[0m[INFO] [1788847500.948845485]: [sim_plan] built plan=1820 start=3198.20 horizon=15.00 frames=150 commit_frames=20[0m
[0m[INFO] [1788847500.950633091]: [multi_patrol][A1 EXIT PRIORITY RELEASE] V1 s=0.771 threshold=0.758[0m
[0m[INFO] [1788847500.971659076]: [sim_plan] built plan=1821 start=3200.20 horizon=15.00 frames=150 commit_frames=20[0m
[0m[INFO] [1788847500.992055790]: [sim_plan] built plan=1822 start=3202.20 horizon=15.00 frames=150 commit_frames=20[0m
[0m[INFO] [1788847501.012871269]: [sim_plan] built plan=1823 start=3204.20 horizon=15.00 frames=150 commit_frames=20[0m
[0m[INFO] [1788847501.031584602]: [sim_plan] built plan=1824 start=3206.20 horizon=15.00 frames=150 commit_frames=20[0m
[0m[INFO] [1788847501.046891615]: [sim_plan] built plan=1825 start=3208.20 horizon=15.00 frames=150 commit_frames=20[0m
[0m[INFO] [1788847501.060653550]: [sim_plan] built plan=1826 start=3210.20 horizon=15.00 frames=150 commit_frames=20[0m
[0m[INFO] [1788847501.077592984]: [sim_plan] built plan=1827 start=3212.20 horizon=15.00 frames=150 commit_frames=20[0m
[0m[INFO] [1788847501.086874575]: [sim_plan] built plan=1828 start=3214.20 horizon=15.00 frames=150 commit_frames=20[0m
[0m[INFO] [1788847501.095107875]: [sim_plan] built plan=1829 start=3216.20 horizon=15.00 frames=150 commit_frames=20[0m
[0m[INFO] [1788847501.100579915]: [sim_plan] built plan=1830 start=3218.20 horizon=15.00 frames=150 commit_frames=20[0m
[0m[INFO] [1788847501.105074392]: [sim_plan] built plan=1831 start=3220.20 horizon=15.00 frames=150 commit_frames=20[0m
[0m[INFO] [1788847501.109560794]: [sim_plan] built plan=1832 start=3222.20 horizon=15.00 frames=150 commit_frames=20[0m
[0m[INFO] [1788847501.114335305]: [multi_patrol][A1] V1 pickup leg: B32 -> A1  wpts=286 len=3.302[0m
[0m[INFO] [1788847501.141751940]: [sim_plan] built plan=1833 start=3223.80 horizon=15.00 frames=150 commit_frames=20[0m
[0m[INFO] [1788847501.178653594]: [sim_plan] built plan=1834 start=3225.80 horizon=15.00 frames=150 commit_frames=20[0m
[0m[INFO] [1788847501.217522903]: [sim_plan] built plan=1835 start=3227.20 horizon=15.00 frames=150 commit_frames=20[0m
[0m[INFO] [1788847501.259390267]: [sim_plan] built plan=1836 start=3229.20 horizon=15.00 frames=150 commit_frames=20[0m
[0m[INFO] [1788847501.299762696]: [sim_plan] built plan=1837 start=3231.20 horizon=15.00 frames=150 commit_frames=20[0m
[0m[INFO] [1788847501.301226695]: [multi_patrol][A1] V0 activate prepared dropoff: A1 -> B29 len=7.297 priority_until_s=0.758[0m
[0m[INFO] [1788847501.340191624]: [sim_plan] built plan=1838 start=3232.10 horizon=15.00 frames=150 commit_frames=20[0m
[0m[INFO] [1788847501.379497939]: [sim_plan] built plan=1839 start=3234.10 horizon=15.00 frames=150 commit_frames=20[0m
[0m[INFO] [1788847501.407126196]: [sim_plan] built plan=1840 start=3236.10 horizon=15.00 frames=150 commit_frames=20[0m
[0m[INFO] [1788847501.408627077]: [multi_patrol][A1 EXIT PRIORITY RELEASE] V0 s=0.771 threshold=0.758[0m
[0m[INFO] [1788847501.428576120]: [sim_plan] built plan=1841 start=3238.10 horizon=15.00 frames=150 commit_frames=20[0m
[0m[INFO] [1788847501.443197385]: [sim_plan] built plan=1842 start=3240.10 horizon=15.00 frames=150 commit_frames=20[0m
[0m[INFO] [1788847501.457311753]: [sim_plan] built plan=1843 start=3242.10 horizon=15.00 frames=150 commit_frames=20[0m
[0m[INFO] [1788847501.468780402]: [sim_plan] built plan=1844 start=3244.10 horizon=15.00 frames=150 commit_frames=20[0m
[0m[INFO] [1788847501.479352672]: [sim_plan] built plan=1845 start=3246.10 horizon=15.00 frames=150 commit_frames=20[0m
[0m[INFO] [1788847501.488293376]: [sim_plan] built plan=1846 start=3248.10 horizon=15.00 frames=150 commit_frames=20[0m
[0m[INFO] [1788847501.496823594]: [sim_plan] built plan=1847 start=3250.10 horizon=15.00 frames=150 commit_frames=20[0m
[0m[INFO] [1788847501.508818464]: [sim_plan] built plan=1848 start=3252.10 horizon=15.00 frames=150 commit_frames=20[0m
[0m[INFO] [1788847501.52368318[33m[WARN] [1788847501.524053257]: [multi_patrol][A1 EXIT HORIZON] V1 target=B9 dwell_part=0.90s departure_window=14.10s total_horizon=15.00s[0m
[33m[WARN] [1788847501.609440182]: [SLOT_DEPARTURE] time=54min35.2s vehicle=V1 owner=none result=ALLOW reason=no_service_owner candidate_path_gen=79 slot_departure_clear_s=0.346 vehicle_mode=ACTIVE vehicle_speed=0.000 vehicle_path_s=0.000 blocker=none a1_prefix_conflict=0 ordinary_road_conflict=0[0m
[33m[WARN] [1788847501.609930413]: [multi_patrol][A1 EXIT PREPARED] V1 target=B19 pickup_dwell=5.00s exit_len=4.755 priority_until_s=0.758 horizon_refresh=IMMEDIATE[0m
[33m[WARN] [1788847501.630182681]: [SLOT_DEPARTURE] time=54min39.6s vehicle=V0 owner=V1 result=ALLOW reason=slot_departure_clear candidate_path_gen=79 slot_departure_clear_s=0.327 vehicle_mode=ACTIVE vehicle_speed=0.000 vehicle_path_s=0.000 blocker=none a1_prefix_conflict=0 ordinary_road_conflict=0 owner_phase=TO_A1 owner_path_gen=79 geometry=pending_preview protected_zones=0 actual_occupancy_priority=0[0m
[33m[WARN] [1788847501.630685492]: [multi_patrol][A1 EXIT PREPARED] V0 target=B2 pickup_dwell=5.00s exit_len=2.116 priority_until_s=0.756 horizon_refresh=IMMEDIATE[0m
[33m[WARN] [1788847501.810336647]: [multi_patrol][A1 EXIT HORIZON] V1 target=B19 dwell_part=4.90s departure_window=10.10s total_horizon=15.00s[0m
[33m[WARN] [1788847501.869694823]: [multi_patrol][A1 EXIT HORIZON] V1 target=B19 dwell_part=2.90s departure_window=12.10s total_horizon=15.00s[0m
[33m[WARN] [1788847501.934755271]: [multi_patrol][A1 EXIT HORIZON] V1 target=B19 dwell_part=0.90s departure_window=14.10s total_horizon=15.00s[0m
1]: [sim_plan] built plan=1849 start=3254.10 horizon=15.00 frames=150 commit_frames=20[0m
[0m[INFO] [1788847501.525488928]: [multi_patrol][A1] V1 activate prepared dropoff: A1 -> B9 len=2.555 priority_until_s=0.756[0m
[0m[INFO] [1788847501.540376619]: [sim_plan] built plan=1850 start=3255.00 horizon=15.00 frames=150 commit_frames=20[0m
[0m[INFO] [1788847501.558208595]: [sim_plan] built plan=1851 start=3257.00 horizon=15.00 frames=150 commit_frames=20[0m
[0m[INFO] [1788847501.572497940]: [sim_plan] built plan=1852 start=3259.00 horizon=15.00 frames=150 commit_frames=20[0m
[0m[INFO] [1788847501.573331011]: [multi_patrol][A1 EXIT PRIORITY RELEASE] V1 s=0.768 threshold=0.756[0m
[0m[INFO] [1788847501.583659571]: [sim_plan] built plan=1853 start=3261.00 horizon=15.00 frames=150 commit_frames=20[0m
[0m[INFO] [1788847501.592165321]: [sim_plan] built plan=1854 start=3263.00 horizon=15.00 frames=150 commit_frames=20[0m
[0m[INFO] [1788847501.598960786]: [sim_plan] built plan=1855 start=3265.00 horizon=15.00 frames=150 commit_frames=20[0m
[0m[INFO] [1788847501.603383040]: [sim_plan] built plan=1856 start=3267.00 horizon=15.00 frames=150 commit_frames=20[0m
[0m[INFO] [1788847501.605979003]: [sim_plan] built plan=1857 start=3269.00 horizon=15.00 frames=150 commit_frames=20[0m
[0m[INFO] [1788847501.607330749]: [sim_plan] built plan=1858 start=3271.00 horizon=15.00 frames=150 commit_frames=20[0m
[0m[INFO] [1788847501.608290591]: [sim_plan] built plan=1859 start=3273.00 horizon=15.00 frames=150 commit_frames=20[0m
[0m[INFO] [1788847501.609074879]: [sim_plan] built plan=1860 start=3275.00 horizon=15.00 frames=150 commit_frames=20[0m
[0m[INFO] [1788847501.609403112]: [multi_patrol][A1] V1 pickup leg: B9 -> A1  wpts=298 len=3.034[0m
[0m[INFO] [1788847501.613238859]: [sim_plan] built plan=1861 start=3275.20 horizon=15.00 frames=150 commit_frames=20[0m
[0m[INFO] [1788847501.616466636]: [sim_plan] built plan=1862 start=3277.20 horizon=15.00 frames=150 commit_frames=20[0m
[0m[INFO] [1788847501.625118522]: [sim_plan] built plan=1863 start=3279.20 horizon=15.00 frames=150 commit_frames=20[0m
[0m[INFO] [1788847501.630116716]: [multi_patrol][A1] V0 pickup leg: B29 -> A1  wpts=447 len=5.225[0m
[0m[INFO] [1788847501.645909716]: [sim_plan] built plan=1864 start=3279.60 horizon=15.00 frames=150 commit_frames=20[0m
[0m[INFO] [1788847501.663331895]: [sim_plan] built plan=1865 start=3281.60 horizon=15.00 frames=150 commit_frames=20[0m
[0m[INFO] [1788847501.676510482]: [sim_plan] built plan=1866 start=3283.60 horizon=15.00 frames=150 commit_frames=20[0m
[0m[INFO] [1788847501.688673435]: [sim_plan] built plan=1867 start=3285.60 horizon=15.00 frames=150 commit_frames=20[0m
[0m[INFO] [1788847501.701138657]: [sim_plan] built plan=1868 start=3287.60 horizon=15.00 frames=150 commit_frames=20[0m
[0m[INFO] [1788847501.731071826]: [sim_plan] built plan=1869 start=3289.60 horizon=15.00 frames=150 commit_frames=20[0m
[0m[INFO] [1788847501.766997568]: [sim_plan] built plan=1870 start=3291.60 horizon=15.00 frames=150 commit_frames=20[0m
[0m[INFO] [1788847501.810287814]: [sim_plan] built plan=1871 start=3292.70 horizon=15.00 frames=150 commit_frames=20[0m
[0m[INFO] [1788847501.869650268]: [sim_plan] built plan=1872 start=3294.70 horizon=15.00 frames=150 commit_frames=20[0m
[0m[INFO] [1788847501.934713061]: [sim_plan] built plan=1873 start=3296.70 horizon=15.00 frames=150 commit_frames=20[0m
[0m[INFO] [1788847501.935954206]: [multi_patrol][A1] V1 activate prepared dropoff: A1 -> B19 len=4.755 priority_until_s=0.758[0m
[0m[INFO] [1788847502.003599506]: [sim_plan] built plan=1874 start=3297.60 horizon=15.00 frames=150 commit_frames=20[0m
[0m[INFO] [1788847502.066718320]: [sim_plan] built plan=1875 start=3299.60 horizon=15.00 frames=150 commit_frames=20[0m
[0m[INFO] [1788847502.121937121]: [sim_plan] built plan=1876 start=3301.60 horizon=15.00 frames=150 commit_frames=20[0m
[0m[INFO] [1788847502.123478858]: [multi_patrol][A1 EXIT PRIORITY RELEASE] V1 s=0.771 threshold=0.758[0m
[0m[INFO] [1788847502.16645838[33m[WARN] [1788847502.301270198]: [multi_patrol][A1 EXIT HORIZON] V0 target=B2 dwell_part=4.90s departure_window=10.10s total_horizon=15.00s[0m
[33m[WARN] [1788847502.307071283]: [multi_patrol][A1 EXIT HORIZON] V0 target=B2 dwell_part=2.90s departure_window=12.10s total_horizon=15.00s[0m
[33m[WARN] [1788847502.312851935]: [multi_patrol][A1 EXIT HORIZON] V0 target=B2 dwell_part=0.90s departure_window=14.10s total_horizon=15.00s[0m
[33m[WARN] [1788847502.326104922]: [SLOT_DEPARTURE] time=55min30.3s vehicle=V1 owner=V0 result=ALLOW reason=slot_departure_clear candidate_path_gen=81 slot_departure_clear_s=0.327 vehicle_mode=ACTIVE vehicle_speed=0.000 vehicle_path_s=0.000 blocker=none a1_prefix_conflict=0 ordinary_road_conflict=0 owner_phase=TO_B owner_path_gen=80 geometry=actual_to_b protected_zones=0 actual_occupancy_priority=0[0m
[33m[WARN] [1788847502.326655327]: [multi_patrol][A1 EXIT PREPARED] V1 target=B31 pickup_dwell=5.00s exit_len=6.891 priority_until_s=0.758 horizon_refresh=IMMEDIATE[0m
[33m[WARN] [1788847502.422478625]: [SLOT_DEPARTURE] time=55min45.1s vehicle=V0 owner=V1 result=ALLOW reason=slot_departure_clear candidate_path_gen=81 slot_departure_clear_s=0.346 vehicle_mode=ACTIVE vehicle_speed=0.000 vehicle_path_s=0.000 blocker=none a1_prefix_conflict=0 ordinary_road_conflict=0 owner_phase=TO_A1 owner_path_gen=81 geometry=pending_preview protected_zones=0 actual_occupancy_priority=0[0m
[33m[WARN] [1788847502.423035574]: [multi_patrol][A1 EXIT PREPARED] V0 target=B50 pickup_dwell=5.00s exit_len=6.993 priority_until_s=0.758 horizon_refresh=IMMEDIATE[0m
[33m[WARN] [1788847502.699678221]: [multi_patrol][A1 EXIT HORIZON] V1 target=B31 dwell_part=4.90s departure_window=10.10s total_horizon=15.00s[0m
[33m[WARN] [1788847502.745153702]: [multi_patrol][A1 EXIT HORIZON] V1 target=B31 dwell_part=2.90s departure_window=12.10s total_horizon=15.00s[0m
[33m[WARN] [1788847502.787527674]: [multi_patrol][A1 EXIT HORIZON] V1 target=B31 dwell_part=0.90s departure_window=14.10s total_horizon=15.00s[0m
9]: [sim_plan] built plan=1877 start=3303.60 horizon=15.00 frames=150 commit_frames=20[0m
[0m[INFO] [1788847502.199679676]: [sim_plan] built plan=1878 start=3305.60 horizon=15.00 frames=150 commit_frames=20[0m
[0m[INFO] [1788847502.227028666]: [sim_plan] built plan=1879 start=3307.60 horizon=15.00 frames=150 commit_frames=20[0m
[0m[INFO] [1788847502.244726961]: [sim_plan] built plan=1880 start=3309.60 horizon=15.00 frames=150 commit_frames=20[0m
[0m[INFO] [1788847502.257793103]: [sim_plan] built plan=1881 start=3311.60 horizon=15.00 frames=150 commit_frames=20[0m
[0m[INFO] [1788847502.270540734]: [sim_plan] built plan=1882 start=3313.60 horizon=15.00 frames=150 commit_frames=20[0m
[0m[INFO] [1788847502.279542616]: [sim_plan] built plan=1883 start=3315.60 horizon=15.00 frames=150 commit_frames=20[0m
[0m[INFO] [1788847502.286676149]: [sim_plan] built plan=1884 start=3317.60 horizon=15.00 frames=150 commit_frames=20[0m
[0m[INFO] [1788847502.292307661]: [sim_plan] built plan=1885 start=3319.60 horizon=15.00 frames=150 commit_frames=20[0m
[0m[INFO] [1788847502.296698962]: [sim_plan] built plan=1886 start=3321.60 horizon=15.00 frames=150 commit_frames=20[0m
[0m[INFO] [1788847502.301212761]: [sim_plan] built plan=1887 start=3322.20 horizon=15.00 frames=150 commit_frames=20[0m
[0m[INFO] [1788847502.307018559]: [sim_plan] built plan=1888 start=3324.20 horizon=15.00 frames=150 commit_frames=20[0m
[0m[INFO] [1788847502.312811218]: [sim_plan] built plan=1889 start=3326.20 horizon=15.00 frames=150 commit_frames=20[0m
[0m[INFO] [1788847502.314222305]: [multi_patrol][A1] V0 activate prepared dropoff: A1 -> B2 len=2.116 priority_until_s=0.756[0m
[0m[INFO] [1788847502.318301186]: [sim_plan] built plan=1890 start=3327.10 horizon=15.00 frames=150 commit_frames=20[0m
[0m[INFO] [1788847502.323165455]: [sim_plan] built plan=1891 start=3329.10 horizon=15.00 frames=150 commit_frames=20[0m
[0m[INFO] [1788847502.326054827]: [multi_patrol][A1] V1 pickup leg: B19 -> A1  wpts=249 len=3.198[0m
[0m[INFO] [1788847502.351635774]: [sim_plan] built plan=1892 start=3330.30 horizon=15.00 frames=150 commit_frames=20[0m
[0m[INFO] [1788847502.374149661]: [sim_plan] built plan=1893 start=3332.30 horizon=15.00 frames=150 commit_frames=20[0m
[0m[INFO] [1788847502.374626517]: [multi_patrol][A1 EXIT PRIORITY RELEASE] V0 s=0.768 threshold=0.756[0m
[0m[INFO] [1788847502.386692652]: [sim_plan] built plan=1894 start=3334.30 horizon=15.00 frames=150 commit_frames=20[0m
[0m[INFO] [1788847502.395752341]: [sim_plan] built plan=1895 start=3336.30 horizon=15.00 frames=150 commit_frames=20[0m
[0m[INFO] [1788847502.405352195]: [sim_plan] built plan=1896 start=3338.30 horizon=15.00 frames=150 commit_frames=20[0m
[0m[INFO] [1788847502.409735861]: [sim_plan] built plan=1897 start=3340.30 horizon=15.00 frames=150 commit_frames=20[0m
[0m[INFO] [1788847502.414855808]: [sim_plan] built plan=1898 start=3342.30 horizon=15.00 frames=150 commit_frames=20[0m
[0m[INFO] [1788847502.418911559]: [sim_plan] built plan=1899 start=3344.30 horizon=15.00 frames=150 commit_frames=20[0m
[0m[INFO] [1788847502.422431053]: [multi_patrol][A1] V0 pickup leg: B2 -> A1  wpts=162 len=2.116[0m
[0m[INFO] [1788847502.483686502]: [sim_plan] built plan=1900 start=3345.10 horizon=15.00 frames=150 commit_frames=20[0m
[0m[INFO] [1788847502.546171955]: [sim_plan] built plan=1901 start=3347.10 horizon=15.00 frames=150 commit_frames=20[0m
[0m[INFO] [1788847502.598925127]: [sim_plan] built plan=1902 start=3349.10 horizon=15.00 frames=150 commit_frames=20[0m
[0m[INFO] [1788847502.649255729]: [sim_plan] built plan=1903 start=3351.10 horizon=15.00 frames=150 commit_frames=20[0m
[0m[INFO] [1788847502.699615899]: [sim_plan] built plan=1904 start=3351.50 horizon=15.00 frames=150 commit_frames=20[0m
[0m[INFO] [1788847502.745058767]: [sim_plan] built plan=1905 start=3353.50 horizon=15.00 frames=150 commit_frames=20[0m
[0m[INFO] [1788847502.787467456]: [sim_plan] built plan=1906 start=3355.50 horizon=15.00 frames=150 commit_frames=20[0m
[0m[INFO] [1788847502.78[33m[WARN] [1788847502.976495054]: [multi_patrol][A1 EXIT HORIZON] V0 target=B50 dwell_part=4.90s departure_window=10.10s total_horizon=15.00s[0m
[33m[WARN] [1788847502.989378545]: [multi_patrol][A1 EXIT HORIZON] V0 target=B50 dwell_part=2.90s departure_window=12.10s total_horizon=15.00s[0m
[33m[WARN] [1788847503.007133162]: [multi_patrol][A1 EXIT HORIZON] V0 target=B50 dwell_part=0.90s departure_window=14.10s total_horizon=15.00s[0m
[33m[WARN] [1788847503.176871450]: [SLOT_DEPARTURE] time=56min41.8s vehicle=V1 owner=none result=ALLOW reason=no_service_owner candidate_path_gen=83 slot_departure_clear_s=0.327 vehicle_mode=ACTIVE vehicle_speed=0.000 vehicle_path_s=0.000 blocker=none a1_prefix_conflict=0 ordinary_road_conflict=0[0m
[33m[WARN] [1788847503.177383190]: [multi_patrol][A1 EXIT PREPARED] V1 target=B3 pickup_dwell=5.00s exit_len=1.901 priority_until_s=0.758 horizon_refresh=IMMEDIATE[0m
9048919]: [multi_patrol][A1] V1 activate prepared dropoff: A1 -> B31 len=6.891 priority_until_s=0.758[0m
[0m[INFO] [1788847502.837431721]: [sim_plan] built plan=1907 start=3356.40 horizon=15.00 frames=150 commit_frames=20[0m
[0m[INFO] [1788847502.876108582]: [sim_plan] built plan=1908 start=3358.40 horizon=15.00 frames=150 commit_frames=20[0m
[0m[INFO] [1788847502.902452203]: [sim_plan] built plan=1909 start=3360.40 horizon=15.00 frames=150 commit_frames=20[0m
[0m[INFO] [1788847502.903826936]: [multi_patrol][A1 EXIT PRIORITY RELEASE] V1 s=0.771 threshold=0.758[0m
[0m[INFO] [1788847502.921114923]: [sim_plan] built plan=1910 start=3362.40 horizon=15.00 frames=150 commit_frames=20[0m
[0m[INFO] [1788847502.934394520]: [sim_plan] built plan=1911 start=3364.40 horizon=15.00 frames=150 commit_frames=20[0m
[0m[INFO] [1788847502.946314034]: [sim_plan] built plan=1912 start=3366.40 horizon=15.00 frames=150 commit_frames=20[0m
[0m[INFO] [1788847502.956991507]: [sim_plan] built plan=1913 start=3368.40 horizon=15.00 frames=150 commit_frames=20[0m
[0m[INFO] [1788847502.966838510]: [sim_plan] built plan=1914 start=3370.40 horizon=15.00 frames=150 commit_frames=20[0m
[0m[INFO] [1788847502.976430009]: [sim_plan] built plan=1915 start=3372.20 horizon=15.00 frames=150 commit_frames=20[0m
[0m[INFO] [1788847502.989322612]: [sim_plan] built plan=1916 start=3374.20 horizon=15.00 frames=150 commit_frames=20[0m
[0m[INFO] [1788847503.007077220]: [sim_plan] built plan=1917 start=3376.20 horizon=15.00 frames=150 commit_frames=20[0m
[0m[INFO] [1788847503.008577566]: [multi_patrol][A1] V0 activate prepared dropoff: A1 -> B50 len=6.993 priority_until_s=0.758[0m
[0m[INFO] [1788847503.025174794]: [sim_plan] built plan=1918 start=3377.10 horizon=15.00 frames=150 commit_frames=20[0m
[0m[INFO] [1788847503.057236034]: [sim_plan] built plan=1919 start=3379.10 horizon=15.00 frames=150 commit_frames=20[0m
[0m[INFO] [1788847503.076225778]: [sim_plan] built plan=1920 start=3381.10 horizon=15.00 frames=150 commit_frames=20[0m
[0m[INFO] [1788847503.077564491]: [multi_patrol][A1 EXIT PRIORITY RELEASE] V0 s=0.771 threshold=0.758[0m
[0m[INFO] [1788847503.094619070]: [sim_plan] built plan=1921 start=3383.10 horizon=15.00 frames=150 commit_frames=20[0m
[0m[INFO] [1788847503.111216640]: [sim_plan] built plan=1922 start=3385.10 horizon=15.00 frames=150 commit_frames=20[0m
[0m[INFO] [1788847503.125933770]: [sim_plan] built plan=1923 start=3387.10 horizon=15.00 frames=150 commit_frames=20[0m
[0m[INFO] [1788847503.138097687]: [sim_plan] built plan=1924 start=3389.10 horizon=15.00 frames=150 commit_frames=20[0m
[0m[INFO] [1788847503.148547229]: [sim_plan] built plan=1925 start=3391.10 horizon=15.00 frames=150 commit_frames=20[0m
[0m[INFO] [1788847503.156546016]: [sim_plan] built plan=1926 start=3393.10 horizon=15.00 frames=150 commit_frames=20[0m
[0m[INFO] [1788847503.161899873]: [sim_plan] built plan=1927 start=3395.10 horizon=15.00 frames=150 commit_frames=20[0m
[0m[INFO] [1788847503.166936960]: [sim_plan] built plan=1928 start=3397.10 horizon=15.00 frames=150 commit_frames=20[0m
[0m[INFO] [1788847503.172240246]: [sim_plan] built plan=1929 start=3399.10 horizon=15.00 frames=150 commit_frames=20[0m
[0m[INFO] [1788847503.176168275]: [sim_plan] built plan=1930 start=3401.10 horizon=15.00 frames=150 commit_frames=20[0m
[0m[INFO] [1788847503.176820583]: [multi_patrol][A1] V1 pickup leg: B31 -> A1  wpts=447 len=5.225[0m
[0m[INFO] [1788847503.195061638]: [sim_plan] built plan=1931 start=3401.80 horizon=15.00 frames=150 commit_frames=20[0m
[0m[INFO] [1788847503.219666545]: [sim_plan] built plan=1932 start=3403.80 horizon=15.00 frames=150 commit_frames=20[0m
[0m[INFO] [1788847503.235122293]: [sim_plan] built plan=1933 start=3405.80 horizon=15.00 frames=150 commit_frames=20[0m
[0m[INFO] [1788847503.248598372]: [sim_plan] built plan=1934 start=3407.80 horizon=15.00 frames=150 commit_frames=20[0m
[0m[INFO] [1788847503.260420846]: [sim_plan] built plan=1935 start=3409.80 horizon=15.00 frames=150 commit_frames=20[0m
[0m[33m[WARN] [1788847503.304177335]: [SLOT_DEPARTURE] time=57min3.1s vehicle=V0 owner=V1 result=ALLOW reason=slot_departure_clear candidate_path_gen=83 slot_departure_clear_s=0.327 vehicle_mode=ACTIVE vehicle_speed=0.000 vehicle_path_s=0.000 blocker=none a1_prefix_conflict=0 ordinary_road_conflict=0 owner_phase=TO_A1 owner_path_gen=83 geometry=pending_preview protected_zones=0 actual_occupancy_priority=0[0m
[33m[WARN] [1788847503.304669581]: [multi_patrol][A1 EXIT PREPARED] V0 target=B26 pickup_dwell=5.00s exit_len=3.655 priority_until_s=0.758 horizon_refresh=IMMEDIATE[0m
[33m[WARN] [1788847503.450146789]: [multi_patrol][A1 EXIT HORIZON] V1 target=B3 dwell_part=4.90s departure_window=10.10s total_horizon=15.00s[0m
[33m[WARN] [1788847503.489707113]: [multi_patrol][A1 EXIT HORIZON] V1 target=B3 dwell_part=2.90s departure_window=12.10s total_horizon=15.00s[0m
[33m[WARN] [1788847503.525615855]: [multi_patrol][A1 EXIT HORIZON] V1 target=B3 dwell_part=0.90s departure_window=14.10s total_horizon=15.00s[0m
[33m[WARN] [1788847503.665226825]: [SLOT_DEPARTURE] time=57min35.9s vehicle=V1 owner=V0 result=ALLOW reason=slot_departure_clear candidate_path_gen=85 slot_departure_clear_s=0.346 vehicle_mode=ACTIVE vehicle_speed=0.000 vehicle_path_s=0.000 blocker=none a1_prefix_conflict=0 ordinary_road_conflict=0 owner_phase=TO_A1 owner_path_gen=83 geometry=pending_preview protected_zones=0 actual_occupancy_priority=0[0m
[33m[WARN] [1788847503.665814762]: [multi_patrol][A1 EXIT PREPARED] V1 target=B42 pickup_dwell=5.00s exit_len=5.845 priority_until_s=0.758 horizon_refresh=IMMEDIATE[0m
[33m[WARN] [1788847503.812901078]: [multi_patrol][A1 EXIT HORIZON] V0 target=B26 dwell_part=4.90s departure_window=10.10s total_horizon=15.00s[0m
[33m[WARN] [1788847503.814256625]: [SOURCE=REAL] [plan=1962] [frame=15] [rollout_step=-1] [multi_patrol][A1 EXIT INTRUSION ENTER] owner=V0 target=B26 blocker=V1 dwell_remaining=3.40s visible_exit_t=8.60s owner_exit_s=0.726 blocker_phase=1 blocker_s=0.312 action=DIAG_ONLY[0m
[33m[WARN] [1788847503.855826709]: [multi_patrol][A1 EXIT HORIZON] V0 target=B26 dwell_part=2.90s departure_window=12.10s total_horizon=15.00s[0m
[33m[WARN] [1788847503.898356845]: [multi_patrol][A1 EXIT HORIZON] V0 target=B26 dwell_part=0.90s departure_window=14.10s total_horizon=15.00s[0m
[INFO] [1788847503.270350187]: [sim_plan] built plan=1936 start=3411.80 horizon=15.00 frames=150 commit_frames=20[0m
[0m[INFO] [1788847503.279016691]: [sim_plan] built plan=1937 start=3413.80 horizon=15.00 frames=150 commit_frames=20[0m
[0m[INFO] [1788847503.284935379]: [sim_plan] built plan=1938 start=3415.80 horizon=15.00 frames=150 commit_frames=20[0m
[0m[INFO] [1788847503.289298894]: [sim_plan] built plan=1939 start=3417.80 horizon=15.00 frames=150 commit_frames=20[0m
[0m[INFO] [1788847503.296603433]: [sim_plan] built plan=1940 start=3419.80 horizon=15.00 frames=150 commit_frames=20[0m
[0m[INFO] [1788847503.301545148]: [sim_plan] built plan=1941 start=3421.80 horizon=15.00 frames=150 commit_frames=20[0m
[0m[INFO] [1788847503.304136010]: [multi_patrol][A1] V0 pickup leg: B50 -> A1  wpts=404 len=5.066[0m
[0m[INFO] [1788847503.320474322]: [sim_plan] built plan=1942 start=3423.10 horizon=15.00 frames=150 commit_frames=20[0m
[0m[INFO] [1788847503.339798140]: [sim_plan] built plan=1943 start=3425.10 horizon=15.00 frames=150 commit_frames=20[0m
[0m[INFO] [1788847503.352971132]: [sim_plan] built plan=1944 start=3427.10 horizon=15.00 frames=150 commit_frames=20[0m
[0m[INFO] [1788847503.364274232]: [sim_plan] built plan=1945 start=3429.10 horizon=15.00 frames=150 commit_frames=20[0m
[0m[INFO] [1788847503.374858245]: [sim_plan] built plan=1946 start=3431.10 horizon=15.00 frames=150 commit_frames=20[0m
[0m[INFO] [1788847503.400344377]: [sim_plan] built plan=1947 start=3433.10 horizon=15.00 frames=150 commit_frames=20[0m
[0m[INFO] [1788847503.450088048]: [sim_plan] built plan=1948 start=3434.10 horizon=15.00 frames=150 commit_frames=20[0m
[0m[INFO] [1788847503.489665711]: [sim_plan] built plan=1949 start=3436.10 horizon=15.00 frames=150 commit_frames=20[0m
[0m[INFO] [1788847503.525564246]: [sim_plan] built plan=1950 start=3438.10 horizon=15.00 frames=150 commit_frames=20[0m
[0m[INFO] [1788847503.526912783]: [multi_patrol][A1] V1 activate prepared dropoff: A1 -> B3 len=1.901 priority_until_s=0.758[0m
[0m[INFO] [1788847503.561689474]: [sim_plan] built plan=1951 start=3439.00 horizon=15.00 frames=150 commit_frames=20[0m
[0m[INFO] [1788847503.596402281]: [sim_plan] built plan=1952 start=3441.00 horizon=15.00 frames=150 commit_frames=20[0m
[0m[INFO] [1788847503.620405963]: [sim_plan] built plan=1953 start=3443.00 horizon=15.00 frames=150 commit_frames=20[0m
[0m[INFO] [1788847503.621348668]: [multi_patrol][A1 EXIT PRIORITY RELEASE] V1 s=0.771 threshold=0.758[0m
[0m[INFO] [1788847503.637694208]: [sim_plan] built plan=1954 start=3445.00 horizon=15.00 frames=150 commit_frames=20[0m
[0m[INFO] [1788847503.644791786]: [sim_plan] built plan=1955 start=3447.00 horizon=15.00 frames=150 commit_frames=20[0m
[0m[INFO] [1788847503.652014620]: [sim_plan] built plan=1956 start=3449.00 horizon=15.00 frames=150 commit_frames=20[0m
[0m[INFO] [1788847503.656078559]: [sim_plan] built plan=1957 start=3451.00 horizon=15.00 frames=150 commit_frames=20[0m
[0m[INFO] [1788847503.659810322]: [sim_plan] built plan=1958 start=3453.00 horizon=15.00 frames=150 commit_frames=20[0m
[0m[INFO] [1788847503.663129022]: [sim_plan] built plan=1959 start=3455.00 horizon=15.00 frames=150 commit_frames=20[0m
[0m[INFO] [1788847503.665174129]: [multi_patrol][A1] V1 pickup leg: B3 -> A1  wpts=162 len=1.900[0m
[0m[INFO] [1788847503.718741906]: [sim_plan] built plan=1960 start=3455.90 horizon=15.00 frames=150 commit_frames=20[0m
[0m[INFO] [1788847503.768668384]: [sim_plan] built plan=1961 start=3457.90 horizon=15.00 frames=150 commit_frames=20[0m
[0m[INFO] [1788847503.812845441]: [sim_plan] built plan=1962 start=3459.00 horizon=15.00 frames=150 commit_frames=20[0m
[0m[INFO] [1788847503.855780708]: [sim_plan] built plan=1963 start=3461.00 horizon=15.00 frames=150 commit_frames=20[0m
[0m[INFO] [1788847503.898305959]: [sim_plan] built plan=1964 start=3463.00 horizon=15.00 frames=150 commit_frames=20[0m
[0m[INFO] [1788847503.899529923]: [multi_patrol][A1] V0 activate prepared dropoff: A1 -> B26 len=3.655 priority_until_s[33m[WARN] [1788847503.942252532]: [SOURCE=REAL] [plan=1965] [frame=10] [rollout_step=-1] [multi_patrol][A1 EXIT INTRUSION CLEAR] owner=V0 blocker=V1[0m
[33m[WARN] [1788847504.073522146]: [multi_patrol][A1 EXIT HORIZON] V1 target=B42 dwell_part=4.90s departure_window=10.10s total_horizon=15.00s[0m
[33m[WARN] [1788847504.080329616]: [multi_patrol][A1 EXIT HORIZON] V1 target=B42 dwell_part=2.90s departure_window=12.10s total_horizon=15.00s[0m
[33m[WARN] [1788847504.088261177]: [multi_patrol][A1 EXIT HORIZON] V1 target=B42 dwell_part=0.90s departure_window=14.10s total_horizon=15.00s[0m
[33m[WARN] [1788847504.119349082]: [SLOT_DEPARTURE] time=58min11.4s vehicle=V0 owner=none result=ALLOW reason=no_service_owner candidate_path_gen=85 slot_departure_clear_s=0.327 vehicle_mode=ACTIVE vehicle_speed=0.000 vehicle_path_s=0.000 blocker=none a1_prefix_conflict=0 ordinary_road_conflict=0[0m
[33m[WARN] [1788847504.119834620]: [multi_patrol][A1 EXIT PREPARED] V0 target=B8 pickup_dwell=5.00s exit_len=2.336 priority_until_s=0.756 horizon_refresh=IMMEDIATE[0m
=0.758[0m
[0m[INFO] [1788847503.939336099]: [sim_plan] built plan=1965 start=3463.90 horizon=15.00 frames=150 commit_frames=20[0m
[0m[INFO] [1788847503.975345911]: [sim_plan] built plan=1966 start=3465.90 horizon=15.00 frames=150 commit_frames=20[0m
[0m[INFO] [1788847504.002604346]: [sim_plan] built plan=1967 start=3467.90 horizon=15.00 frames=150 commit_frames=20[0m
[0m[INFO] [1788847504.004096590]: [multi_patrol][A1 EXIT PRIORITY RELEASE] V0 s=0.771 threshold=0.758[0m
[0m[INFO] [1788847504.025718467]: [sim_plan] built plan=1968 start=3469.90 horizon=15.00 frames=150 commit_frames=20[0m
[0m[INFO] [1788847504.041189298]: [sim_plan] built plan=1969 start=3471.90 horizon=15.00 frames=150 commit_frames=20[0m
[0m[INFO] [1788847504.052689868]: [sim_plan] built plan=1970 start=3473.90 horizon=15.00 frames=150 commit_frames=20[0m
[0m[INFO] [1788847504.060866190]: [sim_plan] built plan=1971 start=3475.90 horizon=15.00 frames=150 commit_frames=20[0m
[0m[INFO] [1788847504.067599544]: [sim_plan] built plan=1972 start=3477.90 horizon=15.00 frames=150 commit_frames=20[0m
[0m[INFO] [1788847504.073470165]: [sim_plan] built plan=1973 start=3479.60 horizon=15.00 frames=150 commit_frames=20[0m
[0m[INFO] [1788847504.080276949]: [sim_plan] built plan=1974 start=3481.60 horizon=15.00 frames=150 commit_frames=20[0m
[0m[INFO] [1788847504.088211557]: [sim_plan] built plan=1975 start=3483.60 horizon=15.00 frames=150 commit_frames=20[0m
[0m[INFO] [1788847504.089795824]: [multi_patrol][A1] V1 activate prepared dropoff: A1 -> B42 len=5.845 priority_until_s=0.758[0m
[0m[INFO] [1788847504.095943850]: [sim_plan] built plan=1976 start=3484.50 horizon=15.00 frames=150 commit_frames=20[0m
[0m[INFO] [1788847504.107849774]: [sim_plan] built plan=1977 start=3486.50 horizon=15.00 frames=150 commit_frames=20[0m
[0m[INFO] [1788847504.113208151]: [sim_plan] built plan=1978 start=3488.50 horizon=15.00 frames=150 commit_frames=20[0m
[0m[INFO] [1788847504.114737423]: [multi_patrol][A1 EXIT PRIORITY RELEASE] V1 s=0.771 threshold=0.758[0m
[0m[INFO] [1788847504.118603722]: [sim_plan] built plan=1979 start=3490.50 horizon=15.00 frames=150 commit_frames=20[0m
[0m[INFO] [1788847504.119301367]: [multi_patrol][A1] V0 pickup leg: B26 -> A1  wpts=298 len=3.694[0m
[0m[INFO] [1788847504.163795272]: [sim_plan] built plan=1980 start=3491.40 horizon=15.00 frames=150 commit_frames=20[0m
[0m[INFO] [1788847504.190511674]: [sim_plan] built plan=1981 start=3493.40 horizon=15.00 frames=150 commit_frames=20[0m
[0m[INFO] [1788847504.214099097]: [sim_plan] built plan=1982 start=3495.40 horizon=15.00 frames=150 commit_frames=20[0m
[0m[INFO] [1788847504.236506728]: [sim_plan] built plan=1983 start=3497.40 horizon=15.00 frames=150 commit_frames=20[0m
[0m[INFO] [1788847504.255104146]: [sim_plan] built plan=1984 start=3499.40 horizon=15.00 frames=150 commit_frames=20[0m
[0m[INFO] [1788847504.274033873]: [sim_plan] built plan=1985 start=3501.40 horizon=15.00 frames=150 commit_frames=20[0m
[0m[INFO] [1788847504.295178084]: [sim_plan] built plan=1986 start=3503.40 horizon=15.00 frames=150 commit_frames=20[0m
[0m[INFO] [1788847504.314468623]: [sim_plan] built plan=1987 start=3505.40 horizon=15.00 frames=150 commit_frames=20[0m
[0m[INFO] [1788847504.330509693]: [sim_plan] built plan=1988 start=3507.40 horizon=15.00 frames=150 commit_frames=20[0m
[0m[INFO] [1788847504.345789530]: [sim_plan] built plan=1989 start=3509.40 horizon=15.00 frames=150 commit_frames=20[0m
[0m[INFO] [1788847504.359751977]: [sim_plan] built plan=1990 start=3511.40 horizon=15.00 frames=150 commit_frames=20[0m
[0m[INFO] [1788847504.374873110]: [sim_plan] built plan=1991 start=3513.40 horizon=15.00 frames=150 commit_frames=20[0m
[0m[INFO] [1788847504.382677691]: [sim_plan] built plan=1992 start=3515.40 horizon=15.00 frames=150 commit_frames=20[0m
[0m[INFO] [1788847504.389350818]: [sim_plan] built plan=1993 start=3517.40 horizon=15.00 frames=150 commit_frames=20[0m
[0m[INFO] [1788847504.393651495]: [sim_plan] built plan=1994 start=3519.40 horizon=15.00 frames=15[33m[WARN] [1788847504.404812203]: [SLOT_DEPARTURE] time=58min44.7s vehicle=V1 owner=V0 result=ALLOW reason=slot_departure_clear candidate_path_gen=87 slot_departure_clear_s=0.327 vehicle_mode=ACTIVE vehicle_speed=0.000 vehicle_path_s=0.000 blocker=none a1_prefix_conflict=0 ordinary_road_conflict=0 owner_phase=TO_A1 owner_path_gen=85 geometry=pending_preview protected_zones=0 actual_occupancy_priority=0[0m
[33m[WARN] [1788847504.405254198]: [multi_patrol][A1 EXIT PREPARED] V1 target=B56 pickup_dwell=5.00s exit_len=7.361 priority_until_s=0.758 horizon_refresh=IMMEDIATE[0m
[33m[WARN] [1788847504.444343364]: [multi_patrol][A1 EXIT HORIZON] V0 target=B8 dwell_part=4.90s departure_window=10.10s total_horizon=15.00s[0m
[33m[WARN] [1788847504.459524923]: [multi_patrol][A1 EXIT HORIZON] V0 target=B8 dwell_part=2.90s departure_window=12.10s total_horizon=15.00s[0m
[33m[WARN] [1788847504.478122578]: [multi_patrol][A1 EXIT HORIZON] V0 target=B8 dwell_part=0.90s departure_window=14.10s total_horizon=15.00s[0m
[33m[WARN] [1788847504.591476966]: [SLOT_DEPARTURE] time=59min11.3s vehicle=V0 owner=V1 result=ALLOW reason=slot_departure_clear candidate_path_gen=87 slot_departure_clear_s=0.346 vehicle_mode=ACTIVE vehicle_speed=0.000 vehicle_path_s=0.000 blocker=none a1_prefix_conflict=0 ordinary_road_conflict=0 owner_phase=TO_A1 owner_path_gen=87 geometry=pending_preview protected_zones=0 actual_occupancy_priority=0[0m
[33m[WARN] [1788847504.591890671]: [multi_patrol][A1 EXIT PREPARED] V0 target=B41 pickup_dwell=5.00s exit_len=7.360 priority_until_s=0.758 horizon_refresh=IMMEDIATE[0m
[33m[WARN] [1788847504.835807728]: [multi_patrol][A1 EXIT HORIZON] V1 target=B56 dwell_part=4.90s departure_window=10.10s total_horizon=15.00s[0m
[33m[WARN] [1788847504.883666088]: [multi_patrol][A1 EXIT HORIZON] V1 target=B56 dwell_part=2.90s departure_window=12.10s total_horizon=15.00s[0m
[33m[WARN] [1788847504.939882298]: [multi_patrol][A1 EXIT HORIZON] V1 target=B56 dwell_part=0.90s departure_window=14.10s total_horizon=15.00s[0m
0 commit_frames=20[0m
[0m[INFO] [1788847504.397788235]: [sim_plan] built plan=1995 start=3521.40 horizon=15.00 frames=150 commit_frames=20[0m
[0m[INFO] [1788847504.401732153]: [sim_plan] built plan=1996 start=3523.40 horizon=15.00 frames=150 commit_frames=20[0m
[0m[INFO] [1788847504.404764469]: [multi_patrol][A1] V1 pickup leg: B42 -> A1  wpts=509 len=5.565[0m
[0m[INFO] [1788847504.417176426]: [sim_plan] built plan=1997 start=3524.70 horizon=15.00 frames=150 commit_frames=20[0m
[0m[INFO] [1788847504.433534487]: [sim_plan] built plan=1998 start=3526.70 horizon=15.00 frames=150 commit_frames=20[0m
[0m[INFO] [1788847504.444295954]: [sim_plan] built plan=1999 start=3527.30 horizon=15.00 frames=150 commit_frames=20[0m
[0m[INFO] [1788847504.459476970]: [sim_plan] built plan=2000 start=3529.30 horizon=15.00 frames=150 commit_frames=20[0m
[0m[INFO] [1788847504.478041107]: [sim_plan] built plan=2001 start=3531.30 horizon=15.00 frames=150 commit_frames=20[0m
[0m[INFO] [1788847504.479756430]: [multi_patrol][A1] V0 activate prepared dropoff: A1 -> B8 len=2.336 priority_until_s=0.756[0m
[0m[INFO] [1788847504.496726374]: [sim_plan] built plan=2002 start=3532.20 horizon=15.00 frames=150 commit_frames=20[0m
[0m[INFO] [1788847504.515569471]: [sim_plan] built plan=2003 start=3534.20 horizon=15.00 frames=150 commit_frames=20[0m
[0m[INFO] [1788847504.529787814]: [sim_plan] built plan=2004 start=3536.20 horizon=15.00 frames=150 commit_frames=20[0m
[0m[INFO] [1788847504.530869623]: [multi_patrol][A1 EXIT PRIORITY RELEASE] V0 s=0.768 threshold=0.756[0m
[0m[INFO] [1788847504.546163734]: [sim_plan] built plan=2005 start=3538.20 horizon=15.00 frames=150 commit_frames=20[0m
[0m[INFO] [1788847504.556547817]: [sim_plan] built plan=2006 start=3540.20 horizon=15.00 frames=150 commit_frames=20[0m
[0m[INFO] [1788847504.564102094]: [sim_plan] built plan=2007 start=3542.20 horizon=15.00 frames=150 commit_frames=20[0m
[0m[INFO] [1788847504.575008552]: [sim_plan] built plan=2008 start=3544.20 horizon=15.00 frames=150 commit_frames=20[0m
[0m[INFO] [1788847504.579673747]: [sim_plan] built plan=2009 start=3546.20 horizon=15.00 frames=150 commit_frames=20[0m
[0m[INFO] [1788847504.583752329]: [sim_plan] built plan=2010 start=3548.20 horizon=15.00 frames=150 commit_frames=20[0m
[0m[INFO] [1788847504.587582044]: [sim_plan] built plan=2011 start=3550.20 horizon=15.00 frames=150 commit_frames=20[0m
[0m[INFO] [1788847504.591436535]: [multi_patrol][A1] V0 pickup leg: B8 -> A1  wpts=276 len=2.815[0m
[0m[INFO] [1788847504.639697721]: [sim_plan] built plan=2012 start=3551.30 horizon=15.00 frames=150 commit_frames=20[0m
[0m[INFO] [1788847504.688361342]: [sim_plan] built plan=2013 start=3553.30 horizon=15.00 frames=150 commit_frames=20[0m
[0m[INFO] [1788847504.740002885]: [sim_plan] built plan=2014 start=3555.30 horizon=15.00 frames=150 commit_frames=20[0m
[0m[INFO] [1788847504.789631607]: [sim_plan] built plan=2015 start=3557.30 horizon=15.00 frames=150 commit_frames=20[0m
[0m[INFO] [1788847504.835758260]: [sim_plan] built plan=2016 start=3558.70 horizon=15.00 frames=150 commit_frames=20[0m
[0m[INFO] [1788847504.883619296]: [sim_plan] built plan=2017 start=3560.70 horizon=15.00 frames=150 commit_frames=20[0m
[0m[INFO] [1788847504.939839201]: [sim_plan] built plan=2018 start=3562.70 horizon=15.00 frames=150 commit_frames=20[0m
[0m[INFO] [1788847504.941148830]: [multi_patrol][A1] V1 activate prepared dropoff: A1 -> B56 len=7.361 priority_until_s=0.758[0m
[0m[INFO] [1788847504.990732482]: [sim_plan] built plan=2019 start=3563.60 horizon=15.00 frames=150 commit_frames=20[0m
[0m[INFO] [1788847505.038555662]: [sim_plan] built plan=2020 start=3565.60 horizon=15.00 frames=150 commit_frames=20[0m
[0m[INFO] [1788847505.073283772]: [sim_plan] built plan=2021 start=3567.60 horizon=15.00 frames=150 commit_frames=20[0m
[0m[INFO] [1788847505.074556950]: [multi_patrol][A1 EXIT PRIORITY RELEASE] V1 s=0.771 threshold=0.758[0m
[0m[INFO] [1788847505.101874356]: [sim_plan] built plan=2022 start=3569.60 horizon=15.00 frames=15[33m[WARN] [1788847505.229823033]: [multi_patrol][A1 EXIT HORIZON] V0 target=B41 dwell_part=4.90s departure_window=10.10s total_horizon=15.00s[0m
[33m[WARN] [1788847505.242215941]: [multi_patrol][A1 EXIT HORIZON] V0 target=B41 dwell_part=2.90s departure_window=12.10s total_horizon=15.00s[0m
[33m[WARN] [1788847505.257438285]: [multi_patrol][A1 EXIT HORIZON] V0 target=B41 dwell_part=0.90s departure_window=14.10s total_horizon=15.00s[0m
[33m[WARN] [1788847505.372476223]: [SLOT_DEPARTURE] time=60min11.5s vehicle=V1 owner=none result=ALLOW reason=no_service_owner candidate_path_gen=89 slot_departure_clear_s=0.346 vehicle_mode=ACTIVE vehicle_speed=0.000 vehicle_path_s=0.000 blocker=none a1_prefix_conflict=0 ordinary_road_conflict=0[0m
[33m[WARN] [1788847505.373104016]: [multi_patrol][A1 EXIT PREPARED] V1 target=B59 pickup_dwell=5.00s exit_len=9.022 priority_until_s=0.758 horizon_refresh=IMMEDIATE[0m
0 commit_frames=20[0m
[0m[INFO] [1788847505.127754116]: [sim_plan] built plan=2023 start=3571.60 horizon=15.00 frames=150 commit_frames=20[0m
[0m[INFO] [1788847505.145331729]: [sim_plan] built plan=2024 start=3573.60 horizon=15.00 frames=150 commit_frames=20[0m
[0m[INFO] [1788847505.160205289]: [sim_plan] built plan=2025 start=3575.60 horizon=15.00 frames=150 commit_frames=20[0m
[0m[INFO] [1788847505.175436224]: [sim_plan] built plan=2026 start=3577.60 horizon=15.00 frames=150 commit_frames=20[0m
[0m[INFO] [1788847505.188035789]: [sim_plan] built plan=2027 start=3579.60 horizon=15.00 frames=150 commit_frames=20[0m
[0m[INFO] [1788847505.200444348]: [sim_plan] built plan=2028 start=3581.60 horizon=15.00 frames=150 commit_frames=20[0m
[0m[INFO] [1788847505.210845481]: [sim_plan] built plan=2029 start=3583.60 horizon=15.00 frames=150 commit_frames=20[0m
[0m[INFO] [1788847505.220578248]: [sim_plan] built plan=2030 start=3585.60 horizon=15.00 frames=150 commit_frames=20[0m
[0m[INFO] [1788847505.229778679]: [sim_plan] built plan=2031 start=3587.50 horizon=15.00 frames=150 commit_frames=20[0m
[0m[INFO] [1788847505.242151486]: [sim_plan] built plan=2032 start=3589.50 horizon=15.00 frames=150 commit_frames=20[0m
[0m[INFO] [1788847505.257389551]: [sim_plan] built plan=2033 start=3591.50 horizon=15.00 frames=150 commit_frames=20[0m
[0m[INFO] [1788847505.258654397]: [multi_patrol][A1] V0 activate prepared dropoff: A1 -> B41 len=7.360 priority_until_s=0.758[0m
[0m[INFO] [1788847505.275509214]: [sim_plan] built plan=2034 start=3592.40 horizon=15.00 frames=150 commit_frames=20[0m
[0m[INFO] [1788847505.308092904]: [sim_plan] built plan=2035 start=3594.40 horizon=15.00 frames=150 commit_frames=20[0m
[0m[INFO] [1788847505.321944419]: [sim_plan] built plan=2036 start=3596.40 horizon=15.00 frames=150 commit_frames=20[0m
[0m[INFO] [1788847505.323343413]: [multi_patrol][A1 EXIT PRIORITY RELEASE] V0 s=0.771 threshold=0.758[0m
[0m[INFO] [1788847505.335473830]: [sim_plan] built plan=2037 start=3598.40 horizon=15.00 frames=150 commit_frames=20[0m
[0m[INFO] [1788847505.335931512]: [batch] 36000/72000 ticks (sim_t=3600s) hard_guard=0[0m
[0m[INFO] [1788847505.346134820]: [sim_plan] built plan=2038 start=3600.40 horizon=15.00 frames=150 commit_frames=20[0m
[0m[INFO] [1788847505.354596305]: [sim_plan] built plan=2039 start=3602.40 horizon=15.00 frames=150 commit_frames=20[0m
[0m[INFO] [1788847505.360404566]: [sim_plan] built plan=2040 start=3604.40 horizon=15.00 frames=150 commit_frames=20[0m
[0m[INFO] [1788847505.364401709]: [sim_plan] built plan=2041 start=3606.40 horizon=15.00 frames=150 commit_frames=20[0m
[0m[INFO] [1788847505.368189877]: [sim_plan] built plan=2042 start=3608.40 horizon=15.00 frames=150 commit_frames=20[0m
[0m[INFO] [1788847505.371617579]: [sim_plan] built plan=2043 start=3610.40 horizon=15.00 frames=150 commit_frames=20[0m
[0m[INFO] [1788847505.372426585]: [multi_patrol][A1] V1 pickup leg: B56 -> A1  wpts=649 len=6.945[0m
[0m[INFO] [1788847505.394125618]: [sim_plan] built plan=2044 start=3611.50 horizon=15.00 frames=150 commit_frames=20[0m
[0m[INFO] [1788847505.425274414]: [sim_plan] built plan=2045 start=3613.50 horizon=15.00 frames=150 commit_frames=20[0m
[0m[INFO] [1788847505.443833153]: [sim_plan] built plan=2046 start=3615.50 horizon=15.00 frames=150 commit_frames=20[0m
[0m[INFO] [1788847505.462509412]: [sim_plan] built plan=2047 start=3617.50 horizon=15.00 frames=150 commit_frames=20[0m
[0m[INFO] [1788847505.483422969]: [sim_plan] built plan=2048 start=3619.50 horizon=15.00 frames=150 commit_frames=20[0m
[0m[INFO] [1788847505.500548844]: [sim_plan] built plan=2049 start=3621.50 horizon=15.00 frames=150 commit_frames=20[0m
[0m[INFO] [1788847505.515431068]: [sim_plan] built plan=2050 start=3623.50 horizon=15.00 frames=150 commit_frames=20[0m
[0m[INFO] [1788847505.528770191]: [sim_plan] built plan=2051 start=3625.50 horizon=15.00 frames=150 commit_frames=20[0m
[0m[INFO] [1788847505.540504548]: [sim_plan] built plan=2052 start=3627.50 horizon=15.00 frames=150 c[33m[WARN] [1788847505.610136781]: [SLOT_DEPARTURE] time=60min40.3s vehicle=V0 owner=V1 result=ALLOW reason=slot_departure_clear candidate_path_gen=89 slot_departure_clear_s=0.327 vehicle_mode=ACTIVE vehicle_speed=0.000 vehicle_path_s=0.000 blocker=none a1_prefix_conflict=0 ordinary_road_conflict=0 owner_phase=TO_A1 owner_path_gen=89 geometry=pending_preview protected_zones=0 actual_occupancy_priority=0[0m
[33m[WARN] [1788847505.611134816]: [multi_patrol][A1 EXIT PREPARED] V0 target=B2 pickup_dwell=5.00s exit_len=2.116 priority_until_s=0.756 horizon_refresh=IMMEDIATE[0m
[33m[WARN] [1788847505.728780655]: [multi_patrol][A1 EXIT HORIZON] V1 target=B59 dwell_part=4.90s departure_window=10.10s total_horizon=15.00s[0m
[33m[WARN] [1788847505.743175159]: [multi_patrol][A1 EXIT HORIZON] V1 target=B59 dwell_part=2.90s departure_window=12.10s total_horizon=15.00s[0m
[33m[WARN] [1788847505.761856143]: [multi_patrol][A1 EXIT HORIZON] V1 target=B59 dwell_part=0.90s departure_window=14.10s total_horizon=15.00s[0m
ommit_frames=20[0m
[0m[INFO] [1788847505.550571493]: [sim_plan] built plan=2053 start=3629.50 horizon=15.00 frames=150 commit_frames=20[0m
[0m[INFO] [1788847505.557962685]: [sim_plan] built plan=2054 start=3631.50 horizon=15.00 frames=150 commit_frames=20[0m
[0m[INFO] [1788847505.563725282]: [sim_plan] built plan=2055 start=3633.50 horizon=15.00 frames=150 commit_frames=20[0m
[0m[INFO] [1788847505.567471683]: [sim_plan] built plan=2056 start=3635.50 horizon=15.00 frames=150 commit_frames=20[0m
[0m[INFO] [1788847505.583716446]: [sim_plan] built plan=2057 start=3637.50 horizon=15.00 frames=150 commit_frames=20[0m
[0m[INFO] [1788847505.599423191]: [sim_plan] built plan=2058 start=3639.50 horizon=15.00 frames=150 commit_frames=20[0m
[0m[INFO] [1788847505.610073202]: [multi_patrol][A1] V0 pickup leg: B41 -> A1  wpts=620 len=6.936[0m
[0m[INFO] [1788847505.627605011]: [sim_plan] built plan=2059 start=3640.30 horizon=15.00 frames=150 commit_frames=20[0m
[0m[INFO] [1788847505.655028730]: [sim_plan] built plan=2060 start=3642.30 horizon=15.00 frames=150 commit_frames=20[0m
[0m[INFO] [1788847505.670421322]: [sim_plan] built plan=2061 start=3644.30 horizon=15.00 frames=150 commit_frames=20[0m
[0m[INFO] [1788847505.683789398]: [sim_plan] built plan=2062 start=3646.30 horizon=15.00 frames=150 commit_frames=20[0m
[0m[INFO] [1788847505.695889233]: [sim_plan] built plan=2063 start=3648.30 horizon=15.00 frames=150 commit_frames=20[0m
[0m[INFO] [1788847505.707928344]: [sim_plan] built plan=2064 start=3650.30 horizon=15.00 frames=150 commit_frames=20[0m
[0m[INFO] [1788847505.718084777]: [sim_plan] built plan=2065 start=3652.30 horizon=15.00 frames=150 commit_frames=20[0m
[0m[INFO] [1788847505.728712372]: [sim_plan] built plan=2066 start=3652.50 horizon=15.00 frames=150 commit_frames=20[0m
[0m[INFO] [1788847505.743121730]: [sim_plan] built plan=2067 start=3654.50 horizon=15.00 frames=150 commit_frames=20[0m
[0m[INFO] [1788847505.761801362]: [sim_plan] built plan=2068 start=3656.50 horizon=15.00 frames=150 commit_frames=20[0m
[0m[INFO] [1788847505.763324584]: [multi_patrol][A1] V1 activate prepared dropoff: A1 -> B59 len=9.022 priority_until_s=0.758[0m
[0m[INFO] [1788847505.793660325]: [sim_plan] built plan=2069 start=3657.40 horizon=15.00 frames=150 commit_frames=20[0m
[0m[INFO] [1788847505.842380046]: [sim_plan] built plan=2070 start=3659.40 horizon=15.00 frames=150 commit_frames=20[0m
[0m[INFO] [1788847505.882611375]: [sim_plan] built plan=2071 start=3661.40 horizon=15.00 frames=150 commit_frames=20[0m
[0m[INFO] [1788847505.883992077]: [multi_patrol][A1 EXIT PRIORITY RELEASE] V1 s=0.771 threshold=0.758[0m
[0m[INFO] [1788847505.924050913]: [sim_plan] built plan=2072 start=3663.40 horizon=15.00 frames=150 commit_frames=20[0m
[0m[INFO] [1788847505.956324202]: [sim_plan] built plan=2073 start=3665.40 horizon=15.00 frames=150 commit_frames=20[0m
[0m[INFO] [1788847505.981539627]: [sim_plan] built plan=2074 start=3667.40 horizon=15.00 frames=150 commit_frames=20[0m
[0m[INFO] [1788847506.001177778]: [sim_plan] built plan=2075 start=3669.40 horizon=15.00 frames=150 commit_frames=20[0m
[0m[INFO] [1788847506.018971358]: [sim_plan] built plan=2076 start=3671.40 horizon=15.00 frames=150 commit_frames=20[0m
[0m[INFO] [1788847506.034671986]: [sim_plan] built plan=2077 start=3673.40 horizon=15.00 frames=150 commit_frames=20[0m
[0m[INFO] [1788847506.048651180]: [sim_plan] built plan=2078 start=3675.40 horizon=15.00 frames=150 commit_frames=20[0m
[0m[INFO] [1788847506.060205764]: [sim_plan] built plan=2079 start=3677.40 horizon=15.00 frames=150 commit_frames=20[0m
[0m[INFO] [1788847506.070946035]: [sim_plan] built plan=2080 start=3679.40 horizon=15.00 frames=150 commit_frames=20[0m
[0m[INFO] [1788847506.080018626]: [sim_plan] built plan=2081 start=3681.40 horizon=15.00 frames=150 commit_frames=20[0m
[0m[INFO] [1788847506.088125927]: [sim_plan] built plan=2082 start=3683.40 horizon=15.00 frames=150 commit_frames=20[0m
[0m[INFO] [1788847506.096952785]: [sim_plan] built plan=2083 start=3684.30[33m[WARN] [1788847506.097387076]: [multi_patrol][A1 EXIT HORIZON] V0 target=B2 dwell_part=4.90s departure_window=10.10s total_horizon=15.00s[0m
[33m[WARN] [1788847506.109453362]: [multi_patrol][A1 EXIT HORIZON] V0 target=B2 dwell_part=2.90s departure_window=12.10s total_horizon=15.00s[0m
[33m[WARN] [1788847506.123405469]: [multi_patrol][A1 EXIT HORIZON] V0 target=B2 dwell_part=0.90s departure_window=14.10s total_horizon=15.00s[0m
[33m[WARN] [1788847506.197718960]: [SLOT_DEPARTURE] time=61min47.2s vehicle=V0 owner=none result=ALLOW reason=no_service_owner candidate_path_gen=91 slot_departure_clear_s=0.346 vehicle_mode=ACTIVE vehicle_speed=0.000 vehicle_path_s=0.000 blocker=none a1_prefix_conflict=0 ordinary_road_conflict=0[0m
[33m[WARN] [1788847506.198170324]: [multi_patrol][A1 EXIT PREPARED] V0 target=B15 pickup_dwell=5.00s exit_len=4.311 priority_until_s=0.758 horizon_refresh=IMMEDIATE[0m
[33m[WARN] [1788847506.231834054]: [SLOT_DEPARTURE] time=61min53.7s vehicle=V1 owner=V0 result=ALLOW reason=slot_departure_clear candidate_path_gen=91 slot_departure_clear_s=0.346 vehicle_mode=ACTIVE vehicle_speed=0.000 vehicle_path_s=0.000 blocker=none a1_prefix_conflict=0 ordinary_road_conflict=0 owner_phase=TO_A1 owner_path_gen=91 geometry=pending_preview protected_zones=0 actual_occupancy_priority=0[0m
[33m[WARN] [1788847506.232283232]: [multi_patrol][A1 EXIT PREPARED] V1 target=B61 pickup_dwell=5.00s exit_len=8.398 priority_until_s=0.758 horizon_refresh=IMMEDIATE[0m
[33m[WARN] [1788847506.294406169]: [multi_patrol][A1 EXIT HORIZON] V0 target=B15 dwell_part=4.90s departure_window=10.10s total_horizon=15.00s[0m
[33m[WARN] [1788847506.308878268]: [multi_patrol][A1 EXIT HORIZON] V0 target=B15 dwell_part=2.90s departure_window=12.10s total_horizon=15.00s[0m
[33m[WARN] [1788847506.328003272]: [multi_patrol][A1 EXIT HORIZON] V0 target=B15 dwell_part=0.90s departure_window=14.10s total_horizon=15.00s[0m
 horizon=15.00 frames=150 commit_frames=20[0m
[0m[INFO] [1788847506.109401115]: [sim_plan] built plan=2084 start=3686.30 horizon=15.00 frames=150 commit_frames=20[0m
[0m[INFO] [1788847506.123352336]: [sim_plan] built plan=2085 start=3688.30 horizon=15.00 frames=150 commit_frames=20[0m
[0m[INFO] [1788847506.124823831]: [multi_patrol][A1] V0 activate prepared dropoff: A1 -> B2 len=2.116 priority_until_s=0.756[0m
[0m[INFO] [1788847506.138653960]: [sim_plan] built plan=2086 start=3689.20 horizon=15.00 frames=150 commit_frames=20[0m
[0m[INFO] [1788847506.156253347]: [sim_plan] built plan=2087 start=3691.20 horizon=15.00 frames=150 commit_frames=20[0m
[0m[INFO] [1788847506.169745394]: [sim_plan] built plan=2088 start=3693.20 horizon=15.00 frames=150 commit_frames=20[0m
[0m[INFO] [1788847506.170568132]: [multi_patrol][A1 EXIT PRIORITY RELEASE] V0 s=0.768 threshold=0.756[0m
[0m[INFO] [1788847506.179618365]: [sim_plan] built plan=2089 start=3695.20 horizon=15.00 frames=150 commit_frames=20[0m
[0m[INFO] [1788847506.186427664]: [sim_plan] built plan=2090 start=3697.20 horizon=15.00 frames=150 commit_frames=20[0m
[0m[INFO] [1788847506.191262644]: [sim_plan] built plan=2091 start=3699.20 horizon=15.00 frames=150 commit_frames=20[0m
[0m[INFO] [1788847506.194309729]: [sim_plan] built plan=2092 start=3701.20 horizon=15.00 frames=150 commit_frames=20[0m
[0m[INFO] [1788847506.195736913]: [sim_plan] built plan=2093 start=3703.20 horizon=15.00 frames=150 commit_frames=20[0m
[0m[INFO] [1788847506.197082574]: [sim_plan] built plan=2094 start=3705.20 horizon=15.00 frames=150 commit_frames=20[0m
[0m[INFO] [1788847506.197671093]: [multi_patrol][A1] V0 pickup leg: B2 -> A1  wpts=162 len=2.116[0m
[0m[INFO] [1788847506.210018526]: [sim_plan] built plan=2095 start=3707.20 horizon=15.00 frames=150 commit_frames=20[0m
[0m[INFO] [1788847506.218486903]: [sim_plan] built plan=2096 start=3709.20 horizon=15.00 frames=150 commit_frames=20[0m
[0m[INFO] [1788847506.222995472]: [sim_plan] built plan=2097 start=3711.20 horizon=15.00 frames=150 commit_frames=20[0m
[0m[INFO] [1788847506.226495647]: [sim_plan] built plan=2098 start=3713.20 horizon=15.00 frames=150 commit_frames=20[0m
[0m[INFO] [1788847506.231787110]: [multi_patrol][A1] V1 pickup leg: B59 -> A1  wpts=583 len=6.287[0m
[0m[INFO] [1788847506.245700074]: [sim_plan] built plan=2099 start=3713.70 horizon=15.00 frames=150 commit_frames=20[0m
[0m[INFO] [1788847506.260696418]: [sim_plan] built plan=2100 start=3715.70 horizon=15.00 frames=150 commit_frames=20[0m
[0m[INFO] [1788847506.272104510]: [sim_plan] built plan=2101 start=3717.70 horizon=15.00 frames=150 commit_frames=20[0m
[0m[INFO] [1788847506.282846866]: [sim_plan] built plan=2102 start=3719.70 horizon=15.00 frames=150 commit_frames=20[0m
[0m[INFO] [1788847506.294330097]: [sim_plan] built plan=2103 start=3720.30 horizon=15.00 frames=150 commit_frames=20[0m
[0m[INFO] [1788847506.308811870]: [sim_plan] built plan=2104 start=3722.30 horizon=15.00 frames=150 commit_frames=20[0m
[0m[INFO] [1788847506.327955709]: [sim_plan] built plan=2105 start=3724.30 horizon=15.00 frames=150 commit_frames=20[0m
[0m[INFO] [1788847506.329359080]: [multi_patrol][A1] V0 activate prepared dropoff: A1 -> B15 len=4.311 priority_until_s=0.758[0m
[0m[INFO] [1788847506.349909118]: [sim_plan] built plan=2106 start=3725.20 horizon=15.00 frames=150 commit_frames=20[0m
[0m[INFO] [1788847506.388826486]: [sim_plan] built plan=2107 start=3727.20 horizon=15.00 frames=150 commit_frames=20[0m
[0m[INFO] [1788847506.427210601]: [sim_plan] built plan=2108 start=3729.20 horizon=15.00 frames=150 commit_frames=20[0m
[0m[INFO] [1788847506.428751090]: [multi_patrol][A1 EXIT PRIORITY RELEASE] V0 s=0.771 threshold=0.758[0m
[0m[INFO] [1788847506.462662214]: [sim_plan] built plan=2109 start=3731.20 horizon=15.00 frames=150 commit_frames=20[0m
[0m[INFO] [1788847506.492676769]: [sim_plan] built plan=2110 start=3733.20 horizon=15.00 frames=150 commit_frames=20[0m
[0m[INFO] [1788847506.518115647]: [sim_plan] built plan=2111 start=3735.20[33m[WARN] [1788847506.609494861]: [multi_patrol][A1 EXIT HORIZON] V1 target=B61 dwell_part=4.90s departure_window=10.10s total_horizon=15.00s[0m
[33m[WARN] [1788847506.616846317]: [SLOT_DEPARTURE] time=62min35.7s vehicle=V0 owner=V1 result=ALLOW reason=slot_departure_clear candidate_path_gen=93 slot_departure_clear_s=0.327 vehicle_mode=ACTIVE vehicle_speed=0.000 vehicle_path_s=0.000 blocker=none a1_prefix_conflict=0 ordinary_road_conflict=0 owner_phase=PICKUP_DWELL owner_path_gen=91 geometry=pending_preview protected_zones=0 actual_occupancy_priority=0[0m
[33m[WARN] [1788847506.617395454]: [multi_patrol][A1 EXIT PREPARED] V0 target=B35 pickup_dwell=5.00s exit_len=7.330 priority_until_s=0.758 horizon_refresh=IMMEDIATE[0m
[33m[WARN] [1788847506.629620198]: [multi_patrol][A1 EXIT HORIZON] V1 target=B61 dwell_part=3.10s departure_window=11.90s total_horizon=15.00s[0m
[33m[WARN] [1788847506.658930196]: [multi_patrol][A1 EXIT HORIZON] V1 target=B61 dwell_part=1.10s departure_window=13.90s total_horizon=15.00s[0m
[33m[WARN] [1788847506.895422557]: [multi_patrol][A1 EXIT HORIZON] V0 target=B35 dwell_part=4.90s departure_window=10.10s total_horizon=15.00s[0m
[33m[WARN] [1788847506.907847369]: [multi_patrol][A1 EXIT HORIZON] V0 target=B35 dwell_part=2.90s departure_window=12.10s total_horizon=15.00s[0m
[33m[WARN] [1788847506.926034249]: [multi_patrol][A1 EXIT HORIZON] V0 target=B35 dwell_part=0.90s departure_window=14.10s total_horizon=15.00s[0m
 horizon=15.00 frames=150 commit_frames=20[0m
[0m[INFO] [1788847506.538747351]: [sim_plan] built plan=2112 start=3737.20 horizon=15.00 frames=150 commit_frames=20[0m
[0m[INFO] [1788847506.553086551]: [sim_plan] built plan=2113 start=3739.20 horizon=15.00 frames=150 commit_frames=20[0m
[0m[INFO] [1788847506.570288450]: [sim_plan] built plan=2114 start=3741.20 horizon=15.00 frames=150 commit_frames=20[0m
[0m[INFO] [1788847506.579670443]: [sim_plan] built plan=2115 start=3743.20 horizon=15.00 frames=150 commit_frames=20[0m
[0m[INFO] [1788847506.587113864]: [sim_plan] built plan=2116 start=3745.20 horizon=15.00 frames=150 commit_frames=20[0m
[0m[INFO] [1788847506.592914821]: [sim_plan] built plan=2117 start=3747.20 horizon=15.00 frames=150 commit_frames=20[0m
[0m[INFO] [1788847506.597320336]: [sim_plan] built plan=2118 start=3749.20 horizon=15.00 frames=150 commit_frames=20[0m
[0m[INFO] [1788847506.601181445]: [sim_plan] built plan=2119 start=3751.20 horizon=15.00 frames=150 commit_frames=20[0m
[0m[INFO] [1788847506.605406007]: [sim_plan] built plan=2120 start=3753.20 horizon=15.00 frames=150 commit_frames=20[0m
[0m[INFO] [1788847506.609455087]: [sim_plan] built plan=2121 start=3753.90 horizon=15.00 frames=150 commit_frames=20[0m
[0m[INFO] [1788847506.616790098]: [multi_patrol][A1] V0 pickup leg: B15 -> A1  wpts=295 len=3.763[0m
[0m[INFO] [1788847506.629580215]: [sim_plan] built plan=2122 start=3755.70 horizon=15.00 frames=150 commit_frames=20[0m
[0m[INFO] [1788847506.658890013]: [sim_plan] built plan=2123 start=3757.70 horizon=15.00 frames=150 commit_frames=20[0m
[0m[INFO] [1788847506.660215630]: [multi_patrol][A1] V1 activate prepared dropoff: A1 -> B61 len=8.398 priority_until_s=0.758[0m
[0m[INFO] [1788847506.693550648]: [sim_plan] built plan=2124 start=3758.80 horizon=15.00 frames=150 commit_frames=20[0m
[0m[INFO] [1788847506.732972552]: [sim_plan] built plan=2125 start=3760.80 horizon=15.00 frames=150 commit_frames=20[0m
[0m[INFO] [1788847506.762276837]: [sim_plan] built plan=2126 start=3762.80 horizon=15.00 frames=150 commit_frames=20[0m
[0m[INFO] [1788847506.763501014]: [multi_patrol][A1 EXIT PRIORITY RELEASE] V1 s=0.771 threshold=0.758[0m
[0m[INFO] [1788847506.784663404]: [sim_plan] built plan=2127 start=3764.80 horizon=15.00 frames=150 commit_frames=20[0m
[0m[INFO] [1788847506.804421836]: [sim_plan] built plan=2128 start=3766.80 horizon=15.00 frames=150 commit_frames=20[0m
[0m[INFO] [1788847506.819840326]: [sim_plan] built plan=2129 start=3768.80 horizon=15.00 frames=150 commit_frames=20[0m
[0m[INFO] [1788847506.833820114]: [sim_plan] built plan=2130 start=3770.80 horizon=15.00 frames=150 commit_frames=20[0m
[0m[INFO] [1788847506.845819585]: [sim_plan] built plan=2131 start=3772.80 horizon=15.00 frames=150 commit_frames=20[0m
[0m[INFO] [1788847506.856473082]: [sim_plan] built plan=2132 start=3774.80 horizon=15.00 frames=150 commit_frames=20[0m
[0m[INFO] [1788847506.866507022]: [sim_plan] built plan=2133 start=3776.80 horizon=15.00 frames=150 commit_frames=20[0m
[0m[INFO] [1788847506.875712137]: [sim_plan] built plan=2134 start=3778.80 horizon=15.00 frames=150 commit_frames=20[0m
[0m[INFO] [1788847506.884809158]: [sim_plan] built plan=2135 start=3780.80 horizon=15.00 frames=150 commit_frames=20[0m
[0m[INFO] [1788847506.895367786]: [sim_plan] built plan=2136 start=3780.90 horizon=15.00 frames=150 commit_frames=20[0m
[0m[INFO] [1788847506.907790122]: [sim_plan] built plan=2137 start=3782.90 horizon=15.00 frames=150 commit_frames=20[0m
[0m[INFO] [1788847506.925980630]: [sim_plan] built plan=2138 start=3784.90 horizon=15.00 frames=150 commit_frames=20[0m
[0m[INFO] [1788847506.927336016]: [multi_patrol][A1] V0 activate prepared dropoff: A1 -> B35 len=7.330 priority_until_s=0.758[0m
[0m[INFO] [1788847506.943431856]: [sim_plan] built plan=2139 start=3785.80 horizon=15.00 frames=150 commit_frames=20[0m
[0m[INFO] [1788847506.976559655]: [sim_plan] built plan=2140 start=3787.80 horizon=15.00 frames=150 commit_frames=20[0m
[0m[INFO] [1788847506.996850154]: [sim[33m[WARN] [1788847507.105176911]: [SLOT_DEPARTURE] time=63min31.9s vehicle=V1 owner=none result=ALLOW reason=no_service_owner candidate_path_gen=93 slot_departure_clear_s=0.346 vehicle_mode=ACTIVE vehicle_speed=0.000 vehicle_path_s=0.000 blocker=none a1_prefix_conflict=0 ordinary_road_conflict=0[0m
[33m[WARN] [1788847507.105636637]: [multi_patrol][A1 EXIT PREPARED] V1 target=B59 pickup_dwell=5.00s exit_len=9.022 priority_until_s=0.758 horizon_refresh=IMMEDIATE[0m
[33m[WARN] [1788847507.239482896]: [SLOT_DEPARTURE] time=63min53.4s vehicle=V0 owner=none result=ALLOW reason=no_service_owner candidate_path_gen=95 slot_departure_clear_s=0.327 vehicle_mode=ACTIVE vehicle_speed=0.000 vehicle_path_s=0.000 blocker=none a1_prefix_conflict=0 ordinary_road_conflict=0[0m
[33m[WARN] [1788847507.239934195]: [multi_patrol][A1 EXIT PREPARED] V0 target=B58 pickup_dwell=5.00s exit_len=6.957 priority_until_s=0.758 horizon_refresh=IMMEDIATE[0m
_plan] built plan=2141 start=3789.80 horizon=15.00 frames=150 commit_frames=20[0m
[0m[INFO] [1788847506.998951668]: [multi_patrol][A1 EXIT PRIORITY RELEASE] V0 s=0.771 threshold=0.758[0m
[0m[INFO] [1788847507.016918351]: [sim_plan] built plan=2142 start=3791.80 horizon=15.00 frames=150 commit_frames=20[0m
[0m[INFO] [1788847507.034417652]: [sim_plan] built plan=2143 start=3793.80 horizon=15.00 frames=150 commit_frames=20[0m
[0m[INFO] [1788847507.048398450]: [sim_plan] built plan=2144 start=3795.80 horizon=15.00 frames=150 commit_frames=20[0m
[0m[INFO] [1788847507.060543847]: [sim_plan] built plan=2145 start=3797.80 horizon=15.00 frames=150 commit_frames=20[0m
[0m[INFO] [1788847507.070815078]: [sim_plan] built plan=2146 start=3799.80 horizon=15.00 frames=150 commit_frames=20[0m
[0m[INFO] [1788847507.079552407]: [sim_plan] built plan=2147 start=3801.80 horizon=15.00 frames=150 commit_frames=20[0m
[0m[INFO] [1788847507.087507029]: [sim_plan] built plan=2148 start=3803.80 horizon=15.00 frames=150 commit_frames=20[0m
[0m[INFO] [1788847507.092668394]: [sim_plan] built plan=2149 start=3805.80 horizon=15.00 frames=150 commit_frames=20[0m
[0m[INFO] [1788847507.096552115]: [sim_plan] built plan=2150 start=3807.80 horizon=15.00 frames=150 commit_frames=20[0m
[0m[INFO] [1788847507.100563938]: [sim_plan] built plan=2151 start=3809.80 horizon=15.00 frames=150 commit_frames=20[0m
[0m[INFO] [1788847507.104570130]: [sim_plan] built plan=2152 start=3811.80 horizon=15.00 frames=150 commit_frames=20[0m
[0m[INFO] [1788847507.105137585]: [multi_patrol][A1] V1 pickup leg: B61 -> A1  wpts=479 len=5.806[0m
[0m[INFO] [1788847507.125940590]: [sim_plan] built plan=2153 start=3811.90 horizon=15.00 frames=150 commit_frames=20[0m
[0m[INFO] [1788847507.157264183]: [sim_plan] built plan=2154 start=3813.90 horizon=15.00 frames=150 commit_frames=20[0m
[0m[INFO] [1788847507.173624015]: [sim_plan] built plan=2155 start=3815.90 horizon=15.00 frames=150 commit_frames=20[0m
[0m[INFO] [1788847507.187327626]: [sim_plan] built plan=2156 start=3817.90 horizon=15.00 frames=150 commit_frames=20[0m
[0m[INFO] [1788847507.200375276]: [sim_plan] built plan=2157 start=3819.90 horizon=15.00 frames=150 commit_frames=20[0m
[0m[INFO] [1788847507.210575055]: [sim_plan] built plan=2158 start=3821.90 horizon=15.00 frames=150 commit_frames=20[0m
[0m[INFO] [1788847507.219368125]: [sim_plan] built plan=2159 start=3823.90 horizon=15.00 frames=150 commit_frames=20[0m
[0m[INFO] [1788847507.225926097]: [sim_plan] built plan=2160 start=3825.90 horizon=15.00 frames=150 commit_frames=20[0m
[0m[INFO] [1788847507.231009919]: [sim_plan] built plan=2161 start=3827.90 horizon=15.00 frames=150 commit_frames=20[0m
[0m[INFO] [1788847507.235195539]: [sim_plan] built plan=2162 start=3829.90 horizon=15.00 frames=150 commit_frames=20[0m
[0m[INFO] [1788847507.238890413]: [sim_plan] built plan=2163 start=3831.90 horizon=15.00 frames=150 commit_frames=20[0m
[0m[INFO] [1788847507.239445960]: [multi_patrol][A1] V0 pickup leg: B35 -> A1  wpts=491 len=5.663[0m
[0m[INFO] [1788847507.265668117]: [sim_plan] built plan=2164 start=3833.40 horizon=15.00 frames=150 commit_frames=20[0m
[0m[INFO] [1788847507.293867495]: [sim_plan] built plan=2165 start=3835.40 horizon=15.00 frames=150 commit_frames=20[0m
[0m[INFO] [1788847507.308333577]: [sim_plan] built plan=2166 start=3837.40 horizon=15.00 frames=150 commit_frames=20[0m
[0m[INFO] [1788847507.321855951]: [sim_plan] built plan=2167 start=3839.40 horizon=15.00 frames=150 commit_frames=20[0m
[0m[INFO] [1788847507.334085990]: [sim_plan] built plan=2168 start=3841.40 horizon=15.00 frames=150 commit_frames=20[0m
[0m[INFO] [1788847507.345957703]: [sim_plan] built plan=2169 start=3843.40 horizon=15.00 frames=150 commit_frames=20[0m
[0m[INFO] [1788847507.373853927]: [sim_plan] built plan=2170 start=3845.40 horizon=15.00 frames=150 commit_frames=20[0m
[0m[INFO] [1788847507.413653097]: [sim_plan] built plan=2171 start=3847.40 horizon=15.00 frames=150 commit_frames=20[0m
[0m[INFO] [1788847507.456659723]: [sim_[33m[WARN] [1788847507.456906383]: [multi_patrol][A1 EXIT HORIZON] V1 target=B59 dwell_part=4.90s departure_window=10.10s total_horizon=15.00s[0m
[33m[WARN] [1788847507.513363978]: [multi_patrol][A1 EXIT HORIZON] V1 target=B59 dwell_part=2.90s departure_window=12.10s total_horizon=15.00s[0m
[33m[WARN] [1788847507.575238343]: [multi_patrol][A1 EXIT HORIZON] V1 target=B59 dwell_part=0.90s departure_window=14.10s total_horizon=15.00s[0m
[33m[WARN] [1788847507.745404723]: [SOURCE=REAL] [plan=2177] [frame=0] [rollout_step=-1] [multi_patrol][A1 EXIT INTRUSION ENTER] owner=V1 target=B59 blocker=V0 dwell_remaining=0.00s visible_exit_t=15.00s owner_exit_s=3.115 blocker_phase=1 blocker_s=3.447 action=DIAG_ONLY[0m
[33m[WARN] [1788847507.747004086]: [SOURCE=REAL] [plan=2177] [frame=14] [rollout_step=-1] [multi_patrol][A1 EXIT INTRUSION CLEAR] owner=V1 blocker=V0[0m
[33m[WARN] [1788847507.915571521]: [multi_patrol][A1 EXIT HORIZON] V0 target=B58 dwell_part=4.90s departure_window=10.10s total_horizon=15.00s[0m
[33m[WARN] [1788847507.927887361]: [multi_patrol][A1 EXIT HORIZON] V0 target=B58 dwell_part=2.90s departure_window=12.10s total_horizon=15.00s[0m
[33m[WARN] [1788847507.944096908]: [multi_patrol][A1 EXIT HORIZON] V0 target=B58 dwell_part=0.90s departure_window=14.10s total_horizon=15.00s[0m
plan] built plan=2172 start=3848.00 horizon=15.00 frames=150 commit_frames=20[0m
[0m[INFO] [1788847507.513309121]: [sim_plan] built plan=2173 start=3850.00 horizon=15.00 frames=150 commit_frames=20[0m
[0m[INFO] [1788847507.575194256]: [sim_plan] built plan=2174 start=3852.00 horizon=15.00 frames=150 commit_frames=20[0m
[0m[INFO] [1788847507.576564009]: [multi_patrol][A1] V1 activate prepared dropoff: A1 -> B59 len=9.022 priority_until_s=0.758[0m
[0m[INFO] [1788847507.638838130]: [sim_plan] built plan=2175 start=3852.90 horizon=15.00 frames=150 commit_frames=20[0m
[0m[INFO] [1788847507.702878676]: [sim_plan] built plan=2176 start=3854.90 horizon=15.00 frames=150 commit_frames=20[0m
[0m[INFO] [1788847507.744924276]: [sim_plan] built plan=2177 start=3856.90 horizon=15.00 frames=150 commit_frames=20[0m
[0m[INFO] [1788847507.746954400]: [multi_patrol][A1 EXIT PRIORITY RELEASE] V1 s=0.771 threshold=0.758[0m
[0m[INFO] [1788847507.782608063]: [sim_plan] built plan=2178 start=3858.90 horizon=15.00 frames=150 commit_frames=20[0m
[0m[INFO] [1788847507.812152864]: [sim_plan] built plan=2179 start=3860.90 horizon=15.00 frames=150 commit_frames=20[0m
[0m[INFO] [1788847507.835690309]: [sim_plan] built plan=2180 start=3862.90 horizon=15.00 frames=150 commit_frames=20[0m
[0m[INFO] [1788847507.850196782]: [sim_plan] built plan=2181 start=3864.90 horizon=15.00 frames=150 commit_frames=20[0m
[0m[INFO] [1788847507.864604515]: [sim_plan] built plan=2182 start=3866.90 horizon=15.00 frames=150 commit_frames=20[0m
[0m[INFO] [1788847507.875509189]: [sim_plan] built plan=2183 start=3868.90 horizon=15.00 frames=150 commit_frames=20[0m
[0m[INFO] [1788847507.885984474]: [sim_plan] built plan=2184 start=3870.90 horizon=15.00 frames=150 commit_frames=20[0m
[0m[INFO] [1788847507.896932131]: [sim_plan] built plan=2185 start=3872.90 horizon=15.00 frames=150 commit_frames=20[0m
[0m[INFO] [1788847507.906703701]: [sim_plan] built plan=2186 start=3874.90 horizon=15.00 frames=150 commit_frames=20[0m
[0m[INFO] [1788847507.915515016]: [sim_plan] built plan=2187 start=3876.90 horizon=15.00 frames=150 commit_frames=20[0m
[0m[INFO] [1788847507.927835780]: [sim_plan] built plan=2188 start=3878.90 horizon=15.00 frames=150 commit_frames=20[0m
[0m[INFO] [1788847507.944047145]: [sim_plan] built plan=2189 start=3880.90 horizon=15.00 frames=150 commit_frames=20[0m
[0m[INFO] [1788847507.945520090]: [multi_patrol][A1] V0 activate prepared dropoff: A1 -> B58 len=6.957 priority_until_s=0.758[0m
[0m[INFO] [1788847507.962182349]: [sim_plan] built plan=2190 start=3881.80 horizon=15.00 frames=150 commit_frames=20[0m
[0m[INFO] [1788847507.996932769]: [sim_plan] built plan=2191 start=3883.80 horizon=15.00 frames=150 commit_frames=20[0m
[0m[INFO] [1788847508.013432747]: [sim_plan] built plan=2192 start=3885.80 horizon=15.00 frames=150 commit_frames=20[0m
[0m[INFO] [1788847508.015461568]: [multi_patrol][A1 EXIT PRIORITY RELEASE] V0 s=0.771 threshold=0.758[0m
[0m[INFO] [1788847508.031287755]: [sim_plan] built plan=2193 start=3887.80 horizon=15.00 frames=150 commit_frames=20[0m
[0m[INFO] [1788847508.047020463]: [sim_plan] built plan=2194 start=3889.80 horizon=15.00 frames=150 commit_frames=20[0m
[0m[INFO] [1788847508.061203499]: [sim_plan] built plan=2195 start=3891.80 horizon=15.00 frames=150 commit_frames=20[0m
[0m[INFO] [1788847508.073237001]: [sim_plan] built plan=2196 start=3893.80 horizon=15.00 frames=150 commit_frames=20[0m
[0m[INFO] [1788847508.084057504]: [sim_plan] built plan=2197 start=3895.80 horizon=15.00 frames=150 commit_frames=20[0m
[0m[INFO] [1788847508.092989299]: [sim_plan] built plan=2198 start=3897.80 horizon=15.00 frames=150 commit_frames=20[0m
[0m[INFO] [1788847508.100263442]: [sim_plan] built plan=2199 start=3899.80 horizon=15.00 frames=150 commit_frames=20[0m
[0m[INFO] [1788847508.105975277]: [sim_plan] built plan=2200 start=3901.80 horizon=15.00 frames=150 commit_frames=20[0m
[0m[INFO] [1788847508.110031750]: [sim_plan] built plan=2201 start=3903.80 horizon=15.00 frames=150 commit_frames=20[0m
[33m[WARN] [1788847508.118467043]: [SLOT_DEPARTURE] time=65min9.2s vehicle=V1 owner=none result=ALLOW reason=no_service_owner candidate_path_gen=95 slot_departure_clear_s=0.346 vehicle_mode=ACTIVE vehicle_speed=0.000 vehicle_path_s=0.000 blocker=none a1_prefix_conflict=0 ordinary_road_conflict=0[0m
[33m[WARN] [1788847508.118870166]: [multi_patrol][A1 EXIT PREPARED] V1 target=B55 pickup_dwell=5.00s exit_len=6.954 priority_until_s=0.758 horizon_refresh=IMMEDIATE[0m
[33m[WARN] [1788847508.222614774]: [SLOT_DEPARTURE] time=65min28.0s vehicle=V0 owner=none result=ALLOW reason=no_service_owner candidate_path_gen=97 slot_departure_clear_s=0.346 vehicle_mode=ACTIVE vehicle_speed=0.000 vehicle_path_s=0.000 blocker=none a1_prefix_conflict=0 ordinary_road_conflict=0[0m
[33m[WARN] [1788847508.223084560]: [multi_patrol][A1 EXIT PREPARED] V0 target=B20 pickup_dwell=5.00s exit_len=4.313 priority_until_s=0.758 horizon_refresh=IMMEDIATE[0m
[33m[WARN] [1788847508.779699697]: [multi_patrol][A1 EXIT HORIZON] V1 target=B55 dwell_part=4.90s departure_window=10.10s total_horizon=15.00s[0m
[33m[WARN] [1788847508.823121847]: [multi_patrol][A1 EXIT HORIZON] V1 target=B55 dwell_part=2.90s departure_window=12.10s total_horizon=15.00s[0m
[33m[WARN] [1788847508.866230369]: [multi_patrol][A1 EXIT HORIZON] V1 target=B55 dwell_part=0.90s departure_window=14.10s total_horizon=15.00s[0m
[0m[INFO] [1788847508.113734310]: [sim_plan] built plan=2202 start=3905.80 horizon=15.00 frames=150 commit_frames=20[0m
[0m[INFO] [1788847508.117822102]: [sim_plan] built plan=2203 start=3907.80 horizon=15.00 frames=150 commit_frames=20[0m
[0m[INFO] [1788847508.118430650]: [multi_patrol][A1] V1 pickup leg: B59 -> A1  wpts=583 len=6.287[0m
[0m[INFO] [1788847508.138269383]: [sim_plan] built plan=2204 start=3909.20 horizon=15.00 frames=150 commit_frames=20[0m
[0m[INFO] [1788847508.164645751]: [sim_plan] built plan=2205 start=3911.20 horizon=15.00 frames=150 commit_frames=20[0m
[0m[INFO] [1788847508.177283953]: [sim_plan] built plan=2206 start=3913.20 horizon=15.00 frames=150 commit_frames=20[0m
[0m[INFO] [1788847508.188225615]: [sim_plan] built plan=2207 start=3915.20 horizon=15.00 frames=150 commit_frames=20[0m
[0m[INFO] [1788847508.198121009]: [sim_plan] built plan=2208 start=3917.20 horizon=15.00 frames=150 commit_frames=20[0m
[0m[INFO] [1788847508.205195651]: [sim_plan] built plan=2209 start=3919.20 horizon=15.00 frames=150 commit_frames=20[0m
[0m[INFO] [1788847508.210683774]: [sim_plan] built plan=2210 start=3921.20 horizon=15.00 frames=150 commit_frames=20[0m
[0m[INFO] [1788847508.214069327]: [sim_plan] built plan=2211 start=3923.20 horizon=15.00 frames=150 commit_frames=20[0m
[0m[INFO] [1788847508.217754794]: [sim_plan] built plan=2212 start=3925.20 horizon=15.00 frames=150 commit_frames=20[0m
[0m[INFO] [1788847508.221818893]: [sim_plan] built plan=2213 start=3927.20 horizon=15.00 frames=150 commit_frames=20[0m
[0m[INFO] [1788847508.222569858]: [multi_patrol][A1] V0 pickup leg: B58 -> A1  wpts=605 len=6.506[0m
[0m[INFO] [1788847508.239827854]: [sim_plan] built plan=2214 start=3928.00 horizon=15.00 frames=150 commit_frames=20[0m
[0m[INFO] [1788847508.275352893]: [sim_plan] built plan=2215 start=3930.00 horizon=15.00 frames=150 commit_frames=20[0m
[0m[INFO] [1788847508.294227526]: [sim_plan] built plan=2216 start=3932.00 horizon=15.00 frames=150 commit_frames=20[0m
[0m[INFO] [1788847508.311168385]: [sim_plan] built plan=2217 start=3934.00 horizon=15.00 frames=150 commit_frames=20[0m
[0m[INFO] [1788847508.327426046]: [sim_plan] built plan=2218 start=3936.00 horizon=15.00 frames=150 commit_frames=20[0m
[0m[INFO] [1788847508.344706787]: [sim_plan] built plan=2219 start=3938.00 horizon=15.00 frames=150 commit_frames=20[0m
[0m[INFO] [1788847508.362855495]: [sim_plan] built plan=2220 start=3940.00 horizon=15.00 frames=150 commit_frames=20[0m
[0m[INFO] [1788847508.381496846]: [sim_plan] built plan=2221 start=3942.00 horizon=15.00 frames=150 commit_frames=20[0m
[0m[INFO] [1788847508.401832156]: [sim_plan] built plan=2222 start=3944.00 horizon=15.00 frames=150 commit_frames=20[0m
[0m[INFO] [1788847508.444294677]: [sim_plan] built plan=2223 start=3946.00 horizon=15.00 frames=150 commit_frames=20[0m
[0m[INFO] [1788847508.492250697]: [sim_plan] built plan=2224 start=3948.00 horizon=15.00 frames=150 commit_frames=20[0m
[0m[INFO] [1788847508.535502649]: [sim_plan] built plan=2225 start=3950.00 horizon=15.00 frames=150 commit_frames=20[0m
[0m[INFO] [1788847508.581371574]: [sim_plan] built plan=2226 start=3952.00 horizon=15.00 frames=150 commit_frames=20[0m
[0m[INFO] [1788847508.639060545]: [sim_plan] built plan=2227 start=3954.00 horizon=15.00 frames=150 commit_frames=20[0m
[0m[INFO] [1788847508.690418152]: [sim_plan] built plan=2228 start=3956.00 horizon=15.00 frames=150 commit_frames=20[0m
[0m[INFO] [1788847508.735528720]: [sim_plan] built plan=2229 start=3958.00 horizon=15.00 frames=150 commit_frames=20[0m
[0m[INFO] [1788847508.779637937]: [sim_plan] built plan=2230 start=3959.10 horizon=15.00 frames=150 commit_frames=20[0m
[0m[INFO] [1788847508.823062468]: [sim_plan] built plan=2231 start=3961.10 horizon=15.00 frames=150 commit_frames=20[0m
[0m[INFO] [1788847508.866161277]: [sim_plan] built plan=2232 start=3963.10 horizon=15.00 frames=150 commit_frames=20[0m
[0m[INFO] [1788847508.867526924]: [multi_patrol][A1] V1 activate prepared dropoff: A1 -> B55 len=6.954 prio[33m[WARN] [1788847509.068136491]: [multi_patrol][A1 EXIT HORIZON] V0 target=B20 dwell_part=4.90s departure_window=10.10s total_horizon=15.00s[0m
[33m[WARN] [1788847509.081810678]: [multi_patrol][A1 EXIT HORIZON] V0 target=B20 dwell_part=2.90s departure_window=12.10s total_horizon=15.00s[0m
[33m[WARN] [1788847509.099157775]: [multi_patrol][A1 EXIT HORIZON] V0 target=B20 dwell_part=0.90s departure_window=14.10s total_horizon=15.00s[0m
[33m[WARN] [1788847509.247389241]: [SLOT_DEPARTURE] time=66min49.9s vehicle=V1 owner=none result=ALLOW reason=no_service_owner candidate_path_gen=97 slot_departure_clear_s=0.327 vehicle_mode=ACTIVE vehicle_speed=0.000 vehicle_path_s=0.000 blocker=none a1_prefix_conflict=0 ordinary_road_conflict=0[0m
[33m[WARN] [1788847509.247913147]: [multi_patrol][A1 EXIT PREPARED] V1 target=B63 pickup_dwell=5.00s exit_len=6.551 priority_until_s=0.758 horizon_refresh=IMMEDIATE[0m
rity_until_s=0.758[0m
[0m[INFO] [1788847508.905643957]: [sim_plan] built plan=2233 start=3964.00 horizon=15.00 frames=150 commit_frames=20[0m
[0m[INFO] [1788847508.949345594]: [sim_plan] built plan=2234 start=3966.00 horizon=15.00 frames=150 commit_frames=20[0m
[0m[INFO] [1788847508.977320881]: [sim_plan] built plan=2235 start=3968.00 horizon=15.00 frames=150 commit_frames=20[0m
[0m[INFO] [1788847508.978695780]: [multi_patrol][A1 EXIT PRIORITY RELEASE] V1 s=0.771 threshold=0.758[0m
[0m[INFO] [1788847508.998152851]: [sim_plan] built plan=2236 start=3970.00 horizon=15.00 frames=150 commit_frames=20[0m
[0m[INFO] [1788847509.012286601]: [sim_plan] built plan=2237 start=3972.00 horizon=15.00 frames=150 commit_frames=20[0m
[0m[INFO] [1788847509.024986780]: [sim_plan] built plan=2238 start=3974.00 horizon=15.00 frames=150 commit_frames=20[0m
[0m[INFO] [1788847509.036325617]: [sim_plan] built plan=2239 start=3976.00 horizon=15.00 frames=150 commit_frames=20[0m
[0m[INFO] [1788847509.047339832]: [sim_plan] built plan=2240 start=3978.00 horizon=15.00 frames=150 commit_frames=20[0m
[0m[INFO] [1788847509.057782636]: [sim_plan] built plan=2241 start=3980.00 horizon=15.00 frames=150 commit_frames=20[0m
[0m[INFO] [1788847509.068086466]: [sim_plan] built plan=2242 start=3980.40 horizon=15.00 frames=150 commit_frames=20[0m
[0m[INFO] [1788847509.081737409]: [sim_plan] built plan=2243 start=3982.40 horizon=15.00 frames=150 commit_frames=20[0m
[0m[INFO] [1788847509.099109553]: [sim_plan] built plan=2244 start=3984.40 horizon=15.00 frames=150 commit_frames=20[0m
[0m[INFO] [1788847509.100500666]: [multi_patrol][A1] V0 activate prepared dropoff: A1 -> B20 len=4.313 priority_until_s=0.758[0m
[0m[INFO] [1788847509.117297396]: [sim_plan] built plan=2245 start=3985.30 horizon=15.00 frames=150 commit_frames=20[0m
[0m[INFO] [1788847509.142577847]: [sim_plan] built plan=2246 start=3987.30 horizon=15.00 frames=150 commit_frames=20[0m
[0m[INFO] [1788847509.165014303]: [sim_plan] built plan=2247 start=3989.30 horizon=15.00 frames=150 commit_frames=20[0m
[0m[INFO] [1788847509.166228467]: [multi_patrol][A1 EXIT PRIORITY RELEASE] V0 s=0.771 threshold=0.758[0m
[0m[INFO] [1788847509.182481287]: [sim_plan] built plan=2248 start=3991.30 horizon=15.00 frames=150 commit_frames=20[0m
[0m[INFO] [1788847509.199520780]: [sim_plan] built plan=2249 start=3993.30 horizon=15.00 frames=150 commit_frames=20[0m
[0m[INFO] [1788847509.212736077]: [sim_plan] built plan=2250 start=3995.30 horizon=15.00 frames=150 commit_frames=20[0m
[0m[INFO] [1788847509.226160772]: [sim_plan] built plan=2251 start=3997.30 horizon=15.00 frames=150 commit_frames=20[0m
[0m[INFO] [1788847509.233945425]: [sim_plan] built plan=2252 start=3999.30 horizon=15.00 frames=150 commit_frames=20[0m
[0m[INFO] [1788847509.239296161]: [sim_plan] built plan=2253 start=4001.30 horizon=15.00 frames=150 commit_frames=20[0m
[0m[INFO] [1788847509.242609518]: [sim_plan] built plan=2254 start=4003.30 horizon=15.00 frames=150 commit_frames=20[0m
[0m[INFO] [1788847509.244156071]: [sim_plan] built plan=2255 start=4005.30 horizon=15.00 frames=150 commit_frames=20[0m
[0m[INFO] [1788847509.245681935]: [sim_plan] built plan=2256 start=4007.30 horizon=15.00 frames=150 commit_frames=20[0m
[0m[INFO] [1788847509.246863678]: [sim_plan] built plan=2257 start=4009.30 horizon=15.00 frames=150 commit_frames=20[0m
[0m[INFO] [1788847509.247349936]: [multi_patrol][A1] V1 pickup leg: B55 -> A1  wpts=538 len=6.675[0m
[0m[INFO] [1788847509.253553362]: [sim_plan] built plan=2258 start=4009.90 horizon=15.00 frames=150 commit_frames=20[0m
[0m[INFO] [1788847509.261971455]: [sim_plan] built plan=2259 start=4011.90 horizon=15.00 frames=150 commit_frames=20[0m
[0m[INFO] [1788847509.265564464]: [sim_plan] built plan=2260 start=4013.90 horizon=15.00 frames=150 commit_frames=20[0m
[0m[INFO] [1788847509.269403992]: [sim_plan] built plan=2261 start=4015.90 horizon=15.00 frames=150 commit_frames=20[0m
[0m[INFO] [1788847509.270068323]: [multi_patrol][A1] V0 pickup leg: B20 -> A1  wpts=30[33m[WARN] [1788847509.270318377]: [SLOT_DEPARTURE] time=66min56.1s vehicle=V0 owner=none result=ALLOW reason=no_service_owner candidate_path_gen=99 slot_departure_clear_s=0.327 vehicle_mode=ACTIVE vehicle_speed=0.000 vehicle_path_s=0.000 blocker=none a1_prefix_conflict=0 ordinary_road_conflict=0[0m
[33m[WARN] [1788847509.270818702]: [multi_patrol][A1 EXIT PREPARED] V0 target=B57 pickup_dwell=5.00s exit_len=7.142 priority_until_s=0.758 horizon_refresh=IMMEDIATE[0m
[33m[WARN] [1788847509.685123801]: [multi_patrol][A1 EXIT HORIZON] V0 target=B57 dwell_part=4.90s departure_window=10.10s total_horizon=15.00s[0m
[33m[WARN] [1788847509.729137177]: [multi_patrol][A1 EXIT HORIZON] V0 target=B57 dwell_part=2.90s departure_window=12.10s total_horizon=15.00s[0m
[33m[WARN] [1788847509.774590757]: [multi_patrol][A1 EXIT HORIZON] V0 target=B57 dwell_part=0.90s departure_window=14.10s total_horizon=15.00s[0m
[33m[WARN] [1788847510.041710547]: [multi_patrol][A1 EXIT HORIZON] V1 target=B63 dwell_part=4.90s departure_window=10.10s total_horizon=15.00s[0m
[33m[WARN] [1788847510.059093397]: [multi_patrol][A1 EXIT HORIZON] V1 target=B63 dwell_part=2.90s departure_window=12.10s total_horizon=15.00s[0m
[33m[WARN] [1788847510.080187700]: [multi_patrol][A1 EXIT HORIZON] V1 target=B63 dwell_part=0.90s departure_window=14.10s total_horizon=15.00s[0m
4 len=3.391[0m
[0m[INFO] [1788847509.288746172]: [sim_plan] built plan=2262 start=4016.10 horizon=15.00 frames=150 commit_frames=20[0m
[0m[INFO] [1788847509.311824348]: [sim_plan] built plan=2263 start=4018.10 horizon=15.00 frames=150 commit_frames=20[0m
[0m[INFO] [1788847509.331785914]: [sim_plan] built plan=2264 start=4020.10 horizon=15.00 frames=150 commit_frames=20[0m
[0m[INFO] [1788847509.352093869]: [sim_plan] built plan=2265 start=4022.10 horizon=15.00 frames=150 commit_frames=20[0m
[0m[INFO] [1788847509.389045277]: [sim_plan] built plan=2266 start=4024.10 horizon=15.00 frames=150 commit_frames=20[0m
[0m[INFO] [1788847509.412178864]: [sim_plan] built plan=2267 start=4026.10 horizon=15.00 frames=150 commit_frames=20[0m
[0m[INFO] [1788847509.446591896]: [sim_plan] built plan=2268 start=4028.10 horizon=15.00 frames=150 commit_frames=20[0m
[0m[INFO] [1788847509.496735961]: [sim_plan] built plan=2269 start=4030.10 horizon=15.00 frames=150 commit_frames=20[0m
[0m[INFO] [1788847509.545169325]: [sim_plan] built plan=2270 start=4032.10 horizon=15.00 frames=150 commit_frames=20[0m
[0m[INFO] [1788847509.595834307]: [sim_plan] built plan=2271 start=4034.10 horizon=15.00 frames=150 commit_frames=20[0m
[0m[INFO] [1788847509.644167860]: [sim_plan] built plan=2272 start=4036.10 horizon=15.00 frames=150 commit_frames=20[0m
[0m[INFO] [1788847509.685075709]: [sim_plan] built plan=2273 start=4037.30 horizon=15.00 frames=150 commit_frames=20[0m
[0m[INFO] [1788847509.729056404]: [sim_plan] built plan=2274 start=4039.30 horizon=15.00 frames=150 commit_frames=20[0m
[0m[INFO] [1788847509.774518931]: [sim_plan] built plan=2275 start=4041.30 horizon=15.00 frames=150 commit_frames=20[0m
[0m[INFO] [1788847509.776391935]: [multi_patrol][A1] V0 activate prepared dropoff: A1 -> B57 len=7.142 priority_until_s=0.758[0m
[0m[INFO] [1788847509.826757388]: [sim_plan] built plan=2276 start=4042.20 horizon=15.00 frames=150 commit_frames=20[0m
[0m[INFO] [1788847509.879579711]: [sim_plan] built plan=2277 start=4044.20 horizon=15.00 frames=150 commit_frames=20[0m
[0m[INFO] [1788847509.914502936]: [sim_plan] built plan=2278 start=4046.20 horizon=15.00 frames=150 commit_frames=20[0m
[0m[INFO] [1788847509.916400224]: [multi_patrol][A1 EXIT PRIORITY RELEASE] V0 s=0.771 threshold=0.758[0m
[0m[INFO] [1788847509.941375594]: [sim_plan] built plan=2279 start=4048.20 horizon=15.00 frames=150 commit_frames=20[0m
[0m[INFO] [1788847509.960693150]: [sim_plan] built plan=2280 start=4050.20 horizon=15.00 frames=150 commit_frames=20[0m
[0m[INFO] [1788847509.979884236]: [sim_plan] built plan=2281 start=4052.20 horizon=15.00 frames=150 commit_frames=20[0m
[0m[INFO] [1788847509.994132003]: [sim_plan] built plan=2282 start=4054.20 horizon=15.00 frames=150 commit_frames=20[0m
[0m[INFO] [1788847510.006774365]: [sim_plan] built plan=2283 start=4056.20 horizon=15.00 frames=150 commit_frames=20[0m
[0m[INFO] [1788847510.018985687]: [sim_plan] built plan=2284 start=4058.20 horizon=15.00 frames=150 commit_frames=20[0m
[0m[INFO] [1788847510.030837825]: [sim_plan] built plan=2285 start=4060.20 horizon=15.00 frames=150 commit_frames=20[0m
[0m[INFO] [1788847510.041630475]: [sim_plan] built plan=2286 start=4060.60 horizon=15.00 frames=150 commit_frames=20[0m
[0m[INFO] [1788847510.059041008]: [sim_plan] built plan=2287 start=4062.60 horizon=15.00 frames=150 commit_frames=20[0m
[0m[INFO] [1788847510.080124671]: [sim_plan] built plan=2288 start=4064.60 horizon=15.00 frames=150 commit_frames=20[0m
[0m[INFO] [1788847510.081788713]: [multi_patrol][A1] V1 activate prepared dropoff: A1 -> B63 len=6.551 priority_until_s=0.758[0m
[0m[INFO] [1788847510.105296124]: [sim_plan] built plan=2289 start=4065.50 horizon=15.00 frames=150 commit_frames=20[0m
[0m[INFO] [1788847510.142361809]: [sim_plan] built plan=2290 start=4067.50 horizon=15.00 frames=150 commit_frames=20[0m
[0m[INFO] [1788847510.167491730]: [sim_plan] built plan=2291 start=4069.50 horizon=15.00 frames=150 commit_frames=20[0m
[0m[INFO] [1788847510.169019941]: [multi_patrol][A[33m[WARN] [1788847510.258664116]: [SLOT_DEPARTURE] time=68min9.0s vehicle=V0 owner=none result=ALLOW reason=no_service_owner candidate_path_gen=101 slot_departure_clear_s=0.346 vehicle_mode=ACTIVE vehicle_speed=0.000 vehicle_path_s=0.000 blocker=none a1_prefix_conflict=0 ordinary_road_conflict=0[0m
[33m[WARN] [1788847510.259187355]: [multi_patrol][A1 EXIT PREPARED] V0 target=B47 pickup_dwell=5.00s exit_len=8.694 priority_until_s=0.758 horizon_refresh=IMMEDIATE[0m
[33m[WARN] [1788847510.405065005]: [SLOT_DEPARTURE] time=68min29.7s vehicle=V1 owner=none result=ALLOW reason=no_service_owner candidate_path_gen=99 slot_departure_clear_s=0.346 vehicle_mode=ACTIVE vehicle_speed=0.000 vehicle_path_s=0.000 blocker=none a1_prefix_conflict=0 ordinary_road_conflict=0[0m
[33m[WARN] [1788847510.405497446]: [multi_patrol][A1 EXIT PREPARED] V1 target=B0 pickup_dwell=5.00s exit_len=2.555 priority_until_s=0.756 horizon_refresh=IMMEDIATE[0m
1 EXIT PRIORITY RELEASE] V1 s=0.771 threshold=0.758[0m
[0m[INFO] [1788847510.187892450]: [sim_plan] built plan=2292 start=4071.50 horizon=15.00 frames=150 commit_frames=20[0m
[0m[INFO] [1788847510.204231881]: [sim_plan] built plan=2293 start=4073.50 horizon=15.00 frames=150 commit_frames=20[0m
[0m[INFO] [1788847510.217771835]: [sim_plan] built plan=2294 start=4075.50 horizon=15.00 frames=150 commit_frames=20[0m
[0m[INFO] [1788847510.228452967]: [sim_plan] built plan=2295 start=4077.50 horizon=15.00 frames=150 commit_frames=20[0m
[0m[INFO] [1788847510.237334433]: [sim_plan] built plan=2296 start=4079.50 horizon=15.00 frames=150 commit_frames=20[0m
[0m[INFO] [1788847510.244765176]: [sim_plan] built plan=2297 start=4081.50 horizon=15.00 frames=150 commit_frames=20[0m
[0m[INFO] [1788847510.249374375]: [sim_plan] built plan=2298 start=4083.50 horizon=15.00 frames=150 commit_frames=20[0m
[0m[INFO] [1788847510.253337657]: [sim_plan] built plan=2299 start=4085.50 horizon=15.00 frames=150 commit_frames=20[0m
[0m[INFO] [1788847510.257636027]: [sim_plan] built plan=2300 start=4087.50 horizon=15.00 frames=150 commit_frames=20[0m
[0m[INFO] [1788847510.258610044]: [multi_patrol][A1] V0 pickup leg: B57 -> A1  wpts=627 len=6.725[0m
[0m[INFO] [1788847510.282996678]: [sim_plan] built plan=2301 start=4089.00 horizon=15.00 frames=150 commit_frames=20[0m
[0m[INFO] [1788847510.315754243]: [sim_plan] built plan=2302 start=4091.00 horizon=15.00 frames=150 commit_frames=20[0m
[0m[INFO] [1788847510.337080028]: [sim_plan] built plan=2303 start=4093.00 horizon=15.00 frames=150 commit_frames=20[0m
[0m[INFO] [1788847510.351892419]: [sim_plan] built plan=2304 start=4095.00 horizon=15.00 frames=150 commit_frames=20[0m
[0m[INFO] [1788847510.365169568]: [sim_plan] built plan=2305 start=4097.00 horizon=15.00 frames=150 commit_frames=20[0m
[0m[INFO] [1788847510.376509723]: [sim_plan] built plan=2306 start=4099.00 horizon=15.00 frames=150 commit_frames=20[0m
[0m[INFO] [1788847510.385329233]: [sim_plan] built plan=2307 start=4101.00 horizon=15.00 frames=150 commit_frames=20[0m
[0m[INFO] [1788847510.392130961]: [sim_plan] built plan=2308 start=4103.00 horizon=15.00 frames=150 commit_frames=20[0m
[0m[INFO] [1788847510.396545529]: [sim_plan] built plan=2309 start=4105.00 horizon=15.00 frames=150 commit_frames=20[0m
[0m[INFO] [1788847510.400673265]: [sim_plan] built plan=2310 start=4107.00 horizon=15.00 frames=150 commit_frames=20[0m
[0m[INFO] [1788847510.404424324]: [sim_plan] built plan=2311 start=4109.00 horizon=15.00 frames=150 commit_frames=20[0m
[0m[INFO] [1788847510.405019455]: [multi_patrol][A1] V1 pickup leg: B63 -> A1  wpts=523 len=6.245[0m
[0m[INFO] [1788847510.421823032]: [sim_plan] built plan=2312 start=4109.70 horizon=15.00 frames=150 commit_frames=20[0m
[0m[INFO] [1788847510.448119310]: [sim_plan] built plan=2313 start=4111.70 horizon=15.00 frames=150 commit_frames=20[0m
[0m[INFO] [1788847510.464161849]: [sim_plan] built plan=2314 start=4113.70 horizon=15.00 frames=150 commit_frames=20[0m
[0m[INFO] [1788847510.482819083]: [sim_plan] built plan=2315 start=4115.70 horizon=15.00 frames=150 commit_frames=20[0m
[0m[INFO] [1788847510.511525165]: [sim_plan] built plan=2316 start=4117.70 horizon=15.00 frames=150 commit_frames=20[0m
[0m[INFO] [1788847510.534698924]: [sim_plan] built plan=2317 start=4119.70 horizon=15.00 frames=150 commit_frames=20[0m
[0m[INFO] [1788847510.555620422]: [sim_plan] built plan=2318 start=4121.70 horizon=15.00 frames=150 commit_frames=20[0m
[0m[INFO] [1788847510.571815778]: [sim_plan] built plan=2319 start=4123.70 horizon=15.00 frames=150 commit_frames=20[0m
[0m[INFO] [1788847510.599195544]: [sim_plan] built plan=2320 start=4125.70 horizon=15.00 frames=150 commit_frames=20[0m
[0m[INFO] [1788847510.634331965]: [sim_plan] built plan=2321 start=4127.70 horizon=15.00 frames=150 commit_frames=20[0m
[0m[INFO] [1788847510.672653872]: [sim_plan] built plan=2322 start=4129.70 horizon=15.00 frames=150 commit_frames=20[0m
[0m[INFO] [1788847510.711717591]: [sim_plan] built [33m[WARN] [1788847510.711922706]: [multi_patrol][A1 EXIT HORIZON] V0 target=B47 dwell_part=4.90s departure_window=10.10s total_horizon=15.00s[0m
[33m[WARN] [1788847510.750739206]: [multi_patrol][A1 EXIT HORIZON] V0 target=B47 dwell_part=2.90s departure_window=12.10s total_horizon=15.00s[0m
[33m[WARN] [1788847510.788336010]: [multi_patrol][A1 EXIT HORIZON] V0 target=B47 dwell_part=0.90s departure_window=14.10s total_horizon=15.00s[0m
[33m[WARN] [1788847511.011588979]: [multi_patrol][A1 EXIT HORIZON] V1 target=B0 dwell_part=4.90s departure_window=10.10s total_horizon=15.00s[0m
[33m[WARN] [1788847511.023908310]: [multi_patrol][A1 EXIT HORIZON] V1 target=B0 dwell_part=2.90s departure_window=12.10s total_horizon=15.00s[0m
[33m[WARN] [1788847511.041166409]: [multi_patrol][A1 EXIT HORIZON] V1 target=B0 dwell_part=0.90s departure_window=14.10s total_horizon=15.00s[0m
[33m[WARN] [1788847511.151020934]: [SLOT_DEPARTURE] time=69min39.8s vehicle=V1 owner=none result=ALLOW reason=no_service_owner candidate_path_gen=101 slot_departure_clear_s=0.346 vehicle_mode=ACTIVE vehicle_speed=0.000 vehicle_path_s=0.000 blocker=none a1_prefix_conflict=0 ordinary_road_conflict=0[0m
[33m[WARN] [1788847511.151460310]: [multi_patrol][A1 EXIT PREPARED] V1 target=B9 pickup_dwell=5.00s exit_len=2.555 priority_until_s=0.756 horizon_refresh=IMMEDIATE[0m
plan=2323 start=4131.60 horizon=15.00 frames=150 commit_frames=20[0m
[0m[INFO] [1788847510.750653856]: [sim_plan] built plan=2324 start=4133.60 horizon=15.00 frames=150 commit_frames=20[0m
[0m[INFO] [1788847510.788261297]: [sim_plan] built plan=2325 start=4135.60 horizon=15.00 frames=150 commit_frames=20[0m
[0m[INFO] [1788847510.789821109]: [multi_patrol][A1] V0 activate prepared dropoff: A1 -> B47 len=8.694 priority_until_s=0.758[0m
[0m[INFO] [1788847510.829121024]: [sim_plan] built plan=2326 start=4136.50 horizon=15.00 frames=150 commit_frames=20[0m
[0m[INFO] [1788847510.878550257]: [sim_plan] built plan=2327 start=4138.50 horizon=15.00 frames=150 commit_frames=20[0m
[0m[INFO] [1788847510.909691123]: [sim_plan] built plan=2328 start=4140.50 horizon=15.00 frames=150 commit_frames=20[0m
[0m[INFO] [1788847510.911442097]: [multi_patrol][A1 EXIT PRIORITY RELEASE] V0 s=0.771 threshold=0.758[0m
[0m[INFO] [1788847510.932256516]: [sim_plan] built plan=2329 start=4142.50 horizon=15.00 frames=150 commit_frames=20[0m
[0m[INFO] [1788847510.947272959]: [sim_plan] built plan=2330 start=4144.50 horizon=15.00 frames=150 commit_frames=20[0m
[0m[INFO] [1788847510.960629626]: [sim_plan] built plan=2331 start=4146.50 horizon=15.00 frames=150 commit_frames=20[0m
[0m[INFO] [1788847510.972181276]: [sim_plan] built plan=2332 start=4148.50 horizon=15.00 frames=150 commit_frames=20[0m
[0m[INFO] [1788847510.982662296]: [sim_plan] built plan=2333 start=4150.50 horizon=15.00 frames=150 commit_frames=20[0m
[0m[INFO] [1788847510.991426492]: [sim_plan] built plan=2334 start=4152.50 horizon=15.00 frames=150 commit_frames=20[0m
[0m[INFO] [1788847511.000716503]: [sim_plan] built plan=2335 start=4154.50 horizon=15.00 frames=150 commit_frames=20[0m
[0m[INFO] [1788847511.011542473]: [sim_plan] built plan=2336 start=4154.70 horizon=15.00 frames=150 commit_frames=20[0m
[0m[INFO] [1788847511.023852966]: [sim_plan] built plan=2337 start=4156.70 horizon=15.00 frames=150 commit_frames=20[0m
[0m[INFO] [1788847511.041111869]: [sim_plan] built plan=2338 start=4158.70 horizon=15.00 frames=150 commit_frames=20[0m
[0m[INFO] [1788847511.042724911]: [multi_patrol][A1] V1 activate prepared dropoff: A1 -> B0 len=2.555 priority_until_s=0.756[0m
[0m[INFO] [1788847511.059441755]: [sim_plan] built plan=2339 start=4159.60 horizon=15.00 frames=150 commit_frames=20[0m
[0m[INFO] [1788847511.084165139]: [sim_plan] built plan=2340 start=4161.60 horizon=15.00 frames=150 commit_frames=20[0m
[0m[INFO] [1788847511.098790328]: [sim_plan] built plan=2341 start=4163.60 horizon=15.00 frames=150 commit_frames=20[0m
[0m[INFO] [1788847511.099743440]: [multi_patrol][A1 EXIT PRIORITY RELEASE] V1 s=0.768 threshold=0.756[0m
[0m[INFO] [1788847511.111560457]: [sim_plan] built plan=2342 start=4165.60 horizon=15.00 frames=150 commit_frames=20[0m
[0m[INFO] [1788847511.122075615]: [sim_plan] built plan=2343 start=4167.60 horizon=15.00 frames=150 commit_frames=20[0m
[0m[INFO] [1788847511.131343369]: [sim_plan] built plan=2344 start=4169.60 horizon=15.00 frames=150 commit_frames=20[0m
[0m[INFO] [1788847511.138809533]: [sim_plan] built plan=2345 start=4171.60 horizon=15.00 frames=150 commit_frames=20[0m
[0m[INFO] [1788847511.143179662]: [sim_plan] built plan=2346 start=4173.60 horizon=15.00 frames=150 commit_frames=20[0m
[0m[INFO] [1788847511.145694463]: [sim_plan] built plan=2347 start=4175.60 horizon=15.00 frames=150 commit_frames=20[0m
[0m[INFO] [1788847511.148271902]: [sim_plan] built plan=2348 start=4177.60 horizon=15.00 frames=150 commit_frames=20[0m
[0m[INFO] [1788847511.150424058]: [sim_plan] built plan=2349 start=4179.60 horizon=15.00 frames=150 commit_frames=20[0m
[0m[INFO] [1788847511.150976140]: [multi_patrol][A1] V1 pickup leg: B0 -> A1  wpts=298 len=3.034[0m
[0m[INFO] [1788847511.165005944]: [sim_plan] built plan=2350 start=4179.80 horizon=15.00 frames=150 commit_frames=20[0m
[0m[INFO] [1788847511.181380527]: [sim_plan] built plan=2351 start=4181.80 horizon=15.00 frames=150 commit_frames=20[0m
[0m[INFO] [1788847511.191224783][33m[WARN] [1788847511.207652090]: [SLOT_DEPARTURE] time=69min51.2s vehicle=V0 owner=V1 result=ALLOW reason=slot_departure_clear candidate_path_gen=103 slot_departure_clear_s=0.327 vehicle_mode=ACTIVE vehicle_speed=0.000 vehicle_path_s=0.000 blocker=none a1_prefix_conflict=0 ordinary_road_conflict=0 owner_phase=TO_A1 owner_path_gen=101 geometry=pending_preview protected_zones=0 actual_occupancy_priority=0[0m
[33m[WARN] [1788847511.208787437]: [multi_patrol][A1 EXIT PREPARED] V0 target=B38 pickup_dwell=5.00s exit_len=4.713 priority_until_s=0.758 horizon_refresh=IMMEDIATE[0m
[33m[WARN] [1788847511.267018746]: [multi_patrol][A1 EXIT HORIZON] V1 target=B9 dwell_part=4.90s departure_window=10.10s total_horizon=15.00s[0m
[33m[WARN] [1788847511.280494763]: [multi_patrol][A1 EXIT HORIZON] V1 target=B9 dwell_part=2.90s departure_window=12.10s total_horizon=15.00s[0m
[33m[WARN] [1788847511.296528588]: [multi_patrol][A1 EXIT HORIZON] V1 target=B9 dwell_part=0.90s departure_window=14.10s total_horizon=15.00s[0m
[33m[WARN] [1788847511.416116707]: [SLOT_DEPARTURE] time=70min22.4s vehicle=V1 owner=V0 result=ALLOW reason=slot_departure_clear candidate_path_gen=103 slot_departure_clear_s=0.346 vehicle_mode=ACTIVE vehicle_speed=0.000 vehicle_path_s=0.000 blocker=none a1_prefix_conflict=0 ordinary_road_conflict=0 owner_phase=TO_A1 owner_path_gen=103 geometry=pending_preview protected_zones=0 actual_occupancy_priority=0[0m
[33m[WARN] [1788847511.416810420]: [multi_patrol][A1 EXIT PREPARED] V1 target=B62 pickup_dwell=5.00s exit_len=8.617 priority_until_s=0.758 horizon_refresh=IMMEDIATE[0m
[33m[WARN] [1788847511.627189114]: [multi_patrol][A1 EXIT HORIZON] V0 target=B38 dwell_part=4.90s departure_window=10.10s total_horizon=15.00s[0m
[33m[WARN] [1788847511.673005026]: [multi_patrol][A1 EXIT HORIZON] V0 target=B38 dwell_part=2.90s departure_window=12.10s total_horizon=15.00s[0m
[33m[WARN] [1788847511.716660355]: [multi_patrol][A1 EXIT HORIZON] V0 target=B38 dwell_part=0.90s departure_window=14.10s total_horizon=15.00s[0m
: [sim_plan] built plan=2352 start=4183.80 horizon=15.00 frames=150 commit_frames=20[0m
[0m[INFO] [1788847511.196311036]: [sim_plan] built plan=2353 start=4185.80 horizon=15.00 frames=150 commit_frames=20[0m
[0m[INFO] [1788847511.200364690]: [sim_plan] built plan=2354 start=4187.80 horizon=15.00 frames=150 commit_frames=20[0m
[0m[INFO] [1788847511.203998787]: [sim_plan] built plan=2355 start=4189.80 horizon=15.00 frames=150 commit_frames=20[0m
[0m[INFO] [1788847511.207577864]: [multi_patrol][A1] V0 pickup leg: B47 -> A1  wpts=548 len=6.222[0m
[0m[INFO] [1788847511.221512361]: [sim_plan] built plan=2356 start=4191.20 horizon=15.00 frames=150 commit_frames=20[0m
[0m[INFO] [1788847511.236228812]: [sim_plan] built plan=2357 start=4193.20 horizon=15.00 frames=150 commit_frames=20[0m
[0m[INFO] [1788847511.247688435]: [sim_plan] built plan=2358 start=4195.20 horizon=15.00 frames=150 commit_frames=20[0m
[0m[INFO] [1788847511.256814064]: [sim_plan] built plan=2359 start=4197.20 horizon=15.00 frames=150 commit_frames=20[0m
[0m[INFO] [1788847511.266961049]: [sim_plan] built plan=2360 start=4197.30 horizon=15.00 frames=150 commit_frames=20[0m
[0m[INFO] [1788847511.280450515]: [sim_plan] built plan=2361 start=4199.30 horizon=15.00 frames=150 commit_frames=20[0m
[0m[INFO] [1788847511.296472498]: [sim_plan] built plan=2362 start=4201.30 horizon=15.00 frames=150 commit_frames=20[0m
[0m[INFO] [1788847511.297818844]: [multi_patrol][A1] V1 activate prepared dropoff: A1 -> B9 len=2.555 priority_until_s=0.756[0m
[0m[INFO] [1788847511.313539800]: [sim_plan] built plan=2363 start=4202.20 horizon=15.00 frames=150 commit_frames=20[0m
[0m[INFO] [1788847511.333182308]: [sim_plan] built plan=2364 start=4204.20 horizon=15.00 frames=150 commit_frames=20[0m
[0m[INFO] [1788847511.349407471]: [sim_plan] built plan=2365 start=4206.20 horizon=15.00 frames=150 commit_frames=20[0m
[0m[INFO] [1788847511.350395910]: [multi_patrol][A1 EXIT PRIORITY RELEASE] V1 s=0.768 threshold=0.756[0m
[0m[INFO] [1788847511.367345834]: [sim_plan] built plan=2366 start=4208.20 horizon=15.00 frames=150 commit_frames=20[0m
[0m[INFO] [1788847511.378008316]: [sim_plan] built plan=2367 start=4210.20 horizon=15.00 frames=150 commit_frames=20[0m
[0m[INFO] [1788847511.386463853]: [sim_plan] built plan=2368 start=4212.20 horizon=15.00 frames=150 commit_frames=20[0m
[0m[INFO] [1788847511.396924187]: [sim_plan] built plan=2369 start=4214.20 horizon=15.00 frames=150 commit_frames=20[0m
[0m[INFO] [1788847511.402836390]: [sim_plan] built plan=2370 start=4216.20 horizon=15.00 frames=150 commit_frames=20[0m
[0m[INFO] [1788847511.406821059]: [sim_plan] built plan=2371 start=4218.20 horizon=15.00 frames=150 commit_frames=20[0m
[0m[INFO] [1788847511.410153441]: [sim_plan] built plan=2372 start=4220.20 horizon=15.00 frames=150 commit_frames=20[0m
[0m[INFO] [1788847511.413211753]: [sim_plan] built plan=2373 start=4222.20 horizon=15.00 frames=150 commit_frames=20[0m
[0m[INFO] [1788847511.416062912]: [multi_patrol][A1] V1 pickup leg: B9 -> A1  wpts=298 len=3.034[0m
[0m[INFO] [1788847511.459993832]: [sim_plan] built plan=2374 start=4222.40 horizon=15.00 frames=150 commit_frames=20[0m
[0m[INFO] [1788847511.506110291]: [sim_plan] built plan=2375 start=4224.40 horizon=15.00 frames=150 commit_frames=20[0m
[0m[INFO] [1788847511.549448595]: [sim_plan] built plan=2376 start=4226.40 horizon=15.00 frames=150 commit_frames=20[0m
[0m[INFO] [1788847511.586008680]: [sim_plan] built plan=2377 start=4228.40 horizon=15.00 frames=150 commit_frames=20[0m
[0m[INFO] [1788847511.627149734]: [sim_plan] built plan=2378 start=4228.60 horizon=15.00 frames=150 commit_frames=20[0m
[0m[INFO] [1788847511.672950552]: [sim_plan] built plan=2379 start=4230.60 horizon=15.00 frames=150 commit_frames=20[0m
[0m[INFO] [1788847511.716611324]: [sim_plan] built plan=2380 start=4232.60 horizon=15.00 frames=150 commit_frames=20[0m
[0m[INFO] [1788847511.717861983]: [multi_patrol][A1] V0 activate prepared dropoff: A1 -> B38 len=4.713 priority_until_s=0.758[0m
[0m[INFO] [178884[33m[WARN] [1788847511.958937776]: [multi_patrol][A1 EXIT HORIZON] V1 target=B62 dwell_part=4.90s departure_window=10.10s total_horizon=15.00s[0m
[33m[WARN] [1788847511.963723595]: [multi_patrol][A1 EXIT HORIZON] V1 target=B62 dwell_part=2.90s departure_window=12.10s total_horizon=15.00s[0m
[33m[WARN] [1788847511.970102030]: [multi_patrol][A1 EXIT HORIZON] V1 target=B62 dwell_part=0.90s departure_window=14.10s total_horizon=15.00s[0m
[33m[WARN] [1788847511.988006597]: [SLOT_DEPARTURE] time=71min6.3s vehicle=V0 owner=V1 result=ALLOW reason=slot_departure_clear candidate_path_gen=105 slot_departure_clear_s=0.327 vehicle_mode=ACTIVE vehicle_speed=0.000 vehicle_path_s=0.000 blocker=none a1_prefix_conflict=0 ordinary_road_conflict=0 owner_phase=TO_B owner_path_gen=104 geometry=actual_to_b protected_zones=0 actual_occupancy_priority=0[0m
[33m[WARN] [1788847511.988390572]: [multi_patrol][A1 EXIT PREPARED] V0 target=B36 pickup_dwell=5.00s exit_len=4.494 priority_until_s=0.758 horizon_refresh=IMMEDIATE[0m
7511.762072281]: [sim_plan] built plan=2381 start=4233.50 horizon=15.00 frames=150 commit_frames=20[0m
[0m[INFO] [1788847511.802382029]: [sim_plan] built plan=2382 start=4235.50 horizon=15.00 frames=150 commit_frames=20[0m
[0m[INFO] [1788847511.834449829]: [sim_plan] built plan=2383 start=4237.50 horizon=15.00 frames=150 commit_frames=20[0m
[0m[INFO] [1788847511.835525098]: [multi_patrol][A1 EXIT PRIORITY RELEASE] V0 s=0.771 threshold=0.758[0m
[0m[INFO] [1788847511.861559876]: [sim_plan] built plan=2384 start=4239.50 horizon=15.00 frames=150 commit_frames=20[0m
[0m[INFO] [1788847511.881707397]: [sim_plan] built plan=2385 start=4241.50 horizon=15.00 frames=150 commit_frames=20[0m
[0m[INFO] [1788847511.897224842]: [sim_plan] built plan=2386 start=4243.50 horizon=15.00 frames=150 commit_frames=20[0m
[0m[INFO] [1788847511.909406435]: [sim_plan] built plan=2387 start=4245.50 horizon=15.00 frames=150 commit_frames=20[0m
[0m[INFO] [1788847511.924693009]: [sim_plan] built plan=2388 start=4247.50 horizon=15.00 frames=150 commit_frames=20[0m
[0m[INFO] [1788847511.933463989]: [sim_plan] built plan=2389 start=4249.50 horizon=15.00 frames=150 commit_frames=20[0m
[0m[INFO] [1788847511.941317779]: [sim_plan] built plan=2390 start=4251.50 horizon=15.00 frames=150 commit_frames=20[0m
[0m[INFO] [1788847511.947807492]: [sim_plan] built plan=2391 start=4253.50 horizon=15.00 frames=150 commit_frames=20[0m
[0m[INFO] [1788847511.952361739]: [sim_plan] built plan=2392 start=4255.50 horizon=15.00 frames=150 commit_frames=20[0m
[0m[INFO] [1788847511.955501774]: [sim_plan] built plan=2393 start=4257.50 horizon=15.00 frames=150 commit_frames=20[0m
[0m[INFO] [1788847511.958903494]: [sim_plan] built plan=2394 start=4257.90 horizon=15.00 frames=150 commit_frames=20[0m
[0m[INFO] [1788847511.963667964]: [sim_plan] built plan=2395 start=4259.90 horizon=15.00 frames=150 commit_frames=20[0m
[0m[INFO] [1788847511.970061397]: [sim_plan] built plan=2396 start=4261.90 horizon=15.00 frames=150 commit_frames=20[0m
[0m[INFO] [1788847511.971411378]: [multi_patrol][A1] V1 activate prepared dropoff: A1 -> B62 len=8.617 priority_until_s=0.758[0m
[0m[INFO] [1788847511.976350429]: [sim_plan] built plan=2397 start=4262.80 horizon=15.00 frames=150 commit_frames=20[0m
[0m[INFO] [1788847511.981800206]: [sim_plan] built plan=2398 start=4264.80 horizon=15.00 frames=150 commit_frames=20[0m
[0m[INFO] [1788847511.987961871]: [multi_patrol][A1] V0 pickup leg: B38 -> A1  wpts=320 len=3.368[0m
[0m[INFO] [1788847512.050727261]: [sim_plan] built plan=2399 start=4266.30 horizon=15.00 frames=150 commit_frames=20[0m
[0m[INFO] [1788847512.058021462]: [multi_patrol][A1 EXIT PRIORITY RELEASE] V1 s=0.771 threshold=0.758[0m
[0m[INFO] [1788847512.117226247]: [sim_plan] built plan=2400 start=4268.30 horizon=15.00 frames=150 commit_frames=20[0m
[0m[INFO] [1788847512.169584772]: [sim_plan] built plan=2401 start=4270.30 horizon=15.00 frames=150 commit_frames=20[0m
[0m[INFO] [1788847512.219122024]: [sim_plan] built plan=2402 start=4272.30 horizon=15.00 frames=150 commit_frames=20[0m
[0m[INFO] [1788847512.260423440]: [sim_plan] built plan=2403 start=4274.30 horizon=15.00 frames=150 commit_frames=20[0m
[0m[INFO] [1788847512.294656108]: [sim_plan] built plan=2404 start=4276.30 horizon=15.00 frames=150 commit_frames=20[0m
[0m[INFO] [1788847512.322580716]: [sim_plan] built plan=2405 start=4278.30 horizon=15.00 frames=150 commit_frames=20[0m
[0m[INFO] [1788847512.344871560]: [sim_plan] built plan=2406 start=4280.30 horizon=15.00 frames=150 commit_frames=20[0m
[0m[INFO] [1788847512.361993498]: [sim_plan] built plan=2407 start=4282.30 horizon=15.00 frames=150 commit_frames=20[0m
[0m[INFO] [1788847512.378638412]: [sim_plan] built plan=2408 start=4284.30 horizon=15.00 frames=150 commit_frames=20[0m
[0m[INFO] [1788847512.395312137]: [sim_plan] built plan=2409 start=4286.30 horizon=15.00 frames=150 commit_frames=20[0m
[0m[INFO] [1788847512.411578394]: [sim_plan] built plan=2410 start=4288.30 horizon=15.00 frames=150 commit_frames=20[0m
[0m[I[33m[WARN] [1788847512.484135041]: [multi_patrol][A1 EXIT HORIZON] V0 target=B36 dwell_part=4.90s departure_window=10.10s total_horizon=15.00s[0m
[33m[WARN] [1788847512.492419295]: [multi_patrol][A1 EXIT HORIZON] V0 target=B36 dwell_part=2.90s departure_window=12.10s total_horizon=15.00s[0m
[33m[WARN] [1788847512.501583085]: [multi_patrol][A1 EXIT HORIZON] V0 target=B36 dwell_part=0.90s departure_window=14.10s total_horizon=15.00s[0m
[33m[WARN] [1788847512.540912423]: [SLOT_DEPARTURE] time=71min57.0s vehicle=V1 owner=none result=ALLOW reason=no_service_owner candidate_path_gen=105 slot_departure_clear_s=0.346 vehicle_mode=ACTIVE vehicle_speed=0.000 vehicle_path_s=0.000 blocker=none a1_prefix_conflict=0 ordinary_road_conflict=0[0m
[33m[WARN] [1788847512.541249833]: [multi_patrol][A1 EXIT PREPARED] V1 target=B39 pickup_dwell=5.00s exit_len=5.953 priority_until_s=0.758 horizon_refresh=IMMEDIATE[0m
[33m[WARN] [1788847512.647142386]: [SLOT_DEPARTURE] time=72min18.7s vehicle=V0 owner=none result=ALLOW reason=no_service_owner candidate_path_gen=107 slot_departure_clear_s=0.327 vehicle_mode=ACTIVE vehicle_speed=0.000 vehicle_path_s=0.000 blocker=none a1_prefix_conflict=0 ordinary_road_conflict=0[0m
[33m[WARN] [1788847512.648303338]: [multi_patrol][A1 EXIT PREPARED] V0 target=B61 pickup_dwell=5.00s exit_len=8.398 priority_until_s=0.758 horizon_refresh=IMMEDIATE[0m
NFO] [1788847512.424718055]: [sim_plan] built plan=2411 start=4290.30 horizon=15.00 frames=150 commit_frames=20[0m
[0m[INFO] [1788847512.438018257]: [sim_plan] built plan=2412 start=4292.30 horizon=15.00 frames=150 commit_frames=20[0m
[0m[INFO] [1788847512.449855842]: [sim_plan] built plan=2413 start=4294.30 horizon=15.00 frames=150 commit_frames=20[0m
[0m[INFO] [1788847512.460160316]: [sim_plan] built plan=2414 start=4296.30 horizon=15.00 frames=150 commit_frames=20[0m
[0m[INFO] [1788847512.470750483]: [sim_plan] built plan=2415 start=4298.30 horizon=15.00 frames=150 commit_frames=20[0m
[0m[INFO] [1788847512.477745093]: [sim_plan] built plan=2416 start=4300.30 horizon=15.00 frames=150 commit_frames=20[0m
[0m[INFO] [1788847512.484087109]: [sim_plan] built plan=2417 start=4302.00 horizon=15.00 frames=150 commit_frames=20[0m
[0m[INFO] [1788847512.492363482]: [sim_plan] built plan=2418 start=4304.00 horizon=15.00 frames=150 commit_frames=20[0m
[0m[INFO] [1788847512.501536857]: [sim_plan] built plan=2419 start=4306.00 horizon=15.00 frames=150 commit_frames=20[0m
[0m[INFO] [1788847512.502739228]: [multi_patrol][A1] V0 activate prepared dropoff: A1 -> B36 len=4.494 priority_until_s=0.758[0m
[0m[INFO] [1788847512.510267995]: [sim_plan] built plan=2420 start=4306.90 horizon=15.00 frames=150 commit_frames=20[0m
[0m[INFO] [1788847512.523671502]: [sim_plan] built plan=2421 start=4308.90 horizon=15.00 frames=150 commit_frames=20[0m
[0m[INFO] [1788847512.529364943]: [sim_plan] built plan=2422 start=4310.90 horizon=15.00 frames=150 commit_frames=20[0m
[0m[INFO] [1788847512.530671257]: [multi_patrol][A1 EXIT PRIORITY RELEASE] V0 s=0.771 threshold=0.758[0m
[0m[INFO] [1788847512.534269380]: [sim_plan] built plan=2423 start=4312.90 horizon=15.00 frames=150 commit_frames=20[0m
[0m[INFO] [1788847512.537196734]: [sim_plan] built plan=2424 start=4314.90 horizon=15.00 frames=150 commit_frames=20[0m
[0m[INFO] [1788847512.540420848]: [sim_plan] built plan=2425 start=4316.90 horizon=15.00 frames=150 commit_frames=20[0m
[0m[INFO] [1788847512.540876132]: [multi_patrol][A1] V1 pickup leg: B62 -> A1  wpts=501 len=6.026[0m
[0m[INFO] [1788847512.555647926]: [sim_plan] built plan=2426 start=4317.00 horizon=15.00 frames=150 commit_frames=20[0m
[0m[INFO] [1788847512.575538667]: [sim_plan] built plan=2427 start=4319.00 horizon=15.00 frames=150 commit_frames=20[0m
[0m[INFO] [1788847512.575864667]: [batch] 43200/72000 ticks (sim_t=4320s) hard_guard=0[0m
[0m[INFO] [1788847512.589064674]: [sim_plan] built plan=2428 start=4321.00 horizon=15.00 frames=150 commit_frames=20[0m
[0m[INFO] [1788847512.601088920]: [sim_plan] built plan=2429 start=4323.00 horizon=15.00 frames=150 commit_frames=20[0m
[0m[INFO] [1788847512.612164655]: [sim_plan] built plan=2430 start=4325.00 horizon=15.00 frames=150 commit_frames=20[0m
[0m[INFO] [1788847512.621886890]: [sim_plan] built plan=2431 start=4327.00 horizon=15.00 frames=150 commit_frames=20[0m
[0m[INFO] [1788847512.629439321]: [sim_plan] built plan=2432 start=4329.00 horizon=15.00 frames=150 commit_frames=20[0m
[0m[INFO] [1788847512.635116491]: [sim_plan] built plan=2433 start=4331.00 horizon=15.00 frames=150 commit_frames=20[0m
[0m[INFO] [1788847512.639128144]: [sim_plan] built plan=2434 start=4333.00 horizon=15.00 frames=150 commit_frames=20[0m
[0m[INFO] [1788847512.643148955]: [sim_plan] built plan=2435 start=4335.00 horizon=15.00 frames=150 commit_frames=20[0m
[0m[INFO] [1788847512.646592245]: [sim_plan] built plan=2436 start=4337.00 horizon=15.00 frames=150 commit_frames=20[0m
[0m[INFO] [1788847512.647108114]: [multi_patrol][A1] V0 pickup leg: B36 -> A1  wpts=298 len=3.149[0m
[0m[INFO] [1788847512.666594647]: [sim_plan] built plan=2437 start=4338.70 horizon=15.00 frames=150 commit_frames=20[0m
[0m[INFO] [1788847512.716941829]: [sim_plan] built plan=2438 start=4340.70 horizon=15.00 frames=150 commit_frames=20[0m
[0m[INFO] [1788847512.757948544]: [sim_plan] built plan=2439 start=4342.70 horizon=15.00 frames=150 commit_frames=20[0m
[0m[INFO] [1788847512.80391[33m[WARN] [1788847512.992090593]: [multi_patrol][A1 EXIT HORIZON] V1 target=B39 dwell_part=4.90s departure_window=10.10s total_horizon=15.00s[0m
[33m[WARN] [1788847513.038542063]: [multi_patrol][A1 EXIT HORIZON] V1 target=B39 dwell_part=2.90s departure_window=12.10s total_horizon=15.00s[0m
[33m[WARN] [1788847513.097133993]: [multi_patrol][A1 EXIT HORIZON] V1 target=B39 dwell_part=0.90s departure_window=14.10s total_horizon=15.00s[0m
[33m[WARN] [1788847513.694562535]: [multi_patrol][A1 EXIT HORIZON] V0 target=B61 dwell_part=4.90s departure_window=10.10s total_horizon=15.00s[0m
[33m[WARN] [1788847513.703458558]: [SLOT_DEPARTURE] time=73min19.6s vehicle=V1 owner=V0 result=ALLOW reason=slot_departure_clear candidate_path_gen=107 slot_departure_clear_s=0.327 vehicle_mode=ACTIVE vehicle_speed=0.000 vehicle_path_s=0.000 blocker=none a1_prefix_conflict=0 ordinary_road_conflict=0 owner_phase=PICKUP_DWELL owner_path_gen=107 geometry=pending_preview protected_zones=0 actual_occupancy_priority=0[0m
[33m[WARN] [1788847513.703961620]: [multi_patrol][A1 EXIT PREPARED] V1 target=B4 pickup_dwell=5.00s exit_len=1.681 priority_until_s=0.758 horizon_refresh=IMMEDIATE[0m
[33m[WARN] [1788847513.716186333]: [multi_patrol][A1 EXIT HORIZON] V0 target=B61 dwell_part=2.90s departure_window=12.10s total_horizon=15.00s[0m
[33m[WARN] [1788847513.731998198]: [multi_patrol][A1 EXIT HORIZON] V0 target=B61 dwell_part=0.90s departure_window=14.10s total_horizon=15.00s[0m
8118]: [sim_plan] built plan=2440 start=4344.70 horizon=15.00 frames=150 commit_frames=20[0m
[0m[INFO] [1788847512.842169575]: [sim_plan] built plan=2441 start=4346.70 horizon=15.00 frames=150 commit_frames=20[0m
[0m[INFO] [1788847512.879964867]: [sim_plan] built plan=2442 start=4348.70 horizon=15.00 frames=150 commit_frames=20[0m
[0m[INFO] [1788847512.917243118]: [sim_plan] built plan=2443 start=4350.70 horizon=15.00 frames=150 commit_frames=20[0m
[0m[INFO] [1788847512.954476607]: [sim_plan] built plan=2444 start=4352.70 horizon=15.00 frames=150 commit_frames=20[0m
[0m[INFO] [1788847512.992048994]: [sim_plan] built plan=2445 start=4354.20 horizon=15.00 frames=150 commit_frames=20[0m
[0m[INFO] [1788847513.038498351]: [sim_plan] built plan=2446 start=4356.20 horizon=15.00 frames=150 commit_frames=20[0m
[0m[INFO] [1788847513.097070279]: [sim_plan] built plan=2447 start=4358.20 horizon=15.00 frames=150 commit_frames=20[0m
[0m[INFO] [1788847513.098497147]: [multi_patrol][A1] V1 activate prepared dropoff: A1 -> B39 len=5.953 priority_until_s=0.758[0m
[0m[INFO] [1788847513.162174661]: [sim_plan] built plan=2448 start=4359.10 horizon=15.00 frames=150 commit_frames=20[0m
[0m[INFO] [1788847513.237145758]: [sim_plan] built plan=2449 start=4361.10 horizon=15.00 frames=150 commit_frames=20[0m
[0m[INFO] [1788847513.304327141]: [sim_plan] built plan=2450 start=4363.10 horizon=15.00 frames=150 commit_frames=20[0m
[0m[INFO] [1788847513.305624293]: [multi_patrol][A1 EXIT PRIORITY RELEASE] V1 s=0.771 threshold=0.758[0m
[0m[INFO] [1788847513.369257502]: [sim_plan] built plan=2451 start=4365.10 horizon=15.00 frames=150 commit_frames=20[0m
[0m[INFO] [1788847513.424335113]: [sim_plan] built plan=2452 start=4367.10 horizon=15.00 frames=150 commit_frames=20[0m
[0m[INFO] [1788847513.469356168]: [sim_plan] built plan=2453 start=4369.10 horizon=15.00 frames=150 commit_frames=20[0m
[0m[INFO] [1788847513.504776389]: [sim_plan] built plan=2454 start=4371.10 horizon=15.00 frames=150 commit_frames=20[0m
[0m[INFO] [1788847513.534054706]: [sim_plan] built plan=2455 start=4373.10 horizon=15.00 frames=150 commit_frames=20[0m
[0m[INFO] [1788847513.559081535]: [sim_plan] built plan=2456 start=4375.10 horizon=15.00 frames=150 commit_frames=20[0m
[0m[INFO] [1788847513.579817943]: [sim_plan] built plan=2457 start=4377.10 horizon=15.00 frames=150 commit_frames=20[0m
[0m[INFO] [1788847513.597412813]: [sim_plan] built plan=2458 start=4379.10 horizon=15.00 frames=150 commit_frames=20[0m
[0m[INFO] [1788847513.614496328]: [sim_plan] built plan=2459 start=4381.10 horizon=15.00 frames=150 commit_frames=20[0m
[0m[INFO] [1788847513.636695834]: [sim_plan] built plan=2460 start=4383.10 horizon=15.00 frames=150 commit_frames=20[0m
[0m[INFO] [1788847513.649054327]: [sim_plan] built plan=2461 start=4385.10 horizon=15.00 frames=150 commit_frames=20[0m
[0m[INFO] [1788847513.659363796]: [sim_plan] built plan=2462 start=4387.10 horizon=15.00 frames=150 commit_frames=20[0m
[0m[INFO] [1788847513.667011936]: [sim_plan] built plan=2463 start=4389.10 horizon=15.00 frames=150 commit_frames=20[0m
[0m[INFO] [1788847513.673427537]: [sim_plan] built plan=2464 start=4391.10 horizon=15.00 frames=150 commit_frames=20[0m
[0m[INFO] [1788847513.680538702]: [sim_plan] built plan=2465 start=4393.10 horizon=15.00 frames=150 commit_frames=20[0m
[0m[INFO] [1788847513.686014723]: [sim_plan] built plan=2466 start=4395.10 horizon=15.00 frames=150 commit_frames=20[0m
[0m[INFO] [1788847513.690408323]: [sim_plan] built plan=2467 start=4397.10 horizon=15.00 frames=150 commit_frames=20[0m
[0m[INFO] [1788847513.694525853]: [sim_plan] built plan=2468 start=4397.60 horizon=15.00 frames=150 commit_frames=20[0m
[0m[INFO] [1788847513.703417792]: [multi_patrol][A1] V1 pickup leg: B39 -> A1  wpts=535 len=6.102[0m
[0m[INFO] [1788847513.716134987]: [sim_plan] built plan=2469 start=4399.60 horizon=15.00 frames=150 commit_frames=20[0m
[0m[INFO] [1788847513.731949511]: [sim_plan] built plan=2470 start=4401.60 horizon=15.00 frames=150 commit_frames=20[0m
[33m[WARN] [1788847514.029641638]: [multi_patrol][A1 EXIT HORIZON] V1 target=B4 dwell_part=4.90s departure_window=10.10s total_horizon=15.00s[0m
[33m[WARN] [1788847514.041231444]: [multi_patrol][A1 EXIT HORIZON] V1 target=B4 dwell_part=2.90s departure_window=12.10s total_horizon=15.00s[0m
[33m[WARN] [1788847514.053573579]: [multi_patrol][A1 EXIT HORIZON] V1 target=B4 dwell_part=0.90s departure_window=14.10s total_horizon=15.00s[0m
[0m[INFO] [1788847513.737327264]: [multi_patrol][A1] V0 activate prepared dropoff: A1 -> B61 len=8.398 priority_until_s=0.758[0m
[0m[INFO] [1788847513.753808764]: [sim_plan] built plan=2471 start=4402.50 horizon=15.00 frames=150 commit_frames=20[0m
[0m[INFO] [1788847513.780243548]: [sim_plan] built plan=2472 start=4404.50 horizon=15.00 frames=150 commit_frames=20[0m
[0m[INFO] [1788847513.798006315]: [sim_plan] built plan=2473 start=4406.50 horizon=15.00 frames=150 commit_frames=20[0m
[0m[INFO] [1788847513.799352425]: [multi_patrol][A1 EXIT PRIORITY RELEASE] V0 s=0.771 threshold=0.758[0m
[0m[INFO] [1788847513.816154664]: [sim_plan] built plan=2474 start=4408.50 horizon=15.00 frames=150 commit_frames=20[0m
[0m[INFO] [1788847513.837312676]: [sim_plan] built plan=2475 start=4410.50 horizon=15.00 frames=150 commit_frames=20[0m
[0m[INFO] [1788847513.856483370]: [sim_plan] built plan=2476 start=4412.50 horizon=15.00 frames=150 commit_frames=20[0m
[0m[INFO] [1788847513.872204959]: [sim_plan] built plan=2477 start=4414.50 horizon=15.00 frames=150 commit_frames=20[0m
[0m[INFO] [1788847513.891865207]: [sim_plan] built plan=2478 start=4416.50 horizon=15.00 frames=150 commit_frames=20[0m
[0m[INFO] [1788847513.911739869]: [sim_plan] built plan=2479 start=4418.50 horizon=15.00 frames=150 commit_frames=20[0m
[0m[INFO] [1788847513.928395457]: [sim_plan] built plan=2480 start=4420.50 horizon=15.00 frames=150 commit_frames=20[0m
[0m[INFO] [1788847513.945885512]: [sim_plan] built plan=2481 start=4422.50 horizon=15.00 frames=150 commit_frames=20[0m
[0m[INFO] [1788847513.962340203]: [sim_plan] built plan=2482 start=4424.50 horizon=15.00 frames=150 commit_frames=20[0m
[0m[INFO] [1788847513.974747783]: [sim_plan] built plan=2483 start=4426.50 horizon=15.00 frames=150 commit_frames=20[0m
[0m[INFO] [1788847513.986069402]: [sim_plan] built plan=2484 start=4428.50 horizon=15.00 frames=150 commit_frames=20[0m
[0m[INFO] [1788847513.996894557]: [sim_plan] built plan=2485 start=4430.50 horizon=15.00 frames=150 commit_frames=20[0m
[0m[INFO] [1788847514.006652077]: [sim_plan] built plan=2486 start=4432.50 horizon=15.00 frames=150 commit_frames=20[0m
[0m[INFO] [1788847514.018425668]: [sim_plan] built plan=2487 start=4434.50 horizon=15.00 frames=150 commit_frames=20[0m
[0m[INFO] [1788847514.029583731]: [sim_plan] built plan=2488 start=4436.30 horizon=15.00 frames=150 commit_frames=20[0m
[0m[INFO] [1788847514.041190514]: [sim_plan] built plan=2489 start=4438.30 horizon=15.00 frames=150 commit_frames=20[0m
[0m[INFO] [1788847514.053509971]: [sim_plan] built plan=2490 start=4440.30 horizon=15.00 frames=150 commit_frames=20[0m
[0m[INFO] [1788847514.054973520]: [multi_patrol][A1] V1 activate prepared dropoff: A1 -> B4 len=1.681 priority_until_s=0.758[0m
[0m[INFO] [1788847514.065951229]: [sim_plan] built plan=2491 start=4441.20 horizon=15.00 frames=150 commit_frames=20[0m
[0m[INFO] [1788847514.078792313]: [sim_plan] built plan=2492 start=4443.20 horizon=15.00 frames=150 commit_frames=20[0m
[0m[INFO] [1788847514.086440808]: [sim_plan] built plan=2493 start=4445.20 horizon=15.00 frames=150 commit_frames=20[0m
[0m[INFO] [1788847514.087180454]: [multi_patrol][A1 EXIT PRIORITY RELEASE] V1 s=0.771 threshold=0.758[0m
[0m[INFO] [1788847514.093373647]: [sim_plan] built plan=2494 start=4447.20 horizon=15.00 frames=150 commit_frames=20[0m
[0m[INFO] [1788847514.096447989]: [sim_plan] built plan=2495 start=4449.20 horizon=15.00 frames=150 commit_frames=20[0m
[0m[INFO] [1788847514.097940960]: [sim_plan] built plan=2496 start=4451.20 horizon=15.00 frames=150 commit_frames=20[0m
[0m[INFO] [1788847514.098895708]: [sim_plan] built plan=2497 start=4453.20 horizon=15.00 frames=150 commit_frames=20[0m
[0m[INFO] [1788847514.099326667]: [sim_plan] built plan=2498 start=4453.20 horizon=15.00 frames=150 commit_frames=20[0m
[0m[INFO] [1788847514.099844496]: [sim_plan] built plan=2499 start=4453.30 horizon=15.00 frames=150 commit_frames=20[0m
[0m[INFO] [1788847514.100199077]: [sim_plan] built plan=2500 start=4453.30 horizon=15.00 frames=150 commit_frames=20[0m
[0m[INFO] [1788847514.100881431]: [sim_plan] built plan=2501 start=4453.40 horizon=15.00 frames=150 commit_frames=20[0m
[0m[INFO] [1788847514.101371203]: [sim_plan] built plan=2502 start=4453.40 horizon=15.00 frames=150 commit_frames=20[0m
[0m[INFO] [1788847514.101808744]: [sim_plan] built plan=2503 start=4453.50 horizon=15.00 frames=150 commit_frames=20[0m
[0m[INFO] [1788847514.102311571]: [sim_plan] built plan=2504 start=4453.50 horizon=15.00 frames=150 commit_frames=20[0m
[0m[INFO] [1788847514.102788935]: [sim_plan] built plan=2505 start=4453.60 horizon=15.00 frames=150 commit_frames=20[0m
[0m[INFO] [1788847514.103294751]: [sim_plan] built plan=2506 start=4453.60 horizon=15.00 frames=150 commit_frames=20[0m
[0m[INFO] [1788847514.103840207]: [sim_plan] built plan=2507 start=4453.70 horizon=15.00 frames=150 commit_frames=20[0m
[0m[INFO] [1788847514.104277163]: [sim_plan] built plan=2508 start=4453.70 horizon=15.00 frames=150 commit_frames=20[0m
[0m[INFO] [1788847514.104747488]: [sim_plan] built plan=2509 start=4453.80 horizon=15.00 frames=150 commit_frames=20[0m
[0m[INFO] [1788847514.105158795]: [sim_plan] built plan=2510 start=4453.80 horizon=15.00 frames=150 commit_frames=20[0m
[0m[INFO] [1788847514.105518589]: [sim_plan] built plan=2511 start=4453.90 horizon=15.00 frames=150 commit_frames=20[0m
[0m[INFO] [1788847514.105887853]: [sim_plan] built plan=2512 start=4453.90 horizon=15.00 frames=150 commit_frames=20[0m
[0m[INFO] [1788847514.106499142]: [sim_plan] built plan=2513 start=4454.00 horizon=15.00 frames=150 commit_frames=20[0m
[0m[INFO] [1788847514.106965970]: [sim_plan] built plan=2514 start=4454.00 horizon=15.00 frames=150 commit_frames=20[0m
[0m[INFO] [1788847514.107370529]: [sim_plan] built plan=2515 start=4454.10 horizon=15.00 frames=150 commit_frames=20[0m
[0m[INFO] [1788847514.107857636]: [sim_plan] built plan=2516 start=4454.10 horizon=15.00 frames=150 commit_frames=20[0m
[0m[INFO] [1788847514.108379990]: [sim_plan] built plan=2517 start=4454.20 horizon=15.00 frames=150 commit_frames=20[0m
[0m[INFO] [1788847514.109159294]: [sim_plan] built plan=2518 start=4454.20 horizon=15.00 frames=150 commit_frames=20[0m
[0m[INFO] [1788847514.109661575]: [sim_plan] built plan=2519 start=4454.30 horizon=15.00 frames=150 commit_frames=20[0m
[0m[INFO] [1788847514.110191776]: [sim_plan] built plan=2520 start=4454.30 horizon=15.00 frames=150 commit_frames=20[0m
[0m[INFO] [1788847514.110665377]: [sim_plan] built plan=2521 start=4454.40 horizon=15.00 frames=150 commit_frames=20[0m
[0m[INFO] [1788847514.111036563]: [sim_plan] built plan=2522 start=4454.40 horizon=15.00 frames=150 commit_frames=20[0m
[0m[INFO] [1788847514.111555379]: [sim_plan] built plan=2523 start=4454.50 horizon=15.00 frames=150 commit_frames=20[0m
[0m[INFO] [1788847514.112082286]: [sim_plan] built plan=2524 start=4454.50 horizon=15.00 frames=150 commit_frames=20[0m
[0m[INFO] [1788847514.112565836]: [sim_plan] built plan=2525 start=4454.60 horizon=15.00 frames=150 commit_frames=20[0m
[0m[INFO] [1788847514.113061645]: [sim_plan] built plan=2526 start=4454.60 horizon=15.00 frames=150 commit_frames=20[0m
[0m[INFO] [1788847514.113523546]: [sim_plan] built plan=2527 start=4454.70 horizon=15.00 frames=150 commit_frames=20[0m
[0m[INFO] [1788847514.113905579]: [sim_plan] built plan=2528 start=4454.70 horizon=15.00 frames=150 commit_frames=20[0m
[0m[INFO] [1788847514.114303978]: [sim_plan] built plan=2529 start=4454.80 horizon=15.00 frames=150 commit_frames=20[0m
[0m[INFO] [1788847514.114697059]: [sim_plan] built plan=2530 start=4454.80 horizon=15.00 frames=150 commit_frames=20[0m
[0m[INFO] [1788847514.115069632]: [sim_plan] built plan=2531 start=4454.90 horizon=15.00 frames=150 commit_frames=20[0m
[0m[INFO] [1788847514.115421870]: [sim_plan] built plan=2532 start=4454.90 horizon=15.00 frames=150 commit_frames=20[0m
[0m[INFO] [1788847514.115798968]: [sim_plan] built plan=2533 start=4455.00 horizon=15.00 frames=150 commit_frames=20[0m
[0m[INFO] [1788847514.116247861]: [sim_plan] built plan=2534 start=4455.00 horizon=15.00 frames=150 commit_frames=20[0m
[0m[INFO] [1788847514.117034657]: [sim_plan] built plan=2535 start=4455.10 horizon=15.00 frames=150 commit_frames=20[0m
[0m[INFO] [1788847514.117604443]: [sim_plan] built plan=2536 start=4455.10 horizon=15.00 frames=150 commit_frames=20[0m
[0m[INFO] [1788847514.118160771]: [sim_plan] built plan=2537 start=4455.20 horizon=15.00 frames=150 commit_frames=20[0m
[0m[INFO] [1788847514.118527118]: [sim_plan] built plan=2538 start=4455.20 horizon=15.00 frames=150 commit_frames=20[0m
[0m[INFO] [1788847514.118884846]: [sim_plan] built plan=2539 start=4455.30 horizon=15.00 frames=150 commit_frames=20[0m
[0m[INFO] [1788847514.119233994]: [sim_plan] built plan=2540 start=4455.30 horizon=15.00 frames=150 commit_frames=20[0m
[0m[INFO] [1788847514.119602769]: [sim_plan] built plan=2541 start=4455.40 horizon=15.00 frames=150 commit_frames=20[0m
[0m[INFO] [1788847514.119981674]: [sim_plan] built plan=2542 start=4455.40 horizon=15.00 frames=150 commit_frames=20[0m
[0m[INFO] [1788847514.120386914]: [sim_plan] built plan=2543 start=4455.50 horizon=15.00 frames=150 commit_frames=20[0m
[0m[INFO] [1788847514.120781946]: [sim_plan] built plan=2544 start=4455.50 horizon=15.00 frames=150 commit_frames=20[0m
[0m[INFO] [1788847514.121164092]: [sim_plan] built plan=2545 start=4455.60 horizon=15.00 frames=150 commit_frames=20[0m
[0m[INFO] [1788847514.121518664]: [sim_plan] built plan=2546 start=4455.60 horizon=15.00 frames=150 commit_frames=20[0m
[0m[INFO] [1788847514.121871915]: [sim_plan] built plan=2547 start=4455.70 horizon=15.00 frames=150 commit_frames=20[0m
[0m[INFO] [1788847514.122313913]: [sim_plan] built plan=2548 start=4455.70 horizon=15.00 frames=150 commit_frames=20[0m
[0m[INFO] [1788847514.122749147]: [sim_plan] built plan=2549 start=4455.80 horizon=15.00 frames=150 commit_frames=20[0m
[0m[INFO] [1788847514.123129879]: [sim_plan] built plan=2550 start=4455.80 horizon=15.00 frames=150 commit_frames=20[0m
[0m[INFO] [1788847514.123569746]: [sim_plan] built plan=2551 start=4455.90 horizon=15.00 frames=150 commit_frames=20[0m
[0m[INFO] [1788847514.124019010]: [sim_plan] built plan=2552 start=4455.90 horizon=15.00 frames=150 commit_frames=20[0m
[0m[INFO] [1788847514.124419619]: [sim_plan] built plan=2553 start=4456.00 horizon=15.00 frames=150 commit_frames=20[0m
[0m[INFO] [1788847514.124793751]: [sim_plan] built plan=2554 start=4456.00 horizon=15.00 frames=150 commit_frames=20[0m
[0m[INFO] [1788847514.125315628]: [sim_plan] built plan=2555 start=4456.10 horizon=15.00 frames=150 commit_frames=20[0m
[0m[INFO] [1788847514.125679630]: [sim_plan] built plan=2556 start=4456.10 horizon=15.00 frames=150 commit_frames=20[0m
[0m[INFO] [1788847514.126060505]: [sim_plan] built plan=2557 start=4456.20 horizon=15.00 frames=150 commit_frames=20[0m
[0m[INFO] [1788847514.127117955]: [sim_plan] built plan=2558 start=4456.20 horizon=15.00 frames=150 commit_frames=20[0m
[0m[INFO] [1788847514.127498438]: [sim_plan] built plan=2559 start=4456.30 horizon=15.00 frames=150 commit_frames=20[0m
[0m[INFO] [1788847514.127857755]: [sim_plan] built plan=2560 start=4456.30 horizon=15.00 frames=150 commit_frames=20[0m
[0m[INFO] [1788847514.128347147]: [sim_plan] built plan=2561 start=4456.40 horizon=15.00 frames=150 commit_frames=20[0m
[0m[INFO] [1788847514.128758774]: [sim_plan] built plan=2562 start=4456.40 horizon=15.00 frames=150 commit_frames=20[0m
[0m[INFO] [1788847514.129123876]: [sim_plan] built plan=2563 start=4456.50 horizon=15.00 frames=150 commit_frames=20[0m
[0m[INFO] [1788847514.130470615]: [sim_plan] built plan=2564 start=4456.50 horizon=15.00 frames=150 commit_frames=20[0m
[0m[INFO] [1788847514.130840481]: [sim_plan] built plan=2565 start=4456.60 horizon=15.00 frames=150 commit_frames=20[0m
[0m[INFO] [1788847514.131193914]: [sim_plan] built plan=2566 start=4456.60 horizon=15.00 frames=150 commit_frames=20[0m
[0m[INFO] [1788847514.131601593]: [sim_plan] built plan=2567 start=4456.70 horizon=15.00 frames=150 c[33m[WARN] [1788847514.133985941]: [SLOT_DEPARTURE] time=74min17.0s vehicle=V1 owner=none result=ALLOW reason=no_service_owner candidate_path_gen=109 slot_departure_clear_s=0.346 vehicle_mode=ACTIVE vehicle_speed=0.000 vehicle_path_s=0.000 blocker=none a1_prefix_conflict=0 ordinary_road_conflict=0[0m
[33m[WARN] [1788847514.134484365]: [multi_patrol][A1 EXIT PREPARED] V1 target=B20 pickup_dwell=5.00s exit_len=4.313 priority_until_s=0.758 horizon_refresh=IMMEDIATE[0m
[33m[WARN] [1788847514.148914452]: [SLOT_DEPARTURE] time=74min18.0s vehicle=V0 owner=V1 result=ALLOW reason=slot_departure_clear candidate_path_gen=109 slot_departure_clear_s=0.346 vehicle_mode=ACTIVE vehicle_speed=0.000 vehicle_path_s=0.000 blocker=none a1_prefix_conflict=0 ordinary_road_conflict=0 owner_phase=TO_A1 owner_path_gen=109 geometry=pending_preview protected_zones=0 actual_occupancy_priority=0[0m
[33m[WARN] [1788847514.149698939]: [multi_patrol][A1 EXIT PREPARED] V0 target=B24 pickup_dwell=5.00s exit_len=3.875 priority_until_s=0.758 horizon_refresh=IMMEDIATE[0m
[33m[WARN] [1788847514.289392135]: [multi_patrol][A1 EXIT HORIZON] V1 target=B20 dwell_part=4.90s departure_window=10.10s total_horizon=15.00s[0m
[33m[WARN] [1788847514.328853234]: [multi_patrol][A1 EXIT HORIZON] V1 target=B20 dwell_part=2.90s departure_window=12.10s total_horizon=15.00s[0m
[33m[WARN] [1788847514.391566281]: [multi_patrol][A1 EXIT HORIZON] V1 target=B20 dwell_part=0.90s departure_window=14.10s total_horizon=15.00s[0m
ommit_frames=20[0m
[0m[INFO] [1788847514.132294723]: [sim_plan] built plan=2568 start=4456.70 horizon=15.00 frames=150 commit_frames=20[0m
[0m[INFO] [1788847514.132678094]: [sim_plan] built plan=2569 start=4456.80 horizon=15.00 frames=150 commit_frames=20[0m
[0m[INFO] [1788847514.133046881]: [sim_plan] built plan=2570 start=4456.80 horizon=15.00 frames=150 commit_frames=20[0m
[0m[INFO] [1788847514.133407995]: [sim_plan] built plan=2571 start=4456.90 horizon=15.00 frames=150 commit_frames=20[0m
[0m[INFO] [1788847514.133845017]: [sim_plan] built plan=2572 start=4456.90 horizon=15.00 frames=150 commit_frames=20[0m
[0m[INFO] [1788847514.133948570]: [multi_patrol][A1] V1 pickup leg: B4 -> A1  wpts=162 len=1.680[0m
[0m[INFO] [1788847514.143483482]: [sim_plan] built plan=2573 start=4457.00 horizon=15.00 frames=150 commit_frames=20[0m
[0m[INFO] [1788847514.148824970]: [multi_patrol][A1] V0 pickup leg: B61 -> A1  wpts=479 len=5.806[0m
[0m[INFO] [1788847514.164658336]: [sim_plan] built plan=2574 start=4458.00 horizon=15.00 frames=150 commit_frames=20[0m
[0m[INFO] [1788847514.179730725]: [sim_plan] built plan=2575 start=4460.00 horizon=15.00 frames=150 commit_frames=20[0m
[0m[INFO] [1788847514.191531528]: [sim_plan] built plan=2576 start=4462.00 horizon=15.00 frames=150 commit_frames=20[0m
[0m[INFO] [1788847514.222120650]: [sim_plan] built plan=2577 start=4464.00 horizon=15.00 frames=150 commit_frames=20[0m
[0m[INFO] [1788847514.253633671]: [sim_plan] built plan=2578 start=4466.00 horizon=15.00 frames=150 commit_frames=20[0m
[0m[INFO] [1788847514.289323639]: [sim_plan] built plan=2579 start=4467.90 horizon=15.00 frames=150 commit_frames=20[0m
[0m[INFO] [1788847514.328800645]: [sim_plan] built plan=2580 start=4469.90 horizon=15.00 frames=150 commit_frames=20[0m
[0m[INFO] [1788847514.391512219]: [sim_plan] built plan=2581 start=4471.90 horizon=15.00 frames=150 commit_frames=20[0m
[0m[INFO] [1788847514.392930046]: [multi_patrol][A1] V1 activate prepared dropoff: A1 -> B20 len=4.313 priority_until_s=0.758[0m
[0m[INFO] [1788847514.452457557]: [sim_plan] built plan=2582 start=4472.80 horizon=15.00 frames=150 commit_frames=20[0m
[0m[INFO] [1788847514.529241674]: [sim_plan] built plan=2583 start=4474.80 horizon=15.00 frames=150 commit_frames=20[0m
[0m[INFO] [1788847514.596805899]: [sim_plan] built plan=2584 start=4476.80 horizon=15.00 frames=150 commit_frames=20[0m
[0m[INFO] [1788847514.598019382]: [multi_patrol][A1 EXIT PRIORITY RELEASE] V1 s=0.771 threshold=0.758[0m
[0m[INFO] [1788847514.654339595]: [sim_plan] built plan=2585 start=4478.80 horizon=15.00 frames=150 commit_frames=20[0m
[0m[INFO] [1788847514.705439919]: [sim_plan] built plan=2586 start=4480.80 horizon=15.00 frames=150 commit_frames=20[0m
[0m[INFO] [1788847514.746337494]: [sim_plan] built plan=2587 start=4482.80 horizon=15.00 frames=150 commit_frames=20[0m
[0m[INFO] [1788847514.779831041]: [sim_plan] built plan=2588 start=4484.80 horizon=15.00 frames=150 commit_frames=20[0m
[0m[INFO] [1788847514.804428661]: [sim_plan] built plan=2589 start=4486.80 horizon=15.00 frames=150 commit_frames=20[0m
[0m[INFO] [1788847514.822892919]: [sim_plan] built plan=2590 start=4488.80 horizon=15.00 frames=150 commit_frames=20[0m
[0m[INFO] [1788847514.834548579]: [sim_plan] built plan=2591 start=4490.80 horizon=15.00 frames=150 commit_frames=20[0m
[0m[INFO] [1788847514.843529495]: [sim_plan] built plan=2592 start=4492.80 horizon=15.00 frames=150 commit_frames=20[0m
[0m[INFO] [1788847514.850883736]: [sim_plan] built plan=2593 start=4494.80 horizon=15.00 frames=150 commit_frames=20[0m
[0m[INFO] [1788847514.859574527]: [sim_plan] built plan=2594 start=4496.80 horizon=15.00 frames=150 commit_frames=20[0m
[0m[INFO] [1788847514.863215904]: [sim_plan] built plan=2595 start=4498.80 horizon=15.00 frames=150 commit_frames=20[0m
[0m[INFO] [1788847514.866945909]: [sim_plan] built plan=2596 start=4500.80 horizon=15.00 frames=150 commit_frames=20[0m
[0m[INFO] [1788847514.870487438]: [sim_plan] built plan=2597 start=4502.80 horizon=15.00 frame[33m[WARN] [1788847514.873460177]: [SLOT_DEPARTURE] time=75min3.6s vehicle=V1 owner=V0 result=ALLOW reason=slot_departure_clear candidate_path_gen=111 slot_departure_clear_s=0.327 vehicle_mode=ACTIVE vehicle_speed=0.000 vehicle_path_s=0.000 blocker=none a1_prefix_conflict=0 ordinary_road_conflict=0 owner_phase=TO_A1 owner_path_gen=109 geometry=pending_preview protected_zones=0 actual_occupancy_priority=0[0m
[33m[WARN] [1788847514.873999538]: [multi_patrol][A1 EXIT PREPARED] V1 target=B3 pickup_dwell=5.00s exit_len=1.901 priority_until_s=0.758 horizon_refresh=IMMEDIATE[0m
[33m[WARN] [1788847515.011124515]: [multi_patrol][A1 EXIT HORIZON] V0 target=B24 dwell_part=4.90s departure_window=10.10s total_horizon=15.00s[0m
[33m[WARN] [1788847515.044952392]: [multi_patrol][A1 EXIT HORIZON] V0 target=B24 dwell_part=2.90s departure_window=12.10s total_horizon=15.00s[0m
[33m[WARN] [1788847515.080802339]: [multi_patrol][A1 EXIT HORIZON] V0 target=B24 dwell_part=0.90s departure_window=14.10s total_horizon=15.00s[0m
[33m[WARN] [1788847515.232337698]: [multi_patrol][A1 EXIT HORIZON] V1 target=B3 dwell_part=4.90s departure_window=10.10s total_horizon=15.00s[0m
[33m[WARN] [1788847515.238717555]: [multi_patrol][A1 EXIT HORIZON] V1 target=B3 dwell_part=2.90s departure_window=12.10s total_horizon=15.00s[0m
[33m[WARN] [1788847515.245179412]: [multi_patrol][A1 EXIT HORIZON] V1 target=B3 dwell_part=0.90s departure_window=14.10s total_horizon=15.00s[0m
[33m[WARN] [1788847515.260155281]: [SLOT_DEPARTURE] time=75min44.5s vehicle=V0 owner=none result=ALLOW reason=no_service_owner candidate_path_gen=111 slot_departure_clear_s=0.327 vehicle_mode=ACTIVE vehicle_speed=0.000 vehicle_path_s=0.000 blocker=none a1_prefix_conflict=0 ordinary_road_conflict=0[0m
[33m[WARN] [1788847515.260519551]: [multi_patrol][A1 EXIT PREPARED] V0 target=B65 pickup_dwell=5.00s exit_len=6.956 priority_until_s=0.758 horizon_refresh=IMMEDIATE[0m
s=150 commit_frames=20[0m
[0m[INFO] [1788847514.873399304]: [multi_patrol][A1] V1 pickup leg: B20 -> A1  wpts=304 len=3.391[0m
[0m[INFO] [1788847514.885663952]: [sim_plan] built plan=2598 start=4503.60 horizon=15.00 frames=150 commit_frames=20[0m
[0m[INFO] [1788847514.913699200]: [sim_plan] built plan=2599 start=4505.60 horizon=15.00 frames=150 commit_frames=20[0m
[0m[INFO] [1788847514.944915784]: [sim_plan] built plan=2600 start=4507.60 horizon=15.00 frames=150 commit_frames=20[0m
[0m[INFO] [1788847514.978500575]: [sim_plan] built plan=2601 start=4509.60 horizon=15.00 frames=150 commit_frames=20[0m
[0m[INFO] [1788847515.011077732]: [sim_plan] built plan=2602 start=4510.90 horizon=15.00 frames=150 commit_frames=20[0m
[0m[INFO] [1788847515.044906211]: [sim_plan] built plan=2603 start=4512.90 horizon=15.00 frames=150 commit_frames=20[0m
[0m[INFO] [1788847515.080733823]: [sim_plan] built plan=2604 start=4514.90 horizon=15.00 frames=150 commit_frames=20[0m
[0m[INFO] [1788847515.082140535]: [multi_patrol][A1] V0 activate prepared dropoff: A1 -> B24 len=3.875 priority_until_s=0.758[0m
[0m[INFO] [1788847515.114137353]: [sim_plan] built plan=2605 start=4515.80 horizon=15.00 frames=150 commit_frames=20[0m
[0m[INFO] [1788847515.145855259]: [sim_plan] built plan=2606 start=4517.80 horizon=15.00 frames=150 commit_frames=20[0m
[0m[INFO] [1788847515.168837340]: [sim_plan] built plan=2607 start=4519.80 horizon=15.00 frames=150 commit_frames=20[0m
[0m[INFO] [1788847515.169976490]: [multi_patrol][A1 EXIT PRIORITY RELEASE] V0 s=0.771 threshold=0.758[0m
[0m[INFO] [1788847515.187673080]: [sim_plan] built plan=2608 start=4521.80 horizon=15.00 frames=150 commit_frames=20[0m
[0m[INFO] [1788847515.199525211]: [sim_plan] built plan=2609 start=4523.80 horizon=15.00 frames=150 commit_frames=20[0m
[0m[INFO] [1788847515.209231739]: [sim_plan] built plan=2610 start=4525.80 horizon=15.00 frames=150 commit_frames=20[0m
[0m[INFO] [1788847515.217255667]: [sim_plan] built plan=2611 start=4527.80 horizon=15.00 frames=150 commit_frames=20[0m
[0m[INFO] [1788847515.223245961]: [sim_plan] built plan=2612 start=4529.80 horizon=15.00 frames=150 commit_frames=20[0m
[0m[INFO] [1788847515.227743918]: [sim_plan] built plan=2613 start=4531.80 horizon=15.00 frames=150 commit_frames=20[0m
[0m[INFO] [1788847515.232299811]: [sim_plan] built plan=2614 start=4532.40 horizon=15.00 frames=150 commit_frames=20[0m
[0m[INFO] [1788847515.238656012]: [sim_plan] built plan=2615 start=4534.40 horizon=15.00 frames=150 commit_frames=20[0m
[0m[INFO] [1788847515.245101245]: [sim_plan] built plan=2616 start=4536.40 horizon=15.00 frames=150 commit_frames=20[0m
[0m[INFO] [1788847515.246291585]: [multi_patrol][A1] V1 activate prepared dropoff: A1 -> B3 len=1.901 priority_until_s=0.758[0m
[0m[INFO] [1788847515.250766747]: [sim_plan] built plan=2617 start=4537.30 horizon=15.00 frames=150 commit_frames=20[0m
[0m[INFO] [1788847515.255599704]: [sim_plan] built plan=2618 start=4539.30 horizon=15.00 frames=150 commit_frames=20[0m
[0m[INFO] [1788847515.257839801]: [sim_plan] built plan=2619 start=4541.30 horizon=15.00 frames=150 commit_frames=20[0m
[0m[INFO] [1788847515.258577764]: [multi_patrol][A1 EXIT PRIORITY RELEASE] V1 s=0.771 threshold=0.758[0m
[0m[INFO] [1788847515.259643467]: [sim_plan] built plan=2620 start=4543.30 horizon=15.00 frames=150 commit_frames=20[0m
[0m[INFO] [1788847515.260119813]: [multi_patrol][A1] V0 pickup leg: B24 -> A1  wpts=298 len=3.474[0m
[0m[INFO] [1788847515.268903788]: [sim_plan] built plan=2621 start=4544.50 horizon=15.00 frames=150 commit_frames=20[0m
[0m[INFO] [1788847515.276876880]: [sim_plan] built plan=2622 start=4546.50 horizon=15.00 frames=150 commit_frames=20[0m
[0m[INFO] [1788847515.281455755]: [sim_plan] built plan=2623 start=4548.50 horizon=15.00 frames=150 commit_frames=20[0m
[0m[INFO] [1788847515.284519453]: [sim_plan] built plan=2624 start=4550.50 horizon=15.00 frames=150 commit_frames=20[0m
[0m[INFO] [1788847515.287692575]: [sim_plan] built plan=2625 start=4552.50 horizon=15.00 frames=150 commit_frames=20[0m
[0m[INFO] [1788847515.290727519]: [sim_plan] built plan=2626 start=4552.50 horizon=15.00 frames=150 commit_frames=20[0m
[0m[INFO] [1788847515.293333933]: [sim_plan] built plan=2627 start=4552.60 horizon=15.00 frames=150 commit_frames=20[0m
[0m[INFO] [1788847515.295798783]: [sim_plan] built plan=2628 start=4552.60 horizon=15.00 frames=150 commit_frames=20[0m
[0m[INFO] [1788847515.298655987]: [sim_plan] built plan=2629 start=4552.70 horizon=15.00 frames=150 commit_frames=20[0m
[0m[INFO] [1788847515.301118330]: [sim_plan] built plan=2630 start=4552.70 horizon=15.00 frames=150 commit_frames=20[0m
[0m[INFO] [1788847515.303935647]: [sim_plan] built plan=2631 start=4552.80 horizon=15.00 frames=150 commit_frames=20[0m
[0m[INFO] [1788847515.306804560]: [sim_plan] built plan=2632 start=4552.80 horizon=15.00 frames=150 commit_frames=20[0m
[0m[INFO] [1788847515.309600081]: [sim_plan] built plan=2633 start=4552.90 horizon=15.00 frames=150 commit_frames=20[0m
[0m[INFO] [1788847515.312129510]: [sim_plan] built plan=2634 start=4552.90 horizon=15.00 frames=150 commit_frames=20[0m
[0m[INFO] [1788847515.315009764]: [sim_plan] built plan=2635 start=4553.00 horizon=15.00 frames=150 commit_frames=20[0m
[0m[INFO] [1788847515.317462371]: [sim_plan] built plan=2636 start=4553.00 horizon=15.00 frames=150 commit_frames=20[0m
[0m[INFO] [1788847515.319918010]: [sim_plan] built plan=2637 start=4553.10 horizon=15.00 frames=150 commit_frames=20[0m
[0m[INFO] [1788847515.322213403]: [sim_plan] built plan=2638 start=4553.10 horizon=15.00 frames=150 commit_frames=20[0m
[0m[INFO] [1788847515.324647434]: [sim_plan] built plan=2639 start=4553.20 horizon=15.00 frames=150 commit_frames=20[0m
[0m[INFO] [1788847515.327401489]: [sim_plan] built plan=2640 start=4553.20 horizon=15.00 frames=150 commit_frames=20[0m
[0m[INFO] [1788847515.329814103]: [sim_plan] built plan=2641 start=4553.30 horizon=15.00 frames=150 commit_frames=20[0m
[0m[INFO] [1788847515.332668779]: [sim_plan] built plan=2642 start=4553.30 horizon=15.00 frames=150 commit_frames=20[0m
[0m[INFO] [1788847515.335372128]: [sim_plan] built plan=2643 start=4553.40 horizon=15.00 frames=150 commit_frames=20[0m
[0m[INFO] [1788847515.338482128]: [sim_plan] built plan=2644 start=4553.40 horizon=15.00 frames=150 commit_frames=20[0m
[0m[INFO] [1788847515.340961812]: [sim_plan] built plan=2645 start=4553.50 horizon=15.00 frames=150 commit_frames=20[0m
[0m[INFO] [1788847515.343613241]: [sim_plan] built plan=2646 start=4553.50 horizon=15.00 frames=150 commit_frames=20[0m
[0m[INFO] [1788847515.346180877]: [sim_plan] built plan=2647 start=4553.60 horizon=15.00 frames=150 commit_frames=20[0m
[0m[INFO] [1788847515.348478328]: [sim_plan] built plan=2648 start=4553.60 horizon=15.00 frames=150 commit_frames=20[0m
[0m[INFO] [1788847515.350753156]: [sim_plan] built plan=2649 start=4553.70 horizon=15.00 frames=150 commit_frames=20[0m
[0m[INFO] [1788847515.352900566]: [sim_plan] built plan=2650 start=4553.70 horizon=15.00 frames=150 commit_frames=20[0m
[0m[INFO] [1788847515.355213540]: [sim_plan] built plan=2651 start=4553.80 horizon=15.00 frames=150 commit_frames=20[0m
[0m[INFO] [1788847515.357345140]: [sim_plan] built plan=2652 start=4553.80 horizon=15.00 frames=150 commit_frames=20[0m
[0m[INFO] [1788847515.360196021]: [sim_plan] built plan=2653 start=4553.90 horizon=15.00 frames=150 commit_frames=20[0m
[0m[INFO] [1788847515.362502337]: [sim_plan] built plan=2654 start=4553.90 horizon=15.00 frames=150 commit_frames=20[0m
[0m[INFO] [1788847515.364853280]: [sim_plan] built plan=2655 start=4554.00 horizon=15.00 frames=150 commit_frames=20[0m
[0m[INFO] [1788847515.367619877]: [sim_plan] built plan=2656 start=4554.00 horizon=15.00 frames=150 commit_frames=20[0m
[0m[INFO] [1788847515.370442771]: [sim_plan] built plan=2657 start=4554.10 horizon=15.00 frames=150 commit_frames=20[0m
[0m[INFO] [1788847515.372893703]: [sim_plan] built plan=2658 start=4554.10 horizon=15.00 frames=150 commit_frames=20[0m
[0m[INFO] [1788847515.373292647]: [multi_[33m[WARN] [1788847515.373738652]: [SLOT_DEPARTURE] time=75min54.2s vehicle=V1 owner=none result=ALLOW reason=no_service_owner candidate_path_gen=113 slot_departure_clear_s=0.346 vehicle_mode=ACTIVE vehicle_speed=0.000 vehicle_path_s=0.000 blocker=none a1_prefix_conflict=0 ordinary_road_conflict=0[0m
[33m[WARN] [1788847515.374235802]: [multi_patrol][A1 EXIT PREPARED] V1 target=B59 pickup_dwell=5.00s exit_len=9.022 priority_until_s=0.758 horizon_refresh=IMMEDIATE[0m
[33m[WARN] [1788847515.571438251]: [DEADLOCK] event=CONFIRMED pair=V0-V1 duration=4 path_gen=111/113[0m
[33m[WARN] [1788847515.572156691]: [DEADLOCK] event=SELECT pair=V0-V1 retreat=V0 pass=V1 target_s=1.4412 pass_clear_s=1.89983 distance=0.07 estimated_time=0.7 selection_reason=priority_yielding_vehicle_retreat[0m
[33m[WARN] [1788847515.626308324]: [DEADLOCK] event=RETREAT_DONE pair=V0-V1 retreat=V0 pass=V1 target_s=1.4412[0m
[33m[WARN] [1788847515.626719263]: [DEADLOCK] event=PASS_START pair=V0-V1 retreat=V0 pass=V1 target_s=1.4412[0m
[33m[WARN] [1788847515.686222718]: [DEADLOCK] event=CLEAR pair=V0-V1 pass_s=0 reason=passer_released_to_normal_coordination[0m
[33m[WARN] [1788847515.874634368]: [DEADLOCK] event=CONFIRMED pair=V0-V1 duration=4 path_gen=111/113[0m
[33m[WARN] [1788847515.875221307]: [DEADLOCK] event=SELECT pair=V0-V1 retreat=V0 pass=V1 target_s=1.3812 pass_clear_s=1.89983 distance=0.07 estimated_time=0.7 selection_reason=priority_yielding_vehicle_retreat[0m
[33m[WARN] [1788847515.931285895]: [DEADLOCK] event=RETREAT_DONE pair=V0-V1 retreat=V0 pass=V1 target_s=1.3812[0m
[33m[WARN] [1788847515.931740322]: [DEADLOCK] event=PASS_START pair=V0-V1 retreat=V0 pass=V1 target_s=1.3812[0m
[33m[WARN] [1788847515.990752711]: [DEADLOCK] event=CLEAR pair=V0-V1 pass_s=0 reason=passer_released_to_normal_coordination[0m
[33m[WARN] [1788847516.175482678]: [DEADLOCK] event=CONFIRMED pair=V0-V1 duration=4 path_gen=111/113[0m
[33m[WARN] [1788847516.176052293]: [DEADLOCK] event=SELECT pair=V0-V1 retreat=V0 pass=V1 target_s=1.3212 pass_clear_s=1.89983 distance=0.07 estimated_time=0.7 selection_reason=priority_yielding_vehicle_retreat[0m
[33m[WARN] [1788847516.229024256]: [DEADLOCK] event=RETREAT_DONE pair=V0-V1 retreat=V0 pass=V1 target_s=1.3212[0m
[33m[WARN] [1788847516.229360166]: [DEADLOCK] event=PASS_START pair=V0-V1 retreat=V0 pass=V1 target_s=1.3212[0m
[33m[WARN] [1788847516.282794079]: [DEADLOCK] event=CLEAR pair=V0-V1 pass_s=0 reason=passer_released_to_normal_coordination[0m
[33m[WARN] [1788847516.438525080]: [DEADLOCK] event=CONFIRMED pair=V0-V1 duration=4 path_gen=111/113[0m
[33m[WARN] [1788847516.439250254]: [DEADLOCK] event=SELECT pair=V0-V1 retreat=V0 pass=V1 target_s=1.2612 pass_clear_s=1.89983 distance=0.07 estimated_time=0.7 selection_reason=priority_yielding_vehicle_retreat[0m
[33m[WARN] [1788847516.487767581]: [DEADLOCK] event=RETREAT_DONE pair=V0-V1 retreat=V0 pass=V1 target_s=1.2612[0m
[33m[WARN] [1788847516.488230188]: [DEADLOCK] event=PASS_START pair=V0-V1 retreat=V0 pass=V1 target_s=1.2612[0m
[33m[WARN] [1788847516.536330549]: [DEADLOCK] event=CLEAR pair=V0-V1 pass_s=0 reason=passer_released_to_normal_coordination[0m
[33m[WARN] [1788847518.388315619]: [DEADLOCK] event=CONFIRMED pair=V0-V1 duration=4 path_gen=111/113[0m
[33m[WARN] [1788847518.388918188]: [DEADLOCK] event=SELECT pair=V0-V1 retreat=V0 pass=V1 target_s=1.2012 pass_clear_s=1.89983 distance=0.07 estimated_time=0.7 selection_reason=priority_yielding_vehicle_retreat[0m
[33m[WARN] [1788847518.436118854]: [DEADLOCK] event=RETREAT_DONE pair=V0-V1 retreat=V0 pass=V1 target_s=1.2012[0m
[33m[WARN] [1788847518.436531849]: [DEADLOCK] event=PASS_START pair=V0-V1 retreat=V0 pass=V1 target_s=1.2012[0m
[33m[WARN] [1788847518.485804764]: [DEADLOCK] event=CLEAR pair=V0-V1 pass_s=0 reason=passer_released_to_normal_coordination[0m
[33m[WARN] [1788847518.643222612]: [DEADLOCK] event=CONFIRMED pair=V0-V1 duration=4 path_gen=111/113[0m
[33m[WARN] [1788847518.643837044]: [DEADLOCK] event=SELECT pair=V0-V1 retreat=V0 pass=V1 target_s=1.1412 pass_clear_s=1.89983 distance=0.07 estimated_time=0.7 selection_reason=priority_yielding_vehicle_retreat[0m
[33m[WARN] [1788847518.694864317]: [DEADLOCK] event=RETREAT_DONE pair=V0-V1 retreat=V0 pass=V1 target_s=1.1412[0m
[33m[WARN] [1788847518.695328575]: [DEADLOCK] event=PASS_START pair=V0-V1 retreat=V0 pass=V1 target_s=1.1412[0m
[33m[WARN] [1788847518.745382973]: [DEADLOCK] event=CLEAR pair=V0-V1 pass_s=0 reason=passer_released_to_normal_coordination[0m
[33m[WARN] [1788847518.910494220]: [DEADLOCK] event=CONFIRMED pair=V0-V1 duration=4 path_gen=111/113[0m
[33m[WARN] [1788847518.911143398]: [DEADLOCK] event=SELECT pair=V0-V1 retreat=V0 pass=V1 target_s=1.0812 pass_clear_s=1.89983 distance=0.07 estimated_time=0.7 selection_reason=priority_yielding_vehicle_retreat[0m
patrol][A1] V1 pickup leg: B3 -> A1  wpts=162 len=1.900[0m
[0m[INFO] [1788847515.444726705]: [sim_plan] built plan=2659 start=4554.20 horizon=15.00 frames=150 commit_frames=20[0m
[0m[INFO] [1788847515.509894668]: [sim_plan] built plan=2660 start=4556.20 horizon=15.00 frames=150 commit_frames=20[0m
[0m[INFO] [1788847515.570969127]: [sim_plan] built plan=2661 start=4558.20 horizon=15.00 frames=150 commit_frames=20[0m
[0m[INFO] [1788847515.625840596]: [sim_plan] built plan=2662 start=4558.40 horizon=15.00 frames=150 commit_frames=20[0m
[0m[INFO] [1788847515.685998835]: [sim_plan] built plan=2663 start=4559.20 horizon=15.00 frames=150 commit_frames=20[0m
[0m[INFO] [1788847515.747393574]: [sim_plan] built plan=2664 start=4559.30 horizon=15.00 frames=150 commit_frames=20[0m
[0m[INFO] [1788847515.813639472]: [sim_plan] built plan=2665 start=4561.30 horizon=15.00 frames=150 commit_frames=20[0m
[0m[INFO] [1788847515.873959469]: [sim_plan] built plan=2666 start=4563.30 horizon=15.00 frames=150 commit_frames=20[0m
[0m[INFO] [1788847515.930676291]: [sim_plan] built plan=2667 start=4565.20 horizon=15.00 frames=150 commit_frames=20[0m
[0m[INFO] [1788847515.990521769]: [sim_plan] built plan=2668 start=4566.00 horizon=15.00 frames=150 commit_frames=20[0m
[0m[INFO] [1788847516.051058071]: [sim_plan] built plan=2669 start=4566.10 horizon=15.00 frames=150 commit_frames=20[0m
[0m[INFO] [1788847516.114031388]: [sim_plan] built plan=2670 start=4568.10 horizon=15.00 frames=150 commit_frames=20[0m
[0m[INFO] [1788847516.174893807]: [sim_plan] built plan=2671 start=4570.10 horizon=15.00 frames=150 commit_frames=20[0m
[0m[INFO] [1788847516.228500486]: [sim_plan] built plan=2672 start=4572.00 horizon=15.00 frames=150 commit_frames=20[0m
[0m[INFO] [1788847516.282495961]: [sim_plan] built plan=2673 start=4572.80 horizon=15.00 frames=150 commit_frames=20[0m
[0m[INFO] [1788847516.333964019]: [sim_plan] built plan=2674 start=4572.90 horizon=15.00 frames=150 commit_frames=20[0m
[0m[INFO] [1788847516.386888892]: [sim_plan] built plan=2675 start=4574.90 horizon=15.00 frames=150 commit_frames=20[0m
[0m[INFO] [1788847516.437613527]: [sim_plan] built plan=2676 start=4576.90 horizon=15.00 frames=150 commit_frames=20[0m
[0m[INFO] [1788847516.487128998]: [sim_plan] built plan=2677 start=4578.80 horizon=15.00 frames=150 commit_frames=20[0m
[0m[INFO] [1788847516.536065511]: [sim_plan] built plan=2678 start=4579.60 horizon=15.00 frames=150 commit_frames=20[0m
[0m[INFO] [1788847518.283541919]: [sim_plan] built plan=2679 start=4579.70 horizon=15.00 frames=150 commit_frames=20[0m
[0m[INFO] [1788847518.335500985]: [sim_plan] built plan=2680 start=4581.70 horizon=15.00 frames=150 commit_frames=20[0m
[0m[INFO] [1788847518.387722978]: [sim_plan] built plan=2681 start=4583.70 horizon=15.00 frames=150 commit_frames=20[0m
[0m[INFO] [1788847518.435557019]: [sim_plan] built plan=2682 start=4585.60 horizon=15.00 frames=150 commit_frames=20[0m
[0m[INFO] [1788847518.485573524]: [sim_plan] built plan=2683 start=4586.40 horizon=15.00 frames=150 commit_frames=20[0m
[0m[INFO] [1788847518.533417282]: [sim_plan] built plan=2684 start=4586.50 horizon=15.00 frames=150 commit_frames=20[0m
[0m[INFO] [1788847518.588882084]: [sim_plan] built plan=2685 start=4588.50 horizon=15.00 frames=150 commit_frames=20[0m
[0m[INFO] [1788847518.642506750]: [sim_plan] built plan=2686 start=4590.50 horizon=15.00 frames=150 commit_frames=20[0m
[0m[INFO] [1788847518.694015469]: [sim_plan] built plan=2687 start=4592.40 horizon=15.00 frames=150 commit_frames=20[0m
[0m[INFO] [1788847518.745152845]: [sim_plan] built plan=2688 start=4593.20 horizon=15.00 frames=150 commit_frames=20[0m
[0m[INFO] [1788847518.797891287]: [sim_plan] built plan=2689 start=4593.30 horizon=15.00 frames=150 commit_frames=20[0m
[0m[INFO] [1788847518.852986987]: [sim_plan] built plan=2690 start=4595.30 horizon=15.00 frames=150 commit_frames=20[0m
[0m[INFO] [1788847518.909752852]: [sim_plan] built plan=2691 start=4597.30 horizon=15.00 frames=150 commit_frames=20[0m
[0m[INFO][33m[WARN] [1788847518.966535719]: [DEADLOCK] event=RETREAT_DONE pair=V0-V1 retreat=V0 pass=V1 target_s=1.0812[0m
[33m[WARN] [1788847518.967017206]: [DEADLOCK] event=PASS_START pair=V0-V1 retreat=V0 pass=V1 target_s=1.0812[0m
[33m[WARN] [1788847519.019812246]: [DEADLOCK] event=CLEAR pair=V0-V1 pass_s=0 reason=passer_released_to_normal_coordination[0m
[33m[WARN] [1788847519.186747698]: [DEADLOCK] event=CONFIRMED pair=V0-V1 duration=4 path_gen=111/113[0m
[33m[WARN] [1788847519.187465437]: [DEADLOCK] event=SELECT pair=V0-V1 retreat=V0 pass=V1 target_s=1.0212 pass_clear_s=1.89983 distance=0.07 estimated_time=0.7 selection_reason=priority_yielding_vehicle_retreat[0m
[33m[WARN] [1788847519.238657931]: [DEADLOCK] event=RETREAT_DONE pair=V0-V1 retreat=V0 pass=V1 target_s=1.0212[0m
[33m[WARN] [1788847519.239063387]: [DEADLOCK] event=PASS_START pair=V0-V1 retreat=V0 pass=V1 target_s=1.0212[0m
[33m[WARN] [1788847519.304286025]: [DEADLOCK] event=CLEAR pair=V0-V1 pass_s=0 reason=passer_released_to_normal_coordination[0m
[33m[WARN] [1788847519.478409413]: [DEADLOCK] event=CONFIRMED pair=V0-V1 duration=4 path_gen=111/113[0m
[33m[WARN] [1788847519.479026311]: [DEADLOCK] event=SELECT pair=V0-V1 retreat=V0 pass=V1 target_s=0.961195 pass_clear_s=1.89983 distance=0.07 estimated_time=0.7 selection_reason=priority_yielding_vehicle_retreat[0m
[33m[WARN] [1788847519.527053859]: [DEADLOCK] event=RETREAT_DONE pair=V0-V1 retreat=V0 pass=V1 target_s=0.961195[0m
[33m[WARN] [1788847519.527532055]: [DEADLOCK] event=PASS_START pair=V0-V1 retreat=V0 pass=V1 target_s=0.961195[0m
[33m[WARN] [1788847519.576738773]: [DEADLOCK] event=CLEAR pair=V0-V1 pass_s=0 reason=passer_released_to_normal_coordination[0m
[31m[ERROR] [1788847519.677952984]: [stress] FAIL seed=2024 type=NO_PROGRESS_V1 tick=46142 sim_t=4614.200[0m
 [1788847518.965653159]: [sim_plan] built plan=2692 start=4599.20 horizon=15.00 frames=150 commit_frames=20[0m
[0m[INFO] [1788847519.019447225]: [sim_plan] built plan=2693 start=4600.00 horizon=15.00 frames=150 commit_frames=20[0m
[0m[INFO] [1788847519.071068185]: [sim_plan] built plan=2694 start=4600.10 horizon=15.00 frames=150 commit_frames=20[0m
[0m[INFO] [1788847519.127714030]: [sim_plan] built plan=2695 start=4602.10 horizon=15.00 frames=150 commit_frames=20[0m
[0m[INFO] [1788847519.186026863]: [sim_plan] built plan=2696 start=4604.10 horizon=15.00 frames=150 commit_frames=20[0m
[0m[INFO] [1788847519.238048112]: [sim_plan] built plan=2697 start=4606.00 horizon=15.00 frames=150 commit_frames=20[0m
[0m[INFO] [1788847519.303781186]: [sim_plan] built plan=2698 start=4606.80 horizon=15.00 frames=150 commit_frames=20[0m
[0m[INFO] [1788847519.369827831]: [sim_plan] built plan=2699 start=4606.90 horizon=15.00 frames=150 commit_frames=20[0m
[0m[INFO] [1788847519.424399348]: [sim_plan] built plan=2700 start=4608.90 horizon=15.00 frames=150 commit_frames=20[0m
[0m[INFO] [1788847519.477685107]: [sim_plan] built plan=2701 start=4610.90 horizon=15.00 frames=150 commit_frames=20[0m
[0m[INFO] [1788847519.526350772]: [sim_plan] built plan=2702 start=4612.80 horizon=15.00 frames=150 commit_frames=20[0m
[0m[INFO] [1788847519.576497517]: [sim_plan] built plan=2703 start=4613.60 horizon=15.00 frames=150 commit_frames=20[0m
[0m[INFO] [1788847519.624782789]: [sim_plan] built plan=2704 start=4613.70 horizon=15.00 frames=150 commit_frames=20[0m
