failure_type=HARD_GUARD
seed=2026
ring_seconds=120
progress_timeout_s=60

===== PRE-FAILURE RING =====
tick=39351 sim_t=3935.100
  V0 mode=ACTIVE phase=TO_B gen=104 task=51 slot=4->13 s=1.288 speed=0.200 action=NOMINAL requested=NOMINAL blocker=-1 wait=0.000 reason=clear
  V1 mode=ACTIVE phase=TO_A1 gen=99 task=49 slot=30->-1 s=0.547 speed=0.050 action=CREEP requested=CREEP blocker=0 wait=6.600 reason=a1_stop_ttc_CREEP_V0
  departure_cluster=V0/V1 owner=V0 owner_gen=104 other=V1 other_gen=99 active=1 intervals=2 stop_boundary=1.400 stop_s=1.300 release=2.825/3.500
  future_a1=owner=V0 gen=104 arrival=0.000 to_b=0.000
---
tick=39352 sim_t=3935.200
  V0 mode=ACTIVE phase=TO_B gen=104 task=51 slot=4->13 s=1.308 speed=0.200 action=NOMINAL requested=NOMINAL blocker=-1 wait=0.000 reason=clear
  V1 mode=ACTIVE phase=TO_A1 gen=99 task=49 slot=30->-1 s=0.552 speed=0.050 action=CREEP requested=CREEP blocker=0 wait=6.700 reason=a1_stop_ttc_CREEP_V0
  departure_cluster=V0/V1 owner=V0 owner_gen=104 other=V1 other_gen=99 active=1 intervals=2 stop_boundary=1.400 stop_s=1.300 release=2.825/3.500
  future_a1=owner=V0 gen=104 arrival=0.000 to_b=0.000
---
tick=39353 sim_t=3935.300
  V0 mode=ACTIVE phase=TO_B gen=104 task=51 slot=4->13 s=1.328 speed=0.200 action=NOMINAL requested=NOMINAL blocker=-1 wait=0.000 reason=clear
  V1 mode=ACTIVE phase=TO_A1 gen=99 task=49 slot=30->-1 s=0.557 speed=0.050 action=CREEP requested=CREEP blocker=0 wait=6.800 reason=a1_stop_ttc_CREEP_V0
  departure_cluster=V0/V1 owner=V0 owner_gen=104 other=V1 other_gen=99 active=1 intervals=2 stop_boundary=1.400 stop_s=1.300 release=2.825/3.500
  future_a1=owner=V0 gen=104 arrival=0.000 to_b=0.000
---
tick=39354 sim_t=3935.400
  V0 mode=ACTIVE phase=TO_B gen=104 task=51 slot=4->13 s=1.348 speed=0.200 action=NOMINAL requested=NOMINAL blocker=-1 wait=0.000 reason=clear
  V1 mode=ACTIVE phase=TO_A1 gen=99 task=49 slot=30->-1 s=0.562 speed=0.050 action=CREEP requested=CREEP blocker=0 wait=6.900 reason=a1_stop_ttc_CREEP_V0
  departure_cluster=V0/V1 owner=V0 owner_gen=104 other=V1 other_gen=99 active=1 intervals=2 stop_boundary=1.400 stop_s=1.300 release=2.825/3.500
  future_a1=owner=V0 gen=104 arrival=0.000 to_b=0.000
---
tick=39355 sim_t=3935.500
  V0 mode=ACTIVE phase=TO_B gen=104 task=51 slot=4->13 s=1.368 speed=0.200 action=NOMINAL requested=NOMINAL blocker=-1 wait=0.000 reason=clear
  V1 mode=ACTIVE phase=TO_A1 gen=99 task=49 slot=30->-1 s=0.567 speed=0.050 action=CREEP requested=CREEP blocker=0 wait=7.000 reason=a1_stop_ttc_CREEP_V0
  departure_cluster=V0/V1 owner=V0 owner_gen=104 other=V1 other_gen=99 active=1 intervals=2 stop_boundary=1.400 stop_s=1.300 release=2.825/3.500
  future_a1=owner=V0 gen=104 arrival=0.000 to_b=0.000
---
tick=39356 sim_t=3935.600
  V0 mode=ACTIVE phase=TO_B gen=104 task=51 slot=4->13 s=1.388 speed=0.200 action=NOMINAL requested=NOMINAL blocker=-1 wait=0.000 reason=clear
  V1 mode=ACTIVE phase=TO_A1 gen=99 task=49 slot=30->-1 s=0.572 speed=0.050 action=CREEP requested=CREEP blocker=0 wait=7.100 reason=a1_stop_ttc_CREEP_V0
  departure_cluster=V0/V1 owner=V0 owner_gen=104 other=V1 other_gen=99 active=1 intervals=2 stop_boundary=1.400 stop_s=1.300 release=2.825/3.500
  future_a1=owner=V0 gen=104 arrival=0.000 to_b=0.000
---
tick=39357 sim_t=3935.700
  V0 mode=ACTIVE phase=TO_B gen=104 task=51 slot=4->13 s=1.408 speed=0.200 action=NOMINAL requested=NOMINAL blocker=-1 wait=0.000 reason=clear
  V1 mode=ACTIVE phase=TO_A1 gen=99 task=49 slot=30->-1 s=0.577 speed=0.050 action=CREEP requested=CREEP blocker=0 wait=7.200 reason=a1_stop_ttc_CREEP_V0
  departure_cluster=V0/V1 owner=V0 owner_gen=104 other=V1 other_gen=99 active=1 intervals=2 stop_boundary=1.400 stop_s=1.300 release=2.825/3.500
  future_a1=owner=V0 gen=104 arrival=0.000 to_b=0.000
---
tick=39358 sim_t=3935.800
  V0 mode=ACTIVE phase=TO_B gen=104 task=51 slot=4->13 s=1.428 speed=0.200 action=NOMINAL requested=NOMINAL blocker=-1 wait=0.000 reason=clear
  V1 mode=ACTIVE phase=TO_A1 gen=99 task=49 slot=30->-1 s=0.582 speed=0.050 action=CREEP requested=CREEP blocker=0 wait=7.300 reason=a1_stop_ttc_CREEP_V0
  departure_cluster=V0/V1 owner=V0 owner_gen=104 other=V1 other_gen=99 active=1 intervals=2 stop_boundary=1.400 stop_s=1.300 release=2.825/3.500
  future_a1=owner=V0 gen=104 arrival=0.000 to_b=0.000
---
tick=39359 sim_t=3935.900
  V0 mode=ACTIVE phase=TO_B gen=104 task=51 slot=4->13 s=1.448 speed=0.200 action=NOMINAL requested=NOMINAL blocker=-1 wait=0.000 reason=clear
  V1 mode=ACTIVE phase=TO_A1 gen=99 task=49 slot=30->-1 s=0.587 speed=0.050 action=CREEP requested=CREEP blocker=0 wait=7.400 reason=a1_stop_ttc_CREEP_V0
  departure_cluster=V0/V1 owner=V0 owner_gen=104 other=V1 other_gen=99 active=1 intervals=2 stop_boundary=1.400 stop_s=1.300 release=2.825/3.500
  future_a1=owner=V0 gen=104 arrival=0.000 to_b=0.000
---
tick=39360 sim_t=3936.000
  V0 mode=ACTIVE phase=TO_B gen=104 task=51 slot=4->13 s=1.468 speed=0.200 action=NOMINAL requested=NOMINAL blocker=-1 wait=0.000 reason=clear
  V1 mode=ACTIVE phase=TO_A1 gen=99 task=49 slot=30->-1 s=0.592 speed=0.050 action=CREEP requested=CREEP blocker=0 wait=7.500 reason=a1_stop_ttc_CREEP_V0
  departure_cluster=V0/V1 owner=V0 owner_gen=104 other=V1 other_gen=99 active=1 intervals=2 stop_boundary=1.400 stop_s=1.300 release=2.825/3.500
  future_a1=owner=V0 gen=104 arrival=0.000 to_b=0.000
---
tick=39361 sim_t=3936.100
  V0 mode=ACTIVE phase=TO_B gen=104 task=51 slot=4->13 s=1.488 speed=0.200 action=NOMINAL requested=NOMINAL blocker=-1 wait=0.000 reason=clear
  V1 mode=ACTIVE phase=TO_A1 gen=99 task=49 slot=30->-1 s=0.597 speed=0.050 action=CREEP requested=CREEP blocker=0 wait=7.600 reason=a1_stop_ttc_CREEP_V0
  departure_cluster=V0/V1 owner=V0 owner_gen=104 other=V1 other_gen=99 active=1 intervals=2 stop_boundary=1.400 stop_s=1.300 release=2.825/3.500
  future_a1=owner=V0 gen=104 arrival=0.000 to_b=0.000
---
tick=39362 sim_t=3936.200
  V0 mode=ACTIVE phase=TO_B gen=104 task=51 slot=4->13 s=1.508 speed=0.200 action=NOMINAL requested=NOMINAL blocker=-1 wait=0.000 reason=clear
  V1 mode=ACTIVE phase=TO_A1 gen=99 task=49 slot=30->-1 s=0.602 speed=0.050 action=CREEP requested=CREEP blocker=0 wait=7.700 reason=a1_stop_ttc_CREEP_V0
  departure_cluster=V0/V1 owner=V0 owner_gen=104 other=V1 other_gen=99 active=1 intervals=2 stop_boundary=1.400 stop_s=1.300 release=2.825/3.500
  future_a1=owner=V0 gen=104 arrival=0.000 to_b=0.000
---
tick=39363 sim_t=3936.300
  V0 mode=ACTIVE phase=TO_B gen=104 task=51 slot=4->13 s=1.528 speed=0.200 action=NOMINAL requested=NOMINAL blocker=-1 wait=0.000 reason=clear
  V1 mode=ACTIVE phase=TO_A1 gen=99 task=49 slot=30->-1 s=0.607 speed=0.050 action=CREEP requested=CREEP blocker=0 wait=7.800 reason=a1_stop_ttc_CREEP_V0
  departure_cluster=V0/V1 owner=V0 owner_gen=104 other=V1 other_gen=99 active=1 intervals=2 stop_boundary=1.400 stop_s=1.300 release=2.825/3.500
  future_a1=owner=V0 gen=104 arrival=0.000 to_b=0.000
---
tick=39364 sim_t=3936.400
  V0 mode=ACTIVE phase=TO_B gen=104 task=51 slot=4->13 s=1.548 speed=0.200 action=NOMINAL requested=NOMINAL blocker=-1 wait=0.000 reason=clear
  V1 mode=ACTIVE phase=TO_A1 gen=99 task=49 slot=30->-1 s=0.612 speed=0.050 action=CREEP requested=CREEP blocker=0 wait=7.900 reason=a1_stop_ttc_CREEP_V0
  departure_cluster=V0/V1 owner=V0 owner_gen=104 other=V1 other_gen=99 active=1 intervals=2 stop_boundary=1.400 stop_s=1.300 release=2.825/3.500
  future_a1=owner=V0 gen=104 arrival=0.000 to_b=0.000
---
tick=39365 sim_t=3936.500
  V0 mode=ACTIVE phase=TO_B gen=104 task=51 slot=4->13 s=1.568 speed=0.200 action=NOMINAL requested=NOMINAL blocker=-1 wait=0.000 reason=clear
  V1 mode=ACTIVE phase=TO_A1 gen=99 task=49 slot=30->-1 s=0.617 speed=0.050 action=CREEP requested=CREEP blocker=0 wait=8.000 reason=a1_stop_ttc_CREEP_V0
  departure_cluster=V0/V1 owner=V0 owner_gen=104 other=V1 other_gen=99 active=1 intervals=2 stop_boundary=1.400 stop_s=1.300 release=2.825/3.500
  future_a1=owner=V0 gen=104 arrival=0.000 to_b=0.000
---
tick=39366 sim_t=3936.600
  V0 mode=ACTIVE phase=TO_B gen=104 task=51 slot=4->13 s=1.588 speed=0.200 action=NOMINAL requested=NOMINAL blocker=-1 wait=0.000 reason=clear
  V1 mode=ACTIVE phase=TO_A1 gen=99 task=49 slot=30->-1 s=0.622 speed=0.050 action=CREEP requested=CREEP blocker=0 wait=8.100 reason=a1_stop_ttc_CREEP_V0
  departure_cluster=V0/V1 owner=V0 owner_gen=104 other=V1 other_gen=99 active=1 intervals=2 stop_boundary=1.400 stop_s=1.300 release=2.825/3.500
  future_a1=owner=V0 gen=104 arrival=0.000 to_b=0.000
---
tick=39367 sim_t=3936.700
  V0 mode=ACTIVE phase=TO_B gen=104 task=51 slot=4->13 s=1.608 speed=0.200 action=NOMINAL requested=NOMINAL blocker=-1 wait=0.000 reason=clear
  V1 mode=ACTIVE phase=TO_A1 gen=99 task=49 slot=30->-1 s=0.627 speed=0.050 action=CREEP requested=CREEP blocker=0 wait=8.200 reason=a1_stop_ttc_CREEP_V0
  departure_cluster=V0/V1 owner=V0 owner_gen=104 other=V1 other_gen=99 active=1 intervals=2 stop_boundary=1.400 stop_s=1.300 release=2.825/3.500
  future_a1=owner=V0 gen=104 arrival=0.000 to_b=0.000
---
tick=39368 sim_t=3936.800
  V0 mode=ACTIVE phase=TO_B gen=104 task=51 slot=4->13 s=1.628 speed=0.200 action=NOMINAL requested=NOMINAL blocker=-1 wait=0.000 reason=clear
  V1 mode=ACTIVE phase=TO_A1 gen=99 task=49 slot=30->-1 s=0.632 speed=0.050 action=CREEP requested=CREEP blocker=0 wait=8.300 reason=a1_stop_ttc_CREEP_V0
  departure_cluster=V0/V1 owner=V0 owner_gen=104 other=V1 other_gen=99 active=1 intervals=2 stop_boundary=1.400 stop_s=1.300 release=2.825/3.500
  future_a1=owner=V0 gen=104 arrival=0.000 to_b=0.000
---
tick=39369 sim_t=3936.900
  V0 mode=ACTIVE phase=TO_B gen=104 task=51 slot=4->13 s=1.648 speed=0.200 action=NOMINAL requested=NOMINAL blocker=-1 wait=0.000 reason=clear
  V1 mode=ACTIVE phase=TO_A1 gen=99 task=49 slot=30->-1 s=0.637 speed=0.050 action=CREEP requested=CREEP blocker=0 wait=8.400 reason=a1_stop_ttc_CREEP_V0
  departure_cluster=V0/V1 owner=V0 owner_gen=104 other=V1 other_gen=99 active=1 intervals=2 stop_boundary=1.400 stop_s=1.300 release=2.825/3.500
  future_a1=owner=V0 gen=104 arrival=0.000 to_b=0.000
---
tick=39370 sim_t=3937.000
  V0 mode=ACTIVE phase=TO_B gen=104 task=51 slot=4->13 s=1.667 speed=0.197 action=NOMINAL requested=NOMINAL blocker=-1 wait=0.000 reason=clear
  V1 mode=ACTIVE phase=TO_A1 gen=99 task=49 slot=30->-1 s=0.642 speed=0.050 action=CREEP requested=CREEP blocker=0 wait=8.500 reason=a1_stop_ttc_CREEP_V0
  departure_cluster=V0/V1 owner=V0 owner_gen=104 other=V1 other_gen=99 active=1 intervals=2 stop_boundary=1.400 stop_s=1.300 release=2.825/3.500
  future_a1=owner=V0 gen=104 arrival=0.000 to_b=0.000
---
tick=39371 sim_t=3937.100
  V0 mode=ACTIVE phase=TO_B gen=104 task=51 slot=4->13 s=1.686 speed=0.187 action=NOMINAL requested=NOMINAL blocker=-1 wait=0.000 reason=clear
  V1 mode=ACTIVE phase=TO_A1 gen=99 task=49 slot=30->-1 s=0.647 speed=0.050 action=CREEP requested=CREEP blocker=0 wait=8.600 reason=a1_stop_ttc_CREEP_V0
  departure_cluster=V0/V1 owner=V0 owner_gen=104 other=V1 other_gen=99 active=1 intervals=2 stop_boundary=1.400 stop_s=1.300 release=2.825/3.500
  future_a1=owner=V0 gen=104 arrival=0.000 to_b=0.000
---
tick=39372 sim_t=3937.200
  V0 mode=ACTIVE phase=TO_B gen=104 task=51 slot=4->13 s=1.704 speed=0.178 action=NOMINAL requested=NOMINAL blocker=-1 wait=0.000 reason=clear
  V1 mode=ACTIVE phase=TO_A1 gen=99 task=49 slot=30->-1 s=0.652 speed=0.050 action=CREEP requested=CREEP blocker=0 wait=8.700 reason=a1_stop_ttc_CREEP_V0
  departure_cluster=V0/V1 owner=V0 owner_gen=104 other=V1 other_gen=99 active=1 intervals=2 stop_boundary=1.400 stop_s=1.300 release=2.825/3.500
  future_a1=owner=V0 gen=104 arrival=0.000 to_b=0.000
---
tick=39373 sim_t=3937.300
  V0 mode=ACTIVE phase=TO_B gen=104 task=51 slot=4->13 s=1.721 speed=0.171 action=NOMINAL requested=NOMINAL blocker=-1 wait=0.000 reason=clear
  V1 mode=ACTIVE phase=TO_A1 gen=99 task=49 slot=30->-1 s=0.657 speed=0.050 action=CREEP requested=CREEP blocker=0 wait=8.800 reason=a1_stop_ttc_CREEP_V0
  departure_cluster=V0/V1 owner=V0 owner_gen=104 other=V1 other_gen=99 active=1 intervals=2 stop_boundary=1.400 stop_s=1.300 release=2.825/3.500
  future_a1=owner=V0 gen=104 arrival=0.000 to_b=0.000
---
tick=39374 sim_t=3937.400
  V0 mode=ACTIVE phase=TO_B gen=104 task=51 slot=4->13 s=1.737 speed=0.165 action=NOMINAL requested=NOMINAL blocker=-1 wait=0.000 reason=clear
  V1 mode=ACTIVE phase=TO_A1 gen=99 task=49 slot=30->-1 s=0.662 speed=0.050 action=CREEP requested=CREEP blocker=0 wait=8.900 reason=a1_stop_ttc_CREEP_V0
  departure_cluster=V0/V1 owner=V0 owner_gen=104 other=V1 other_gen=99 active=1 intervals=2 stop_boundary=1.400 stop_s=1.300 release=2.825/3.500
  future_a1=owner=V0 gen=104 arrival=0.000 to_b=0.000
---
tick=39375 sim_t=3937.500
  V0 mode=ACTIVE phase=TO_B gen=104 task=51 slot=4->13 s=1.753 speed=0.159 action=NOMINAL requested=NOMINAL blocker=-1 wait=0.000 reason=clear
  V1 mode=ACTIVE phase=TO_A1 gen=99 task=49 slot=30->-1 s=0.667 speed=0.050 action=CREEP requested=CREEP blocker=0 wait=9.000 reason=a1_stop_ttc_CREEP_V0
  departure_cluster=V0/V1 owner=V0 owner_gen=104 other=V1 other_gen=99 active=1 intervals=2 stop_boundary=1.400 stop_s=1.300 release=2.825/3.500
  future_a1=owner=V0 gen=104 arrival=0.000 to_b=0.000
---
tick=39376 sim_t=3937.600
  V0 mode=ACTIVE phase=TO_B gen=104 task=51 slot=4->13 s=1.769 speed=0.154 action=NOMINAL requested=NOMINAL blocker=-1 wait=0.000 reason=clear
  V1 mode=ACTIVE phase=TO_A1 gen=99 task=49 slot=30->-1 s=0.672 speed=0.050 action=CREEP requested=CREEP blocker=0 wait=9.100 reason=a1_stop_ttc_CREEP_V0
  departure_cluster=V0/V1 owner=V0 owner_gen=104 other=V1 other_gen=99 active=1 intervals=2 stop_boundary=1.400 stop_s=1.300 release=2.825/3.500
  future_a1=owner=V0 gen=104 arrival=0.000 to_b=0.000
---
tick=39377 sim_t=3937.700
  V0 mode=ACTIVE phase=TO_B gen=104 task=51 slot=4->13 s=1.784 speed=0.150 action=NOMINAL requested=NOMINAL blocker=-1 wait=0.000 reason=clear
  V1 mode=ACTIVE phase=TO_A1 gen=99 task=49 slot=30->-1 s=0.677 speed=0.050 action=CREEP requested=CREEP blocker=0 wait=9.200 reason=a1_stop_ttc_CREEP_V0
  departure_cluster=V0/V1 owner=V0 owner_gen=104 other=V1 other_gen=99 active=1 intervals=2 stop_boundary=1.400 stop_s=1.300 release=2.825/3.500
  future_a1=owner=V0 gen=104 arrival=0.000 to_b=0.000
---
tick=39378 sim_t=3937.800
  V0 mode=ACTIVE phase=TO_B gen=104 task=51 slot=4->13 s=1.799 speed=0.147 action=NOMINAL requested=NOMINAL blocker=-1 wait=0.000 reason=clear
  V1 mode=ACTIVE phase=TO_A1 gen=99 task=49 slot=30->-1 s=0.682 speed=0.050 action=CREEP requested=CREEP blocker=0 wait=9.300 reason=a1_stop_ttc_CREEP_V0
  departure_cluster=V0/V1 owner=V0 owner_gen=104 other=V1 other_gen=99 active=1 intervals=2 stop_boundary=1.400 stop_s=1.300 release=2.825/3.500
  future_a1=owner=V0 gen=104 arrival=0.000 to_b=0.000
---
tick=39379 sim_t=3937.900
  V0 mode=ACTIVE phase=TO_B gen=104 task=51 slot=4->13 s=1.813 speed=0.145 action=NOMINAL requested=NOMINAL blocker=-1 wait=0.000 reason=clear
  V1 mode=ACTIVE phase=TO_A1 gen=99 task=49 slot=30->-1 s=0.687 speed=0.050 action=CREEP requested=CREEP blocker=0 wait=9.400 reason=a1_stop_ttc_CREEP_V0
  departure_cluster=V0/V1 owner=V0 owner_gen=104 other=V1 other_gen=99 active=1 intervals=2 stop_boundary=1.400 stop_s=1.300 release=2.825/3.500
  future_a1=owner=V0 gen=104 arrival=0.000 to_b=0.000
---
tick=39380 sim_t=3938.000
  V0 mode=ACTIVE phase=TO_B gen=104 task=51 slot=4->13 s=1.827 speed=0.143 action=NOMINAL requested=NOMINAL blocker=-1 wait=0.000 reason=clear
  V1 mode=ACTIVE phase=TO_A1 gen=99 task=49 slot=30->-1 s=0.692 speed=0.050 action=CREEP requested=CREEP blocker=0 wait=9.500 reason=a1_stop_ttc_CREEP_V0
  departure_cluster=V0/V1 owner=V0 owner_gen=104 other=V1 other_gen=99 active=1 intervals=2 stop_boundary=1.400 stop_s=1.300 release=2.825/3.500
  future_a1=owner=V0 gen=104 arrival=0.000 to_b=0.000
---
tick=39381 sim_t=3938.100
  V0 mode=ACTIVE phase=TO_B gen=104 task=51 slot=4->13 s=1.842 speed=0.143 action=NOMINAL requested=NOMINAL blocker=-1 wait=0.000 reason=clear
  V1 mode=ACTIVE phase=TO_A1 gen=99 task=49 slot=30->-1 s=0.697 speed=0.050 action=CREEP requested=CREEP blocker=0 wait=9.600 reason=a1_stop_ttc_CREEP_V0
  departure_cluster=V0/V1 owner=V0 owner_gen=104 other=V1 other_gen=99 active=1 intervals=2 stop_boundary=1.400 stop_s=1.300 release=2.825/3.500
  future_a1=owner=V0 gen=104 arrival=0.000 to_b=0.000
---
tick=39382 sim_t=3938.200
  V0 mode=ACTIVE phase=TO_B gen=104 task=51 slot=4->13 s=1.856 speed=0.142 action=NOMINAL requested=NOMINAL blocker=-1 wait=0.000 reason=clear
  V1 mode=ACTIVE phase=TO_A1 gen=99 task=49 slot=30->-1 s=0.702 speed=0.050 action=CREEP requested=CREEP blocker=0 wait=9.700 reason=a1_stop_ttc_CREEP_V0
  departure_cluster=V0/V1 owner=V0 owner_gen=104 other=V1 other_gen=99 active=1 intervals=2 stop_boundary=1.400 stop_s=1.300 release=2.825/3.500
  future_a1=owner=V0 gen=104 arrival=0.000 to_b=0.000
---
tick=39383 sim_t=3938.300
  V0 mode=ACTIVE phase=TO_B gen=104 task=51 slot=4->13 s=1.870 speed=0.142 action=NOMINAL requested=NOMINAL blocker=-1 wait=0.000 reason=clear
  V1 mode=ACTIVE phase=TO_A1 gen=99 task=49 slot=30->-1 s=0.707 speed=0.050 action=CREEP requested=CREEP blocker=0 wait=9.800 reason=a1_stop_ttc_CREEP_V0
  departure_cluster=V0/V1 owner=V0 owner_gen=104 other=V1 other_gen=99 active=1 intervals=2 stop_boundary=1.400 stop_s=1.300 release=2.825/3.500
  future_a1=owner=V0 gen=104 arrival=0.000 to_b=0.000
---
tick=39384 sim_t=3938.400
  V0 mode=ACTIVE phase=TO_B gen=104 task=51 slot=4->13 s=1.884 speed=0.142 action=NOMINAL requested=NOMINAL blocker=-1 wait=0.000 reason=clear
  V1 mode=ACTIVE phase=TO_A1 gen=99 task=49 slot=30->-1 s=0.712 speed=0.050 action=CREEP requested=CREEP blocker=0 wait=9.900 reason=a1_stop_ttc_CREEP_V0
  departure_cluster=V0/V1 owner=V0 owner_gen=104 other=V1 other_gen=99 active=1 intervals=2 stop_boundary=1.400 stop_s=1.300 release=2.825/3.500
  future_a1=owner=V0 gen=104 arrival=0.000 to_b=0.000
---
tick=39385 sim_t=3938.500
  V0 mode=ACTIVE phase=TO_B gen=104 task=51 slot=4->13 s=1.899 speed=0.142 action=NOMINAL requested=NOMINAL blocker=-1 wait=0.000 reason=clear
  V1 mode=ACTIVE phase=TO_A1 gen=99 task=49 slot=30->-1 s=0.717 speed=0.050 action=CREEP requested=CREEP blocker=0 wait=10.000 reason=a1_stop_ttc_CREEP_V0
  departure_cluster=V0/V1 owner=V0 owner_gen=104 other=V1 other_gen=99 active=1 intervals=2 stop_boundary=1.400 stop_s=1.300 release=2.825/3.500
  future_a1=owner=V0 gen=104 arrival=0.000 to_b=0.000
---
tick=39386 sim_t=3938.600
  V0 mode=ACTIVE phase=TO_B gen=104 task=51 slot=4->13 s=1.913 speed=0.142 action=NOMINAL requested=NOMINAL blocker=-1 wait=0.000 reason=clear
  V1 mode=ACTIVE phase=TO_A1 gen=99 task=49 slot=30->-1 s=0.722 speed=0.050 action=CREEP requested=CREEP blocker=0 wait=10.100 reason=a1_stop_ttc_CREEP_V0
  departure_cluster=V0/V1 owner=V0 owner_gen=104 other=V1 other_gen=99 active=1 intervals=2 stop_boundary=1.400 stop_s=1.300 release=2.825/3.500
  future_a1=owner=V0 gen=104 arrival=0.000 to_b=0.000
---
tick=39387 sim_t=3938.700
  V0 mode=ACTIVE phase=TO_B gen=104 task=51 slot=4->13 s=1.927 speed=0.142 action=NOMINAL requested=NOMINAL blocker=-1 wait=0.000 reason=clear
  V1 mode=ACTIVE phase=TO_A1 gen=99 task=49 slot=30->-1 s=0.727 speed=0.050 action=CREEP requested=CREEP blocker=0 wait=10.200 reason=a1_stop_ttc_CREEP_V0
  departure_cluster=V0/V1 owner=V0 owner_gen=104 other=V1 other_gen=99 active=1 intervals=2 stop_boundary=1.400 stop_s=1.300 release=2.825/3.500
  future_a1=owner=V0 gen=104 arrival=0.000 to_b=0.000
---
tick=39388 sim_t=3938.800
  V0 mode=ACTIVE phase=TO_B gen=104 task=51 slot=4->13 s=1.941 speed=0.142 action=NOMINAL requested=NOMINAL blocker=-1 wait=0.000 reason=clear
  V1 mode=ACTIVE phase=TO_A1 gen=99 task=49 slot=30->-1 s=0.732 speed=0.050 action=CREEP requested=CREEP blocker=0 wait=10.300 reason=a1_stop_ttc_CREEP_V0
  departure_cluster=V0/V1 owner=V0 owner_gen=104 other=V1 other_gen=99 active=1 intervals=2 stop_boundary=1.400 stop_s=1.300 release=2.825/3.500
  future_a1=owner=V0 gen=104 arrival=0.000 to_b=0.000
---
tick=39389 sim_t=3938.900
  V0 mode=ACTIVE phase=TO_B gen=104 task=51 slot=4->13 s=1.956 speed=0.142 action=NOMINAL requested=NOMINAL blocker=-1 wait=0.000 reason=clear
  V1 mode=ACTIVE phase=TO_A1 gen=99 task=49 slot=30->-1 s=0.737 speed=0.050 action=CREEP requested=CREEP blocker=0 wait=10.400 reason=a1_stop_ttc_CREEP_V0
  departure_cluster=V0/V1 owner=V0 owner_gen=104 other=V1 other_gen=99 active=1 intervals=2 stop_boundary=1.400 stop_s=1.300 release=2.825/3.500
  future_a1=owner=V0 gen=104 arrival=0.000 to_b=0.000
---
tick=39390 sim_t=3939.000
  V0 mode=ACTIVE phase=TO_B gen=104 task=51 slot=4->13 s=1.970 speed=0.142 action=NOMINAL requested=NOMINAL blocker=-1 wait=0.000 reason=clear
  V1 mode=ACTIVE phase=TO_A1 gen=99 task=49 slot=30->-1 s=0.742 speed=0.050 action=CREEP requested=CREEP blocker=0 wait=10.500 reason=a1_stop_ttc_CREEP_V0
  departure_cluster=V0/V1 owner=V0 owner_gen=104 other=V1 other_gen=99 active=1 intervals=2 stop_boundary=1.400 stop_s=1.300 release=2.825/3.500
  future_a1=owner=V0 gen=104 arrival=0.000 to_b=0.000
---
tick=39391 sim_t=3939.100
  V0 mode=ACTIVE phase=TO_B gen=104 task=51 slot=4->13 s=1.984 speed=0.142 action=NOMINAL requested=NOMINAL blocker=-1 wait=0.000 reason=clear
  V1 mode=ACTIVE phase=TO_A1 gen=99 task=49 slot=30->-1 s=0.747 speed=0.050 action=CREEP requested=CREEP blocker=0 wait=10.600 reason=a1_stop_ttc_CREEP_V0
  departure_cluster=V0/V1 owner=V0 owner_gen=104 other=V1 other_gen=99 active=1 intervals=2 stop_boundary=1.400 stop_s=1.300 release=2.825/3.500
  future_a1=owner=V0 gen=104 arrival=0.000 to_b=0.000
---
tick=39392 sim_t=3939.200
  V0 mode=ACTIVE phase=TO_B gen=104 task=51 slot=4->13 s=1.998 speed=0.143 action=NOMINAL requested=NOMINAL blocker=-1 wait=0.000 reason=clear
  V1 mode=ACTIVE phase=TO_A1 gen=99 task=49 slot=30->-1 s=0.752 speed=0.050 action=CREEP requested=CREEP blocker=0 wait=10.700 reason=a1_stop_ttc_CREEP_V0
  departure_cluster=V0/V1 owner=V0 owner_gen=104 other=V1 other_gen=99 active=1 intervals=2 stop_boundary=1.400 stop_s=1.300 release=2.825/3.500
  future_a1=owner=V0 gen=104 arrival=0.000 to_b=0.000
---
tick=39393 sim_t=3939.300
  V0 mode=ACTIVE phase=TO_B gen=104 task=51 slot=4->13 s=2.013 speed=0.143 action=NOMINAL requested=NOMINAL blocker=-1 wait=0.000 reason=clear
  V1 mode=ACTIVE phase=TO_A1 gen=99 task=49 slot=30->-1 s=0.757 speed=0.050 action=CREEP requested=CREEP blocker=0 wait=10.800 reason=a1_stop_ttc_CREEP_V0
  departure_cluster=V0/V1 owner=V0 owner_gen=104 other=V1 other_gen=99 active=1 intervals=2 stop_boundary=1.400 stop_s=1.300 release=2.825/3.500
  future_a1=owner=V0 gen=104 arrival=0.000 to_b=0.000
---
tick=39394 sim_t=3939.400
  V0 mode=ACTIVE phase=TO_B gen=104 task=51 slot=4->13 s=2.027 speed=0.144 action=NOMINAL requested=NOMINAL blocker=-1 wait=0.000 reason=clear
  V1 mode=ACTIVE phase=TO_A1 gen=99 task=49 slot=30->-1 s=0.762 speed=0.050 action=CREEP requested=CREEP blocker=0 wait=10.900 reason=a1_stop_ttc_CREEP_V0
  departure_cluster=V0/V1 owner=V0 owner_gen=104 other=V1 other_gen=99 active=1 intervals=2 stop_boundary=1.400 stop_s=1.300 release=2.825/3.500
  future_a1=owner=V0 gen=104 arrival=0.000 to_b=0.000
---
tick=39395 sim_t=3939.500
  V0 mode=ACTIVE phase=TO_B gen=104 task=51 slot=4->13 s=2.042 speed=0.147 action=NOMINAL requested=NOMINAL blocker=-1 wait=0.000 reason=clear
  V1 mode=ACTIVE phase=TO_A1 gen=99 task=49 slot=30->-1 s=0.767 speed=0.050 action=CREEP requested=CREEP blocker=0 wait=11.000 reason=a1_stop_ttc_CREEP_V0
  departure_cluster=V0/V1 owner=V0 owner_gen=104 other=V1 other_gen=99 active=1 intervals=2 stop_boundary=1.400 stop_s=1.300 release=2.825/3.500
  future_a1=owner=V0 gen=104 arrival=0.000 to_b=0.000
---
tick=39396 sim_t=3939.600
  V0 mode=ACTIVE phase=TO_B gen=104 task=51 slot=4->13 s=2.057 speed=0.150 action=NOMINAL requested=NOMINAL blocker=-1 wait=0.000 reason=clear
  V1 mode=ACTIVE phase=TO_A1 gen=99 task=49 slot=30->-1 s=0.772 speed=0.050 action=CREEP requested=CREEP blocker=0 wait=11.100 reason=a1_stop_ttc_CREEP_V0
  departure_cluster=V0/V1 owner=V0 owner_gen=104 other=V1 other_gen=99 active=1 intervals=2 stop_boundary=1.400 stop_s=1.300 release=2.825/3.500
  future_a1=owner=V0 gen=104 arrival=0.000 to_b=0.000
---
tick=39397 sim_t=3939.700
  V0 mode=ACTIVE phase=TO_B gen=104 task=51 slot=4->13 s=2.072 speed=0.153 action=NOMINAL requested=NOMINAL blocker=-1 wait=0.000 reason=clear
  V1 mode=ACTIVE phase=TO_A1 gen=99 task=49 slot=30->-1 s=0.777 speed=0.050 action=CREEP requested=CREEP blocker=0 wait=11.200 reason=a1_stop_ttc_CREEP_V0
  departure_cluster=V0/V1 owner=V0 owner_gen=104 other=V1 other_gen=99 active=1 intervals=2 stop_boundary=1.400 stop_s=1.300 release=2.825/3.500
  future_a1=owner=V0 gen=104 arrival=0.000 to_b=0.000
---
tick=39398 sim_t=3939.800
  V0 mode=ACTIVE phase=TO_B gen=104 task=51 slot=4->13 s=2.088 speed=0.158 action=NOMINAL requested=NOMINAL blocker=-1 wait=0.000 reason=clear
  V1 mode=ACTIVE phase=TO_A1 gen=99 task=49 slot=30->-1 s=0.782 speed=0.050 action=CREEP requested=CREEP blocker=0 wait=11.300 reason=a1_stop_ttc_CREEP_V0
  departure_cluster=V0/V1 owner=V0 owner_gen=104 other=V1 other_gen=99 active=1 intervals=2 stop_boundary=1.400 stop_s=1.300 release=2.825/3.500
  future_a1=owner=V0 gen=104 arrival=0.000 to_b=0.000
---
tick=39399 sim_t=3939.900
  V0 mode=ACTIVE phase=TO_B gen=104 task=51 slot=4->13 s=2.104 speed=0.163 action=NOMINAL requested=NOMINAL blocker=-1 wait=0.000 reason=clear
  V1 mode=ACTIVE phase=TO_A1 gen=99 task=49 slot=30->-1 s=0.787 speed=0.050 action=CREEP requested=CREEP blocker=0 wait=11.400 reason=a1_stop_ttc_CREEP_V0
  departure_cluster=V0/V1 owner=V0 owner_gen=104 other=V1 other_gen=99 active=1 intervals=2 stop_boundary=1.400 stop_s=1.300 release=2.825/3.500
  future_a1=owner=V0 gen=104 arrival=0.000 to_b=0.000
---
tick=39400 sim_t=3940.000
  V0 mode=ACTIVE phase=TO_B gen=104 task=51 slot=4->13 s=2.121 speed=0.169 action=NOMINAL requested=NOMINAL blocker=-1 wait=0.000 reason=clear
  V1 mode=ACTIVE phase=TO_A1 gen=99 task=49 slot=30->-1 s=0.792 speed=0.050 action=CREEP requested=CREEP blocker=0 wait=11.500 reason=a1_stop_ttc_CREEP_V0
  departure_cluster=V0/V1 owner=V0 owner_gen=104 other=V1 other_gen=99 active=1 intervals=2 stop_boundary=1.400 stop_s=1.300 release=2.825/3.500
  future_a1=owner=V0 gen=104 arrival=0.000 to_b=0.000
---
tick=39401 sim_t=3940.100
  V0 mode=ACTIVE phase=TO_B gen=104 task=51 slot=4->13 s=2.139 speed=0.175 action=NOMINAL requested=NOMINAL blocker=-1 wait=0.000 reason=clear
  V1 mode=ACTIVE phase=TO_A1 gen=99 task=49 slot=30->-1 s=0.797 speed=0.050 action=CREEP requested=CREEP blocker=0 wait=11.600 reason=a1_stop_ttc_CREEP_V0
  departure_cluster=V0/V1 owner=V0 owner_gen=104 other=V1 other_gen=99 active=1 intervals=2 stop_boundary=1.400 stop_s=1.300 release=2.825/3.500
  future_a1=owner=V0 gen=104 arrival=0.000 to_b=0.000
---
tick=39402 sim_t=3940.200
  V0 mode=ACTIVE phase=TO_B gen=104 task=51 slot=4->13 s=2.157 speed=0.183 action=NOMINAL requested=NOMINAL blocker=-1 wait=0.000 reason=clear
  V1 mode=ACTIVE phase=TO_A1 gen=99 task=49 slot=30->-1 s=0.802 speed=0.050 action=CREEP requested=CREEP blocker=0 wait=11.700 reason=a1_stop_ttc_CREEP_V0
  departure_cluster=V0/V1 owner=V0 owner_gen=104 other=V1 other_gen=99 active=1 intervals=2 stop_boundary=1.400 stop_s=1.300 release=2.825/3.500
  future_a1=owner=V0 gen=104 arrival=0.000 to_b=0.000
---
tick=39403 sim_t=3940.300
  V0 mode=ACTIVE phase=TO_B gen=104 task=51 slot=4->13 s=2.176 speed=0.192 action=NOMINAL requested=NOMINAL blocker=-1 wait=0.000 reason=clear
  V1 mode=ACTIVE phase=TO_A1 gen=99 task=49 slot=30->-1 s=0.807 speed=0.050 action=CREEP requested=CREEP blocker=0 wait=11.800 reason=a1_stop_ttc_CREEP_V0
  departure_cluster=V0/V1 owner=V0 owner_gen=104 other=V1 other_gen=99 active=1 intervals=2 stop_boundary=1.400 stop_s=1.300 release=2.825/3.500
  future_a1=owner=V0 gen=104 arrival=0.000 to_b=0.000
---
tick=39404 sim_t=3940.400
  V0 mode=ACTIVE phase=TO_B gen=104 task=51 slot=4->13 s=2.196 speed=0.200 action=NOMINAL requested=NOMINAL blocker=-1 wait=0.000 reason=clear
  V1 mode=ACTIVE phase=TO_A1 gen=99 task=49 slot=30->-1 s=0.812 speed=0.050 action=CREEP requested=CREEP blocker=0 wait=11.900 reason=a1_stop_ttc_CREEP_V0
  departure_cluster=V0/V1 owner=V0 owner_gen=104 other=V1 other_gen=99 active=1 intervals=2 stop_boundary=1.400 stop_s=1.300 release=2.825/3.500
  future_a1=owner=V0 gen=104 arrival=0.000 to_b=0.000
---
tick=39405 sim_t=3940.500
  V0 mode=ACTIVE phase=TO_B gen=104 task=51 slot=4->13 s=2.216 speed=0.200 action=NOMINAL requested=NOMINAL blocker=-1 wait=0.000 reason=clear
  V1 mode=ACTIVE phase=TO_A1 gen=99 task=49 slot=30->-1 s=0.817 speed=0.050 action=CREEP requested=CREEP blocker=0 wait=12.000 reason=a1_stop_ttc_CREEP_V0
  departure_cluster=V0/V1 owner=V0 owner_gen=104 other=V1 other_gen=99 active=1 intervals=2 stop_boundary=1.400 stop_s=1.300 release=2.825/3.500
  future_a1=owner=V0 gen=104 arrival=0.000 to_b=0.000
---
tick=39406 sim_t=3940.600
  V0 mode=ACTIVE phase=TO_B gen=104 task=51 slot=4->13 s=2.236 speed=0.200 action=NOMINAL requested=NOMINAL blocker=-1 wait=0.000 reason=clear
  V1 mode=ACTIVE phase=TO_A1 gen=99 task=49 slot=30->-1 s=0.822 speed=0.050 action=CREEP requested=CREEP blocker=0 wait=12.100 reason=a1_stop_ttc_CREEP_V0
  departure_cluster=V0/V1 owner=V0 owner_gen=104 other=V1 other_gen=99 active=1 intervals=2 stop_boundary=1.400 stop_s=1.300 release=2.825/3.500
  future_a1=owner=V0 gen=104 arrival=0.000 to_b=0.000
---
tick=39407 sim_t=3940.700
  V0 mode=ACTIVE phase=TO_B gen=104 task=51 slot=4->13 s=2.256 speed=0.200 action=NOMINAL requested=NOMINAL blocker=-1 wait=0.000 reason=clear
  V1 mode=ACTIVE phase=TO_A1 gen=99 task=49 slot=30->-1 s=0.827 speed=0.050 action=CREEP requested=CREEP blocker=0 wait=12.200 reason=a1_stop_ttc_CREEP_V0
  departure_cluster=V0/V1 owner=V0 owner_gen=104 other=V1 other_gen=99 active=1 intervals=2 stop_boundary=1.400 stop_s=1.300 release=2.825/3.500
  future_a1=owner=V0 gen=104 arrival=0.000 to_b=0.000
---
tick=39408 sim_t=3940.800
  V0 mode=ACTIVE phase=TO_B gen=104 task=51 slot=4->13 s=2.276 speed=0.200 action=NOMINAL requested=NOMINAL blocker=-1 wait=0.000 reason=clear
  V1 mode=ACTIVE phase=TO_A1 gen=99 task=49 slot=30->-1 s=0.832 speed=0.050 action=CREEP requested=CREEP blocker=0 wait=12.300 reason=a1_stop_ttc_CREEP_V0
  departure_cluster=V0/V1 owner=V0 owner_gen=104 other=V1 other_gen=99 active=1 intervals=2 stop_boundary=1.400 stop_s=1.300 release=2.825/3.500
  future_a1=owner=V0 gen=104 arrival=0.000 to_b=0.000
---
tick=39409 sim_t=3940.900
  V0 mode=ACTIVE phase=TO_B gen=104 task=51 slot=4->13 s=2.296 speed=0.200 action=NOMINAL requested=NOMINAL blocker=-1 wait=0.000 reason=clear
  V1 mode=ACTIVE phase=TO_A1 gen=99 task=49 slot=30->-1 s=0.837 speed=0.050 action=CREEP requested=CREEP blocker=0 wait=12.400 reason=a1_stop_ttc_CREEP_V0
  departure_cluster=V0/V1 owner=V0 owner_gen=104 other=V1 other_gen=99 active=1 intervals=2 stop_boundary=1.400 stop_s=1.300 release=2.825/3.500
  future_a1=owner=V0 gen=104 arrival=0.000 to_b=0.000
---
tick=39410 sim_t=3941.000
  V0 mode=ACTIVE phase=TO_B gen=104 task=51 slot=4->13 s=2.316 speed=0.200 action=NOMINAL requested=NOMINAL blocker=-1 wait=0.000 reason=clear
  V1 mode=ACTIVE phase=TO_A1 gen=99 task=49 slot=30->-1 s=0.842 speed=0.050 action=CREEP requested=CREEP blocker=0 wait=12.500 reason=a1_stop_ttc_CREEP_V0
  departure_cluster=V0/V1 owner=V0 owner_gen=104 other=V1 other_gen=99 active=1 intervals=2 stop_boundary=1.400 stop_s=1.300 release=2.825/3.500
  future_a1=owner=V0 gen=104 arrival=0.000 to_b=0.000
---
tick=39411 sim_t=3941.100
  V0 mode=ACTIVE phase=TO_B gen=104 task=51 slot=4->13 s=2.336 speed=0.200 action=NOMINAL requested=NOMINAL blocker=-1 wait=0.000 reason=clear
  V1 mode=ACTIVE phase=TO_A1 gen=99 task=49 slot=30->-1 s=0.847 speed=0.050 action=CREEP requested=CREEP blocker=0 wait=12.600 reason=a1_stop_ttc_CREEP_V0
  departure_cluster=V0/V1 owner=V0 owner_gen=104 other=V1 other_gen=99 active=1 intervals=2 stop_boundary=1.400 stop_s=1.300 release=2.825/3.500
  future_a1=owner=V0 gen=104 arrival=0.000 to_b=0.000
---
tick=39412 sim_t=3941.200
  V0 mode=ACTIVE phase=TO_B gen=104 task=51 slot=4->13 s=2.356 speed=0.200 action=NOMINAL requested=NOMINAL blocker=-1 wait=0.000 reason=clear
  V1 mode=ACTIVE phase=TO_A1 gen=99 task=49 slot=30->-1 s=0.852 speed=0.050 action=CREEP requested=CREEP blocker=0 wait=12.700 reason=a1_stop_ttc_CREEP_V0
  departure_cluster=V0/V1 owner=V0 owner_gen=104 other=V1 other_gen=99 active=1 intervals=2 stop_boundary=1.400 stop_s=1.300 release=2.825/3.500
  future_a1=owner=V0 gen=104 arrival=0.000 to_b=0.000
---
tick=39413 sim_t=3941.300
  V0 mode=ACTIVE phase=TO_B gen=104 task=51 slot=4->13 s=2.376 speed=0.200 action=NOMINAL requested=NOMINAL blocker=-1 wait=0.000 reason=clear
  V1 mode=ACTIVE phase=TO_A1 gen=99 task=49 slot=30->-1 s=0.857 speed=0.050 action=CREEP requested=CREEP blocker=0 wait=12.800 reason=a1_stop_ttc_CREEP_V0
  departure_cluster=V0/V1 owner=V0 owner_gen=104 other=V1 other_gen=99 active=1 intervals=2 stop_boundary=1.400 stop_s=1.300 release=2.825/3.500
  future_a1=owner=V0 gen=104 arrival=0.000 to_b=0.000
---
tick=39414 sim_t=3941.400
  V0 mode=ACTIVE phase=TO_B gen=104 task=51 slot=4->13 s=2.396 speed=0.200 action=NOMINAL requested=NOMINAL blocker=-1 wait=0.000 reason=clear
  V1 mode=ACTIVE phase=TO_A1 gen=99 task=49 slot=30->-1 s=0.862 speed=0.050 action=CREEP requested=CREEP blocker=0 wait=12.900 reason=a1_stop_ttc_CREEP_V0
  departure_cluster=V0/V1 owner=V0 owner_gen=104 other=V1 other_gen=99 active=1 intervals=2 stop_boundary=1.400 stop_s=1.300 release=2.825/3.500
  future_a1=owner=V0 gen=104 arrival=0.000 to_b=0.000
---
tick=39415 sim_t=3941.500
  V0 mode=ACTIVE phase=TO_B gen=104 task=51 slot=4->13 s=2.416 speed=0.200 action=NOMINAL requested=NOMINAL blocker=-1 wait=0.000 reason=clear
  V1 mode=ACTIVE phase=TO_A1 gen=99 task=49 slot=30->-1 s=0.867 speed=0.050 action=CREEP requested=CREEP blocker=0 wait=13.000 reason=a1_stop_ttc_CREEP_V0
  departure_cluster=V0/V1 owner=V0 owner_gen=104 other=V1 other_gen=99 active=1 intervals=2 stop_boundary=1.400 stop_s=1.300 release=2.825/3.500
  future_a1=owner=V0 gen=104 arrival=0.000 to_b=0.000
---
tick=39416 sim_t=3941.600
  V0 mode=ACTIVE phase=TO_B gen=104 task=51 slot=4->13 s=2.436 speed=0.200 action=NOMINAL requested=NOMINAL blocker=-1 wait=0.000 reason=clear
  V1 mode=ACTIVE phase=TO_A1 gen=99 task=49 slot=30->-1 s=0.872 speed=0.050 action=CREEP requested=CREEP blocker=0 wait=13.100 reason=a1_stop_ttc_CREEP_V0
  departure_cluster=V0/V1 owner=V0 owner_gen=104 other=V1 other_gen=99 active=1 intervals=2 stop_boundary=1.400 stop_s=1.300 release=2.825/3.500
  future_a1=owner=V0 gen=104 arrival=0.000 to_b=0.000
---
tick=39417 sim_t=3941.700
  V0 mode=ACTIVE phase=TO_B gen=104 task=51 slot=4->13 s=2.456 speed=0.200 action=NOMINAL requested=NOMINAL blocker=-1 wait=0.000 reason=clear
  V1 mode=ACTIVE phase=TO_A1 gen=99 task=49 slot=30->-1 s=0.877 speed=0.050 action=CREEP requested=CREEP blocker=0 wait=13.200 reason=a1_stop_ttc_CREEP_V0
  departure_cluster=V0/V1 owner=V0 owner_gen=104 other=V1 other_gen=99 active=1 intervals=2 stop_boundary=1.400 stop_s=1.300 release=2.825/3.500
  future_a1=owner=V0 gen=104 arrival=0.000 to_b=0.000
---
tick=39418 sim_t=3941.800
  V0 mode=ACTIVE phase=TO_B gen=104 task=51 slot=4->13 s=2.476 speed=0.200 action=NOMINAL requested=NOMINAL blocker=-1 wait=0.000 reason=clear
  V1 mode=ACTIVE phase=TO_A1 gen=99 task=49 slot=30->-1 s=0.882 speed=0.050 action=CREEP requested=CREEP blocker=0 wait=13.300 reason=a1_stop_ttc_CREEP_V0
  departure_cluster=V0/V1 owner=V0 owner_gen=104 other=V1 other_gen=99 active=1 intervals=2 stop_boundary=1.400 stop_s=1.300 release=2.825/3.500
  future_a1=owner=V0 gen=104 arrival=0.000 to_b=0.000
---
tick=39419 sim_t=3941.900
  V0 mode=ACTIVE phase=TO_B gen=104 task=51 slot=4->13 s=2.496 speed=0.200 action=NOMINAL requested=NOMINAL blocker=-1 wait=0.000 reason=clear
  V1 mode=ACTIVE phase=TO_A1 gen=99 task=49 slot=30->-1 s=0.887 speed=0.050 action=CREEP requested=CREEP blocker=0 wait=13.400 reason=a1_stop_ttc_CREEP_V0
  departure_cluster=V0/V1 owner=V0 owner_gen=104 other=V1 other_gen=99 active=1 intervals=2 stop_boundary=1.400 stop_s=1.300 release=2.825/3.500
  future_a1=owner=V0 gen=104 arrival=0.000 to_b=0.000
---
tick=39420 sim_t=3942.000
  V0 mode=ACTIVE phase=TO_B gen=104 task=51 slot=4->13 s=2.516 speed=0.200 action=NOMINAL requested=NOMINAL blocker=-1 wait=0.000 reason=clear
  V1 mode=ACTIVE phase=TO_A1 gen=99 task=49 slot=30->-1 s=0.892 speed=0.050 action=CREEP requested=CREEP blocker=0 wait=13.500 reason=a1_stop_ttc_CREEP_V0
  departure_cluster=V0/V1 owner=V0 owner_gen=104 other=V1 other_gen=99 active=1 intervals=2 stop_boundary=1.400 stop_s=1.300 release=2.825/3.500
  future_a1=owner=V0 gen=104 arrival=0.000 to_b=0.000
---
tick=39421 sim_t=3942.100
  V0 mode=ACTIVE phase=TO_B gen=104 task=51 slot=4->13 s=2.536 speed=0.200 action=NOMINAL requested=NOMINAL blocker=-1 wait=0.000 reason=clear
  V1 mode=ACTIVE phase=TO_A1 gen=99 task=49 slot=30->-1 s=0.897 speed=0.050 action=CREEP requested=CREEP blocker=0 wait=13.600 reason=a1_stop_ttc_CREEP_V0
  departure_cluster=V0/V1 owner=V0 owner_gen=104 other=V1 other_gen=99 active=1 intervals=2 stop_boundary=1.400 stop_s=1.300 release=2.825/3.500
  future_a1=owner=V0 gen=104 arrival=0.000 to_b=0.000
---
tick=39422 sim_t=3942.200
  V0 mode=ACTIVE phase=TO_B gen=104 task=51 slot=4->13 s=2.556 speed=0.200 action=NOMINAL requested=NOMINAL blocker=-1 wait=0.000 reason=clear
  V1 mode=ACTIVE phase=TO_A1 gen=99 task=49 slot=30->-1 s=0.902 speed=0.050 action=CREEP requested=CREEP blocker=0 wait=13.700 reason=a1_stop_ttc_CREEP_V0
  departure_cluster=V0/V1 owner=V0 owner_gen=104 other=V1 other_gen=99 active=1 intervals=2 stop_boundary=1.400 stop_s=1.300 release=2.825/3.500
  future_a1=owner=V0 gen=104 arrival=0.000 to_b=0.000
---
tick=39423 sim_t=3942.300
  V0 mode=ACTIVE phase=TO_B gen=104 task=51 slot=4->13 s=2.576 speed=0.200 action=NOMINAL requested=NOMINAL blocker=-1 wait=0.000 reason=clear
  V1 mode=ACTIVE phase=TO_A1 gen=99 task=49 slot=30->-1 s=0.904 speed=0.020 action=STOP requested=STOP blocker=0 wait=13.800 reason=a1_stop_ttc_STOP_V0
  departure_cluster=V0/V1 owner=V0 owner_gen=104 other=V1 other_gen=99 active=1 intervals=2 stop_boundary=1.400 stop_s=1.300 release=2.825/3.500
  future_a1=owner=V0 gen=104 arrival=0.000 to_b=0.000
---
tick=39424 sim_t=3942.400
  V0 mode=ACTIVE phase=TO_B gen=104 task=51 slot=4->13 s=2.596 speed=0.200 action=NOMINAL requested=NOMINAL blocker=-1 wait=0.000 reason=clear
  V1 mode=ACTIVE phase=TO_A1 gen=99 task=49 slot=30->-1 s=0.904 speed=0.000 action=STOP requested=CREEP blocker=0 wait=13.900 reason=a1_stop_ttc_CREEP_V0
  departure_cluster=V0/V1 owner=V0 owner_gen=104 other=V1 other_gen=99 active=1 intervals=2 stop_boundary=1.400 stop_s=1.300 release=2.825/3.500
  future_a1=owner=V0 gen=104 arrival=0.000 to_b=0.000
---
tick=39425 sim_t=3942.500
  V0 mode=ACTIVE phase=TO_B gen=104 task=51 slot=4->13 s=2.616 speed=0.200 action=NOMINAL requested=NOMINAL blocker=-1 wait=0.000 reason=clear
  V1 mode=ACTIVE phase=TO_A1 gen=99 task=49 slot=30->-1 s=0.904 speed=0.000 action=STOP requested=CREEP blocker=0 wait=14.000 reason=a1_stop_ttc_CREEP_V0
  departure_cluster=V0/V1 owner=V0 owner_gen=104 other=V1 other_gen=99 active=1 intervals=2 stop_boundary=1.400 stop_s=1.300 release=2.825/3.500
  future_a1=owner=V0 gen=104 arrival=0.000 to_b=0.000
---
tick=39426 sim_t=3942.600
  V0 mode=ACTIVE phase=TO_B gen=104 task=51 slot=4->13 s=2.635 speed=0.189 action=NOMINAL requested=NOMINAL blocker=-1 wait=0.000 reason=clear
  V1 mode=ACTIVE phase=TO_A1 gen=99 task=49 slot=30->-1 s=0.904 speed=0.000 action=STOP requested=CREEP blocker=0 wait=14.100 reason=a1_stop_ttc_CREEP_V0
  departure_cluster=V0/V1 owner=V0 owner_gen=104 other=V1 other_gen=99 active=1 intervals=2 stop_boundary=1.400 stop_s=1.300 release=2.825/3.500
  future_a1=owner=V0 gen=104 arrival=0.000 to_b=0.000
---
tick=39427 sim_t=3942.700
  V0 mode=ACTIVE phase=TO_B gen=104 task=51 slot=4->13 s=2.653 speed=0.180 action=NOMINAL requested=NOMINAL blocker=-1 wait=0.000 reason=clear
  V1 mode=ACTIVE phase=TO_A1 gen=99 task=49 slot=30->-1 s=0.904 speed=0.000 action=STOP requested=CREEP blocker=0 wait=14.200 reason=a1_stop_ttc_CREEP_V0
  departure_cluster=V0/V1 owner=V0 owner_gen=104 other=V1 other_gen=99 active=1 intervals=2 stop_boundary=1.400 stop_s=1.300 release=2.825/3.500
  future_a1=owner=V0 gen=104 arrival=0.000 to_b=0.000
---
tick=39428 sim_t=3942.800
  V0 mode=ACTIVE phase=TO_B gen=104 task=51 slot=4->13 s=2.670 speed=0.172 action=NOMINAL requested=NOMINAL blocker=-1 wait=0.000 reason=clear
  V1 mode=ACTIVE phase=TO_A1 gen=99 task=49 slot=30->-1 s=0.906 speed=0.020 action=CREEP requested=CREEP blocker=0 wait=14.300 reason=a1_stop_ttc_CREEP_V0
  departure_cluster=V0/V1 owner=V0 owner_gen=104 other=V1 other_gen=99 active=1 intervals=2 stop_boundary=1.400 stop_s=1.300 release=2.825/3.500
  future_a1=owner=V0 gen=104 arrival=0.000 to_b=0.000
---
tick=39429 sim_t=3942.900
  V0 mode=ACTIVE phase=TO_B gen=104 task=51 slot=4->13 s=2.687 speed=0.166 action=NOMINAL requested=NOMINAL blocker=-1 wait=0.000 reason=clear
  V1 mode=ACTIVE phase=TO_A1 gen=99 task=49 slot=30->-1 s=0.910 speed=0.040 action=CREEP requested=CREEP blocker=0 wait=14.400 reason=a1_stop_ttc_CREEP_V0
  departure_cluster=V0/V1 owner=V0 owner_gen=104 other=V1 other_gen=99 active=1 intervals=2 stop_boundary=1.400 stop_s=1.300 release=2.825/3.500
  future_a1=owner=V0 gen=104 arrival=0.000 to_b=0.000
---
tick=39430 sim_t=3943.000
  V0 mode=ACTIVE phase=TO_B gen=104 task=51 slot=4->13 s=2.703 speed=0.160 action=NOMINAL requested=NOMINAL blocker=-1 wait=0.000 reason=clear
  V1 mode=ACTIVE phase=TO_A1 gen=99 task=49 slot=30->-1 s=0.911 speed=0.010 action=STOP requested=STOP blocker=0 wait=14.500 reason=a1_stop_ttc_STOP_V0
  departure_cluster=V0/V1 owner=V0 owner_gen=104 other=V1 other_gen=99 active=1 intervals=2 stop_boundary=1.400 stop_s=1.300 release=2.825/3.500
  future_a1=owner=V0 gen=104 arrival=0.000 to_b=0.000
---
tick=39431 sim_t=3943.100
  V0 mode=ACTIVE phase=TO_B gen=104 task=51 slot=4->13 s=2.718 speed=0.155 action=NOMINAL requested=NOMINAL blocker=-1 wait=0.000 reason=clear
  V1 mode=ACTIVE phase=TO_A1 gen=99 task=49 slot=30->-1 s=0.911 speed=0.000 action=STOP requested=CREEP blocker=0 wait=14.600 reason=a1_stop_ttc_CREEP_V0
  departure_cluster=V0/V1 owner=V0 owner_gen=104 other=V1 other_gen=99 active=1 intervals=2 stop_boundary=1.400 stop_s=1.300 release=2.825/3.500
  future_a1=owner=V0 gen=104 arrival=0.000 to_b=0.000
---
tick=39432 sim_t=3943.200
  V0 mode=ACTIVE phase=TO_B gen=104 task=51 slot=4->13 s=2.733 speed=0.151 action=NOMINAL requested=NOMINAL blocker=-1 wait=0.000 reason=clear
  V1 mode=ACTIVE phase=TO_A1 gen=99 task=49 slot=30->-1 s=0.911 speed=0.000 action=STOP requested=CREEP blocker=0 wait=14.700 reason=a1_stop_ttc_CREEP_V0
  departure_cluster=V0/V1 owner=V0 owner_gen=104 other=V1 other_gen=99 active=1 intervals=2 stop_boundary=1.400 stop_s=1.300 release=2.825/3.500
  future_a1=owner=V0 gen=104 arrival=0.000 to_b=0.000
---
tick=39433 sim_t=3943.300
  V0 mode=ACTIVE phase=TO_B gen=104 task=51 slot=4->13 s=2.748 speed=0.148 action=NOMINAL requested=NOMINAL blocker=-1 wait=0.000 reason=clear
  V1 mode=ACTIVE phase=TO_A1 gen=99 task=49 slot=30->-1 s=0.911 speed=0.000 action=STOP requested=CREEP blocker=0 wait=14.800 reason=a1_stop_ttc_CREEP_V0
  departure_cluster=V0/V1 owner=V0 owner_gen=104 other=V1 other_gen=99 active=1 intervals=2 stop_boundary=1.400 stop_s=1.300 release=2.825/3.500
  future_a1=owner=V0 gen=104 arrival=0.000 to_b=0.000
---
tick=39434 sim_t=3943.400
  V0 mode=ACTIVE phase=TO_B gen=104 task=51 slot=4->13 s=2.763 speed=0.145 action=NOMINAL requested=NOMINAL blocker=-1 wait=0.000 reason=clear
  V1 mode=ACTIVE phase=TO_A1 gen=99 task=49 slot=30->-1 s=0.911 speed=0.000 action=STOP requested=CREEP blocker=0 wait=14.900 reason=a1_stop_ttc_CREEP_V0
  departure_cluster=V0/V1 owner=V0 owner_gen=104 other=V1 other_gen=99 active=1 intervals=2 stop_boundary=1.400 stop_s=1.300 release=2.825/3.500
  future_a1=owner=V0 gen=104 arrival=0.000 to_b=0.000
---
tick=39435 sim_t=3943.500
  V0 mode=ACTIVE phase=TO_B gen=104 task=51 slot=4->13 s=2.777 speed=0.144 action=NOMINAL requested=NOMINAL blocker=-1 wait=0.000 reason=clear
  V1 mode=ACTIVE phase=TO_A1 gen=99 task=49 slot=30->-1 s=0.913 speed=0.020 action=CREEP requested=CREEP blocker=0 wait=15.000 reason=a1_stop_ttc_CREEP_V0
  departure_cluster=V0/V1 owner=V0 owner_gen=104 other=V1 other_gen=99 active=1 intervals=2 stop_boundary=1.400 stop_s=1.300 release=2.825/3.500
  future_a1=owner=V0 gen=104 arrival=0.000 to_b=0.000
---
tick=39436 sim_t=3943.600
  V0 mode=ACTIVE phase=TO_B gen=104 task=51 slot=4->13 s=2.791 speed=0.143 action=NOMINAL requested=NOMINAL blocker=-1 wait=0.000 reason=clear
  V1 mode=ACTIVE phase=TO_A1 gen=99 task=49 slot=30->-1 s=0.917 speed=0.040 action=CREEP requested=CREEP blocker=0 wait=15.100 reason=a1_stop_ttc_CREEP_V0
  departure_cluster=V0/V1 owner=V0 owner_gen=104 other=V1 other_gen=99 active=1 intervals=2 stop_boundary=1.400 stop_s=1.300 release=2.825/3.500
  future_a1=owner=V0 gen=104 arrival=0.000 to_b=0.000
---
tick=39437 sim_t=3943.700
  V0 mode=ACTIVE phase=TO_B gen=104 task=51 slot=4->13 s=2.806 speed=0.142 action=NOMINAL requested=NOMINAL blocker=-1 wait=0.000 reason=clear
  V1 mode=ACTIVE phase=TO_A1 gen=99 task=49 slot=30->-1 s=0.918 speed=0.010 action=STOP requested=STOP blocker=0 wait=15.200 reason=a1_stop_ttc_STOP_V0
  departure_cluster=V0/V1 owner=V0 owner_gen=104 other=V1 other_gen=99 active=1 intervals=2 stop_boundary=1.400 stop_s=1.300 release=2.825/3.500
  future_a1=owner=V0 gen=104 arrival=0.000 to_b=0.000
---
tick=39438 sim_t=3943.800
  V0 mode=ACTIVE phase=TO_B gen=104 task=51 slot=4->13 s=2.820 speed=0.142 action=NOMINAL requested=NOMINAL blocker=-1 wait=0.000 reason=clear
  V1 mode=ACTIVE phase=TO_A1 gen=99 task=49 slot=30->-1 s=0.918 speed=0.000 action=STOP requested=CREEP blocker=0 wait=15.300 reason=a1_stop_ttc_CREEP_V0
  departure_cluster=V0/V1 owner=V0 owner_gen=104 other=V1 other_gen=99 active=1 intervals=2 stop_boundary=1.400 stop_s=1.300 release=2.825/3.500
  future_a1=owner=V0 gen=104 arrival=0.000 to_b=0.000
---
tick=39439 sim_t=3943.900
  V0 mode=ACTIVE phase=TO_B gen=104 task=51 slot=4->13 s=2.834 speed=0.142 action=NOMINAL requested=NOMINAL blocker=-1 wait=0.000 reason=clear
  V1 mode=ACTIVE phase=TO_A1 gen=99 task=49 slot=30->-1 s=0.918 speed=0.000 action=STOP requested=CREEP blocker=0 wait=15.400 reason=a1_stop_ttc_CREEP_V0
  departure_cluster=V0/V1 owner=V0 owner_gen=104 other=V1 other_gen=99 active=1 intervals=2 stop_boundary=1.400 stop_s=1.300 release=2.825/3.500
  future_a1=owner=V0 gen=104 arrival=0.000 to_b=0.000
---
tick=39440 sim_t=3944.000
  V0 mode=ACTIVE phase=TO_B gen=104 task=51 slot=4->13 s=2.848 speed=0.142 action=NOMINAL requested=NOMINAL blocker=-1 wait=0.000 reason=clear
  V1 mode=ACTIVE phase=TO_A1 gen=99 task=49 slot=30->-1 s=0.918 speed=0.000 action=STOP requested=NOMINAL blocker=-1 wait=15.500 reason=action_hold
  future_a1=owner=V0 gen=104 arrival=0.000 to_b=0.000
---
tick=39441 sim_t=3944.100
  V0 mode=ACTIVE phase=TO_B gen=104 task=51 slot=4->13 s=2.862 speed=0.142 action=NOMINAL requested=NOMINAL blocker=-1 wait=0.000 reason=clear
  V1 mode=ACTIVE phase=TO_A1 gen=99 task=49 slot=30->-1 s=0.918 speed=0.000 action=STOP requested=NOMINAL blocker=-1 wait=15.600 reason=action_hold
  future_a1=owner=V0 gen=104 arrival=0.000 to_b=0.000
---
tick=39442 sim_t=3944.200
  V0 mode=ACTIVE phase=TO_B gen=104 task=51 slot=4->13 s=2.877 speed=0.142 action=NOMINAL requested=NOMINAL blocker=-1 wait=0.000 reason=clear
  V1 mode=ACTIVE phase=TO_A1 gen=99 task=49 slot=30->-1 s=0.920 speed=0.020 action=CREEP requested=NOMINAL blocker=-1 wait=15.700 reason=clear
  future_a1=owner=V0 gen=104 arrival=0.000 to_b=0.000
---
tick=39443 sim_t=3944.300
  V0 mode=ACTIVE phase=TO_B gen=104 task=51 slot=4->13 s=2.891 speed=0.142 action=NOMINAL requested=NOMINAL blocker=-1 wait=0.000 reason=clear
  V1 mode=ACTIVE phase=TO_A1 gen=99 task=49 slot=30->-1 s=0.924 speed=0.040 action=CREEP requested=NOMINAL blocker=-1 wait=15.800 reason=action_hold
  future_a1=owner=V0 gen=104 arrival=0.000 to_b=0.000
---
tick=39444 sim_t=3944.400
  V0 mode=ACTIVE phase=TO_B gen=104 task=51 slot=4->13 s=2.905 speed=0.142 action=NOMINAL requested=NOMINAL blocker=-1 wait=0.000 reason=clear
  V1 mode=ACTIVE phase=TO_A1 gen=99 task=49 slot=30->-1 s=0.929 speed=0.050 action=CREEP requested=NOMINAL blocker=-1 wait=15.900 reason=action_hold
  future_a1=owner=V0 gen=104 arrival=0.000 to_b=0.000
---
tick=39445 sim_t=3944.500
  V0 mode=ACTIVE phase=TO_B gen=104 task=51 slot=4->13 s=2.919 speed=0.142 action=NOMINAL requested=NOMINAL blocker=-1 wait=0.000 reason=clear
  V1 mode=ACTIVE phase=TO_A1 gen=99 task=49 slot=30->-1 s=0.934 speed=0.050 action=CREEP requested=NOMINAL blocker=-1 wait=16.000 reason=action_hold
  future_a1=owner=V0 gen=104 arrival=0.000 to_b=0.000
---
tick=39446 sim_t=3944.600
  V0 mode=ACTIVE phase=TO_B gen=104 task=51 slot=4->13 s=2.934 speed=0.142 action=NOMINAL requested=NOMINAL blocker=-1 wait=0.000 reason=clear
  V1 mode=ACTIVE phase=TO_A1 gen=99 task=49 slot=30->-1 s=0.939 speed=0.050 action=CREEP requested=NOMINAL blocker=-1 wait=16.100 reason=action_hold
  future_a1=none
---
tick=39447 sim_t=3944.700
  V0 mode=ACTIVE phase=TO_B gen=104 task=51 slot=4->13 s=2.948 speed=0.142 action=NOMINAL requested=NOMINAL blocker=-1 wait=0.000 reason=clear
  V1 mode=ACTIVE phase=TO_A1 gen=99 task=49 slot=30->-1 s=0.946 speed=0.070 action=NOMINAL requested=NOMINAL blocker=-1 wait=0.000 reason=clear
  future_a1=none
---
tick=39448 sim_t=3944.800
  V0 mode=ACTIVE phase=TO_B gen=104 task=51 slot=4->13 s=2.962 speed=0.143 action=NOMINAL requested=NOMINAL blocker=-1 wait=0.000 reason=clear
  V1 mode=ACTIVE phase=TO_A1 gen=99 task=49 slot=30->-1 s=0.955 speed=0.090 action=NOMINAL requested=NOMINAL blocker=-1 wait=0.000 reason=clear
  future_a1=none
---
tick=39449 sim_t=3944.900
  V0 mode=ACTIVE phase=TO_B gen=104 task=51 slot=4->13 s=2.977 speed=0.144 action=NOMINAL requested=NOMINAL blocker=-1 wait=0.000 reason=clear
  V1 mode=ACTIVE phase=TO_A1 gen=99 task=49 slot=30->-1 s=0.966 speed=0.110 action=NOMINAL requested=NOMINAL blocker=-1 wait=0.000 reason=clear
  future_a1=none
---
tick=39450 sim_t=3945.000
  V0 mode=ACTIVE phase=TO_B gen=104 task=51 slot=4->13 s=2.991 speed=0.146 action=NOMINAL requested=NOMINAL blocker=-1 wait=0.000 reason=clear
  V1 mode=ACTIVE phase=TO_A1 gen=99 task=49 slot=30->-1 s=0.979 speed=0.130 action=NOMINAL requested=NOMINAL blocker=-1 wait=0.000 reason=clear
  future_a1=none
---
tick=39451 sim_t=3945.100
  V0 mode=ACTIVE phase=TO_B gen=104 task=51 slot=4->13 s=3.006 speed=0.149 action=NOMINAL requested=NOMINAL blocker=-1 wait=0.000 reason=clear
  V1 mode=ACTIVE phase=TO_A1 gen=99 task=49 slot=30->-1 s=0.994 speed=0.150 action=NOMINAL requested=NOMINAL blocker=-1 wait=0.000 reason=clear
  future_a1=none
---
tick=39452 sim_t=3945.200
  V0 mode=ACTIVE phase=TO_B gen=104 task=51 slot=4->13 s=3.021 speed=0.153 action=NOMINAL requested=NOMINAL blocker=-1 wait=0.000 reason=clear
  V1 mode=ACTIVE phase=TO_A1 gen=99 task=49 slot=30->-1 s=1.011 speed=0.170 action=NOMINAL requested=NOMINAL blocker=-1 wait=0.000 reason=clear
  future_a1=none
---
tick=39453 sim_t=3945.300
  V0 mode=ACTIVE phase=TO_B gen=104 task=51 slot=4->13 s=3.037 speed=0.157 action=NOMINAL requested=NOMINAL blocker=-1 wait=0.000 reason=clear
  V1 mode=ACTIVE phase=TO_A1 gen=99 task=49 slot=30->-1 s=1.030 speed=0.190 action=NOMINAL requested=NOMINAL blocker=-1 wait=0.000 reason=clear
  future_a1=none
---
tick=39454 sim_t=3945.400
  V0 mode=ACTIVE phase=TO_B gen=104 task=51 slot=4->13 s=3.053 speed=0.162 action=NOMINAL requested=NOMINAL blocker=-1 wait=0.000 reason=clear
  V1 mode=ACTIVE phase=TO_A1 gen=99 task=49 slot=30->-1 s=1.050 speed=0.200 action=NOMINAL requested=NOMINAL blocker=-1 wait=0.000 reason=clear
  future_a1=none
---
tick=39455 sim_t=3945.500
  V0 mode=ACTIVE phase=TO_B gen=104 task=51 slot=4->13 s=3.070 speed=0.167 action=NOMINAL requested=NOMINAL blocker=-1 wait=0.000 reason=clear
  V1 mode=ACTIVE phase=TO_A1 gen=99 task=49 slot=30->-1 s=1.070 speed=0.200 action=NOMINAL requested=NOMINAL blocker=-1 wait=0.000 reason=clear
  future_a1=none
---
tick=39456 sim_t=3945.600
  V0 mode=ACTIVE phase=TO_B gen=104 task=51 slot=4->13 s=3.087 speed=0.174 action=NOMINAL requested=NOMINAL blocker=-1 wait=0.000 reason=clear
  V1 mode=ACTIVE phase=TO_A1 gen=99 task=49 slot=30->-1 s=1.090 speed=0.200 action=NOMINAL requested=NOMINAL blocker=-1 wait=0.000 reason=clear
  future_a1=none
---
tick=39457 sim_t=3945.700
  V0 mode=ACTIVE phase=TO_B gen=104 task=51 slot=4->13 s=3.106 speed=0.181 action=NOMINAL requested=NOMINAL blocker=-1 wait=0.000 reason=clear
  V1 mode=ACTIVE phase=TO_A1 gen=99 task=49 slot=30->-1 s=1.110 speed=0.200 action=NOMINAL requested=NOMINAL blocker=-1 wait=0.000 reason=clear
  future_a1=none
---
tick=39458 sim_t=3945.800
  V0 mode=ACTIVE phase=TO_B gen=104 task=51 slot=4->13 s=3.125 speed=0.190 action=NOMINAL requested=NOMINAL blocker=-1 wait=0.000 reason=clear
  V1 mode=ACTIVE phase=TO_A1 gen=99 task=49 slot=30->-1 s=1.130 speed=0.200 action=NOMINAL requested=NOMINAL blocker=-1 wait=0.000 reason=clear
  future_a1=none
---
tick=39459 sim_t=3945.900
  V0 mode=ACTIVE phase=TO_B gen=104 task=51 slot=4->13 s=3.145 speed=0.200 action=NOMINAL requested=NOMINAL blocker=-1 wait=0.000 reason=clear
  V1 mode=ACTIVE phase=TO_A1 gen=99 task=49 slot=30->-1 s=1.150 speed=0.200 action=NOMINAL requested=NOMINAL blocker=-1 wait=0.000 reason=clear
  future_a1=none
---
tick=39460 sim_t=3946.000
  V0 mode=ACTIVE phase=TO_B gen=104 task=51 slot=4->13 s=3.165 speed=0.200 action=NOMINAL requested=NOMINAL blocker=-1 wait=0.000 reason=clear
  V1 mode=ACTIVE phase=TO_A1 gen=99 task=49 slot=30->-1 s=1.170 speed=0.200 action=NOMINAL requested=NOMINAL blocker=-1 wait=0.000 reason=clear
  future_a1=none
---
tick=39461 sim_t=3946.100
  V0 mode=ACTIVE phase=TO_B gen=104 task=51 slot=4->13 s=3.185 speed=0.200 action=NOMINAL requested=NOMINAL blocker=-1 wait=0.000 reason=clear
  V1 mode=ACTIVE phase=TO_A1 gen=99 task=49 slot=30->-1 s=1.190 speed=0.200 action=NOMINAL requested=NOMINAL blocker=-1 wait=0.000 reason=clear
  future_a1=none
---
tick=39462 sim_t=3946.200
  V0 mode=ACTIVE phase=TO_B gen=104 task=51 slot=4->13 s=3.205 speed=0.200 action=NOMINAL requested=NOMINAL blocker=-1 wait=0.000 reason=clear
  V1 mode=ACTIVE phase=TO_A1 gen=99 task=49 slot=30->-1 s=1.210 speed=0.200 action=NOMINAL requested=NOMINAL blocker=-1 wait=0.000 reason=clear
  future_a1=none
---
tick=39463 sim_t=3946.300
  V0 mode=ACTIVE phase=TO_B gen=104 task=51 slot=4->13 s=3.225 speed=0.200 action=NOMINAL requested=NOMINAL blocker=-1 wait=0.000 reason=clear
  V1 mode=ACTIVE phase=TO_A1 gen=99 task=49 slot=30->-1 s=1.230 speed=0.200 action=NOMINAL requested=NOMINAL blocker=-1 wait=0.000 reason=clear
  future_a1=none
---
tick=39464 sim_t=3946.400
  V0 mode=ACTIVE phase=TO_B gen=104 task=51 slot=4->13 s=3.245 speed=0.200 action=NOMINAL requested=NOMINAL blocker=-1 wait=0.000 reason=clear
  V1 mode=ACTIVE phase=TO_A1 gen=99 task=49 slot=30->-1 s=1.250 speed=0.200 action=NOMINAL requested=NOMINAL blocker=-1 wait=0.000 reason=clear
  future_a1=none
---
tick=39465 sim_t=3946.500
  V0 mode=ACTIVE phase=TO_B gen=104 task=51 slot=4->13 s=3.265 speed=0.200 action=NOMINAL requested=NOMINAL blocker=-1 wait=0.000 reason=clear
  V1 mode=ACTIVE phase=TO_A1 gen=99 task=49 slot=30->-1 s=1.270 speed=0.200 action=NOMINAL requested=NOMINAL blocker=-1 wait=0.000 reason=clear
  future_a1=none
---
tick=39466 sim_t=3946.600
  V0 mode=ACTIVE phase=TO_B gen=104 task=51 slot=4->13 s=3.285 speed=0.200 action=NOMINAL requested=NOMINAL blocker=-1 wait=0.000 reason=clear
  V1 mode=ACTIVE phase=TO_A1 gen=99 task=49 slot=30->-1 s=1.290 speed=0.200 action=NOMINAL requested=NOMINAL blocker=-1 wait=0.000 reason=clear
  future_a1=owner=V1 gen=99 arrival=14.000 to_b=19.000
---
tick=39467 sim_t=3946.700
  V0 mode=ACTIVE phase=TO_B gen=104 task=51 slot=4->13 s=3.305 speed=0.200 action=NOMINAL requested=NOMINAL blocker=-1 wait=0.000 reason=clear
  V1 mode=ACTIVE phase=TO_A1 gen=99 task=49 slot=30->-1 s=1.310 speed=0.200 action=NOMINAL requested=NOMINAL blocker=-1 wait=0.000 reason=clear
  future_a1=owner=V1 gen=99 arrival=14.000 to_b=19.000
---
tick=39468 sim_t=3946.800
  V0 mode=ACTIVE phase=TO_B gen=104 task=51 slot=4->13 s=3.325 speed=0.200 action=NOMINAL requested=NOMINAL blocker=-1 wait=0.000 reason=clear
  V1 mode=ACTIVE phase=TO_A1 gen=99 task=49 slot=30->-1 s=1.330 speed=0.200 action=NOMINAL requested=NOMINAL blocker=-1 wait=0.000 reason=clear
  future_a1=owner=V1 gen=99 arrival=14.000 to_b=19.000
---
tick=39469 sim_t=3946.900
  V0 mode=ACTIVE phase=TO_B gen=104 task=51 slot=4->13 s=3.345 speed=0.200 action=NOMINAL requested=NOMINAL blocker=-1 wait=0.000 reason=clear
  V1 mode=ACTIVE phase=TO_A1 gen=99 task=49 slot=30->-1 s=1.350 speed=0.200 action=NOMINAL requested=NOMINAL blocker=-1 wait=0.000 reason=clear
  future_a1=owner=V1 gen=99 arrival=14.000 to_b=19.000
---
tick=39470 sim_t=3947.000
  V0 mode=ACTIVE phase=TO_B gen=104 task=51 slot=4->13 s=3.365 speed=0.200 action=NOMINAL requested=NOMINAL blocker=-1 wait=0.000 reason=clear
  V1 mode=ACTIVE phase=TO_A1 gen=99 task=49 slot=30->-1 s=1.370 speed=0.200 action=NOMINAL requested=NOMINAL blocker=-1 wait=0.000 reason=clear
  future_a1=owner=V1 gen=99 arrival=14.000 to_b=19.000
---
tick=39471 sim_t=3947.100
  V0 mode=ACTIVE phase=TO_B gen=104 task=51 slot=4->13 s=3.385 speed=0.200 action=NOMINAL requested=NOMINAL blocker=-1 wait=0.000 reason=clear
  V1 mode=ACTIVE phase=TO_A1 gen=99 task=49 slot=30->-1 s=1.390 speed=0.200 action=NOMINAL requested=NOMINAL blocker=-1 wait=0.000 reason=clear
  future_a1=owner=V1 gen=99 arrival=14.000 to_b=19.000
---
tick=39472 sim_t=3947.200
  V0 mode=ACTIVE phase=TO_B gen=104 task=51 slot=4->13 s=3.405 speed=0.200 action=NOMINAL requested=NOMINAL blocker=-1 wait=0.000 reason=clear
  V1 mode=ACTIVE phase=TO_A1 gen=99 task=49 slot=30->-1 s=1.409 speed=0.191 action=NOMINAL requested=NOMINAL blocker=-1 wait=0.000 reason=clear
  future_a1=owner=V1 gen=99 arrival=14.000 to_b=19.000
---
tick=39473 sim_t=3947.300
  V0 mode=ACTIVE phase=TO_B gen=104 task=51 slot=4->13 s=3.425 speed=0.200 action=NOMINAL requested=NOMINAL blocker=-1 wait=0.000 reason=clear
  V1 mode=ACTIVE phase=TO_A1 gen=99 task=49 slot=30->-1 s=1.427 speed=0.182 action=NOMINAL requested=NOMINAL blocker=-1 wait=0.000 reason=clear
  future_a1=owner=V1 gen=99 arrival=14.000 to_b=19.000
---
tick=39474 sim_t=3947.400
  V0 mode=ACTIVE phase=TO_B gen=104 task=51 slot=4->13 s=3.445 speed=0.200 action=NOMINAL requested=NOMINAL blocker=-1 wait=0.000 reason=clear
  V1 mode=ACTIVE phase=TO_A1 gen=99 task=49 slot=30->-1 s=1.445 speed=0.174 action=NOMINAL requested=NOMINAL blocker=-1 wait=0.000 reason=clear
  future_a1=owner=V1 gen=99 arrival=14.000 to_b=19.000
---
tick=39475 sim_t=3947.500
  V0 mode=ACTIVE phase=TO_B gen=104 task=51 slot=4->13 s=3.465 speed=0.200 action=NOMINAL requested=NOMINAL blocker=-1 wait=0.000 reason=clear
  V1 mode=ACTIVE phase=TO_A1 gen=99 task=49 slot=30->-1 s=1.461 speed=0.167 action=NOMINAL requested=NOMINAL blocker=-1 wait=0.000 reason=clear
  future_a1=owner=V1 gen=99 arrival=14.000 to_b=19.000
---
tick=39476 sim_t=3947.600
  V0 mode=ACTIVE phase=TO_B gen=104 task=51 slot=4->13 s=3.485 speed=0.200 action=NOMINAL requested=NOMINAL blocker=-1 wait=0.000 reason=clear
  V1 mode=ACTIVE phase=TO_A1 gen=99 task=49 slot=30->-1 s=1.478 speed=0.162 action=NOMINAL requested=NOMINAL blocker=-1 wait=0.000 reason=clear
  future_a1=owner=V1 gen=99 arrival=14.000 to_b=19.000
---
tick=39477 sim_t=3947.700
  V0 mode=ACTIVE phase=TO_B gen=104 task=51 slot=4->13 s=3.505 speed=0.200 action=NOMINAL requested=NOMINAL blocker=-1 wait=0.000 reason=clear
  V1 mode=ACTIVE phase=TO_A1 gen=99 task=49 slot=30->-1 s=1.493 speed=0.157 action=NOMINAL requested=NOMINAL blocker=-1 wait=0.000 reason=clear
  future_a1=owner=V1 gen=99 arrival=14.000 to_b=19.000
---
tick=39478 sim_t=3947.800
  V0 mode=ACTIVE phase=TO_B gen=104 task=51 slot=4->13 s=3.525 speed=0.200 action=NOMINAL requested=NOMINAL blocker=-1 wait=0.000 reason=clear
  V1 mode=ACTIVE phase=TO_A1 gen=99 task=49 slot=30->-1 s=1.508 speed=0.152 action=NOMINAL requested=NOMINAL blocker=-1 wait=0.000 reason=clear
  future_a1=owner=V1 gen=99 arrival=14.000 to_b=19.000
---
tick=39479 sim_t=3947.900
  V0 mode=ACTIVE phase=TO_B gen=104 task=51 slot=4->13 s=3.545 speed=0.200 action=NOMINAL requested=NOMINAL blocker=-1 wait=0.000 reason=clear
  V1 mode=ACTIVE phase=TO_A1 gen=99 task=49 slot=30->-1 s=1.523 speed=0.148 action=NOMINAL requested=NOMINAL blocker=-1 wait=0.000 reason=clear
  future_a1=owner=V1 gen=99 arrival=14.000 to_b=19.000
---
tick=39480 sim_t=3948.000
  V0 mode=ACTIVE phase=TO_B gen=104 task=51 slot=4->13 s=3.565 speed=0.200 action=NOMINAL requested=NOMINAL blocker=-1 wait=0.000 reason=clear
  V1 mode=ACTIVE phase=TO_A1 gen=99 task=49 slot=30->-1 s=1.538 speed=0.146 action=NOMINAL requested=NOMINAL blocker=-1 wait=0.000 reason=clear
  future_a1=owner=V1 gen=99 arrival=14.000 to_b=19.000
---
tick=39481 sim_t=3948.100
  V0 mode=ACTIVE phase=TO_B gen=104 task=51 slot=4->13 s=3.585 speed=0.200 action=NOMINAL requested=NOMINAL blocker=-1 wait=0.000 reason=clear
  V1 mode=ACTIVE phase=TO_A1 gen=99 task=49 slot=30->-1 s=1.552 speed=0.144 action=NOMINAL requested=NOMINAL blocker=-1 wait=0.000 reason=clear
  future_a1=owner=V1 gen=99 arrival=14.000 to_b=19.000
---
tick=39482 sim_t=3948.200
  V0 mode=ACTIVE phase=TO_B gen=104 task=51 slot=4->13 s=3.605 speed=0.200 action=NOMINAL requested=NOMINAL blocker=-1 wait=0.000 reason=clear
  V1 mode=ACTIVE phase=TO_A1 gen=99 task=49 slot=30->-1 s=1.567 speed=0.143 action=NOMINAL requested=NOMINAL blocker=-1 wait=0.000 reason=clear
  future_a1=owner=V1 gen=99 arrival=14.000 to_b=19.000
---
tick=39483 sim_t=3948.300
  V0 mode=ACTIVE phase=TO_B gen=104 task=51 slot=4->13 s=3.625 speed=0.200 action=NOMINAL requested=NOMINAL blocker=-1 wait=0.000 reason=clear
  V1 mode=ACTIVE phase=TO_A1 gen=99 task=49 slot=30->-1 s=1.581 speed=0.143 action=NOMINAL requested=NOMINAL blocker=-1 wait=0.000 reason=clear
  future_a1=owner=V1 gen=99 arrival=14.000 to_b=19.000
---
tick=39484 sim_t=3948.400
  V0 mode=ACTIVE phase=TO_B gen=104 task=51 slot=4->13 s=3.645 speed=0.200 action=NOMINAL requested=NOMINAL blocker=-1 wait=0.000 reason=clear
  V1 mode=ACTIVE phase=TO_A1 gen=99 task=49 slot=30->-1 s=1.595 speed=0.142 action=NOMINAL requested=NOMINAL blocker=-1 wait=0.000 reason=clear
  future_a1=owner=V1 gen=99 arrival=14.000 to_b=19.000
---
tick=39485 sim_t=3948.500
  V0 mode=ACTIVE phase=TO_B gen=104 task=51 slot=4->13 s=3.665 speed=0.200 action=NOMINAL requested=NOMINAL blocker=-1 wait=0.000 reason=clear
  V1 mode=ACTIVE phase=TO_A1 gen=99 task=49 slot=30->-1 s=1.609 speed=0.142 action=NOMINAL requested=NOMINAL blocker=-1 wait=0.000 reason=clear
  future_a1=owner=V1 gen=99 arrival=14.000 to_b=19.000
---
tick=39486 sim_t=3948.600
  V0 mode=ACTIVE phase=TO_B gen=104 task=51 slot=4->13 s=3.684 speed=0.195 action=NOMINAL requested=NOMINAL blocker=-1 wait=0.000 reason=clear
  V1 mode=ACTIVE phase=TO_A1 gen=99 task=49 slot=30->-1 s=1.624 speed=0.142 action=NOMINAL requested=NOMINAL blocker=-1 wait=0.000 reason=clear
  future_a1=owner=V1 gen=99 arrival=12.000 to_b=17.000
---
tick=39487 sim_t=3948.700
  V0 mode=ACTIVE phase=TO_B gen=104 task=51 slot=4->13 s=3.702 speed=0.183 action=NOMINAL requested=NOMINAL blocker=-1 wait=0.000 reason=clear
  V1 mode=ACTIVE phase=TO_A1 gen=99 task=49 slot=30->-1 s=1.638 speed=0.142 action=NOMINAL requested=NOMINAL blocker=-1 wait=0.000 reason=clear
  future_a1=owner=V1 gen=99 arrival=12.000 to_b=17.000
---
tick=39488 sim_t=3948.800
  V0 mode=ACTIVE phase=TO_B gen=104 task=51 slot=4->13 s=3.720 speed=0.173 action=NOMINAL requested=NOMINAL blocker=-1 wait=0.000 reason=clear
  V1 mode=ACTIVE phase=TO_A1 gen=99 task=49 slot=30->-1 s=1.652 speed=0.142 action=NOMINAL requested=NOMINAL blocker=-1 wait=0.000 reason=clear
  future_a1=owner=V1 gen=99 arrival=12.000 to_b=17.000
---
tick=39489 sim_t=3948.900
  V0 mode=ACTIVE phase=TO_B gen=104 task=51 slot=4->13 s=3.736 speed=0.165 action=NOMINAL requested=NOMINAL blocker=-1 wait=0.000 reason=clear
  V1 mode=ACTIVE phase=TO_A1 gen=99 task=49 slot=30->-1 s=1.666 speed=0.142 action=NOMINAL requested=NOMINAL blocker=-1 wait=0.000 reason=clear
  future_a1=owner=V1 gen=99 arrival=12.000 to_b=17.000
---
tick=39490 sim_t=3949.000
  V0 mode=ACTIVE phase=TO_B gen=104 task=51 slot=4->13 s=3.752 speed=0.159 action=NOMINAL requested=NOMINAL blocker=-1 wait=0.000 reason=clear
  V1 mode=ACTIVE phase=TO_A1 gen=99 task=49 slot=30->-1 s=1.681 speed=0.142 action=NOMINAL requested=NOMINAL blocker=-1 wait=0.000 reason=clear
  future_a1=owner=V1 gen=99 arrival=12.000 to_b=17.000
---
tick=39491 sim_t=3949.100
  V0 mode=ACTIVE phase=TO_B gen=104 task=51 slot=4->13 s=3.767 speed=0.153 action=NOMINAL requested=NOMINAL blocker=-1 wait=0.000 reason=clear
  V1 mode=ACTIVE phase=TO_A1 gen=99 task=49 slot=30->-1 s=1.695 speed=0.142 action=NOMINAL requested=NOMINAL blocker=-1 wait=0.000 reason=clear
  future_a1=owner=V1 gen=99 arrival=12.000 to_b=17.000
---
tick=39492 sim_t=3949.200
  V0 mode=ACTIVE phase=TO_B gen=104 task=51 slot=4->13 s=3.782 speed=0.149 action=NOMINAL requested=NOMINAL blocker=-1 wait=0.000 reason=clear
  V1 mode=ACTIVE phase=TO_A1 gen=99 task=49 slot=30->-1 s=1.709 speed=0.142 action=NOMINAL requested=NOMINAL blocker=-1 wait=0.000 reason=clear
  future_a1=owner=V1 gen=99 arrival=12.000 to_b=17.000
---
tick=39493 sim_t=3949.300
  V0 mode=ACTIVE phase=TO_B gen=104 task=51 slot=4->13 s=3.797 speed=0.145 action=NOMINAL requested=NOMINAL blocker=-1 wait=0.000 reason=clear
  V1 mode=ACTIVE phase=TO_A1 gen=99 task=49 slot=30->-1 s=1.723 speed=0.143 action=NOMINAL requested=NOMINAL blocker=-1 wait=0.000 reason=clear
  future_a1=owner=V1 gen=99 arrival=12.000 to_b=17.000
---
tick=39494 sim_t=3949.400
  V0 mode=ACTIVE phase=TO_B gen=104 task=51 slot=4->13 s=3.811 speed=0.144 action=NOMINAL requested=NOMINAL blocker=-1 wait=0.000 reason=clear
  V1 mode=ACTIVE phase=TO_A1 gen=99 task=49 slot=30->-1 s=1.738 speed=0.143 action=NOMINAL requested=NOMINAL blocker=-1 wait=0.000 reason=clear
  future_a1=owner=V1 gen=99 arrival=12.000 to_b=17.000
---
tick=39495 sim_t=3949.500
  V0 mode=ACTIVE phase=TO_B gen=104 task=51 slot=4->13 s=3.825 speed=0.143 action=NOMINAL requested=NOMINAL blocker=-1 wait=0.000 reason=clear
  V1 mode=ACTIVE phase=TO_A1 gen=99 task=49 slot=30->-1 s=1.752 speed=0.144 action=NOMINAL requested=NOMINAL blocker=-1 wait=0.000 reason=clear
  future_a1=owner=V1 gen=99 arrival=12.000 to_b=17.000
---
tick=39496 sim_t=3949.600
  V0 mode=ACTIVE phase=TO_B gen=104 task=51 slot=4->13 s=3.840 speed=0.142 action=NOMINAL requested=NOMINAL blocker=-1 wait=0.000 reason=clear
  V1 mode=ACTIVE phase=TO_A1 gen=99 task=49 slot=30->-1 s=1.766 speed=0.145 action=NOMINAL requested=NOMINAL blocker=-1 wait=0.000 reason=clear
  future_a1=owner=V1 gen=99 arrival=12.000 to_b=17.000
---
tick=39497 sim_t=3949.700
  V0 mode=ACTIVE phase=TO_B gen=104 task=51 slot=4->13 s=3.854 speed=0.142 action=NOMINAL requested=NOMINAL blocker=-1 wait=0.000 reason=clear
  V1 mode=ACTIVE phase=TO_A1 gen=99 task=49 slot=30->-1 s=1.781 speed=0.148 action=NOMINAL requested=NOMINAL blocker=-1 wait=0.000 reason=clear
  future_a1=owner=V1 gen=99 arrival=12.000 to_b=17.000
---
tick=39498 sim_t=3949.800
  V0 mode=ACTIVE phase=TO_B gen=104 task=51 slot=4->13 s=3.868 speed=0.142 action=NOMINAL requested=NOMINAL blocker=-1 wait=0.000 reason=clear
  V1 mode=ACTIVE phase=TO_A1 gen=99 task=49 slot=30->-1 s=1.796 speed=0.152 action=NOMINAL requested=NOMINAL blocker=-1 wait=0.000 reason=clear
  future_a1=owner=V1 gen=99 arrival=12.000 to_b=17.000
---
tick=39499 sim_t=3949.900
  V0 mode=ACTIVE phase=TO_B gen=104 task=51 slot=4->13 s=3.882 speed=0.142 action=NOMINAL requested=NOMINAL blocker=-1 wait=0.000 reason=clear
  V1 mode=ACTIVE phase=TO_A1 gen=99 task=49 slot=30->-1 s=1.812 speed=0.156 action=NOMINAL requested=NOMINAL blocker=-1 wait=0.000 reason=clear
  future_a1=owner=V1 gen=99 arrival=12.000 to_b=17.000
---
tick=39500 sim_t=3950.000
  V0 mode=ACTIVE phase=TO_B gen=104 task=51 slot=4->13 s=3.897 speed=0.142 action=NOMINAL requested=NOMINAL blocker=-1 wait=0.000 reason=clear
  V1 mode=ACTIVE phase=TO_A1 gen=99 task=49 slot=30->-1 s=1.828 speed=0.161 action=NOMINAL requested=NOMINAL blocker=-1 wait=0.000 reason=clear
  future_a1=owner=V1 gen=99 arrival=12.000 to_b=17.000
---
tick=39501 sim_t=3950.100
  V0 mode=ACTIVE phase=TO_B gen=104 task=51 slot=4->13 s=3.911 speed=0.142 action=NOMINAL requested=NOMINAL blocker=-1 wait=0.000 reason=clear
  V1 mode=ACTIVE phase=TO_A1 gen=99 task=49 slot=30->-1 s=1.845 speed=0.166 action=NOMINAL requested=NOMINAL blocker=-1 wait=0.000 reason=clear
  future_a1=owner=V1 gen=99 arrival=12.000 to_b=17.000
---
tick=39502 sim_t=3950.200
  V0 mode=ACTIVE phase=TO_B gen=104 task=51 slot=4->13 s=3.925 speed=0.142 action=NOMINAL requested=NOMINAL blocker=-1 wait=0.000 reason=clear
  V1 mode=ACTIVE phase=TO_A1 gen=99 task=49 slot=30->-1 s=1.862 speed=0.172 action=NOMINAL requested=NOMINAL blocker=-1 wait=0.000 reason=clear
  future_a1=owner=V1 gen=99 arrival=12.000 to_b=17.000
---
tick=39503 sim_t=3950.300
  V0 mode=ACTIVE phase=TO_B gen=104 task=51 slot=4->13 s=3.939 speed=0.142 action=NOMINAL requested=NOMINAL blocker=-1 wait=0.000 reason=clear
  V1 mode=ACTIVE phase=TO_A1 gen=99 task=49 slot=30->-1 s=1.880 speed=0.179 action=NOMINAL requested=NOMINAL blocker=-1 wait=0.000 reason=clear
  future_a1=owner=V1 gen=99 arrival=12.000 to_b=17.000
---
tick=39504 sim_t=3950.400
  V0 mode=ACTIVE phase=TO_B gen=104 task=51 slot=4->13 s=3.954 speed=0.142 action=NOMINAL requested=NOMINAL blocker=-1 wait=0.000 reason=clear
  V1 mode=ACTIVE phase=TO_A1 gen=99 task=49 slot=30->-1 s=1.899 speed=0.188 action=NOMINAL requested=NOMINAL blocker=-1 wait=0.000 reason=clear
  future_a1=owner=V1 gen=99 arrival=12.000 to_b=17.000
---
tick=39505 sim_t=3950.500
  V0 mode=ACTIVE phase=TO_B gen=104 task=51 slot=4->13 s=3.968 speed=0.142 action=NOMINAL requested=NOMINAL blocker=-1 wait=0.000 reason=clear
  V1 mode=ACTIVE phase=TO_A1 gen=99 task=49 slot=30->-1 s=1.918 speed=0.198 action=NOMINAL requested=NOMINAL blocker=-1 wait=0.000 reason=clear
  future_a1=owner=V1 gen=99 arrival=12.000 to_b=17.000
---
tick=39506 sim_t=3950.600
  V0 mode=ACTIVE phase=TO_B gen=104 task=51 slot=4->13 s=3.982 speed=0.142 action=NOMINAL requested=NOMINAL blocker=-1 wait=0.000 reason=clear
  V1 mode=ACTIVE phase=TO_A1 gen=99 task=49 slot=30->-1 s=1.938 speed=0.200 action=NOMINAL requested=NOMINAL blocker=-1 wait=0.000 reason=clear
  future_a1=owner=V1 gen=99 arrival=10.000 to_b=15.000
---
tick=39507 sim_t=3950.700
  V0 mode=ACTIVE phase=TO_B gen=104 task=51 slot=4->13 s=3.996 speed=0.142 action=NOMINAL requested=NOMINAL blocker=-1 wait=0.000 reason=clear
  V1 mode=ACTIVE phase=TO_A1 gen=99 task=49 slot=30->-1 s=1.958 speed=0.200 action=NOMINAL requested=NOMINAL blocker=-1 wait=0.000 reason=clear
  future_a1=owner=V1 gen=99 arrival=10.000 to_b=15.000
---
tick=39508 sim_t=3950.800
  V0 mode=ACTIVE phase=TO_B gen=104 task=51 slot=4->13 s=4.011 speed=0.142 action=NOMINAL requested=NOMINAL blocker=-1 wait=0.000 reason=clear
  V1 mode=ACTIVE phase=TO_A1 gen=99 task=49 slot=30->-1 s=1.978 speed=0.200 action=NOMINAL requested=NOMINAL blocker=-1 wait=0.000 reason=clear
  future_a1=owner=V1 gen=99 arrival=10.000 to_b=15.000
---
tick=39509 sim_t=3950.900
  V0 mode=ACTIVE phase=TO_B gen=104 task=51 slot=4->13 s=4.025 speed=0.142 action=NOMINAL requested=NOMINAL blocker=-1 wait=0.000 reason=clear
  V1 mode=ACTIVE phase=TO_A1 gen=99 task=49 slot=30->-1 s=1.998 speed=0.200 action=NOMINAL requested=NOMINAL blocker=-1 wait=0.000 reason=clear
  future_a1=owner=V1 gen=99 arrival=10.000 to_b=15.000
---
tick=39510 sim_t=3951.000
  V0 mode=ACTIVE phase=TO_B gen=104 task=51 slot=4->13 s=4.039 speed=0.143 action=NOMINAL requested=NOMINAL blocker=-1 wait=0.000 reason=clear
  V1 mode=ACTIVE phase=TO_A1 gen=99 task=49 slot=30->-1 s=2.018 speed=0.200 action=NOMINAL requested=NOMINAL blocker=-1 wait=0.000 reason=clear
  future_a1=owner=V1 gen=99 arrival=10.000 to_b=15.000
---
tick=39511 sim_t=3951.100
  V0 mode=ACTIVE phase=TO_B gen=104 task=51 slot=4->13 s=4.053 speed=0.143 action=NOMINAL requested=NOMINAL blocker=-1 wait=0.000 reason=clear
  V1 mode=ACTIVE phase=TO_A1 gen=99 task=49 slot=30->-1 s=2.038 speed=0.200 action=NOMINAL requested=NOMINAL blocker=-1 wait=0.000 reason=clear
  future_a1=owner=V1 gen=99 arrival=10.000 to_b=15.000
---
tick=39512 sim_t=3951.200
  V0 mode=ACTIVE phase=TO_B gen=104 task=51 slot=4->13 s=4.068 speed=0.144 action=NOMINAL requested=NOMINAL blocker=-1 wait=0.000 reason=clear
  V1 mode=ACTIVE phase=TO_A1 gen=99 task=49 slot=30->-1 s=2.058 speed=0.200 action=NOMINAL requested=NOMINAL blocker=-1 wait=0.000 reason=clear
  future_a1=owner=V1 gen=99 arrival=10.000 to_b=15.000
---
tick=39513 sim_t=3951.300
  V0 mode=ACTIVE phase=TO_B gen=104 task=51 slot=4->13 s=4.083 speed=0.147 action=NOMINAL requested=NOMINAL blocker=-1 wait=0.000 reason=clear
  V1 mode=ACTIVE phase=TO_A1 gen=99 task=49 slot=30->-1 s=2.078 speed=0.200 action=NOMINAL requested=NOMINAL blocker=-1 wait=0.000 reason=clear
  future_a1=owner=V1 gen=99 arrival=10.000 to_b=15.000
---
tick=39514 sim_t=3951.400
  V0 mode=ACTIVE phase=TO_B gen=104 task=51 slot=4->13 s=4.098 speed=0.150 action=NOMINAL requested=NOMINAL blocker=-1 wait=0.000 reason=clear
  V1 mode=ACTIVE phase=TO_A1 gen=99 task=49 slot=30->-1 s=2.098 speed=0.200 action=NOMINAL requested=NOMINAL blocker=-1 wait=0.000 reason=clear
  future_a1=owner=V1 gen=99 arrival=10.000 to_b=15.000
---
tick=39515 sim_t=3951.500
  V0 mode=ACTIVE phase=TO_B gen=104 task=51 slot=4->13 s=4.113 speed=0.155 action=NOMINAL requested=NOMINAL blocker=-1 wait=0.000 reason=clear
  V1 mode=ACTIVE phase=TO_A1 gen=99 task=49 slot=30->-1 s=2.115 speed=0.170 action=NOMINAL requested=NOMINAL blocker=-1 wait=0.000 reason=clear
  future_a1=owner=V1 gen=99 arrival=10.000 to_b=15.000
---
tick=39516 sim_t=3951.600
  V0 mode=ACTIVE phase=TO_B gen=104 task=51 slot=4->13 s=4.129 speed=0.161 action=NOMINAL requested=NOMINAL blocker=-1 wait=0.000 reason=clear
  V1 mode=ACTIVE phase=TO_A1 gen=99 task=49 slot=30->-1 s=2.130 speed=0.142 action=NOMINAL requested=NOMINAL blocker=-1 wait=0.000 reason=clear
  future_a1=owner=V1 gen=99 arrival=10.000 to_b=15.000
---
tick=39517 sim_t=3951.700
  V0 mode=ACTIVE phase=TO_B gen=104 task=51 slot=4->13 s=4.146 speed=0.167 action=NOMINAL requested=NOMINAL blocker=-1 wait=0.000 reason=clear
  V1 mode=ACTIVE phase=TO_A1 gen=99 task=49 slot=30->-1 s=2.143 speed=0.137 action=NOMINAL requested=NOMINAL blocker=-1 wait=0.000 reason=clear
  future_a1=owner=V1 gen=99 arrival=10.000 to_b=15.000
---
tick=39518 sim_t=3951.800
  V0 mode=ACTIVE phase=TO_B gen=104 task=51 slot=4->13 s=4.163 speed=0.175 action=NOMINAL requested=NOMINAL blocker=-1 wait=0.000 reason=clear
  V1 mode=ACTIVE phase=TO_A1 gen=99 task=49 slot=30->-1 s=2.157 speed=0.137 action=NOMINAL requested=NOMINAL blocker=-1 wait=0.000 reason=clear
  future_a1=owner=V1 gen=99 arrival=10.000 to_b=15.000
---
tick=39519 sim_t=3951.900
  V0 mode=ACTIVE phase=TO_B gen=104 task=51 slot=4->13 s=4.182 speed=0.185 action=NOMINAL requested=NOMINAL blocker=-1 wait=0.000 reason=clear
  V1 mode=ACTIVE phase=TO_A1 gen=99 task=49 slot=30->-1 s=2.171 speed=0.137 action=NOMINAL requested=NOMINAL blocker=-1 wait=0.000 reason=clear
  future_a1=owner=V1 gen=99 arrival=10.000 to_b=15.000
---
tick=39520 sim_t=3952.000
  V0 mode=ACTIVE phase=TO_B gen=104 task=51 slot=4->13 s=4.202 speed=0.197 action=NOMINAL requested=NOMINAL blocker=-1 wait=0.000 reason=clear
  V1 mode=ACTIVE phase=TO_A1 gen=99 task=49 slot=30->-1 s=2.184 speed=0.137 action=NOMINAL requested=NOMINAL blocker=-1 wait=0.000 reason=clear
  future_a1=owner=V1 gen=99 arrival=10.000 to_b=15.000
---
tick=39521 sim_t=3952.100
  V0 mode=ACTIVE phase=TO_B gen=104 task=51 slot=4->13 s=4.222 speed=0.200 action=NOMINAL requested=NOMINAL blocker=-1 wait=0.000 reason=clear
  V1 mode=ACTIVE phase=TO_A1 gen=99 task=49 slot=30->-1 s=2.198 speed=0.137 action=NOMINAL requested=NOMINAL blocker=-1 wait=0.000 reason=clear
  future_a1=owner=V1 gen=99 arrival=10.000 to_b=15.000
---
tick=39522 sim_t=3952.200
  V0 mode=ACTIVE phase=TO_B gen=104 task=51 slot=4->13 s=4.242 speed=0.200 action=NOMINAL requested=NOMINAL blocker=-1 wait=0.000 reason=clear
  V1 mode=ACTIVE phase=TO_A1 gen=99 task=49 slot=30->-1 s=2.212 speed=0.137 action=NOMINAL requested=NOMINAL blocker=-1 wait=0.000 reason=clear
  future_a1=owner=V1 gen=99 arrival=10.000 to_b=15.000
---
tick=39523 sim_t=3952.300
  V0 mode=ACTIVE phase=TO_B gen=104 task=51 slot=4->13 s=4.262 speed=0.200 action=NOMINAL requested=NOMINAL blocker=-1 wait=0.000 reason=clear
  V1 mode=ACTIVE phase=TO_A1 gen=99 task=49 slot=30->-1 s=2.225 speed=0.137 action=NOMINAL requested=NOMINAL blocker=-1 wait=0.000 reason=clear
  future_a1=owner=V1 gen=99 arrival=10.000 to_b=15.000
---
tick=39524 sim_t=3952.400
  V0 mode=ACTIVE phase=TO_B gen=104 task=51 slot=4->13 s=4.282 speed=0.200 action=NOMINAL requested=NOMINAL blocker=-1 wait=0.000 reason=clear
  V1 mode=ACTIVE phase=TO_A1 gen=99 task=49 slot=30->-1 s=2.239 speed=0.137 action=NOMINAL requested=NOMINAL blocker=-1 wait=0.000 reason=clear
  future_a1=owner=V1 gen=99 arrival=10.000 to_b=15.000
---
tick=39525 sim_t=3952.500
  V0 mode=ACTIVE phase=TO_B gen=104 task=51 slot=4->13 s=4.302 speed=0.200 action=NOMINAL requested=NOMINAL blocker=-1 wait=0.000 reason=clear
  V1 mode=ACTIVE phase=TO_A1 gen=99 task=49 slot=30->-1 s=2.253 speed=0.137 action=NOMINAL requested=NOMINAL blocker=-1 wait=0.000 reason=clear
  future_a1=owner=V1 gen=99 arrival=10.000 to_b=15.000
---
tick=39526 sim_t=3952.600
  V0 mode=ACTIVE phase=TO_B gen=104 task=51 slot=4->13 s=4.322 speed=0.200 action=NOMINAL requested=NOMINAL blocker=-1 wait=0.000 reason=clear
  V1 mode=ACTIVE phase=TO_A1 gen=99 task=49 slot=30->-1 s=2.266 speed=0.137 action=NOMINAL requested=NOMINAL blocker=-1 wait=0.000 reason=clear
  future_a1=owner=V1 gen=99 arrival=8.000 to_b=13.000
---
tick=39527 sim_t=3952.700
  V0 mode=DWELL phase=UNLOAD_DWELL gen=104 task=51 slot=13->13 s=4.333 speed=0.000 action=STOP requested=STOP blocker=-1 wait=0.000 reason=unload_dwell
  V1 mode=ACTIVE phase=TO_A1 gen=99 task=49 slot=30->-1 s=2.280 speed=0.137 action=NOMINAL requested=NOMINAL blocker=-1 wait=0.000 reason=clear
  future_a1=owner=V1 gen=99 arrival=8.000 to_b=13.000
---
tick=39528 sim_t=3952.800
  V0 mode=DWELL phase=UNLOAD_DWELL gen=104 task=51 slot=13->13 s=4.333 speed=0.000 action=STOP requested=STOP blocker=-1 wait=0.000 reason=not_active
  V1 mode=ACTIVE phase=TO_A1 gen=99 task=49 slot=30->-1 s=2.294 speed=0.137 action=NOMINAL requested=NOMINAL blocker=-1 wait=0.000 reason=clear
  departure_cluster=V0/V1 owner=V1 owner_gen=100 other=V0 other_gen=105 active=1 intervals=1 stop_boundary=2.600 stop_s=2.500 release=1.175/3.525
  future_a1=owner=V1 gen=99 arrival=8.000 to_b=13.000
---
tick=39529 sim_t=3952.900
  V0 mode=DWELL phase=UNLOAD_DWELL gen=104 task=51 slot=13->13 s=4.333 speed=0.000 action=STOP requested=STOP blocker=-1 wait=0.000 reason=not_active
  V1 mode=ACTIVE phase=TO_A1 gen=99 task=49 slot=30->-1 s=2.307 speed=0.137 action=NOMINAL requested=NOMINAL blocker=-1 wait=0.000 reason=clear
  departure_cluster=V0/V1 owner=V1 owner_gen=100 other=V0 other_gen=105 active=1 intervals=1 stop_boundary=2.600 stop_s=2.500 release=1.175/3.525
  future_a1=owner=V1 gen=99 arrival=8.000 to_b=13.000
---
tick=39530 sim_t=3953.000
  V0 mode=DWELL phase=UNLOAD_DWELL gen=104 task=51 slot=13->13 s=4.333 speed=0.000 action=STOP requested=STOP blocker=-1 wait=0.000 reason=not_active
  V1 mode=ACTIVE phase=TO_A1 gen=99 task=49 slot=30->-1 s=2.321 speed=0.137 action=NOMINAL requested=NOMINAL blocker=-1 wait=0.000 reason=clear
  departure_cluster=V0/V1 owner=V1 owner_gen=100 other=V0 other_gen=105 active=1 intervals=1 stop_boundary=2.600 stop_s=2.500 release=1.175/3.525
  future_a1=owner=V1 gen=99 arrival=8.000 to_b=13.000
---
tick=39531 sim_t=3953.100
  V0 mode=DWELL phase=UNLOAD_DWELL gen=104 task=51 slot=13->13 s=4.333 speed=0.000 action=STOP requested=STOP blocker=-1 wait=0.000 reason=not_active
  V1 mode=ACTIVE phase=TO_A1 gen=99 task=49 slot=30->-1 s=2.334 speed=0.137 action=NOMINAL requested=NOMINAL blocker=-1 wait=0.000 reason=clear
  departure_cluster=V0/V1 owner=V1 owner_gen=100 other=V0 other_gen=105 active=1 intervals=1 stop_boundary=2.600 stop_s=2.500 release=1.175/3.525
  future_a1=owner=V1 gen=99 arrival=8.000 to_b=13.000
---
tick=39532 sim_t=3953.200
  V0 mode=DWELL phase=UNLOAD_DWELL gen=104 task=51 slot=13->13 s=4.333 speed=0.000 action=STOP requested=STOP blocker=-1 wait=0.000 reason=not_active
  V1 mode=ACTIVE phase=TO_A1 gen=99 task=49 slot=30->-1 s=2.348 speed=0.137 action=NOMINAL requested=NOMINAL blocker=-1 wait=0.000 reason=clear
  departure_cluster=V0/V1 owner=V1 owner_gen=100 other=V0 other_gen=105 active=1 intervals=1 stop_boundary=2.600 stop_s=2.500 release=1.175/3.525
  future_a1=owner=V1 gen=99 arrival=8.000 to_b=13.000
---
tick=39533 sim_t=3953.300
  V0 mode=DWELL phase=UNLOAD_DWELL gen=104 task=51 slot=13->13 s=4.333 speed=0.000 action=STOP requested=STOP blocker=-1 wait=0.000 reason=not_active
  V1 mode=ACTIVE phase=TO_A1 gen=99 task=49 slot=30->-1 s=2.362 speed=0.137 action=NOMINAL requested=NOMINAL blocker=-1 wait=0.000 reason=clear
  departure_cluster=V0/V1 owner=V1 owner_gen=100 other=V0 other_gen=105 active=1 intervals=1 stop_boundary=2.600 stop_s=2.500 release=1.175/3.525
  future_a1=owner=V1 gen=99 arrival=8.000 to_b=13.000
---
tick=39534 sim_t=3953.400
  V0 mode=DWELL phase=UNLOAD_DWELL gen=104 task=51 slot=13->13 s=4.333 speed=0.000 action=STOP requested=STOP blocker=-1 wait=0.000 reason=not_active
  V1 mode=ACTIVE phase=TO_A1 gen=99 task=49 slot=30->-1 s=2.375 speed=0.137 action=NOMINAL requested=NOMINAL blocker=-1 wait=0.000 reason=clear
  departure_cluster=V0/V1 owner=V1 owner_gen=100 other=V0 other_gen=105 active=1 intervals=1 stop_boundary=2.600 stop_s=2.500 release=1.175/3.525
  future_a1=owner=V1 gen=99 arrival=8.000 to_b=13.000
---
tick=39535 sim_t=3953.500
  V0 mode=DWELL phase=UNLOAD_DWELL gen=104 task=51 slot=13->13 s=4.333 speed=0.000 action=STOP requested=STOP blocker=-1 wait=0.000 reason=not_active
  V1 mode=ACTIVE phase=TO_A1 gen=99 task=49 slot=30->-1 s=2.389 speed=0.137 action=NOMINAL requested=NOMINAL blocker=-1 wait=0.000 reason=clear
  departure_cluster=V0/V1 owner=V1 owner_gen=100 other=V0 other_gen=105 active=1 intervals=1 stop_boundary=2.600 stop_s=2.500 release=1.175/3.525
  future_a1=owner=V1 gen=99 arrival=8.000 to_b=13.000
---
tick=39536 sim_t=3953.600
  V0 mode=DWELL phase=UNLOAD_DWELL gen=104 task=51 slot=13->13 s=4.333 speed=0.000 action=STOP requested=STOP blocker=-1 wait=0.000 reason=not_active
  V1 mode=ACTIVE phase=TO_A1 gen=99 task=49 slot=30->-1 s=2.403 speed=0.137 action=NOMINAL requested=NOMINAL blocker=-1 wait=0.000 reason=clear
  departure_cluster=V0/V1 owner=V1 owner_gen=100 other=V0 other_gen=105 active=1 intervals=1 stop_boundary=2.600 stop_s=2.500 release=1.175/3.525
  future_a1=owner=V1 gen=99 arrival=8.000 to_b=13.000
---
tick=39537 sim_t=3953.700
  V0 mode=DWELL phase=UNLOAD_DWELL gen=104 task=51 slot=13->13 s=4.333 speed=0.000 action=STOP requested=STOP blocker=-1 wait=0.000 reason=not_active
  V1 mode=ACTIVE phase=TO_A1 gen=99 task=49 slot=30->-1 s=2.416 speed=0.137 action=NOMINAL requested=NOMINAL blocker=-1 wait=0.000 reason=clear
  departure_cluster=V0/V1 owner=V1 owner_gen=100 other=V0 other_gen=105 active=1 intervals=1 stop_boundary=2.600 stop_s=2.500 release=1.175/3.525
  future_a1=owner=V1 gen=99 arrival=8.000 to_b=13.000
---
tick=39538 sim_t=3953.800
  V0 mode=DWELL phase=UNLOAD_DWELL gen=104 task=51 slot=13->13 s=4.333 speed=0.000 action=STOP requested=STOP blocker=-1 wait=0.000 reason=not_active
  V1 mode=ACTIVE phase=TO_A1 gen=99 task=49 slot=30->-1 s=2.430 speed=0.137 action=NOMINAL requested=NOMINAL blocker=-1 wait=0.000 reason=clear
  departure_cluster=V0/V1 owner=V1 owner_gen=100 other=V0 other_gen=105 active=1 intervals=1 stop_boundary=2.600 stop_s=2.500 release=1.175/3.525
  future_a1=owner=V1 gen=99 arrival=8.000 to_b=13.000
---
tick=39539 sim_t=3953.900
  V0 mode=DWELL phase=UNLOAD_DWELL gen=104 task=51 slot=13->13 s=4.333 speed=0.000 action=STOP requested=STOP blocker=-1 wait=0.000 reason=not_active
  V1 mode=ACTIVE phase=TO_A1 gen=99 task=49 slot=30->-1 s=2.444 speed=0.137 action=NOMINAL requested=NOMINAL blocker=-1 wait=0.000 reason=clear
  departure_cluster=V0/V1 owner=V1 owner_gen=100 other=V0 other_gen=105 active=1 intervals=1 stop_boundary=2.600 stop_s=2.500 release=1.175/3.525
  future_a1=owner=V1 gen=99 arrival=8.000 to_b=13.000
---
tick=39540 sim_t=3954.000
  V0 mode=DWELL phase=UNLOAD_DWELL gen=104 task=51 slot=13->13 s=4.333 speed=0.000 action=STOP requested=STOP blocker=-1 wait=0.000 reason=not_active
  V1 mode=ACTIVE phase=TO_A1 gen=99 task=49 slot=30->-1 s=2.457 speed=0.137 action=NOMINAL requested=NOMINAL blocker=-1 wait=0.000 reason=clear
  departure_cluster=V0/V1 owner=V1 owner_gen=100 other=V0 other_gen=105 active=1 intervals=1 stop_boundary=2.600 stop_s=2.500 release=1.175/3.525
  future_a1=owner=V1 gen=99 arrival=8.000 to_b=13.000
---
tick=39541 sim_t=3954.100
  V0 mode=DWELL phase=UNLOAD_DWELL gen=104 task=51 slot=13->13 s=4.333 speed=0.000 action=STOP requested=STOP blocker=-1 wait=0.000 reason=not_active
  V1 mode=ACTIVE phase=TO_A1 gen=99 task=49 slot=30->-1 s=2.471 speed=0.137 action=NOMINAL requested=NOMINAL blocker=-1 wait=0.000 reason=clear
  departure_cluster=V0/V1 owner=V1 owner_gen=100 other=V0 other_gen=105 active=1 intervals=1 stop_boundary=2.600 stop_s=2.500 release=1.175/3.525
  future_a1=owner=V1 gen=99 arrival=8.000 to_b=13.000
---
tick=39542 sim_t=3954.200
  V0 mode=DWELL phase=UNLOAD_DWELL gen=104 task=51 slot=13->13 s=4.333 speed=0.000 action=STOP requested=STOP blocker=-1 wait=0.000 reason=not_active
  V1 mode=ACTIVE phase=TO_A1 gen=99 task=49 slot=30->-1 s=2.485 speed=0.137 action=NOMINAL requested=NOMINAL blocker=-1 wait=0.000 reason=clear
  departure_cluster=V0/V1 owner=V1 owner_gen=100 other=V0 other_gen=105 active=1 intervals=1 stop_boundary=2.600 stop_s=2.500 release=1.175/3.525
  future_a1=owner=V1 gen=99 arrival=8.000 to_b=13.000
---
tick=39543 sim_t=3954.300
  V0 mode=DWELL phase=UNLOAD_DWELL gen=104 task=51 slot=13->13 s=4.333 speed=0.000 action=STOP requested=STOP blocker=-1 wait=0.000 reason=not_active
  V1 mode=ACTIVE phase=TO_A1 gen=99 task=49 slot=30->-1 s=2.498 speed=0.137 action=NOMINAL requested=NOMINAL blocker=-1 wait=0.000 reason=clear
  departure_cluster=V0/V1 owner=V1 owner_gen=100 other=V0 other_gen=105 active=1 intervals=1 stop_boundary=2.600 stop_s=2.500 release=1.175/3.525
  future_a1=owner=V1 gen=99 arrival=8.000 to_b=13.000
---
tick=39544 sim_t=3954.400
  V0 mode=DWELL phase=UNLOAD_DWELL gen=104 task=51 slot=13->13 s=4.333 speed=0.000 action=STOP requested=STOP blocker=-1 wait=0.000 reason=not_active
  V1 mode=ACTIVE phase=TO_A1 gen=99 task=49 slot=30->-1 s=2.512 speed=0.137 action=NOMINAL requested=NOMINAL blocker=-1 wait=0.000 reason=clear
  departure_cluster=V0/V1 owner=V1 owner_gen=100 other=V0 other_gen=105 active=1 intervals=1 stop_boundary=2.600 stop_s=2.500 release=1.175/3.525
  future_a1=owner=V1 gen=99 arrival=8.000 to_b=13.000
---
tick=39545 sim_t=3954.500
  V0 mode=DWELL phase=UNLOAD_DWELL gen=104 task=51 slot=13->13 s=4.333 speed=0.000 action=STOP requested=STOP blocker=-1 wait=0.000 reason=not_active
  V1 mode=ACTIVE phase=TO_A1 gen=99 task=49 slot=30->-1 s=2.526 speed=0.137 action=NOMINAL requested=NOMINAL blocker=-1 wait=0.000 reason=clear
  departure_cluster=V0/V1 owner=V1 owner_gen=100 other=V0 other_gen=105 active=1 intervals=1 stop_boundary=2.600 stop_s=2.500 release=1.175/3.525
  future_a1=owner=V1 gen=99 arrival=8.000 to_b=13.000
---
tick=39546 sim_t=3954.600
  V0 mode=DWELL phase=UNLOAD_DWELL gen=104 task=51 slot=13->13 s=4.333 speed=0.000 action=STOP requested=STOP blocker=-1 wait=0.000 reason=not_active
  V1 mode=ACTIVE phase=TO_A1 gen=99 task=49 slot=30->-1 s=2.539 speed=0.137 action=NOMINAL requested=NOMINAL blocker=-1 wait=0.000 reason=clear
  departure_cluster=V0/V1 owner=V1 owner_gen=100 other=V0 other_gen=105 active=1 intervals=1 stop_boundary=2.600 stop_s=2.500 release=1.175/3.525
  future_a1=owner=V1 gen=99 arrival=6.000 to_b=11.000
---
tick=39547 sim_t=3954.700
  V0 mode=DWELL phase=UNLOAD_DWELL gen=104 task=51 slot=13->13 s=4.333 speed=0.000 action=STOP requested=STOP blocker=-1 wait=0.000 reason=not_active
  V1 mode=ACTIVE phase=TO_A1 gen=99 task=49 slot=30->-1 s=2.554 speed=0.141 action=NOMINAL requested=NOMINAL blocker=-1 wait=0.000 reason=clear
  departure_cluster=V0/V1 owner=V1 owner_gen=100 other=V0 other_gen=105 active=1 intervals=1 stop_boundary=2.600 stop_s=2.500 release=1.175/3.525
  future_a1=owner=V1 gen=99 arrival=6.000 to_b=11.000
---
tick=39548 sim_t=3954.800
  V0 mode=DWELL phase=UNLOAD_DWELL gen=104 task=51 slot=13->13 s=4.333 speed=0.000 action=STOP requested=STOP blocker=-1 wait=0.000 reason=not_active
  V1 mode=ACTIVE phase=TO_A1 gen=99 task=49 slot=30->-1 s=2.569 speed=0.152 action=NOMINAL requested=NOMINAL blocker=-1 wait=0.000 reason=clear
  departure_cluster=V0/V1 owner=V1 owner_gen=100 other=V0 other_gen=105 active=1 intervals=1 stop_boundary=2.600 stop_s=2.500 release=1.175/3.525
  future_a1=owner=V1 gen=99 arrival=6.000 to_b=11.000
---
tick=39549 sim_t=3954.900
  V0 mode=DWELL phase=UNLOAD_DWELL gen=104 task=51 slot=13->13 s=4.333 speed=0.000 action=STOP requested=STOP blocker=-1 wait=0.000 reason=not_active
  V1 mode=ACTIVE phase=TO_A1 gen=99 task=49 slot=30->-1 s=2.586 speed=0.172 action=NOMINAL requested=NOMINAL blocker=-1 wait=0.000 reason=clear
  departure_cluster=V0/V1 owner=V1 owner_gen=100 other=V0 other_gen=105 active=1 intervals=1 stop_boundary=2.600 stop_s=2.500 release=1.175/3.525
  future_a1=owner=V1 gen=99 arrival=6.000 to_b=11.000
---
tick=39550 sim_t=3955.000
  V0 mode=DWELL phase=UNLOAD_DWELL gen=104 task=51 slot=13->13 s=4.333 speed=0.000 action=STOP requested=STOP blocker=-1 wait=0.000 reason=not_active
  V1 mode=ACTIVE phase=TO_A1 gen=99 task=49 slot=30->-1 s=2.605 speed=0.192 action=NOMINAL requested=NOMINAL blocker=-1 wait=0.000 reason=clear
  departure_cluster=V0/V1 owner=V1 owner_gen=100 other=V0 other_gen=105 active=1 intervals=1 stop_boundary=2.600 stop_s=2.500 release=1.175/3.525
  future_a1=owner=V1 gen=99 arrival=6.000 to_b=11.000
---
tick=39551 sim_t=3955.100
  V0 mode=DWELL phase=UNLOAD_DWELL gen=104 task=51 slot=13->13 s=4.333 speed=0.000 action=STOP requested=STOP blocker=-1 wait=0.000 reason=not_active
  V1 mode=ACTIVE phase=TO_A1 gen=99 task=49 slot=30->-1 s=2.625 speed=0.200 action=NOMINAL requested=NOMINAL blocker=-1 wait=0.000 reason=clear
  departure_cluster=V0/V1 owner=V1 owner_gen=100 other=V0 other_gen=105 active=1 intervals=1 stop_boundary=2.600 stop_s=2.500 release=1.175/3.525
  future_a1=owner=V1 gen=99 arrival=6.000 to_b=11.000
---
tick=39552 sim_t=3955.200
  V0 mode=DWELL phase=UNLOAD_DWELL gen=104 task=51 slot=13->13 s=4.333 speed=0.000 action=STOP requested=STOP blocker=-1 wait=0.000 reason=not_active
  V1 mode=ACTIVE phase=TO_A1 gen=99 task=49 slot=30->-1 s=2.645 speed=0.200 action=NOMINAL requested=NOMINAL blocker=-1 wait=0.000 reason=clear
  departure_cluster=V0/V1 owner=V1 owner_gen=100 other=V0 other_gen=105 active=1 intervals=1 stop_boundary=2.600 stop_s=2.500 release=1.175/3.525
  future_a1=owner=V1 gen=99 arrival=6.000 to_b=11.000
---
tick=39553 sim_t=3955.300
  V0 mode=DWELL phase=UNLOAD_DWELL gen=104 task=51 slot=13->13 s=4.333 speed=0.000 action=STOP requested=STOP blocker=-1 wait=0.000 reason=not_active
  V1 mode=ACTIVE phase=TO_A1 gen=99 task=49 slot=30->-1 s=2.665 speed=0.200 action=NOMINAL requested=NOMINAL blocker=-1 wait=0.000 reason=clear
  departure_cluster=V0/V1 owner=V1 owner_gen=100 other=V0 other_gen=105 active=1 intervals=1 stop_boundary=2.600 stop_s=2.500 release=1.175/3.525
  future_a1=owner=V1 gen=99 arrival=6.000 to_b=11.000
---
tick=39554 sim_t=3955.400
  V0 mode=DWELL phase=UNLOAD_DWELL gen=104 task=51 slot=13->13 s=4.333 speed=0.000 action=STOP requested=STOP blocker=-1 wait=0.000 reason=not_active
  V1 mode=ACTIVE phase=TO_A1 gen=99 task=49 slot=30->-1 s=2.685 speed=0.200 action=NOMINAL requested=NOMINAL blocker=-1 wait=0.000 reason=clear
  departure_cluster=V0/V1 owner=V1 owner_gen=100 other=V0 other_gen=105 active=1 intervals=1 stop_boundary=2.600 stop_s=2.500 release=1.175/3.525
  future_a1=owner=V1 gen=99 arrival=6.000 to_b=11.000
---
tick=39555 sim_t=3955.500
  V0 mode=DWELL phase=UNLOAD_DWELL gen=104 task=51 slot=13->13 s=4.333 speed=0.000 action=STOP requested=STOP blocker=-1 wait=0.000 reason=not_active
  V1 mode=ACTIVE phase=TO_A1 gen=99 task=49 slot=30->-1 s=2.705 speed=0.200 action=NOMINAL requested=NOMINAL blocker=-1 wait=0.000 reason=clear
  departure_cluster=V0/V1 owner=V1 owner_gen=100 other=V0 other_gen=105 active=1 intervals=1 stop_boundary=2.600 stop_s=2.500 release=1.175/3.525
  future_a1=owner=V1 gen=99 arrival=6.000 to_b=11.000
---
tick=39556 sim_t=3955.600
  V0 mode=DWELL phase=UNLOAD_DWELL gen=104 task=51 slot=13->13 s=4.333 speed=0.000 action=STOP requested=STOP blocker=-1 wait=0.000 reason=not_active
  V1 mode=ACTIVE phase=TO_A1 gen=99 task=49 slot=30->-1 s=2.725 speed=0.200 action=NOMINAL requested=NOMINAL blocker=-1 wait=0.000 reason=clear
  departure_cluster=V0/V1 owner=V1 owner_gen=100 other=V0 other_gen=105 active=1 intervals=1 stop_boundary=2.600 stop_s=2.500 release=1.175/3.525
  future_a1=owner=V1 gen=99 arrival=6.000 to_b=11.000
---
tick=39557 sim_t=3955.700
  V0 mode=DWELL phase=UNLOAD_DWELL gen=104 task=51 slot=13->13 s=4.333 speed=0.000 action=STOP requested=STOP blocker=-1 wait=0.000 reason=not_active
  V1 mode=ACTIVE phase=TO_A1 gen=99 task=49 slot=30->-1 s=2.745 speed=0.200 action=NOMINAL requested=NOMINAL blocker=-1 wait=0.000 reason=clear
  departure_cluster=V0/V1 owner=V1 owner_gen=100 other=V0 other_gen=105 active=1 intervals=1 stop_boundary=2.600 stop_s=2.500 release=1.175/3.525
  future_a1=owner=V1 gen=99 arrival=6.000 to_b=11.000
---
tick=39558 sim_t=3955.800
  V0 mode=DWELL phase=UNLOAD_DWELL gen=104 task=51 slot=13->13 s=4.333 speed=0.000 action=STOP requested=STOP blocker=-1 wait=0.000 reason=not_active
  V1 mode=ACTIVE phase=TO_A1 gen=99 task=49 slot=30->-1 s=2.765 speed=0.200 action=NOMINAL requested=NOMINAL blocker=-1 wait=0.000 reason=clear
  departure_cluster=V0/V1 owner=V1 owner_gen=100 other=V0 other_gen=105 active=1 intervals=1 stop_boundary=2.600 stop_s=2.500 release=1.175/3.525
  future_a1=owner=V1 gen=99 arrival=6.000 to_b=11.000
---
tick=39559 sim_t=3955.900
  V0 mode=DWELL phase=UNLOAD_DWELL gen=104 task=51 slot=13->13 s=4.333 speed=0.000 action=STOP requested=STOP blocker=-1 wait=0.000 reason=not_active
  V1 mode=ACTIVE phase=TO_A1 gen=99 task=49 slot=30->-1 s=2.785 speed=0.200 action=NOMINAL requested=NOMINAL blocker=-1 wait=0.000 reason=clear
  departure_cluster=V0/V1 owner=V1 owner_gen=100 other=V0 other_gen=105 active=1 intervals=1 stop_boundary=2.600 stop_s=2.500 release=1.175/3.525
  future_a1=owner=V1 gen=99 arrival=6.000 to_b=11.000
---
tick=39560 sim_t=3956.000
  V0 mode=DWELL phase=UNLOAD_DWELL gen=104 task=51 slot=13->13 s=4.333 speed=0.000 action=STOP requested=STOP blocker=-1 wait=0.000 reason=not_active
  V1 mode=ACTIVE phase=TO_A1 gen=99 task=49 slot=30->-1 s=2.805 speed=0.200 action=NOMINAL requested=NOMINAL blocker=-1 wait=0.000 reason=clear
  departure_cluster=V0/V1 owner=V1 owner_gen=100 other=V0 other_gen=105 active=1 intervals=1 stop_boundary=2.600 stop_s=2.500 release=1.175/3.525
  future_a1=owner=V1 gen=99 arrival=6.000 to_b=11.000
---
tick=39561 sim_t=3956.100
  V0 mode=DWELL phase=UNLOAD_DWELL gen=104 task=51 slot=13->13 s=4.333 speed=0.000 action=STOP requested=STOP blocker=-1 wait=0.000 reason=not_active
  V1 mode=ACTIVE phase=TO_A1 gen=99 task=49 slot=30->-1 s=2.825 speed=0.200 action=NOMINAL requested=NOMINAL blocker=-1 wait=0.000 reason=clear
  departure_cluster=V0/V1 owner=V1 owner_gen=100 other=V0 other_gen=105 active=1 intervals=1 stop_boundary=2.600 stop_s=2.500 release=1.175/3.525
  future_a1=owner=V1 gen=99 arrival=6.000 to_b=11.000
---
tick=39562 sim_t=3956.200
  V0 mode=DWELL phase=UNLOAD_DWELL gen=104 task=51 slot=13->13 s=4.333 speed=0.000 action=STOP requested=STOP blocker=-1 wait=0.000 reason=not_active
  V1 mode=ACTIVE phase=TO_A1 gen=99 task=49 slot=30->-1 s=2.845 speed=0.200 action=NOMINAL requested=NOMINAL blocker=-1 wait=0.000 reason=clear
  departure_cluster=V0/V1 owner=V1 owner_gen=100 other=V0 other_gen=105 active=1 intervals=1 stop_boundary=2.600 stop_s=2.500 release=1.175/3.525
  future_a1=owner=V1 gen=99 arrival=6.000 to_b=11.000
---
tick=39563 sim_t=3956.300
  V0 mode=DWELL phase=UNLOAD_DWELL gen=104 task=51 slot=13->13 s=4.333 speed=0.000 action=STOP requested=STOP blocker=-1 wait=0.000 reason=not_active
  V1 mode=ACTIVE phase=TO_A1 gen=99 task=49 slot=30->-1 s=2.863 speed=0.182 action=NOMINAL requested=NOMINAL blocker=-1 wait=0.000 reason=clear
  departure_cluster=V0/V1 owner=V1 owner_gen=100 other=V0 other_gen=105 active=1 intervals=1 stop_boundary=2.600 stop_s=2.500 release=1.175/3.525
  future_a1=owner=V1 gen=99 arrival=6.000 to_b=11.000
---
tick=39564 sim_t=3956.400
  V0 mode=DWELL phase=UNLOAD_DWELL gen=104 task=51 slot=13->13 s=4.333 speed=0.000 action=STOP requested=STOP blocker=-1 wait=0.000 reason=not_active
  V1 mode=ACTIVE phase=TO_A1 gen=99 task=49 slot=30->-1 s=2.880 speed=0.169 action=NOMINAL requested=NOMINAL blocker=-1 wait=0.000 reason=clear
  departure_cluster=V0/V1 owner=V1 owner_gen=100 other=V0 other_gen=105 active=1 intervals=1 stop_boundary=2.600 stop_s=2.500 release=1.175/3.525
  future_a1=owner=V1 gen=99 arrival=6.000 to_b=11.000
---
tick=39565 sim_t=3956.500
  V0 mode=DWELL phase=UNLOAD_DWELL gen=104 task=51 slot=13->13 s=4.333 speed=0.000 action=STOP requested=STOP blocker=-1 wait=0.000 reason=not_active
  V1 mode=ACTIVE phase=TO_A1 gen=99 task=49 slot=30->-1 s=2.896 speed=0.159 action=NOMINAL requested=NOMINAL blocker=-1 wait=0.000 reason=clear
  departure_cluster=V0/V1 owner=V1 owner_gen=100 other=V0 other_gen=105 active=1 intervals=1 stop_boundary=2.600 stop_s=2.500 release=1.175/3.525
  future_a1=owner=V1 gen=99 arrival=6.000 to_b=11.000
---
tick=39566 sim_t=3956.600
  V0 mode=DWELL phase=UNLOAD_DWELL gen=104 task=51 slot=13->13 s=4.333 speed=0.000 action=STOP requested=STOP blocker=-1 wait=0.000 reason=not_active
  V1 mode=ACTIVE phase=TO_A1 gen=99 task=49 slot=30->-1 s=2.912 speed=0.152 action=NOMINAL requested=NOMINAL blocker=-1 wait=0.000 reason=clear
  departure_cluster=V0/V1 owner=V1 owner_gen=100 other=V0 other_gen=105 active=1 intervals=1 stop_boundary=2.600 stop_s=2.500 release=1.175/3.525
  future_a1=owner=V1 gen=99 arrival=4.000 to_b=9.000
---
tick=39567 sim_t=3956.700
  V0 mode=DWELL phase=UNLOAD_DWELL gen=104 task=51 slot=13->13 s=4.333 speed=0.000 action=STOP requested=STOP blocker=-1 wait=0.000 reason=not_active
  V1 mode=ACTIVE phase=TO_A1 gen=99 task=49 slot=30->-1 s=2.926 speed=0.147 action=NOMINAL requested=NOMINAL blocker=-1 wait=0.000 reason=clear
  departure_cluster=V0/V1 owner=V1 owner_gen=100 other=V0 other_gen=105 active=1 intervals=1 stop_boundary=2.600 stop_s=2.500 release=1.175/3.525
  future_a1=owner=V1 gen=99 arrival=4.000 to_b=9.000
---
tick=39568 sim_t=3956.800
  V0 mode=DWELL phase=UNLOAD_DWELL gen=104 task=51 slot=13->13 s=4.333 speed=0.000 action=STOP requested=STOP blocker=-1 wait=0.000 reason=not_active
  V1 mode=ACTIVE phase=TO_A1 gen=99 task=49 slot=30->-1 s=2.941 speed=0.144 action=NOMINAL requested=NOMINAL blocker=-1 wait=0.000 reason=clear
  departure_cluster=V0/V1 owner=V1 owner_gen=100 other=V0 other_gen=105 active=1 intervals=1 stop_boundary=2.600 stop_s=2.500 release=1.175/3.525
  future_a1=owner=V1 gen=99 arrival=4.000 to_b=9.000
---
tick=39569 sim_t=3956.900
  V0 mode=DWELL phase=UNLOAD_DWELL gen=104 task=51 slot=13->13 s=4.333 speed=0.000 action=STOP requested=STOP blocker=-1 wait=0.000 reason=not_active
  V1 mode=ACTIVE phase=TO_A1 gen=99 task=49 slot=30->-1 s=2.955 speed=0.143 action=NOMINAL requested=NOMINAL blocker=-1 wait=0.000 reason=clear
  departure_cluster=V0/V1 owner=V1 owner_gen=100 other=V0 other_gen=105 active=1 intervals=1 stop_boundary=2.600 stop_s=2.500 release=1.175/3.525
  future_a1=owner=V1 gen=99 arrival=4.000 to_b=9.000
---
tick=39570 sim_t=3957.000
  V0 mode=DWELL phase=UNLOAD_DWELL gen=104 task=51 slot=13->13 s=4.333 speed=0.000 action=STOP requested=STOP blocker=-1 wait=0.000 reason=not_active
  V1 mode=ACTIVE phase=TO_A1 gen=99 task=49 slot=30->-1 s=2.969 speed=0.143 action=NOMINAL requested=NOMINAL blocker=-1 wait=0.000 reason=clear
  departure_cluster=V0/V1 owner=V1 owner_gen=100 other=V0 other_gen=105 active=1 intervals=1 stop_boundary=2.600 stop_s=2.500 release=1.175/3.525
  future_a1=owner=V1 gen=99 arrival=4.000 to_b=9.000
---
tick=39571 sim_t=3957.100
  V0 mode=DWELL phase=UNLOAD_DWELL gen=104 task=51 slot=13->13 s=4.333 speed=0.000 action=STOP requested=STOP blocker=-1 wait=0.000 reason=not_active
  V1 mode=ACTIVE phase=TO_A1 gen=99 task=49 slot=30->-1 s=2.983 speed=0.142 action=NOMINAL requested=NOMINAL blocker=-1 wait=0.000 reason=clear
  departure_cluster=V0/V1 owner=V1 owner_gen=100 other=V0 other_gen=105 active=1 intervals=1 stop_boundary=2.600 stop_s=2.500 release=1.175/3.525
  future_a1=owner=V1 gen=99 arrival=4.000 to_b=9.000
---
tick=39572 sim_t=3957.200
  V0 mode=DWELL phase=UNLOAD_DWELL gen=104 task=51 slot=13->13 s=4.333 speed=0.000 action=STOP requested=STOP blocker=-1 wait=0.000 reason=not_active
  V1 mode=ACTIVE phase=TO_A1 gen=99 task=49 slot=30->-1 s=2.998 speed=0.142 action=NOMINAL requested=NOMINAL blocker=-1 wait=0.000 reason=clear
  departure_cluster=V0/V1 owner=V1 owner_gen=100 other=V0 other_gen=105 active=1 intervals=1 stop_boundary=2.600 stop_s=2.500 release=1.175/3.525
  future_a1=owner=V1 gen=99 arrival=4.000 to_b=9.000
---
tick=39573 sim_t=3957.300
  V0 mode=DWELL phase=UNLOAD_DWELL gen=104 task=51 slot=13->13 s=4.333 speed=0.000 action=STOP requested=STOP blocker=-1 wait=0.000 reason=not_active
  V1 mode=ACTIVE phase=TO_A1 gen=99 task=49 slot=30->-1 s=3.012 speed=0.142 action=NOMINAL requested=NOMINAL blocker=-1 wait=0.000 reason=clear
  departure_cluster=V0/V1 owner=V1 owner_gen=100 other=V0 other_gen=105 active=1 intervals=1 stop_boundary=2.600 stop_s=2.500 release=1.175/3.525
  future_a1=owner=V1 gen=99 arrival=4.000 to_b=9.000
---
tick=39574 sim_t=3957.400
  V0 mode=DWELL phase=UNLOAD_DWELL gen=104 task=51 slot=13->13 s=4.333 speed=0.000 action=STOP requested=STOP blocker=-1 wait=0.000 reason=not_active
  V1 mode=ACTIVE phase=TO_A1 gen=99 task=49 slot=30->-1 s=3.026 speed=0.142 action=NOMINAL requested=NOMINAL blocker=-1 wait=0.000 reason=clear
  departure_cluster=V0/V1 owner=V1 owner_gen=100 other=V0 other_gen=105 active=1 intervals=1 stop_boundary=2.600 stop_s=2.500 release=1.175/3.525
  future_a1=owner=V1 gen=99 arrival=4.000 to_b=9.000
---
tick=39575 sim_t=3957.500
  V0 mode=DWELL phase=UNLOAD_DWELL gen=104 task=51 slot=13->13 s=4.333 speed=0.000 action=STOP requested=STOP blocker=-1 wait=0.000 reason=not_active
  V1 mode=ACTIVE phase=TO_A1 gen=99 task=49 slot=30->-1 s=3.040 speed=0.142 action=NOMINAL requested=NOMINAL blocker=-1 wait=0.000 reason=clear
  departure_cluster=V0/V1 owner=V1 owner_gen=100 other=V0 other_gen=105 active=1 intervals=1 stop_boundary=2.600 stop_s=2.500 release=1.175/3.525
  future_a1=owner=V1 gen=99 arrival=4.000 to_b=9.000
---
tick=39576 sim_t=3957.600
  V0 mode=DWELL phase=UNLOAD_DWELL gen=104 task=51 slot=13->13 s=4.333 speed=0.000 action=STOP requested=STOP blocker=-1 wait=0.000 reason=not_active
  V1 mode=ACTIVE phase=TO_A1 gen=99 task=49 slot=30->-1 s=3.055 speed=0.142 action=NOMINAL requested=NOMINAL blocker=-1 wait=0.000 reason=clear
  departure_cluster=V0/V1 owner=V1 owner_gen=100 other=V0 other_gen=105 active=1 intervals=1 stop_boundary=2.600 stop_s=2.500 release=1.175/3.525
  future_a1=owner=V1 gen=99 arrival=4.000 to_b=9.000
---
tick=39577 sim_t=3957.700
  V0 mode=ACTIVE phase=TO_A1 gen=105 task=52 slot=13->-1 s=0.002 speed=0.020 action=NOMINAL requested=NOMINAL blocker=-1 wait=0.000 reason=clear
  V1 mode=ACTIVE phase=TO_A1 gen=99 task=49 slot=30->-1 s=3.069 speed=0.142 action=NOMINAL requested=NOMINAL blocker=-1 wait=0.000 reason=clear
  departure_cluster=V0/V1 owner=V1 owner_gen=100 other=V0 other_gen=105 active=1 intervals=1 stop_boundary=2.600 stop_s=2.500 release=1.175/3.525
  future_a1=owner=V1 gen=99 arrival=2.900 to_b=7.900
  zone=POTENTIAL pair=V0/V1 raw=0 active=0 a=[2.950,3.525] b=[2.950,3.500] holder=-1 waiter=-1
---
tick=39578 sim_t=3957.800
  V0 mode=ACTIVE phase=TO_A1 gen=105 task=52 slot=13->-1 s=0.006 speed=0.040 action=NOMINAL requested=NOMINAL blocker=-1 wait=0.000 reason=clear
  V1 mode=ACTIVE phase=TO_A1 gen=99 task=49 slot=30->-1 s=3.083 speed=0.142 action=NOMINAL requested=NOMINAL blocker=-1 wait=0.000 reason=clear
  departure_cluster=V0/V1 owner=V1 owner_gen=100 other=V0 other_gen=105 active=1 intervals=1 stop_boundary=2.600 stop_s=2.500 release=1.175/3.525
  future_a1=owner=V1 gen=99 arrival=2.900 to_b=7.900
---
tick=39579 sim_t=3957.900
  V0 mode=ACTIVE phase=TO_A1 gen=105 task=52 slot=13->-1 s=0.012 speed=0.060 action=NOMINAL requested=NOMINAL blocker=-1 wait=0.000 reason=clear
  V1 mode=ACTIVE phase=TO_A1 gen=99 task=49 slot=30->-1 s=3.097 speed=0.142 action=NOMINAL requested=NOMINAL blocker=-1 wait=0.000 reason=clear
  departure_cluster=V0/V1 owner=V1 owner_gen=100 other=V0 other_gen=105 active=1 intervals=1 stop_boundary=2.600 stop_s=2.500 release=1.175/3.525
  future_a1=owner=V1 gen=99 arrival=2.900 to_b=7.900
---
tick=39580 sim_t=3958.000
  V0 mode=ACTIVE phase=TO_A1 gen=105 task=52 slot=13->-1 s=0.020 speed=0.080 action=NOMINAL requested=NOMINAL blocker=-1 wait=0.000 reason=clear
  V1 mode=ACTIVE phase=TO_A1 gen=99 task=49 slot=30->-1 s=3.112 speed=0.142 action=NOMINAL requested=NOMINAL blocker=-1 wait=0.000 reason=clear
  departure_cluster=V0/V1 owner=V1 owner_gen=100 other=V0 other_gen=105 active=1 intervals=1 stop_boundary=2.600 stop_s=2.500 release=1.175/3.525
  future_a1=owner=V1 gen=99 arrival=2.900 to_b=7.900
---
tick=39581 sim_t=3958.100
  V0 mode=ACTIVE phase=TO_A1 gen=105 task=52 slot=13->-1 s=0.030 speed=0.100 action=NOMINAL requested=NOMINAL blocker=-1 wait=0.000 reason=clear
  V1 mode=ACTIVE phase=TO_A1 gen=99 task=49 slot=30->-1 s=3.126 speed=0.142 action=NOMINAL requested=NOMINAL blocker=-1 wait=0.000 reason=clear
  departure_cluster=V0/V1 owner=V1 owner_gen=100 other=V0 other_gen=105 active=1 intervals=1 stop_boundary=2.600 stop_s=2.500 release=1.175/3.525
  future_a1=owner=V1 gen=99 arrival=2.900 to_b=7.900
---
tick=39582 sim_t=3958.200
  V0 mode=ACTIVE phase=TO_A1 gen=105 task=52 slot=13->-1 s=0.042 speed=0.120 action=NOMINAL requested=NOMINAL blocker=-1 wait=0.000 reason=clear
  V1 mode=ACTIVE phase=TO_A1 gen=99 task=49 slot=30->-1 s=3.140 speed=0.142 action=NOMINAL requested=NOMINAL blocker=-1 wait=0.000 reason=clear
  departure_cluster=V0/V1 owner=V1 owner_gen=100 other=V0 other_gen=105 active=1 intervals=1 stop_boundary=2.600 stop_s=2.500 release=1.175/3.525
  future_a1=owner=V1 gen=99 arrival=2.900 to_b=7.900
---
tick=39583 sim_t=3958.300
  V0 mode=ACTIVE phase=TO_A1 gen=105 task=52 slot=13->-1 s=0.056 speed=0.140 action=NOMINAL requested=NOMINAL blocker=-1 wait=0.000 reason=clear
  V1 mode=ACTIVE phase=TO_A1 gen=99 task=49 slot=30->-1 s=3.154 speed=0.142 action=NOMINAL requested=NOMINAL blocker=-1 wait=0.000 reason=clear
  departure_cluster=V0/V1 owner=V1 owner_gen=100 other=V0 other_gen=105 active=1 intervals=1 stop_boundary=2.600 stop_s=2.500 release=1.175/3.525
  future_a1=owner=V1 gen=99 arrival=2.900 to_b=7.900
---
tick=39584 sim_t=3958.400
  V0 mode=ACTIVE phase=TO_A1 gen=105 task=52 slot=13->-1 s=0.072 speed=0.160 action=NOMINAL requested=NOMINAL blocker=-1 wait=0.000 reason=clear
  V1 mode=ACTIVE phase=TO_A1 gen=99 task=49 slot=30->-1 s=3.169 speed=0.142 action=NOMINAL requested=NOMINAL blocker=-1 wait=0.000 reason=clear
  departure_cluster=V0/V1 owner=V1 owner_gen=100 other=V0 other_gen=105 active=1 intervals=1 stop_boundary=2.600 stop_s=2.500 release=1.175/3.525
  future_a1=owner=V1 gen=99 arrival=2.900 to_b=7.900
---
tick=39585 sim_t=3958.500
  V0 mode=ACTIVE phase=TO_A1 gen=105 task=52 slot=13->-1 s=0.090 speed=0.180 action=NOMINAL requested=NOMINAL blocker=-1 wait=0.000 reason=clear
  V1 mode=ACTIVE phase=TO_A1 gen=99 task=49 slot=30->-1 s=3.183 speed=0.142 action=NOMINAL requested=NOMINAL blocker=-1 wait=0.000 reason=clear
  departure_cluster=V0/V1 owner=V1 owner_gen=100 other=V0 other_gen=105 active=1 intervals=1 stop_boundary=2.600 stop_s=2.500 release=1.175/3.525
  future_a1=owner=V1 gen=99 arrival=2.900 to_b=7.900
---
tick=39586 sim_t=3958.600
  V0 mode=ACTIVE phase=TO_A1 gen=105 task=52 slot=13->-1 s=0.110 speed=0.200 action=NOMINAL requested=NOMINAL blocker=-1 wait=0.000 reason=clear
  V1 mode=ACTIVE phase=TO_A1 gen=99 task=49 slot=30->-1 s=3.197 speed=0.142 action=NOMINAL requested=NOMINAL blocker=-1 wait=0.000 reason=clear
  departure_cluster=V0/V1 owner=V1 owner_gen=100 other=V0 other_gen=105 active=1 intervals=1 stop_boundary=2.600 stop_s=2.500 release=1.175/3.525
  future_a1=owner=V1 gen=99 arrival=2.900 to_b=7.900
---
tick=39587 sim_t=3958.700
  V0 mode=ACTIVE phase=TO_A1 gen=105 task=52 slot=13->-1 s=0.130 speed=0.200 action=NOMINAL requested=NOMINAL blocker=-1 wait=0.000 reason=clear
  V1 mode=ACTIVE phase=TO_A1 gen=99 task=49 slot=30->-1 s=3.211 speed=0.142 action=NOMINAL requested=NOMINAL blocker=-1 wait=0.000 reason=clear
  departure_cluster=V0/V1 owner=V1 owner_gen=100 other=V0 other_gen=105 active=1 intervals=1 stop_boundary=2.600 stop_s=2.500 release=1.175/3.525
  future_a1=owner=V1 gen=99 arrival=2.900 to_b=7.900
---
tick=39588 sim_t=3958.800
  V0 mode=ACTIVE phase=TO_A1 gen=105 task=52 slot=13->-1 s=0.150 speed=0.200 action=NOMINAL requested=NOMINAL blocker=-1 wait=0.000 reason=clear
  V1 mode=ACTIVE phase=TO_A1 gen=99 task=49 slot=30->-1 s=3.226 speed=0.142 action=NOMINAL requested=NOMINAL blocker=-1 wait=0.000 reason=clear
  departure_cluster=V0/V1 owner=V1 owner_gen=100 other=V0 other_gen=105 active=1 intervals=1 stop_boundary=2.600 stop_s=2.500 release=1.175/3.525
  future_a1=owner=V1 gen=99 arrival=2.900 to_b=7.900
---
tick=39589 sim_t=3958.900
  V0 mode=ACTIVE phase=TO_A1 gen=105 task=52 slot=13->-1 s=0.170 speed=0.200 action=NOMINAL requested=NOMINAL blocker=-1 wait=0.000 reason=clear
  V1 mode=ACTIVE phase=TO_A1 gen=99 task=49 slot=30->-1 s=3.240 speed=0.143 action=NOMINAL requested=NOMINAL blocker=-1 wait=0.000 reason=clear
  departure_cluster=V0/V1 owner=V1 owner_gen=100 other=V0 other_gen=105 active=1 intervals=1 stop_boundary=2.600 stop_s=2.500 release=1.175/3.525
  future_a1=owner=V1 gen=99 arrival=2.900 to_b=7.900
---
tick=39590 sim_t=3959.000
  V0 mode=ACTIVE phase=TO_A1 gen=105 task=52 slot=13->-1 s=0.187 speed=0.170 action=NOMINAL requested=NOMINAL blocker=-1 wait=0.000 reason=clear
  V1 mode=ACTIVE phase=TO_A1 gen=99 task=49 slot=30->-1 s=3.254 speed=0.143 action=NOMINAL requested=NOMINAL blocker=-1 wait=0.000 reason=clear
  departure_cluster=V0/V1 owner=V1 owner_gen=100 other=V0 other_gen=105 active=1 intervals=1 stop_boundary=2.600 stop_s=2.500 release=1.175/3.525
  future_a1=owner=V1 gen=99 arrival=2.900 to_b=7.900
---
tick=39591 sim_t=3959.100
  V0 mode=ACTIVE phase=TO_A1 gen=105 task=52 slot=13->-1 s=0.202 speed=0.147 action=NOMINAL requested=NOMINAL blocker=-1 wait=0.000 reason=clear
  V1 mode=ACTIVE phase=TO_A1 gen=99 task=49 slot=30->-1 s=3.269 speed=0.144 action=NOMINAL requested=NOMINAL blocker=-1 wait=0.000 reason=clear
  departure_cluster=V0/V1 owner=V1 owner_gen=100 other=V0 other_gen=105 active=1 intervals=1 stop_boundary=2.600 stop_s=2.500 release=1.175/3.525
  future_a1=owner=V1 gen=99 arrival=2.900 to_b=7.900
---
tick=39592 sim_t=3959.200
  V0 mode=ACTIVE phase=TO_A1 gen=105 task=52 slot=13->-1 s=0.216 speed=0.143 action=NOMINAL requested=NOMINAL blocker=-1 wait=0.000 reason=clear
  V1 mode=ACTIVE phase=TO_A1 gen=99 task=49 slot=30->-1 s=3.283 speed=0.147 action=NOMINAL requested=NOMINAL blocker=-1 wait=0.000 reason=clear
  departure_cluster=V0/V1 owner=V1 owner_gen=100 other=V0 other_gen=105 active=1 intervals=1 stop_boundary=2.600 stop_s=2.500 release=1.175/3.525
  future_a1=owner=V1 gen=99 arrival=2.900 to_b=7.900
---
tick=39593 sim_t=3959.300
  V0 mode=ACTIVE phase=TO_A1 gen=105 task=52 slot=13->-1 s=0.230 speed=0.142 action=NOMINAL requested=NOMINAL blocker=-1 wait=0.000 reason=clear
  V1 mode=ACTIVE phase=TO_A1 gen=99 task=49 slot=30->-1 s=3.299 speed=0.152 action=NOMINAL requested=NOMINAL blocker=-1 wait=0.000 reason=clear
  departure_cluster=V0/V1 owner=V1 owner_gen=100 other=V0 other_gen=105 active=1 intervals=1 stop_boundary=2.600 stop_s=2.500 release=1.175/3.525
  future_a1=owner=V1 gen=99 arrival=2.900 to_b=7.900
---
tick=39594 sim_t=3959.400
  V0 mode=ACTIVE phase=TO_A1 gen=105 task=52 slot=13->-1 s=0.244 speed=0.142 action=NOMINAL requested=NOMINAL blocker=-1 wait=0.000 reason=clear
  V1 mode=ACTIVE phase=TO_A1 gen=99 task=49 slot=30->-1 s=3.315 speed=0.159 action=NOMINAL requested=NOMINAL blocker=-1 wait=0.000 reason=clear
  departure_cluster=V0/V1 owner=V1 owner_gen=100 other=V0 other_gen=105 active=1 intervals=1 stop_boundary=2.600 stop_s=2.500 release=1.175/3.525
  future_a1=owner=V1 gen=99 arrival=2.900 to_b=7.900
---
tick=39595 sim_t=3959.500
  V0 mode=ACTIVE phase=TO_A1 gen=105 task=52 slot=13->-1 s=0.259 speed=0.142 action=NOMINAL requested=NOMINAL blocker=-1 wait=0.000 reason=clear
  V1 mode=ACTIVE phase=TO_A1 gen=99 task=49 slot=30->-1 s=3.331 speed=0.168 action=NOMINAL requested=NOMINAL blocker=-1 wait=0.000 reason=clear
  departure_cluster=V0/V1 owner=V1 owner_gen=100 other=V0 other_gen=105 active=1 intervals=1 stop_boundary=2.600 stop_s=2.500 release=1.175/3.525
  future_a1=owner=V1 gen=99 arrival=2.900 to_b=7.900
---
tick=39596 sim_t=3959.600
  V0 mode=ACTIVE phase=TO_A1 gen=105 task=52 slot=13->-1 s=0.273 speed=0.142 action=NOMINAL requested=NOMINAL blocker=-1 wait=0.000 reason=clear
  V1 mode=ACTIVE phase=TO_A1 gen=99 task=49 slot=30->-1 s=3.349 speed=0.180 action=NOMINAL requested=NOMINAL blocker=-1 wait=0.000 reason=clear
  departure_cluster=V0/V1 owner=V1 owner_gen=100 other=V0 other_gen=105 active=1 intervals=1 stop_boundary=2.600 stop_s=2.500 release=1.175/3.525
  future_a1=owner=V1 gen=99 arrival=2.900 to_b=7.900
---
tick=39597 sim_t=3959.700
  V0 mode=ACTIVE phase=TO_A1 gen=105 task=52 slot=13->-1 s=0.287 speed=0.142 action=NOMINAL requested=NOMINAL blocker=-1 wait=0.000 reason=clear
  V1 mode=ACTIVE phase=TO_A1 gen=99 task=49 slot=30->-1 s=3.369 speed=0.195 action=NOMINAL requested=NOMINAL blocker=-1 wait=0.000 reason=clear
  departure_cluster=V0/V1 owner=V1 owner_gen=100 other=V0 other_gen=105 active=1 intervals=1 stop_boundary=2.600 stop_s=2.500 release=1.175/3.525
  future_a1=owner=V1 gen=99 arrival=0.900 to_b=5.900
---
tick=39598 sim_t=3959.800
  V0 mode=ACTIVE phase=TO_A1 gen=105 task=52 slot=13->-1 s=0.301 speed=0.142 action=NOMINAL requested=NOMINAL blocker=-1 wait=0.000 reason=clear
  V1 mode=ACTIVE phase=TO_A1 gen=99 task=49 slot=30->-1 s=3.389 speed=0.200 action=NOMINAL requested=NOMINAL blocker=-1 wait=0.000 reason=clear
  departure_cluster=V0/V1 owner=V1 owner_gen=100 other=V0 other_gen=105 active=1 intervals=1 stop_boundary=2.600 stop_s=2.500 release=1.175/3.525
  future_a1=owner=V1 gen=99 arrival=0.900 to_b=5.900
---
tick=39599 sim_t=3959.900
  V0 mode=ACTIVE phase=TO_A1 gen=105 task=52 slot=13->-1 s=0.316 speed=0.142 action=NOMINAL requested=NOMINAL blocker=-1 wait=0.000 reason=clear
  V1 mode=ACTIVE phase=TO_A1 gen=99 task=49 slot=30->-1 s=3.409 speed=0.200 action=NOMINAL requested=NOMINAL blocker=-1 wait=0.000 reason=clear
  departure_cluster=V0/V1 owner=V1 owner_gen=100 other=V0 other_gen=105 active=1 intervals=1 stop_boundary=2.600 stop_s=2.500 release=1.175/3.525
  future_a1=owner=V1 gen=99 arrival=0.900 to_b=5.900
---
tick=39600 sim_t=3960.000
  V0 mode=ACTIVE phase=TO_A1 gen=105 task=52 slot=13->-1 s=0.330 speed=0.142 action=NOMINAL requested=NOMINAL blocker=-1 wait=0.000 reason=clear
  V1 mode=ACTIVE phase=TO_A1 gen=99 task=49 slot=30->-1 s=3.429 speed=0.200 action=NOMINAL requested=NOMINAL blocker=-1 wait=0.000 reason=clear
  departure_cluster=V0/V1 owner=V1 owner_gen=100 other=V0 other_gen=105 active=1 intervals=1 stop_boundary=2.600 stop_s=2.500 release=1.175/3.525
  future_a1=owner=V1 gen=99 arrival=0.900 to_b=5.900
---
tick=39601 sim_t=3960.100
  V0 mode=ACTIVE phase=TO_A1 gen=105 task=52 slot=13->-1 s=0.344 speed=0.142 action=NOMINAL requested=NOMINAL blocker=-1 wait=0.000 reason=clear
  V1 mode=ACTIVE phase=TO_A1 gen=99 task=49 slot=30->-1 s=3.449 speed=0.200 action=NOMINAL requested=NOMINAL blocker=-1 wait=0.000 reason=clear
  departure_cluster=V0/V1 owner=V1 owner_gen=100 other=V0 other_gen=105 active=1 intervals=1 stop_boundary=2.600 stop_s=2.500 release=1.175/3.525
  future_a1=owner=V1 gen=99 arrival=0.900 to_b=5.900
---
tick=39602 sim_t=3960.200
  V0 mode=ACTIVE phase=TO_A1 gen=105 task=52 slot=13->-1 s=0.358 speed=0.142 action=NOMINAL requested=NOMINAL blocker=-1 wait=0.000 reason=clear
  V1 mode=ACTIVE phase=TO_A1 gen=99 task=49 slot=30->-1 s=3.469 speed=0.200 action=NOMINAL requested=NOMINAL blocker=-1 wait=0.000 reason=clear
  departure_cluster=V0/V1 owner=V1 owner_gen=100 other=V0 other_gen=105 active=1 intervals=1 stop_boundary=2.600 stop_s=2.500 release=1.175/3.525
  future_a1=owner=V1 gen=99 arrival=0.900 to_b=5.900
---
tick=39603 sim_t=3960.300
  V0 mode=ACTIVE phase=TO_A1 gen=105 task=52 slot=13->-1 s=0.373 speed=0.142 action=NOMINAL requested=NOMINAL blocker=-1 wait=0.000 reason=clear
  V1 mode=ACTIVE phase=TO_A1 gen=99 task=49 slot=30->-1 s=3.489 speed=0.200 action=NOMINAL requested=NOMINAL blocker=-1 wait=0.000 reason=clear
  departure_cluster=V0/V1 owner=V1 owner_gen=100 other=V0 other_gen=105 active=1 intervals=1 stop_boundary=2.600 stop_s=2.500 release=1.175/3.525
  future_a1=owner=V1 gen=99 arrival=0.900 to_b=5.900
---
tick=39604 sim_t=3960.400
  V0 mode=ACTIVE phase=TO_A1 gen=105 task=52 slot=13->-1 s=0.387 speed=0.142 action=NOMINAL requested=NOMINAL blocker=-1 wait=0.000 reason=clear
  V1 mode=ACTIVE phase=TO_A1 gen=99 task=49 slot=30->-1 s=3.509 speed=0.200 action=NOMINAL requested=NOMINAL blocker=-1 wait=0.000 reason=clear
  departure_cluster=V0/V1 owner=V1 owner_gen=100 other=V0 other_gen=105 active=1 intervals=1 stop_boundary=2.600 stop_s=2.500 release=1.175/3.525
  future_a1=owner=V1 gen=99 arrival=0.900 to_b=5.900
---
tick=39605 sim_t=3960.500
  V0 mode=ACTIVE phase=TO_A1 gen=105 task=52 slot=13->-1 s=0.401 speed=0.142 action=NOMINAL requested=NOMINAL blocker=-1 wait=0.000 reason=clear
  V1 mode=DWELL phase=PICKUP_DWELL gen=99 task=49 slot=30->-1 s=3.524 speed=0.000 action=STOP requested=STOP blocker=-1 wait=0.000 reason=pickup_dwell
  departure_cluster=V0/V1 owner=V1 owner_gen=100 other=V0 other_gen=105 active=1 intervals=1 stop_boundary=2.600 stop_s=2.500 release=1.175/3.525
  future_a1=owner=V1 gen=99 arrival=0.900 to_b=5.900
---
tick=39606 sim_t=3960.600
  V0 mode=ACTIVE phase=TO_A1 gen=105 task=52 slot=13->-1 s=0.415 speed=0.142 action=NOMINAL requested=NOMINAL blocker=-1 wait=0.000 reason=clear
  V1 mode=DWELL phase=PICKUP_DWELL gen=99 task=49 slot=30->-1 s=3.524 speed=0.000 action=STOP requested=STOP blocker=-1 wait=0.000 reason=not_active
  departure_cluster=V0/V1 owner=V1 owner_gen=100 other=V0 other_gen=105 active=1 intervals=1 stop_boundary=2.600 stop_s=2.500 release=1.175/3.525
  future_a1=owner=V1 gen=99 arrival=0.000 to_b=4.900
---
tick=39607 sim_t=3960.700
  V0 mode=ACTIVE phase=TO_A1 gen=105 task=52 slot=13->-1 s=0.430 speed=0.142 action=NOMINAL requested=NOMINAL blocker=-1 wait=0.000 reason=clear
  V1 mode=DWELL phase=PICKUP_DWELL gen=99 task=49 slot=30->-1 s=3.524 speed=0.000 action=STOP requested=STOP blocker=-1 wait=0.000 reason=not_active
  departure_cluster=V0/V1 owner=V1 owner_gen=100 other=V0 other_gen=105 active=1 intervals=1 stop_boundary=2.600 stop_s=2.500 release=1.175/3.525
  future_a1=owner=V1 gen=99 arrival=0.000 to_b=4.900
---
tick=39608 sim_t=3960.800
  V0 mode=ACTIVE phase=TO_A1 gen=105 task=52 slot=13->-1 s=0.444 speed=0.142 action=NOMINAL requested=NOMINAL blocker=-1 wait=0.000 reason=clear
  V1 mode=DWELL phase=PICKUP_DWELL gen=99 task=49 slot=30->-1 s=3.524 speed=0.000 action=STOP requested=STOP blocker=-1 wait=0.000 reason=not_active
  departure_cluster=V0/V1 owner=V1 owner_gen=100 other=V0 other_gen=105 active=1 intervals=1 stop_boundary=2.600 stop_s=2.500 release=1.175/3.525
  future_a1=owner=V1 gen=99 arrival=0.000 to_b=4.900
---
tick=39609 sim_t=3960.900
  V0 mode=ACTIVE phase=TO_A1 gen=105 task=52 slot=13->-1 s=0.458 speed=0.142 action=NOMINAL requested=NOMINAL blocker=-1 wait=0.000 reason=clear
  V1 mode=DWELL phase=PICKUP_DWELL gen=99 task=49 slot=30->-1 s=3.524 speed=0.000 action=STOP requested=STOP blocker=-1 wait=0.000 reason=not_active
  departure_cluster=V0/V1 owner=V1 owner_gen=100 other=V0 other_gen=105 active=1 intervals=1 stop_boundary=2.600 stop_s=2.500 release=1.175/3.525
  future_a1=owner=V1 gen=99 arrival=0.000 to_b=4.900
---
tick=39610 sim_t=3961.000
  V0 mode=ACTIVE phase=TO_A1 gen=105 task=52 slot=13->-1 s=0.472 speed=0.142 action=NOMINAL requested=NOMINAL blocker=-1 wait=0.000 reason=clear
  V1 mode=DWELL phase=PICKUP_DWELL gen=99 task=49 slot=30->-1 s=3.524 speed=0.000 action=STOP requested=STOP blocker=-1 wait=0.000 reason=not_active
  departure_cluster=V0/V1 owner=V1 owner_gen=100 other=V0 other_gen=105 active=1 intervals=1 stop_boundary=2.600 stop_s=2.500 release=1.175/3.525
  future_a1=owner=V1 gen=99 arrival=0.000 to_b=4.900
---
tick=39611 sim_t=3961.100
  V0 mode=ACTIVE phase=TO_A1 gen=105 task=52 slot=13->-1 s=0.487 speed=0.142 action=NOMINAL requested=NOMINAL blocker=-1 wait=0.000 reason=clear
  V1 mode=DWELL phase=PICKUP_DWELL gen=99 task=49 slot=30->-1 s=3.524 speed=0.000 action=STOP requested=STOP blocker=-1 wait=0.000 reason=not_active
  departure_cluster=V0/V1 owner=V1 owner_gen=100 other=V0 other_gen=105 active=1 intervals=1 stop_boundary=2.600 stop_s=2.500 release=1.175/3.525
  future_a1=owner=V1 gen=99 arrival=0.000 to_b=4.900
---
tick=39612 sim_t=3961.200
  V0 mode=ACTIVE phase=TO_A1 gen=105 task=52 slot=13->-1 s=0.501 speed=0.142 action=NOMINAL requested=NOMINAL blocker=-1 wait=0.000 reason=clear
  V1 mode=DWELL phase=PICKUP_DWELL gen=99 task=49 slot=30->-1 s=3.524 speed=0.000 action=STOP requested=STOP blocker=-1 wait=0.000 reason=not_active
  departure_cluster=V0/V1 owner=V1 owner_gen=100 other=V0 other_gen=105 active=1 intervals=1 stop_boundary=2.600 stop_s=2.500 release=1.175/3.525
  future_a1=owner=V1 gen=99 arrival=0.000 to_b=4.900
---
tick=39613 sim_t=3961.300
  V0 mode=ACTIVE phase=TO_A1 gen=105 task=52 slot=13->-1 s=0.515 speed=0.142 action=NOMINAL requested=NOMINAL blocker=-1 wait=0.000 reason=clear
  V1 mode=DWELL phase=PICKUP_DWELL gen=99 task=49 slot=30->-1 s=3.524 speed=0.000 action=STOP requested=STOP blocker=-1 wait=0.000 reason=not_active
  departure_cluster=V0/V1 owner=V1 owner_gen=100 other=V0 other_gen=105 active=1 intervals=1 stop_boundary=2.600 stop_s=2.500 release=1.175/3.525
  future_a1=owner=V1 gen=99 arrival=0.000 to_b=4.900
---
tick=39614 sim_t=3961.400
  V0 mode=ACTIVE phase=TO_A1 gen=105 task=52 slot=13->-1 s=0.529 speed=0.142 action=NOMINAL requested=NOMINAL blocker=-1 wait=0.000 reason=clear
  V1 mode=DWELL phase=PICKUP_DWELL gen=99 task=49 slot=30->-1 s=3.524 speed=0.000 action=STOP requested=STOP blocker=-1 wait=0.000 reason=not_active
  departure_cluster=V0/V1 owner=V1 owner_gen=100 other=V0 other_gen=105 active=1 intervals=1 stop_boundary=2.600 stop_s=2.500 release=1.175/3.525
  future_a1=owner=V1 gen=99 arrival=0.000 to_b=4.900
---
tick=39615 sim_t=3961.500
  V0 mode=ACTIVE phase=TO_A1 gen=105 task=52 slot=13->-1 s=0.544 speed=0.142 action=NOMINAL requested=NOMINAL blocker=-1 wait=0.000 reason=clear
  V1 mode=DWELL phase=PICKUP_DWELL gen=99 task=49 slot=30->-1 s=3.524 speed=0.000 action=STOP requested=STOP blocker=-1 wait=0.000 reason=not_active
  departure_cluster=V0/V1 owner=V1 owner_gen=100 other=V0 other_gen=105 active=1 intervals=1 stop_boundary=2.600 stop_s=2.500 release=1.175/3.525
  future_a1=owner=V1 gen=99 arrival=0.000 to_b=4.900
---
tick=39616 sim_t=3961.600
  V0 mode=ACTIVE phase=TO_A1 gen=105 task=52 slot=13->-1 s=0.558 speed=0.142 action=NOMINAL requested=NOMINAL blocker=-1 wait=0.000 reason=clear
  V1 mode=DWELL phase=PICKUP_DWELL gen=99 task=49 slot=30->-1 s=3.524 speed=0.000 action=STOP requested=STOP blocker=-1 wait=0.000 reason=not_active
  departure_cluster=V0/V1 owner=V1 owner_gen=100 other=V0 other_gen=105 active=1 intervals=1 stop_boundary=2.600 stop_s=2.500 release=1.175/3.525
  future_a1=owner=V1 gen=99 arrival=0.000 to_b=4.900
---
tick=39617 sim_t=3961.700
  V0 mode=ACTIVE phase=TO_A1 gen=105 task=52 slot=13->-1 s=0.572 speed=0.142 action=NOMINAL requested=NOMINAL blocker=-1 wait=0.000 reason=clear
  V1 mode=DWELL phase=PICKUP_DWELL gen=99 task=49 slot=30->-1 s=3.524 speed=0.000 action=STOP requested=STOP blocker=-1 wait=0.000 reason=not_active
  departure_cluster=V0/V1 owner=V1 owner_gen=100 other=V0 other_gen=105 active=1 intervals=1 stop_boundary=2.600 stop_s=2.500 release=1.175/3.525
  future_a1=owner=V1 gen=99 arrival=0.000 to_b=4.900
---
tick=39618 sim_t=3961.800
  V0 mode=ACTIVE phase=TO_A1 gen=105 task=52 slot=13->-1 s=0.586 speed=0.142 action=NOMINAL requested=NOMINAL blocker=-1 wait=0.000 reason=clear
  V1 mode=DWELL phase=PICKUP_DWELL gen=99 task=49 slot=30->-1 s=3.524 speed=0.000 action=STOP requested=STOP blocker=-1 wait=0.000 reason=not_active
  departure_cluster=V0/V1 owner=V1 owner_gen=100 other=V0 other_gen=105 active=1 intervals=1 stop_boundary=2.600 stop_s=2.500 release=1.175/3.525
  future_a1=owner=V1 gen=99 arrival=0.000 to_b=4.900
---
tick=39619 sim_t=3961.900
  V0 mode=ACTIVE phase=TO_A1 gen=105 task=52 slot=13->-1 s=0.601 speed=0.142 action=NOMINAL requested=NOMINAL blocker=-1 wait=0.000 reason=clear
  V1 mode=DWELL phase=PICKUP_DWELL gen=99 task=49 slot=30->-1 s=3.524 speed=0.000 action=STOP requested=STOP blocker=-1 wait=0.000 reason=not_active
  departure_cluster=V0/V1 owner=V1 owner_gen=100 other=V0 other_gen=105 active=1 intervals=1 stop_boundary=2.600 stop_s=2.500 release=1.175/3.525
  future_a1=owner=V1 gen=99 arrival=0.000 to_b=4.900
---
tick=39620 sim_t=3962.000
  V0 mode=ACTIVE phase=TO_A1 gen=105 task=52 slot=13->-1 s=0.615 speed=0.142 action=NOMINAL requested=NOMINAL blocker=-1 wait=0.000 reason=clear
  V1 mode=DWELL phase=PICKUP_DWELL gen=99 task=49 slot=30->-1 s=3.524 speed=0.000 action=STOP requested=STOP blocker=-1 wait=0.000 reason=not_active
  departure_cluster=V0/V1 owner=V1 owner_gen=100 other=V0 other_gen=105 active=1 intervals=1 stop_boundary=2.600 stop_s=2.500 release=1.175/3.525
  future_a1=owner=V1 gen=99 arrival=0.000 to_b=4.900
---
tick=39621 sim_t=3962.100
  V0 mode=ACTIVE phase=TO_A1 gen=105 task=52 slot=13->-1 s=0.629 speed=0.142 action=NOMINAL requested=NOMINAL blocker=-1 wait=0.000 reason=clear
  V1 mode=DWELL phase=PICKUP_DWELL gen=99 task=49 slot=30->-1 s=3.524 speed=0.000 action=STOP requested=STOP blocker=-1 wait=0.000 reason=not_active
  departure_cluster=V0/V1 owner=V1 owner_gen=100 other=V0 other_gen=105 active=1 intervals=1 stop_boundary=2.600 stop_s=2.500 release=1.175/3.525
  future_a1=owner=V1 gen=99 arrival=0.000 to_b=4.900
---
tick=39622 sim_t=3962.200
  V0 mode=ACTIVE phase=TO_A1 gen=105 task=52 slot=13->-1 s=0.643 speed=0.142 action=NOMINAL requested=NOMINAL blocker=-1 wait=0.000 reason=clear
  V1 mode=DWELL phase=PICKUP_DWELL gen=99 task=49 slot=30->-1 s=3.524 speed=0.000 action=STOP requested=STOP blocker=-1 wait=0.000 reason=not_active
  departure_cluster=V0/V1 owner=V1 owner_gen=100 other=V0 other_gen=105 active=1 intervals=1 stop_boundary=2.600 stop_s=2.500 release=1.175/3.525
  future_a1=owner=V1 gen=99 arrival=0.000 to_b=4.900
---
tick=39623 sim_t=3962.300
  V0 mode=ACTIVE phase=TO_A1 gen=105 task=52 slot=13->-1 s=0.658 speed=0.144 action=NOMINAL requested=NOMINAL blocker=-1 wait=0.000 reason=clear
  V1 mode=DWELL phase=PICKUP_DWELL gen=99 task=49 slot=30->-1 s=3.524 speed=0.000 action=STOP requested=STOP blocker=-1 wait=0.000 reason=not_active
  departure_cluster=V0/V1 owner=V1 owner_gen=100 other=V0 other_gen=105 active=1 intervals=1 stop_boundary=2.600 stop_s=2.500 release=1.175/3.525
  future_a1=owner=V1 gen=99 arrival=0.000 to_b=4.900
---
tick=39624 sim_t=3962.400
  V0 mode=ACTIVE phase=TO_A1 gen=105 task=52 slot=13->-1 s=0.673 speed=0.150 action=NOMINAL requested=NOMINAL blocker=-1 wait=0.000 reason=clear
  V1 mode=DWELL phase=PICKUP_DWELL gen=99 task=49 slot=30->-1 s=3.524 speed=0.000 action=STOP requested=STOP blocker=-1 wait=0.000 reason=not_active
  departure_cluster=V0/V1 owner=V1 owner_gen=100 other=V0 other_gen=105 active=1 intervals=1 stop_boundary=2.600 stop_s=2.500 release=1.175/3.525
  future_a1=owner=V1 gen=99 arrival=0.000 to_b=4.900
---
tick=39625 sim_t=3962.500
  V0 mode=ACTIVE phase=TO_A1 gen=105 task=52 slot=13->-1 s=0.687 speed=0.145 action=NOMINAL requested=NOMINAL blocker=-1 wait=0.000 reason=clear
  V1 mode=DWELL phase=PICKUP_DWELL gen=99 task=49 slot=30->-1 s=3.524 speed=0.000 action=STOP requested=STOP blocker=-1 wait=0.000 reason=not_active
  departure_cluster=V0/V1 owner=V1 owner_gen=100 other=V0 other_gen=105 active=1 intervals=1 stop_boundary=2.600 stop_s=2.500 release=1.175/3.525
  future_a1=owner=V1 gen=99 arrival=0.000 to_b=4.900
---
tick=39626 sim_t=3962.600
  V0 mode=ACTIVE phase=TO_A1 gen=105 task=52 slot=13->-1 s=0.700 speed=0.131 action=NOMINAL requested=NOMINAL blocker=-1 wait=0.000 reason=clear
  V1 mode=DWELL phase=PICKUP_DWELL gen=99 task=49 slot=30->-1 s=3.524 speed=0.000 action=STOP requested=STOP blocker=-1 wait=0.000 reason=not_active
  departure_cluster=V0/V1 owner=V1 owner_gen=100 other=V0 other_gen=105 active=1 intervals=1 stop_boundary=2.600 stop_s=2.500 release=1.175/3.525
  future_a1=owner=V1 gen=99 arrival=0.000 to_b=2.900
---
tick=39627 sim_t=3962.700
  V0 mode=ACTIVE phase=TO_A1 gen=105 task=52 slot=13->-1 s=0.710 speed=0.101 action=NOMINAL requested=NOMINAL blocker=-1 wait=0.000 reason=clear
  V1 mode=DWELL phase=PICKUP_DWELL gen=99 task=49 slot=30->-1 s=3.524 speed=0.000 action=STOP requested=STOP blocker=-1 wait=0.000 reason=not_active
  departure_cluster=V0/V1 owner=V1 owner_gen=100 other=V0 other_gen=105 active=1 intervals=1 stop_boundary=2.600 stop_s=2.500 release=1.175/3.525
  future_a1=owner=V1 gen=99 arrival=0.000 to_b=2.900
---
tick=39628 sim_t=3962.800
  V0 mode=ACTIVE phase=TO_A1 gen=105 task=52 slot=13->-1 s=0.721 speed=0.110 action=NOMINAL requested=NOMINAL blocker=-1 wait=0.000 reason=clear
  V1 mode=DWELL phase=PICKUP_DWELL gen=99 task=49 slot=30->-1 s=3.524 speed=0.000 action=STOP requested=STOP blocker=-1 wait=0.000 reason=not_active
  departure_cluster=V0/V1 owner=V1 owner_gen=100 other=V0 other_gen=105 active=1 intervals=1 stop_boundary=2.600 stop_s=2.500 release=1.175/3.525
  future_a1=owner=V1 gen=99 arrival=0.000 to_b=2.900
---
tick=39629 sim_t=3962.900
  V0 mode=ACTIVE phase=TO_A1 gen=105 task=52 slot=13->-1 s=0.734 speed=0.130 action=NOMINAL requested=NOMINAL blocker=-1 wait=0.000 reason=clear
  V1 mode=DWELL phase=PICKUP_DWELL gen=99 task=49 slot=30->-1 s=3.524 speed=0.000 action=STOP requested=STOP blocker=-1 wait=0.000 reason=not_active
  departure_cluster=V0/V1 owner=V1 owner_gen=100 other=V0 other_gen=105 active=1 intervals=1 stop_boundary=2.600 stop_s=2.500 release=1.175/3.525
  future_a1=owner=V1 gen=99 arrival=0.000 to_b=2.900
---
tick=39630 sim_t=3963.000
  V0 mode=ACTIVE phase=TO_A1 gen=105 task=52 slot=13->-1 s=0.749 speed=0.150 action=NOMINAL requested=NOMINAL blocker=-1 wait=0.000 reason=clear
  V1 mode=DWELL phase=PICKUP_DWELL gen=99 task=49 slot=30->-1 s=3.524 speed=0.000 action=STOP requested=STOP blocker=-1 wait=0.000 reason=not_active
  departure_cluster=V0/V1 owner=V1 owner_gen=100 other=V0 other_gen=105 active=1 intervals=1 stop_boundary=2.600 stop_s=2.500 release=1.175/3.525
  future_a1=owner=V1 gen=99 arrival=0.000 to_b=2.900
---
tick=39631 sim_t=3963.100
  V0 mode=ACTIVE phase=TO_A1 gen=105 task=52 slot=13->-1 s=0.766 speed=0.170 action=NOMINAL requested=NOMINAL blocker=-1 wait=0.000 reason=clear
  V1 mode=DWELL phase=PICKUP_DWELL gen=99 task=49 slot=30->-1 s=3.524 speed=0.000 action=STOP requested=STOP blocker=-1 wait=0.000 reason=not_active
  departure_cluster=V0/V1 owner=V1 owner_gen=100 other=V0 other_gen=105 active=1 intervals=1 stop_boundary=2.600 stop_s=2.500 release=1.175/3.525
  future_a1=owner=V1 gen=99 arrival=0.000 to_b=2.900
---
tick=39632 sim_t=3963.200
  V0 mode=ACTIVE phase=TO_A1 gen=105 task=52 slot=13->-1 s=0.785 speed=0.190 action=NOMINAL requested=NOMINAL blocker=-1 wait=0.000 reason=clear
  V1 mode=DWELL phase=PICKUP_DWELL gen=99 task=49 slot=30->-1 s=3.524 speed=0.000 action=STOP requested=STOP blocker=-1 wait=0.000 reason=not_active
  departure_cluster=V0/V1 owner=V1 owner_gen=100 other=V0 other_gen=105 active=1 intervals=1 stop_boundary=2.600 stop_s=2.500 release=1.175/3.525
  future_a1=owner=V1 gen=99 arrival=0.000 to_b=2.900
---
tick=39633 sim_t=3963.300
  V0 mode=ACTIVE phase=TO_A1 gen=105 task=52 slot=13->-1 s=0.801 speed=0.160 action=YIELD requested=YIELD blocker=1 wait=0.100 reason=a1_stop_ttc_YIELD_V1
  V1 mode=DWELL phase=PICKUP_DWELL gen=99 task=49 slot=30->-1 s=3.524 speed=0.000 action=STOP requested=STOP blocker=-1 wait=0.000 reason=not_active
  departure_cluster=V0/V1 owner=V1 owner_gen=100 other=V0 other_gen=105 active=1 intervals=1 stop_boundary=2.600 stop_s=2.500 release=1.175/3.525
  future_a1=owner=V1 gen=99 arrival=0.000 to_b=2.900
---
tick=39634 sim_t=3963.400
  V0 mode=ACTIVE phase=TO_A1 gen=105 task=52 slot=13->-1 s=0.814 speed=0.130 action=YIELD requested=YIELD blocker=1 wait=0.200 reason=a1_stop_ttc_YIELD_V1
  V1 mode=DWELL phase=PICKUP_DWELL gen=99 task=49 slot=30->-1 s=3.524 speed=0.000 action=STOP requested=STOP blocker=-1 wait=0.000 reason=not_active
  departure_cluster=V0/V1 owner=V1 owner_gen=100 other=V0 other_gen=105 active=1 intervals=1 stop_boundary=2.600 stop_s=2.500 release=1.175/3.525
  future_a1=owner=V1 gen=99 arrival=0.000 to_b=2.900
---
tick=39635 sim_t=3963.500
  V0 mode=ACTIVE phase=TO_A1 gen=105 task=52 slot=13->-1 s=0.824 speed=0.100 action=YIELD requested=YIELD blocker=1 wait=0.300 reason=a1_stop_ttc_YIELD_V1
  V1 mode=DWELL phase=PICKUP_DWELL gen=99 task=49 slot=30->-1 s=3.524 speed=0.000 action=STOP requested=STOP blocker=-1 wait=0.000 reason=not_active
  departure_cluster=V0/V1 owner=V1 owner_gen=100 other=V0 other_gen=105 active=1 intervals=1 stop_boundary=2.600 stop_s=2.500 release=1.175/3.525
  future_a1=owner=V1 gen=99 arrival=0.000 to_b=2.900
---
tick=39636 sim_t=3963.600
  V0 mode=ACTIVE phase=TO_A1 gen=105 task=52 slot=13->-1 s=0.834 speed=0.100 action=YIELD requested=YIELD blocker=1 wait=0.400 reason=a1_stop_ttc_YIELD_V1
  V1 mode=DWELL phase=PICKUP_DWELL gen=99 task=49 slot=30->-1 s=3.524 speed=0.000 action=STOP requested=STOP blocker=-1 wait=0.000 reason=not_active
  departure_cluster=V0/V1 owner=V1 owner_gen=100 other=V0 other_gen=105 active=1 intervals=1 stop_boundary=2.600 stop_s=2.500 release=1.175/3.525
  future_a1=owner=V1 gen=99 arrival=0.000 to_b=2.900
---
tick=39637 sim_t=3963.700
  V0 mode=ACTIVE phase=TO_A1 gen=105 task=52 slot=13->-1 s=0.844 speed=0.100 action=YIELD requested=YIELD blocker=1 wait=0.500 reason=a1_stop_ttc_YIELD_V1
  V1 mode=DWELL phase=PICKUP_DWELL gen=99 task=49 slot=30->-1 s=3.524 speed=0.000 action=STOP requested=STOP blocker=-1 wait=0.000 reason=not_active
  departure_cluster=V0/V1 owner=V1 owner_gen=100 other=V0 other_gen=105 active=1 intervals=1 stop_boundary=2.600 stop_s=2.500 release=1.175/3.525
  future_a1=owner=V1 gen=99 arrival=0.000 to_b=2.900
---
tick=39638 sim_t=3963.800
  V0 mode=ACTIVE phase=TO_A1 gen=105 task=52 slot=13->-1 s=0.854 speed=0.100 action=YIELD requested=YIELD blocker=1 wait=0.600 reason=a1_stop_ttc_YIELD_V1
  V1 mode=DWELL phase=PICKUP_DWELL gen=99 task=49 slot=30->-1 s=3.524 speed=0.000 action=STOP requested=STOP blocker=-1 wait=0.000 reason=not_active
  departure_cluster=V0/V1 owner=V1 owner_gen=100 other=V0 other_gen=105 active=1 intervals=1 stop_boundary=2.600 stop_s=2.500 release=1.175/3.525
  future_a1=owner=V1 gen=99 arrival=0.000 to_b=2.900
---
tick=39639 sim_t=3963.900
  V0 mode=ACTIVE phase=TO_A1 gen=105 task=52 slot=13->-1 s=0.864 speed=0.100 action=YIELD requested=YIELD blocker=1 wait=0.700 reason=a1_stop_ttc_YIELD_V1
  V1 mode=DWELL phase=PICKUP_DWELL gen=99 task=49 slot=30->-1 s=3.524 speed=0.000 action=STOP requested=STOP blocker=-1 wait=0.000 reason=not_active
  departure_cluster=V0/V1 owner=V1 owner_gen=100 other=V0 other_gen=105 active=1 intervals=1 stop_boundary=2.600 stop_s=2.500 release=1.175/3.525
  future_a1=owner=V1 gen=99 arrival=0.000 to_b=2.900
---
tick=39640 sim_t=3964.000
  V0 mode=ACTIVE phase=TO_A1 gen=105 task=52 slot=13->-1 s=0.874 speed=0.100 action=YIELD requested=YIELD blocker=1 wait=0.800 reason=a1_stop_ttc_YIELD_V1
  V1 mode=DWELL phase=PICKUP_DWELL gen=99 task=49 slot=30->-1 s=3.524 speed=0.000 action=STOP requested=STOP blocker=-1 wait=0.000 reason=not_active
  departure_cluster=V0/V1 owner=V1 owner_gen=100 other=V0 other_gen=105 active=1 intervals=1 stop_boundary=2.600 stop_s=2.500 release=1.175/3.525
  future_a1=owner=V1 gen=99 arrival=0.000 to_b=2.900
---
tick=39641 sim_t=3964.100
  V0 mode=ACTIVE phase=TO_A1 gen=105 task=52 slot=13->-1 s=0.884 speed=0.100 action=YIELD requested=YIELD blocker=1 wait=0.900 reason=a1_stop_ttc_YIELD_V1
  V1 mode=DWELL phase=PICKUP_DWELL gen=99 task=49 slot=30->-1 s=3.524 speed=0.000 action=STOP requested=STOP blocker=-1 wait=0.000 reason=not_active
  departure_cluster=V0/V1 owner=V1 owner_gen=100 other=V0 other_gen=105 active=1 intervals=1 stop_boundary=2.600 stop_s=2.500 release=1.175/3.525
  future_a1=owner=V1 gen=99 arrival=0.000 to_b=2.900
---
tick=39642 sim_t=3964.200
  V0 mode=ACTIVE phase=TO_A1 gen=105 task=52 slot=13->-1 s=0.894 speed=0.100 action=YIELD requested=YIELD blocker=1 wait=1.000 reason=a1_stop_ttc_YIELD_V1
  V1 mode=DWELL phase=PICKUP_DWELL gen=99 task=49 slot=30->-1 s=3.524 speed=0.000 action=STOP requested=STOP blocker=-1 wait=0.000 reason=not_active
  departure_cluster=V0/V1 owner=V1 owner_gen=100 other=V0 other_gen=105 active=1 intervals=1 stop_boundary=2.600 stop_s=2.500 release=1.175/3.525
  future_a1=owner=V1 gen=99 arrival=0.000 to_b=2.900
---
tick=39643 sim_t=3964.300
  V0 mode=ACTIVE phase=TO_A1 gen=105 task=52 slot=13->-1 s=0.904 speed=0.100 action=YIELD requested=YIELD blocker=1 wait=1.100 reason=a1_stop_ttc_YIELD_V1
  V1 mode=DWELL phase=PICKUP_DWELL gen=99 task=49 slot=30->-1 s=3.524 speed=0.000 action=STOP requested=STOP blocker=-1 wait=0.000 reason=not_active
  departure_cluster=V0/V1 owner=V1 owner_gen=100 other=V0 other_gen=105 active=1 intervals=1 stop_boundary=2.600 stop_s=2.500 release=1.175/3.525
  future_a1=owner=V1 gen=99 arrival=0.000 to_b=2.900
---
tick=39644 sim_t=3964.400
  V0 mode=ACTIVE phase=TO_A1 gen=105 task=52 slot=13->-1 s=0.914 speed=0.100 action=YIELD requested=YIELD blocker=1 wait=1.200 reason=a1_stop_ttc_YIELD_V1
  V1 mode=DWELL phase=PICKUP_DWELL gen=99 task=49 slot=30->-1 s=3.524 speed=0.000 action=STOP requested=STOP blocker=-1 wait=0.000 reason=not_active
  departure_cluster=V0/V1 owner=V1 owner_gen=100 other=V0 other_gen=105 active=1 intervals=1 stop_boundary=2.600 stop_s=2.500 release=1.175/3.525
  future_a1=owner=V1 gen=99 arrival=0.000 to_b=2.900
---
tick=39645 sim_t=3964.500
  V0 mode=ACTIVE phase=TO_A1 gen=105 task=52 slot=13->-1 s=0.924 speed=0.100 action=YIELD requested=YIELD blocker=1 wait=1.300 reason=a1_stop_ttc_YIELD_V1
  V1 mode=DWELL phase=PICKUP_DWELL gen=99 task=49 slot=30->-1 s=3.524 speed=0.000 action=STOP requested=STOP blocker=-1 wait=0.000 reason=not_active
  departure_cluster=V0/V1 owner=V1 owner_gen=100 other=V0 other_gen=105 active=1 intervals=1 stop_boundary=2.600 stop_s=2.500 release=1.175/3.525
  future_a1=owner=V1 gen=99 arrival=0.000 to_b=2.900
---
tick=39646 sim_t=3964.600
  V0 mode=ACTIVE phase=TO_A1 gen=105 task=52 slot=13->-1 s=0.934 speed=0.100 action=YIELD requested=YIELD blocker=1 wait=1.400 reason=a1_stop_ttc_YIELD_V1
  V1 mode=DWELL phase=PICKUP_DWELL gen=99 task=49 slot=30->-1 s=3.524 speed=0.000 action=STOP requested=STOP blocker=-1 wait=0.000 reason=not_active
  departure_cluster=V0/V1 owner=V1 owner_gen=100 other=V0 other_gen=105 active=1 intervals=1 stop_boundary=2.600 stop_s=2.500 release=1.175/3.525
  future_a1=owner=V1 gen=99 arrival=0.000 to_b=0.900
---
tick=39647 sim_t=3964.700
  V0 mode=ACTIVE phase=TO_A1 gen=105 task=52 slot=13->-1 s=0.944 speed=0.100 action=YIELD requested=YIELD blocker=1 wait=1.500 reason=a1_stop_ttc_YIELD_V1
  V1 mode=DWELL phase=PICKUP_DWELL gen=99 task=49 slot=30->-1 s=3.524 speed=0.000 action=STOP requested=STOP blocker=-1 wait=0.000 reason=not_active
  departure_cluster=V0/V1 owner=V1 owner_gen=100 other=V0 other_gen=105 active=1 intervals=1 stop_boundary=2.600 stop_s=2.500 release=1.175/3.525
  future_a1=owner=V1 gen=99 arrival=0.000 to_b=0.900
---
tick=39648 sim_t=3964.800
  V0 mode=ACTIVE phase=TO_A1 gen=105 task=52 slot=13->-1 s=0.954 speed=0.100 action=YIELD requested=YIELD blocker=1 wait=1.600 reason=a1_stop_ttc_YIELD_V1
  V1 mode=DWELL phase=PICKUP_DWELL gen=99 task=49 slot=30->-1 s=3.524 speed=0.000 action=STOP requested=STOP blocker=-1 wait=0.000 reason=not_active
  departure_cluster=V0/V1 owner=V1 owner_gen=100 other=V0 other_gen=105 active=1 intervals=1 stop_boundary=2.600 stop_s=2.500 release=1.175/3.525
  future_a1=owner=V1 gen=99 arrival=0.000 to_b=0.900
---
tick=39649 sim_t=3964.900
  V0 mode=ACTIVE phase=TO_A1 gen=105 task=52 slot=13->-1 s=0.964 speed=0.100 action=YIELD requested=YIELD blocker=1 wait=1.700 reason=a1_stop_ttc_YIELD_V1
  V1 mode=DWELL phase=PICKUP_DWELL gen=99 task=49 slot=30->-1 s=3.524 speed=0.000 action=STOP requested=STOP blocker=-1 wait=0.000 reason=not_active
  departure_cluster=V0/V1 owner=V1 owner_gen=100 other=V0 other_gen=105 active=1 intervals=1 stop_boundary=2.600 stop_s=2.500 release=1.175/3.525
  future_a1=owner=V1 gen=99 arrival=0.000 to_b=0.900
---
tick=39650 sim_t=3965.000
  V0 mode=ACTIVE phase=TO_A1 gen=105 task=52 slot=13->-1 s=0.974 speed=0.100 action=YIELD requested=YIELD blocker=1 wait=1.800 reason=a1_stop_ttc_YIELD_V1
  V1 mode=DWELL phase=PICKUP_DWELL gen=99 task=49 slot=30->-1 s=3.524 speed=0.000 action=STOP requested=STOP blocker=-1 wait=0.000 reason=not_active
  departure_cluster=V0/V1 owner=V1 owner_gen=100 other=V0 other_gen=105 active=1 intervals=1 stop_boundary=2.600 stop_s=2.500 release=1.175/3.525
  future_a1=owner=V1 gen=99 arrival=0.000 to_b=0.900
---
tick=39651 sim_t=3965.100
  V0 mode=ACTIVE phase=TO_A1 gen=105 task=52 slot=13->-1 s=0.984 speed=0.100 action=YIELD requested=YIELD blocker=1 wait=1.900 reason=a1_stop_ttc_YIELD_V1
  V1 mode=DWELL phase=PICKUP_DWELL gen=99 task=49 slot=30->-1 s=3.524 speed=0.000 action=STOP requested=STOP blocker=-1 wait=0.000 reason=not_active
  departure_cluster=V0/V1 owner=V1 owner_gen=100 other=V0 other_gen=105 active=1 intervals=1 stop_boundary=2.600 stop_s=2.500 release=1.175/3.525
  future_a1=owner=V1 gen=99 arrival=0.000 to_b=0.900
---
tick=39652 sim_t=3965.200
  V0 mode=ACTIVE phase=TO_A1 gen=105 task=52 slot=13->-1 s=0.994 speed=0.100 action=YIELD requested=YIELD blocker=1 wait=2.000 reason=a1_stop_ttc_YIELD_V1
  V1 mode=DWELL phase=PICKUP_DWELL gen=99 task=49 slot=30->-1 s=3.524 speed=0.000 action=STOP requested=STOP blocker=-1 wait=0.000 reason=not_active
  departure_cluster=V0/V1 owner=V1 owner_gen=100 other=V0 other_gen=105 active=1 intervals=1 stop_boundary=2.600 stop_s=2.500 release=1.175/3.525
  future_a1=owner=V1 gen=99 arrival=0.000 to_b=0.900
---
tick=39653 sim_t=3965.300
  V0 mode=ACTIVE phase=TO_A1 gen=105 task=52 slot=13->-1 s=1.004 speed=0.100 action=YIELD requested=YIELD blocker=1 wait=2.100 reason=a1_stop_ttc_YIELD_V1
  V1 mode=DWELL phase=PICKUP_DWELL gen=99 task=49 slot=30->-1 s=3.524 speed=0.000 action=STOP requested=STOP blocker=-1 wait=0.000 reason=not_active
  departure_cluster=V0/V1 owner=V1 owner_gen=100 other=V0 other_gen=105 active=1 intervals=1 stop_boundary=2.600 stop_s=2.500 release=1.175/3.525
  future_a1=owner=V1 gen=99 arrival=0.000 to_b=0.900
---
tick=39654 sim_t=3965.400
  V0 mode=ACTIVE phase=TO_A1 gen=105 task=52 slot=13->-1 s=1.014 speed=0.100 action=YIELD requested=YIELD blocker=1 wait=2.200 reason=a1_stop_ttc_YIELD_V1
  V1 mode=DWELL phase=PICKUP_DWELL gen=99 task=49 slot=30->-1 s=3.524 speed=0.000 action=STOP requested=STOP blocker=-1 wait=0.000 reason=not_active
  departure_cluster=V0/V1 owner=V1 owner_gen=100 other=V0 other_gen=105 active=1 intervals=1 stop_boundary=2.600 stop_s=2.500 release=1.175/3.525
  future_a1=owner=V1 gen=99 arrival=0.000 to_b=0.900
---
tick=39655 sim_t=3965.500
  V0 mode=ACTIVE phase=TO_A1 gen=105 task=52 slot=13->-1 s=1.024 speed=0.100 action=YIELD requested=YIELD blocker=1 wait=2.300 reason=a1_stop_ttc_YIELD_V1
  V1 mode=ACTIVE phase=TO_B gen=100 task=49 slot=30->28 s=0.002 speed=0.020 action=NOMINAL requested=NOMINAL blocker=-1 wait=0.000 reason=clear
  departure_cluster=V0/V1 owner=V1 owner_gen=100 other=V0 other_gen=105 active=1 intervals=1 stop_boundary=2.600 stop_s=2.500 release=1.175/3.525
  future_a1=owner=V1 gen=100 arrival=0.000 to_b=0.000
  zone=POTENTIAL pair=V0/V1 raw=0 active=0 a=[0.200,1.150] b=[2.850,3.350] holder=-1 waiter=-1
  zone=POTENTIAL pair=V0/V1 raw=1 active=1 a=[2.600,3.525] b=[0.000,1.175] holder=-1 waiter=-1
---
tick=39656 sim_t=3965.600
  V0 mode=ACTIVE phase=TO_A1 gen=105 task=52 slot=13->-1 s=1.034 speed=0.100 action=YIELD requested=YIELD blocker=1 wait=2.400 reason=a1_stop_ttc_YIELD_V1
  V1 mode=ACTIVE phase=TO_B gen=100 task=49 slot=30->28 s=0.006 speed=0.040 action=NOMINAL requested=NOMINAL blocker=-1 wait=0.000 reason=clear
  departure_cluster=V0/V1 owner=V1 owner_gen=100 other=V0 other_gen=105 active=1 intervals=1 stop_boundary=2.600 stop_s=2.500 release=1.175/3.525
  future_a1=owner=V1 gen=100 arrival=0.000 to_b=0.000
---
tick=39657 sim_t=3965.700
  V0 mode=ACTIVE phase=TO_A1 gen=105 task=52 slot=13->-1 s=1.044 speed=0.100 action=YIELD requested=YIELD blocker=1 wait=2.500 reason=a1_stop_ttc_YIELD_V1
  V1 mode=ACTIVE phase=TO_B gen=100 task=49 slot=30->28 s=0.012 speed=0.060 action=NOMINAL requested=NOMINAL blocker=-1 wait=0.000 reason=clear
  departure_cluster=V0/V1 owner=V1 owner_gen=100 other=V0 other_gen=105 active=1 intervals=1 stop_boundary=2.600 stop_s=2.500 release=1.175/3.525
  future_a1=owner=V1 gen=100 arrival=0.000 to_b=0.000
---
tick=39658 sim_t=3965.800
  V0 mode=ACTIVE phase=TO_A1 gen=105 task=52 slot=13->-1 s=1.054 speed=0.100 action=YIELD requested=YIELD blocker=1 wait=2.600 reason=a1_stop_ttc_YIELD_V1
  V1 mode=ACTIVE phase=TO_B gen=100 task=49 slot=30->28 s=0.020 speed=0.080 action=NOMINAL requested=NOMINAL blocker=-1 wait=0.000 reason=clear
  departure_cluster=V0/V1 owner=V1 owner_gen=100 other=V0 other_gen=105 active=1 intervals=1 stop_boundary=2.600 stop_s=2.500 release=1.175/3.525
  future_a1=owner=V1 gen=100 arrival=0.000 to_b=0.000
---
tick=39659 sim_t=3965.900
  V0 mode=ACTIVE phase=TO_A1 gen=105 task=52 slot=13->-1 s=1.064 speed=0.100 action=YIELD requested=YIELD blocker=1 wait=2.700 reason=a1_stop_ttc_YIELD_V1
  V1 mode=ACTIVE phase=TO_B gen=100 task=49 slot=30->28 s=0.030 speed=0.100 action=NOMINAL requested=NOMINAL blocker=-1 wait=0.000 reason=clear
  departure_cluster=V0/V1 owner=V1 owner_gen=100 other=V0 other_gen=105 active=1 intervals=1 stop_boundary=2.600 stop_s=2.500 release=1.175/3.525
  future_a1=owner=V1 gen=100 arrival=0.000 to_b=0.000
---
tick=39660 sim_t=3966.000
  V0 mode=ACTIVE phase=TO_A1 gen=105 task=52 slot=13->-1 s=1.074 speed=0.100 action=YIELD requested=YIELD blocker=1 wait=2.800 reason=a1_stop_ttc_YIELD_V1
  V1 mode=ACTIVE phase=TO_B gen=100 task=49 slot=30->28 s=0.042 speed=0.120 action=NOMINAL requested=NOMINAL blocker=-1 wait=0.000 reason=clear
  departure_cluster=V0/V1 owner=V1 owner_gen=100 other=V0 other_gen=105 active=1 intervals=1 stop_boundary=2.600 stop_s=2.500 release=1.175/3.525
  future_a1=owner=V1 gen=100 arrival=0.000 to_b=0.000
---
tick=39661 sim_t=3966.100
  V0 mode=ACTIVE phase=TO_A1 gen=105 task=52 slot=13->-1 s=1.084 speed=0.100 action=YIELD requested=YIELD blocker=1 wait=2.900 reason=a1_stop_ttc_YIELD_V1
  V1 mode=ACTIVE phase=TO_B gen=100 task=49 slot=30->28 s=0.056 speed=0.140 action=NOMINAL requested=NOMINAL blocker=-1 wait=0.000 reason=clear
  departure_cluster=V0/V1 owner=V1 owner_gen=100 other=V0 other_gen=105 active=1 intervals=1 stop_boundary=2.600 stop_s=2.500 release=1.175/3.525
  future_a1=owner=V1 gen=100 arrival=0.000 to_b=0.000
---
tick=39662 sim_t=3966.200
  V0 mode=ACTIVE phase=TO_A1 gen=105 task=52 slot=13->-1 s=1.094 speed=0.100 action=YIELD requested=YIELD blocker=1 wait=3.000 reason=a1_stop_ttc_YIELD_V1
  V1 mode=ACTIVE phase=TO_B gen=100 task=49 slot=30->28 s=0.072 speed=0.160 action=NOMINAL requested=NOMINAL blocker=-1 wait=0.000 reason=clear
  departure_cluster=V0/V1 owner=V1 owner_gen=100 other=V0 other_gen=105 active=1 intervals=1 stop_boundary=2.600 stop_s=2.500 release=1.175/3.525
  future_a1=owner=V1 gen=100 arrival=0.000 to_b=0.000
---
tick=39663 sim_t=3966.300
  V0 mode=ACTIVE phase=TO_A1 gen=105 task=52 slot=13->-1 s=1.104 speed=0.100 action=YIELD requested=YIELD blocker=1 wait=3.100 reason=a1_stop_ttc_YIELD_V1
  V1 mode=ACTIVE phase=TO_B gen=100 task=49 slot=30->28 s=0.090 speed=0.180 action=NOMINAL requested=NOMINAL blocker=-1 wait=0.000 reason=clear
  departure_cluster=V0/V1 owner=V1 owner_gen=100 other=V0 other_gen=105 active=1 intervals=1 stop_boundary=2.600 stop_s=2.500 release=1.175/3.525
  future_a1=owner=V1 gen=100 arrival=0.000 to_b=0.000
---
tick=39664 sim_t=3966.400
  V0 mode=ACTIVE phase=TO_A1 gen=105 task=52 slot=13->-1 s=1.114 speed=0.100 action=YIELD requested=YIELD blocker=1 wait=3.200 reason=a1_stop_ttc_YIELD_V1
  V1 mode=ACTIVE phase=TO_B gen=100 task=49 slot=30->28 s=0.110 speed=0.200 action=NOMINAL requested=NOMINAL blocker=-1 wait=0.000 reason=clear
  departure_cluster=V0/V1 owner=V1 owner_gen=100 other=V0 other_gen=105 active=1 intervals=1 stop_boundary=2.600 stop_s=2.500 release=1.175/3.525
  future_a1=owner=V1 gen=100 arrival=0.000 to_b=0.000
---
tick=39665 sim_t=3966.500
  V0 mode=ACTIVE phase=TO_A1 gen=105 task=52 slot=13->-1 s=1.124 speed=0.100 action=YIELD requested=YIELD blocker=1 wait=3.300 reason=a1_stop_ttc_YIELD_V1
  V1 mode=ACTIVE phase=TO_B gen=100 task=49 slot=30->28 s=0.130 speed=0.200 action=NOMINAL requested=NOMINAL blocker=-1 wait=0.000 reason=clear
  departure_cluster=V0/V1 owner=V1 owner_gen=100 other=V0 other_gen=105 active=1 intervals=1 stop_boundary=2.600 stop_s=2.500 release=1.175/3.525
  future_a1=owner=V1 gen=100 arrival=0.000 to_b=0.000
---
tick=39666 sim_t=3966.600
  V0 mode=ACTIVE phase=TO_A1 gen=105 task=52 slot=13->-1 s=1.134 speed=0.100 action=YIELD requested=YIELD blocker=1 wait=3.400 reason=a1_stop_ttc_YIELD_V1
  V1 mode=ACTIVE phase=TO_B gen=100 task=49 slot=30->28 s=0.150 speed=0.200 action=NOMINAL requested=NOMINAL blocker=-1 wait=0.000 reason=clear
  departure_cluster=V0/V1 owner=V1 owner_gen=100 other=V0 other_gen=105 active=1 intervals=1 stop_boundary=2.600 stop_s=2.500 release=1.175/3.525
  future_a1=owner=V1 gen=100 arrival=0.000 to_b=0.000
---
tick=39667 sim_t=3966.700
  V0 mode=ACTIVE phase=TO_A1 gen=105 task=52 slot=13->-1 s=1.144 speed=0.100 action=YIELD requested=YIELD blocker=1 wait=3.500 reason=a1_stop_ttc_YIELD_V1
  V1 mode=ACTIVE phase=TO_B gen=100 task=49 slot=30->28 s=0.170 speed=0.200 action=NOMINAL requested=NOMINAL blocker=-1 wait=0.000 reason=clear
  departure_cluster=V0/V1 owner=V1 owner_gen=100 other=V0 other_gen=105 active=1 intervals=1 stop_boundary=2.600 stop_s=2.500 release=1.175/3.525
  future_a1=owner=V1 gen=100 arrival=0.000 to_b=0.000
---
tick=39668 sim_t=3966.800
  V0 mode=ACTIVE phase=TO_A1 gen=105 task=52 slot=13->-1 s=1.154 speed=0.100 action=YIELD requested=YIELD blocker=1 wait=3.600 reason=a1_stop_ttc_YIELD_V1
  V1 mode=ACTIVE phase=TO_B gen=100 task=49 slot=30->28 s=0.190 speed=0.200 action=NOMINAL requested=NOMINAL blocker=-1 wait=0.000 reason=clear
  departure_cluster=V0/V1 owner=V1 owner_gen=100 other=V0 other_gen=105 active=1 intervals=1 stop_boundary=2.600 stop_s=2.500 release=1.175/3.525
  future_a1=owner=V1 gen=100 arrival=0.000 to_b=0.000
---
tick=39669 sim_t=3966.900
  V0 mode=ACTIVE phase=TO_A1 gen=105 task=52 slot=13->-1 s=1.164 speed=0.100 action=YIELD requested=YIELD blocker=1 wait=3.700 reason=a1_stop_ttc_YIELD_V1
  V1 mode=ACTIVE phase=TO_B gen=100 task=49 slot=30->28 s=0.207 speed=0.170 action=NOMINAL requested=NOMINAL blocker=-1 wait=0.000 reason=clear
  departure_cluster=V0/V1 owner=V1 owner_gen=100 other=V0 other_gen=105 active=1 intervals=1 stop_boundary=2.600 stop_s=2.500 release=1.175/3.525
  future_a1=owner=V1 gen=100 arrival=0.000 to_b=0.000
---
tick=39670 sim_t=3967.000
  V0 mode=ACTIVE phase=TO_A1 gen=105 task=52 slot=13->-1 s=1.174 speed=0.100 action=YIELD requested=YIELD blocker=1 wait=3.800 reason=a1_stop_ttc_YIELD_V1
  V1 mode=ACTIVE phase=TO_B gen=100 task=49 slot=30->28 s=0.222 speed=0.146 action=NOMINAL requested=NOMINAL blocker=-1 wait=0.000 reason=clear
  departure_cluster=V0/V1 owner=V1 owner_gen=100 other=V0 other_gen=105 active=1 intervals=1 stop_boundary=2.600 stop_s=2.500 release=1.175/3.525
  future_a1=owner=V1 gen=100 arrival=0.000 to_b=0.000
---
tick=39671 sim_t=3967.100
  V0 mode=ACTIVE phase=TO_A1 gen=105 task=52 slot=13->-1 s=1.184 speed=0.100 action=YIELD requested=YIELD blocker=1 wait=3.900 reason=a1_stop_ttc_YIELD_V1
  V1 mode=ACTIVE phase=TO_B gen=100 task=49 slot=30->28 s=0.236 speed=0.142 action=NOMINAL requested=NOMINAL blocker=-1 wait=0.000 reason=clear
  departure_cluster=V0/V1 owner=V1 owner_gen=100 other=V0 other_gen=105 active=1 intervals=1 stop_boundary=2.600 stop_s=2.500 release=1.175/3.525
  future_a1=owner=V1 gen=100 arrival=0.000 to_b=0.000
---
tick=39672 sim_t=3967.200
  V0 mode=ACTIVE phase=TO_A1 gen=105 task=52 slot=13->-1 s=1.194 speed=0.100 action=YIELD requested=YIELD blocker=1 wait=4.000 reason=a1_stop_ttc_YIELD_V1
  V1 mode=ACTIVE phase=TO_B gen=100 task=49 slot=30->28 s=0.250 speed=0.142 action=NOMINAL requested=NOMINAL blocker=-1 wait=0.000 reason=clear
  departure_cluster=V0/V1 owner=V1 owner_gen=100 other=V0 other_gen=105 active=1 intervals=1 stop_boundary=2.600 stop_s=2.500 release=1.175/3.525
  future_a1=owner=V1 gen=100 arrival=0.000 to_b=0.000
---
tick=39673 sim_t=3967.300
  V0 mode=ACTIVE phase=TO_A1 gen=105 task=52 slot=13->-1 s=1.204 speed=0.100 action=YIELD requested=YIELD blocker=1 wait=4.100 reason=a1_stop_ttc_YIELD_V1
  V1 mode=ACTIVE phase=TO_B gen=100 task=49 slot=30->28 s=0.264 speed=0.142 action=NOMINAL requested=NOMINAL blocker=-1 wait=0.000 reason=clear
  departure_cluster=V0/V1 owner=V1 owner_gen=100 other=V0 other_gen=105 active=1 intervals=1 stop_boundary=2.600 stop_s=2.500 release=1.175/3.525
  future_a1=owner=V1 gen=100 arrival=0.000 to_b=0.000
---
tick=39674 sim_t=3967.400
  V0 mode=ACTIVE phase=TO_A1 gen=105 task=52 slot=13->-1 s=1.214 speed=0.100 action=YIELD requested=YIELD blocker=1 wait=4.200 reason=a1_stop_ttc_YIELD_V1
  V1 mode=ACTIVE phase=TO_B gen=100 task=49 slot=30->28 s=0.279 speed=0.142 action=NOMINAL requested=NOMINAL blocker=-1 wait=0.000 reason=clear
  departure_cluster=V0/V1 owner=V1 owner_gen=100 other=V0 other_gen=105 active=1 intervals=1 stop_boundary=2.600 stop_s=2.500 release=1.175/3.525
  future_a1=owner=V1 gen=100 arrival=0.000 to_b=0.000
---
tick=39675 sim_t=3967.500
  V0 mode=ACTIVE phase=TO_A1 gen=105 task=52 slot=13->-1 s=1.224 speed=0.100 action=YIELD requested=YIELD blocker=1 wait=4.300 reason=a1_stop_ttc_YIELD_V1
  V1 mode=ACTIVE phase=TO_B gen=100 task=49 slot=30->28 s=0.293 speed=0.142 action=NOMINAL requested=NOMINAL blocker=-1 wait=0.000 reason=clear
  departure_cluster=V0/V1 owner=V1 owner_gen=100 other=V0 other_gen=105 active=1 intervals=1 stop_boundary=2.600 stop_s=2.500 release=1.175/3.525
  future_a1=owner=V1 gen=100 arrival=0.000 to_b=0.000
---
tick=39676 sim_t=3967.600
  V0 mode=ACTIVE phase=TO_A1 gen=105 task=52 slot=13->-1 s=1.234 speed=0.100 action=YIELD requested=YIELD blocker=1 wait=4.400 reason=a1_stop_ttc_YIELD_V1
  V1 mode=ACTIVE phase=TO_B gen=100 task=49 slot=30->28 s=0.307 speed=0.142 action=NOMINAL requested=NOMINAL blocker=-1 wait=0.000 reason=clear
  departure_cluster=V0/V1 owner=V1 owner_gen=100 other=V0 other_gen=105 active=1 intervals=1 stop_boundary=2.600 stop_s=2.500 release=1.175/3.525
  future_a1=owner=V1 gen=100 arrival=0.000 to_b=0.000
---
tick=39677 sim_t=3967.700
  V0 mode=ACTIVE phase=TO_A1 gen=105 task=52 slot=13->-1 s=1.244 speed=0.100 action=YIELD requested=YIELD blocker=1 wait=4.500 reason=a1_stop_ttc_YIELD_V1
  V1 mode=ACTIVE phase=TO_B gen=100 task=49 slot=30->28 s=0.321 speed=0.142 action=NOMINAL requested=NOMINAL blocker=-1 wait=0.000 reason=clear
  departure_cluster=V0/V1 owner=V1 owner_gen=100 other=V0 other_gen=105 active=1 intervals=1 stop_boundary=2.600 stop_s=2.500 release=1.175/3.525
  future_a1=owner=V1 gen=100 arrival=0.000 to_b=0.000
---
tick=39678 sim_t=3967.800
  V0 mode=ACTIVE phase=TO_A1 gen=105 task=52 slot=13->-1 s=1.254 speed=0.100 action=YIELD requested=YIELD blocker=1 wait=4.600 reason=a1_stop_ttc_YIELD_V1
  V1 mode=ACTIVE phase=TO_B gen=100 task=49 slot=30->28 s=0.336 speed=0.142 action=NOMINAL requested=NOMINAL blocker=-1 wait=0.000 reason=clear
  departure_cluster=V0/V1 owner=V1 owner_gen=100 other=V0 other_gen=105 active=1 intervals=1 stop_boundary=2.600 stop_s=2.500 release=1.175/3.525
  future_a1=owner=V1 gen=100 arrival=0.000 to_b=0.000
---
tick=39679 sim_t=3967.900
  V0 mode=ACTIVE phase=TO_A1 gen=105 task=52 slot=13->-1 s=1.264 speed=0.100 action=YIELD requested=YIELD blocker=1 wait=4.700 reason=a1_stop_ttc_YIELD_V1
  V1 mode=ACTIVE phase=TO_B gen=100 task=49 slot=30->28 s=0.350 speed=0.142 action=NOMINAL requested=NOMINAL blocker=-1 wait=0.000 reason=clear
  departure_cluster=V0/V1 owner=V1 owner_gen=100 other=V0 other_gen=105 active=1 intervals=1 stop_boundary=2.600 stop_s=2.500 release=1.175/3.525
  future_a1=owner=V1 gen=100 arrival=0.000 to_b=0.000
---
tick=39680 sim_t=3968.000
  V0 mode=ACTIVE phase=TO_A1 gen=105 task=52 slot=13->-1 s=1.274 speed=0.100 action=YIELD requested=YIELD blocker=1 wait=4.800 reason=a1_stop_ttc_YIELD_V1
  V1 mode=ACTIVE phase=TO_B gen=100 task=49 slot=30->28 s=0.364 speed=0.142 action=NOMINAL requested=NOMINAL blocker=-1 wait=0.000 reason=clear
  departure_cluster=V0/V1 owner=V1 owner_gen=100 other=V0 other_gen=105 active=1 intervals=1 stop_boundary=2.600 stop_s=2.500 release=1.175/3.525
  future_a1=owner=V1 gen=100 arrival=0.000 to_b=0.000
---
tick=39681 sim_t=3968.100
  V0 mode=ACTIVE phase=TO_A1 gen=105 task=52 slot=13->-1 s=1.284 speed=0.100 action=YIELD requested=YIELD blocker=1 wait=4.900 reason=a1_stop_ttc_YIELD_V1
  V1 mode=ACTIVE phase=TO_B gen=100 task=49 slot=30->28 s=0.378 speed=0.142 action=NOMINAL requested=NOMINAL blocker=-1 wait=0.000 reason=clear
  departure_cluster=V0/V1 owner=V1 owner_gen=100 other=V0 other_gen=105 active=1 intervals=1 stop_boundary=2.600 stop_s=2.500 release=1.175/3.525
  future_a1=owner=V1 gen=100 arrival=0.000 to_b=0.000
---
tick=39682 sim_t=3968.200
  V0 mode=ACTIVE phase=TO_A1 gen=105 task=52 slot=13->-1 s=1.294 speed=0.100 action=YIELD requested=YIELD blocker=1 wait=5.000 reason=a1_stop_ttc_YIELD_V1
  V1 mode=ACTIVE phase=TO_B gen=100 task=49 slot=30->28 s=0.393 speed=0.142 action=NOMINAL requested=NOMINAL blocker=-1 wait=0.000 reason=clear
  departure_cluster=V0/V1 owner=V1 owner_gen=100 other=V0 other_gen=105 active=1 intervals=1 stop_boundary=2.600 stop_s=2.500 release=1.175/3.525
  future_a1=owner=V1 gen=100 arrival=0.000 to_b=0.000
---
tick=39683 sim_t=3968.300
  V0 mode=ACTIVE phase=TO_A1 gen=105 task=52 slot=13->-1 s=1.304 speed=0.100 action=YIELD requested=YIELD blocker=1 wait=5.100 reason=a1_stop_ttc_YIELD_V1
  V1 mode=ACTIVE phase=TO_B gen=100 task=49 slot=30->28 s=0.407 speed=0.142 action=NOMINAL requested=NOMINAL blocker=-1 wait=0.000 reason=clear
  departure_cluster=V0/V1 owner=V1 owner_gen=100 other=V0 other_gen=105 active=1 intervals=1 stop_boundary=2.600 stop_s=2.500 release=1.175/3.525
  future_a1=owner=V1 gen=100 arrival=0.000 to_b=0.000
---
tick=39684 sim_t=3968.400
  V0 mode=ACTIVE phase=TO_A1 gen=105 task=52 slot=13->-1 s=1.314 speed=0.100 action=YIELD requested=YIELD blocker=1 wait=5.200 reason=a1_stop_ttc_YIELD_V1
  V1 mode=ACTIVE phase=TO_B gen=100 task=49 slot=30->28 s=0.421 speed=0.142 action=NOMINAL requested=NOMINAL blocker=-1 wait=0.000 reason=clear
  departure_cluster=V0/V1 owner=V1 owner_gen=100 other=V0 other_gen=105 active=1 intervals=1 stop_boundary=2.600 stop_s=2.500 release=1.175/3.525
  future_a1=owner=V1 gen=100 arrival=0.000 to_b=0.000
---
tick=39685 sim_t=3968.500
  V0 mode=ACTIVE phase=TO_A1 gen=105 task=52 slot=13->-1 s=1.324 speed=0.100 action=YIELD requested=YIELD blocker=1 wait=5.300 reason=a1_stop_ttc_YIELD_V1
  V1 mode=ACTIVE phase=TO_B gen=100 task=49 slot=30->28 s=0.435 speed=0.142 action=NOMINAL requested=NOMINAL blocker=-1 wait=0.000 reason=clear
  departure_cluster=V0/V1 owner=V1 owner_gen=100 other=V0 other_gen=105 active=1 intervals=1 stop_boundary=2.600 stop_s=2.500 release=1.175/3.525
  future_a1=owner=V1 gen=100 arrival=0.000 to_b=0.000
---
tick=39686 sim_t=3968.600
  V0 mode=ACTIVE phase=TO_A1 gen=105 task=52 slot=13->-1 s=1.334 speed=0.100 action=YIELD requested=YIELD blocker=1 wait=5.400 reason=a1_stop_ttc_YIELD_V1
  V1 mode=ACTIVE phase=TO_B gen=100 task=49 slot=30->28 s=0.450 speed=0.142 action=NOMINAL requested=NOMINAL blocker=-1 wait=0.000 reason=clear
  departure_cluster=V0/V1 owner=V1 owner_gen=100 other=V0 other_gen=105 active=1 intervals=1 stop_boundary=2.600 stop_s=2.500 release=1.175/3.525
  future_a1=owner=V1 gen=100 arrival=0.000 to_b=0.000
---
tick=39687 sim_t=3968.700
  V0 mode=ACTIVE phase=TO_A1 gen=105 task=52 slot=13->-1 s=1.344 speed=0.100 action=YIELD requested=YIELD blocker=1 wait=5.500 reason=a1_stop_ttc_YIELD_V1
  V1 mode=ACTIVE phase=TO_B gen=100 task=49 slot=30->28 s=0.464 speed=0.142 action=NOMINAL requested=NOMINAL blocker=-1 wait=0.000 reason=clear
  departure_cluster=V0/V1 owner=V1 owner_gen=100 other=V0 other_gen=105 active=1 intervals=1 stop_boundary=2.600 stop_s=2.500 release=1.175/3.525
  future_a1=owner=V1 gen=100 arrival=0.000 to_b=0.000
---
tick=39688 sim_t=3968.800
  V0 mode=ACTIVE phase=TO_A1 gen=105 task=52 slot=13->-1 s=1.354 speed=0.100 action=YIELD requested=YIELD blocker=1 wait=5.600 reason=a1_stop_ttc_YIELD_V1
  V1 mode=ACTIVE phase=TO_B gen=100 task=49 slot=30->28 s=0.478 speed=0.142 action=NOMINAL requested=NOMINAL blocker=-1 wait=0.000 reason=clear
  departure_cluster=V0/V1 owner=V1 owner_gen=100 other=V0 other_gen=105 active=1 intervals=1 stop_boundary=2.600 stop_s=2.500 release=1.175/3.525
  future_a1=owner=V1 gen=100 arrival=0.000 to_b=0.000
---
tick=39689 sim_t=3968.900
  V0 mode=ACTIVE phase=TO_A1 gen=105 task=52 slot=13->-1 s=1.364 speed=0.100 action=YIELD requested=YIELD blocker=1 wait=5.700 reason=a1_stop_ttc_YIELD_V1
  V1 mode=ACTIVE phase=TO_B gen=100 task=49 slot=30->28 s=0.492 speed=0.142 action=NOMINAL requested=NOMINAL blocker=-1 wait=0.000 reason=clear
  departure_cluster=V0/V1 owner=V1 owner_gen=100 other=V0 other_gen=105 active=1 intervals=1 stop_boundary=2.600 stop_s=2.500 release=1.175/3.525
  future_a1=owner=V1 gen=100 arrival=0.000 to_b=0.000
---
tick=39690 sim_t=3969.000
  V0 mode=ACTIVE phase=TO_A1 gen=105 task=52 slot=13->-1 s=1.374 speed=0.100 action=YIELD requested=YIELD blocker=1 wait=5.800 reason=a1_stop_ttc_YIELD_V1
  V1 mode=ACTIVE phase=TO_B gen=100 task=49 slot=30->28 s=0.507 speed=0.142 action=NOMINAL requested=NOMINAL blocker=-1 wait=0.000 reason=clear
  departure_cluster=V0/V1 owner=V1 owner_gen=100 other=V0 other_gen=105 active=1 intervals=1 stop_boundary=2.600 stop_s=2.500 release=1.175/3.525
  future_a1=owner=V1 gen=100 arrival=0.000 to_b=0.000
---
tick=39691 sim_t=3969.100
  V0 mode=ACTIVE phase=TO_A1 gen=105 task=52 slot=13->-1 s=1.384 speed=0.100 action=YIELD requested=YIELD blocker=1 wait=5.900 reason=a1_stop_ttc_YIELD_V1
  V1 mode=ACTIVE phase=TO_B gen=100 task=49 slot=30->28 s=0.521 speed=0.142 action=NOMINAL requested=NOMINAL blocker=-1 wait=0.000 reason=clear
  departure_cluster=V0/V1 owner=V1 owner_gen=100 other=V0 other_gen=105 active=1 intervals=1 stop_boundary=2.600 stop_s=2.500 release=1.175/3.525
  future_a1=owner=V1 gen=100 arrival=0.000 to_b=0.000
---
tick=39692 sim_t=3969.200
  V0 mode=ACTIVE phase=TO_A1 gen=105 task=52 slot=13->-1 s=1.394 speed=0.100 action=YIELD requested=YIELD blocker=1 wait=6.000 reason=a1_stop_ttc_YIELD_V1
  V1 mode=ACTIVE phase=TO_B gen=100 task=49 slot=30->28 s=0.535 speed=0.142 action=NOMINAL requested=NOMINAL blocker=-1 wait=0.000 reason=clear
  departure_cluster=V0/V1 owner=V1 owner_gen=100 other=V0 other_gen=105 active=1 intervals=1 stop_boundary=2.600 stop_s=2.500 release=1.175/3.525
  future_a1=owner=V1 gen=100 arrival=0.000 to_b=0.000
---
tick=39693 sim_t=3969.300
  V0 mode=ACTIVE phase=TO_A1 gen=105 task=52 slot=13->-1 s=1.404 speed=0.100 action=YIELD requested=YIELD blocker=1 wait=6.100 reason=a1_stop_ttc_YIELD_V1
  V1 mode=ACTIVE phase=TO_B gen=100 task=49 slot=30->28 s=0.549 speed=0.142 action=NOMINAL requested=NOMINAL blocker=-1 wait=0.000 reason=clear
  departure_cluster=V0/V1 owner=V1 owner_gen=100 other=V0 other_gen=105 active=1 intervals=1 stop_boundary=2.600 stop_s=2.500 release=1.175/3.525
  future_a1=owner=V1 gen=100 arrival=0.000 to_b=0.000
---
tick=39694 sim_t=3969.400
  V0 mode=ACTIVE phase=TO_A1 gen=105 task=52 slot=13->-1 s=1.414 speed=0.100 action=YIELD requested=YIELD blocker=1 wait=6.200 reason=a1_stop_ttc_YIELD_V1
  V1 mode=ACTIVE phase=TO_B gen=100 task=49 slot=30->28 s=0.564 speed=0.142 action=NOMINAL requested=NOMINAL blocker=-1 wait=0.000 reason=clear
  departure_cluster=V0/V1 owner=V1 owner_gen=100 other=V0 other_gen=105 active=1 intervals=1 stop_boundary=2.600 stop_s=2.500 release=1.175/3.525
  future_a1=owner=V1 gen=100 arrival=0.000 to_b=0.000
---
tick=39695 sim_t=3969.500
  V0 mode=ACTIVE phase=TO_A1 gen=105 task=52 slot=13->-1 s=1.424 speed=0.100 action=YIELD requested=YIELD blocker=1 wait=6.300 reason=a1_stop_ttc_YIELD_V1
  V1 mode=ACTIVE phase=TO_B gen=100 task=49 slot=30->28 s=0.578 speed=0.142 action=NOMINAL requested=NOMINAL blocker=-1 wait=0.000 reason=clear
  departure_cluster=V0/V1 owner=V1 owner_gen=100 other=V0 other_gen=105 active=1 intervals=1 stop_boundary=2.600 stop_s=2.500 release=1.175/3.525
  future_a1=owner=V1 gen=100 arrival=0.000 to_b=0.000
---
tick=39696 sim_t=3969.600
  V0 mode=ACTIVE phase=TO_A1 gen=105 task=52 slot=13->-1 s=1.434 speed=0.100 action=YIELD requested=YIELD blocker=1 wait=6.400 reason=a1_stop_ttc_YIELD_V1
  V1 mode=ACTIVE phase=TO_B gen=100 task=49 slot=30->28 s=0.592 speed=0.142 action=NOMINAL requested=NOMINAL blocker=-1 wait=0.000 reason=clear
  departure_cluster=V0/V1 owner=V1 owner_gen=100 other=V0 other_gen=105 active=1 intervals=1 stop_boundary=2.600 stop_s=2.500 release=1.175/3.525
  future_a1=owner=V1 gen=100 arrival=0.000 to_b=0.000
---
tick=39697 sim_t=3969.700
  V0 mode=ACTIVE phase=TO_A1 gen=105 task=52 slot=13->-1 s=1.444 speed=0.100 action=YIELD requested=YIELD blocker=1 wait=6.500 reason=a1_stop_ttc_YIELD_V1
  V1 mode=ACTIVE phase=TO_B gen=100 task=49 slot=30->28 s=0.606 speed=0.142 action=NOMINAL requested=NOMINAL blocker=-1 wait=0.000 reason=clear
  departure_cluster=V0/V1 owner=V1 owner_gen=100 other=V0 other_gen=105 active=1 intervals=1 stop_boundary=2.600 stop_s=2.500 release=1.175/3.525
  future_a1=owner=V1 gen=100 arrival=0.000 to_b=0.000
---
tick=39698 sim_t=3969.800
  V0 mode=ACTIVE phase=TO_A1 gen=105 task=52 slot=13->-1 s=1.454 speed=0.100 action=YIELD requested=YIELD blocker=1 wait=6.600 reason=a1_stop_ttc_YIELD_V1
  V1 mode=ACTIVE phase=TO_B gen=100 task=49 slot=30->28 s=0.621 speed=0.142 action=NOMINAL requested=NOMINAL blocker=-1 wait=0.000 reason=clear
  departure_cluster=V0/V1 owner=V1 owner_gen=100 other=V0 other_gen=105 active=1 intervals=1 stop_boundary=2.600 stop_s=2.500 release=1.175/3.525
  future_a1=owner=V1 gen=100 arrival=0.000 to_b=0.000
---
tick=39699 sim_t=3969.900
  V0 mode=ACTIVE phase=TO_A1 gen=105 task=52 slot=13->-1 s=1.464 speed=0.100 action=YIELD requested=YIELD blocker=1 wait=6.700 reason=a1_stop_ttc_YIELD_V1
  V1 mode=ACTIVE phase=TO_B gen=100 task=49 slot=30->28 s=0.635 speed=0.142 action=NOMINAL requested=NOMINAL blocker=-1 wait=0.000 reason=clear
  departure_cluster=V0/V1 owner=V1 owner_gen=100 other=V0 other_gen=105 active=1 intervals=1 stop_boundary=2.600 stop_s=2.500 release=1.175/3.525
  future_a1=owner=V1 gen=100 arrival=0.000 to_b=0.000
---
tick=39700 sim_t=3970.000
  V0 mode=ACTIVE phase=TO_A1 gen=105 task=52 slot=13->-1 s=1.474 speed=0.100 action=YIELD requested=YIELD blocker=1 wait=6.800 reason=a1_stop_ttc_YIELD_V1
  V1 mode=ACTIVE phase=TO_B gen=100 task=49 slot=30->28 s=0.649 speed=0.142 action=NOMINAL requested=NOMINAL blocker=-1 wait=0.000 reason=clear
  departure_cluster=V0/V1 owner=V1 owner_gen=100 other=V0 other_gen=105 active=1 intervals=1 stop_boundary=2.600 stop_s=2.500 release=1.175/3.525
  future_a1=owner=V1 gen=100 arrival=0.000 to_b=0.000
---
tick=39701 sim_t=3970.100
  V0 mode=ACTIVE phase=TO_A1 gen=105 task=52 slot=13->-1 s=1.484 speed=0.100 action=YIELD requested=YIELD blocker=1 wait=6.900 reason=a1_stop_ttc_YIELD_V1
  V1 mode=ACTIVE phase=TO_B gen=100 task=49 slot=30->28 s=0.663 speed=0.142 action=NOMINAL requested=NOMINAL blocker=-1 wait=0.000 reason=clear
  departure_cluster=V0/V1 owner=V1 owner_gen=100 other=V0 other_gen=105 active=1 intervals=1 stop_boundary=2.600 stop_s=2.500 release=1.175/3.525
  future_a1=owner=V1 gen=100 arrival=0.000 to_b=0.000
---
tick=39702 sim_t=3970.200
  V0 mode=ACTIVE phase=TO_A1 gen=105 task=52 slot=13->-1 s=1.494 speed=0.100 action=YIELD requested=YIELD blocker=1 wait=7.000 reason=a1_stop_ttc_YIELD_V1
  V1 mode=ACTIVE phase=TO_B gen=100 task=49 slot=30->28 s=0.678 speed=0.144 action=NOMINAL requested=NOMINAL blocker=-1 wait=0.000 reason=clear
  departure_cluster=V0/V1 owner=V1 owner_gen=100 other=V0 other_gen=105 active=1 intervals=1 stop_boundary=2.600 stop_s=2.500 release=1.175/3.525
  future_a1=owner=V1 gen=100 arrival=0.000 to_b=0.000
---
tick=39703 sim_t=3970.300
  V0 mode=ACTIVE phase=TO_A1 gen=105 task=52 slot=13->-1 s=1.504 speed=0.100 action=YIELD requested=YIELD blocker=1 wait=7.100 reason=a1_stop_ttc_YIELD_V1
  V1 mode=ACTIVE phase=TO_B gen=100 task=49 slot=30->28 s=0.693 speed=0.150 action=NOMINAL requested=NOMINAL blocker=-1 wait=0.000 reason=clear
  departure_cluster=V0/V1 owner=V1 owner_gen=100 other=V0 other_gen=105 active=1 intervals=1 stop_boundary=2.600 stop_s=2.500 release=1.175/3.525
  future_a1=owner=V1 gen=100 arrival=0.000 to_b=0.000
---
tick=39704 sim_t=3970.400
  V0 mode=ACTIVE phase=TO_A1 gen=105 task=52 slot=13->-1 s=1.514 speed=0.100 action=YIELD requested=YIELD blocker=1 wait=7.200 reason=a1_stop_ttc_YIELD_V1
  V1 mode=ACTIVE phase=TO_B gen=100 task=49 slot=30->28 s=0.707 speed=0.145 action=NOMINAL requested=NOMINAL blocker=-1 wait=0.000 reason=clear
  departure_cluster=V0/V1 owner=V1 owner_gen=100 other=V0 other_gen=105 active=1 intervals=1 stop_boundary=2.600 stop_s=2.500 release=1.175/3.525
  future_a1=owner=V1 gen=100 arrival=0.000 to_b=0.000
---
tick=39705 sim_t=3970.500
  V0 mode=ACTIVE phase=TO_A1 gen=105 task=52 slot=13->-1 s=1.524 speed=0.100 action=YIELD requested=YIELD blocker=1 wait=7.300 reason=a1_stop_ttc_YIELD_V1
  V1 mode=ACTIVE phase=TO_B gen=100 task=49 slot=30->28 s=0.720 speed=0.131 action=NOMINAL requested=NOMINAL blocker=-1 wait=0.000 reason=clear
  departure_cluster=V0/V1 owner=V1 owner_gen=100 other=V0 other_gen=105 active=1 intervals=1 stop_boundary=2.600 stop_s=2.500 release=1.175/3.525
  future_a1=owner=V1 gen=100 arrival=0.000 to_b=0.000
---
tick=39706 sim_t=3970.600
  V0 mode=ACTIVE phase=TO_A1 gen=105 task=52 slot=13->-1 s=1.534 speed=0.100 action=YIELD requested=YIELD blocker=1 wait=7.400 reason=a1_stop_ttc_YIELD_V1
  V1 mode=ACTIVE phase=TO_B gen=100 task=49 slot=30->28 s=0.730 speed=0.101 action=NOMINAL requested=NOMINAL blocker=-1 wait=0.000 reason=clear
  departure_cluster=V0/V1 owner=V1 owner_gen=100 other=V0 other_gen=105 active=1 intervals=1 stop_boundary=2.600 stop_s=2.500 release=1.175/3.525
  future_a1=owner=V1 gen=100 arrival=0.000 to_b=0.000
---
tick=39707 sim_t=3970.700
  V0 mode=ACTIVE phase=TO_A1 gen=105 task=52 slot=13->-1 s=1.544 speed=0.100 action=YIELD requested=YIELD blocker=1 wait=7.500 reason=a1_stop_ttc_YIELD_V1
  V1 mode=ACTIVE phase=TO_B gen=100 task=49 slot=30->28 s=0.742 speed=0.115 action=NOMINAL requested=NOMINAL blocker=-1 wait=0.000 reason=clear
  departure_cluster=V0/V1 owner=V1 owner_gen=100 other=V0 other_gen=105 active=1 intervals=1 stop_boundary=2.600 stop_s=2.500 release=1.175/3.525
  future_a1=owner=V1 gen=100 arrival=0.000 to_b=0.000
---
tick=39708 sim_t=3970.800
  V0 mode=ACTIVE phase=TO_A1 gen=105 task=52 slot=13->-1 s=1.554 speed=0.100 action=YIELD requested=YIELD blocker=1 wait=7.600 reason=a1_stop_ttc_YIELD_V1
  V1 mode=ACTIVE phase=TO_B gen=100 task=49 slot=30->28 s=0.755 speed=0.135 action=NOMINAL requested=NOMINAL blocker=-1 wait=0.000 reason=clear
  departure_cluster=V0/V1 owner=V1 owner_gen=100 other=V0 other_gen=105 active=1 intervals=1 stop_boundary=2.600 stop_s=2.500 release=1.175/3.525
  future_a1=owner=V1 gen=100 arrival=0.000 to_b=0.000
---
tick=39709 sim_t=3970.900
  V0 mode=ACTIVE phase=TO_A1 gen=105 task=52 slot=13->-1 s=1.564 speed=0.100 action=YIELD requested=YIELD blocker=1 wait=7.700 reason=a1_stop_ttc_YIELD_V1
  V1 mode=ACTIVE phase=TO_B gen=100 task=49 slot=30->28 s=0.771 speed=0.155 action=NOMINAL requested=NOMINAL blocker=-1 wait=0.000 reason=clear
  departure_cluster=V0/V1 owner=V1 owner_gen=100 other=V0 other_gen=105 active=1 intervals=1 stop_boundary=2.600 stop_s=2.500 release=1.175/3.525
  future_a1=owner=V1 gen=100 arrival=0.000 to_b=0.000
---
tick=39710 sim_t=3971.000
  V0 mode=ACTIVE phase=TO_A1 gen=105 task=52 slot=13->-1 s=1.574 speed=0.100 action=YIELD requested=YIELD blocker=1 wait=7.800 reason=a1_stop_ttc_YIELD_V1
  V1 mode=ACTIVE phase=TO_B gen=100 task=49 slot=30->28 s=0.788 speed=0.175 action=NOMINAL requested=NOMINAL blocker=-1 wait=0.000 reason=clear
  departure_cluster=V0/V1 owner=V1 owner_gen=100 other=V0 other_gen=105 active=1 intervals=1 stop_boundary=2.600 stop_s=2.500 release=1.175/3.525
  future_a1=owner=V1 gen=100 arrival=0.000 to_b=0.000
---
tick=39711 sim_t=3971.100
  V0 mode=ACTIVE phase=TO_A1 gen=105 task=52 slot=13->-1 s=1.584 speed=0.100 action=YIELD requested=YIELD blocker=1 wait=7.900 reason=a1_stop_ttc_YIELD_V1
  V1 mode=ACTIVE phase=TO_B gen=100 task=49 slot=30->28 s=0.808 speed=0.195 action=NOMINAL requested=NOMINAL blocker=-1 wait=0.000 reason=clear
  departure_cluster=V0/V1 owner=V1 owner_gen=100 other=V0 other_gen=105 active=1 intervals=1 stop_boundary=2.600 stop_s=2.500 release=1.175/3.525
  future_a1=owner=V1 gen=100 arrival=0.000 to_b=0.000
---
tick=39712 sim_t=3971.200
  V0 mode=ACTIVE phase=TO_A1 gen=105 task=52 slot=13->-1 s=1.594 speed=0.100 action=YIELD requested=YIELD blocker=1 wait=8.000 reason=a1_stop_ttc_YIELD_V1
  V1 mode=ACTIVE phase=TO_B gen=100 task=49 slot=30->28 s=0.828 speed=0.200 action=NOMINAL requested=NOMINAL blocker=-1 wait=0.000 reason=clear
  departure_cluster=V0/V1 owner=V1 owner_gen=100 other=V0 other_gen=105 active=1 intervals=1 stop_boundary=2.600 stop_s=2.500 release=1.175/3.525
  future_a1=owner=V1 gen=100 arrival=0.000 to_b=0.000
---
tick=39713 sim_t=3971.300
  V0 mode=ACTIVE phase=TO_A1 gen=105 task=52 slot=13->-1 s=1.604 speed=0.100 action=YIELD requested=YIELD blocker=1 wait=8.100 reason=a1_stop_ttc_YIELD_V1
  V1 mode=ACTIVE phase=TO_B gen=100 task=49 slot=30->28 s=0.848 speed=0.200 action=NOMINAL requested=NOMINAL blocker=-1 wait=0.000 reason=clear
  departure_cluster=V0/V1 owner=V1 owner_gen=100 other=V0 other_gen=105 active=1 intervals=1 stop_boundary=2.600 stop_s=2.500 release=1.175/3.525
  future_a1=owner=V1 gen=100 arrival=0.000 to_b=0.000
---
tick=39714 sim_t=3971.400
  V0 mode=ACTIVE phase=TO_A1 gen=105 task=52 slot=13->-1 s=1.614 speed=0.100 action=YIELD requested=YIELD blocker=1 wait=8.200 reason=a1_stop_ttc_YIELD_V1
  V1 mode=ACTIVE phase=TO_B gen=100 task=49 slot=30->28 s=0.868 speed=0.200 action=NOMINAL requested=NOMINAL blocker=-1 wait=0.000 reason=clear
  departure_cluster=V0/V1 owner=V1 owner_gen=100 other=V0 other_gen=105 active=1 intervals=1 stop_boundary=2.600 stop_s=2.500 release=1.175/3.525
  future_a1=owner=V1 gen=100 arrival=0.000 to_b=0.000
---
tick=39715 sim_t=3971.500
  V0 mode=ACTIVE phase=TO_A1 gen=105 task=52 slot=13->-1 s=1.624 speed=0.100 action=YIELD requested=YIELD blocker=1 wait=8.300 reason=a1_stop_ttc_YIELD_V1
  V1 mode=ACTIVE phase=TO_B gen=100 task=49 slot=30->28 s=0.888 speed=0.200 action=NOMINAL requested=NOMINAL blocker=-1 wait=0.000 reason=clear
  departure_cluster=V0/V1 owner=V1 owner_gen=100 other=V0 other_gen=105 active=1 intervals=1 stop_boundary=2.600 stop_s=2.500 release=1.175/3.525
  future_a1=owner=V1 gen=100 arrival=0.000 to_b=0.000
---
tick=39716 sim_t=3971.600
  V0 mode=ACTIVE phase=TO_A1 gen=105 task=52 slot=13->-1 s=1.634 speed=0.100 action=YIELD requested=YIELD blocker=1 wait=8.400 reason=a1_stop_ttc_YIELD_V1
  V1 mode=ACTIVE phase=TO_B gen=100 task=49 slot=30->28 s=0.908 speed=0.200 action=NOMINAL requested=NOMINAL blocker=-1 wait=0.000 reason=clear
  departure_cluster=V0/V1 owner=V1 owner_gen=100 other=V0 other_gen=105 active=1 intervals=1 stop_boundary=2.600 stop_s=2.500 release=1.175/3.525
  future_a1=owner=V1 gen=100 arrival=0.000 to_b=0.000
---
tick=39717 sim_t=3971.700
  V0 mode=ACTIVE phase=TO_A1 gen=105 task=52 slot=13->-1 s=1.644 speed=0.100 action=YIELD requested=YIELD blocker=1 wait=8.500 reason=a1_stop_ttc_YIELD_V1
  V1 mode=ACTIVE phase=TO_B gen=100 task=49 slot=30->28 s=0.928 speed=0.200 action=NOMINAL requested=NOMINAL blocker=-1 wait=0.000 reason=clear
  departure_cluster=V0/V1 owner=V1 owner_gen=100 other=V0 other_gen=105 active=1 intervals=1 stop_boundary=2.600 stop_s=2.500 release=1.175/3.525
  future_a1=owner=V1 gen=100 arrival=0.000 to_b=0.000
---
tick=39718 sim_t=3971.800
  V0 mode=ACTIVE phase=TO_A1 gen=105 task=52 slot=13->-1 s=1.654 speed=0.100 action=YIELD requested=YIELD blocker=1 wait=8.600 reason=a1_stop_ttc_YIELD_V1
  V1 mode=ACTIVE phase=TO_B gen=100 task=49 slot=30->28 s=0.948 speed=0.200 action=NOMINAL requested=NOMINAL blocker=-1 wait=0.000 reason=clear
  departure_cluster=V0/V1 owner=V1 owner_gen=100 other=V0 other_gen=105 active=1 intervals=1 stop_boundary=2.600 stop_s=2.500 release=1.175/3.525
  future_a1=owner=V1 gen=100 arrival=0.000 to_b=0.000
---
tick=39719 sim_t=3971.900
  V0 mode=ACTIVE phase=TO_A1 gen=105 task=52 slot=13->-1 s=1.661 speed=0.070 action=CREEP requested=CREEP blocker=1 wait=8.700 reason=a1_stop_ttc_CREEP_V1
  V1 mode=ACTIVE phase=TO_B gen=100 task=49 slot=30->28 s=0.968 speed=0.200 action=NOMINAL requested=NOMINAL blocker=-1 wait=0.000 reason=clear
  departure_cluster=V0/V1 owner=V1 owner_gen=100 other=V0 other_gen=105 active=1 intervals=1 stop_boundary=2.600 stop_s=2.500 release=1.175/3.525
  future_a1=owner=V1 gen=100 arrival=0.000 to_b=0.000
---
tick=39720 sim_t=3972.000
  V0 mode=ACTIVE phase=TO_A1 gen=105 task=52 slot=13->-1 s=1.666 speed=0.050 action=CREEP requested=CREEP blocker=1 wait=8.800 reason=a1_stop_ttc_CREEP_V1
  V1 mode=ACTIVE phase=TO_B gen=100 task=49 slot=30->28 s=0.988 speed=0.200 action=NOMINAL requested=NOMINAL blocker=-1 wait=0.000 reason=clear
  departure_cluster=V0/V1 owner=V1 owner_gen=100 other=V0 other_gen=105 active=1 intervals=1 stop_boundary=2.600 stop_s=2.500 release=1.175/3.525
  future_a1=owner=V1 gen=100 arrival=0.000 to_b=0.000
---
tick=39721 sim_t=3972.100
  V0 mode=ACTIVE phase=TO_A1 gen=105 task=52 slot=13->-1 s=1.671 speed=0.050 action=CREEP requested=YIELD blocker=1 wait=8.900 reason=a1_stop_ttc_YIELD_V1
  V1 mode=ACTIVE phase=TO_B gen=100 task=49 slot=30->28 s=1.008 speed=0.200 action=NOMINAL requested=NOMINAL blocker=-1 wait=0.000 reason=clear
  departure_cluster=V0/V1 owner=V1 owner_gen=100 other=V0 other_gen=105 active=1 intervals=1 stop_boundary=2.600 stop_s=2.500 release=1.175/3.525
  future_a1=owner=V1 gen=100 arrival=0.000 to_b=0.000
---
tick=39722 sim_t=3972.200
  V0 mode=ACTIVE phase=TO_A1 gen=105 task=52 slot=13->-1 s=1.676 speed=0.050 action=CREEP requested=YIELD blocker=1 wait=9.000 reason=a1_stop_ttc_YIELD_V1
  V1 mode=ACTIVE phase=TO_B gen=100 task=49 slot=30->28 s=1.028 speed=0.200 action=NOMINAL requested=NOMINAL blocker=-1 wait=0.000 reason=clear
  departure_cluster=V0/V1 owner=V1 owner_gen=100 other=V0 other_gen=105 active=1 intervals=1 stop_boundary=2.600 stop_s=2.500 release=1.175/3.525
  future_a1=owner=V1 gen=100 arrival=0.000 to_b=0.000
---
tick=39723 sim_t=3972.300
  V0 mode=ACTIVE phase=TO_A1 gen=105 task=52 slot=13->-1 s=1.681 speed=0.050 action=CREEP requested=CREEP blocker=1 wait=9.100 reason=a1_stop_ttc_CREEP_V1
  V1 mode=ACTIVE phase=TO_B gen=100 task=49 slot=30->28 s=1.048 speed=0.200 action=NOMINAL requested=NOMINAL blocker=-1 wait=0.000 reason=clear
  departure_cluster=V0/V1 owner=V1 owner_gen=100 other=V0 other_gen=105 active=1 intervals=1 stop_boundary=2.600 stop_s=2.500 release=1.175/3.525
  future_a1=owner=V1 gen=100 arrival=0.000 to_b=0.000
---
tick=39724 sim_t=3972.400
  V0 mode=ACTIVE phase=TO_A1 gen=105 task=52 slot=13->-1 s=1.686 speed=0.050 action=CREEP requested=CREEP blocker=1 wait=9.200 reason=a1_stop_ttc_CREEP_V1
  V1 mode=ACTIVE phase=TO_B gen=100 task=49 slot=30->28 s=1.068 speed=0.200 action=NOMINAL requested=NOMINAL blocker=-1 wait=0.000 reason=clear
  departure_cluster=V0/V1 owner=V1 owner_gen=100 other=V0 other_gen=105 active=1 intervals=1 stop_boundary=2.600 stop_s=2.500 release=1.175/3.525
  future_a1=owner=V1 gen=100 arrival=0.000 to_b=0.000
---
tick=39725 sim_t=3972.500
  V0 mode=ACTIVE phase=TO_A1 gen=105 task=52 slot=13->-1 s=1.691 speed=0.050 action=CREEP requested=CREEP blocker=1 wait=9.300 reason=a1_stop_ttc_CREEP_V1
  V1 mode=ACTIVE phase=TO_B gen=100 task=49 slot=30->28 s=1.088 speed=0.200 action=NOMINAL requested=NOMINAL blocker=-1 wait=0.000 reason=clear
  departure_cluster=V0/V1 owner=V1 owner_gen=100 other=V0 other_gen=105 active=1 intervals=1 stop_boundary=2.600 stop_s=2.500 release=1.175/3.525
  future_a1=owner=V1 gen=100 arrival=0.000 to_b=0.000
---
tick=39726 sim_t=3972.600
  V0 mode=ACTIVE phase=TO_A1 gen=105 task=52 slot=13->-1 s=1.696 speed=0.050 action=CREEP requested=CREEP blocker=1 wait=9.400 reason=a1_stop_ttc_CREEP_V1
  V1 mode=ACTIVE phase=TO_B gen=100 task=49 slot=30->28 s=1.108 speed=0.200 action=NOMINAL requested=NOMINAL blocker=-1 wait=0.000 reason=clear
  departure_cluster=V0/V1 owner=V1 owner_gen=100 other=V0 other_gen=105 active=1 intervals=1 stop_boundary=2.600 stop_s=2.500 release=1.175/3.525
  future_a1=owner=V1 gen=100 arrival=0.000 to_b=0.000
---
tick=39727 sim_t=3972.700
  V0 mode=ACTIVE phase=TO_A1 gen=105 task=52 slot=13->-1 s=1.701 speed=0.050 action=CREEP requested=CREEP blocker=1 wait=9.500 reason=a1_stop_ttc_CREEP_V1
  V1 mode=ACTIVE phase=TO_B gen=100 task=49 slot=30->28 s=1.128 speed=0.200 action=NOMINAL requested=NOMINAL blocker=-1 wait=0.000 reason=clear
  departure_cluster=V0/V1 owner=V1 owner_gen=100 other=V0 other_gen=105 active=1 intervals=1 stop_boundary=2.600 stop_s=2.500 release=1.175/3.525
  future_a1=owner=V1 gen=100 arrival=0.000 to_b=0.000
---
tick=39728 sim_t=3972.800
  V0 mode=ACTIVE phase=TO_A1 gen=105 task=52 slot=13->-1 s=1.706 speed=0.050 action=CREEP requested=CREEP blocker=1 wait=9.600 reason=a1_stop_ttc_CREEP_V1
  V1 mode=ACTIVE phase=TO_B gen=100 task=49 slot=30->28 s=1.148 speed=0.200 action=NOMINAL requested=NOMINAL blocker=-1 wait=0.000 reason=clear
  departure_cluster=V0/V1 owner=V1 owner_gen=100 other=V0 other_gen=105 active=1 intervals=1 stop_boundary=2.600 stop_s=2.500 release=1.175/3.525
  future_a1=owner=V1 gen=100 arrival=0.000 to_b=0.000
---
tick=39729 sim_t=3972.900
  V0 mode=ACTIVE phase=TO_A1 gen=105 task=52 slot=13->-1 s=1.711 speed=0.050 action=CREEP requested=CREEP blocker=1 wait=9.700 reason=a1_stop_ttc_CREEP_V1
  V1 mode=ACTIVE phase=TO_B gen=100 task=49 slot=30->28 s=1.168 speed=0.200 action=NOMINAL requested=NOMINAL blocker=-1 wait=0.000 reason=clear
  departure_cluster=V0/V1 owner=V1 owner_gen=100 other=V0 other_gen=105 active=1 intervals=1 stop_boundary=2.600 stop_s=2.500 release=1.175/3.525
  future_a1=owner=V1 gen=100 arrival=0.000 to_b=0.000
---
tick=39730 sim_t=3973.000
  V0 mode=ACTIVE phase=TO_A1 gen=105 task=52 slot=13->-1 s=1.716 speed=0.050 action=CREEP requested=CREEP blocker=1 wait=9.800 reason=a1_stop_ttc_CREEP_V1
  V1 mode=ACTIVE phase=TO_B gen=100 task=49 slot=30->28 s=1.188 speed=0.200 action=NOMINAL requested=NOMINAL blocker=-1 wait=0.000 reason=clear
  departure_cluster=V0/V1 owner=V1 owner_gen=100 other=V0 other_gen=105 active=1 intervals=1 stop_boundary=2.600 stop_s=2.500 release=1.175/3.525
  future_a1=owner=V1 gen=100 arrival=0.000 to_b=0.000
---
tick=39731 sim_t=3973.100
  V0 mode=ACTIVE phase=TO_A1 gen=105 task=52 slot=13->-1 s=1.723 speed=0.070 action=NOMINAL requested=NOMINAL blocker=-1 wait=0.000 reason=clear
  V1 mode=ACTIVE phase=TO_B gen=100 task=49 slot=30->28 s=1.208 speed=0.200 action=NOMINAL requested=NOMINAL blocker=-1 wait=0.000 reason=clear
  future_a1=owner=V1 gen=100 arrival=0.000 to_b=0.000
---
tick=39732 sim_t=3973.200
  V0 mode=ACTIVE phase=TO_A1 gen=105 task=52 slot=13->-1 s=1.732 speed=0.090 action=NOMINAL requested=NOMINAL blocker=-1 wait=0.000 reason=clear
  V1 mode=ACTIVE phase=TO_B gen=100 task=49 slot=30->28 s=1.228 speed=0.200 action=NOMINAL requested=NOMINAL blocker=-1 wait=0.000 reason=clear
  future_a1=owner=V1 gen=100 arrival=0.000 to_b=0.000
---
tick=39733 sim_t=3973.300
  V0 mode=ACTIVE phase=TO_A1 gen=105 task=52 slot=13->-1 s=1.743 speed=0.110 action=NOMINAL requested=NOMINAL blocker=-1 wait=0.000 reason=clear
  V1 mode=ACTIVE phase=TO_B gen=100 task=49 slot=30->28 s=1.248 speed=0.200 action=NOMINAL requested=NOMINAL blocker=-1 wait=0.000 reason=clear
  future_a1=owner=V1 gen=100 arrival=0.000 to_b=0.000
---
tick=39734 sim_t=3973.400
  V0 mode=ACTIVE phase=TO_A1 gen=105 task=52 slot=13->-1 s=1.756 speed=0.130 action=NOMINAL requested=NOMINAL blocker=-1 wait=0.000 reason=clear
  V1 mode=ACTIVE phase=TO_B gen=100 task=49 slot=30->28 s=1.268 speed=0.200 action=NOMINAL requested=NOMINAL blocker=-1 wait=0.000 reason=clear
  future_a1=owner=V1 gen=100 arrival=0.000 to_b=0.000
---
tick=39735 sim_t=3973.500
  V0 mode=ACTIVE phase=TO_A1 gen=105 task=52 slot=13->-1 s=1.771 speed=0.150 action=NOMINAL requested=NOMINAL blocker=-1 wait=0.000 reason=clear
  V1 mode=ACTIVE phase=TO_B gen=100 task=49 slot=30->28 s=1.288 speed=0.200 action=NOMINAL requested=NOMINAL blocker=-1 wait=0.000 reason=clear
  future_a1=none
---
tick=39736 sim_t=3973.600
  V0 mode=ACTIVE phase=TO_A1 gen=105 task=52 slot=13->-1 s=1.788 speed=0.170 action=NOMINAL requested=NOMINAL blocker=-1 wait=0.000 reason=clear
  V1 mode=ACTIVE phase=TO_B gen=100 task=49 slot=30->28 s=1.308 speed=0.200 action=NOMINAL requested=NOMINAL blocker=-1 wait=0.000 reason=clear
  future_a1=none
---
tick=39737 sim_t=3973.700
  V0 mode=ACTIVE phase=TO_A1 gen=105 task=52 slot=13->-1 s=1.807 speed=0.190 action=NOMINAL requested=NOMINAL blocker=-1 wait=0.000 reason=clear
  V1 mode=ACTIVE phase=TO_B gen=100 task=49 slot=30->28 s=1.328 speed=0.200 action=NOMINAL requested=NOMINAL blocker=-1 wait=0.000 reason=clear
  future_a1=none
---
tick=39738 sim_t=3973.800
  V0 mode=ACTIVE phase=TO_A1 gen=105 task=52 slot=13->-1 s=1.827 speed=0.200 action=NOMINAL requested=NOMINAL blocker=-1 wait=0.000 reason=clear
  V1 mode=ACTIVE phase=TO_B gen=100 task=49 slot=30->28 s=1.348 speed=0.200 action=NOMINAL requested=NOMINAL blocker=-1 wait=0.000 reason=clear
  future_a1=none
---
tick=39739 sim_t=3973.900
  V0 mode=ACTIVE phase=TO_A1 gen=105 task=52 slot=13->-1 s=1.847 speed=0.200 action=NOMINAL requested=NOMINAL blocker=-1 wait=0.000 reason=clear
  V1 mode=ACTIVE phase=TO_B gen=100 task=49 slot=30->28 s=1.368 speed=0.200 action=NOMINAL requested=NOMINAL blocker=-1 wait=0.000 reason=clear
  future_a1=none
---
tick=39740 sim_t=3974.000
  V0 mode=ACTIVE phase=TO_A1 gen=105 task=52 slot=13->-1 s=1.867 speed=0.200 action=NOMINAL requested=NOMINAL blocker=-1 wait=0.000 reason=clear
  V1 mode=ACTIVE phase=TO_B gen=100 task=49 slot=30->28 s=1.387 speed=0.192 action=NOMINAL requested=NOMINAL blocker=-1 wait=0.000 reason=clear
  future_a1=none
---
tick=39741 sim_t=3974.100
  V0 mode=ACTIVE phase=TO_A1 gen=105 task=52 slot=13->-1 s=1.887 speed=0.200 action=NOMINAL requested=NOMINAL blocker=-1 wait=0.000 reason=clear
  V1 mode=ACTIVE phase=TO_B gen=100 task=49 slot=30->28 s=1.405 speed=0.182 action=NOMINAL requested=NOMINAL blocker=-1 wait=0.000 reason=clear
  future_a1=none
---
tick=39742 sim_t=3974.200
  V0 mode=ACTIVE phase=TO_A1 gen=105 task=52 slot=13->-1 s=1.907 speed=0.200 action=NOMINAL requested=NOMINAL blocker=-1 wait=0.000 reason=clear
  V1 mode=ACTIVE phase=TO_B gen=100 task=49 slot=30->28 s=1.423 speed=0.174 action=NOMINAL requested=NOMINAL blocker=-1 wait=0.000 reason=clear
  future_a1=none
---
tick=39743 sim_t=3974.300
  V0 mode=ACTIVE phase=TO_A1 gen=105 task=52 slot=13->-1 s=1.927 speed=0.200 action=NOMINAL requested=NOMINAL blocker=-1 wait=0.000 reason=clear
  V1 mode=ACTIVE phase=TO_B gen=100 task=49 slot=30->28 s=1.439 speed=0.168 action=NOMINAL requested=NOMINAL blocker=-1 wait=0.000 reason=clear
  future_a1=none
---
tick=39744 sim_t=3974.400
  V0 mode=ACTIVE phase=TO_A1 gen=105 task=52 slot=13->-1 s=1.947 speed=0.200 action=NOMINAL requested=NOMINAL blocker=-1 wait=0.000 reason=clear
  V1 mode=ACTIVE phase=TO_B gen=100 task=49 slot=30->28 s=1.455 speed=0.162 action=NOMINAL requested=NOMINAL blocker=-1 wait=0.000 reason=clear
  future_a1=none
---
tick=39745 sim_t=3974.500
  V0 mode=ACTIVE phase=TO_A1 gen=105 task=52 slot=13->-1 s=1.967 speed=0.200 action=NOMINAL requested=NOMINAL blocker=-1 wait=0.000 reason=clear
  V1 mode=ACTIVE phase=TO_B gen=100 task=49 slot=30->28 s=1.471 speed=0.157 action=NOMINAL requested=NOMINAL blocker=-1 wait=0.000 reason=clear
  future_a1=none
---
tick=39746 sim_t=3974.600
  V0 mode=ACTIVE phase=TO_A1 gen=105 task=52 slot=13->-1 s=1.987 speed=0.200 action=NOMINAL requested=NOMINAL blocker=-1 wait=0.000 reason=clear
  V1 mode=ACTIVE phase=TO_B gen=100 task=49 slot=30->28 s=1.486 speed=0.152 action=NOMINAL requested=NOMINAL blocker=-1 wait=0.000 reason=clear
  future_a1=none
---
tick=39747 sim_t=3974.700
  V0 mode=ACTIVE phase=TO_A1 gen=105 task=52 slot=13->-1 s=2.007 speed=0.200 action=NOMINAL requested=NOMINAL blocker=-1 wait=0.000 reason=clear
  V1 mode=ACTIVE phase=TO_B gen=100 task=49 slot=30->28 s=1.501 speed=0.149 action=NOMINAL requested=NOMINAL blocker=-1 wait=0.000 reason=clear
  future_a1=none
---
tick=39748 sim_t=3974.800
  V0 mode=ACTIVE phase=TO_A1 gen=105 task=52 slot=13->-1 s=2.027 speed=0.200 action=NOMINAL requested=NOMINAL blocker=-1 wait=0.000 reason=clear
  V1 mode=ACTIVE phase=TO_B gen=100 task=49 slot=30->28 s=1.516 speed=0.146 action=NOMINAL requested=NOMINAL blocker=-1 wait=0.000 reason=clear
  future_a1=none
---
tick=39749 sim_t=3974.900
  V0 mode=ACTIVE phase=TO_A1 gen=105 task=52 slot=13->-1 s=2.047 speed=0.200 action=NOMINAL requested=NOMINAL blocker=-1 wait=0.000 reason=clear
  V1 mode=ACTIVE phase=TO_B gen=100 task=49 slot=30->28 s=1.530 speed=0.144 action=NOMINAL requested=NOMINAL blocker=-1 wait=0.000 reason=clear
  future_a1=none
---
tick=39750 sim_t=3975.000
  V0 mode=ACTIVE phase=TO_A1 gen=105 task=52 slot=13->-1 s=2.067 speed=0.200 action=NOMINAL requested=NOMINAL blocker=-1 wait=0.000 reason=clear
  V1 mode=ACTIVE phase=TO_B gen=100 task=49 slot=30->28 s=1.544 speed=0.143 action=NOMINAL requested=NOMINAL blocker=-1 wait=0.000 reason=clear
  future_a1=none
---
tick=39751 sim_t=3975.100
  V0 mode=ACTIVE phase=TO_A1 gen=105 task=52 slot=13->-1 s=2.087 speed=0.200 action=NOMINAL requested=NOMINAL blocker=-1 wait=0.000 reason=clear
  V1 mode=ACTIVE phase=TO_B gen=100 task=49 slot=30->28 s=1.559 speed=0.143 action=NOMINAL requested=NOMINAL blocker=-1 wait=0.000 reason=clear
  future_a1=none
---
tick=39752 sim_t=3975.200
  V0 mode=ACTIVE phase=TO_A1 gen=105 task=52 slot=13->-1 s=2.107 speed=0.200 action=NOMINAL requested=NOMINAL blocker=-1 wait=0.000 reason=clear
  V1 mode=ACTIVE phase=TO_B gen=100 task=49 slot=30->28 s=1.573 speed=0.142 action=NOMINAL requested=NOMINAL blocker=-1 wait=0.000 reason=clear
  future_a1=none
---
tick=39753 sim_t=3975.300
  V0 mode=ACTIVE phase=TO_A1 gen=105 task=52 slot=13->-1 s=2.127 speed=0.200 action=NOMINAL requested=NOMINAL blocker=-1 wait=0.000 reason=clear
  V1 mode=ACTIVE phase=TO_B gen=100 task=49 slot=30->28 s=1.587 speed=0.142 action=NOMINAL requested=NOMINAL blocker=-1 wait=0.000 reason=clear
  future_a1=none
---
tick=39754 sim_t=3975.400
  V0 mode=ACTIVE phase=TO_A1 gen=105 task=52 slot=13->-1 s=2.147 speed=0.200 action=NOMINAL requested=NOMINAL blocker=-1 wait=0.000 reason=clear
  V1 mode=ACTIVE phase=TO_B gen=100 task=49 slot=30->28 s=1.601 speed=0.142 action=NOMINAL requested=NOMINAL blocker=-1 wait=0.000 reason=clear
  future_a1=none
---
tick=39755 sim_t=3975.500
  V0 mode=ACTIVE phase=TO_A1 gen=105 task=52 slot=13->-1 s=2.167 speed=0.200 action=NOMINAL requested=NOMINAL blocker=-1 wait=0.000 reason=clear
  V1 mode=ACTIVE phase=TO_B gen=100 task=49 slot=30->28 s=1.616 speed=0.142 action=NOMINAL requested=NOMINAL blocker=-1 wait=0.000 reason=clear
  future_a1=owner=V0 gen=105 arrival=8.900 to_b=13.900
---
tick=39756 sim_t=3975.600
  V0 mode=ACTIVE phase=TO_A1 gen=105 task=52 slot=13->-1 s=2.187 speed=0.200 action=NOMINAL requested=NOMINAL blocker=-1 wait=0.000 reason=clear
  V1 mode=ACTIVE phase=TO_B gen=100 task=49 slot=30->28 s=1.630 speed=0.142 action=NOMINAL requested=NOMINAL blocker=-1 wait=0.000 reason=clear
  future_a1=owner=V0 gen=105 arrival=8.900 to_b=13.900
---
tick=39757 sim_t=3975.700
  V0 mode=ACTIVE phase=TO_A1 gen=105 task=52 slot=13->-1 s=2.205 speed=0.175 action=NOMINAL requested=NOMINAL blocker=-1 wait=0.000 reason=clear
  V1 mode=ACTIVE phase=TO_B gen=100 task=49 slot=30->28 s=1.644 speed=0.142 action=NOMINAL requested=NOMINAL blocker=-1 wait=0.000 reason=clear
  future_a1=owner=V0 gen=105 arrival=8.900 to_b=13.900
---
tick=39758 sim_t=3975.800
  V0 mode=ACTIVE phase=TO_A1 gen=105 task=52 slot=13->-1 s=2.221 speed=0.157 action=NOMINAL requested=NOMINAL blocker=-1 wait=0.000 reason=clear
  V1 mode=ACTIVE phase=TO_B gen=100 task=49 slot=30->28 s=1.658 speed=0.142 action=NOMINAL requested=NOMINAL blocker=-1 wait=0.000 reason=clear
  future_a1=owner=V0 gen=105 arrival=8.900 to_b=13.900
---
tick=39759 sim_t=3975.900
  V0 mode=ACTIVE phase=TO_A1 gen=105 task=52 slot=13->-1 s=2.235 speed=0.148 action=NOMINAL requested=NOMINAL blocker=-1 wait=0.000 reason=clear
  V1 mode=ACTIVE phase=TO_B gen=100 task=49 slot=30->28 s=1.673 speed=0.142 action=NOMINAL requested=NOMINAL blocker=-1 wait=0.000 reason=clear
  future_a1=owner=V0 gen=105 arrival=8.900 to_b=13.900
---
tick=39760 sim_t=3976.000
  V0 mode=ACTIVE phase=TO_A1 gen=105 task=52 slot=13->-1 s=2.250 speed=0.144 action=NOMINAL requested=NOMINAL blocker=-1 wait=0.000 reason=clear
  V1 mode=ACTIVE phase=TO_B gen=100 task=49 slot=30->28 s=1.687 speed=0.142 action=NOMINAL requested=NOMINAL blocker=-1 wait=0.000 reason=clear
  future_a1=owner=V0 gen=105 arrival=8.900 to_b=13.900
---
tick=39761 sim_t=3976.100
  V0 mode=ACTIVE phase=TO_A1 gen=105 task=52 slot=13->-1 s=2.264 speed=0.143 action=NOMINAL requested=NOMINAL blocker=-1 wait=0.000 reason=clear
  V1 mode=ACTIVE phase=TO_B gen=100 task=49 slot=30->28 s=1.701 speed=0.143 action=NOMINAL requested=NOMINAL blocker=-1 wait=0.000 reason=clear
  future_a1=owner=V0 gen=105 arrival=8.900 to_b=13.900
---
tick=39762 sim_t=3976.200
  V0 mode=ACTIVE phase=TO_A1 gen=105 task=52 slot=13->-1 s=2.278 speed=0.142 action=NOMINAL requested=NOMINAL blocker=-1 wait=0.000 reason=clear
  V1 mode=ACTIVE phase=TO_B gen=100 task=49 slot=30->28 s=1.715 speed=0.143 action=NOMINAL requested=NOMINAL blocker=-1 wait=0.000 reason=clear
  future_a1=owner=V0 gen=105 arrival=8.900 to_b=13.900
---
tick=39763 sim_t=3976.300
  V0 mode=ACTIVE phase=TO_A1 gen=105 task=52 slot=13->-1 s=2.293 speed=0.142 action=NOMINAL requested=NOMINAL blocker=-1 wait=0.000 reason=clear
  V1 mode=ACTIVE phase=TO_B gen=100 task=49 slot=30->28 s=1.730 speed=0.144 action=NOMINAL requested=NOMINAL blocker=-1 wait=0.000 reason=clear
  future_a1=owner=V0 gen=105 arrival=8.900 to_b=13.900
---
tick=39764 sim_t=3976.400
  V0 mode=ACTIVE phase=TO_A1 gen=105 task=52 slot=13->-1 s=2.307 speed=0.142 action=NOMINAL requested=NOMINAL blocker=-1 wait=0.000 reason=clear
  V1 mode=ACTIVE phase=TO_B gen=100 task=49 slot=30->28 s=1.744 speed=0.145 action=NOMINAL requested=NOMINAL blocker=-1 wait=0.000 reason=clear
  future_a1=owner=V0 gen=105 arrival=8.900 to_b=13.900
---
tick=39765 sim_t=3976.500
  V0 mode=ACTIVE phase=TO_A1 gen=105 task=52 slot=13->-1 s=2.321 speed=0.142 action=NOMINAL requested=NOMINAL blocker=-1 wait=0.000 reason=clear
  V1 mode=ACTIVE phase=TO_B gen=100 task=49 slot=30->28 s=1.759 speed=0.148 action=NOMINAL requested=NOMINAL blocker=-1 wait=0.000 reason=clear
  future_a1=owner=V0 gen=105 arrival=8.900 to_b=13.900
---
tick=39766 sim_t=3976.600
  V0 mode=ACTIVE phase=TO_A1 gen=105 task=52 slot=13->-1 s=2.335 speed=0.142 action=NOMINAL requested=NOMINAL blocker=-1 wait=0.000 reason=clear
  V1 mode=ACTIVE phase=TO_B gen=100 task=49 slot=30->28 s=1.774 speed=0.151 action=NOMINAL requested=NOMINAL blocker=-1 wait=0.000 reason=clear
  future_a1=owner=V0 gen=105 arrival=8.900 to_b=13.900
---
tick=39767 sim_t=3976.700
  V0 mode=ACTIVE phase=TO_A1 gen=105 task=52 slot=13->-1 s=2.350 speed=0.142 action=NOMINAL requested=NOMINAL blocker=-1 wait=0.000 reason=clear
  V1 mode=ACTIVE phase=TO_B gen=100 task=49 slot=30->28 s=1.790 speed=0.156 action=NOMINAL requested=NOMINAL blocker=-1 wait=0.000 reason=clear
  future_a1=owner=V0 gen=105 arrival=8.900 to_b=13.900
---
tick=39768 sim_t=3976.800
  V0 mode=ACTIVE phase=TO_A1 gen=105 task=52 slot=13->-1 s=2.364 speed=0.142 action=NOMINAL requested=NOMINAL blocker=-1 wait=0.000 reason=clear
  V1 mode=ACTIVE phase=TO_B gen=100 task=49 slot=30->28 s=1.806 speed=0.160 action=NOMINAL requested=NOMINAL blocker=-1 wait=0.000 reason=clear
  future_a1=owner=V0 gen=105 arrival=8.900 to_b=13.900
---
tick=39769 sim_t=3976.900
  V0 mode=ACTIVE phase=TO_A1 gen=105 task=52 slot=13->-1 s=2.378 speed=0.142 action=NOMINAL requested=NOMINAL blocker=-1 wait=0.000 reason=clear
  V1 mode=ACTIVE phase=TO_B gen=100 task=49 slot=30->28 s=1.822 speed=0.166 action=NOMINAL requested=NOMINAL blocker=-1 wait=0.000 reason=clear
  future_a1=owner=V0 gen=105 arrival=8.900 to_b=13.900
---
tick=39770 sim_t=3977.000
  V0 mode=ACTIVE phase=TO_A1 gen=105 task=52 slot=13->-1 s=2.392 speed=0.142 action=NOMINAL requested=NOMINAL blocker=-1 wait=0.000 reason=clear
  V1 mode=ACTIVE phase=TO_B gen=100 task=49 slot=30->28 s=1.840 speed=0.172 action=NOMINAL requested=NOMINAL blocker=-1 wait=0.000 reason=clear
  future_a1=owner=V0 gen=105 arrival=8.900 to_b=13.900
---
tick=39771 sim_t=3977.100
  V0 mode=ACTIVE phase=TO_A1 gen=105 task=52 slot=13->-1 s=2.407 speed=0.142 action=NOMINAL requested=NOMINAL blocker=-1 wait=0.000 reason=clear
  V1 mode=ACTIVE phase=TO_B gen=100 task=49 slot=30->28 s=1.858 speed=0.179 action=NOMINAL requested=NOMINAL blocker=-1 wait=0.000 reason=clear
  future_a1=owner=V0 gen=105 arrival=8.900 to_b=13.900
---
tick=39772 sim_t=3977.200
  V0 mode=ACTIVE phase=TO_A1 gen=105 task=52 slot=13->-1 s=2.421 speed=0.142 action=NOMINAL requested=NOMINAL blocker=-1 wait=0.000 reason=clear
  V1 mode=ACTIVE phase=TO_B gen=100 task=49 slot=30->28 s=1.876 speed=0.187 action=NOMINAL requested=NOMINAL blocker=-1 wait=0.000 reason=clear
  future_a1=owner=V0 gen=105 arrival=8.900 to_b=13.900
---
tick=39773 sim_t=3977.300
  V0 mode=ACTIVE phase=TO_A1 gen=105 task=52 slot=13->-1 s=2.435 speed=0.142 action=NOMINAL requested=NOMINAL blocker=-1 wait=0.000 reason=clear
  V1 mode=ACTIVE phase=TO_B gen=100 task=49 slot=30->28 s=1.896 speed=0.198 action=NOMINAL requested=NOMINAL blocker=-1 wait=0.000 reason=clear
  future_a1=owner=V0 gen=105 arrival=8.900 to_b=13.900
---
tick=39774 sim_t=3977.400
  V0 mode=ACTIVE phase=TO_A1 gen=105 task=52 slot=13->-1 s=2.449 speed=0.142 action=NOMINAL requested=NOMINAL blocker=-1 wait=0.000 reason=clear
  V1 mode=ACTIVE phase=TO_B gen=100 task=49 slot=30->28 s=1.916 speed=0.200 action=NOMINAL requested=NOMINAL blocker=-1 wait=0.000 reason=clear
  future_a1=owner=V0 gen=105 arrival=8.900 to_b=13.900
---
tick=39775 sim_t=3977.500
  V0 mode=ACTIVE phase=TO_A1 gen=105 task=52 slot=13->-1 s=2.464 speed=0.142 action=NOMINAL requested=NOMINAL blocker=-1 wait=0.000 reason=clear
  V1 mode=ACTIVE phase=TO_B gen=100 task=49 slot=30->28 s=1.936 speed=0.200 action=NOMINAL requested=NOMINAL blocker=-1 wait=0.000 reason=clear
  future_a1=owner=V0 gen=105 arrival=6.900 to_b=11.900
---
tick=39776 sim_t=3977.600
  V0 mode=ACTIVE phase=TO_A1 gen=105 task=52 slot=13->-1 s=2.478 speed=0.142 action=NOMINAL requested=NOMINAL blocker=-1 wait=0.000 reason=clear
  V1 mode=ACTIVE phase=TO_B gen=100 task=49 slot=30->28 s=1.956 speed=0.200 action=NOMINAL requested=NOMINAL blocker=-1 wait=0.000 reason=clear
  future_a1=owner=V0 gen=105 arrival=6.900 to_b=11.900
---
tick=39777 sim_t=3977.700
  V0 mode=ACTIVE phase=TO_A1 gen=105 task=52 slot=13->-1 s=2.492 speed=0.142 action=NOMINAL requested=NOMINAL blocker=-1 wait=0.000 reason=clear
  V1 mode=ACTIVE phase=TO_B gen=100 task=49 slot=30->28 s=1.976 speed=0.200 action=NOMINAL requested=NOMINAL blocker=-1 wait=0.000 reason=clear
  future_a1=owner=V0 gen=105 arrival=6.900 to_b=11.900
---
tick=39778 sim_t=3977.800
  V0 mode=ACTIVE phase=TO_A1 gen=105 task=52 slot=13->-1 s=2.506 speed=0.142 action=NOMINAL requested=NOMINAL blocker=-1 wait=0.000 reason=clear
  V1 mode=ACTIVE phase=TO_B gen=100 task=49 slot=30->28 s=1.996 speed=0.200 action=NOMINAL requested=NOMINAL blocker=-1 wait=0.000 reason=clear
  future_a1=owner=V0 gen=105 arrival=6.900 to_b=11.900
---
tick=39779 sim_t=3977.900
  V0 mode=ACTIVE phase=TO_A1 gen=105 task=52 slot=13->-1 s=2.521 speed=0.142 action=NOMINAL requested=NOMINAL blocker=-1 wait=0.000 reason=clear
  V1 mode=ACTIVE phase=TO_B gen=100 task=49 slot=30->28 s=2.016 speed=0.200 action=NOMINAL requested=NOMINAL blocker=-1 wait=0.000 reason=clear
  future_a1=owner=V0 gen=105 arrival=6.900 to_b=11.900
---
tick=39780 sim_t=3978.000
  V0 mode=ACTIVE phase=TO_A1 gen=105 task=52 slot=13->-1 s=2.535 speed=0.142 action=NOMINAL requested=NOMINAL blocker=-1 wait=0.000 reason=clear
  V1 mode=ACTIVE phase=TO_B gen=100 task=49 slot=30->28 s=2.036 speed=0.200 action=NOMINAL requested=NOMINAL blocker=-1 wait=0.000 reason=clear
  future_a1=owner=V0 gen=105 arrival=6.900 to_b=11.900
---
tick=39781 sim_t=3978.100
  V0 mode=ACTIVE phase=TO_A1 gen=105 task=52 slot=13->-1 s=2.549 speed=0.142 action=NOMINAL requested=NOMINAL blocker=-1 wait=0.000 reason=clear
  V1 mode=ACTIVE phase=TO_B gen=100 task=49 slot=30->28 s=2.056 speed=0.200 action=NOMINAL requested=NOMINAL blocker=-1 wait=0.000 reason=clear
  future_a1=owner=V0 gen=105 arrival=6.900 to_b=11.900
---
tick=39782 sim_t=3978.200
  V0 mode=ACTIVE phase=TO_A1 gen=105 task=52 slot=13->-1 s=2.563 speed=0.142 action=NOMINAL requested=NOMINAL blocker=-1 wait=0.000 reason=clear
  V1 mode=ACTIVE phase=TO_B gen=100 task=49 slot=30->28 s=2.076 speed=0.200 action=NOMINAL requested=NOMINAL blocker=-1 wait=0.000 reason=clear
  future_a1=owner=V0 gen=105 arrival=6.900 to_b=11.900
---
tick=39783 sim_t=3978.300
  V0 mode=ACTIVE phase=TO_A1 gen=105 task=52 slot=13->-1 s=2.578 speed=0.142 action=NOMINAL requested=NOMINAL blocker=-1 wait=0.000 reason=clear
  V1 mode=ACTIVE phase=TO_B gen=100 task=49 slot=30->28 s=2.093 speed=0.170 action=NOMINAL requested=NOMINAL blocker=-1 wait=0.000 reason=clear
  future_a1=owner=V0 gen=105 arrival=6.900 to_b=11.900
---
tick=39784 sim_t=3978.400
  V0 mode=ACTIVE phase=TO_A1 gen=105 task=52 slot=13->-1 s=2.592 speed=0.142 action=NOMINAL requested=NOMINAL blocker=-1 wait=0.000 reason=clear
  V1 mode=ACTIVE phase=TO_B gen=100 task=49 slot=30->28 s=2.107 speed=0.142 action=NOMINAL requested=NOMINAL blocker=-1 wait=0.000 reason=clear
  future_a1=owner=V0 gen=105 arrival=6.900 to_b=11.900
---
tick=39785 sim_t=3978.500
  V0 mode=ACTIVE phase=TO_A1 gen=105 task=52 slot=13->-1 s=2.606 speed=0.142 action=NOMINAL requested=NOMINAL blocker=-1 wait=0.000 reason=clear
  V1 mode=ACTIVE phase=TO_B gen=100 task=49 slot=30->28 s=2.121 speed=0.137 action=NOMINAL requested=NOMINAL blocker=-1 wait=0.000 reason=clear
  future_a1=owner=V0 gen=105 arrival=6.900 to_b=11.900
---
tick=39786 sim_t=3978.600
  V0 mode=ACTIVE phase=TO_A1 gen=105 task=52 slot=13->-1 s=2.620 speed=0.142 action=NOMINAL requested=NOMINAL blocker=-1 wait=0.000 reason=clear
  V1 mode=ACTIVE phase=TO_B gen=100 task=49 slot=30->28 s=2.135 speed=0.137 action=NOMINAL requested=NOMINAL blocker=-1 wait=0.000 reason=clear
  future_a1=owner=V0 gen=105 arrival=6.900 to_b=11.900
---
tick=39787 sim_t=3978.700
  V0 mode=ACTIVE phase=TO_A1 gen=105 task=52 slot=13->-1 s=2.634 speed=0.143 action=NOMINAL requested=NOMINAL blocker=-1 wait=0.000 reason=clear
  V1 mode=ACTIVE phase=TO_B gen=100 task=49 slot=30->28 s=2.148 speed=0.137 action=NOMINAL requested=NOMINAL blocker=-1 wait=0.000 reason=clear
  future_a1=owner=V0 gen=105 arrival=6.900 to_b=11.900
---
tick=39788 sim_t=3978.800
  V0 mode=ACTIVE phase=TO_A1 gen=105 task=52 slot=13->-1 s=2.649 speed=0.143 action=NOMINAL requested=NOMINAL blocker=-1 wait=0.000 reason=clear
  V1 mode=ACTIVE phase=TO_B gen=100 task=49 slot=30->28 s=2.162 speed=0.137 action=NOMINAL requested=NOMINAL blocker=-1 wait=0.000 reason=clear
  future_a1=owner=V0 gen=105 arrival=6.900 to_b=11.900
---
tick=39789 sim_t=3978.900
  V0 mode=ACTIVE phase=TO_A1 gen=105 task=52 slot=13->-1 s=2.663 speed=0.146 action=NOMINAL requested=NOMINAL blocker=-1 wait=0.000 reason=clear
  V1 mode=ACTIVE phase=TO_B gen=100 task=49 slot=30->28 s=2.176 speed=0.137 action=NOMINAL requested=NOMINAL blocker=-1 wait=0.000 reason=clear
  future_a1=owner=V0 gen=105 arrival=6.900 to_b=11.900
---
tick=39790 sim_t=3979.000
  V0 mode=ACTIVE phase=TO_A1 gen=105 task=52 slot=13->-1 s=2.678 speed=0.151 action=NOMINAL requested=NOMINAL blocker=-1 wait=0.000 reason=clear
  V1 mode=ACTIVE phase=TO_B gen=100 task=49 slot=30->28 s=2.189 speed=0.137 action=NOMINAL requested=NOMINAL blocker=-1 wait=0.000 reason=clear
  future_a1=owner=V0 gen=105 arrival=6.900 to_b=11.900
---
tick=39791 sim_t=3979.100
  V0 mode=ACTIVE phase=TO_A1 gen=105 task=52 slot=13->-1 s=2.695 speed=0.162 action=NOMINAL requested=NOMINAL blocker=-1 wait=0.000 reason=clear
  V1 mode=ACTIVE phase=TO_B gen=100 task=49 slot=30->28 s=2.203 speed=0.137 action=NOMINAL requested=NOMINAL blocker=-1 wait=0.000 reason=clear
  future_a1=owner=V0 gen=105 arrival=6.900 to_b=11.900
---
tick=39792 sim_t=3979.200
  V0 mode=ACTIVE phase=TO_A1 gen=105 task=52 slot=13->-1 s=2.713 speed=0.182 action=NOMINAL requested=NOMINAL blocker=-1 wait=0.000 reason=clear
  V1 mode=ACTIVE phase=TO_B gen=100 task=49 slot=30->28 s=2.217 speed=0.137 action=NOMINAL requested=NOMINAL blocker=-1 wait=0.000 reason=clear
  future_a1=owner=V0 gen=105 arrival=6.900 to_b=11.900
---
tick=39793 sim_t=3979.300
  V0 mode=ACTIVE phase=TO_A1 gen=105 task=52 slot=13->-1 s=2.733 speed=0.200 action=NOMINAL requested=NOMINAL blocker=-1 wait=0.000 reason=clear
  V1 mode=ACTIVE phase=TO_B gen=100 task=49 slot=30->28 s=2.230 speed=0.137 action=NOMINAL requested=NOMINAL blocker=-1 wait=0.000 reason=clear
  future_a1=owner=V0 gen=105 arrival=6.900 to_b=11.900
---
tick=39794 sim_t=3979.400
  V0 mode=ACTIVE phase=TO_A1 gen=105 task=52 slot=13->-1 s=2.753 speed=0.200 action=NOMINAL requested=NOMINAL blocker=-1 wait=0.000 reason=clear
  V1 mode=ACTIVE phase=TO_B gen=100 task=49 slot=30->28 s=2.244 speed=0.137 action=NOMINAL requested=NOMINAL blocker=-1 wait=0.000 reason=clear
  future_a1=owner=V0 gen=105 arrival=6.900 to_b=11.900
---
tick=39795 sim_t=3979.500
  V0 mode=ACTIVE phase=TO_A1 gen=105 task=52 slot=13->-1 s=2.773 speed=0.200 action=NOMINAL requested=NOMINAL blocker=-1 wait=0.000 reason=clear
  V1 mode=ACTIVE phase=TO_B gen=100 task=49 slot=30->28 s=2.258 speed=0.137 action=NOMINAL requested=NOMINAL blocker=-1 wait=0.000 reason=clear
  future_a1=owner=V0 gen=105 arrival=4.900 to_b=9.900
---
tick=39796 sim_t=3979.600
  V0 mode=ACTIVE phase=TO_A1 gen=105 task=52 slot=13->-1 s=2.793 speed=0.200 action=NOMINAL requested=NOMINAL blocker=-1 wait=0.000 reason=clear
  V1 mode=ACTIVE phase=TO_B gen=100 task=49 slot=30->28 s=2.271 speed=0.137 action=NOMINAL requested=NOMINAL blocker=-1 wait=0.000 reason=clear
  future_a1=owner=V0 gen=105 arrival=4.900 to_b=9.900
---
tick=39797 sim_t=3979.700
  V0 mode=ACTIVE phase=TO_A1 gen=105 task=52 slot=13->-1 s=2.813 speed=0.200 action=NOMINAL requested=NOMINAL blocker=-1 wait=0.000 reason=clear
  V1 mode=ACTIVE phase=TO_B gen=100 task=49 slot=30->28 s=2.285 speed=0.137 action=NOMINAL requested=NOMINAL blocker=-1 wait=0.000 reason=clear
  future_a1=owner=V0 gen=105 arrival=4.900 to_b=9.900
---
tick=39798 sim_t=3979.800
  V0 mode=ACTIVE phase=TO_A1 gen=105 task=52 slot=13->-1 s=2.833 speed=0.200 action=NOMINAL requested=NOMINAL blocker=-1 wait=0.000 reason=clear
  V1 mode=ACTIVE phase=TO_B gen=100 task=49 slot=30->28 s=2.299 speed=0.137 action=NOMINAL requested=NOMINAL blocker=-1 wait=0.000 reason=clear
  future_a1=owner=V0 gen=105 arrival=4.900 to_b=9.900
---
tick=39799 sim_t=3979.900
  V0 mode=ACTIVE phase=TO_A1 gen=105 task=52 slot=13->-1 s=2.853 speed=0.200 action=NOMINAL requested=NOMINAL blocker=-1 wait=0.000 reason=clear
  V1 mode=ACTIVE phase=TO_B gen=100 task=49 slot=30->28 s=2.312 speed=0.137 action=NOMINAL requested=NOMINAL blocker=-1 wait=0.000 reason=clear
  future_a1=owner=V0 gen=105 arrival=4.900 to_b=9.900
---
tick=39800 sim_t=3980.000
  V0 mode=ACTIVE phase=TO_A1 gen=105 task=52 slot=13->-1 s=2.871 speed=0.185 action=NOMINAL requested=NOMINAL blocker=-1 wait=0.000 reason=clear
  V1 mode=ACTIVE phase=TO_B gen=100 task=49 slot=30->28 s=2.326 speed=0.137 action=NOMINAL requested=NOMINAL blocker=-1 wait=0.000 reason=clear
  future_a1=owner=V0 gen=105 arrival=4.900 to_b=9.900
---
tick=39801 sim_t=3980.100
  V0 mode=ACTIVE phase=TO_A1 gen=105 task=52 slot=13->-1 s=2.888 speed=0.168 action=NOMINAL requested=NOMINAL blocker=-1 wait=0.000 reason=clear
  V1 mode=ACTIVE phase=TO_B gen=100 task=49 slot=30->28 s=2.340 speed=0.137 action=NOMINAL requested=NOMINAL blocker=-1 wait=0.000 reason=clear
  future_a1=owner=V0 gen=105 arrival=4.900 to_b=9.900
---
tick=39802 sim_t=3980.200
  V0 mode=ACTIVE phase=TO_A1 gen=105 task=52 slot=13->-1 s=2.904 speed=0.156 action=NOMINAL requested=NOMINAL blocker=-1 wait=0.000 reason=clear
  V1 mode=ACTIVE phase=TO_B gen=100 task=49 slot=30->28 s=2.353 speed=0.137 action=NOMINAL requested=NOMINAL blocker=-1 wait=0.000 reason=clear
  future_a1=owner=V0 gen=105 arrival=4.900 to_b=9.900
---
tick=39803 sim_t=3980.300
  V0 mode=ACTIVE phase=TO_A1 gen=105 task=52 slot=13->-1 s=2.919 speed=0.149 action=NOMINAL requested=NOMINAL blocker=-1 wait=0.000 reason=clear
  V1 mode=ACTIVE phase=TO_B gen=100 task=49 slot=30->28 s=2.367 speed=0.137 action=NOMINAL requested=NOMINAL blocker=-1 wait=0.000 reason=clear
  future_a1=owner=V0 gen=105 arrival=4.900 to_b=9.900
---
tick=39804 sim_t=3980.400
  V0 mode=ACTIVE phase=TO_A1 gen=105 task=52 slot=13->-1 s=2.933 speed=0.145 action=NOMINAL requested=NOMINAL blocker=-1 wait=0.000 reason=clear
  V1 mode=ACTIVE phase=TO_B gen=100 task=49 slot=30->28 s=2.381 speed=0.137 action=NOMINAL requested=NOMINAL blocker=-1 wait=0.000 reason=clear
  future_a1=owner=V0 gen=105 arrival=4.900 to_b=9.900
---
tick=39805 sim_t=3980.500
  V0 mode=ACTIVE phase=TO_A1 gen=105 task=52 slot=13->-1 s=2.948 speed=0.143 action=NOMINAL requested=NOMINAL blocker=-1 wait=0.000 reason=clear
  V1 mode=ACTIVE phase=TO_B gen=100 task=49 slot=30->28 s=2.394 speed=0.137 action=NOMINAL requested=NOMINAL blocker=-1 wait=0.000 reason=clear
  future_a1=owner=V0 gen=105 arrival=4.900 to_b=9.900
---
tick=39806 sim_t=3980.600
  V0 mode=ACTIVE phase=TO_A1 gen=105 task=52 slot=13->-1 s=2.962 speed=0.143 action=NOMINAL requested=NOMINAL blocker=-1 wait=0.000 reason=clear
  V1 mode=ACTIVE phase=TO_B gen=100 task=49 slot=30->28 s=2.408 speed=0.137 action=NOMINAL requested=NOMINAL blocker=-1 wait=0.000 reason=clear
  future_a1=owner=V0 gen=105 arrival=4.900 to_b=9.900
---
tick=39807 sim_t=3980.700
  V0 mode=ACTIVE phase=TO_A1 gen=105 task=52 slot=13->-1 s=2.976 speed=0.142 action=NOMINAL requested=NOMINAL blocker=-1 wait=0.000 reason=clear
  V1 mode=ACTIVE phase=TO_B gen=100 task=49 slot=30->28 s=2.422 speed=0.137 action=NOMINAL requested=NOMINAL blocker=-1 wait=0.000 reason=clear
  future_a1=owner=V0 gen=105 arrival=4.900 to_b=9.900
---
tick=39808 sim_t=3980.800
  V0 mode=ACTIVE phase=TO_A1 gen=105 task=52 slot=13->-1 s=2.990 speed=0.142 action=NOMINAL requested=NOMINAL blocker=-1 wait=0.000 reason=clear
  V1 mode=ACTIVE phase=TO_B gen=100 task=49 slot=30->28 s=2.435 speed=0.137 action=NOMINAL requested=NOMINAL blocker=-1 wait=0.000 reason=clear
  future_a1=owner=V0 gen=105 arrival=4.900 to_b=9.900
---
tick=39809 sim_t=3980.900
  V0 mode=ACTIVE phase=TO_A1 gen=105 task=52 slot=13->-1 s=3.005 speed=0.142 action=NOMINAL requested=NOMINAL blocker=-1 wait=0.000 reason=clear
  V1 mode=ACTIVE phase=TO_B gen=100 task=49 slot=30->28 s=2.449 speed=0.137 action=NOMINAL requested=NOMINAL blocker=-1 wait=0.000 reason=clear
  future_a1=owner=V0 gen=105 arrival=4.900 to_b=9.900
---
tick=39810 sim_t=3981.000
  V0 mode=ACTIVE phase=TO_A1 gen=105 task=52 slot=13->-1 s=3.019 speed=0.142 action=NOMINAL requested=NOMINAL blocker=-1 wait=0.000 reason=clear
  V1 mode=ACTIVE phase=TO_B gen=100 task=49 slot=30->28 s=2.462 speed=0.137 action=NOMINAL requested=NOMINAL blocker=-1 wait=0.000 reason=clear
  future_a1=owner=V0 gen=105 arrival=4.900 to_b=9.900
---
tick=39811 sim_t=3981.100
  V0 mode=ACTIVE phase=TO_A1 gen=105 task=52 slot=13->-1 s=3.033 speed=0.142 action=NOMINAL requested=NOMINAL blocker=-1 wait=0.000 reason=clear
  V1 mode=ACTIVE phase=TO_B gen=100 task=49 slot=30->28 s=2.476 speed=0.137 action=NOMINAL requested=NOMINAL blocker=-1 wait=0.000 reason=clear
  future_a1=owner=V0 gen=105 arrival=4.900 to_b=9.900
---
tick=39812 sim_t=3981.200
  V0 mode=ACTIVE phase=TO_A1 gen=105 task=52 slot=13->-1 s=3.047 speed=0.142 action=NOMINAL requested=NOMINAL blocker=-1 wait=0.000 reason=clear
  V1 mode=ACTIVE phase=TO_B gen=100 task=49 slot=30->28 s=2.490 speed=0.137 action=NOMINAL requested=NOMINAL blocker=-1 wait=0.000 reason=clear
  future_a1=owner=V0 gen=105 arrival=4.900 to_b=9.900
---
tick=39813 sim_t=3981.300
  V0 mode=ACTIVE phase=TO_A1 gen=105 task=52 slot=13->-1 s=3.062 speed=0.142 action=NOMINAL requested=NOMINAL blocker=-1 wait=0.000 reason=clear
  V1 mode=ACTIVE phase=TO_B gen=100 task=49 slot=30->28 s=2.503 speed=0.137 action=NOMINAL requested=NOMINAL blocker=-1 wait=0.000 reason=clear
  future_a1=owner=V0 gen=105 arrival=4.900 to_b=9.900
---
tick=39814 sim_t=3981.400
  V0 mode=ACTIVE phase=TO_A1 gen=105 task=52 slot=13->-1 s=3.076 speed=0.142 action=NOMINAL requested=NOMINAL blocker=-1 wait=0.000 reason=clear
  V1 mode=ACTIVE phase=TO_B gen=100 task=49 slot=30->28 s=2.517 speed=0.137 action=NOMINAL requested=NOMINAL blocker=-1 wait=0.000 reason=clear
  future_a1=owner=V0 gen=105 arrival=4.900 to_b=9.900
---
tick=39815 sim_t=3981.500
  V0 mode=ACTIVE phase=TO_A1 gen=105 task=52 slot=13->-1 s=3.090 speed=0.142 action=NOMINAL requested=NOMINAL blocker=-1 wait=0.000 reason=clear
  V1 mode=ACTIVE phase=TO_B gen=100 task=49 slot=30->28 s=2.531 speed=0.141 action=NOMINAL requested=NOMINAL blocker=-1 wait=0.000 reason=clear
  future_a1=owner=V0 gen=105 arrival=2.900 to_b=7.900
---
tick=39816 sim_t=3981.600
  V0 mode=ACTIVE phase=TO_A1 gen=105 task=52 slot=13->-1 s=3.104 speed=0.142 action=NOMINAL requested=NOMINAL blocker=-1 wait=0.000 reason=clear
  V1 mode=ACTIVE phase=TO_B gen=100 task=49 slot=30->28 s=2.546 speed=0.152 action=NOMINAL requested=NOMINAL blocker=-1 wait=0.000 reason=clear
  future_a1=owner=V0 gen=105 arrival=2.900 to_b=7.900
---
tick=39817 sim_t=3981.700
  V0 mode=ACTIVE phase=TO_A1 gen=105 task=52 slot=13->-1 s=3.119 speed=0.142 action=NOMINAL requested=NOMINAL blocker=-1 wait=0.000 reason=clear
  V1 mode=ACTIVE phase=TO_B gen=100 task=49 slot=30->28 s=2.564 speed=0.172 action=NOMINAL requested=NOMINAL blocker=-1 wait=0.000 reason=clear
  future_a1=owner=V0 gen=105 arrival=2.900 to_b=7.900
---
tick=39818 sim_t=3981.800
  V0 mode=ACTIVE phase=TO_A1 gen=105 task=52 slot=13->-1 s=3.133 speed=0.142 action=NOMINAL requested=NOMINAL blocker=-1 wait=0.000 reason=clear
  V1 mode=ACTIVE phase=TO_B gen=100 task=49 slot=30->28 s=2.583 speed=0.192 action=NOMINAL requested=NOMINAL blocker=-1 wait=0.000 reason=clear
  future_a1=owner=V0 gen=105 arrival=2.900 to_b=7.900
---
tick=39819 sim_t=3981.900
  V0 mode=ACTIVE phase=TO_A1 gen=105 task=52 slot=13->-1 s=3.147 speed=0.142 action=NOMINAL requested=NOMINAL blocker=-1 wait=0.000 reason=clear
  V1 mode=ACTIVE phase=TO_B gen=100 task=49 slot=30->28 s=2.603 speed=0.200 action=NOMINAL requested=NOMINAL blocker=-1 wait=0.000 reason=clear
  future_a1=owner=V0 gen=105 arrival=2.900 to_b=7.900
---
tick=39820 sim_t=3982.000
  V0 mode=ACTIVE phase=TO_A1 gen=105 task=52 slot=13->-1 s=3.161 speed=0.142 action=NOMINAL requested=NOMINAL blocker=-1 wait=0.000 reason=clear
  V1 mode=ACTIVE phase=TO_B gen=100 task=49 slot=30->28 s=2.623 speed=0.200 action=NOMINAL requested=NOMINAL blocker=-1 wait=0.000 reason=clear
  future_a1=owner=V0 gen=105 arrival=2.900 to_b=7.900
---
tick=39821 sim_t=3982.100
  V0 mode=ACTIVE phase=TO_A1 gen=105 task=52 slot=13->-1 s=3.175 speed=0.142 action=NOMINAL requested=NOMINAL blocker=-1 wait=0.000 reason=clear
  V1 mode=ACTIVE phase=TO_B gen=100 task=49 slot=30->28 s=2.643 speed=0.200 action=NOMINAL requested=NOMINAL blocker=-1 wait=0.000 reason=clear
  future_a1=owner=V0 gen=105 arrival=2.900 to_b=7.900
---
tick=39822 sim_t=3982.200
  V0 mode=ACTIVE phase=TO_A1 gen=105 task=52 slot=13->-1 s=3.190 speed=0.142 action=NOMINAL requested=NOMINAL blocker=-1 wait=0.000 reason=clear
  V1 mode=ACTIVE phase=TO_B gen=100 task=49 slot=30->28 s=2.663 speed=0.200 action=NOMINAL requested=NOMINAL blocker=-1 wait=0.000 reason=clear
  future_a1=owner=V0 gen=105 arrival=2.900 to_b=7.900
---
tick=39823 sim_t=3982.300
  V0 mode=ACTIVE phase=TO_A1 gen=105 task=52 slot=13->-1 s=3.204 speed=0.142 action=NOMINAL requested=NOMINAL blocker=-1 wait=0.000 reason=clear
  V1 mode=ACTIVE phase=TO_B gen=100 task=49 slot=30->28 s=2.683 speed=0.200 action=NOMINAL requested=NOMINAL blocker=-1 wait=0.000 reason=clear
  future_a1=owner=V0 gen=105 arrival=2.900 to_b=7.900
---
tick=39824 sim_t=3982.400
  V0 mode=ACTIVE phase=TO_A1 gen=105 task=52 slot=13->-1 s=3.218 speed=0.142 action=NOMINAL requested=NOMINAL blocker=-1 wait=0.000 reason=clear
  V1 mode=ACTIVE phase=TO_B gen=100 task=49 slot=30->28 s=2.703 speed=0.200 action=NOMINAL requested=NOMINAL blocker=-1 wait=0.000 reason=clear
  future_a1=owner=V0 gen=105 arrival=2.900 to_b=7.900
---
tick=39825 sim_t=3982.500
  V0 mode=ACTIVE phase=TO_A1 gen=105 task=52 slot=13->-1 s=3.232 speed=0.142 action=NOMINAL requested=NOMINAL blocker=-1 wait=0.000 reason=clear
  V1 mode=ACTIVE phase=TO_B gen=100 task=49 slot=30->28 s=2.723 speed=0.200 action=NOMINAL requested=NOMINAL blocker=-1 wait=0.000 reason=clear
  future_a1=owner=V0 gen=105 arrival=2.900 to_b=7.900
---
tick=39826 sim_t=3982.600
  V0 mode=ACTIVE phase=TO_A1 gen=105 task=52 slot=13->-1 s=3.247 speed=0.142 action=NOMINAL requested=NOMINAL blocker=-1 wait=0.000 reason=clear
  V1 mode=ACTIVE phase=TO_B gen=100 task=49 slot=30->28 s=2.743 speed=0.200 action=NOMINAL requested=NOMINAL blocker=-1 wait=0.000 reason=clear
  future_a1=owner=V0 gen=105 arrival=2.900 to_b=7.900
---
tick=39827 sim_t=3982.700
  V0 mode=ACTIVE phase=TO_A1 gen=105 task=52 slot=13->-1 s=3.261 speed=0.142 action=NOMINAL requested=NOMINAL blocker=-1 wait=0.000 reason=clear
  V1 mode=ACTIVE phase=TO_B gen=100 task=49 slot=30->28 s=2.763 speed=0.200 action=NOMINAL requested=NOMINAL blocker=-1 wait=0.000 reason=clear
  future_a1=owner=V0 gen=105 arrival=2.900 to_b=7.900
---
tick=39828 sim_t=3982.800
  V0 mode=ACTIVE phase=TO_A1 gen=105 task=52 slot=13->-1 s=3.275 speed=0.143 action=NOMINAL requested=NOMINAL blocker=-1 wait=0.000 reason=clear
  V1 mode=ACTIVE phase=TO_B gen=100 task=49 slot=30->28 s=2.783 speed=0.200 action=NOMINAL requested=NOMINAL blocker=-1 wait=0.000 reason=clear
  future_a1=owner=V0 gen=105 arrival=2.900 to_b=7.900
---
tick=39829 sim_t=3982.900
  V0 mode=ACTIVE phase=TO_A1 gen=105 task=52 slot=13->-1 s=3.290 speed=0.143 action=NOMINAL requested=NOMINAL blocker=-1 wait=0.000 reason=clear
  V1 mode=ACTIVE phase=TO_B gen=100 task=49 slot=30->28 s=2.801 speed=0.179 action=NOMINAL requested=NOMINAL blocker=-1 wait=0.000 reason=clear
  future_a1=owner=V0 gen=105 arrival=2.900 to_b=7.900
---
tick=39830 sim_t=3983.000
  V0 mode=ACTIVE phase=TO_A1 gen=105 task=52 slot=13->-1 s=3.304 speed=0.145 action=NOMINAL requested=NOMINAL blocker=-1 wait=0.000 reason=clear
  V1 mode=ACTIVE phase=TO_B gen=100 task=49 slot=30->28 s=2.817 speed=0.164 action=NOMINAL requested=NOMINAL blocker=-1 wait=0.000 reason=clear
  future_a1=owner=V0 gen=105 arrival=2.900 to_b=7.900
---
tick=39831 sim_t=3983.100
  V0 mode=ACTIVE phase=TO_A1 gen=105 task=52 slot=13->-1 s=3.319 speed=0.148 action=NOMINAL requested=NOMINAL blocker=-1 wait=0.000 reason=clear
  V1 mode=ACTIVE phase=TO_B gen=100 task=49 slot=30->28 s=2.832 speed=0.155 action=NOMINAL requested=NOMINAL blocker=-1 wait=0.000 reason=clear
  future_a1=owner=V0 gen=105 arrival=2.900 to_b=7.900
---
tick=39832 sim_t=3983.200
  V0 mode=ACTIVE phase=TO_A1 gen=105 task=52 slot=13->-1 s=3.334 speed=0.155 action=NOMINAL requested=NOMINAL blocker=-1 wait=0.000 reason=clear
  V1 mode=ACTIVE phase=TO_B gen=100 task=49 slot=30->28 s=2.847 speed=0.148 action=NOMINAL requested=NOMINAL blocker=-1 wait=0.000 reason=clear
  future_a1=owner=V0 gen=105 arrival=2.900 to_b=7.900
---
tick=39833 sim_t=3983.300
  V0 mode=ACTIVE phase=TO_A1 gen=105 task=52 slot=13->-1 s=3.351 speed=0.164 action=NOMINAL requested=NOMINAL blocker=-1 wait=0.000 reason=clear
  V1 mode=ACTIVE phase=TO_B gen=100 task=49 slot=30->28 s=2.862 speed=0.145 action=NOMINAL requested=NOMINAL blocker=-1 wait=0.000 reason=clear
  future_a1=owner=V0 gen=105 arrival=2.900 to_b=7.900
---
tick=39834 sim_t=3983.400
  V0 mode=ACTIVE phase=TO_A1 gen=105 task=52 slot=13->-1 s=3.368 speed=0.178 action=NOMINAL requested=NOMINAL blocker=-1 wait=0.000 reason=clear
  V1 mode=ACTIVE phase=TO_B gen=100 task=49 slot=30->28 s=2.876 speed=0.143 action=NOMINAL requested=NOMINAL blocker=-1 wait=0.000 reason=clear
  future_a1=owner=V0 gen=105 arrival=2.900 to_b=7.900
---
tick=39835 sim_t=3983.500
  V0 mode=ACTIVE phase=TO_A1 gen=105 task=52 slot=13->-1 s=3.388 speed=0.198 action=NOMINAL requested=NOMINAL blocker=-1 wait=0.000 reason=clear
  V1 mode=ACTIVE phase=TO_B gen=100 task=49 slot=30->28 s=2.890 speed=0.143 action=NOMINAL requested=NOMINAL blocker=-1 wait=0.000 reason=clear
  future_a1=owner=V0 gen=105 arrival=0.900 to_b=5.900
---
tick=39836 sim_t=3983.600
  V0 mode=ACTIVE phase=TO_A1 gen=105 task=52 slot=13->-1 s=3.408 speed=0.200 action=NOMINAL requested=NOMINAL blocker=-1 wait=0.000 reason=clear
  V1 mode=ACTIVE phase=TO_B gen=100 task=49 slot=30->28 s=2.905 speed=0.142 action=NOMINAL requested=NOMINAL blocker=-1 wait=0.000 reason=clear
  future_a1=owner=V0 gen=105 arrival=0.900 to_b=5.900
---
tick=39837 sim_t=3983.700
  V0 mode=ACTIVE phase=TO_A1 gen=105 task=52 slot=13->-1 s=3.428 speed=0.200 action=NOMINAL requested=NOMINAL blocker=-1 wait=0.000 reason=clear
  V1 mode=ACTIVE phase=TO_B gen=100 task=49 slot=30->28 s=2.919 speed=0.142 action=NOMINAL requested=NOMINAL blocker=-1 wait=0.000 reason=clear
  future_a1=owner=V0 gen=105 arrival=0.900 to_b=5.900
---
tick=39838 sim_t=3983.800
  V0 mode=ACTIVE phase=TO_A1 gen=105 task=52 slot=13->-1 s=3.448 speed=0.200 action=NOMINAL requested=NOMINAL blocker=-1 wait=0.000 reason=clear
  V1 mode=ACTIVE phase=TO_B gen=100 task=49 slot=30->28 s=2.933 speed=0.142 action=NOMINAL requested=NOMINAL blocker=-1 wait=0.000 reason=clear
  future_a1=owner=V0 gen=105 arrival=0.900 to_b=5.900
---
tick=39839 sim_t=3983.900
  V0 mode=ACTIVE phase=TO_A1 gen=105 task=52 slot=13->-1 s=3.468 speed=0.200 action=NOMINAL requested=NOMINAL blocker=-1 wait=0.000 reason=clear
  V1 mode=ACTIVE phase=TO_B gen=100 task=49 slot=30->28 s=2.947 speed=0.142 action=NOMINAL requested=NOMINAL blocker=-1 wait=0.000 reason=clear
  future_a1=owner=V0 gen=105 arrival=0.900 to_b=5.900
---
tick=39840 sim_t=3984.000
  V0 mode=ACTIVE phase=TO_A1 gen=105 task=52 slot=13->-1 s=3.488 speed=0.200 action=NOMINAL requested=NOMINAL blocker=-1 wait=0.000 reason=clear
  V1 mode=ACTIVE phase=TO_B gen=100 task=49 slot=30->28 s=2.962 speed=0.142 action=NOMINAL requested=NOMINAL blocker=-1 wait=0.000 reason=clear
  future_a1=owner=V0 gen=105 arrival=0.900 to_b=5.900
---
tick=39841 sim_t=3984.100
  V0 mode=ACTIVE phase=TO_A1 gen=105 task=52 slot=13->-1 s=3.508 speed=0.200 action=NOMINAL requested=NOMINAL blocker=-1 wait=0.000 reason=clear
  V1 mode=ACTIVE phase=TO_B gen=100 task=49 slot=30->28 s=2.976 speed=0.142 action=NOMINAL requested=NOMINAL blocker=-1 wait=0.000 reason=clear
  future_a1=owner=V0 gen=105 arrival=0.900 to_b=5.900
---
tick=39842 sim_t=3984.200
  V0 mode=ACTIVE phase=TO_A1 gen=105 task=52 slot=13->-1 s=3.528 speed=0.200 action=NOMINAL requested=NOMINAL blocker=-1 wait=0.000 reason=clear
  V1 mode=ACTIVE phase=TO_B gen=100 task=49 slot=30->28 s=2.990 speed=0.142 action=NOMINAL requested=NOMINAL blocker=-1 wait=0.000 reason=clear
  future_a1=owner=V0 gen=105 arrival=0.900 to_b=5.900
---
tick=39843 sim_t=3984.300
  V0 mode=DWELL phase=PICKUP_DWELL gen=105 task=52 slot=13->-1 s=3.541 speed=0.000 action=STOP requested=STOP blocker=-1 wait=0.000 reason=pickup_dwell
  V1 mode=ACTIVE phase=TO_B gen=100 task=49 slot=30->28 s=3.004 speed=0.142 action=NOMINAL requested=NOMINAL blocker=-1 wait=0.000 reason=clear
  future_a1=owner=V0 gen=105 arrival=0.900 to_b=5.900
---
tick=39844 sim_t=3984.400
  V0 mode=DWELL phase=PICKUP_DWELL gen=105 task=52 slot=13->-1 s=3.541 speed=0.000 action=STOP requested=STOP blocker=-1 wait=0.000 reason=not_active
  V1 mode=ACTIVE phase=TO_B gen=100 task=49 slot=30->28 s=3.019 speed=0.142 action=NOMINAL requested=NOMINAL blocker=-1 wait=0.000 reason=clear
  future_a1=owner=V0 gen=105 arrival=0.000 to_b=4.900
---
tick=39845 sim_t=3984.500
  V0 mode=DWELL phase=PICKUP_DWELL gen=105 task=52 slot=13->-1 s=3.541 speed=0.000 action=STOP requested=STOP blocker=-1 wait=0.000 reason=not_active
  V1 mode=ACTIVE phase=TO_B gen=100 task=49 slot=30->28 s=3.033 speed=0.142 action=NOMINAL requested=NOMINAL blocker=-1 wait=0.000 reason=clear
  future_a1=owner=V0 gen=105 arrival=0.000 to_b=4.900
---
tick=39846 sim_t=3984.600
  V0 mode=DWELL phase=PICKUP_DWELL gen=105 task=52 slot=13->-1 s=3.541 speed=0.000 action=STOP requested=STOP blocker=-1 wait=0.000 reason=not_active
  V1 mode=ACTIVE phase=TO_B gen=100 task=49 slot=30->28 s=3.047 speed=0.142 action=NOMINAL requested=NOMINAL blocker=-1 wait=0.000 reason=clear
  future_a1=owner=V0 gen=105 arrival=0.000 to_b=4.900
---
tick=39847 sim_t=3984.700
  V0 mode=DWELL phase=PICKUP_DWELL gen=105 task=52 slot=13->-1 s=3.541 speed=0.000 action=STOP requested=STOP blocker=-1 wait=0.000 reason=not_active
  V1 mode=ACTIVE phase=TO_B gen=100 task=49 slot=30->28 s=3.061 speed=0.142 action=NOMINAL requested=NOMINAL blocker=-1 wait=0.000 reason=clear
  future_a1=owner=V0 gen=105 arrival=0.000 to_b=4.900
---
tick=39848 sim_t=3984.800
  V0 mode=DWELL phase=PICKUP_DWELL gen=105 task=52 slot=13->-1 s=3.541 speed=0.000 action=STOP requested=STOP blocker=-1 wait=0.000 reason=not_active
  V1 mode=ACTIVE phase=TO_B gen=100 task=49 slot=30->28 s=3.075 speed=0.142 action=NOMINAL requested=NOMINAL blocker=-1 wait=0.000 reason=clear
  future_a1=owner=V0 gen=105 arrival=0.000 to_b=4.900
---
tick=39849 sim_t=3984.900
  V0 mode=DWELL phase=PICKUP_DWELL gen=105 task=52 slot=13->-1 s=3.541 speed=0.000 action=STOP requested=STOP blocker=-1 wait=0.000 reason=not_active
  V1 mode=ACTIVE phase=TO_B gen=100 task=49 slot=30->28 s=3.090 speed=0.142 action=NOMINAL requested=NOMINAL blocker=-1 wait=0.000 reason=clear
  future_a1=owner=V0 gen=105 arrival=0.000 to_b=4.900
---
tick=39850 sim_t=3985.000
  V0 mode=DWELL phase=PICKUP_DWELL gen=105 task=52 slot=13->-1 s=3.541 speed=0.000 action=STOP requested=STOP blocker=-1 wait=0.000 reason=not_active
  V1 mode=ACTIVE phase=TO_B gen=100 task=49 slot=30->28 s=3.104 speed=0.142 action=NOMINAL requested=NOMINAL blocker=-1 wait=0.000 reason=clear
  future_a1=owner=V0 gen=105 arrival=0.000 to_b=4.900
---
tick=39851 sim_t=3985.100
  V0 mode=DWELL phase=PICKUP_DWELL gen=105 task=52 slot=13->-1 s=3.541 speed=0.000 action=STOP requested=STOP blocker=-1 wait=0.000 reason=not_active
  V1 mode=ACTIVE phase=TO_B gen=100 task=49 slot=30->28 s=3.118 speed=0.142 action=NOMINAL requested=NOMINAL blocker=-1 wait=0.000 reason=clear
  future_a1=owner=V0 gen=105 arrival=0.000 to_b=4.900
---
tick=39852 sim_t=3985.200
  V0 mode=DWELL phase=PICKUP_DWELL gen=105 task=52 slot=13->-1 s=3.541 speed=0.000 action=STOP requested=STOP blocker=-1 wait=0.000 reason=not_active
  V1 mode=ACTIVE phase=TO_B gen=100 task=49 slot=30->28 s=3.132 speed=0.142 action=NOMINAL requested=NOMINAL blocker=-1 wait=0.000 reason=clear
  future_a1=owner=V0 gen=105 arrival=0.000 to_b=4.900
---
tick=39853 sim_t=3985.300
  V0 mode=DWELL phase=PICKUP_DWELL gen=105 task=52 slot=13->-1 s=3.541 speed=0.000 action=STOP requested=STOP blocker=-1 wait=0.000 reason=not_active
  V1 mode=ACTIVE phase=TO_B gen=100 task=49 slot=30->28 s=3.147 speed=0.142 action=NOMINAL requested=NOMINAL blocker=-1 wait=0.000 reason=clear
  future_a1=owner=V0 gen=105 arrival=0.000 to_b=4.900
---
tick=39854 sim_t=3985.400
  V0 mode=DWELL phase=PICKUP_DWELL gen=105 task=52 slot=13->-1 s=3.541 speed=0.000 action=STOP requested=STOP blocker=-1 wait=0.000 reason=not_active
  V1 mode=ACTIVE phase=TO_B gen=100 task=49 slot=30->28 s=3.161 speed=0.142 action=NOMINAL requested=NOMINAL blocker=-1 wait=0.000 reason=clear
  future_a1=owner=V0 gen=105 arrival=0.000 to_b=4.900
---
tick=39855 sim_t=3985.500
  V0 mode=DWELL phase=PICKUP_DWELL gen=105 task=52 slot=13->-1 s=3.541 speed=0.000 action=STOP requested=STOP blocker=-1 wait=0.000 reason=not_active
  V1 mode=ACTIVE phase=TO_B gen=100 task=49 slot=30->28 s=3.175 speed=0.142 action=NOMINAL requested=NOMINAL blocker=-1 wait=0.000 reason=clear
  future_a1=owner=V0 gen=105 arrival=0.000 to_b=4.900
---
tick=39856 sim_t=3985.600
  V0 mode=DWELL phase=PICKUP_DWELL gen=105 task=52 slot=13->-1 s=3.541 speed=0.000 action=STOP requested=STOP blocker=-1 wait=0.000 reason=not_active
  V1 mode=ACTIVE phase=TO_B gen=100 task=49 slot=30->28 s=3.189 speed=0.142 action=NOMINAL requested=NOMINAL blocker=-1 wait=0.000 reason=clear
  future_a1=owner=V0 gen=105 arrival=0.000 to_b=4.900
---
tick=39857 sim_t=3985.700
  V0 mode=DWELL phase=PICKUP_DWELL gen=105 task=52 slot=13->-1 s=3.541 speed=0.000 action=STOP requested=STOP blocker=-1 wait=0.000 reason=not_active
  V1 mode=ACTIVE phase=TO_B gen=100 task=49 slot=30->28 s=3.204 speed=0.143 action=NOMINAL requested=NOMINAL blocker=-1 wait=0.000 reason=clear
  future_a1=owner=V0 gen=105 arrival=0.000 to_b=4.900
---
tick=39858 sim_t=3985.800
  V0 mode=DWELL phase=PICKUP_DWELL gen=105 task=52 slot=13->-1 s=3.541 speed=0.000 action=STOP requested=STOP blocker=-1 wait=0.000 reason=not_active
  V1 mode=ACTIVE phase=TO_B gen=100 task=49 slot=30->28 s=3.218 speed=0.144 action=NOMINAL requested=NOMINAL blocker=-1 wait=0.000 reason=clear
  future_a1=owner=V0 gen=105 arrival=0.000 to_b=4.900
---
tick=39859 sim_t=3985.900
  V0 mode=DWELL phase=PICKUP_DWELL gen=105 task=52 slot=13->-1 s=3.541 speed=0.000 action=STOP requested=STOP blocker=-1 wait=0.000 reason=not_active
  V1 mode=ACTIVE phase=TO_B gen=100 task=49 slot=30->28 s=3.233 speed=0.146 action=NOMINAL requested=NOMINAL blocker=-1 wait=0.000 reason=clear
  future_a1=owner=V0 gen=105 arrival=0.000 to_b=4.900
---
tick=39860 sim_t=3986.000
  V0 mode=DWELL phase=PICKUP_DWELL gen=105 task=52 slot=13->-1 s=3.541 speed=0.000 action=STOP requested=STOP blocker=-1 wait=0.000 reason=not_active
  V1 mode=ACTIVE phase=TO_B gen=100 task=49 slot=30->28 s=3.248 speed=0.151 action=NOMINAL requested=NOMINAL blocker=-1 wait=0.000 reason=clear
  future_a1=owner=V0 gen=105 arrival=0.000 to_b=4.900
---
tick=39861 sim_t=3986.100
  V0 mode=DWELL phase=PICKUP_DWELL gen=105 task=52 slot=13->-1 s=3.541 speed=0.000 action=STOP requested=STOP blocker=-1 wait=0.000 reason=not_active
  V1 mode=ACTIVE phase=TO_B gen=100 task=49 slot=30->28 s=3.264 speed=0.159 action=NOMINAL requested=NOMINAL blocker=-1 wait=0.000 reason=clear
  future_a1=owner=V0 gen=105 arrival=0.000 to_b=4.900
---
tick=39862 sim_t=3986.200
  V0 mode=DWELL phase=PICKUP_DWELL gen=105 task=52 slot=13->-1 s=3.541 speed=0.000 action=STOP requested=STOP blocker=-1 wait=0.000 reason=not_active
  V1 mode=ACTIVE phase=TO_B gen=100 task=49 slot=30->28 s=3.281 speed=0.170 action=NOMINAL requested=NOMINAL blocker=-1 wait=0.000 reason=clear
  future_a1=owner=V0 gen=105 arrival=0.000 to_b=4.900
---
tick=39863 sim_t=3986.300
  V0 mode=DWELL phase=PICKUP_DWELL gen=105 task=52 slot=13->-1 s=3.541 speed=0.000 action=STOP requested=STOP blocker=-1 wait=0.000 reason=not_active
  V1 mode=ACTIVE phase=TO_B gen=100 task=49 slot=30->28 s=3.299 speed=0.186 action=NOMINAL requested=NOMINAL blocker=-1 wait=0.000 reason=clear
  future_a1=owner=V0 gen=105 arrival=0.000 to_b=4.900
---
tick=39864 sim_t=3986.400
  V0 mode=DWELL phase=PICKUP_DWELL gen=105 task=52 slot=13->-1 s=3.541 speed=0.000 action=STOP requested=STOP blocker=-1 wait=0.000 reason=not_active
  V1 mode=ACTIVE phase=TO_B gen=100 task=49 slot=30->28 s=3.319 speed=0.200 action=NOMINAL requested=NOMINAL blocker=-1 wait=0.000 reason=clear
  future_a1=owner=V0 gen=105 arrival=0.000 to_b=2.900
---
tick=39865 sim_t=3986.500
  V0 mode=DWELL phase=PICKUP_DWELL gen=105 task=52 slot=13->-1 s=3.541 speed=0.000 action=STOP requested=STOP blocker=-1 wait=0.000 reason=not_active
  V1 mode=ACTIVE phase=TO_B gen=100 task=49 slot=30->28 s=3.339 speed=0.200 action=NOMINAL requested=NOMINAL blocker=-1 wait=0.000 reason=clear
  future_a1=owner=V0 gen=105 arrival=0.000 to_b=2.900
---
tick=39866 sim_t=3986.600
  V0 mode=DWELL phase=PICKUP_DWELL gen=105 task=52 slot=13->-1 s=3.541 speed=0.000 action=STOP requested=STOP blocker=-1 wait=0.000 reason=not_active
  V1 mode=ACTIVE phase=TO_B gen=100 task=49 slot=30->28 s=3.359 speed=0.200 action=NOMINAL requested=NOMINAL blocker=-1 wait=0.000 reason=clear
  future_a1=owner=V0 gen=105 arrival=0.000 to_b=2.900
---
tick=39867 sim_t=3986.700
  V0 mode=DWELL phase=PICKUP_DWELL gen=105 task=52 slot=13->-1 s=3.541 speed=0.000 action=STOP requested=STOP blocker=-1 wait=0.000 reason=not_active
  V1 mode=ACTIVE phase=TO_B gen=100 task=49 slot=30->28 s=3.379 speed=0.200 action=NOMINAL requested=NOMINAL blocker=-1 wait=0.000 reason=clear
  future_a1=owner=V0 gen=105 arrival=0.000 to_b=2.900
---
tick=39868 sim_t=3986.800
  V0 mode=DWELL phase=PICKUP_DWELL gen=105 task=52 slot=13->-1 s=3.541 speed=0.000 action=STOP requested=STOP blocker=-1 wait=0.000 reason=not_active
  V1 mode=ACTIVE phase=TO_B gen=100 task=49 slot=30->28 s=3.399 speed=0.200 action=NOMINAL requested=NOMINAL blocker=-1 wait=0.000 reason=clear
  future_a1=owner=V0 gen=105 arrival=0.000 to_b=2.900
---
tick=39869 sim_t=3986.900
  V0 mode=DWELL phase=PICKUP_DWELL gen=105 task=52 slot=13->-1 s=3.541 speed=0.000 action=STOP requested=STOP blocker=-1 wait=0.000 reason=not_active
  V1 mode=ACTIVE phase=TO_B gen=100 task=49 slot=30->28 s=3.419 speed=0.200 action=NOMINAL requested=NOMINAL blocker=-1 wait=0.000 reason=clear
  future_a1=owner=V0 gen=105 arrival=0.000 to_b=2.900
---
tick=39870 sim_t=3987.000
  V0 mode=DWELL phase=PICKUP_DWELL gen=105 task=52 slot=13->-1 s=3.541 speed=0.000 action=STOP requested=STOP blocker=-1 wait=0.000 reason=not_active
  V1 mode=ACTIVE phase=TO_B gen=100 task=49 slot=30->28 s=3.439 speed=0.200 action=NOMINAL requested=NOMINAL blocker=-1 wait=0.000 reason=clear
  future_a1=owner=V0 gen=105 arrival=0.000 to_b=2.900
---
tick=39871 sim_t=3987.100
  V0 mode=DWELL phase=PICKUP_DWELL gen=105 task=52 slot=13->-1 s=3.541 speed=0.000 action=STOP requested=STOP blocker=-1 wait=0.000 reason=not_active
  V1 mode=DWELL phase=UNLOAD_DWELL gen=100 task=49 slot=28->28 s=3.444 speed=0.000 action=STOP requested=STOP blocker=-1 wait=0.000 reason=unload_dwell
  future_a1=owner=V0 gen=105 arrival=0.000 to_b=2.900
---
tick=39872 sim_t=3987.200
  V0 mode=DWELL phase=PICKUP_DWELL gen=105 task=52 slot=13->-1 s=3.541 speed=0.000 action=STOP requested=STOP blocker=-1 wait=0.000 reason=not_active
  V1 mode=DWELL phase=UNLOAD_DWELL gen=100 task=49 slot=28->28 s=3.444 speed=0.000 action=STOP requested=STOP blocker=-1 wait=0.000 reason=not_active
  departure_cluster=V0/V1 owner=V0 owner_gen=106 other=V1 other_gen=101 active=1 intervals=1 stop_boundary=3.000 stop_s=2.900 release=1.150/3.900
  future_a1=owner=V0 gen=105 arrival=0.000 to_b=2.900
---
tick=39873 sim_t=3987.300
  V0 mode=DWELL phase=PICKUP_DWELL gen=105 task=52 slot=13->-1 s=3.541 speed=0.000 action=STOP requested=STOP blocker=-1 wait=0.000 reason=not_active
  V1 mode=DWELL phase=UNLOAD_DWELL gen=100 task=49 slot=28->28 s=3.444 speed=0.000 action=STOP requested=STOP blocker=-1 wait=0.000 reason=not_active
  departure_cluster=V0/V1 owner=V0 owner_gen=106 other=V1 other_gen=101 active=1 intervals=1 stop_boundary=3.000 stop_s=2.900 release=1.150/3.900
  future_a1=owner=V0 gen=105 arrival=0.000 to_b=2.900
---
tick=39874 sim_t=3987.400
  V0 mode=DWELL phase=PICKUP_DWELL gen=105 task=52 slot=13->-1 s=3.541 speed=0.000 action=STOP requested=STOP blocker=-1 wait=0.000 reason=not_active
  V1 mode=DWELL phase=UNLOAD_DWELL gen=100 task=49 slot=28->28 s=3.444 speed=0.000 action=STOP requested=STOP blocker=-1 wait=0.000 reason=not_active
  departure_cluster=V0/V1 owner=V0 owner_gen=106 other=V1 other_gen=101 active=1 intervals=1 stop_boundary=3.000 stop_s=2.900 release=1.150/3.900
  future_a1=owner=V0 gen=105 arrival=0.000 to_b=2.900
---
tick=39875 sim_t=3987.500
  V0 mode=DWELL phase=PICKUP_DWELL gen=105 task=52 slot=13->-1 s=3.541 speed=0.000 action=STOP requested=STOP blocker=-1 wait=0.000 reason=not_active
  V1 mode=DWELL phase=UNLOAD_DWELL gen=100 task=49 slot=28->28 s=3.444 speed=0.000 action=STOP requested=STOP blocker=-1 wait=0.000 reason=not_active
  departure_cluster=V0/V1 owner=V0 owner_gen=106 other=V1 other_gen=101 active=1 intervals=1 stop_boundary=3.000 stop_s=2.900 release=1.150/3.900
  future_a1=owner=V0 gen=105 arrival=0.000 to_b=2.900
---
tick=39876 sim_t=3987.600
  V0 mode=DWELL phase=PICKUP_DWELL gen=105 task=52 slot=13->-1 s=3.541 speed=0.000 action=STOP requested=STOP blocker=-1 wait=0.000 reason=not_active
  V1 mode=DWELL phase=UNLOAD_DWELL gen=100 task=49 slot=28->28 s=3.444 speed=0.000 action=STOP requested=STOP blocker=-1 wait=0.000 reason=not_active
  departure_cluster=V0/V1 owner=V0 owner_gen=106 other=V1 other_gen=101 active=1 intervals=1 stop_boundary=3.000 stop_s=2.900 release=1.150/3.900
  future_a1=owner=V0 gen=105 arrival=0.000 to_b=2.900
---
tick=39877 sim_t=3987.700
  V0 mode=DWELL phase=PICKUP_DWELL gen=105 task=52 slot=13->-1 s=3.541 speed=0.000 action=STOP requested=STOP blocker=-1 wait=0.000 reason=not_active
  V1 mode=DWELL phase=UNLOAD_DWELL gen=100 task=49 slot=28->28 s=3.444 speed=0.000 action=STOP requested=STOP blocker=-1 wait=0.000 reason=not_active
  departure_cluster=V0/V1 owner=V0 owner_gen=106 other=V1 other_gen=101 active=1 intervals=1 stop_boundary=3.000 stop_s=2.900 release=1.150/3.900
  future_a1=owner=V0 gen=105 arrival=0.000 to_b=2.900
---
tick=39878 sim_t=3987.800
  V0 mode=DWELL phase=PICKUP_DWELL gen=105 task=52 slot=13->-1 s=3.541 speed=0.000 action=STOP requested=STOP blocker=-1 wait=0.000 reason=not_active
  V1 mode=DWELL phase=UNLOAD_DWELL gen=100 task=49 slot=28->28 s=3.444 speed=0.000 action=STOP requested=STOP blocker=-1 wait=0.000 reason=not_active
  departure_cluster=V0/V1 owner=V0 owner_gen=106 other=V1 other_gen=101 active=1 intervals=1 stop_boundary=3.000 stop_s=2.900 release=1.150/3.900
  future_a1=owner=V0 gen=105 arrival=0.000 to_b=2.900
---
tick=39879 sim_t=3987.900
  V0 mode=DWELL phase=PICKUP_DWELL gen=105 task=52 slot=13->-1 s=3.541 speed=0.000 action=STOP requested=STOP blocker=-1 wait=0.000 reason=not_active
  V1 mode=DWELL phase=UNLOAD_DWELL gen=100 task=49 slot=28->28 s=3.444 speed=0.000 action=STOP requested=STOP blocker=-1 wait=0.000 reason=not_active
  departure_cluster=V0/V1 owner=V0 owner_gen=106 other=V1 other_gen=101 active=1 intervals=1 stop_boundary=3.000 stop_s=2.900 release=1.150/3.900
  future_a1=owner=V0 gen=105 arrival=0.000 to_b=2.900
---
tick=39880 sim_t=3988.000
  V0 mode=DWELL phase=PICKUP_DWELL gen=105 task=52 slot=13->-1 s=3.541 speed=0.000 action=STOP requested=STOP blocker=-1 wait=0.000 reason=not_active
  V1 mode=DWELL phase=UNLOAD_DWELL gen=100 task=49 slot=28->28 s=3.444 speed=0.000 action=STOP requested=STOP blocker=-1 wait=0.000 reason=not_active
  departure_cluster=V0/V1 owner=V0 owner_gen=106 other=V1 other_gen=101 active=1 intervals=1 stop_boundary=3.000 stop_s=2.900 release=1.150/3.900
  future_a1=owner=V0 gen=105 arrival=0.000 to_b=2.900
---
tick=39881 sim_t=3988.100
  V0 mode=DWELL phase=PICKUP_DWELL gen=105 task=52 slot=13->-1 s=3.541 speed=0.000 action=STOP requested=STOP blocker=-1 wait=0.000 reason=not_active
  V1 mode=DWELL phase=UNLOAD_DWELL gen=100 task=49 slot=28->28 s=3.444 speed=0.000 action=STOP requested=STOP blocker=-1 wait=0.000 reason=not_active
  departure_cluster=V0/V1 owner=V0 owner_gen=106 other=V1 other_gen=101 active=1 intervals=1 stop_boundary=3.000 stop_s=2.900 release=1.150/3.900
  future_a1=owner=V0 gen=105 arrival=0.000 to_b=2.900
---
tick=39882 sim_t=3988.200
  V0 mode=DWELL phase=PICKUP_DWELL gen=105 task=52 slot=13->-1 s=3.541 speed=0.000 action=STOP requested=STOP blocker=-1 wait=0.000 reason=not_active
  V1 mode=DWELL phase=UNLOAD_DWELL gen=100 task=49 slot=28->28 s=3.444 speed=0.000 action=STOP requested=STOP blocker=-1 wait=0.000 reason=not_active
  departure_cluster=V0/V1 owner=V0 owner_gen=106 other=V1 other_gen=101 active=1 intervals=1 stop_boundary=3.000 stop_s=2.900 release=1.150/3.900
  future_a1=owner=V0 gen=105 arrival=0.000 to_b=2.900
---
tick=39883 sim_t=3988.300
  V0 mode=DWELL phase=PICKUP_DWELL gen=105 task=52 slot=13->-1 s=3.541 speed=0.000 action=STOP requested=STOP blocker=-1 wait=0.000 reason=not_active
  V1 mode=DWELL phase=UNLOAD_DWELL gen=100 task=49 slot=28->28 s=3.444 speed=0.000 action=STOP requested=STOP blocker=-1 wait=0.000 reason=not_active
  departure_cluster=V0/V1 owner=V0 owner_gen=106 other=V1 other_gen=101 active=1 intervals=1 stop_boundary=3.000 stop_s=2.900 release=1.150/3.900
  future_a1=owner=V0 gen=105 arrival=0.000 to_b=2.900
---
tick=39884 sim_t=3988.400
  V0 mode=DWELL phase=PICKUP_DWELL gen=105 task=52 slot=13->-1 s=3.541 speed=0.000 action=STOP requested=STOP blocker=-1 wait=0.000 reason=not_active
  V1 mode=DWELL phase=UNLOAD_DWELL gen=100 task=49 slot=28->28 s=3.444 speed=0.000 action=STOP requested=STOP blocker=-1 wait=0.000 reason=not_active
  departure_cluster=V0/V1 owner=V0 owner_gen=106 other=V1 other_gen=101 active=1 intervals=1 stop_boundary=3.000 stop_s=2.900 release=1.150/3.900
  future_a1=owner=V0 gen=105 arrival=0.000 to_b=0.900
---
tick=39885 sim_t=3988.500
  V0 mode=DWELL phase=PICKUP_DWELL gen=105 task=52 slot=13->-1 s=3.541 speed=0.000 action=STOP requested=STOP blocker=-1 wait=0.000 reason=not_active
  V1 mode=DWELL phase=UNLOAD_DWELL gen=100 task=49 slot=28->28 s=3.444 speed=0.000 action=STOP requested=STOP blocker=-1 wait=0.000 reason=not_active
  departure_cluster=V0/V1 owner=V0 owner_gen=106 other=V1 other_gen=101 active=1 intervals=1 stop_boundary=3.000 stop_s=2.900 release=1.150/3.900
  future_a1=owner=V0 gen=105 arrival=0.000 to_b=0.900
---
tick=39886 sim_t=3988.600
  V0 mode=DWELL phase=PICKUP_DWELL gen=105 task=52 slot=13->-1 s=3.541 speed=0.000 action=STOP requested=STOP blocker=-1 wait=0.000 reason=not_active
  V1 mode=DWELL phase=UNLOAD_DWELL gen=100 task=49 slot=28->28 s=3.444 speed=0.000 action=STOP requested=STOP blocker=-1 wait=0.000 reason=not_active
  departure_cluster=V0/V1 owner=V0 owner_gen=106 other=V1 other_gen=101 active=1 intervals=1 stop_boundary=3.000 stop_s=2.900 release=1.150/3.900
  future_a1=owner=V0 gen=105 arrival=0.000 to_b=0.900
---
tick=39887 sim_t=3988.700
  V0 mode=DWELL phase=PICKUP_DWELL gen=105 task=52 slot=13->-1 s=3.541 speed=0.000 action=STOP requested=STOP blocker=-1 wait=0.000 reason=not_active
  V1 mode=DWELL phase=UNLOAD_DWELL gen=100 task=49 slot=28->28 s=3.444 speed=0.000 action=STOP requested=STOP blocker=-1 wait=0.000 reason=not_active
  departure_cluster=V0/V1 owner=V0 owner_gen=106 other=V1 other_gen=101 active=1 intervals=1 stop_boundary=3.000 stop_s=2.900 release=1.150/3.900
  future_a1=owner=V0 gen=105 arrival=0.000 to_b=0.900
---
tick=39888 sim_t=3988.800
  V0 mode=DWELL phase=PICKUP_DWELL gen=105 task=52 slot=13->-1 s=3.541 speed=0.000 action=STOP requested=STOP blocker=-1 wait=0.000 reason=not_active
  V1 mode=DWELL phase=UNLOAD_DWELL gen=100 task=49 slot=28->28 s=3.444 speed=0.000 action=STOP requested=STOP blocker=-1 wait=0.000 reason=not_active
  departure_cluster=V0/V1 owner=V0 owner_gen=106 other=V1 other_gen=101 active=1 intervals=1 stop_boundary=3.000 stop_s=2.900 release=1.150/3.900
  future_a1=owner=V0 gen=105 arrival=0.000 to_b=0.900
---
tick=39889 sim_t=3988.900
  V0 mode=DWELL phase=PICKUP_DWELL gen=105 task=52 slot=13->-1 s=3.541 speed=0.000 action=STOP requested=STOP blocker=-1 wait=0.000 reason=not_active
  V1 mode=DWELL phase=UNLOAD_DWELL gen=100 task=49 slot=28->28 s=3.444 speed=0.000 action=STOP requested=STOP blocker=-1 wait=0.000 reason=not_active
  departure_cluster=V0/V1 owner=V0 owner_gen=106 other=V1 other_gen=101 active=1 intervals=1 stop_boundary=3.000 stop_s=2.900 release=1.150/3.900
  future_a1=owner=V0 gen=105 arrival=0.000 to_b=0.900
---
tick=39890 sim_t=3989.000
  V0 mode=DWELL phase=PICKUP_DWELL gen=105 task=52 slot=13->-1 s=3.541 speed=0.000 action=STOP requested=STOP blocker=-1 wait=0.000 reason=not_active
  V1 mode=DWELL phase=UNLOAD_DWELL gen=100 task=49 slot=28->28 s=3.444 speed=0.000 action=STOP requested=STOP blocker=-1 wait=0.000 reason=not_active
  departure_cluster=V0/V1 owner=V0 owner_gen=106 other=V1 other_gen=101 active=1 intervals=1 stop_boundary=3.000 stop_s=2.900 release=1.150/3.900
  future_a1=owner=V0 gen=105 arrival=0.000 to_b=0.900
---
tick=39891 sim_t=3989.100
  V0 mode=DWELL phase=PICKUP_DWELL gen=105 task=52 slot=13->-1 s=3.541 speed=0.000 action=STOP requested=STOP blocker=-1 wait=0.000 reason=not_active
  V1 mode=DWELL phase=UNLOAD_DWELL gen=100 task=49 slot=28->28 s=3.444 speed=0.000 action=STOP requested=STOP blocker=-1 wait=0.000 reason=not_active
  departure_cluster=V0/V1 owner=V0 owner_gen=106 other=V1 other_gen=101 active=1 intervals=1 stop_boundary=3.000 stop_s=2.900 release=1.150/3.900
  future_a1=owner=V0 gen=105 arrival=0.000 to_b=0.900
---
tick=39892 sim_t=3989.200
  V0 mode=DWELL phase=PICKUP_DWELL gen=105 task=52 slot=13->-1 s=3.541 speed=0.000 action=STOP requested=STOP blocker=-1 wait=0.000 reason=not_active
  V1 mode=DWELL phase=UNLOAD_DWELL gen=100 task=49 slot=28->28 s=3.444 speed=0.000 action=STOP requested=STOP blocker=-1 wait=0.000 reason=not_active
  departure_cluster=V0/V1 owner=V0 owner_gen=106 other=V1 other_gen=101 active=1 intervals=1 stop_boundary=3.000 stop_s=2.900 release=1.150/3.900
  future_a1=owner=V0 gen=105 arrival=0.000 to_b=0.900
---
tick=39893 sim_t=3989.300
  V0 mode=ACTIVE phase=TO_B gen=106 task=52 slot=13->64 s=0.002 speed=0.020 action=NOMINAL requested=NOMINAL blocker=-1 wait=0.000 reason=clear
  V1 mode=DWELL phase=UNLOAD_DWELL gen=100 task=49 slot=28->28 s=3.444 speed=0.000 action=STOP requested=STOP blocker=-1 wait=0.000 reason=not_active
  departure_cluster=V0/V1 owner=V0 owner_gen=106 other=V1 other_gen=101 active=1 intervals=1 stop_boundary=3.000 stop_s=2.900 release=1.150/3.900
  future_a1=owner=V0 gen=106 arrival=0.000 to_b=0.000
---
tick=39894 sim_t=3989.400
  V0 mode=ACTIVE phase=TO_B gen=106 task=52 slot=13->64 s=0.006 speed=0.040 action=NOMINAL requested=NOMINAL blocker=-1 wait=0.000 reason=clear
  V1 mode=DWELL phase=UNLOAD_DWELL gen=100 task=49 slot=28->28 s=3.444 speed=0.000 action=STOP requested=STOP blocker=-1 wait=0.000 reason=not_active
  departure_cluster=V0/V1 owner=V0 owner_gen=106 other=V1 other_gen=101 active=1 intervals=1 stop_boundary=3.000 stop_s=2.900 release=1.150/3.900
  future_a1=owner=V0 gen=106 arrival=0.000 to_b=0.000
---
tick=39895 sim_t=3989.500
  V0 mode=ACTIVE phase=TO_B gen=106 task=52 slot=13->64 s=0.012 speed=0.060 action=NOMINAL requested=NOMINAL blocker=-1 wait=0.000 reason=clear
  V1 mode=DWELL phase=UNLOAD_DWELL gen=100 task=49 slot=28->28 s=3.444 speed=0.000 action=STOP requested=STOP blocker=-1 wait=0.000 reason=not_active
  departure_cluster=V0/V1 owner=V0 owner_gen=106 other=V1 other_gen=101 active=1 intervals=1 stop_boundary=3.000 stop_s=2.900 release=1.150/3.900
  future_a1=owner=V0 gen=106 arrival=0.000 to_b=0.000
---
tick=39896 sim_t=3989.600
  V0 mode=ACTIVE phase=TO_B gen=106 task=52 slot=13->64 s=0.020 speed=0.080 action=NOMINAL requested=NOMINAL blocker=-1 wait=0.000 reason=clear
  V1 mode=DWELL phase=UNLOAD_DWELL gen=100 task=49 slot=28->28 s=3.444 speed=0.000 action=STOP requested=STOP blocker=-1 wait=0.000 reason=not_active
  departure_cluster=V0/V1 owner=V0 owner_gen=106 other=V1 other_gen=101 active=1 intervals=1 stop_boundary=3.000 stop_s=2.900 release=1.150/3.900
  future_a1=owner=V0 gen=106 arrival=0.000 to_b=0.000
---
tick=39897 sim_t=3989.700
  V0 mode=ACTIVE phase=TO_B gen=106 task=52 slot=13->64 s=0.030 speed=0.100 action=NOMINAL requested=NOMINAL blocker=-1 wait=0.000 reason=clear
  V1 mode=DWELL phase=UNLOAD_DWELL gen=100 task=49 slot=28->28 s=3.444 speed=0.000 action=STOP requested=STOP blocker=-1 wait=0.000 reason=not_active
  departure_cluster=V0/V1 owner=V0 owner_gen=106 other=V1 other_gen=101 active=1 intervals=1 stop_boundary=3.000 stop_s=2.900 release=1.150/3.900
  future_a1=owner=V0 gen=106 arrival=0.000 to_b=0.000
---
tick=39898 sim_t=3989.800
  V0 mode=ACTIVE phase=TO_B gen=106 task=52 slot=13->64 s=0.042 speed=0.120 action=NOMINAL requested=NOMINAL blocker=-1 wait=0.000 reason=clear
  V1 mode=DWELL phase=UNLOAD_DWELL gen=100 task=49 slot=28->28 s=3.444 speed=0.000 action=STOP requested=STOP blocker=-1 wait=0.000 reason=not_active
  departure_cluster=V0/V1 owner=V0 owner_gen=106 other=V1 other_gen=101 active=1 intervals=1 stop_boundary=3.000 stop_s=2.900 release=1.150/3.900
  future_a1=owner=V0 gen=106 arrival=0.000 to_b=0.000
---
tick=39899 sim_t=3989.900
  V0 mode=ACTIVE phase=TO_B gen=106 task=52 slot=13->64 s=0.056 speed=0.140 action=NOMINAL requested=NOMINAL blocker=-1 wait=0.000 reason=clear
  V1 mode=DWELL phase=UNLOAD_DWELL gen=100 task=49 slot=28->28 s=3.444 speed=0.000 action=STOP requested=STOP blocker=-1 wait=0.000 reason=not_active
  departure_cluster=V0/V1 owner=V0 owner_gen=106 other=V1 other_gen=101 active=1 intervals=1 stop_boundary=3.000 stop_s=2.900 release=1.150/3.900
  future_a1=owner=V0 gen=106 arrival=0.000 to_b=0.000
---
tick=39900 sim_t=3990.000
  V0 mode=ACTIVE phase=TO_B gen=106 task=52 slot=13->64 s=0.072 speed=0.160 action=NOMINAL requested=NOMINAL blocker=-1 wait=0.000 reason=clear
  V1 mode=DWELL phase=UNLOAD_DWELL gen=100 task=49 slot=28->28 s=3.444 speed=0.000 action=STOP requested=STOP blocker=-1 wait=0.000 reason=not_active
  departure_cluster=V0/V1 owner=V0 owner_gen=106 other=V1 other_gen=101 active=1 intervals=1 stop_boundary=3.000 stop_s=2.900 release=1.150/3.900
  future_a1=owner=V0 gen=106 arrival=0.000 to_b=0.000
---
tick=39901 sim_t=3990.100
  V0 mode=ACTIVE phase=TO_B gen=106 task=52 slot=13->64 s=0.090 speed=0.180 action=NOMINAL requested=NOMINAL blocker=-1 wait=0.000 reason=clear
  V1 mode=DWELL phase=UNLOAD_DWELL gen=100 task=49 slot=28->28 s=3.444 speed=0.000 action=STOP requested=STOP blocker=-1 wait=0.000 reason=not_active
  departure_cluster=V0/V1 owner=V0 owner_gen=106 other=V1 other_gen=101 active=1 intervals=1 stop_boundary=3.000 stop_s=2.900 release=1.150/3.900
  future_a1=owner=V0 gen=106 arrival=0.000 to_b=0.000
---
tick=39902 sim_t=3990.200
  V0 mode=ACTIVE phase=TO_B gen=106 task=52 slot=13->64 s=0.110 speed=0.200 action=NOMINAL requested=NOMINAL blocker=-1 wait=0.000 reason=clear
  V1 mode=DWELL phase=UNLOAD_DWELL gen=100 task=49 slot=28->28 s=3.444 speed=0.000 action=STOP requested=STOP blocker=-1 wait=0.000 reason=not_active
  departure_cluster=V0/V1 owner=V0 owner_gen=106 other=V1 other_gen=101 active=1 intervals=1 stop_boundary=3.000 stop_s=2.900 release=1.150/3.900
  future_a1=owner=V0 gen=106 arrival=0.000 to_b=0.000
---
tick=39903 sim_t=3990.300
  V0 mode=ACTIVE phase=TO_B gen=106 task=52 slot=13->64 s=0.130 speed=0.200 action=NOMINAL requested=NOMINAL blocker=-1 wait=0.000 reason=clear
  V1 mode=DWELL phase=UNLOAD_DWELL gen=100 task=49 slot=28->28 s=3.444 speed=0.000 action=STOP requested=STOP blocker=-1 wait=0.000 reason=not_active
  departure_cluster=V0/V1 owner=V0 owner_gen=106 other=V1 other_gen=101 active=1 intervals=1 stop_boundary=3.000 stop_s=2.900 release=1.150/3.900
  future_a1=owner=V0 gen=106 arrival=0.000 to_b=0.000
---
tick=39904 sim_t=3990.400
  V0 mode=ACTIVE phase=TO_B gen=106 task=52 slot=13->64 s=0.150 speed=0.200 action=NOMINAL requested=NOMINAL blocker=-1 wait=0.000 reason=clear
  V1 mode=DWELL phase=UNLOAD_DWELL gen=100 task=49 slot=28->28 s=3.444 speed=0.000 action=STOP requested=STOP blocker=-1 wait=0.000 reason=not_active
  departure_cluster=V0/V1 owner=V0 owner_gen=106 other=V1 other_gen=101 active=1 intervals=1 stop_boundary=3.000 stop_s=2.900 release=1.150/3.900
  future_a1=owner=V0 gen=106 arrival=0.000 to_b=0.000
---
tick=39905 sim_t=3990.500
  V0 mode=ACTIVE phase=TO_B gen=106 task=52 slot=13->64 s=0.170 speed=0.200 action=NOMINAL requested=NOMINAL blocker=-1 wait=0.000 reason=clear
  V1 mode=DWELL phase=UNLOAD_DWELL gen=100 task=49 slot=28->28 s=3.444 speed=0.000 action=STOP requested=STOP blocker=-1 wait=0.000 reason=not_active
  departure_cluster=V0/V1 owner=V0 owner_gen=106 other=V1 other_gen=101 active=1 intervals=1 stop_boundary=3.000 stop_s=2.900 release=1.150/3.900
  future_a1=owner=V0 gen=106 arrival=0.000 to_b=0.000
---
tick=39906 sim_t=3990.600
  V0 mode=ACTIVE phase=TO_B gen=106 task=52 slot=13->64 s=0.190 speed=0.200 action=NOMINAL requested=NOMINAL blocker=-1 wait=0.000 reason=clear
  V1 mode=DWELL phase=UNLOAD_DWELL gen=100 task=49 slot=28->28 s=3.444 speed=0.000 action=STOP requested=STOP blocker=-1 wait=0.000 reason=not_active
  departure_cluster=V0/V1 owner=V0 owner_gen=106 other=V1 other_gen=101 active=1 intervals=1 stop_boundary=3.000 stop_s=2.900 release=1.150/3.900
  future_a1=owner=V0 gen=106 arrival=0.000 to_b=0.000
---
tick=39907 sim_t=3990.700
  V0 mode=ACTIVE phase=TO_B gen=106 task=52 slot=13->64 s=0.207 speed=0.170 action=NOMINAL requested=NOMINAL blocker=-1 wait=0.000 reason=clear
  V1 mode=DWELL phase=UNLOAD_DWELL gen=100 task=49 slot=28->28 s=3.444 speed=0.000 action=STOP requested=STOP blocker=-1 wait=0.000 reason=not_active
  departure_cluster=V0/V1 owner=V0 owner_gen=106 other=V1 other_gen=101 active=1 intervals=1 stop_boundary=3.000 stop_s=2.900 release=1.150/3.900
  future_a1=owner=V0 gen=106 arrival=0.000 to_b=0.000
---
tick=39908 sim_t=3990.800
  V0 mode=ACTIVE phase=TO_B gen=106 task=52 slot=13->64 s=0.222 speed=0.146 action=NOMINAL requested=NOMINAL blocker=-1 wait=0.000 reason=clear
  V1 mode=DWELL phase=UNLOAD_DWELL gen=100 task=49 slot=28->28 s=3.444 speed=0.000 action=STOP requested=STOP blocker=-1 wait=0.000 reason=not_active
  departure_cluster=V0/V1 owner=V0 owner_gen=106 other=V1 other_gen=101 active=1 intervals=1 stop_boundary=3.000 stop_s=2.900 release=1.150/3.900
  future_a1=owner=V0 gen=106 arrival=0.000 to_b=0.000
---
tick=39909 sim_t=3990.900
  V0 mode=ACTIVE phase=TO_B gen=106 task=52 slot=13->64 s=0.236 speed=0.142 action=NOMINAL requested=NOMINAL blocker=-1 wait=0.000 reason=clear
  V1 mode=DWELL phase=UNLOAD_DWELL gen=100 task=49 slot=28->28 s=3.444 speed=0.000 action=STOP requested=STOP blocker=-1 wait=0.000 reason=not_active
  departure_cluster=V0/V1 owner=V0 owner_gen=106 other=V1 other_gen=101 active=1 intervals=1 stop_boundary=3.000 stop_s=2.900 release=1.150/3.900
  future_a1=owner=V0 gen=106 arrival=0.000 to_b=0.000
---
tick=39910 sim_t=3991.000
  V0 mode=ACTIVE phase=TO_B gen=106 task=52 slot=13->64 s=0.250 speed=0.142 action=NOMINAL requested=NOMINAL blocker=-1 wait=0.000 reason=clear
  V1 mode=DWELL phase=UNLOAD_DWELL gen=100 task=49 slot=28->28 s=3.444 speed=0.000 action=STOP requested=STOP blocker=-1 wait=0.000 reason=not_active
  departure_cluster=V0/V1 owner=V0 owner_gen=106 other=V1 other_gen=101 active=1 intervals=1 stop_boundary=3.000 stop_s=2.900 release=1.150/3.900
  future_a1=owner=V0 gen=106 arrival=0.000 to_b=0.000
---
tick=39911 sim_t=3991.100
  V0 mode=ACTIVE phase=TO_B gen=106 task=52 slot=13->64 s=0.264 speed=0.142 action=NOMINAL requested=NOMINAL blocker=-1 wait=0.000 reason=clear
  V1 mode=DWELL phase=UNLOAD_DWELL gen=100 task=49 slot=28->28 s=3.444 speed=0.000 action=STOP requested=STOP blocker=-1 wait=0.000 reason=not_active
  departure_cluster=V0/V1 owner=V0 owner_gen=106 other=V1 other_gen=101 active=1 intervals=1 stop_boundary=3.000 stop_s=2.900 release=1.150/3.900
  future_a1=owner=V0 gen=106 arrival=0.000 to_b=0.000
---
tick=39912 sim_t=3991.200
  V0 mode=ACTIVE phase=TO_B gen=106 task=52 slot=13->64 s=0.279 speed=0.142 action=NOMINAL requested=NOMINAL blocker=-1 wait=0.000 reason=clear
  V1 mode=DWELL phase=UNLOAD_DWELL gen=100 task=49 slot=28->28 s=3.444 speed=0.000 action=STOP requested=STOP blocker=-1 wait=0.000 reason=not_active
  departure_cluster=V0/V1 owner=V0 owner_gen=106 other=V1 other_gen=101 active=1 intervals=1 stop_boundary=3.000 stop_s=2.900 release=1.150/3.900
  future_a1=owner=V0 gen=106 arrival=0.000 to_b=0.000
---
tick=39913 sim_t=3991.300
  V0 mode=ACTIVE phase=TO_B gen=106 task=52 slot=13->64 s=0.293 speed=0.142 action=NOMINAL requested=NOMINAL blocker=-1 wait=0.000 reason=clear
  V1 mode=DWELL phase=UNLOAD_DWELL gen=100 task=49 slot=28->28 s=3.444 speed=0.000 action=STOP requested=STOP blocker=-1 wait=0.000 reason=not_active
  departure_cluster=V0/V1 owner=V0 owner_gen=106 other=V1 other_gen=101 active=1 intervals=1 stop_boundary=3.000 stop_s=2.900 release=1.150/3.900
  future_a1=owner=V0 gen=106 arrival=0.000 to_b=0.000
---
tick=39914 sim_t=3991.400
  V0 mode=ACTIVE phase=TO_B gen=106 task=52 slot=13->64 s=0.307 speed=0.142 action=NOMINAL requested=NOMINAL blocker=-1 wait=0.000 reason=clear
  V1 mode=DWELL phase=UNLOAD_DWELL gen=100 task=49 slot=28->28 s=3.444 speed=0.000 action=STOP requested=STOP blocker=-1 wait=0.000 reason=not_active
  departure_cluster=V0/V1 owner=V0 owner_gen=106 other=V1 other_gen=101 active=1 intervals=1 stop_boundary=3.000 stop_s=2.900 release=1.150/3.900
  future_a1=owner=V0 gen=106 arrival=0.000 to_b=0.000
---
tick=39915 sim_t=3991.500
  V0 mode=ACTIVE phase=TO_B gen=106 task=52 slot=13->64 s=0.321 speed=0.142 action=NOMINAL requested=NOMINAL blocker=-1 wait=0.000 reason=clear
  V1 mode=DWELL phase=UNLOAD_DWELL gen=100 task=49 slot=28->28 s=3.444 speed=0.000 action=STOP requested=STOP blocker=-1 wait=0.000 reason=not_active
  departure_cluster=V0/V1 owner=V0 owner_gen=106 other=V1 other_gen=101 active=1 intervals=1 stop_boundary=3.000 stop_s=2.900 release=1.150/3.900
  future_a1=owner=V0 gen=106 arrival=0.000 to_b=0.000
---
tick=39916 sim_t=3991.600
  V0 mode=ACTIVE phase=TO_B gen=106 task=52 slot=13->64 s=0.336 speed=0.142 action=NOMINAL requested=NOMINAL blocker=-1 wait=0.000 reason=clear
  V1 mode=DWELL phase=UNLOAD_DWELL gen=100 task=49 slot=28->28 s=3.444 speed=0.000 action=STOP requested=STOP blocker=-1 wait=0.000 reason=not_active
  departure_cluster=V0/V1 owner=V0 owner_gen=106 other=V1 other_gen=101 active=1 intervals=1 stop_boundary=3.000 stop_s=2.900 release=1.150/3.900
  future_a1=owner=V0 gen=106 arrival=0.000 to_b=0.000
---
tick=39917 sim_t=3991.700
  V0 mode=ACTIVE phase=TO_B gen=106 task=52 slot=13->64 s=0.350 speed=0.142 action=NOMINAL requested=NOMINAL blocker=-1 wait=0.000 reason=clear
  V1 mode=DWELL phase=UNLOAD_DWELL gen=100 task=49 slot=28->28 s=3.444 speed=0.000 action=STOP requested=STOP blocker=-1 wait=0.000 reason=not_active
  departure_cluster=V0/V1 owner=V0 owner_gen=106 other=V1 other_gen=101 active=1 intervals=1 stop_boundary=3.000 stop_s=2.900 release=1.150/3.900
  future_a1=owner=V0 gen=106 arrival=0.000 to_b=0.000
---
tick=39918 sim_t=3991.800
  V0 mode=ACTIVE phase=TO_B gen=106 task=52 slot=13->64 s=0.364 speed=0.142 action=NOMINAL requested=NOMINAL blocker=-1 wait=0.000 reason=clear
  V1 mode=DWELL phase=UNLOAD_DWELL gen=100 task=49 slot=28->28 s=3.444 speed=0.000 action=STOP requested=STOP blocker=-1 wait=0.000 reason=not_active
  departure_cluster=V0/V1 owner=V0 owner_gen=106 other=V1 other_gen=101 active=1 intervals=1 stop_boundary=3.000 stop_s=2.900 release=1.150/3.900
  future_a1=owner=V0 gen=106 arrival=0.000 to_b=0.000
---
tick=39919 sim_t=3991.900
  V0 mode=ACTIVE phase=TO_B gen=106 task=52 slot=13->64 s=0.378 speed=0.142 action=NOMINAL requested=NOMINAL blocker=-1 wait=0.000 reason=clear
  V1 mode=DWELL phase=UNLOAD_DWELL gen=100 task=49 slot=28->28 s=3.444 speed=0.000 action=STOP requested=STOP blocker=-1 wait=0.000 reason=not_active
  departure_cluster=V0/V1 owner=V0 owner_gen=106 other=V1 other_gen=101 active=1 intervals=1 stop_boundary=3.000 stop_s=2.900 release=1.150/3.900
  future_a1=owner=V0 gen=106 arrival=0.000 to_b=0.000
---
tick=39920 sim_t=3992.000
  V0 mode=ACTIVE phase=TO_B gen=106 task=52 slot=13->64 s=0.393 speed=0.142 action=NOMINAL requested=NOMINAL blocker=-1 wait=0.000 reason=clear
  V1 mode=DWELL phase=UNLOAD_DWELL gen=100 task=49 slot=28->28 s=3.444 speed=0.000 action=STOP requested=STOP blocker=-1 wait=0.000 reason=not_active
  departure_cluster=V0/V1 owner=V0 owner_gen=106 other=V1 other_gen=101 active=1 intervals=1 stop_boundary=3.000 stop_s=2.900 release=1.150/3.900
  future_a1=owner=V0 gen=106 arrival=0.000 to_b=0.000
---
tick=39921 sim_t=3992.100
  V0 mode=ACTIVE phase=TO_B gen=106 task=52 slot=13->64 s=0.407 speed=0.142 action=NOMINAL requested=NOMINAL blocker=-1 wait=0.000 reason=clear
  V1 mode=ACTIVE phase=TO_A1 gen=101 task=50 slot=28->-1 s=0.002 speed=0.020 action=NOMINAL requested=NOMINAL blocker=-1 wait=0.000 reason=clear
  departure_cluster=V0/V1 owner=V0 owner_gen=106 other=V1 other_gen=101 active=1 intervals=1 stop_boundary=3.000 stop_s=2.900 release=1.150/3.900
  future_a1=owner=V0 gen=106 arrival=0.000 to_b=0.000
  zone=POTENTIAL pair=V0/V1 raw=0 active=0 a=[0.000,1.150] b=[3.000,3.900] holder=-1 waiter=-1
  zone=POTENTIAL pair=V0/V1 raw=1 active=1 a=[3.125,3.425] b=[0.425,0.875] holder=-1 waiter=-1
---
tick=39922 sim_t=3992.200
  V0 mode=ACTIVE phase=TO_B gen=106 task=52 slot=13->64 s=0.421 speed=0.142 action=NOMINAL requested=NOMINAL blocker=-1 wait=0.000 reason=clear
  V1 mode=ACTIVE phase=TO_A1 gen=101 task=50 slot=28->-1 s=0.006 speed=0.040 action=NOMINAL requested=NOMINAL blocker=-1 wait=0.000 reason=clear
  departure_cluster=V0/V1 owner=V0 owner_gen=106 other=V1 other_gen=101 active=1 intervals=1 stop_boundary=3.000 stop_s=2.900 release=1.150/3.900
  future_a1=owner=V0 gen=106 arrival=0.000 to_b=0.000
---
tick=39923 sim_t=3992.300
  V0 mode=ACTIVE phase=TO_B gen=106 task=52 slot=13->64 s=0.435 speed=0.142 action=NOMINAL requested=NOMINAL blocker=-1 wait=0.000 reason=clear
  V1 mode=ACTIVE phase=TO_A1 gen=101 task=50 slot=28->-1 s=0.012 speed=0.060 action=NOMINAL requested=NOMINAL blocker=-1 wait=0.000 reason=clear
  departure_cluster=V0/V1 owner=V0 owner_gen=106 other=V1 other_gen=101 active=1 intervals=1 stop_boundary=3.000 stop_s=2.900 release=1.150/3.900
  future_a1=owner=V0 gen=106 arrival=0.000 to_b=0.000
---
tick=39924 sim_t=3992.400
  V0 mode=ACTIVE phase=TO_B gen=106 task=52 slot=13->64 s=0.450 speed=0.142 action=NOMINAL requested=NOMINAL blocker=-1 wait=0.000 reason=clear
  V1 mode=ACTIVE phase=TO_A1 gen=101 task=50 slot=28->-1 s=0.020 speed=0.080 action=NOMINAL requested=NOMINAL blocker=-1 wait=0.000 reason=clear
  departure_cluster=V0/V1 owner=V0 owner_gen=106 other=V1 other_gen=101 active=1 intervals=1 stop_boundary=3.000 stop_s=2.900 release=1.150/3.900
  future_a1=owner=V0 gen=106 arrival=0.000 to_b=0.000
---
tick=39925 sim_t=3992.500
  V0 mode=ACTIVE phase=TO_B gen=106 task=52 slot=13->64 s=0.464 speed=0.142 action=NOMINAL requested=NOMINAL blocker=-1 wait=0.000 reason=clear
  V1 mode=ACTIVE phase=TO_A1 gen=101 task=50 slot=28->-1 s=0.030 speed=0.100 action=NOMINAL requested=NOMINAL blocker=-1 wait=0.000 reason=clear
  departure_cluster=V0/V1 owner=V0 owner_gen=106 other=V1 other_gen=101 active=1 intervals=1 stop_boundary=3.000 stop_s=2.900 release=1.150/3.900
  future_a1=owner=V0 gen=106 arrival=0.000 to_b=0.000
---
tick=39926 sim_t=3992.600
  V0 mode=ACTIVE phase=TO_B gen=106 task=52 slot=13->64 s=0.478 speed=0.142 action=NOMINAL requested=NOMINAL blocker=-1 wait=0.000 reason=clear
  V1 mode=ACTIVE phase=TO_A1 gen=101 task=50 slot=28->-1 s=0.042 speed=0.120 action=NOMINAL requested=NOMINAL blocker=-1 wait=0.000 reason=clear
  departure_cluster=V0/V1 owner=V0 owner_gen=106 other=V1 other_gen=101 active=1 intervals=1 stop_boundary=3.000 stop_s=2.900 release=1.150/3.900
  future_a1=owner=V0 gen=106 arrival=0.000 to_b=0.000
---
tick=39927 sim_t=3992.700
  V0 mode=ACTIVE phase=TO_B gen=106 task=52 slot=13->64 s=0.492 speed=0.142 action=NOMINAL requested=NOMINAL blocker=-1 wait=0.000 reason=clear
  V1 mode=ACTIVE phase=TO_A1 gen=101 task=50 slot=28->-1 s=0.056 speed=0.140 action=NOMINAL requested=NOMINAL blocker=-1 wait=0.000 reason=clear
  departure_cluster=V0/V1 owner=V0 owner_gen=106 other=V1 other_gen=101 active=1 intervals=1 stop_boundary=3.000 stop_s=2.900 release=1.150/3.900
  future_a1=owner=V0 gen=106 arrival=0.000 to_b=0.000
---
tick=39928 sim_t=3992.800
  V0 mode=ACTIVE phase=TO_B gen=106 task=52 slot=13->64 s=0.507 speed=0.142 action=NOMINAL requested=NOMINAL blocker=-1 wait=0.000 reason=clear
  V1 mode=ACTIVE phase=TO_A1 gen=101 task=50 slot=28->-1 s=0.072 speed=0.160 action=NOMINAL requested=NOMINAL blocker=-1 wait=0.000 reason=clear
  departure_cluster=V0/V1 owner=V0 owner_gen=106 other=V1 other_gen=101 active=1 intervals=1 stop_boundary=3.000 stop_s=2.900 release=1.150/3.900
  future_a1=owner=V0 gen=106 arrival=0.000 to_b=0.000
---
tick=39929 sim_t=3992.900
  V0 mode=ACTIVE phase=TO_B gen=106 task=52 slot=13->64 s=0.521 speed=0.142 action=NOMINAL requested=NOMINAL blocker=-1 wait=0.000 reason=clear
  V1 mode=ACTIVE phase=TO_A1 gen=101 task=50 slot=28->-1 s=0.090 speed=0.180 action=NOMINAL requested=NOMINAL blocker=-1 wait=0.000 reason=clear
  departure_cluster=V0/V1 owner=V0 owner_gen=106 other=V1 other_gen=101 active=1 intervals=1 stop_boundary=3.000 stop_s=2.900 release=1.150/3.900
  future_a1=owner=V0 gen=106 arrival=0.000 to_b=0.000
---
tick=39930 sim_t=3993.000
  V0 mode=ACTIVE phase=TO_B gen=106 task=52 slot=13->64 s=0.535 speed=0.142 action=NOMINAL requested=NOMINAL blocker=-1 wait=0.000 reason=clear
  V1 mode=ACTIVE phase=TO_A1 gen=101 task=50 slot=28->-1 s=0.110 speed=0.200 action=NOMINAL requested=NOMINAL blocker=-1 wait=0.000 reason=clear
  departure_cluster=V0/V1 owner=V0 owner_gen=106 other=V1 other_gen=101 active=1 intervals=1 stop_boundary=3.000 stop_s=2.900 release=1.150/3.900
  future_a1=owner=V0 gen=106 arrival=0.000 to_b=0.000
---
tick=39931 sim_t=3993.100
  V0 mode=ACTIVE phase=TO_B gen=106 task=52 slot=13->64 s=0.549 speed=0.142 action=NOMINAL requested=NOMINAL blocker=-1 wait=0.000 reason=clear
  V1 mode=ACTIVE phase=TO_A1 gen=101 task=50 slot=28->-1 s=0.130 speed=0.200 action=NOMINAL requested=NOMINAL blocker=-1 wait=0.000 reason=clear
  departure_cluster=V0/V1 owner=V0 owner_gen=106 other=V1 other_gen=101 active=1 intervals=1 stop_boundary=3.000 stop_s=2.900 release=1.150/3.900
  future_a1=owner=V0 gen=106 arrival=0.000 to_b=0.000
---
tick=39932 sim_t=3993.200
  V0 mode=ACTIVE phase=TO_B gen=106 task=52 slot=13->64 s=0.564 speed=0.142 action=NOMINAL requested=NOMINAL blocker=-1 wait=0.000 reason=clear
  V1 mode=ACTIVE phase=TO_A1 gen=101 task=50 slot=28->-1 s=0.150 speed=0.200 action=NOMINAL requested=NOMINAL blocker=-1 wait=0.000 reason=clear
  departure_cluster=V0/V1 owner=V0 owner_gen=106 other=V1 other_gen=101 active=1 intervals=1 stop_boundary=3.000 stop_s=2.900 release=1.150/3.900
  future_a1=owner=V0 gen=106 arrival=0.000 to_b=0.000
---
tick=39933 sim_t=3993.300
  V0 mode=ACTIVE phase=TO_B gen=106 task=52 slot=13->64 s=0.578 speed=0.142 action=NOMINAL requested=NOMINAL blocker=-1 wait=0.000 reason=clear
  V1 mode=ACTIVE phase=TO_A1 gen=101 task=50 slot=28->-1 s=0.170 speed=0.200 action=NOMINAL requested=NOMINAL blocker=-1 wait=0.000 reason=clear
  departure_cluster=V0/V1 owner=V0 owner_gen=106 other=V1 other_gen=101 active=1 intervals=1 stop_boundary=3.000 stop_s=2.900 release=1.150/3.900
  future_a1=owner=V0 gen=106 arrival=0.000 to_b=0.000
---
tick=39934 sim_t=3993.400
  V0 mode=ACTIVE phase=TO_B gen=106 task=52 slot=13->64 s=0.592 speed=0.142 action=NOMINAL requested=NOMINAL blocker=-1 wait=0.000 reason=clear
  V1 mode=ACTIVE phase=TO_A1 gen=101 task=50 slot=28->-1 s=0.187 speed=0.170 action=NOMINAL requested=NOMINAL blocker=-1 wait=0.000 reason=clear
  departure_cluster=V0/V1 owner=V0 owner_gen=106 other=V1 other_gen=101 active=1 intervals=1 stop_boundary=3.000 stop_s=2.900 release=1.150/3.900
  future_a1=owner=V0 gen=106 arrival=0.000 to_b=0.000
---
tick=39935 sim_t=3993.500
  V0 mode=ACTIVE phase=TO_B gen=106 task=52 slot=13->64 s=0.606 speed=0.142 action=NOMINAL requested=NOMINAL blocker=-1 wait=0.000 reason=clear
  V1 mode=ACTIVE phase=TO_A1 gen=101 task=50 slot=28->-1 s=0.202 speed=0.147 action=NOMINAL requested=NOMINAL blocker=-1 wait=0.000 reason=clear
  departure_cluster=V0/V1 owner=V0 owner_gen=106 other=V1 other_gen=101 active=1 intervals=1 stop_boundary=3.000 stop_s=2.900 release=1.150/3.900
  future_a1=owner=V0 gen=106 arrival=0.000 to_b=0.000
---
tick=39936 sim_t=3993.600
  V0 mode=ACTIVE phase=TO_B gen=106 task=52 slot=13->64 s=0.621 speed=0.142 action=NOMINAL requested=NOMINAL blocker=-1 wait=0.000 reason=clear
  V1 mode=ACTIVE phase=TO_A1 gen=101 task=50 slot=28->-1 s=0.216 speed=0.143 action=NOMINAL requested=NOMINAL blocker=-1 wait=0.000 reason=clear
  departure_cluster=V0/V1 owner=V0 owner_gen=106 other=V1 other_gen=101 active=1 intervals=1 stop_boundary=3.000 stop_s=2.900 release=1.150/3.900
  future_a1=owner=V0 gen=106 arrival=0.000 to_b=0.000
---
tick=39937 sim_t=3993.700
  V0 mode=ACTIVE phase=TO_B gen=106 task=52 slot=13->64 s=0.635 speed=0.142 action=NOMINAL requested=NOMINAL blocker=-1 wait=0.000 reason=clear
  V1 mode=ACTIVE phase=TO_A1 gen=101 task=50 slot=28->-1 s=0.230 speed=0.142 action=NOMINAL requested=NOMINAL blocker=-1 wait=0.000 reason=clear
  departure_cluster=V0/V1 owner=V0 owner_gen=106 other=V1 other_gen=101 active=1 intervals=1 stop_boundary=3.000 stop_s=2.900 release=1.150/3.900
  future_a1=owner=V0 gen=106 arrival=0.000 to_b=0.000
---
tick=39938 sim_t=3993.800
  V0 mode=ACTIVE phase=TO_B gen=106 task=52 slot=13->64 s=0.649 speed=0.142 action=NOMINAL requested=NOMINAL blocker=-1 wait=0.000 reason=clear
  V1 mode=ACTIVE phase=TO_A1 gen=101 task=50 slot=28->-1 s=0.244 speed=0.142 action=NOMINAL requested=NOMINAL blocker=-1 wait=0.000 reason=clear
  departure_cluster=V0/V1 owner=V0 owner_gen=106 other=V1 other_gen=101 active=1 intervals=1 stop_boundary=3.000 stop_s=2.900 release=1.150/3.900
  future_a1=owner=V0 gen=106 arrival=0.000 to_b=0.000
---
tick=39939 sim_t=3993.900
  V0 mode=ACTIVE phase=TO_B gen=106 task=52 slot=13->64 s=0.663 speed=0.142 action=NOMINAL requested=NOMINAL blocker=-1 wait=0.000 reason=clear
  V1 mode=ACTIVE phase=TO_A1 gen=101 task=50 slot=28->-1 s=0.259 speed=0.142 action=NOMINAL requested=NOMINAL blocker=-1 wait=0.000 reason=clear
  departure_cluster=V0/V1 owner=V0 owner_gen=106 other=V1 other_gen=101 active=1 intervals=1 stop_boundary=3.000 stop_s=2.900 release=1.150/3.900
  future_a1=owner=V0 gen=106 arrival=0.000 to_b=0.000
---
tick=39940 sim_t=3994.000
  V0 mode=ACTIVE phase=TO_B gen=106 task=52 slot=13->64 s=0.678 speed=0.144 action=NOMINAL requested=NOMINAL blocker=-1 wait=0.000 reason=clear
  V1 mode=ACTIVE phase=TO_A1 gen=101 task=50 slot=28->-1 s=0.273 speed=0.142 action=NOMINAL requested=NOMINAL blocker=-1 wait=0.000 reason=clear
  departure_cluster=V0/V1 owner=V0 owner_gen=106 other=V1 other_gen=101 active=1 intervals=1 stop_boundary=3.000 stop_s=2.900 release=1.150/3.900
  future_a1=owner=V0 gen=106 arrival=0.000 to_b=0.000
---
tick=39941 sim_t=3994.100
  V0 mode=ACTIVE phase=TO_B gen=106 task=52 slot=13->64 s=0.693 speed=0.150 action=NOMINAL requested=NOMINAL blocker=-1 wait=0.000 reason=clear
  V1 mode=ACTIVE phase=TO_A1 gen=101 task=50 slot=28->-1 s=0.287 speed=0.142 action=NOMINAL requested=NOMINAL blocker=-1 wait=0.000 reason=clear
  departure_cluster=V0/V1 owner=V0 owner_gen=106 other=V1 other_gen=101 active=1 intervals=1 stop_boundary=3.000 stop_s=2.900 release=1.150/3.900
  future_a1=owner=V0 gen=106 arrival=0.000 to_b=0.000
---
tick=39942 sim_t=3994.200
  V0 mode=ACTIVE phase=TO_B gen=106 task=52 slot=13->64 s=0.707 speed=0.145 action=NOMINAL requested=NOMINAL blocker=-1 wait=0.000 reason=clear
  V1 mode=ACTIVE phase=TO_A1 gen=101 task=50 slot=28->-1 s=0.301 speed=0.142 action=NOMINAL requested=NOMINAL blocker=-1 wait=0.000 reason=clear
  departure_cluster=V0/V1 owner=V0 owner_gen=106 other=V1 other_gen=101 active=1 intervals=1 stop_boundary=3.000 stop_s=2.900 release=1.150/3.900
  future_a1=owner=V0 gen=106 arrival=0.000 to_b=0.000
---
tick=39943 sim_t=3994.300
  V0 mode=ACTIVE phase=TO_B gen=106 task=52 slot=13->64 s=0.720 speed=0.131 action=NOMINAL requested=NOMINAL blocker=-1 wait=0.000 reason=clear
  V1 mode=ACTIVE phase=TO_A1 gen=101 task=50 slot=28->-1 s=0.316 speed=0.142 action=NOMINAL requested=NOMINAL blocker=-1 wait=0.000 reason=clear
  departure_cluster=V0/V1 owner=V0 owner_gen=106 other=V1 other_gen=101 active=1 intervals=1 stop_boundary=3.000 stop_s=2.900 release=1.150/3.900
  future_a1=owner=V0 gen=106 arrival=0.000 to_b=0.000
---
tick=39944 sim_t=3994.400
  V0 mode=ACTIVE phase=TO_B gen=106 task=52 slot=13->64 s=0.730 speed=0.101 action=NOMINAL requested=NOMINAL blocker=-1 wait=0.000 reason=clear
  V1 mode=ACTIVE phase=TO_A1 gen=101 task=50 slot=28->-1 s=0.330 speed=0.142 action=NOMINAL requested=NOMINAL blocker=-1 wait=0.000 reason=clear
  departure_cluster=V0/V1 owner=V0 owner_gen=106 other=V1 other_gen=101 active=1 intervals=1 stop_boundary=3.000 stop_s=2.900 release=1.150/3.900
  future_a1=owner=V0 gen=106 arrival=0.000 to_b=0.000
---
tick=39945 sim_t=3994.500
  V0 mode=ACTIVE phase=TO_B gen=106 task=52 slot=13->64 s=0.742 speed=0.115 action=NOMINAL requested=NOMINAL blocker=-1 wait=0.000 reason=clear
  V1 mode=ACTIVE phase=TO_A1 gen=101 task=50 slot=28->-1 s=0.344 speed=0.142 action=NOMINAL requested=NOMINAL blocker=-1 wait=0.000 reason=clear
  departure_cluster=V0/V1 owner=V0 owner_gen=106 other=V1 other_gen=101 active=1 intervals=1 stop_boundary=3.000 stop_s=2.900 release=1.150/3.900
  future_a1=owner=V0 gen=106 arrival=0.000 to_b=0.000
---
tick=39946 sim_t=3994.600
  V0 mode=ACTIVE phase=TO_B gen=106 task=52 slot=13->64 s=0.755 speed=0.135 action=NOMINAL requested=NOMINAL blocker=-1 wait=0.000 reason=clear
  V1 mode=ACTIVE phase=TO_A1 gen=101 task=50 slot=28->-1 s=0.358 speed=0.142 action=NOMINAL requested=NOMINAL blocker=-1 wait=0.000 reason=clear
  departure_cluster=V0/V1 owner=V0 owner_gen=106 other=V1 other_gen=101 active=1 intervals=1 stop_boundary=3.000 stop_s=2.900 release=1.150/3.900
  future_a1=owner=V0 gen=106 arrival=0.000 to_b=0.000
---
tick=39947 sim_t=3994.700
  V0 mode=ACTIVE phase=TO_B gen=106 task=52 slot=13->64 s=0.771 speed=0.155 action=NOMINAL requested=NOMINAL blocker=-1 wait=0.000 reason=clear
  V1 mode=ACTIVE phase=TO_A1 gen=101 task=50 slot=28->-1 s=0.373 speed=0.142 action=NOMINAL requested=NOMINAL blocker=-1 wait=0.000 reason=clear
  departure_cluster=V0/V1 owner=V0 owner_gen=106 other=V1 other_gen=101 active=1 intervals=1 stop_boundary=3.000 stop_s=2.900 release=1.150/3.900
  future_a1=owner=V0 gen=106 arrival=0.000 to_b=0.000
---
tick=39948 sim_t=3994.800
  V0 mode=ACTIVE phase=TO_B gen=106 task=52 slot=13->64 s=0.788 speed=0.175 action=NOMINAL requested=NOMINAL blocker=-1 wait=0.000 reason=clear
  V1 mode=ACTIVE phase=TO_A1 gen=101 task=50 slot=28->-1 s=0.387 speed=0.142 action=NOMINAL requested=NOMINAL blocker=-1 wait=0.000 reason=clear
  departure_cluster=V0/V1 owner=V0 owner_gen=106 other=V1 other_gen=101 active=1 intervals=1 stop_boundary=3.000 stop_s=2.900 release=1.150/3.900
  future_a1=owner=V0 gen=106 arrival=0.000 to_b=0.000
---
tick=39949 sim_t=3994.900
  V0 mode=ACTIVE phase=TO_B gen=106 task=52 slot=13->64 s=0.808 speed=0.195 action=NOMINAL requested=NOMINAL blocker=-1 wait=0.000 reason=clear
  V1 mode=ACTIVE phase=TO_A1 gen=101 task=50 slot=28->-1 s=0.401 speed=0.142 action=NOMINAL requested=NOMINAL blocker=-1 wait=0.000 reason=clear
  departure_cluster=V0/V1 owner=V0 owner_gen=106 other=V1 other_gen=101 active=1 intervals=1 stop_boundary=3.000 stop_s=2.900 release=1.150/3.900
  future_a1=owner=V0 gen=106 arrival=0.000 to_b=0.000
---
tick=39950 sim_t=3995.000
  V0 mode=ACTIVE phase=TO_B gen=106 task=52 slot=13->64 s=0.828 speed=0.200 action=NOMINAL requested=NOMINAL blocker=-1 wait=0.000 reason=clear
  V1 mode=ACTIVE phase=TO_A1 gen=101 task=50 slot=28->-1 s=0.415 speed=0.142 action=NOMINAL requested=NOMINAL blocker=-1 wait=0.000 reason=clear
  departure_cluster=V0/V1 owner=V0 owner_gen=106 other=V1 other_gen=101 active=1 intervals=1 stop_boundary=3.000 stop_s=2.900 release=1.150/3.900
  future_a1=owner=V0 gen=106 arrival=0.000 to_b=0.000
---
tick=39951 sim_t=3995.100
  V0 mode=ACTIVE phase=TO_B gen=106 task=52 slot=13->64 s=0.848 speed=0.200 action=NOMINAL requested=NOMINAL blocker=-1 wait=0.000 reason=clear
  V1 mode=ACTIVE phase=TO_A1 gen=101 task=50 slot=28->-1 s=0.430 speed=0.142 action=NOMINAL requested=NOMINAL blocker=-1 wait=0.000 reason=clear
  departure_cluster=V0/V1 owner=V0 owner_gen=106 other=V1 other_gen=101 active=1 intervals=1 stop_boundary=3.000 stop_s=2.900 release=1.150/3.900
  future_a1=owner=V0 gen=106 arrival=0.000 to_b=0.000
---
tick=39952 sim_t=3995.200
  V0 mode=ACTIVE phase=TO_B gen=106 task=52 slot=13->64 s=0.868 speed=0.200 action=NOMINAL requested=NOMINAL blocker=-1 wait=0.000 reason=clear
  V1 mode=ACTIVE phase=TO_A1 gen=101 task=50 slot=28->-1 s=0.444 speed=0.142 action=NOMINAL requested=NOMINAL blocker=-1 wait=0.000 reason=clear
  departure_cluster=V0/V1 owner=V0 owner_gen=106 other=V1 other_gen=101 active=1 intervals=1 stop_boundary=3.000 stop_s=2.900 release=1.150/3.900
  future_a1=owner=V0 gen=106 arrival=0.000 to_b=0.000
---
tick=39953 sim_t=3995.300
  V0 mode=ACTIVE phase=TO_B gen=106 task=52 slot=13->64 s=0.888 speed=0.200 action=NOMINAL requested=NOMINAL blocker=-1 wait=0.000 reason=clear
  V1 mode=ACTIVE phase=TO_A1 gen=101 task=50 slot=28->-1 s=0.458 speed=0.142 action=NOMINAL requested=NOMINAL blocker=-1 wait=0.000 reason=clear
  departure_cluster=V0/V1 owner=V0 owner_gen=106 other=V1 other_gen=101 active=1 intervals=1 stop_boundary=3.000 stop_s=2.900 release=1.150/3.900
  future_a1=owner=V0 gen=106 arrival=0.000 to_b=0.000
---
tick=39954 sim_t=3995.400
  V0 mode=ACTIVE phase=TO_B gen=106 task=52 slot=13->64 s=0.908 speed=0.200 action=NOMINAL requested=NOMINAL blocker=-1 wait=0.000 reason=clear
  V1 mode=ACTIVE phase=TO_A1 gen=101 task=50 slot=28->-1 s=0.472 speed=0.142 action=NOMINAL requested=NOMINAL blocker=-1 wait=0.000 reason=clear
  departure_cluster=V0/V1 owner=V0 owner_gen=106 other=V1 other_gen=101 active=1 intervals=1 stop_boundary=3.000 stop_s=2.900 release=1.150/3.900
  future_a1=owner=V0 gen=106 arrival=0.000 to_b=0.000
---
tick=39955 sim_t=3995.500
  V0 mode=ACTIVE phase=TO_B gen=106 task=52 slot=13->64 s=0.928 speed=0.200 action=NOMINAL requested=NOMINAL blocker=-1 wait=0.000 reason=clear
  V1 mode=ACTIVE phase=TO_A1 gen=101 task=50 slot=28->-1 s=0.487 speed=0.142 action=NOMINAL requested=NOMINAL blocker=-1 wait=0.000 reason=clear
  departure_cluster=V0/V1 owner=V0 owner_gen=106 other=V1 other_gen=101 active=1 intervals=1 stop_boundary=3.000 stop_s=2.900 release=1.150/3.900
  future_a1=owner=V0 gen=106 arrival=0.000 to_b=0.000
---
tick=39956 sim_t=3995.600
  V0 mode=ACTIVE phase=TO_B gen=106 task=52 slot=13->64 s=0.948 speed=0.200 action=NOMINAL requested=NOMINAL blocker=-1 wait=0.000 reason=clear
  V1 mode=ACTIVE phase=TO_A1 gen=101 task=50 slot=28->-1 s=0.501 speed=0.142 action=NOMINAL requested=NOMINAL blocker=-1 wait=0.000 reason=clear
  departure_cluster=V0/V1 owner=V0 owner_gen=106 other=V1 other_gen=101 active=1 intervals=1 stop_boundary=3.000 stop_s=2.900 release=1.150/3.900
  future_a1=owner=V0 gen=106 arrival=0.000 to_b=0.000
---
tick=39957 sim_t=3995.700
  V0 mode=ACTIVE phase=TO_B gen=106 task=52 slot=13->64 s=0.968 speed=0.200 action=NOMINAL requested=NOMINAL blocker=-1 wait=0.000 reason=clear
  V1 mode=ACTIVE phase=TO_A1 gen=101 task=50 slot=28->-1 s=0.515 speed=0.142 action=NOMINAL requested=NOMINAL blocker=-1 wait=0.000 reason=clear
  departure_cluster=V0/V1 owner=V0 owner_gen=106 other=V1 other_gen=101 active=1 intervals=1 stop_boundary=3.000 stop_s=2.900 release=1.150/3.900
  future_a1=owner=V0 gen=106 arrival=0.000 to_b=0.000
---
tick=39958 sim_t=3995.800
  V0 mode=ACTIVE phase=TO_B gen=106 task=52 slot=13->64 s=0.988 speed=0.200 action=NOMINAL requested=NOMINAL blocker=-1 wait=0.000 reason=clear
  V1 mode=ACTIVE phase=TO_A1 gen=101 task=50 slot=28->-1 s=0.529 speed=0.142 action=NOMINAL requested=NOMINAL blocker=-1 wait=0.000 reason=clear
  departure_cluster=V0/V1 owner=V0 owner_gen=106 other=V1 other_gen=101 active=1 intervals=1 stop_boundary=3.000 stop_s=2.900 release=1.150/3.900
  future_a1=owner=V0 gen=106 arrival=0.000 to_b=0.000
---
tick=39959 sim_t=3995.900
  V0 mode=ACTIVE phase=TO_B gen=106 task=52 slot=13->64 s=1.008 speed=0.200 action=NOMINAL requested=NOMINAL blocker=-1 wait=0.000 reason=clear
  V1 mode=ACTIVE phase=TO_A1 gen=101 task=50 slot=28->-1 s=0.544 speed=0.142 action=NOMINAL requested=NOMINAL blocker=-1 wait=0.000 reason=clear
  departure_cluster=V0/V1 owner=V0 owner_gen=106 other=V1 other_gen=101 active=1 intervals=1 stop_boundary=3.000 stop_s=2.900 release=1.150/3.900
  future_a1=owner=V0 gen=106 arrival=0.000 to_b=0.000
---
tick=39960 sim_t=3996.000
  V0 mode=ACTIVE phase=TO_B gen=106 task=52 slot=13->64 s=1.028 speed=0.200 action=NOMINAL requested=NOMINAL blocker=-1 wait=0.000 reason=clear
  V1 mode=ACTIVE phase=TO_A1 gen=101 task=50 slot=28->-1 s=0.558 speed=0.142 action=NOMINAL requested=NOMINAL blocker=-1 wait=0.000 reason=clear
  departure_cluster=V0/V1 owner=V0 owner_gen=106 other=V1 other_gen=101 active=1 intervals=1 stop_boundary=3.000 stop_s=2.900 release=1.150/3.900
  future_a1=owner=V0 gen=106 arrival=0.000 to_b=0.000
---
tick=39961 sim_t=3996.100
  V0 mode=ACTIVE phase=TO_B gen=106 task=52 slot=13->64 s=1.048 speed=0.200 action=NOMINAL requested=NOMINAL blocker=-1 wait=0.000 reason=clear
  V1 mode=ACTIVE phase=TO_A1 gen=101 task=50 slot=28->-1 s=0.572 speed=0.142 action=NOMINAL requested=NOMINAL blocker=-1 wait=0.000 reason=clear
  departure_cluster=V0/V1 owner=V0 owner_gen=106 other=V1 other_gen=101 active=1 intervals=1 stop_boundary=3.000 stop_s=2.900 release=1.150/3.900
  future_a1=owner=V0 gen=106 arrival=0.000 to_b=0.000
---
tick=39962 sim_t=3996.200
  V0 mode=ACTIVE phase=TO_B gen=106 task=52 slot=13->64 s=1.068 speed=0.200 action=NOMINAL requested=NOMINAL blocker=-1 wait=0.000 reason=clear
  V1 mode=ACTIVE phase=TO_A1 gen=101 task=50 slot=28->-1 s=0.586 speed=0.142 action=NOMINAL requested=NOMINAL blocker=-1 wait=0.000 reason=clear
  departure_cluster=V0/V1 owner=V0 owner_gen=106 other=V1 other_gen=101 active=1 intervals=1 stop_boundary=3.000 stop_s=2.900 release=1.150/3.900
  future_a1=owner=V0 gen=106 arrival=0.000 to_b=0.000
---
tick=39963 sim_t=3996.300
  V0 mode=ACTIVE phase=TO_B gen=106 task=52 slot=13->64 s=1.088 speed=0.200 action=NOMINAL requested=NOMINAL blocker=-1 wait=0.000 reason=clear
  V1 mode=ACTIVE phase=TO_A1 gen=101 task=50 slot=28->-1 s=0.601 speed=0.142 action=NOMINAL requested=NOMINAL blocker=-1 wait=0.000 reason=clear
  departure_cluster=V0/V1 owner=V0 owner_gen=106 other=V1 other_gen=101 active=1 intervals=1 stop_boundary=3.000 stop_s=2.900 release=1.150/3.900
  future_a1=owner=V0 gen=106 arrival=0.000 to_b=0.000
---
tick=39964 sim_t=3996.400
  V0 mode=ACTIVE phase=TO_B gen=106 task=52 slot=13->64 s=1.108 speed=0.200 action=NOMINAL requested=NOMINAL blocker=-1 wait=0.000 reason=clear
  V1 mode=ACTIVE phase=TO_A1 gen=101 task=50 slot=28->-1 s=0.615 speed=0.142 action=NOMINAL requested=NOMINAL blocker=-1 wait=0.000 reason=clear
  departure_cluster=V0/V1 owner=V0 owner_gen=106 other=V1 other_gen=101 active=1 intervals=1 stop_boundary=3.000 stop_s=2.900 release=1.150/3.900
  future_a1=owner=V0 gen=106 arrival=0.000 to_b=0.000
---
tick=39965 sim_t=3996.500
  V0 mode=ACTIVE phase=TO_B gen=106 task=52 slot=13->64 s=1.128 speed=0.200 action=NOMINAL requested=NOMINAL blocker=-1 wait=0.000 reason=clear
  V1 mode=ACTIVE phase=TO_A1 gen=101 task=50 slot=28->-1 s=0.629 speed=0.142 action=NOMINAL requested=NOMINAL blocker=-1 wait=0.000 reason=clear
  departure_cluster=V0/V1 owner=V0 owner_gen=106 other=V1 other_gen=101 active=1 intervals=1 stop_boundary=3.000 stop_s=2.900 release=1.150/3.900
  future_a1=owner=V0 gen=106 arrival=0.000 to_b=0.000
---
tick=39966 sim_t=3996.600
  V0 mode=ACTIVE phase=TO_B gen=106 task=52 slot=13->64 s=1.148 speed=0.200 action=NOMINAL requested=NOMINAL blocker=-1 wait=0.000 reason=clear
  V1 mode=ACTIVE phase=TO_A1 gen=101 task=50 slot=28->-1 s=0.643 speed=0.142 action=NOMINAL requested=NOMINAL blocker=-1 wait=0.000 reason=clear
  departure_cluster=V0/V1 owner=V0 owner_gen=106 other=V1 other_gen=101 active=1 intervals=1 stop_boundary=3.000 stop_s=2.900 release=1.150/3.900
  future_a1=owner=V0 gen=106 arrival=0.000 to_b=0.000
---
tick=39967 sim_t=3996.700
  V0 mode=ACTIVE phase=TO_B gen=106 task=52 slot=13->64 s=1.168 speed=0.200 action=NOMINAL requested=NOMINAL blocker=-1 wait=0.000 reason=clear
  V1 mode=ACTIVE phase=TO_A1 gen=101 task=50 slot=28->-1 s=0.658 speed=0.144 action=NOMINAL requested=NOMINAL blocker=-1 wait=0.000 reason=clear
  departure_cluster=V0/V1 owner=V0 owner_gen=106 other=V1 other_gen=101 active=1 intervals=1 stop_boundary=3.000 stop_s=2.900 release=1.150/3.900
  future_a1=owner=V0 gen=106 arrival=0.000 to_b=0.000
---
tick=39968 sim_t=3996.800
  V0 mode=ACTIVE phase=TO_B gen=106 task=52 slot=13->64 s=1.188 speed=0.200 action=NOMINAL requested=NOMINAL blocker=-1 wait=0.000 reason=clear
  V1 mode=ACTIVE phase=TO_A1 gen=101 task=50 slot=28->-1 s=0.673 speed=0.150 action=NOMINAL requested=NOMINAL blocker=-1 wait=0.000 reason=clear
  future_a1=owner=V0 gen=106 arrival=0.000 to_b=0.000
---
tick=39969 sim_t=3996.900
  V0 mode=ACTIVE phase=TO_B gen=106 task=52 slot=13->64 s=1.208 speed=0.200 action=NOMINAL requested=NOMINAL blocker=-1 wait=0.000 reason=clear
  V1 mode=ACTIVE phase=TO_A1 gen=101 task=50 slot=28->-1 s=0.687 speed=0.145 action=NOMINAL requested=NOMINAL blocker=-1 wait=0.000 reason=clear
  future_a1=owner=V0 gen=106 arrival=0.000 to_b=0.000
---
tick=39970 sim_t=3997.000
  V0 mode=ACTIVE phase=TO_B gen=106 task=52 slot=13->64 s=1.228 speed=0.200 action=NOMINAL requested=NOMINAL blocker=-1 wait=0.000 reason=clear
  V1 mode=ACTIVE phase=TO_A1 gen=101 task=50 slot=28->-1 s=0.700 speed=0.131 action=NOMINAL requested=NOMINAL blocker=-1 wait=0.000 reason=clear
  future_a1=owner=V0 gen=106 arrival=0.000 to_b=0.000
---
tick=39971 sim_t=3997.100
  V0 mode=ACTIVE phase=TO_B gen=106 task=52 slot=13->64 s=1.248 speed=0.200 action=NOMINAL requested=NOMINAL blocker=-1 wait=0.000 reason=clear
  V1 mode=ACTIVE phase=TO_A1 gen=101 task=50 slot=28->-1 s=0.710 speed=0.101 action=NOMINAL requested=NOMINAL blocker=-1 wait=0.000 reason=clear
  future_a1=owner=V0 gen=106 arrival=0.000 to_b=0.000
---
tick=39972 sim_t=3997.200
  V0 mode=ACTIVE phase=TO_B gen=106 task=52 slot=13->64 s=1.268 speed=0.200 action=NOMINAL requested=NOMINAL blocker=-1 wait=0.000 reason=clear
  V1 mode=ACTIVE phase=TO_A1 gen=101 task=50 slot=28->-1 s=0.721 speed=0.110 action=NOMINAL requested=NOMINAL blocker=-1 wait=0.000 reason=clear
  future_a1=owner=V0 gen=106 arrival=0.000 to_b=0.000
---
tick=39973 sim_t=3997.300
  V0 mode=ACTIVE phase=TO_B gen=106 task=52 slot=13->64 s=1.288 speed=0.200 action=NOMINAL requested=NOMINAL blocker=-1 wait=0.000 reason=clear
  V1 mode=ACTIVE phase=TO_A1 gen=101 task=50 slot=28->-1 s=0.734 speed=0.130 action=NOMINAL requested=NOMINAL blocker=-1 wait=0.000 reason=clear
  future_a1=owner=V0 gen=106 arrival=0.000 to_b=0.000
---
tick=39974 sim_t=3997.400
  V0 mode=ACTIVE phase=TO_B gen=106 task=52 slot=13->64 s=1.308 speed=0.200 action=NOMINAL requested=NOMINAL blocker=-1 wait=0.000 reason=clear
  V1 mode=ACTIVE phase=TO_A1 gen=101 task=50 slot=28->-1 s=0.749 speed=0.150 action=NOMINAL requested=NOMINAL blocker=-1 wait=0.000 reason=clear
  future_a1=owner=V0 gen=106 arrival=0.000 to_b=0.000
---
tick=39975 sim_t=3997.500
  V0 mode=ACTIVE phase=TO_B gen=106 task=52 slot=13->64 s=1.328 speed=0.200 action=NOMINAL requested=NOMINAL blocker=-1 wait=0.000 reason=clear
  V1 mode=ACTIVE phase=TO_A1 gen=101 task=50 slot=28->-1 s=0.766 speed=0.170 action=NOMINAL requested=NOMINAL blocker=-1 wait=0.000 reason=clear
  future_a1=owner=V0 gen=106 arrival=0.000 to_b=0.000
---
tick=39976 sim_t=3997.600
  V0 mode=ACTIVE phase=TO_B gen=106 task=52 slot=13->64 s=1.348 speed=0.200 action=NOMINAL requested=NOMINAL blocker=-1 wait=0.000 reason=clear
  V1 mode=ACTIVE phase=TO_A1 gen=101 task=50 slot=28->-1 s=0.785 speed=0.190 action=NOMINAL requested=NOMINAL blocker=-1 wait=0.000 reason=clear
  future_a1=owner=V0 gen=106 arrival=0.000 to_b=0.000
---
tick=39977 sim_t=3997.700
  V0 mode=ACTIVE phase=TO_B gen=106 task=52 slot=13->64 s=1.368 speed=0.200 action=NOMINAL requested=NOMINAL blocker=-1 wait=0.000 reason=clear
  V1 mode=ACTIVE phase=TO_A1 gen=101 task=50 slot=28->-1 s=0.805 speed=0.200 action=NOMINAL requested=NOMINAL blocker=-1 wait=0.000 reason=clear
  future_a1=owner=V0 gen=106 arrival=0.000 to_b=0.000
---
tick=39978 sim_t=3997.800
  V0 mode=ACTIVE phase=TO_B gen=106 task=52 slot=13->64 s=1.388 speed=0.200 action=NOMINAL requested=NOMINAL blocker=-1 wait=0.000 reason=clear
  V1 mode=ACTIVE phase=TO_A1 gen=101 task=50 slot=28->-1 s=0.825 speed=0.200 action=NOMINAL requested=NOMINAL blocker=-1 wait=0.000 reason=clear
  future_a1=owner=V0 gen=106 arrival=0.000 to_b=0.000
---
tick=39979 sim_t=3997.900
  V0 mode=ACTIVE phase=TO_B gen=106 task=52 slot=13->64 s=1.408 speed=0.200 action=NOMINAL requested=NOMINAL blocker=-1 wait=0.000 reason=clear
  V1 mode=ACTIVE phase=TO_A1 gen=101 task=50 slot=28->-1 s=0.845 speed=0.200 action=NOMINAL requested=NOMINAL blocker=-1 wait=0.000 reason=clear
  future_a1=owner=V0 gen=106 arrival=0.000 to_b=0.000
---
tick=39980 sim_t=3998.000
  V0 mode=ACTIVE phase=TO_B gen=106 task=52 slot=13->64 s=1.428 speed=0.200 action=NOMINAL requested=NOMINAL blocker=-1 wait=0.000 reason=clear
  V1 mode=ACTIVE phase=TO_A1 gen=101 task=50 slot=28->-1 s=0.865 speed=0.200 action=NOMINAL requested=NOMINAL blocker=-1 wait=0.000 reason=clear
  future_a1=owner=V0 gen=106 arrival=0.000 to_b=0.000
---
tick=39981 sim_t=3998.100
  V0 mode=ACTIVE phase=TO_B gen=106 task=52 slot=13->64 s=1.448 speed=0.200 action=NOMINAL requested=NOMINAL blocker=-1 wait=0.000 reason=clear
  V1 mode=ACTIVE phase=TO_A1 gen=101 task=50 slot=28->-1 s=0.885 speed=0.200 action=NOMINAL requested=NOMINAL blocker=-1 wait=0.000 reason=clear
  future_a1=none
---
tick=39982 sim_t=3998.200
  V0 mode=ACTIVE phase=TO_B gen=106 task=52 slot=13->64 s=1.468 speed=0.200 action=NOMINAL requested=NOMINAL blocker=-1 wait=0.000 reason=clear
  V1 mode=ACTIVE phase=TO_A1 gen=101 task=50 slot=28->-1 s=0.905 speed=0.200 action=NOMINAL requested=NOMINAL blocker=-1 wait=0.000 reason=clear
  future_a1=none
---
tick=39983 sim_t=3998.300
  V0 mode=ACTIVE phase=TO_B gen=106 task=52 slot=13->64 s=1.488 speed=0.200 action=NOMINAL requested=NOMINAL blocker=-1 wait=0.000 reason=clear
  V1 mode=ACTIVE phase=TO_A1 gen=101 task=50 slot=28->-1 s=0.925 speed=0.200 action=NOMINAL requested=NOMINAL blocker=-1 wait=0.000 reason=clear
  future_a1=none
---
tick=39984 sim_t=3998.400
  V0 mode=ACTIVE phase=TO_B gen=106 task=52 slot=13->64 s=1.508 speed=0.200 action=NOMINAL requested=NOMINAL blocker=-1 wait=0.000 reason=clear
  V1 mode=ACTIVE phase=TO_A1 gen=101 task=50 slot=28->-1 s=0.945 speed=0.200 action=NOMINAL requested=NOMINAL blocker=-1 wait=0.000 reason=clear
  future_a1=none
---
tick=39985 sim_t=3998.500
  V0 mode=ACTIVE phase=TO_B gen=106 task=52 slot=13->64 s=1.528 speed=0.200 action=NOMINAL requested=NOMINAL blocker=-1 wait=0.000 reason=clear
  V1 mode=ACTIVE phase=TO_A1 gen=101 task=50 slot=28->-1 s=0.965 speed=0.200 action=NOMINAL requested=NOMINAL blocker=-1 wait=0.000 reason=clear
  future_a1=none
---
tick=39986 sim_t=3998.600
  V0 mode=ACTIVE phase=TO_B gen=106 task=52 slot=13->64 s=1.548 speed=0.200 action=NOMINAL requested=NOMINAL blocker=-1 wait=0.000 reason=clear
  V1 mode=ACTIVE phase=TO_A1 gen=101 task=50 slot=28->-1 s=0.985 speed=0.200 action=NOMINAL requested=NOMINAL blocker=-1 wait=0.000 reason=clear
  future_a1=none
---
tick=39987 sim_t=3998.700
  V0 mode=ACTIVE phase=TO_B gen=106 task=52 slot=13->64 s=1.568 speed=0.200 action=NOMINAL requested=NOMINAL blocker=-1 wait=0.000 reason=clear
  V1 mode=ACTIVE phase=TO_A1 gen=101 task=50 slot=28->-1 s=1.005 speed=0.200 action=NOMINAL requested=NOMINAL blocker=-1 wait=0.000 reason=clear
  future_a1=none
---
tick=39988 sim_t=3998.800
  V0 mode=ACTIVE phase=TO_B gen=106 task=52 slot=13->64 s=1.588 speed=0.200 action=NOMINAL requested=NOMINAL blocker=-1 wait=0.000 reason=clear
  V1 mode=ACTIVE phase=TO_A1 gen=101 task=50 slot=28->-1 s=1.025 speed=0.200 action=NOMINAL requested=NOMINAL blocker=-1 wait=0.000 reason=clear
  future_a1=none
---
tick=39989 sim_t=3998.900
  V0 mode=ACTIVE phase=TO_B gen=106 task=52 slot=13->64 s=1.608 speed=0.200 action=NOMINAL requested=NOMINAL blocker=-1 wait=0.000 reason=clear
  V1 mode=ACTIVE phase=TO_A1 gen=101 task=50 slot=28->-1 s=1.045 speed=0.200 action=NOMINAL requested=NOMINAL blocker=-1 wait=0.000 reason=clear
  future_a1=none
---
tick=39990 sim_t=3999.000
  V0 mode=ACTIVE phase=TO_B gen=106 task=52 slot=13->64 s=1.628 speed=0.200 action=NOMINAL requested=NOMINAL blocker=-1 wait=0.000 reason=clear
  V1 mode=ACTIVE phase=TO_A1 gen=101 task=50 slot=28->-1 s=1.065 speed=0.200 action=NOMINAL requested=NOMINAL blocker=-1 wait=0.000 reason=clear
  future_a1=none
---
tick=39991 sim_t=3999.100
  V0 mode=ACTIVE phase=TO_B gen=106 task=52 slot=13->64 s=1.648 speed=0.200 action=NOMINAL requested=NOMINAL blocker=-1 wait=0.000 reason=clear
  V1 mode=ACTIVE phase=TO_A1 gen=101 task=50 slot=28->-1 s=1.085 speed=0.200 action=NOMINAL requested=NOMINAL blocker=-1 wait=0.000 reason=clear
  future_a1=none
---
tick=39992 sim_t=3999.200
  V0 mode=ACTIVE phase=TO_B gen=106 task=52 slot=13->64 s=1.668 speed=0.199 action=NOMINAL requested=NOMINAL blocker=-1 wait=0.000 reason=clear
  V1 mode=ACTIVE phase=TO_A1 gen=101 task=50 slot=28->-1 s=1.105 speed=0.200 action=NOMINAL requested=NOMINAL blocker=-1 wait=0.000 reason=clear
  future_a1=none
---
tick=39993 sim_t=3999.300
  V0 mode=ACTIVE phase=TO_B gen=106 task=52 slot=13->64 s=1.686 speed=0.186 action=NOMINAL requested=NOMINAL blocker=-1 wait=0.000 reason=clear
  V1 mode=ACTIVE phase=TO_A1 gen=101 task=50 slot=28->-1 s=1.125 speed=0.200 action=NOMINAL requested=NOMINAL blocker=-1 wait=0.000 reason=clear
  future_a1=none
---
tick=39994 sim_t=3999.400
  V0 mode=ACTIVE phase=TO_B gen=106 task=52 slot=13->64 s=1.704 speed=0.175 action=NOMINAL requested=NOMINAL blocker=-1 wait=0.000 reason=clear
  V1 mode=ACTIVE phase=TO_A1 gen=101 task=50 slot=28->-1 s=1.145 speed=0.200 action=NOMINAL requested=NOMINAL blocker=-1 wait=0.000 reason=clear
  future_a1=none
---
tick=39995 sim_t=3999.500
  V0 mode=ACTIVE phase=TO_B gen=106 task=52 slot=13->64 s=1.720 speed=0.166 action=NOMINAL requested=NOMINAL blocker=-1 wait=0.000 reason=clear
  V1 mode=ACTIVE phase=TO_A1 gen=101 task=50 slot=28->-1 s=1.165 speed=0.200 action=NOMINAL requested=NOMINAL blocker=-1 wait=0.000 reason=clear
  future_a1=none
---
tick=39996 sim_t=3999.600
  V0 mode=ACTIVE phase=TO_B gen=106 task=52 slot=13->64 s=1.736 speed=0.159 action=NOMINAL requested=NOMINAL blocker=-1 wait=0.000 reason=clear
  V1 mode=ACTIVE phase=TO_A1 gen=101 task=50 slot=28->-1 s=1.185 speed=0.200 action=NOMINAL requested=NOMINAL blocker=-1 wait=0.000 reason=clear
  future_a1=none
---
tick=39997 sim_t=3999.700
  V0 mode=ACTIVE phase=TO_B gen=106 task=52 slot=13->64 s=1.752 speed=0.153 action=NOMINAL requested=NOMINAL blocker=-1 wait=0.000 reason=clear
  V1 mode=ACTIVE phase=TO_A1 gen=101 task=50 slot=28->-1 s=1.205 speed=0.200 action=NOMINAL requested=NOMINAL blocker=-1 wait=0.000 reason=clear
  future_a1=none
---
tick=39998 sim_t=3999.800
  V0 mode=ACTIVE phase=TO_B gen=106 task=52 slot=13->64 s=1.766 speed=0.149 action=NOMINAL requested=NOMINAL blocker=-1 wait=0.000 reason=clear
  V1 mode=ACTIVE phase=TO_A1 gen=101 task=50 slot=28->-1 s=1.225 speed=0.200 action=NOMINAL requested=NOMINAL blocker=-1 wait=0.000 reason=clear
  future_a1=none
---
tick=39999 sim_t=3999.900
  V0 mode=ACTIVE phase=TO_B gen=106 task=52 slot=13->64 s=1.781 speed=0.146 action=NOMINAL requested=NOMINAL blocker=-1 wait=0.000 reason=clear
  V1 mode=ACTIVE phase=TO_A1 gen=101 task=50 slot=28->-1 s=1.245 speed=0.200 action=NOMINAL requested=NOMINAL blocker=-1 wait=0.000 reason=clear
  future_a1=none
---
tick=40000 sim_t=4000.000
  V0 mode=ACTIVE phase=TO_B gen=106 task=52 slot=13->64 s=1.795 speed=0.144 action=NOMINAL requested=NOMINAL blocker=-1 wait=0.000 reason=clear
  V1 mode=ACTIVE phase=TO_A1 gen=101 task=50 slot=28->-1 s=1.265 speed=0.200 action=NOMINAL requested=NOMINAL blocker=-1 wait=0.000 reason=clear
  future_a1=none
---
tick=40001 sim_t=4000.100
  V0 mode=ACTIVE phase=TO_B gen=106 task=52 slot=13->64 s=1.810 speed=0.143 action=NOMINAL requested=NOMINAL blocker=-1 wait=0.000 reason=clear
  V1 mode=ACTIVE phase=TO_A1 gen=101 task=50 slot=28->-1 s=1.285 speed=0.200 action=NOMINAL requested=NOMINAL blocker=-1 wait=0.000 reason=clear
  future_a1=none
---
tick=40002 sim_t=4000.200
  V0 mode=ACTIVE phase=TO_B gen=106 task=52 slot=13->64 s=1.824 speed=0.142 action=NOMINAL requested=NOMINAL blocker=-1 wait=0.000 reason=clear
  V1 mode=ACTIVE phase=TO_A1 gen=101 task=50 slot=28->-1 s=1.305 speed=0.200 action=NOMINAL requested=NOMINAL blocker=-1 wait=0.000 reason=clear
  future_a1=none
---
tick=40003 sim_t=4000.300
  V0 mode=ACTIVE phase=TO_B gen=106 task=52 slot=13->64 s=1.838 speed=0.142 action=NOMINAL requested=NOMINAL blocker=-1 wait=0.000 reason=clear
  V1 mode=ACTIVE phase=TO_A1 gen=101 task=50 slot=28->-1 s=1.325 speed=0.200 action=NOMINAL requested=NOMINAL blocker=-1 wait=0.000 reason=clear
  future_a1=none
---
tick=40004 sim_t=4000.400
  V0 mode=ACTIVE phase=TO_B gen=106 task=52 slot=13->64 s=1.852 speed=0.142 action=NOMINAL requested=NOMINAL blocker=-1 wait=0.000 reason=clear
  V1 mode=ACTIVE phase=TO_A1 gen=101 task=50 slot=28->-1 s=1.345 speed=0.200 action=NOMINAL requested=NOMINAL blocker=-1 wait=0.000 reason=clear
  future_a1=none
---
tick=40005 sim_t=4000.500
  V0 mode=ACTIVE phase=TO_B gen=106 task=52 slot=13->64 s=1.867 speed=0.142 action=NOMINAL requested=NOMINAL blocker=-1 wait=0.000 reason=clear
  V1 mode=ACTIVE phase=TO_A1 gen=101 task=50 slot=28->-1 s=1.365 speed=0.200 action=NOMINAL requested=NOMINAL blocker=-1 wait=0.000 reason=clear
  future_a1=none
---
tick=40006 sim_t=4000.600
  V0 mode=ACTIVE phase=TO_B gen=106 task=52 slot=13->64 s=1.881 speed=0.142 action=NOMINAL requested=NOMINAL blocker=-1 wait=0.000 reason=clear
  V1 mode=ACTIVE phase=TO_A1 gen=101 task=50 slot=28->-1 s=1.385 speed=0.200 action=NOMINAL requested=NOMINAL blocker=-1 wait=0.000 reason=clear
  future_a1=none
---
tick=40007 sim_t=4000.700
  V0 mode=ACTIVE phase=TO_B gen=106 task=52 slot=13->64 s=1.895 speed=0.142 action=NOMINAL requested=NOMINAL blocker=-1 wait=0.000 reason=clear
  V1 mode=ACTIVE phase=TO_A1 gen=101 task=50 slot=28->-1 s=1.405 speed=0.200 action=NOMINAL requested=NOMINAL blocker=-1 wait=0.000 reason=clear
  future_a1=none
---
tick=40008 sim_t=4000.800
  V0 mode=ACTIVE phase=TO_B gen=106 task=52 slot=13->64 s=1.909 speed=0.142 action=NOMINAL requested=NOMINAL blocker=-1 wait=0.000 reason=clear
  V1 mode=ACTIVE phase=TO_A1 gen=101 task=50 slot=28->-1 s=1.425 speed=0.200 action=NOMINAL requested=NOMINAL blocker=-1 wait=0.000 reason=clear
  future_a1=none
---
tick=40009 sim_t=4000.900
  V0 mode=ACTIVE phase=TO_B gen=106 task=52 slot=13->64 s=1.924 speed=0.142 action=NOMINAL requested=NOMINAL blocker=-1 wait=0.000 reason=clear
  V1 mode=ACTIVE phase=TO_A1 gen=101 task=50 slot=28->-1 s=1.445 speed=0.200 action=NOMINAL requested=NOMINAL blocker=-1 wait=0.000 reason=clear
  future_a1=none
---
tick=40010 sim_t=4001.000
  V0 mode=ACTIVE phase=TO_B gen=106 task=52 slot=13->64 s=1.938 speed=0.142 action=NOMINAL requested=NOMINAL blocker=-1 wait=0.000 reason=clear
  V1 mode=ACTIVE phase=TO_A1 gen=101 task=50 slot=28->-1 s=1.465 speed=0.200 action=NOMINAL requested=NOMINAL blocker=-1 wait=0.000 reason=clear
  future_a1=none
---
tick=40011 sim_t=4001.100
  V0 mode=ACTIVE phase=TO_B gen=106 task=52 slot=13->64 s=1.952 speed=0.142 action=NOMINAL requested=NOMINAL blocker=-1 wait=0.000 reason=clear
  V1 mode=ACTIVE phase=TO_A1 gen=101 task=50 slot=28->-1 s=1.485 speed=0.200 action=NOMINAL requested=NOMINAL blocker=-1 wait=0.000 reason=clear
  future_a1=none
---
tick=40012 sim_t=4001.200
  V0 mode=ACTIVE phase=TO_B gen=106 task=52 slot=13->64 s=1.966 speed=0.142 action=NOMINAL requested=NOMINAL blocker=-1 wait=0.000 reason=clear
  V1 mode=ACTIVE phase=TO_A1 gen=101 task=50 slot=28->-1 s=1.505 speed=0.200 action=NOMINAL requested=NOMINAL blocker=-1 wait=0.000 reason=clear
  future_a1=none
---
tick=40013 sim_t=4001.300
  V0 mode=ACTIVE phase=TO_B gen=106 task=52 slot=13->64 s=1.981 speed=0.142 action=NOMINAL requested=NOMINAL blocker=-1 wait=0.000 reason=clear
  V1 mode=ACTIVE phase=TO_A1 gen=101 task=50 slot=28->-1 s=1.525 speed=0.200 action=NOMINAL requested=NOMINAL blocker=-1 wait=0.000 reason=clear
  future_a1=none
---
tick=40014 sim_t=4001.400
  V0 mode=ACTIVE phase=TO_B gen=106 task=52 slot=13->64 s=1.995 speed=0.142 action=NOMINAL requested=NOMINAL blocker=-1 wait=0.000 reason=clear
  V1 mode=ACTIVE phase=TO_A1 gen=101 task=50 slot=28->-1 s=1.545 speed=0.200 action=NOMINAL requested=NOMINAL blocker=-1 wait=0.000 reason=clear
  future_a1=none
---
tick=40015 sim_t=4001.500
  V0 mode=ACTIVE phase=TO_B gen=106 task=52 slot=13->64 s=2.009 speed=0.142 action=NOMINAL requested=NOMINAL blocker=-1 wait=0.000 reason=clear
  V1 mode=ACTIVE phase=TO_A1 gen=101 task=50 slot=28->-1 s=1.565 speed=0.200 action=NOMINAL requested=NOMINAL blocker=-1 wait=0.000 reason=clear
  future_a1=none
---
tick=40016 sim_t=4001.600
  V0 mode=ACTIVE phase=TO_B gen=106 task=52 slot=13->64 s=2.023 speed=0.142 action=NOMINAL requested=NOMINAL blocker=-1 wait=0.000 reason=clear
  V1 mode=ACTIVE phase=TO_A1 gen=101 task=50 slot=28->-1 s=1.585 speed=0.200 action=NOMINAL requested=NOMINAL blocker=-1 wait=0.000 reason=clear
  future_a1=none
---
tick=40017 sim_t=4001.700
  V0 mode=ACTIVE phase=TO_B gen=106 task=52 slot=13->64 s=2.038 speed=0.143 action=NOMINAL requested=NOMINAL blocker=-1 wait=0.000 reason=clear
  V1 mode=ACTIVE phase=TO_A1 gen=101 task=50 slot=28->-1 s=1.605 speed=0.196 action=NOMINAL requested=NOMINAL blocker=-1 wait=0.000 reason=clear
  future_a1=none
---
tick=40018 sim_t=4001.800
  V0 mode=ACTIVE phase=TO_B gen=106 task=52 slot=13->64 s=2.052 speed=0.143 action=NOMINAL requested=NOMINAL blocker=-1 wait=0.000 reason=clear
  V1 mode=ACTIVE phase=TO_A1 gen=101 task=50 slot=28->-1 s=1.623 speed=0.175 action=NOMINAL requested=NOMINAL blocker=-1 wait=0.000 reason=clear
  future_a1=none
---
tick=40019 sim_t=4001.900
  V0 mode=ACTIVE phase=TO_B gen=106 task=52 slot=13->64 s=2.066 speed=0.145 action=NOMINAL requested=NOMINAL blocker=-1 wait=0.000 reason=clear
  V1 mode=ACTIVE phase=TO_A1 gen=101 task=50 slot=28->-1 s=1.639 speed=0.162 action=NOMINAL requested=NOMINAL blocker=-1 wait=0.000 reason=clear
  future_a1=none
---
tick=40020 sim_t=4002.000
  V0 mode=ACTIVE phase=TO_B gen=106 task=52 slot=13->64 s=2.081 speed=0.148 action=NOMINAL requested=NOMINAL blocker=-1 wait=0.000 reason=clear
  V1 mode=ACTIVE phase=TO_A1 gen=101 task=50 slot=28->-1 s=1.654 speed=0.153 action=NOMINAL requested=NOMINAL blocker=-1 wait=0.000 reason=clear
  future_a1=none
---
tick=40021 sim_t=4002.100
  V0 mode=ACTIVE phase=TO_B gen=106 task=52 slot=13->64 s=2.096 speed=0.152 action=NOMINAL requested=NOMINAL blocker=-1 wait=0.000 reason=clear
  V1 mode=ACTIVE phase=TO_A1 gen=101 task=50 slot=28->-1 s=1.669 speed=0.147 action=NOMINAL requested=NOMINAL blocker=-1 wait=0.000 reason=clear
  future_a1=owner=V1 gen=101 arrival=13.900 to_b=18.900
---
tick=40022 sim_t=4002.200
  V0 mode=ACTIVE phase=TO_B gen=106 task=52 slot=13->64 s=2.112 speed=0.157 action=NOMINAL requested=NOMINAL blocker=-1 wait=0.000 reason=clear
  V1 mode=ACTIVE phase=TO_A1 gen=101 task=50 slot=28->-1 s=1.683 speed=0.144 action=NOMINAL requested=NOMINAL blocker=-1 wait=0.000 reason=clear
  future_a1=owner=V1 gen=101 arrival=13.900 to_b=18.900
---
tick=40023 sim_t=4002.300
  V0 mode=ACTIVE phase=TO_B gen=106 task=52 slot=13->64 s=2.129 speed=0.164 action=NOMINAL requested=NOMINAL blocker=-1 wait=0.000 reason=clear
  V1 mode=ACTIVE phase=TO_A1 gen=101 task=50 slot=28->-1 s=1.697 speed=0.143 action=NOMINAL requested=NOMINAL blocker=-1 wait=0.000 reason=clear
  future_a1=owner=V1 gen=101 arrival=13.900 to_b=18.900
---
tick=40024 sim_t=4002.400
  V0 mode=ACTIVE phase=TO_B gen=106 task=52 slot=13->64 s=2.146 speed=0.171 action=NOMINAL requested=NOMINAL blocker=-1 wait=0.000 reason=clear
  V1 mode=ACTIVE phase=TO_A1 gen=101 task=50 slot=28->-1 s=1.712 speed=0.142 action=NOMINAL requested=NOMINAL blocker=-1 wait=0.000 reason=clear
  future_a1=owner=V1 gen=101 arrival=13.900 to_b=18.900
---
tick=40025 sim_t=4002.500
  V0 mode=ACTIVE phase=TO_B gen=106 task=52 slot=13->64 s=2.164 speed=0.180 action=NOMINAL requested=NOMINAL blocker=-1 wait=0.000 reason=clear
  V1 mode=ACTIVE phase=TO_A1 gen=101 task=50 slot=28->-1 s=1.726 speed=0.142 action=NOMINAL requested=NOMINAL blocker=-1 wait=0.000 reason=clear
  future_a1=owner=V1 gen=101 arrival=13.900 to_b=18.900
---
tick=40026 sim_t=4002.600
  V0 mode=ACTIVE phase=TO_B gen=106 task=52 slot=13->64 s=2.183 speed=0.192 action=NOMINAL requested=NOMINAL blocker=-1 wait=0.000 reason=clear
  V1 mode=ACTIVE phase=TO_A1 gen=101 task=50 slot=28->-1 s=1.740 speed=0.142 action=NOMINAL requested=NOMINAL blocker=-1 wait=0.000 reason=clear
  future_a1=owner=V1 gen=101 arrival=13.900 to_b=18.900
---
tick=40027 sim_t=4002.700
  V0 mode=ACTIVE phase=TO_B gen=106 task=52 slot=13->64 s=2.203 speed=0.200 action=NOMINAL requested=NOMINAL blocker=-1 wait=0.000 reason=clear
  V1 mode=ACTIVE phase=TO_A1 gen=101 task=50 slot=28->-1 s=1.754 speed=0.142 action=NOMINAL requested=NOMINAL blocker=-1 wait=0.000 reason=clear
  future_a1=owner=V1 gen=101 arrival=13.900 to_b=18.900
---
tick=40028 sim_t=4002.800
  V0 mode=ACTIVE phase=TO_B gen=106 task=52 slot=13->64 s=2.223 speed=0.200 action=NOMINAL requested=NOMINAL blocker=-1 wait=0.000 reason=clear
  V1 mode=ACTIVE phase=TO_A1 gen=101 task=50 slot=28->-1 s=1.769 speed=0.142 action=NOMINAL requested=NOMINAL blocker=-1 wait=0.000 reason=clear
  future_a1=owner=V1 gen=101 arrival=13.900 to_b=18.900
---
tick=40029 sim_t=4002.900
  V0 mode=ACTIVE phase=TO_B gen=106 task=52 slot=13->64 s=2.243 speed=0.200 action=NOMINAL requested=NOMINAL blocker=-1 wait=0.000 reason=clear
  V1 mode=ACTIVE phase=TO_A1 gen=101 task=50 slot=28->-1 s=1.783 speed=0.142 action=NOMINAL requested=NOMINAL blocker=-1 wait=0.000 reason=clear
  future_a1=owner=V1 gen=101 arrival=13.900 to_b=18.900
---
tick=40030 sim_t=4003.000
  V0 mode=ACTIVE phase=TO_B gen=106 task=52 slot=13->64 s=2.263 speed=0.200 action=NOMINAL requested=NOMINAL blocker=-1 wait=0.000 reason=clear
  V1 mode=ACTIVE phase=TO_A1 gen=101 task=50 slot=28->-1 s=1.797 speed=0.142 action=NOMINAL requested=NOMINAL blocker=-1 wait=0.000 reason=clear
  future_a1=owner=V1 gen=101 arrival=13.900 to_b=18.900
---
tick=40031 sim_t=4003.100
  V0 mode=ACTIVE phase=TO_B gen=106 task=52 slot=13->64 s=2.283 speed=0.200 action=NOMINAL requested=NOMINAL blocker=-1 wait=0.000 reason=clear
  V1 mode=ACTIVE phase=TO_A1 gen=101 task=50 slot=28->-1 s=1.811 speed=0.142 action=NOMINAL requested=NOMINAL blocker=-1 wait=0.000 reason=clear
  future_a1=owner=V1 gen=101 arrival=13.900 to_b=18.900
---
tick=40032 sim_t=4003.200
  V0 mode=ACTIVE phase=TO_B gen=106 task=52 slot=13->64 s=2.303 speed=0.200 action=NOMINAL requested=NOMINAL blocker=-1 wait=0.000 reason=clear
  V1 mode=ACTIVE phase=TO_A1 gen=101 task=50 slot=28->-1 s=1.826 speed=0.142 action=NOMINAL requested=NOMINAL blocker=-1 wait=0.000 reason=clear
  future_a1=owner=V1 gen=101 arrival=13.900 to_b=18.900
---
tick=40033 sim_t=4003.300
  V0 mode=ACTIVE phase=TO_B gen=106 task=52 slot=13->64 s=2.323 speed=0.200 action=NOMINAL requested=NOMINAL blocker=-1 wait=0.000 reason=clear
  V1 mode=ACTIVE phase=TO_A1 gen=101 task=50 slot=28->-1 s=1.840 speed=0.142 action=NOMINAL requested=NOMINAL blocker=-1 wait=0.000 reason=clear
  future_a1=owner=V1 gen=101 arrival=13.900 to_b=18.900
---
tick=40034 sim_t=4003.400
  V0 mode=ACTIVE phase=TO_B gen=106 task=52 slot=13->64 s=2.343 speed=0.200 action=NOMINAL requested=NOMINAL blocker=-1 wait=0.000 reason=clear
  V1 mode=ACTIVE phase=TO_A1 gen=101 task=50 slot=28->-1 s=1.854 speed=0.142 action=NOMINAL requested=NOMINAL blocker=-1 wait=0.000 reason=clear
  future_a1=owner=V1 gen=101 arrival=13.900 to_b=18.900
---
tick=40035 sim_t=4003.500
  V0 mode=ACTIVE phase=TO_B gen=106 task=52 slot=13->64 s=2.361 speed=0.177 action=NOMINAL requested=NOMINAL blocker=-1 wait=0.000 reason=clear
  V1 mode=ACTIVE phase=TO_A1 gen=101 task=50 slot=28->-1 s=1.868 speed=0.142 action=NOMINAL requested=NOMINAL blocker=-1 wait=0.000 reason=clear
  future_a1=owner=V1 gen=101 arrival=13.900 to_b=18.900
---
tick=40036 sim_t=4003.600
  V0 mode=ACTIVE phase=TO_B gen=106 task=52 slot=13->64 s=2.376 speed=0.153 action=NOMINAL requested=NOMINAL blocker=-1 wait=0.000 reason=clear
  V1 mode=ACTIVE phase=TO_A1 gen=101 task=50 slot=28->-1 s=1.883 speed=0.142 action=NOMINAL requested=NOMINAL blocker=-1 wait=0.000 reason=clear
  future_a1=owner=V1 gen=101 arrival=13.900 to_b=18.900
---
tick=40037 sim_t=4003.700
  V0 mode=ACTIVE phase=TO_B gen=106 task=52 slot=13->64 s=2.390 speed=0.145 action=NOMINAL requested=NOMINAL blocker=-1 wait=0.000 reason=clear
  V1 mode=ACTIVE phase=TO_A1 gen=101 task=50 slot=28->-1 s=1.897 speed=0.142 action=NOMINAL requested=NOMINAL blocker=-1 wait=0.000 reason=clear
  future_a1=owner=V1 gen=101 arrival=13.900 to_b=18.900
---
tick=40038 sim_t=4003.800
  V0 mode=ACTIVE phase=TO_B gen=106 task=52 slot=13->64 s=2.405 speed=0.143 action=NOMINAL requested=NOMINAL blocker=-1 wait=0.000 reason=clear
  V1 mode=ACTIVE phase=TO_A1 gen=101 task=50 slot=28->-1 s=1.911 speed=0.142 action=NOMINAL requested=NOMINAL blocker=-1 wait=0.000 reason=clear
  future_a1=owner=V1 gen=101 arrival=13.900 to_b=18.900
---
tick=40039 sim_t=4003.900
  V0 mode=ACTIVE phase=TO_B gen=106 task=52 slot=13->64 s=2.419 speed=0.142 action=NOMINAL requested=NOMINAL blocker=-1 wait=0.000 reason=clear
  V1 mode=ACTIVE phase=TO_A1 gen=101 task=50 slot=28->-1 s=1.925 speed=0.142 action=NOMINAL requested=NOMINAL blocker=-1 wait=0.000 reason=clear
  future_a1=owner=V1 gen=101 arrival=13.900 to_b=18.900
---
tick=40040 sim_t=4004.000
  V0 mode=ACTIVE phase=TO_B gen=106 task=52 slot=13->64 s=2.433 speed=0.142 action=NOMINAL requested=NOMINAL blocker=-1 wait=0.000 reason=clear
  V1 mode=ACTIVE phase=TO_A1 gen=101 task=50 slot=28->-1 s=1.940 speed=0.142 action=NOMINAL requested=NOMINAL blocker=-1 wait=0.000 reason=clear
  future_a1=owner=V1 gen=101 arrival=13.900 to_b=18.900
---
tick=40041 sim_t=4004.100
  V0 mode=ACTIVE phase=TO_B gen=106 task=52 slot=13->64 s=2.447 speed=0.142 action=NOMINAL requested=NOMINAL blocker=-1 wait=0.000 reason=clear
  V1 mode=ACTIVE phase=TO_A1 gen=101 task=50 slot=28->-1 s=1.954 speed=0.142 action=NOMINAL requested=NOMINAL blocker=-1 wait=0.000 reason=clear
  future_a1=owner=V1 gen=101 arrival=11.900 to_b=16.900
---
tick=40042 sim_t=4004.200
  V0 mode=ACTIVE phase=TO_B gen=106 task=52 slot=13->64 s=2.462 speed=0.142 action=NOMINAL requested=NOMINAL blocker=-1 wait=0.000 reason=clear
  V1 mode=ACTIVE phase=TO_A1 gen=101 task=50 slot=28->-1 s=1.968 speed=0.142 action=NOMINAL requested=NOMINAL blocker=-1 wait=0.000 reason=clear
  future_a1=owner=V1 gen=101 arrival=11.900 to_b=16.900
---
tick=40043 sim_t=4004.300
  V0 mode=ACTIVE phase=TO_B gen=106 task=52 slot=13->64 s=2.476 speed=0.142 action=NOMINAL requested=NOMINAL blocker=-1 wait=0.000 reason=clear
  V1 mode=ACTIVE phase=TO_A1 gen=101 task=50 slot=28->-1 s=1.982 speed=0.142 action=NOMINAL requested=NOMINAL blocker=-1 wait=0.000 reason=clear
  future_a1=owner=V1 gen=101 arrival=11.900 to_b=16.900
---
tick=40044 sim_t=4004.400
  V0 mode=ACTIVE phase=TO_B gen=106 task=52 slot=13->64 s=2.490 speed=0.142 action=NOMINAL requested=NOMINAL blocker=-1 wait=0.000 reason=clear
  V1 mode=ACTIVE phase=TO_A1 gen=101 task=50 slot=28->-1 s=1.997 speed=0.142 action=NOMINAL requested=NOMINAL blocker=-1 wait=0.000 reason=clear
  future_a1=owner=V1 gen=101 arrival=11.900 to_b=16.900
---
tick=40045 sim_t=4004.500
  V0 mode=ACTIVE phase=TO_B gen=106 task=52 slot=13->64 s=2.504 speed=0.142 action=NOMINAL requested=NOMINAL blocker=-1 wait=0.000 reason=clear
  V1 mode=ACTIVE phase=TO_A1 gen=101 task=50 slot=28->-1 s=2.011 speed=0.142 action=NOMINAL requested=NOMINAL blocker=-1 wait=0.000 reason=clear
  future_a1=owner=V1 gen=101 arrival=11.900 to_b=16.900
---
tick=40046 sim_t=4004.600
  V0 mode=ACTIVE phase=TO_B gen=106 task=52 slot=13->64 s=2.519 speed=0.142 action=NOMINAL requested=NOMINAL blocker=-1 wait=0.000 reason=clear
  V1 mode=ACTIVE phase=TO_A1 gen=101 task=50 slot=28->-1 s=2.025 speed=0.143 action=NOMINAL requested=NOMINAL blocker=-1 wait=0.000 reason=clear
  future_a1=owner=V1 gen=101 arrival=11.900 to_b=16.900
---
tick=40047 sim_t=4004.700
  V0 mode=ACTIVE phase=TO_B gen=106 task=52 slot=13->64 s=2.533 speed=0.142 action=NOMINAL requested=NOMINAL blocker=-1 wait=0.000 reason=clear
  V1 mode=ACTIVE phase=TO_A1 gen=101 task=50 slot=28->-1 s=2.039 speed=0.144 action=NOMINAL requested=NOMINAL blocker=-1 wait=0.000 reason=clear
  future_a1=owner=V1 gen=101 arrival=11.900 to_b=16.900
---
tick=40048 sim_t=4004.800
  V0 mode=ACTIVE phase=TO_B gen=106 task=52 slot=13->64 s=2.547 speed=0.142 action=NOMINAL requested=NOMINAL blocker=-1 wait=0.000 reason=clear
  V1 mode=ACTIVE phase=TO_A1 gen=101 task=50 slot=28->-1 s=2.054 speed=0.147 action=NOMINAL requested=NOMINAL blocker=-1 wait=0.000 reason=clear
  future_a1=owner=V1 gen=101 arrival=11.900 to_b=16.900
---
tick=40049 sim_t=4004.900
  V0 mode=ACTIVE phase=TO_B gen=106 task=52 slot=13->64 s=2.561 speed=0.142 action=NOMINAL requested=NOMINAL blocker=-1 wait=0.000 reason=clear
  V1 mode=ACTIVE phase=TO_A1 gen=101 task=50 slot=28->-1 s=2.069 speed=0.152 action=NOMINAL requested=NOMINAL blocker=-1 wait=0.000 reason=clear
  future_a1=owner=V1 gen=101 arrival=11.900 to_b=16.900
---
tick=40050 sim_t=4005.000
  V0 mode=ACTIVE phase=TO_B gen=106 task=52 slot=13->64 s=2.576 speed=0.142 action=NOMINAL requested=NOMINAL blocker=-1 wait=0.000 reason=clear
  V1 mode=ACTIVE phase=TO_A1 gen=101 task=50 slot=28->-1 s=2.085 speed=0.160 action=NOMINAL requested=NOMINAL blocker=-1 wait=0.000 reason=clear
  future_a1=owner=V1 gen=101 arrival=11.900 to_b=16.900
---
tick=40051 sim_t=4005.100
  V0 mode=ACTIVE phase=TO_B gen=106 task=52 slot=13->64 s=2.590 speed=0.142 action=NOMINAL requested=NOMINAL blocker=-1 wait=0.000 reason=clear
  V1 mode=ACTIVE phase=TO_A1 gen=101 task=50 slot=28->-1 s=2.103 speed=0.172 action=NOMINAL requested=NOMINAL blocker=-1 wait=0.000 reason=clear
  future_a1=owner=V1 gen=101 arrival=11.900 to_b=16.900
---
tick=40052 sim_t=4005.200
  V0 mode=ACTIVE phase=TO_B gen=106 task=52 slot=13->64 s=2.604 speed=0.142 action=NOMINAL requested=NOMINAL blocker=-1 wait=0.000 reason=clear
  V1 mode=ACTIVE phase=TO_A1 gen=101 task=50 slot=28->-1 s=2.122 speed=0.189 action=NOMINAL requested=NOMINAL blocker=-1 wait=0.000 reason=clear
  future_a1=owner=V1 gen=101 arrival=11.900 to_b=16.900
---
tick=40053 sim_t=4005.300
  V0 mode=ACTIVE phase=TO_B gen=106 task=52 slot=13->64 s=2.618 speed=0.142 action=NOMINAL requested=NOMINAL blocker=-1 wait=0.000 reason=clear
  V1 mode=ACTIVE phase=TO_A1 gen=101 task=50 slot=28->-1 s=2.142 speed=0.200 action=NOMINAL requested=NOMINAL blocker=-1 wait=0.000 reason=clear
  future_a1=owner=V1 gen=101 arrival=11.900 to_b=16.900
---
tick=40054 sim_t=4005.400
  V0 mode=ACTIVE phase=TO_B gen=106 task=52 slot=13->64 s=2.633 speed=0.142 action=NOMINAL requested=NOMINAL blocker=-1 wait=0.000 reason=clear
  V1 mode=ACTIVE phase=TO_A1 gen=101 task=50 slot=28->-1 s=2.162 speed=0.200 action=NOMINAL requested=NOMINAL blocker=-1 wait=0.000 reason=clear
  future_a1=owner=V1 gen=101 arrival=11.900 to_b=16.900
---
tick=40055 sim_t=4005.500
  V0 mode=ACTIVE phase=TO_B gen=106 task=52 slot=13->64 s=2.647 speed=0.142 action=NOMINAL requested=NOMINAL blocker=-1 wait=0.000 reason=clear
  V1 mode=ACTIVE phase=TO_A1 gen=101 task=50 slot=28->-1 s=2.182 speed=0.200 action=NOMINAL requested=NOMINAL blocker=-1 wait=0.000 reason=clear
  future_a1=owner=V1 gen=101 arrival=11.900 to_b=16.900
---
tick=40056 sim_t=4005.600
  V0 mode=ACTIVE phase=TO_B gen=106 task=52 slot=13->64 s=2.661 speed=0.142 action=NOMINAL requested=NOMINAL blocker=-1 wait=0.000 reason=clear
  V1 mode=ACTIVE phase=TO_A1 gen=101 task=50 slot=28->-1 s=2.202 speed=0.200 action=NOMINAL requested=NOMINAL blocker=-1 wait=0.000 reason=clear
  future_a1=owner=V1 gen=101 arrival=11.900 to_b=16.900
---
tick=40057 sim_t=4005.700
  V0 mode=ACTIVE phase=TO_B gen=106 task=52 slot=13->64 s=2.675 speed=0.142 action=NOMINAL requested=NOMINAL blocker=-1 wait=0.000 reason=clear
  V1 mode=ACTIVE phase=TO_A1 gen=101 task=50 slot=28->-1 s=2.222 speed=0.200 action=NOMINAL requested=NOMINAL blocker=-1 wait=0.000 reason=clear
  future_a1=owner=V1 gen=101 arrival=11.900 to_b=16.900
---
tick=40058 sim_t=4005.800
  V0 mode=ACTIVE phase=TO_B gen=106 task=52 slot=13->64 s=2.690 speed=0.142 action=NOMINAL requested=NOMINAL blocker=-1 wait=0.000 reason=clear
  V1 mode=ACTIVE phase=TO_A1 gen=101 task=50 slot=28->-1 s=2.242 speed=0.200 action=NOMINAL requested=NOMINAL blocker=-1 wait=0.000 reason=clear
  future_a1=owner=V1 gen=101 arrival=11.900 to_b=16.900
---
tick=40059 sim_t=4005.900
  V0 mode=ACTIVE phase=TO_B gen=106 task=52 slot=13->64 s=2.704 speed=0.142 action=NOMINAL requested=NOMINAL blocker=-1 wait=0.000 reason=clear
  V1 mode=ACTIVE phase=TO_A1 gen=101 task=50 slot=28->-1 s=2.262 speed=0.200 action=NOMINAL requested=NOMINAL blocker=-1 wait=0.000 reason=clear
  future_a1=owner=V1 gen=101 arrival=11.900 to_b=16.900
---
tick=40060 sim_t=4006.000
  V0 mode=ACTIVE phase=TO_B gen=106 task=52 slot=13->64 s=2.718 speed=0.142 action=NOMINAL requested=NOMINAL blocker=-1 wait=0.000 reason=clear
  V1 mode=ACTIVE phase=TO_A1 gen=101 task=50 slot=28->-1 s=2.282 speed=0.200 action=NOMINAL requested=NOMINAL blocker=-1 wait=0.000 reason=clear
  future_a1=owner=V1 gen=101 arrival=11.900 to_b=16.900
---
tick=40061 sim_t=4006.100
  V0 mode=ACTIVE phase=TO_B gen=106 task=52 slot=13->64 s=2.732 speed=0.142 action=NOMINAL requested=NOMINAL blocker=-1 wait=0.000 reason=clear
  V1 mode=ACTIVE phase=TO_A1 gen=101 task=50 slot=28->-1 s=2.300 speed=0.189 action=NOMINAL requested=NOMINAL blocker=-1 wait=0.000 reason=clear
  future_a1=owner=V1 gen=101 arrival=9.900 to_b=14.900
---
tick=40062 sim_t=4006.200
  V0 mode=ACTIVE phase=TO_B gen=106 task=52 slot=13->64 s=2.747 speed=0.142 action=NOMINAL requested=NOMINAL blocker=-1 wait=0.000 reason=clear
  V1 mode=ACTIVE phase=TO_A1 gen=101 task=50 slot=28->-1 s=2.318 speed=0.171 action=NOMINAL requested=NOMINAL blocker=-1 wait=0.000 reason=clear
  future_a1=owner=V1 gen=101 arrival=9.900 to_b=14.900
---
tick=40063 sim_t=4006.300
  V0 mode=ACTIVE phase=TO_B gen=106 task=52 slot=13->64 s=2.761 speed=0.142 action=NOMINAL requested=NOMINAL blocker=-1 wait=0.000 reason=clear
  V1 mode=ACTIVE phase=TO_A1 gen=101 task=50 slot=28->-1 s=2.333 speed=0.159 action=NOMINAL requested=NOMINAL blocker=-1 wait=0.000 reason=clear
  future_a1=owner=V1 gen=101 arrival=9.900 to_b=14.900
---
tick=40064 sim_t=4006.400
  V0 mode=ACTIVE phase=TO_B gen=106 task=52 slot=13->64 s=2.775 speed=0.142 action=NOMINAL requested=NOMINAL blocker=-1 wait=0.000 reason=clear
  V1 mode=ACTIVE phase=TO_A1 gen=101 task=50 slot=28->-1 s=2.348 speed=0.151 action=NOMINAL requested=NOMINAL blocker=-1 wait=0.000 reason=clear
  future_a1=owner=V1 gen=101 arrival=9.900 to_b=14.900
---
tick=40065 sim_t=4006.500
  V0 mode=ACTIVE phase=TO_B gen=106 task=52 slot=13->64 s=2.789 speed=0.142 action=NOMINAL requested=NOMINAL blocker=-1 wait=0.000 reason=clear
  V1 mode=ACTIVE phase=TO_A1 gen=101 task=50 slot=28->-1 s=2.363 speed=0.146 action=NOMINAL requested=NOMINAL blocker=-1 wait=0.000 reason=clear
  future_a1=owner=V1 gen=101 arrival=9.900 to_b=14.900
---
tick=40066 sim_t=4006.600
  V0 mode=ACTIVE phase=TO_B gen=106 task=52 slot=13->64 s=2.804 speed=0.142 action=NOMINAL requested=NOMINAL blocker=-1 wait=0.000 reason=clear
  V1 mode=ACTIVE phase=TO_A1 gen=101 task=50 slot=28->-1 s=2.377 speed=0.143 action=NOMINAL requested=NOMINAL blocker=-1 wait=0.000 reason=clear
  future_a1=owner=V1 gen=101 arrival=9.900 to_b=14.900
---
tick=40067 sim_t=4006.700
  V0 mode=ACTIVE phase=TO_B gen=106 task=52 slot=13->64 s=2.818 speed=0.143 action=NOMINAL requested=NOMINAL blocker=-1 wait=0.000 reason=clear
  V1 mode=ACTIVE phase=TO_A1 gen=101 task=50 slot=28->-1 s=2.392 speed=0.143 action=NOMINAL requested=NOMINAL blocker=-1 wait=0.000 reason=clear
  future_a1=owner=V1 gen=101 arrival=9.900 to_b=14.900
---
tick=40068 sim_t=4006.800
  V0 mode=ACTIVE phase=TO_B gen=106 task=52 slot=13->64 s=2.832 speed=0.144 action=NOMINAL requested=NOMINAL blocker=-1 wait=0.000 reason=clear
  V1 mode=ACTIVE phase=TO_A1 gen=101 task=50 slot=28->-1 s=2.406 speed=0.142 action=NOMINAL requested=NOMINAL blocker=-1 wait=0.000 reason=clear
  future_a1=owner=V1 gen=101 arrival=9.900 to_b=14.900
---
tick=40069 sim_t=4006.900
  V0 mode=ACTIVE phase=TO_B gen=106 task=52 slot=13->64 s=2.847 speed=0.149 action=NOMINAL requested=NOMINAL blocker=-1 wait=0.000 reason=clear
  V1 mode=ACTIVE phase=TO_A1 gen=101 task=50 slot=28->-1 s=2.420 speed=0.142 action=NOMINAL requested=NOMINAL blocker=-1 wait=0.000 reason=clear
  future_a1=owner=V1 gen=101 arrival=9.900 to_b=14.900
---
tick=40070 sim_t=4007.000
  V0 mode=ACTIVE phase=TO_B gen=106 task=52 slot=13->64 s=2.863 speed=0.163 action=NOMINAL requested=NOMINAL blocker=-1 wait=0.000 reason=clear
  V1 mode=ACTIVE phase=TO_A1 gen=101 task=50 slot=28->-1 s=2.434 speed=0.142 action=NOMINAL requested=NOMINAL blocker=-1 wait=0.000 reason=clear
  future_a1=owner=V1 gen=101 arrival=9.900 to_b=14.900
---
tick=40071 sim_t=4007.100
  V0 mode=ACTIVE phase=TO_B gen=106 task=52 slot=13->64 s=2.882 speed=0.183 action=NOMINAL requested=NOMINAL blocker=-1 wait=0.000 reason=clear
  V1 mode=ACTIVE phase=TO_A1 gen=101 task=50 slot=28->-1 s=2.449 speed=0.142 action=NOMINAL requested=NOMINAL blocker=-1 wait=0.000 reason=clear
  future_a1=owner=V1 gen=101 arrival=9.900 to_b=14.900
---
tick=40072 sim_t=4007.200
  V0 mode=ACTIVE phase=TO_B gen=106 task=52 slot=13->64 s=2.902 speed=0.200 action=NOMINAL requested=NOMINAL blocker=-1 wait=0.000 reason=clear
  V1 mode=ACTIVE phase=TO_A1 gen=101 task=50 slot=28->-1 s=2.463 speed=0.142 action=NOMINAL requested=NOMINAL blocker=-1 wait=0.000 reason=clear
  future_a1=owner=V1 gen=101 arrival=9.900 to_b=14.900
---
tick=40073 sim_t=4007.300
  V0 mode=ACTIVE phase=TO_B gen=106 task=52 slot=13->64 s=2.922 speed=0.200 action=NOMINAL requested=NOMINAL blocker=-1 wait=0.000 reason=clear
  V1 mode=ACTIVE phase=TO_A1 gen=101 task=50 slot=28->-1 s=2.477 speed=0.142 action=NOMINAL requested=NOMINAL blocker=-1 wait=0.000 reason=clear
  future_a1=owner=V1 gen=101 arrival=9.900 to_b=14.900
---
tick=40074 sim_t=4007.400
  V0 mode=ACTIVE phase=TO_B gen=106 task=52 slot=13->64 s=2.942 speed=0.200 action=NOMINAL requested=NOMINAL blocker=-1 wait=0.000 reason=clear
  V1 mode=ACTIVE phase=TO_A1 gen=101 task=50 slot=28->-1 s=2.491 speed=0.142 action=NOMINAL requested=NOMINAL blocker=-1 wait=0.000 reason=clear
  future_a1=owner=V1 gen=101 arrival=9.900 to_b=14.900
---
tick=40075 sim_t=4007.500
  V0 mode=ACTIVE phase=TO_B gen=106 task=52 slot=13->64 s=2.962 speed=0.200 action=NOMINAL requested=NOMINAL blocker=-1 wait=0.000 reason=clear
  V1 mode=ACTIVE phase=TO_A1 gen=101 task=50 slot=28->-1 s=2.506 speed=0.142 action=NOMINAL requested=NOMINAL blocker=-1 wait=0.000 reason=clear
  future_a1=owner=V1 gen=101 arrival=9.900 to_b=14.900
---
tick=40076 sim_t=4007.600
  V0 mode=ACTIVE phase=TO_B gen=106 task=52 slot=13->64 s=2.982 speed=0.200 action=NOMINAL requested=NOMINAL blocker=-1 wait=0.000 reason=clear
  V1 mode=ACTIVE phase=TO_A1 gen=101 task=50 slot=28->-1 s=2.520 speed=0.142 action=NOMINAL requested=NOMINAL blocker=-1 wait=0.000 reason=clear
  future_a1=owner=V1 gen=101 arrival=9.900 to_b=14.900
---
tick=40077 sim_t=4007.700
  V0 mode=ACTIVE phase=TO_B gen=106 task=52 slot=13->64 s=3.002 speed=0.200 action=NOMINAL requested=NOMINAL blocker=-1 wait=0.000 reason=clear
  V1 mode=ACTIVE phase=TO_A1 gen=101 task=50 slot=28->-1 s=2.534 speed=0.142 action=NOMINAL requested=NOMINAL blocker=-1 wait=0.000 reason=clear
  future_a1=owner=V1 gen=101 arrival=9.900 to_b=14.900
---
tick=40078 sim_t=4007.800
  V0 mode=ACTIVE phase=TO_B gen=106 task=52 slot=13->64 s=3.022 speed=0.200 action=NOMINAL requested=NOMINAL blocker=-1 wait=0.000 reason=clear
  V1 mode=ACTIVE phase=TO_A1 gen=101 task=50 slot=28->-1 s=2.548 speed=0.142 action=NOMINAL requested=NOMINAL blocker=-1 wait=0.000 reason=clear
  future_a1=owner=V1 gen=101 arrival=9.900 to_b=14.900
---
tick=40079 sim_t=4007.900
  V0 mode=ACTIVE phase=TO_B gen=106 task=52 slot=13->64 s=3.042 speed=0.200 action=NOMINAL requested=NOMINAL blocker=-1 wait=0.000 reason=clear
  V1 mode=ACTIVE phase=TO_A1 gen=101 task=50 slot=28->-1 s=2.563 speed=0.142 action=NOMINAL requested=NOMINAL blocker=-1 wait=0.000 reason=clear
  future_a1=owner=V1 gen=101 arrival=9.900 to_b=14.900
---
tick=40080 sim_t=4008.000
  V0 mode=ACTIVE phase=TO_B gen=106 task=52 slot=13->64 s=3.062 speed=0.200 action=NOMINAL requested=NOMINAL blocker=-1 wait=0.000 reason=clear
  V1 mode=ACTIVE phase=TO_A1 gen=101 task=50 slot=28->-1 s=2.577 speed=0.142 action=NOMINAL requested=NOMINAL blocker=-1 wait=0.000 reason=clear
  future_a1=owner=V1 gen=101 arrival=9.900 to_b=14.900
---
tick=40081 sim_t=4008.100
  V0 mode=ACTIVE phase=TO_B gen=106 task=52 slot=13->64 s=3.082 speed=0.200 action=NOMINAL requested=NOMINAL blocker=-1 wait=0.000 reason=clear
  V1 mode=ACTIVE phase=TO_A1 gen=101 task=50 slot=28->-1 s=2.591 speed=0.142 action=NOMINAL requested=NOMINAL blocker=-1 wait=0.000 reason=clear
  future_a1=owner=V1 gen=101 arrival=7.900 to_b=12.900
---
tick=40082 sim_t=4008.200
  V0 mode=ACTIVE phase=TO_B gen=106 task=52 slot=13->64 s=3.102 speed=0.200 action=NOMINAL requested=NOMINAL blocker=-1 wait=0.000 reason=clear
  V1 mode=ACTIVE phase=TO_A1 gen=101 task=50 slot=28->-1 s=2.605 speed=0.142 action=NOMINAL requested=NOMINAL blocker=-1 wait=0.000 reason=clear
  future_a1=owner=V1 gen=101 arrival=7.900 to_b=12.900
---
tick=40083 sim_t=4008.300
  V0 mode=ACTIVE phase=TO_B gen=106 task=52 slot=13->64 s=3.121 speed=0.190 action=NOMINAL requested=NOMINAL blocker=-1 wait=0.000 reason=clear
  V1 mode=ACTIVE phase=TO_A1 gen=101 task=50 slot=28->-1 s=2.620 speed=0.142 action=NOMINAL requested=NOMINAL blocker=-1 wait=0.000 reason=clear
  future_a1=owner=V1 gen=101 arrival=7.900 to_b=12.900
---
tick=40084 sim_t=4008.400
  V0 mode=ACTIVE phase=TO_B gen=106 task=52 slot=13->64 s=3.139 speed=0.181 action=NOMINAL requested=NOMINAL blocker=-1 wait=0.000 reason=clear
  V1 mode=ACTIVE phase=TO_A1 gen=101 task=50 slot=28->-1 s=2.634 speed=0.142 action=NOMINAL requested=NOMINAL blocker=-1 wait=0.000 reason=clear
  future_a1=owner=V1 gen=101 arrival=7.900 to_b=12.900
---
tick=40085 sim_t=4008.500
  V0 mode=ACTIVE phase=TO_B gen=106 task=52 slot=13->64 s=3.156 speed=0.173 action=NOMINAL requested=NOMINAL blocker=-1 wait=0.000 reason=clear
  V1 mode=ACTIVE phase=TO_A1 gen=101 task=50 slot=28->-1 s=2.648 speed=0.142 action=NOMINAL requested=NOMINAL blocker=-1 wait=0.000 reason=clear
  future_a1=owner=V1 gen=101 arrival=7.900 to_b=12.900
---
tick=40086 sim_t=4008.600
  V0 mode=ACTIVE phase=TO_B gen=106 task=52 slot=13->64 s=3.173 speed=0.166 action=NOMINAL requested=NOMINAL blocker=-1 wait=0.000 reason=clear
  V1 mode=ACTIVE phase=TO_A1 gen=101 task=50 slot=28->-1 s=2.662 speed=0.142 action=NOMINAL requested=NOMINAL blocker=-1 wait=0.000 reason=clear
  future_a1=owner=V1 gen=101 arrival=7.900 to_b=12.900
---
tick=40087 sim_t=4008.700
  V0 mode=ACTIVE phase=TO_B gen=106 task=52 slot=13->64 s=3.189 speed=0.161 action=NOMINAL requested=NOMINAL blocker=-1 wait=0.000 reason=clear
  V1 mode=ACTIVE phase=TO_A1 gen=101 task=50 slot=28->-1 s=2.677 speed=0.142 action=NOMINAL requested=NOMINAL blocker=-1 wait=0.000 reason=clear
  future_a1=owner=V1 gen=101 arrival=7.900 to_b=12.900
---
tick=40088 sim_t=4008.800
  V0 mode=ACTIVE phase=TO_B gen=106 task=52 slot=13->64 s=3.204 speed=0.156 action=NOMINAL requested=NOMINAL blocker=-1 wait=0.000 reason=clear
  V1 mode=ACTIVE phase=TO_A1 gen=101 task=50 slot=28->-1 s=2.691 speed=0.142 action=NOMINAL requested=NOMINAL blocker=-1 wait=0.000 reason=clear
  future_a1=owner=V1 gen=101 arrival=7.900 to_b=12.900
---
tick=40089 sim_t=4008.900
  V0 mode=ACTIVE phase=TO_B gen=106 task=52 slot=13->64 s=3.220 speed=0.152 action=NOMINAL requested=NOMINAL blocker=-1 wait=0.000 reason=clear
  V1 mode=ACTIVE phase=TO_A1 gen=101 task=50 slot=28->-1 s=2.705 speed=0.142 action=NOMINAL requested=NOMINAL blocker=-1 wait=0.000 reason=clear
  future_a1=owner=V1 gen=101 arrival=7.900 to_b=12.900
---
tick=40090 sim_t=4009.000
  V0 mode=ACTIVE phase=TO_B gen=106 task=52 slot=13->64 s=3.234 speed=0.148 action=NOMINAL requested=NOMINAL blocker=-1 wait=0.000 reason=clear
  V1 mode=ACTIVE phase=TO_A1 gen=101 task=50 slot=28->-1 s=2.719 speed=0.143 action=NOMINAL requested=NOMINAL blocker=-1 wait=0.000 reason=clear
  future_a1=owner=V1 gen=101 arrival=7.900 to_b=12.900
---
tick=40091 sim_t=4009.100
  V0 mode=ACTIVE phase=TO_B gen=106 task=52 slot=13->64 s=3.249 speed=0.145 action=NOMINAL requested=NOMINAL blocker=-1 wait=0.000 reason=clear
  V1 mode=ACTIVE phase=TO_A1 gen=101 task=50 slot=28->-1 s=2.734 speed=0.145 action=NOMINAL requested=NOMINAL blocker=-1 wait=0.000 reason=clear
  future_a1=owner=V1 gen=101 arrival=7.900 to_b=12.900
---
tick=40092 sim_t=4009.200
  V0 mode=ACTIVE phase=TO_B gen=106 task=52 slot=13->64 s=3.263 speed=0.144 action=NOMINAL requested=NOMINAL blocker=-1 wait=0.000 reason=clear
  V1 mode=ACTIVE phase=TO_A1 gen=101 task=50 slot=28->-1 s=2.749 speed=0.148 action=NOMINAL requested=NOMINAL blocker=-1 wait=0.000 reason=clear
  future_a1=owner=V1 gen=101 arrival=7.900 to_b=12.900
---
tick=40093 sim_t=4009.300
  V0 mode=ACTIVE phase=TO_B gen=106 task=52 slot=13->64 s=3.278 speed=0.143 action=NOMINAL requested=NOMINAL blocker=-1 wait=0.000 reason=clear
  V1 mode=ACTIVE phase=TO_A1 gen=101 task=50 slot=28->-1 s=2.764 speed=0.154 action=NOMINAL requested=NOMINAL blocker=-1 wait=0.000 reason=clear
  future_a1=owner=V1 gen=101 arrival=7.900 to_b=12.900
---
tick=40094 sim_t=4009.400
  V0 mode=ACTIVE phase=TO_B gen=106 task=52 slot=13->64 s=3.292 speed=0.143 action=NOMINAL requested=NOMINAL blocker=-1 wait=0.000 reason=clear
  V1 mode=ACTIVE phase=TO_A1 gen=101 task=50 slot=28->-1 s=2.780 speed=0.163 action=NOMINAL requested=NOMINAL blocker=-1 wait=0.000 reason=clear
  future_a1=owner=V1 gen=101 arrival=7.900 to_b=12.900
---
tick=40095 sim_t=4009.500
  V0 mode=ACTIVE phase=TO_B gen=106 task=52 slot=13->64 s=3.306 speed=0.142 action=NOMINAL requested=NOMINAL blocker=-1 wait=0.000 reason=clear
  V1 mode=ACTIVE phase=TO_A1 gen=101 task=50 slot=28->-1 s=2.798 speed=0.176 action=NOMINAL requested=NOMINAL blocker=-1 wait=0.000 reason=clear
  future_a1=owner=V1 gen=101 arrival=7.900 to_b=12.900
---
tick=40096 sim_t=4009.600
  V0 mode=ACTIVE phase=TO_B gen=106 task=52 slot=13->64 s=3.320 speed=0.142 action=NOMINAL requested=NOMINAL blocker=-1 wait=0.000 reason=clear
  V1 mode=ACTIVE phase=TO_A1 gen=101 task=50 slot=28->-1 s=2.817 speed=0.195 action=NOMINAL requested=NOMINAL blocker=-1 wait=0.000 reason=clear
  future_a1=owner=V1 gen=101 arrival=7.900 to_b=12.900
---
tick=40097 sim_t=4009.700
  V0 mode=ACTIVE phase=TO_B gen=106 task=52 slot=13->64 s=3.335 speed=0.142 action=NOMINAL requested=NOMINAL blocker=-1 wait=0.000 reason=clear
  V1 mode=ACTIVE phase=TO_A1 gen=101 task=50 slot=28->-1 s=2.837 speed=0.200 action=NOMINAL requested=NOMINAL blocker=-1 wait=0.000 reason=clear
  future_a1=owner=V1 gen=101 arrival=7.900 to_b=12.900
---
tick=40098 sim_t=4009.800
  V0 mode=ACTIVE phase=TO_B gen=106 task=52 slot=13->64 s=3.349 speed=0.142 action=NOMINAL requested=NOMINAL blocker=-1 wait=0.000 reason=clear
  V1 mode=ACTIVE phase=TO_A1 gen=101 task=50 slot=28->-1 s=2.857 speed=0.200 action=NOMINAL requested=NOMINAL blocker=-1 wait=0.000 reason=clear
  future_a1=owner=V1 gen=101 arrival=7.900 to_b=12.900
---
tick=40099 sim_t=4009.900
  V0 mode=ACTIVE phase=TO_B gen=106 task=52 slot=13->64 s=3.363 speed=0.142 action=NOMINAL requested=NOMINAL blocker=-1 wait=0.000 reason=clear
  V1 mode=ACTIVE phase=TO_A1 gen=101 task=50 slot=28->-1 s=2.877 speed=0.200 action=NOMINAL requested=NOMINAL blocker=-1 wait=0.000 reason=clear
  future_a1=owner=V1 gen=101 arrival=7.900 to_b=12.900
---
tick=40100 sim_t=4010.000
  V0 mode=ACTIVE phase=TO_B gen=106 task=52 slot=13->64 s=3.377 speed=0.142 action=NOMINAL requested=NOMINAL blocker=-1 wait=0.000 reason=clear
  V1 mode=ACTIVE phase=TO_A1 gen=101 task=50 slot=28->-1 s=2.897 speed=0.200 action=NOMINAL requested=NOMINAL blocker=-1 wait=0.000 reason=clear
  future_a1=owner=V1 gen=101 arrival=7.900 to_b=12.900
---
tick=40101 sim_t=4010.100
  V0 mode=ACTIVE phase=TO_B gen=106 task=52 slot=13->64 s=3.392 speed=0.142 action=NOMINAL requested=NOMINAL blocker=-1 wait=0.000 reason=clear
  V1 mode=ACTIVE phase=TO_A1 gen=101 task=50 slot=28->-1 s=2.917 speed=0.200 action=NOMINAL requested=NOMINAL blocker=-1 wait=0.000 reason=clear
  future_a1=owner=V1 gen=101 arrival=5.900 to_b=10.900
---
tick=40102 sim_t=4010.200
  V0 mode=ACTIVE phase=TO_B gen=106 task=52 slot=13->64 s=3.406 speed=0.142 action=NOMINAL requested=NOMINAL blocker=-1 wait=0.000 reason=clear
  V1 mode=ACTIVE phase=TO_A1 gen=101 task=50 slot=28->-1 s=2.937 speed=0.200 action=NOMINAL requested=NOMINAL blocker=-1 wait=0.000 reason=clear
  future_a1=owner=V1 gen=101 arrival=5.900 to_b=10.900
---
tick=40103 sim_t=4010.300
  V0 mode=ACTIVE phase=TO_B gen=106 task=52 slot=13->64 s=3.420 speed=0.142 action=NOMINAL requested=NOMINAL blocker=-1 wait=0.000 reason=clear
  V1 mode=ACTIVE phase=TO_A1 gen=101 task=50 slot=28->-1 s=2.957 speed=0.200 action=NOMINAL requested=NOMINAL blocker=-1 wait=0.000 reason=clear
  future_a1=owner=V1 gen=101 arrival=5.900 to_b=10.900
---
tick=40104 sim_t=4010.400
  V0 mode=ACTIVE phase=TO_B gen=106 task=52 slot=13->64 s=3.434 speed=0.143 action=NOMINAL requested=NOMINAL blocker=-1 wait=0.000 reason=clear
  V1 mode=ACTIVE phase=TO_A1 gen=101 task=50 slot=28->-1 s=2.977 speed=0.200 action=NOMINAL requested=NOMINAL blocker=-1 wait=0.000 reason=clear
  future_a1=owner=V1 gen=101 arrival=5.900 to_b=10.900
---
tick=40105 sim_t=4010.500
  V0 mode=ACTIVE phase=TO_B gen=106 task=52 slot=13->64 s=3.449 speed=0.143 action=NOMINAL requested=NOMINAL blocker=-1 wait=0.000 reason=clear
  V1 mode=ACTIVE phase=TO_A1 gen=101 task=50 slot=28->-1 s=2.997 speed=0.200 action=NOMINAL requested=NOMINAL blocker=-1 wait=0.000 reason=clear
  future_a1=owner=V1 gen=101 arrival=5.900 to_b=10.900
---
tick=40106 sim_t=4010.600
  V0 mode=ACTIVE phase=TO_B gen=106 task=52 slot=13->64 s=3.463 speed=0.144 action=NOMINAL requested=NOMINAL blocker=-1 wait=0.000 reason=clear
  V1 mode=ACTIVE phase=TO_A1 gen=101 task=50 slot=28->-1 s=3.017 speed=0.200 action=NOMINAL requested=NOMINAL blocker=-1 wait=0.000 reason=clear
  future_a1=owner=V1 gen=101 arrival=5.900 to_b=10.900
---
tick=40107 sim_t=4010.700
  V0 mode=ACTIVE phase=TO_B gen=106 task=52 slot=13->64 s=3.478 speed=0.146 action=NOMINAL requested=NOMINAL blocker=-1 wait=0.000 reason=clear
  V1 mode=ACTIVE phase=TO_A1 gen=101 task=50 slot=28->-1 s=3.037 speed=0.200 action=NOMINAL requested=NOMINAL blocker=-1 wait=0.000 reason=clear
  future_a1=owner=V1 gen=101 arrival=5.900 to_b=10.900
---
tick=40108 sim_t=4010.800
  V0 mode=ACTIVE phase=TO_B gen=106 task=52 slot=13->64 s=3.492 speed=0.149 action=NOMINAL requested=NOMINAL blocker=-1 wait=0.000 reason=clear
  V1 mode=ACTIVE phase=TO_A1 gen=101 task=50 slot=28->-1 s=3.057 speed=0.200 action=NOMINAL requested=NOMINAL blocker=-1 wait=0.000 reason=clear
  future_a1=owner=V1 gen=101 arrival=5.900 to_b=10.900
---
tick=40109 sim_t=4010.900
  V0 mode=ACTIVE phase=TO_B gen=106 task=52 slot=13->64 s=3.508 speed=0.152 action=NOMINAL requested=NOMINAL blocker=-1 wait=0.000 reason=clear
  V1 mode=ACTIVE phase=TO_A1 gen=101 task=50 slot=28->-1 s=3.077 speed=0.200 action=NOMINAL requested=NOMINAL blocker=-1 wait=0.000 reason=clear
  future_a1=owner=V1 gen=101 arrival=5.900 to_b=10.900
---
tick=40110 sim_t=4011.000
  V0 mode=ACTIVE phase=TO_B gen=106 task=52 slot=13->64 s=3.523 speed=0.156 action=NOMINAL requested=NOMINAL blocker=-1 wait=0.000 reason=clear
  V1 mode=ACTIVE phase=TO_A1 gen=101 task=50 slot=28->-1 s=3.097 speed=0.200 action=NOMINAL requested=NOMINAL blocker=-1 wait=0.000 reason=clear
  future_a1=owner=V1 gen=101 arrival=5.900 to_b=10.900
---
tick=40111 sim_t=4011.100
  V0 mode=ACTIVE phase=TO_B gen=106 task=52 slot=13->64 s=3.539 speed=0.161 action=NOMINAL requested=NOMINAL blocker=-1 wait=0.000 reason=clear
  V1 mode=ACTIVE phase=TO_A1 gen=101 task=50 slot=28->-1 s=3.117 speed=0.200 action=NOMINAL requested=NOMINAL blocker=-1 wait=0.000 reason=clear
  future_a1=owner=V1 gen=101 arrival=5.900 to_b=10.900
---
tick=40112 sim_t=4011.200
  V0 mode=ACTIVE phase=TO_B gen=106 task=52 slot=13->64 s=3.556 speed=0.167 action=NOMINAL requested=NOMINAL blocker=-1 wait=0.000 reason=clear
  V1 mode=ACTIVE phase=TO_A1 gen=101 task=50 slot=28->-1 s=3.137 speed=0.200 action=NOMINAL requested=NOMINAL blocker=-1 wait=0.000 reason=clear
  future_a1=owner=V1 gen=101 arrival=5.900 to_b=10.900
---
tick=40113 sim_t=4011.300
  V0 mode=ACTIVE phase=TO_B gen=106 task=52 slot=13->64 s=3.573 speed=0.173 action=NOMINAL requested=NOMINAL blocker=-1 wait=0.000 reason=clear
  V1 mode=ACTIVE phase=TO_A1 gen=101 task=50 slot=28->-1 s=3.157 speed=0.200 action=NOMINAL requested=NOMINAL blocker=-1 wait=0.000 reason=clear
  future_a1=owner=V1 gen=101 arrival=5.900 to_b=10.900
---
tick=40114 sim_t=4011.400
  V0 mode=ACTIVE phase=TO_B gen=106 task=52 slot=13->64 s=3.591 speed=0.180 action=NOMINAL requested=NOMINAL blocker=-1 wait=0.000 reason=clear
  V1 mode=ACTIVE phase=TO_A1 gen=101 task=50 slot=28->-1 s=3.177 speed=0.200 action=NOMINAL requested=NOMINAL blocker=-1 wait=0.000 reason=clear
  future_a1=owner=V1 gen=101 arrival=5.900 to_b=10.900
---
tick=40115 sim_t=4011.500
  V0 mode=ACTIVE phase=TO_B gen=106 task=52 slot=13->64 s=3.610 speed=0.189 action=NOMINAL requested=NOMINAL blocker=-1 wait=0.000 reason=clear
  V1 mode=ACTIVE phase=TO_A1 gen=101 task=50 slot=28->-1 s=3.197 speed=0.200 action=NOMINAL requested=NOMINAL blocker=-1 wait=0.000 reason=clear
  future_a1=owner=V1 gen=101 arrival=5.900 to_b=10.900
---
tick=40116 sim_t=4011.600
  V0 mode=ACTIVE phase=TO_B gen=106 task=52 slot=13->64 s=3.630 speed=0.200 action=NOMINAL requested=NOMINAL blocker=-1 wait=0.000 reason=clear
  V1 mode=ACTIVE phase=TO_A1 gen=101 task=50 slot=28->-1 s=3.217 speed=0.200 action=NOMINAL requested=NOMINAL blocker=-1 wait=0.000 reason=clear
  future_a1=owner=V1 gen=101 arrival=5.900 to_b=10.900
---
tick=40117 sim_t=4011.700
  V0 mode=ACTIVE phase=TO_B gen=106 task=52 slot=13->64 s=3.650 speed=0.200 action=NOMINAL requested=NOMINAL blocker=-1 wait=0.000 reason=clear
  V1 mode=ACTIVE phase=TO_A1 gen=101 task=50 slot=28->-1 s=3.237 speed=0.200 action=NOMINAL requested=NOMINAL blocker=-1 wait=0.000 reason=clear
  future_a1=owner=V1 gen=101 arrival=5.900 to_b=10.900
---
tick=40118 sim_t=4011.800
  V0 mode=ACTIVE phase=TO_B gen=106 task=52 slot=13->64 s=3.670 speed=0.200 action=NOMINAL requested=NOMINAL blocker=-1 wait=0.000 reason=clear
  V1 mode=ACTIVE phase=TO_A1 gen=101 task=50 slot=28->-1 s=3.256 speed=0.190 action=NOMINAL requested=NOMINAL blocker=-1 wait=0.000 reason=clear
  future_a1=owner=V1 gen=101 arrival=5.900 to_b=10.900
---
tick=40119 sim_t=4011.900
  V0 mode=ACTIVE phase=TO_B gen=106 task=52 slot=13->64 s=3.690 speed=0.200 action=NOMINAL requested=NOMINAL blocker=-1 wait=0.000 reason=clear
  V1 mode=ACTIVE phase=TO_A1 gen=101 task=50 slot=28->-1 s=3.274 speed=0.180 action=NOMINAL requested=NOMINAL blocker=-1 wait=0.000 reason=clear
  future_a1=owner=V1 gen=101 arrival=5.900 to_b=10.900
---
tick=40120 sim_t=4012.000
  V0 mode=ACTIVE phase=TO_B gen=106 task=52 slot=13->64 s=3.710 speed=0.200 action=NOMINAL requested=NOMINAL blocker=-1 wait=0.000 reason=clear
  V1 mode=ACTIVE phase=TO_A1 gen=101 task=50 slot=28->-1 s=3.292 speed=0.172 action=NOMINAL requested=NOMINAL blocker=-1 wait=0.000 reason=clear
  future_a1=owner=V1 gen=101 arrival=5.900 to_b=10.900
---
tick=40121 sim_t=4012.100
  V0 mode=ACTIVE phase=TO_B gen=106 task=52 slot=13->64 s=3.730 speed=0.200 action=NOMINAL requested=NOMINAL blocker=-1 wait=0.000 reason=clear
  V1 mode=ACTIVE phase=TO_A1 gen=101 task=50 slot=28->-1 s=3.308 speed=0.165 action=NOMINAL requested=NOMINAL blocker=-1 wait=0.000 reason=clear
  future_a1=owner=V1 gen=101 arrival=3.900 to_b=8.900
---
tick=40122 sim_t=4012.200
  V0 mode=ACTIVE phase=TO_B gen=106 task=52 slot=13->64 s=3.750 speed=0.200 action=NOMINAL requested=NOMINAL blocker=-1 wait=0.000 reason=clear
  V1 mode=ACTIVE phase=TO_A1 gen=101 task=50 slot=28->-1 s=3.324 speed=0.159 action=NOMINAL requested=NOMINAL blocker=-1 wait=0.000 reason=clear
  future_a1=owner=V1 gen=101 arrival=3.900 to_b=8.900
---
tick=40123 sim_t=4012.300
  V0 mode=ACTIVE phase=TO_B gen=106 task=52 slot=13->64 s=3.770 speed=0.200 action=NOMINAL requested=NOMINAL blocker=-1 wait=0.000 reason=clear
  V1 mode=ACTIVE phase=TO_A1 gen=101 task=50 slot=28->-1 s=3.339 speed=0.154 action=NOMINAL requested=NOMINAL blocker=-1 wait=0.000 reason=clear
  future_a1=owner=V1 gen=101 arrival=3.900 to_b=8.900
---
tick=40124 sim_t=4012.400
  V0 mode=ACTIVE phase=TO_B gen=106 task=52 slot=13->64 s=3.790 speed=0.200 action=NOMINAL requested=NOMINAL blocker=-1 wait=0.000 reason=clear
  V1 mode=ACTIVE phase=TO_A1 gen=101 task=50 slot=28->-1 s=3.354 speed=0.150 action=NOMINAL requested=NOMINAL blocker=-1 wait=0.000 reason=clear
  future_a1=owner=V1 gen=101 arrival=3.900 to_b=8.900
---
tick=40125 sim_t=4012.500
  V0 mode=ACTIVE phase=TO_B gen=106 task=52 slot=13->64 s=3.810 speed=0.200 action=NOMINAL requested=NOMINAL blocker=-1 wait=0.000 reason=clear
  V1 mode=ACTIVE phase=TO_A1 gen=101 task=50 slot=28->-1 s=3.369 speed=0.146 action=NOMINAL requested=NOMINAL blocker=-1 wait=0.000 reason=clear
  future_a1=owner=V1 gen=101 arrival=3.900 to_b=8.900
---
tick=40126 sim_t=4012.600
  V0 mode=ACTIVE phase=TO_B gen=106 task=52 slot=13->64 s=3.830 speed=0.200 action=NOMINAL requested=NOMINAL blocker=-1 wait=0.000 reason=clear
  V1 mode=ACTIVE phase=TO_A1 gen=101 task=50 slot=28->-1 s=3.383 speed=0.144 action=NOMINAL requested=NOMINAL blocker=-1 wait=0.000 reason=clear
  future_a1=owner=V1 gen=101 arrival=3.900 to_b=8.900
---
tick=40127 sim_t=4012.700
  V0 mode=ACTIVE phase=TO_B gen=106 task=52 slot=13->64 s=3.850 speed=0.200 action=NOMINAL requested=NOMINAL blocker=-1 wait=0.000 reason=clear
  V1 mode=ACTIVE phase=TO_A1 gen=101 task=50 slot=28->-1 s=3.398 speed=0.143 action=NOMINAL requested=NOMINAL blocker=-1 wait=0.000 reason=clear
  future_a1=owner=V1 gen=101 arrival=3.900 to_b=8.900
---
tick=40128 sim_t=4012.800
  V0 mode=ACTIVE phase=TO_B gen=106 task=52 slot=13->64 s=3.870 speed=0.200 action=NOMINAL requested=NOMINAL blocker=-1 wait=0.000 reason=clear
  V1 mode=ACTIVE phase=TO_A1 gen=101 task=50 slot=28->-1 s=3.412 speed=0.143 action=NOMINAL requested=NOMINAL blocker=-1 wait=0.000 reason=clear
  future_a1=owner=V1 gen=101 arrival=3.900 to_b=8.900
---
tick=40129 sim_t=4012.900
  V0 mode=ACTIVE phase=TO_B gen=106 task=52 slot=13->64 s=3.890 speed=0.200 action=NOMINAL requested=NOMINAL blocker=-1 wait=0.000 reason=clear
  V1 mode=ACTIVE phase=TO_A1 gen=101 task=50 slot=28->-1 s=3.426 speed=0.142 action=NOMINAL requested=NOMINAL blocker=-1 wait=0.000 reason=clear
  future_a1=owner=V1 gen=101 arrival=3.900 to_b=8.900
---
tick=40130 sim_t=4013.000
  V0 mode=ACTIVE phase=TO_B gen=106 task=52 slot=13->64 s=3.910 speed=0.200 action=NOMINAL requested=NOMINAL blocker=-1 wait=0.000 reason=clear
  V1 mode=ACTIVE phase=TO_A1 gen=101 task=50 slot=28->-1 s=3.441 speed=0.142 action=NOMINAL requested=NOMINAL blocker=-1 wait=0.000 reason=clear
  future_a1=owner=V1 gen=101 arrival=3.900 to_b=8.900
---
tick=40131 sim_t=4013.100
  V0 mode=ACTIVE phase=TO_B gen=106 task=52 slot=13->64 s=3.930 speed=0.200 action=NOMINAL requested=NOMINAL blocker=-1 wait=0.000 reason=clear
  V1 mode=ACTIVE phase=TO_A1 gen=101 task=50 slot=28->-1 s=3.455 speed=0.142 action=NOMINAL requested=NOMINAL blocker=-1 wait=0.000 reason=clear
  future_a1=owner=V1 gen=101 arrival=3.900 to_b=8.900
---
tick=40132 sim_t=4013.200
  V0 mode=ACTIVE phase=TO_B gen=106 task=52 slot=13->64 s=3.950 speed=0.200 action=NOMINAL requested=NOMINAL blocker=-1 wait=0.000 reason=clear
  V1 mode=ACTIVE phase=TO_A1 gen=101 task=50 slot=28->-1 s=3.469 speed=0.142 action=NOMINAL requested=NOMINAL blocker=-1 wait=0.000 reason=clear
  future_a1=owner=V1 gen=101 arrival=3.900 to_b=8.900
---
tick=40133 sim_t=4013.300
  V0 mode=ACTIVE phase=TO_B gen=106 task=52 slot=13->64 s=3.970 speed=0.200 action=NOMINAL requested=NOMINAL blocker=-1 wait=0.000 reason=clear
  V1 mode=ACTIVE phase=TO_A1 gen=101 task=50 slot=28->-1 s=3.483 speed=0.142 action=NOMINAL requested=NOMINAL blocker=-1 wait=0.000 reason=clear
  future_a1=owner=V1 gen=101 arrival=3.900 to_b=8.900
---
tick=40134 sim_t=4013.400
  V0 mode=ACTIVE phase=TO_B gen=106 task=52 slot=13->64 s=3.990 speed=0.200 action=NOMINAL requested=NOMINAL blocker=-1 wait=0.000 reason=clear
  V1 mode=ACTIVE phase=TO_A1 gen=101 task=50 slot=28->-1 s=3.498 speed=0.142 action=NOMINAL requested=NOMINAL blocker=-1 wait=0.000 reason=clear
  future_a1=owner=V1 gen=101 arrival=3.900 to_b=8.900
---
tick=40135 sim_t=4013.500
  V0 mode=ACTIVE phase=TO_B gen=106 task=52 slot=13->64 s=4.010 speed=0.200 action=NOMINAL requested=NOMINAL blocker=-1 wait=0.000 reason=clear
  V1 mode=ACTIVE phase=TO_A1 gen=101 task=50 slot=28->-1 s=3.512 speed=0.142 action=NOMINAL requested=NOMINAL blocker=-1 wait=0.000 reason=clear
  future_a1=owner=V1 gen=101 arrival=3.900 to_b=8.900
---
tick=40136 sim_t=4013.600
  V0 mode=ACTIVE phase=TO_B gen=106 task=52 slot=13->64 s=4.030 speed=0.200 action=NOMINAL requested=NOMINAL blocker=-1 wait=0.000 reason=clear
  V1 mode=ACTIVE phase=TO_A1 gen=101 task=50 slot=28->-1 s=3.526 speed=0.142 action=NOMINAL requested=NOMINAL blocker=-1 wait=0.000 reason=clear
  future_a1=owner=V1 gen=101 arrival=3.900 to_b=8.900
---
tick=40137 sim_t=4013.700
  V0 mode=ACTIVE phase=TO_B gen=106 task=52 slot=13->64 s=4.050 speed=0.200 action=NOMINAL requested=NOMINAL blocker=-1 wait=0.000 reason=clear
  V1 mode=ACTIVE phase=TO_A1 gen=101 task=50 slot=28->-1 s=3.540 speed=0.142 action=NOMINAL requested=NOMINAL blocker=-1 wait=0.000 reason=clear
  future_a1=owner=V1 gen=101 arrival=3.900 to_b=8.900
---
tick=40138 sim_t=4013.800
  V0 mode=ACTIVE phase=TO_B gen=106 task=52 slot=13->64 s=4.070 speed=0.200 action=NOMINAL requested=NOMINAL blocker=-1 wait=0.000 reason=clear
  V1 mode=ACTIVE phase=TO_A1 gen=101 task=50 slot=28->-1 s=3.554 speed=0.142 action=NOMINAL requested=NOMINAL blocker=-1 wait=0.000 reason=clear
  future_a1=owner=V1 gen=101 arrival=3.900 to_b=8.900
---
tick=40139 sim_t=4013.900
  V0 mode=ACTIVE phase=TO_B gen=106 task=52 slot=13->64 s=4.090 speed=0.200 action=NOMINAL requested=NOMINAL blocker=-1 wait=0.000 reason=clear
  V1 mode=ACTIVE phase=TO_A1 gen=101 task=50 slot=28->-1 s=3.569 speed=0.142 action=NOMINAL requested=NOMINAL blocker=-1 wait=0.000 reason=clear
  future_a1=owner=V1 gen=101 arrival=3.900 to_b=8.900
---
tick=40140 sim_t=4014.000
  V0 mode=ACTIVE phase=TO_B gen=106 task=52 slot=13->64 s=4.110 speed=0.200 action=NOMINAL requested=NOMINAL blocker=-1 wait=0.000 reason=clear
  V1 mode=ACTIVE phase=TO_A1 gen=101 task=50 slot=28->-1 s=3.583 speed=0.143 action=NOMINAL requested=NOMINAL blocker=-1 wait=0.000 reason=clear
  future_a1=owner=V1 gen=101 arrival=3.900 to_b=8.900
---
tick=40141 sim_t=4014.100
  V0 mode=ACTIVE phase=TO_B gen=106 task=52 slot=13->64 s=4.130 speed=0.200 action=NOMINAL requested=NOMINAL blocker=-1 wait=0.000 reason=clear
  V1 mode=ACTIVE phase=TO_A1 gen=101 task=50 slot=28->-1 s=3.597 speed=0.143 action=NOMINAL requested=NOMINAL blocker=-1 wait=0.000 reason=clear
  future_a1=owner=V1 gen=101 arrival=1.900 to_b=6.900
---
tick=40142 sim_t=4014.200
  V0 mode=ACTIVE phase=TO_B gen=106 task=52 slot=13->64 s=4.150 speed=0.200 action=NOMINAL requested=NOMINAL blocker=-1 wait=0.000 reason=clear
  V1 mode=ACTIVE phase=TO_A1 gen=101 task=50 slot=28->-1 s=3.612 speed=0.144 action=NOMINAL requested=NOMINAL blocker=-1 wait=0.000 reason=clear
  future_a1=owner=V1 gen=101 arrival=1.900 to_b=6.900
---
tick=40143 sim_t=4014.300
  V0 mode=ACTIVE phase=TO_B gen=106 task=52 slot=13->64 s=4.170 speed=0.200 action=NOMINAL requested=NOMINAL blocker=-1 wait=0.000 reason=clear
  V1 mode=ACTIVE phase=TO_A1 gen=101 task=50 slot=28->-1 s=3.626 speed=0.146 action=NOMINAL requested=NOMINAL blocker=-1 wait=0.000 reason=clear
  future_a1=owner=V1 gen=101 arrival=1.900 to_b=6.900
---
tick=40144 sim_t=4014.400
  V0 mode=ACTIVE phase=TO_B gen=106 task=52 slot=13->64 s=4.190 speed=0.200 action=NOMINAL requested=NOMINAL blocker=-1 wait=0.000 reason=clear
  V1 mode=ACTIVE phase=TO_A1 gen=101 task=50 slot=28->-1 s=3.641 speed=0.149 action=NOMINAL requested=NOMINAL blocker=-1 wait=0.000 reason=clear
  future_a1=owner=V1 gen=101 arrival=1.900 to_b=6.900
---
tick=40145 sim_t=4014.500
  V0 mode=ACTIVE phase=TO_B gen=106 task=52 slot=13->64 s=4.210 speed=0.200 action=NOMINAL requested=NOMINAL blocker=-1 wait=0.000 reason=clear
  V1 mode=ACTIVE phase=TO_A1 gen=101 task=50 slot=28->-1 s=3.656 speed=0.153 action=NOMINAL requested=NOMINAL blocker=-1 wait=0.000 reason=clear
  future_a1=owner=V1 gen=101 arrival=1.900 to_b=6.900
---
tick=40146 sim_t=4014.600
  V0 mode=ACTIVE phase=TO_B gen=106 task=52 slot=13->64 s=4.230 speed=0.200 action=NOMINAL requested=NOMINAL blocker=-1 wait=0.000 reason=clear
  V1 mode=ACTIVE phase=TO_A1 gen=101 task=50 slot=28->-1 s=3.672 speed=0.157 action=NOMINAL requested=NOMINAL blocker=-1 wait=0.000 reason=clear
  future_a1=owner=V1 gen=101 arrival=1.900 to_b=6.900
---
tick=40147 sim_t=4014.700
  V0 mode=ACTIVE phase=TO_B gen=106 task=52 slot=13->64 s=4.250 speed=0.200 action=NOMINAL requested=NOMINAL blocker=-1 wait=0.000 reason=clear
  V1 mode=ACTIVE phase=TO_A1 gen=101 task=50 slot=28->-1 s=3.688 speed=0.163 action=NOMINAL requested=NOMINAL blocker=-1 wait=0.000 reason=clear
  future_a1=owner=V1 gen=101 arrival=1.900 to_b=6.900
---
tick=40148 sim_t=4014.800
  V0 mode=ACTIVE phase=TO_B gen=106 task=52 slot=13->64 s=4.270 speed=0.200 action=NOMINAL requested=NOMINAL blocker=-1 wait=0.000 reason=clear
  V1 mode=ACTIVE phase=TO_A1 gen=101 task=50 slot=28->-1 s=3.705 speed=0.169 action=NOMINAL requested=NOMINAL blocker=-1 wait=0.000 reason=clear
  future_a1=owner=V1 gen=101 arrival=1.900 to_b=6.900
---
tick=40149 sim_t=4014.900
  V0 mode=ACTIVE phase=TO_B gen=106 task=52 slot=13->64 s=4.290 speed=0.200 action=NOMINAL requested=NOMINAL blocker=-1 wait=0.000 reason=clear
  V1 mode=ACTIVE phase=TO_A1 gen=101 task=50 slot=28->-1 s=3.723 speed=0.176 action=NOMINAL requested=NOMINAL blocker=-1 wait=0.000 reason=clear
  future_a1=owner=V1 gen=101 arrival=1.900 to_b=6.900
---
tick=40150 sim_t=4015.000
  V0 mode=ACTIVE phase=TO_B gen=106 task=52 slot=13->64 s=4.310 speed=0.200 action=NOMINAL requested=NOMINAL blocker=-1 wait=0.000 reason=clear
  V1 mode=ACTIVE phase=TO_A1 gen=101 task=50 slot=28->-1 s=3.741 speed=0.185 action=NOMINAL requested=NOMINAL blocker=-1 wait=0.000 reason=clear
  future_a1=owner=V1 gen=101 arrival=1.900 to_b=6.900
---
tick=40151 sim_t=4015.100
  V0 mode=ACTIVE phase=TO_B gen=106 task=52 slot=13->64 s=4.330 speed=0.200 action=NOMINAL requested=NOMINAL blocker=-1 wait=0.000 reason=clear
  V1 mode=ACTIVE phase=TO_A1 gen=101 task=50 slot=28->-1 s=3.761 speed=0.196 action=NOMINAL requested=NOMINAL blocker=-1 wait=0.000 reason=clear
  future_a1=owner=V1 gen=101 arrival=1.900 to_b=6.900
---
tick=40152 sim_t=4015.200
  V0 mode=ACTIVE phase=TO_B gen=106 task=52 slot=13->64 s=4.350 speed=0.200 action=NOMINAL requested=NOMINAL blocker=-1 wait=0.000 reason=clear
  V1 mode=ACTIVE phase=TO_A1 gen=101 task=50 slot=28->-1 s=3.781 speed=0.200 action=NOMINAL requested=NOMINAL blocker=-1 wait=0.000 reason=clear
  future_a1=owner=V1 gen=101 arrival=1.900 to_b=6.900
---
tick=40153 sim_t=4015.300
  V0 mode=ACTIVE phase=TO_B gen=106 task=52 slot=13->64 s=4.370 speed=0.200 action=NOMINAL requested=NOMINAL blocker=-1 wait=0.000 reason=clear
  V1 mode=ACTIVE phase=TO_A1 gen=101 task=50 slot=28->-1 s=3.801 speed=0.200 action=NOMINAL requested=NOMINAL blocker=-1 wait=0.000 reason=clear
  future_a1=owner=V1 gen=101 arrival=1.900 to_b=6.900
---
tick=40154 sim_t=4015.400
  V0 mode=ACTIVE phase=TO_B gen=106 task=52 slot=13->64 s=4.390 speed=0.200 action=NOMINAL requested=NOMINAL blocker=-1 wait=0.000 reason=clear
  V1 mode=ACTIVE phase=TO_A1 gen=101 task=50 slot=28->-1 s=3.821 speed=0.200 action=NOMINAL requested=NOMINAL blocker=-1 wait=0.000 reason=clear
  future_a1=owner=V1 gen=101 arrival=1.900 to_b=6.900
---
tick=40155 sim_t=4015.500
  V0 mode=ACTIVE phase=TO_B gen=106 task=52 slot=13->64 s=4.410 speed=0.200 action=NOMINAL requested=NOMINAL blocker=-1 wait=0.000 reason=clear
  V1 mode=ACTIVE phase=TO_A1 gen=101 task=50 slot=28->-1 s=3.841 speed=0.200 action=NOMINAL requested=NOMINAL blocker=-1 wait=0.000 reason=clear
  future_a1=owner=V1 gen=101 arrival=1.900 to_b=6.900
---
tick=40156 sim_t=4015.600
  V0 mode=ACTIVE phase=TO_B gen=106 task=52 slot=13->64 s=4.430 speed=0.200 action=NOMINAL requested=NOMINAL blocker=-1 wait=0.000 reason=clear
  V1 mode=ACTIVE phase=TO_A1 gen=101 task=50 slot=28->-1 s=3.861 speed=0.200 action=NOMINAL requested=NOMINAL blocker=-1 wait=0.000 reason=clear
  future_a1=owner=V1 gen=101 arrival=1.900 to_b=6.900
---
tick=40157 sim_t=4015.700
  V0 mode=ACTIVE phase=TO_B gen=106 task=52 slot=13->64 s=4.450 speed=0.200 action=NOMINAL requested=NOMINAL blocker=-1 wait=0.000 reason=clear
  V1 mode=ACTIVE phase=TO_A1 gen=101 task=50 slot=28->-1 s=3.881 speed=0.200 action=NOMINAL requested=NOMINAL blocker=-1 wait=0.000 reason=clear
  future_a1=owner=V1 gen=101 arrival=1.900 to_b=6.900
---
tick=40158 sim_t=4015.800
  V0 mode=ACTIVE phase=TO_B gen=106 task=52 slot=13->64 s=4.469 speed=0.192 action=NOMINAL requested=NOMINAL blocker=-1 wait=0.000 reason=clear
  V1 mode=ACTIVE phase=TO_A1 gen=101 task=50 slot=28->-1 s=3.901 speed=0.200 action=NOMINAL requested=NOMINAL blocker=-1 wait=0.000 reason=clear
  future_a1=owner=V1 gen=101 arrival=1.900 to_b=6.900
---
tick=40159 sim_t=4015.900
  V0 mode=ACTIVE phase=TO_B gen=106 task=52 slot=13->64 s=4.486 speed=0.167 action=NOMINAL requested=NOMINAL blocker=-1 wait=0.000 reason=clear
  V1 mode=DWELL phase=PICKUP_DWELL gen=101 task=50 slot=28->-1 s=3.913 speed=0.000 action=STOP requested=STOP blocker=-1 wait=0.000 reason=pickup_dwell
  future_a1=owner=V1 gen=101 arrival=1.900 to_b=6.900
---
tick=40160 sim_t=4016.000
  V0 mode=ACTIVE phase=TO_B gen=106 task=52 slot=13->64 s=4.502 speed=0.157 action=NOMINAL requested=NOMINAL blocker=-1 wait=0.000 reason=clear
  V1 mode=DWELL phase=PICKUP_DWELL gen=101 task=50 slot=28->-1 s=3.913 speed=0.000 action=STOP requested=STOP blocker=-1 wait=0.000 reason=not_active
  future_a1=owner=V1 gen=101 arrival=0.000 to_b=4.900
---
tick=40161 sim_t=4016.100
  V0 mode=ACTIVE phase=TO_B gen=106 task=52 slot=13->64 s=4.517 speed=0.153 action=NOMINAL requested=NOMINAL blocker=-1 wait=0.000 reason=clear
  V1 mode=DWELL phase=PICKUP_DWELL gen=101 task=50 slot=28->-1 s=3.913 speed=0.000 action=STOP requested=STOP blocker=-1 wait=0.000 reason=not_active
  future_a1=owner=V1 gen=101 arrival=0.000 to_b=4.900
---
tick=40162 sim_t=4016.200
  V0 mode=ACTIVE phase=TO_B gen=106 task=52 slot=13->64 s=4.532 speed=0.152 action=NOMINAL requested=NOMINAL blocker=-1 wait=0.000 reason=clear
  V1 mode=DWELL phase=PICKUP_DWELL gen=101 task=50 slot=28->-1 s=3.913 speed=0.000 action=STOP requested=STOP blocker=-1 wait=0.000 reason=not_active
  future_a1=owner=V1 gen=101 arrival=0.000 to_b=4.900
---
tick=40163 sim_t=4016.300
  V0 mode=ACTIVE phase=TO_B gen=106 task=52 slot=13->64 s=4.548 speed=0.155 action=NOMINAL requested=NOMINAL blocker=-1 wait=0.000 reason=clear
  V1 mode=DWELL phase=PICKUP_DWELL gen=101 task=50 slot=28->-1 s=3.913 speed=0.000 action=STOP requested=STOP blocker=-1 wait=0.000 reason=not_active
  future_a1=owner=V1 gen=101 arrival=0.000 to_b=4.900
---
tick=40164 sim_t=4016.400
  V0 mode=ACTIVE phase=TO_B gen=106 task=52 slot=13->64 s=4.564 speed=0.160 action=NOMINAL requested=NOMINAL blocker=-1 wait=0.000 reason=clear
  V1 mode=DWELL phase=PICKUP_DWELL gen=101 task=50 slot=28->-1 s=3.913 speed=0.000 action=STOP requested=STOP blocker=-1 wait=0.000 reason=not_active
  future_a1=owner=V1 gen=101 arrival=0.000 to_b=4.900
---
tick=40165 sim_t=4016.500
  V0 mode=ACTIVE phase=TO_B gen=106 task=52 slot=13->64 s=4.581 speed=0.168 action=NOMINAL requested=NOMINAL blocker=-1 wait=0.000 reason=clear
  V1 mode=DWELL phase=PICKUP_DWELL gen=101 task=50 slot=28->-1 s=3.913 speed=0.000 action=STOP requested=STOP blocker=-1 wait=0.000 reason=not_active
  future_a1=owner=V1 gen=101 arrival=0.000 to_b=4.900
---
tick=40166 sim_t=4016.600
  V0 mode=ACTIVE phase=TO_B gen=106 task=52 slot=13->64 s=4.599 speed=0.181 action=NOMINAL requested=NOMINAL blocker=-1 wait=0.000 reason=clear
  V1 mode=DWELL phase=PICKUP_DWELL gen=101 task=50 slot=28->-1 s=3.913 speed=0.000 action=STOP requested=STOP blocker=-1 wait=0.000 reason=not_active
  future_a1=owner=V1 gen=101 arrival=0.000 to_b=4.900
---
tick=40167 sim_t=4016.700
  V0 mode=ACTIVE phase=TO_B gen=106 task=52 slot=13->64 s=4.619 speed=0.200 action=NOMINAL requested=NOMINAL blocker=-1 wait=0.000 reason=clear
  V1 mode=DWELL phase=PICKUP_DWELL gen=101 task=50 slot=28->-1 s=3.913 speed=0.000 action=STOP requested=STOP blocker=-1 wait=0.000 reason=not_active
  future_a1=owner=V1 gen=101 arrival=0.000 to_b=4.900
---
tick=40168 sim_t=4016.800
  V0 mode=ACTIVE phase=TO_B gen=106 task=52 slot=13->64 s=4.639 speed=0.200 action=NOMINAL requested=NOMINAL blocker=-1 wait=0.000 reason=clear
  V1 mode=DWELL phase=PICKUP_DWELL gen=101 task=50 slot=28->-1 s=3.913 speed=0.000 action=STOP requested=STOP blocker=-1 wait=0.000 reason=not_active
  future_a1=owner=V1 gen=101 arrival=0.000 to_b=4.900
---
tick=40169 sim_t=4016.900
  V0 mode=ACTIVE phase=TO_B gen=106 task=52 slot=13->64 s=4.659 speed=0.200 action=NOMINAL requested=NOMINAL blocker=-1 wait=0.000 reason=clear
  V1 mode=DWELL phase=PICKUP_DWELL gen=101 task=50 slot=28->-1 s=3.913 speed=0.000 action=STOP requested=STOP blocker=-1 wait=0.000 reason=not_active
  future_a1=owner=V1 gen=101 arrival=0.000 to_b=4.900
---
tick=40170 sim_t=4017.000
  V0 mode=ACTIVE phase=TO_B gen=106 task=52 slot=13->64 s=4.679 speed=0.200 action=NOMINAL requested=NOMINAL blocker=-1 wait=0.000 reason=clear
  V1 mode=DWELL phase=PICKUP_DWELL gen=101 task=50 slot=28->-1 s=3.913 speed=0.000 action=STOP requested=STOP blocker=-1 wait=0.000 reason=not_active
  future_a1=owner=V1 gen=101 arrival=0.000 to_b=4.900
---
tick=40171 sim_t=4017.100
  V0 mode=ACTIVE phase=TO_B gen=106 task=52 slot=13->64 s=4.699 speed=0.200 action=NOMINAL requested=NOMINAL blocker=-1 wait=0.000 reason=clear
  V1 mode=DWELL phase=PICKUP_DWELL gen=101 task=50 slot=28->-1 s=3.913 speed=0.000 action=STOP requested=STOP blocker=-1 wait=0.000 reason=not_active
  future_a1=owner=V1 gen=101 arrival=0.000 to_b=4.900
---
tick=40172 sim_t=4017.200
  V0 mode=ACTIVE phase=TO_B gen=106 task=52 slot=13->64 s=4.719 speed=0.200 action=NOMINAL requested=NOMINAL blocker=-1 wait=0.000 reason=clear
  V1 mode=DWELL phase=PICKUP_DWELL gen=101 task=50 slot=28->-1 s=3.913 speed=0.000 action=STOP requested=STOP blocker=-1 wait=0.000 reason=not_active
  future_a1=owner=V1 gen=101 arrival=0.000 to_b=4.900
---
tick=40173 sim_t=4017.300
  V0 mode=ACTIVE phase=TO_B gen=106 task=52 slot=13->64 s=4.739 speed=0.200 action=NOMINAL requested=NOMINAL blocker=-1 wait=0.000 reason=clear
  V1 mode=DWELL phase=PICKUP_DWELL gen=101 task=50 slot=28->-1 s=3.913 speed=0.000 action=STOP requested=STOP blocker=-1 wait=0.000 reason=not_active
  future_a1=owner=V1 gen=101 arrival=0.000 to_b=4.900
---
tick=40174 sim_t=4017.400
  V0 mode=ACTIVE phase=TO_B gen=106 task=52 slot=13->64 s=4.759 speed=0.200 action=NOMINAL requested=NOMINAL blocker=-1 wait=0.000 reason=clear
  V1 mode=DWELL phase=PICKUP_DWELL gen=101 task=50 slot=28->-1 s=3.913 speed=0.000 action=STOP requested=STOP blocker=-1 wait=0.000 reason=not_active
  future_a1=owner=V1 gen=101 arrival=0.000 to_b=4.900
---
tick=40175 sim_t=4017.500
  V0 mode=ACTIVE phase=TO_B gen=106 task=52 slot=13->64 s=4.778 speed=0.191 action=NOMINAL requested=NOMINAL blocker=-1 wait=0.000 reason=clear
  V1 mode=DWELL phase=PICKUP_DWELL gen=101 task=50 slot=28->-1 s=3.913 speed=0.000 action=STOP requested=STOP blocker=-1 wait=0.000 reason=not_active
  future_a1=owner=V1 gen=101 arrival=0.000 to_b=4.900
---
tick=40176 sim_t=4017.600
  V0 mode=ACTIVE phase=TO_B gen=106 task=52 slot=13->64 s=4.795 speed=0.173 action=NOMINAL requested=NOMINAL blocker=-1 wait=0.000 reason=clear
  V1 mode=DWELL phase=PICKUP_DWELL gen=101 task=50 slot=28->-1 s=3.913 speed=0.000 action=STOP requested=STOP blocker=-1 wait=0.000 reason=not_active
  future_a1=owner=V1 gen=101 arrival=0.000 to_b=4.900
---
tick=40177 sim_t=4017.700
  V0 mode=ACTIVE phase=TO_B gen=106 task=52 slot=13->64 s=4.811 speed=0.163 action=NOMINAL requested=NOMINAL blocker=-1 wait=0.000 reason=clear
  V1 mode=DWELL phase=PICKUP_DWELL gen=101 task=50 slot=28->-1 s=3.913 speed=0.000 action=STOP requested=STOP blocker=-1 wait=0.000 reason=not_active
  future_a1=owner=V1 gen=101 arrival=0.000 to_b=4.900
---
tick=40178 sim_t=4017.800
  V0 mode=ACTIVE phase=TO_B gen=106 task=52 slot=13->64 s=4.827 speed=0.156 action=NOMINAL requested=NOMINAL blocker=-1 wait=0.000 reason=clear
  V1 mode=DWELL phase=PICKUP_DWELL gen=101 task=50 slot=28->-1 s=3.913 speed=0.000 action=STOP requested=STOP blocker=-1 wait=0.000 reason=not_active
  future_a1=owner=V1 gen=101 arrival=0.000 to_b=4.900
---
tick=40179 sim_t=4017.900
  V0 mode=ACTIVE phase=TO_B gen=106 task=52 slot=13->64 s=4.842 speed=0.153 action=NOMINAL requested=NOMINAL blocker=-1 wait=0.000 reason=clear
  V1 mode=DWELL phase=PICKUP_DWELL gen=101 task=50 slot=28->-1 s=3.913 speed=0.000 action=STOP requested=STOP blocker=-1 wait=0.000 reason=not_active
  future_a1=owner=V1 gen=101 arrival=0.000 to_b=4.900
---
tick=40180 sim_t=4018.000
  V0 mode=ACTIVE phase=TO_B gen=106 task=52 slot=13->64 s=4.857 speed=0.152 action=NOMINAL requested=NOMINAL blocker=-1 wait=0.000 reason=clear
  V1 mode=DWELL phase=PICKUP_DWELL gen=101 task=50 slot=28->-1 s=3.913 speed=0.000 action=STOP requested=STOP blocker=-1 wait=0.000 reason=not_active
  future_a1=owner=V1 gen=101 arrival=0.000 to_b=2.900
---
tick=40181 sim_t=4018.100
  V0 mode=ACTIVE phase=TO_B gen=106 task=52 slot=13->64 s=4.873 speed=0.155 action=NOMINAL requested=NOMINAL blocker=-1 wait=0.000 reason=clear
  V1 mode=DWELL phase=PICKUP_DWELL gen=101 task=50 slot=28->-1 s=3.913 speed=0.000 action=STOP requested=STOP blocker=-1 wait=0.000 reason=not_active
  future_a1=owner=V1 gen=101 arrival=0.000 to_b=2.900
---
tick=40182 sim_t=4018.200
  V0 mode=ACTIVE phase=TO_B gen=106 task=52 slot=13->64 s=4.889 speed=0.162 action=NOMINAL requested=NOMINAL blocker=-1 wait=0.000 reason=clear
  V1 mode=DWELL phase=PICKUP_DWELL gen=101 task=50 slot=28->-1 s=3.913 speed=0.000 action=STOP requested=STOP blocker=-1 wait=0.000 reason=not_active
  future_a1=owner=V1 gen=101 arrival=0.000 to_b=2.900
---
tick=40183 sim_t=4018.300
  V0 mode=ACTIVE phase=TO_B gen=106 task=52 slot=13->64 s=4.907 speed=0.177 action=NOMINAL requested=NOMINAL blocker=-1 wait=0.000 reason=clear
  V1 mode=DWELL phase=PICKUP_DWELL gen=101 task=50 slot=28->-1 s=3.913 speed=0.000 action=STOP requested=STOP blocker=-1 wait=0.000 reason=not_active
  future_a1=owner=V1 gen=101 arrival=0.000 to_b=2.900
---
tick=40184 sim_t=4018.400
  V0 mode=ACTIVE phase=TO_B gen=106 task=52 slot=13->64 s=4.927 speed=0.197 action=NOMINAL requested=NOMINAL blocker=-1 wait=0.000 reason=clear
  V1 mode=DWELL phase=PICKUP_DWELL gen=101 task=50 slot=28->-1 s=3.913 speed=0.000 action=STOP requested=STOP blocker=-1 wait=0.000 reason=not_active
  future_a1=owner=V1 gen=101 arrival=0.000 to_b=2.900
---
tick=40185 sim_t=4018.500
  V0 mode=ACTIVE phase=TO_B gen=106 task=52 slot=13->64 s=4.947 speed=0.200 action=NOMINAL requested=NOMINAL blocker=-1 wait=0.000 reason=clear
  V1 mode=DWELL phase=PICKUP_DWELL gen=101 task=50 slot=28->-1 s=3.913 speed=0.000 action=STOP requested=STOP blocker=-1 wait=0.000 reason=not_active
  future_a1=owner=V1 gen=101 arrival=0.000 to_b=2.900
---
tick=40186 sim_t=4018.600
  V0 mode=ACTIVE phase=TO_B gen=106 task=52 slot=13->64 s=4.967 speed=0.200 action=NOMINAL requested=NOMINAL blocker=-1 wait=0.000 reason=clear
  V1 mode=DWELL phase=PICKUP_DWELL gen=101 task=50 slot=28->-1 s=3.913 speed=0.000 action=STOP requested=STOP blocker=-1 wait=0.000 reason=not_active
  future_a1=owner=V1 gen=101 arrival=0.000 to_b=2.900
---
tick=40187 sim_t=4018.700
  V0 mode=ACTIVE phase=TO_B gen=106 task=52 slot=13->64 s=4.987 speed=0.200 action=NOMINAL requested=NOMINAL blocker=-1 wait=0.000 reason=clear
  V1 mode=DWELL phase=PICKUP_DWELL gen=101 task=50 slot=28->-1 s=3.913 speed=0.000 action=STOP requested=STOP blocker=-1 wait=0.000 reason=not_active
  future_a1=owner=V1 gen=101 arrival=0.000 to_b=2.900
---
tick=40188 sim_t=4018.800
  V0 mode=ACTIVE phase=TO_B gen=106 task=52 slot=13->64 s=5.007 speed=0.200 action=NOMINAL requested=NOMINAL blocker=-1 wait=0.000 reason=clear
  V1 mode=DWELL phase=PICKUP_DWELL gen=101 task=50 slot=28->-1 s=3.913 speed=0.000 action=STOP requested=STOP blocker=-1 wait=0.000 reason=not_active
  future_a1=owner=V1 gen=101 arrival=0.000 to_b=2.900
---
tick=40189 sim_t=4018.900
  V0 mode=ACTIVE phase=TO_B gen=106 task=52 slot=13->64 s=5.027 speed=0.200 action=NOMINAL requested=NOMINAL blocker=-1 wait=0.000 reason=clear
  V1 mode=DWELL phase=PICKUP_DWELL gen=101 task=50 slot=28->-1 s=3.913 speed=0.000 action=STOP requested=STOP blocker=-1 wait=0.000 reason=not_active
  future_a1=owner=V1 gen=101 arrival=0.000 to_b=2.900
---
tick=40190 sim_t=4019.000
  V0 mode=ACTIVE phase=TO_B gen=106 task=52 slot=13->64 s=5.047 speed=0.200 action=NOMINAL requested=NOMINAL blocker=-1 wait=0.000 reason=clear
  V1 mode=DWELL phase=PICKUP_DWELL gen=101 task=50 slot=28->-1 s=3.913 speed=0.000 action=STOP requested=STOP blocker=-1 wait=0.000 reason=not_active
  future_a1=owner=V1 gen=101 arrival=0.000 to_b=2.900
---
tick=40191 sim_t=4019.100
  V0 mode=ACTIVE phase=TO_B gen=106 task=52 slot=13->64 s=5.067 speed=0.200 action=NOMINAL requested=NOMINAL blocker=-1 wait=0.000 reason=clear
  V1 mode=DWELL phase=PICKUP_DWELL gen=101 task=50 slot=28->-1 s=3.913 speed=0.000 action=STOP requested=STOP blocker=-1 wait=0.000 reason=not_active
  future_a1=owner=V1 gen=101 arrival=0.000 to_b=2.900
---
tick=40192 sim_t=4019.200
  V0 mode=ACTIVE phase=TO_B gen=106 task=52 slot=13->64 s=5.087 speed=0.200 action=NOMINAL requested=NOMINAL blocker=-1 wait=0.000 reason=clear
  V1 mode=DWELL phase=PICKUP_DWELL gen=101 task=50 slot=28->-1 s=3.913 speed=0.000 action=STOP requested=STOP blocker=-1 wait=0.000 reason=not_active
  future_a1=owner=V1 gen=101 arrival=0.000 to_b=2.900
---
tick=40193 sim_t=4019.300
  V0 mode=ACTIVE phase=TO_B gen=106 task=52 slot=13->64 s=5.107 speed=0.200 action=NOMINAL requested=NOMINAL blocker=-1 wait=0.000 reason=clear
  V1 mode=DWELL phase=PICKUP_DWELL gen=101 task=50 slot=28->-1 s=3.913 speed=0.000 action=STOP requested=STOP blocker=-1 wait=0.000 reason=not_active
  future_a1=owner=V1 gen=101 arrival=0.000 to_b=2.900
---
tick=40194 sim_t=4019.400
  V0 mode=ACTIVE phase=TO_B gen=106 task=52 slot=13->64 s=5.127 speed=0.200 action=NOMINAL requested=NOMINAL blocker=-1 wait=0.000 reason=clear
  V1 mode=DWELL phase=PICKUP_DWELL gen=101 task=50 slot=28->-1 s=3.913 speed=0.000 action=STOP requested=STOP blocker=-1 wait=0.000 reason=not_active
  future_a1=owner=V1 gen=101 arrival=0.000 to_b=2.900
---
tick=40195 sim_t=4019.500
  V0 mode=ACTIVE phase=TO_B gen=106 task=52 slot=13->64 s=5.147 speed=0.200 action=NOMINAL requested=NOMINAL blocker=-1 wait=0.000 reason=clear
  V1 mode=DWELL phase=PICKUP_DWELL gen=101 task=50 slot=28->-1 s=3.913 speed=0.000 action=STOP requested=STOP blocker=-1 wait=0.000 reason=not_active
  future_a1=owner=V1 gen=101 arrival=0.000 to_b=2.900
---
tick=40196 sim_t=4019.600
  V0 mode=ACTIVE phase=TO_B gen=106 task=52 slot=13->64 s=5.167 speed=0.200 action=NOMINAL requested=NOMINAL blocker=-1 wait=0.000 reason=clear
  V1 mode=DWELL phase=PICKUP_DWELL gen=101 task=50 slot=28->-1 s=3.913 speed=0.000 action=STOP requested=STOP blocker=-1 wait=0.000 reason=not_active
  future_a1=owner=V1 gen=101 arrival=0.000 to_b=2.900
---
tick=40197 sim_t=4019.700
  V0 mode=ACTIVE phase=TO_B gen=106 task=52 slot=13->64 s=5.187 speed=0.200 action=NOMINAL requested=NOMINAL blocker=-1 wait=0.000 reason=clear
  V1 mode=DWELL phase=PICKUP_DWELL gen=101 task=50 slot=28->-1 s=3.913 speed=0.000 action=STOP requested=STOP blocker=-1 wait=0.000 reason=not_active
  future_a1=owner=V1 gen=101 arrival=0.000 to_b=2.900
---
tick=40198 sim_t=4019.800
  V0 mode=ACTIVE phase=TO_B gen=106 task=52 slot=13->64 s=5.206 speed=0.195 action=NOMINAL requested=NOMINAL blocker=-1 wait=0.000 reason=clear
  V1 mode=DWELL phase=PICKUP_DWELL gen=101 task=50 slot=28->-1 s=3.913 speed=0.000 action=STOP requested=STOP blocker=-1 wait=0.000 reason=not_active
  future_a1=owner=V1 gen=101 arrival=0.000 to_b=2.900
---
tick=40199 sim_t=4019.900
  V0 mode=ACTIVE phase=TO_B gen=106 task=52 slot=13->64 s=5.225 speed=0.185 action=NOMINAL requested=NOMINAL blocker=-1 wait=0.000 reason=clear
  V1 mode=DWELL phase=PICKUP_DWELL gen=101 task=50 slot=28->-1 s=3.913 speed=0.000 action=STOP requested=STOP blocker=-1 wait=0.000 reason=not_active
  future_a1=owner=V1 gen=101 arrival=0.000 to_b=2.900
---
tick=40200 sim_t=4020.000
  V0 mode=ACTIVE phase=TO_B gen=106 task=52 slot=13->64 s=5.242 speed=0.177 action=NOMINAL requested=NOMINAL blocker=-1 wait=0.000 reason=clear
  V1 mode=DWELL phase=PICKUP_DWELL gen=101 task=50 slot=28->-1 s=3.913 speed=0.000 action=STOP requested=STOP blocker=-1 wait=0.000 reason=not_active
  future_a1=owner=V1 gen=101 arrival=0.000 to_b=0.900
---
tick=40201 sim_t=4020.100
  V0 mode=ACTIVE phase=TO_B gen=106 task=52 slot=13->64 s=5.259 speed=0.169 action=NOMINAL requested=NOMINAL blocker=-1 wait=0.000 reason=clear
  V1 mode=DWELL phase=PICKUP_DWELL gen=101 task=50 slot=28->-1 s=3.913 speed=0.000 action=STOP requested=STOP blocker=-1 wait=0.000 reason=not_active
  future_a1=owner=V1 gen=101 arrival=0.000 to_b=0.900
---
tick=40202 sim_t=4020.200
  V0 mode=ACTIVE phase=TO_B gen=106 task=52 slot=13->64 s=5.276 speed=0.163 action=NOMINAL requested=NOMINAL blocker=-1 wait=0.000 reason=clear
  V1 mode=DWELL phase=PICKUP_DWELL gen=101 task=50 slot=28->-1 s=3.913 speed=0.000 action=STOP requested=STOP blocker=-1 wait=0.000 reason=not_active
  future_a1=owner=V1 gen=101 arrival=0.000 to_b=0.900
---
tick=40203 sim_t=4020.300
  V0 mode=ACTIVE phase=TO_B gen=106 task=52 slot=13->64 s=5.291 speed=0.158 action=NOMINAL requested=NOMINAL blocker=-1 wait=0.000 reason=clear
  V1 mode=DWELL phase=PICKUP_DWELL gen=101 task=50 slot=28->-1 s=3.913 speed=0.000 action=STOP requested=STOP blocker=-1 wait=0.000 reason=not_active
  future_a1=owner=V1 gen=101 arrival=0.000 to_b=0.900
---
tick=40204 sim_t=4020.400
  V0 mode=ACTIVE phase=TO_B gen=106 task=52 slot=13->64 s=5.307 speed=0.154 action=NOMINAL requested=NOMINAL blocker=-1 wait=0.000 reason=clear
  V1 mode=DWELL phase=PICKUP_DWELL gen=101 task=50 slot=28->-1 s=3.913 speed=0.000 action=STOP requested=STOP blocker=-1 wait=0.000 reason=not_active
  future_a1=owner=V1 gen=101 arrival=0.000 to_b=0.900
---
tick=40205 sim_t=4020.500
  V0 mode=ACTIVE phase=TO_B gen=106 task=52 slot=13->64 s=5.322 speed=0.150 action=NOMINAL requested=NOMINAL blocker=-1 wait=0.000 reason=clear
  V1 mode=DWELL phase=PICKUP_DWELL gen=101 task=50 slot=28->-1 s=3.913 speed=0.000 action=STOP requested=STOP blocker=-1 wait=0.000 reason=not_active
  future_a1=owner=V1 gen=101 arrival=0.000 to_b=0.900
---
tick=40206 sim_t=4020.600
  V0 mode=ACTIVE phase=TO_B gen=106 task=52 slot=13->64 s=5.336 speed=0.147 action=NOMINAL requested=NOMINAL blocker=-1 wait=0.000 reason=clear
  V1 mode=DWELL phase=PICKUP_DWELL gen=101 task=50 slot=28->-1 s=3.913 speed=0.000 action=STOP requested=STOP blocker=-1 wait=0.000 reason=not_active
  future_a1=owner=V1 gen=101 arrival=0.000 to_b=0.900
---
tick=40207 sim_t=4020.700
  V0 mode=ACTIVE phase=TO_B gen=106 task=52 slot=13->64 s=5.351 speed=0.144 action=NOMINAL requested=NOMINAL blocker=-1 wait=0.000 reason=clear
  V1 mode=DWELL phase=PICKUP_DWELL gen=101 task=50 slot=28->-1 s=3.913 speed=0.000 action=STOP requested=STOP blocker=-1 wait=0.000 reason=not_active
  future_a1=owner=V1 gen=101 arrival=0.000 to_b=0.900
---
tick=40208 sim_t=4020.800
  V0 mode=ACTIVE phase=TO_B gen=106 task=52 slot=13->64 s=5.365 speed=0.143 action=NOMINAL requested=NOMINAL blocker=-1 wait=0.000 reason=clear
  V1 mode=DWELL phase=PICKUP_DWELL gen=101 task=50 slot=28->-1 s=3.913 speed=0.000 action=STOP requested=STOP blocker=-1 wait=0.000 reason=not_active
  future_a1=owner=V1 gen=101 arrival=0.000 to_b=0.900
---
tick=40209 sim_t=4020.900
  V0 mode=ACTIVE phase=TO_B gen=106 task=52 slot=13->64 s=5.379 speed=0.143 action=NOMINAL requested=NOMINAL blocker=-1 wait=0.000 reason=clear
  V1 mode=ACTIVE phase=TO_B gen=102 task=50 slot=28->62 s=0.002 speed=0.020 action=NOMINAL requested=NOMINAL blocker=-1 wait=0.000 reason=clear
  future_a1=none
  zone=POTENTIAL pair=V0/V1 raw=0 active=0 a=[0.000,5.425] b=[0.000,5.425] holder=-1 waiter=-1
  zone=POTENTIAL pair=V0/V1 raw=1 active=1 a=[5.250,6.375] b=[6.700,8.275] holder=-1 waiter=-1
---
tick=40210 sim_t=4021.000
  V0 mode=ACTIVE phase=TO_B gen=106 task=52 slot=13->64 s=5.394 speed=0.142 action=NOMINAL requested=NOMINAL blocker=-1 wait=0.000 reason=clear
  V1 mode=ACTIVE phase=TO_B gen=102 task=50 slot=28->62 s=0.006 speed=0.040 action=NOMINAL requested=NOMINAL blocker=-1 wait=0.000 reason=clear
  future_a1=none
---
tick=40211 sim_t=4021.100
  V0 mode=ACTIVE phase=TO_B gen=106 task=52 slot=13->64 s=5.408 speed=0.142 action=NOMINAL requested=NOMINAL blocker=-1 wait=0.000 reason=clear
  V1 mode=ACTIVE phase=TO_B gen=102 task=50 slot=28->62 s=0.012 speed=0.060 action=NOMINAL requested=NOMINAL blocker=-1 wait=0.000 reason=clear
  future_a1=none
---
tick=40212 sim_t=4021.200
  V0 mode=ACTIVE phase=TO_B gen=106 task=52 slot=13->64 s=5.422 speed=0.142 action=NOMINAL requested=NOMINAL blocker=-1 wait=0.000 reason=clear
  V1 mode=ACTIVE phase=TO_B gen=102 task=50 slot=28->62 s=0.020 speed=0.080 action=NOMINAL requested=NOMINAL blocker=-1 wait=0.000 reason=clear
  future_a1=none
---
tick=40213 sim_t=4021.300
  V0 mode=ACTIVE phase=TO_B gen=106 task=52 slot=13->64 s=5.436 speed=0.142 action=NOMINAL requested=NOMINAL blocker=-1 wait=0.000 reason=clear
  V1 mode=ACTIVE phase=TO_B gen=102 task=50 slot=28->62 s=0.030 speed=0.100 action=NOMINAL requested=NOMINAL blocker=-1 wait=0.000 reason=clear
  future_a1=none
---
tick=40214 sim_t=4021.400
  V0 mode=ACTIVE phase=TO_B gen=106 task=52 slot=13->64 s=5.451 speed=0.142 action=NOMINAL requested=NOMINAL blocker=-1 wait=0.000 reason=clear
  V1 mode=ACTIVE phase=TO_B gen=102 task=50 slot=28->62 s=0.042 speed=0.120 action=NOMINAL requested=NOMINAL blocker=-1 wait=0.000 reason=clear
  future_a1=none
---
tick=40215 sim_t=4021.500
  V0 mode=ACTIVE phase=TO_B gen=106 task=52 slot=13->64 s=5.465 speed=0.142 action=NOMINAL requested=NOMINAL blocker=-1 wait=0.000 reason=clear
  V1 mode=ACTIVE phase=TO_B gen=102 task=50 slot=28->62 s=0.056 speed=0.140 action=NOMINAL requested=NOMINAL blocker=-1 wait=0.000 reason=clear
  future_a1=none
---
tick=40216 sim_t=4021.600
  V0 mode=ACTIVE phase=TO_B gen=106 task=52 slot=13->64 s=5.479 speed=0.142 action=NOMINAL requested=NOMINAL blocker=-1 wait=0.000 reason=clear
  V1 mode=ACTIVE phase=TO_B gen=102 task=50 slot=28->62 s=0.072 speed=0.160 action=NOMINAL requested=NOMINAL blocker=-1 wait=0.000 reason=clear
  future_a1=none
---
tick=40217 sim_t=4021.700
  V0 mode=ACTIVE phase=TO_B gen=106 task=52 slot=13->64 s=5.493 speed=0.142 action=NOMINAL requested=NOMINAL blocker=-1 wait=0.000 reason=clear
  V1 mode=ACTIVE phase=TO_B gen=102 task=50 slot=28->62 s=0.090 speed=0.180 action=NOMINAL requested=NOMINAL blocker=-1 wait=0.000 reason=clear
  future_a1=none
---
tick=40218 sim_t=4021.800
  V0 mode=ACTIVE phase=TO_B gen=106 task=52 slot=13->64 s=5.508 speed=0.142 action=NOMINAL requested=NOMINAL blocker=-1 wait=0.000 reason=clear
  V1 mode=ACTIVE phase=TO_B gen=102 task=50 slot=28->62 s=0.110 speed=0.200 action=NOMINAL requested=NOMINAL blocker=-1 wait=0.000 reason=clear
  future_a1=none
---
tick=40219 sim_t=4021.900
  V0 mode=ACTIVE phase=TO_B gen=106 task=52 slot=13->64 s=5.522 speed=0.142 action=NOMINAL requested=NOMINAL blocker=-1 wait=0.000 reason=clear
  V1 mode=ACTIVE phase=TO_B gen=102 task=50 slot=28->62 s=0.130 speed=0.200 action=NOMINAL requested=NOMINAL blocker=-1 wait=0.000 reason=clear
  future_a1=none
---
tick=40220 sim_t=4022.000
  V0 mode=ACTIVE phase=TO_B gen=106 task=52 slot=13->64 s=5.536 speed=0.143 action=NOMINAL requested=NOMINAL blocker=-1 wait=0.000 reason=clear
  V1 mode=ACTIVE phase=TO_B gen=102 task=50 slot=28->62 s=0.150 speed=0.200 action=NOMINAL requested=NOMINAL blocker=-1 wait=0.000 reason=clear
  future_a1=none
---
tick=40221 sim_t=4022.100
  V0 mode=ACTIVE phase=TO_B gen=106 task=52 slot=13->64 s=5.550 speed=0.143 action=NOMINAL requested=NOMINAL blocker=-1 wait=0.000 reason=clear
  V1 mode=ACTIVE phase=TO_B gen=102 task=50 slot=28->62 s=0.170 speed=0.200 action=NOMINAL requested=NOMINAL blocker=-1 wait=0.000 reason=clear
  future_a1=none
---
tick=40222 sim_t=4022.200
  V0 mode=ACTIVE phase=TO_B gen=106 task=52 slot=13->64 s=5.565 speed=0.145 action=NOMINAL requested=NOMINAL blocker=-1 wait=0.000 reason=clear
  V1 mode=ACTIVE phase=TO_B gen=102 task=50 slot=28->62 s=0.190 speed=0.200 action=NOMINAL requested=NOMINAL blocker=-1 wait=0.000 reason=clear
  future_a1=none
---
tick=40223 sim_t=4022.300
  V0 mode=ACTIVE phase=TO_B gen=106 task=52 slot=13->64 s=5.580 speed=0.147 action=NOMINAL requested=NOMINAL blocker=-1 wait=0.000 reason=clear
  V1 mode=ACTIVE phase=TO_B gen=102 task=50 slot=28->62 s=0.207 speed=0.170 action=NOMINAL requested=NOMINAL blocker=-1 wait=0.000 reason=clear
  future_a1=none
---
tick=40224 sim_t=4022.400
  V0 mode=ACTIVE phase=TO_B gen=106 task=52 slot=13->64 s=5.595 speed=0.150 action=NOMINAL requested=NOMINAL blocker=-1 wait=0.000 reason=clear
  V1 mode=ACTIVE phase=TO_B gen=102 task=50 slot=28->62 s=0.222 speed=0.146 action=NOMINAL requested=NOMINAL blocker=-1 wait=0.000 reason=clear
  future_a1=none
---
tick=40225 sim_t=4022.500
  V0 mode=ACTIVE phase=TO_B gen=106 task=52 slot=13->64 s=5.610 speed=0.154 action=NOMINAL requested=NOMINAL blocker=-1 wait=0.000 reason=clear
  V1 mode=ACTIVE phase=TO_B gen=102 task=50 slot=28->62 s=0.236 speed=0.142 action=NOMINAL requested=NOMINAL blocker=-1 wait=0.000 reason=clear
  future_a1=none
---
tick=40226 sim_t=4022.600
  V0 mode=ACTIVE phase=TO_B gen=106 task=52 slot=13->64 s=5.626 speed=0.159 action=NOMINAL requested=NOMINAL blocker=-1 wait=0.000 reason=clear
  V1 mode=ACTIVE phase=TO_B gen=102 task=50 slot=28->62 s=0.250 speed=0.142 action=NOMINAL requested=NOMINAL blocker=-1 wait=0.000 reason=clear
  future_a1=none
---
tick=40227 sim_t=4022.700
  V0 mode=ACTIVE phase=TO_B gen=106 task=52 slot=13->64 s=5.642 speed=0.164 action=NOMINAL requested=NOMINAL blocker=-1 wait=0.000 reason=clear
  V1 mode=ACTIVE phase=TO_B gen=102 task=50 slot=28->62 s=0.264 speed=0.142 action=NOMINAL requested=NOMINAL blocker=-1 wait=0.000 reason=clear
  future_a1=none
---
tick=40228 sim_t=4022.800
  V0 mode=ACTIVE phase=TO_B gen=106 task=52 slot=13->64 s=5.659 speed=0.170 action=NOMINAL requested=NOMINAL blocker=-1 wait=0.000 reason=clear
  V1 mode=ACTIVE phase=TO_B gen=102 task=50 slot=28->62 s=0.279 speed=0.142 action=NOMINAL requested=NOMINAL blocker=-1 wait=0.000 reason=clear
  future_a1=none
---
tick=40229 sim_t=4022.900
  V0 mode=ACTIVE phase=TO_B gen=106 task=52 slot=13->64 s=5.677 speed=0.177 action=NOMINAL requested=NOMINAL blocker=-1 wait=0.000 reason=clear
  V1 mode=ACTIVE phase=TO_B gen=102 task=50 slot=28->62 s=0.293 speed=0.142 action=NOMINAL requested=NOMINAL blocker=-1 wait=0.000 reason=clear
  future_a1=none
---
tick=40230 sim_t=4023.000
  V0 mode=ACTIVE phase=TO_B gen=106 task=52 slot=13->64 s=5.695 speed=0.185 action=NOMINAL requested=NOMINAL blocker=-1 wait=0.000 reason=clear
  V1 mode=ACTIVE phase=TO_B gen=102 task=50 slot=28->62 s=0.307 speed=0.142 action=NOMINAL requested=NOMINAL blocker=-1 wait=0.000 reason=clear
  future_a1=none
---
tick=40231 sim_t=4023.100
  V0 mode=ACTIVE phase=TO_B gen=106 task=52 slot=13->64 s=5.715 speed=0.194 action=NOMINAL requested=NOMINAL blocker=-1 wait=0.000 reason=clear
  V1 mode=ACTIVE phase=TO_B gen=102 task=50 slot=28->62 s=0.321 speed=0.142 action=NOMINAL requested=NOMINAL blocker=-1 wait=0.000 reason=clear
  future_a1=none
---
tick=40232 sim_t=4023.200
  V0 mode=ACTIVE phase=TO_B gen=106 task=52 slot=13->64 s=5.735 speed=0.200 action=NOMINAL requested=NOMINAL blocker=-1 wait=0.000 reason=clear
  V1 mode=ACTIVE phase=TO_B gen=102 task=50 slot=28->62 s=0.336 speed=0.142 action=NOMINAL requested=NOMINAL blocker=-1 wait=0.000 reason=clear
  future_a1=none
---
tick=40233 sim_t=4023.300
  V0 mode=ACTIVE phase=TO_B gen=106 task=52 slot=13->64 s=5.755 speed=0.200 action=NOMINAL requested=NOMINAL blocker=-1 wait=0.000 reason=clear
  V1 mode=ACTIVE phase=TO_B gen=102 task=50 slot=28->62 s=0.350 speed=0.142 action=NOMINAL requested=NOMINAL blocker=-1 wait=0.000 reason=clear
  future_a1=none
---
tick=40234 sim_t=4023.400
  V0 mode=ACTIVE phase=TO_B gen=106 task=52 slot=13->64 s=5.775 speed=0.200 action=NOMINAL requested=NOMINAL blocker=-1 wait=0.000 reason=clear
  V1 mode=ACTIVE phase=TO_B gen=102 task=50 slot=28->62 s=0.364 speed=0.142 action=NOMINAL requested=NOMINAL blocker=-1 wait=0.000 reason=clear
  future_a1=none
---
tick=40235 sim_t=4023.500
  V0 mode=ACTIVE phase=TO_B gen=106 task=52 slot=13->64 s=5.795 speed=0.200 action=NOMINAL requested=NOMINAL blocker=-1 wait=0.000 reason=clear
  V1 mode=ACTIVE phase=TO_B gen=102 task=50 slot=28->62 s=0.378 speed=0.142 action=NOMINAL requested=NOMINAL blocker=-1 wait=0.000 reason=clear
  future_a1=none
---
tick=40236 sim_t=4023.600
  V0 mode=ACTIVE phase=TO_B gen=106 task=52 slot=13->64 s=5.815 speed=0.200 action=NOMINAL requested=NOMINAL blocker=-1 wait=0.000 reason=clear
  V1 mode=ACTIVE phase=TO_B gen=102 task=50 slot=28->62 s=0.393 speed=0.142 action=NOMINAL requested=NOMINAL blocker=-1 wait=0.000 reason=clear
  future_a1=none
---
tick=40237 sim_t=4023.700
  V0 mode=ACTIVE phase=TO_B gen=106 task=52 slot=13->64 s=5.835 speed=0.200 action=NOMINAL requested=NOMINAL blocker=-1 wait=0.000 reason=clear
  V1 mode=ACTIVE phase=TO_B gen=102 task=50 slot=28->62 s=0.407 speed=0.142 action=NOMINAL requested=NOMINAL blocker=-1 wait=0.000 reason=clear
  future_a1=none
---
tick=40238 sim_t=4023.800
  V0 mode=ACTIVE phase=TO_B gen=106 task=52 slot=13->64 s=5.855 speed=0.200 action=NOMINAL requested=NOMINAL blocker=-1 wait=0.000 reason=clear
  V1 mode=ACTIVE phase=TO_B gen=102 task=50 slot=28->62 s=0.421 speed=0.142 action=NOMINAL requested=NOMINAL blocker=-1 wait=0.000 reason=clear
  future_a1=none
---
tick=40239 sim_t=4023.900
  V0 mode=ACTIVE phase=TO_B gen=106 task=52 slot=13->64 s=5.875 speed=0.200 action=NOMINAL requested=NOMINAL blocker=-1 wait=0.000 reason=clear
  V1 mode=ACTIVE phase=TO_B gen=102 task=50 slot=28->62 s=0.435 speed=0.142 action=NOMINAL requested=NOMINAL blocker=-1 wait=0.000 reason=clear
  future_a1=none
---
tick=40240 sim_t=4024.000
  V0 mode=ACTIVE phase=TO_B gen=106 task=52 slot=13->64 s=5.895 speed=0.200 action=NOMINAL requested=NOMINAL blocker=-1 wait=0.000 reason=clear
  V1 mode=ACTIVE phase=TO_B gen=102 task=50 slot=28->62 s=0.450 speed=0.142 action=NOMINAL requested=NOMINAL blocker=-1 wait=0.000 reason=clear
  future_a1=none
---
tick=40241 sim_t=4024.100
  V0 mode=ACTIVE phase=TO_B gen=106 task=52 slot=13->64 s=5.915 speed=0.200 action=NOMINAL requested=NOMINAL blocker=-1 wait=0.000 reason=clear
  V1 mode=ACTIVE phase=TO_B gen=102 task=50 slot=28->62 s=0.464 speed=0.142 action=NOMINAL requested=NOMINAL blocker=-1 wait=0.000 reason=clear
  future_a1=none
---
tick=40242 sim_t=4024.200
  V0 mode=ACTIVE phase=TO_B gen=106 task=52 slot=13->64 s=5.935 speed=0.200 action=NOMINAL requested=NOMINAL blocker=-1 wait=0.000 reason=clear
  V1 mode=ACTIVE phase=TO_B gen=102 task=50 slot=28->62 s=0.478 speed=0.142 action=NOMINAL requested=NOMINAL blocker=-1 wait=0.000 reason=clear
  future_a1=none
---
tick=40243 sim_t=4024.300
  V0 mode=ACTIVE phase=TO_B gen=106 task=52 slot=13->64 s=5.955 speed=0.200 action=NOMINAL requested=NOMINAL blocker=-1 wait=0.000 reason=clear
  V1 mode=ACTIVE phase=TO_B gen=102 task=50 slot=28->62 s=0.492 speed=0.142 action=NOMINAL requested=NOMINAL blocker=-1 wait=0.000 reason=clear
  future_a1=none
---
tick=40244 sim_t=4024.400
  V0 mode=ACTIVE phase=TO_B gen=106 task=52 slot=13->64 s=5.975 speed=0.200 action=NOMINAL requested=NOMINAL blocker=-1 wait=0.000 reason=clear
  V1 mode=ACTIVE phase=TO_B gen=102 task=50 slot=28->62 s=0.507 speed=0.142 action=NOMINAL requested=NOMINAL blocker=-1 wait=0.000 reason=clear
  future_a1=none
---
tick=40245 sim_t=4024.500
  V0 mode=ACTIVE phase=TO_B gen=106 task=52 slot=13->64 s=5.995 speed=0.200 action=NOMINAL requested=NOMINAL blocker=-1 wait=0.000 reason=clear
  V1 mode=ACTIVE phase=TO_B gen=102 task=50 slot=28->62 s=0.521 speed=0.142 action=NOMINAL requested=NOMINAL blocker=-1 wait=0.000 reason=clear
  future_a1=none
---
tick=40246 sim_t=4024.600
  V0 mode=ACTIVE phase=TO_B gen=106 task=52 slot=13->64 s=6.015 speed=0.200 action=NOMINAL requested=NOMINAL blocker=-1 wait=0.000 reason=clear
  V1 mode=ACTIVE phase=TO_B gen=102 task=50 slot=28->62 s=0.535 speed=0.142 action=NOMINAL requested=NOMINAL blocker=-1 wait=0.000 reason=clear
  future_a1=none
---
tick=40247 sim_t=4024.700
  V0 mode=ACTIVE phase=TO_B gen=106 task=52 slot=13->64 s=6.035 speed=0.200 action=NOMINAL requested=NOMINAL blocker=-1 wait=0.000 reason=clear
  V1 mode=ACTIVE phase=TO_B gen=102 task=50 slot=28->62 s=0.549 speed=0.142 action=NOMINAL requested=NOMINAL blocker=-1 wait=0.000 reason=clear
  future_a1=none
---
tick=40248 sim_t=4024.800
  V0 mode=ACTIVE phase=TO_B gen=106 task=52 slot=13->64 s=6.055 speed=0.200 action=NOMINAL requested=NOMINAL blocker=-1 wait=0.000 reason=clear
  V1 mode=ACTIVE phase=TO_B gen=102 task=50 slot=28->62 s=0.564 speed=0.142 action=NOMINAL requested=NOMINAL blocker=-1 wait=0.000 reason=clear
  future_a1=none
---
tick=40249 sim_t=4024.900
  V0 mode=ACTIVE phase=TO_B gen=106 task=52 slot=13->64 s=6.074 speed=0.193 action=NOMINAL requested=NOMINAL blocker=-1 wait=0.000 reason=clear
  V1 mode=ACTIVE phase=TO_B gen=102 task=50 slot=28->62 s=0.578 speed=0.142 action=NOMINAL requested=NOMINAL blocker=-1 wait=0.000 reason=clear
  future_a1=none
---
tick=40250 sim_t=4025.000
  V0 mode=ACTIVE phase=TO_B gen=106 task=52 slot=13->64 s=6.092 speed=0.182 action=NOMINAL requested=NOMINAL blocker=-1 wait=0.000 reason=clear
  V1 mode=ACTIVE phase=TO_B gen=102 task=50 slot=28->62 s=0.592 speed=0.142 action=NOMINAL requested=NOMINAL blocker=-1 wait=0.000 reason=clear
  future_a1=none
---
tick=40251 sim_t=4025.100
  V0 mode=ACTIVE phase=TO_B gen=106 task=52 slot=13->64 s=6.110 speed=0.174 action=NOMINAL requested=NOMINAL blocker=-1 wait=0.000 reason=clear
  V1 mode=ACTIVE phase=TO_B gen=102 task=50 slot=28->62 s=0.606 speed=0.142 action=NOMINAL requested=NOMINAL blocker=-1 wait=0.000 reason=clear
  future_a1=none
---
tick=40252 sim_t=4025.200
  V0 mode=ACTIVE phase=TO_B gen=106 task=52 slot=13->64 s=6.126 speed=0.166 action=NOMINAL requested=NOMINAL blocker=-1 wait=0.000 reason=clear
  V1 mode=ACTIVE phase=TO_B gen=102 task=50 slot=28->62 s=0.621 speed=0.142 action=NOMINAL requested=NOMINAL blocker=-1 wait=0.000 reason=clear
  future_a1=none
---
tick=40253 sim_t=4025.300
  V0 mode=ACTIVE phase=TO_B gen=106 task=52 slot=13->64 s=6.142 speed=0.160 action=NOMINAL requested=NOMINAL blocker=-1 wait=0.000 reason=clear
  V1 mode=ACTIVE phase=TO_B gen=102 task=50 slot=28->62 s=0.635 speed=0.142 action=NOMINAL requested=NOMINAL blocker=-1 wait=0.000 reason=clear
  future_a1=none
---
tick=40254 sim_t=4025.400
  V0 mode=ACTIVE phase=TO_B gen=106 task=52 slot=13->64 s=6.158 speed=0.155 action=NOMINAL requested=NOMINAL blocker=-1 wait=0.000 reason=clear
  V1 mode=ACTIVE phase=TO_B gen=102 task=50 slot=28->62 s=0.649 speed=0.142 action=NOMINAL requested=NOMINAL blocker=-1 wait=0.000 reason=clear
  future_a1=none
---
tick=40255 sim_t=4025.500
  V0 mode=ACTIVE phase=TO_B gen=106 task=52 slot=13->64 s=6.173 speed=0.150 action=NOMINAL requested=NOMINAL blocker=-1 wait=0.000 reason=clear
  V1 mode=ACTIVE phase=TO_B gen=102 task=50 slot=28->62 s=0.663 speed=0.142 action=NOMINAL requested=NOMINAL blocker=-1 wait=0.000 reason=clear
  future_a1=none
---
tick=40256 sim_t=4025.600
  V0 mode=ACTIVE phase=TO_B gen=106 task=52 slot=13->64 s=6.188 speed=0.147 action=NOMINAL requested=NOMINAL blocker=-1 wait=0.000 reason=clear
  V1 mode=ACTIVE phase=TO_B gen=102 task=50 slot=28->62 s=0.678 speed=0.144 action=NOMINAL requested=NOMINAL blocker=-1 wait=0.000 reason=clear
  future_a1=none
---
tick=40257 sim_t=4025.700
  V0 mode=ACTIVE phase=TO_B gen=106 task=52 slot=13->64 s=6.202 speed=0.144 action=NOMINAL requested=NOMINAL blocker=-1 wait=0.000 reason=clear
  V1 mode=ACTIVE phase=TO_B gen=102 task=50 slot=28->62 s=0.693 speed=0.150 action=NOMINAL requested=NOMINAL blocker=-1 wait=0.000 reason=clear
  future_a1=none
---
tick=40258 sim_t=4025.800
  V0 mode=ACTIVE phase=TO_B gen=106 task=52 slot=13->64 s=6.216 speed=0.143 action=NOMINAL requested=NOMINAL blocker=-1 wait=0.000 reason=clear
  V1 mode=ACTIVE phase=TO_B gen=102 task=50 slot=28->62 s=0.707 speed=0.145 action=NOMINAL requested=NOMINAL blocker=-1 wait=0.000 reason=clear
  future_a1=none
---
tick=40259 sim_t=4025.900
  V0 mode=ACTIVE phase=TO_B gen=106 task=52 slot=13->64 s=6.231 speed=0.143 action=NOMINAL requested=NOMINAL blocker=-1 wait=0.000 reason=clear
  V1 mode=ACTIVE phase=TO_B gen=102 task=50 slot=28->62 s=0.720 speed=0.131 action=NOMINAL requested=NOMINAL blocker=-1 wait=0.000 reason=clear
  future_a1=none
---
tick=40260 sim_t=4026.000
  V0 mode=ACTIVE phase=TO_B gen=106 task=52 slot=13->64 s=6.245 speed=0.142 action=NOMINAL requested=NOMINAL blocker=-1 wait=0.000 reason=clear
  V1 mode=ACTIVE phase=TO_B gen=102 task=50 slot=28->62 s=0.730 speed=0.101 action=NOMINAL requested=NOMINAL blocker=-1 wait=0.000 reason=clear
  future_a1=none
---
tick=40261 sim_t=4026.100
  V0 mode=ACTIVE phase=TO_B gen=106 task=52 slot=13->64 s=6.259 speed=0.142 action=NOMINAL requested=NOMINAL blocker=-1 wait=0.000 reason=clear
  V1 mode=ACTIVE phase=TO_B gen=102 task=50 slot=28->62 s=0.742 speed=0.115 action=NOMINAL requested=NOMINAL blocker=-1 wait=0.000 reason=clear
  future_a1=none
---
tick=40262 sim_t=4026.200
  V0 mode=ACTIVE phase=TO_B gen=106 task=52 slot=13->64 s=6.273 speed=0.142 action=NOMINAL requested=NOMINAL blocker=-1 wait=0.000 reason=clear
  V1 mode=ACTIVE phase=TO_B gen=102 task=50 slot=28->62 s=0.755 speed=0.135 action=NOMINAL requested=NOMINAL blocker=-1 wait=0.000 reason=clear
  future_a1=none
---
tick=40263 sim_t=4026.300
  V0 mode=ACTIVE phase=TO_B gen=106 task=52 slot=13->64 s=6.288 speed=0.142 action=NOMINAL requested=NOMINAL blocker=-1 wait=0.000 reason=clear
  V1 mode=ACTIVE phase=TO_B gen=102 task=50 slot=28->62 s=0.771 speed=0.155 action=NOMINAL requested=NOMINAL blocker=-1 wait=0.000 reason=clear
  future_a1=none
---
tick=40264 sim_t=4026.400
  V0 mode=ACTIVE phase=TO_B gen=106 task=52 slot=13->64 s=6.302 speed=0.142 action=NOMINAL requested=NOMINAL blocker=-1 wait=0.000 reason=clear
  V1 mode=ACTIVE phase=TO_B gen=102 task=50 slot=28->62 s=0.788 speed=0.175 action=NOMINAL requested=NOMINAL blocker=-1 wait=0.000 reason=clear
  future_a1=none
---
tick=40265 sim_t=4026.500
  V0 mode=ACTIVE phase=TO_B gen=106 task=52 slot=13->64 s=6.316 speed=0.142 action=NOMINAL requested=NOMINAL blocker=-1 wait=0.000 reason=clear
  V1 mode=ACTIVE phase=TO_B gen=102 task=50 slot=28->62 s=0.808 speed=0.195 action=NOMINAL requested=NOMINAL blocker=-1 wait=0.000 reason=clear
  future_a1=none
---
tick=40266 sim_t=4026.600
  V0 mode=ACTIVE phase=TO_B gen=106 task=52 slot=13->64 s=6.330 speed=0.142 action=NOMINAL requested=NOMINAL blocker=-1 wait=0.000 reason=clear
  V1 mode=ACTIVE phase=TO_B gen=102 task=50 slot=28->62 s=0.828 speed=0.200 action=NOMINAL requested=NOMINAL blocker=-1 wait=0.000 reason=clear
  future_a1=none
---
tick=40267 sim_t=4026.700
  V0 mode=ACTIVE phase=TO_B gen=106 task=52 slot=13->64 s=6.345 speed=0.142 action=NOMINAL requested=NOMINAL blocker=-1 wait=0.000 reason=clear
  V1 mode=ACTIVE phase=TO_B gen=102 task=50 slot=28->62 s=0.848 speed=0.200 action=NOMINAL requested=NOMINAL blocker=-1 wait=0.000 reason=clear
  future_a1=none
---
tick=40268 sim_t=4026.800
  V0 mode=ACTIVE phase=TO_B gen=106 task=52 slot=13->64 s=6.359 speed=0.142 action=NOMINAL requested=NOMINAL blocker=-1 wait=0.000 reason=clear
  V1 mode=ACTIVE phase=TO_B gen=102 task=50 slot=28->62 s=0.868 speed=0.200 action=NOMINAL requested=NOMINAL blocker=-1 wait=0.000 reason=clear
  future_a1=none
---
tick=40269 sim_t=4026.900
  V0 mode=ACTIVE phase=TO_B gen=106 task=52 slot=13->64 s=6.373 speed=0.142 action=NOMINAL requested=NOMINAL blocker=-1 wait=0.000 reason=clear
  V1 mode=ACTIVE phase=TO_B gen=102 task=50 slot=28->62 s=0.888 speed=0.200 action=NOMINAL requested=NOMINAL blocker=-1 wait=0.000 reason=clear
  future_a1=none
---
tick=40270 sim_t=4027.000
  V0 mode=ACTIVE phase=TO_B gen=106 task=52 slot=13->64 s=6.387 speed=0.142 action=NOMINAL requested=NOMINAL blocker=-1 wait=0.000 reason=clear
  V1 mode=ACTIVE phase=TO_B gen=102 task=50 slot=28->62 s=0.908 speed=0.200 action=NOMINAL requested=NOMINAL blocker=-1 wait=0.000 reason=clear
  future_a1=none
---
tick=40271 sim_t=4027.100
  V0 mode=ACTIVE phase=TO_B gen=106 task=52 slot=13->64 s=6.402 speed=0.142 action=NOMINAL requested=NOMINAL blocker=-1 wait=0.000 reason=clear
  V1 mode=ACTIVE phase=TO_B gen=102 task=50 slot=28->62 s=0.928 speed=0.200 action=NOMINAL requested=NOMINAL blocker=-1 wait=0.000 reason=clear
  future_a1=none
---
tick=40272 sim_t=4027.200
  V0 mode=ACTIVE phase=TO_B gen=106 task=52 slot=13->64 s=6.416 speed=0.143 action=NOMINAL requested=NOMINAL blocker=-1 wait=0.000 reason=clear
  V1 mode=ACTIVE phase=TO_B gen=102 task=50 slot=28->62 s=0.948 speed=0.200 action=NOMINAL requested=NOMINAL blocker=-1 wait=0.000 reason=clear
  future_a1=none
---
tick=40273 sim_t=4027.300
  V0 mode=ACTIVE phase=TO_B gen=106 task=52 slot=13->64 s=6.430 speed=0.143 action=NOMINAL requested=NOMINAL blocker=-1 wait=0.000 reason=clear
  V1 mode=ACTIVE phase=TO_B gen=102 task=50 slot=28->62 s=0.968 speed=0.200 action=NOMINAL requested=NOMINAL blocker=-1 wait=0.000 reason=clear
  future_a1=none
---
tick=40274 sim_t=4027.400
  V0 mode=ACTIVE phase=TO_B gen=106 task=52 slot=13->64 s=6.445 speed=0.145 action=NOMINAL requested=NOMINAL blocker=-1 wait=0.000 reason=clear
  V1 mode=ACTIVE phase=TO_B gen=102 task=50 slot=28->62 s=0.988 speed=0.200 action=NOMINAL requested=NOMINAL blocker=-1 wait=0.000 reason=clear
  future_a1=none
---
tick=40275 sim_t=4027.500
  V0 mode=ACTIVE phase=TO_B gen=106 task=52 slot=13->64 s=6.459 speed=0.147 action=NOMINAL requested=NOMINAL blocker=-1 wait=0.000 reason=clear
  V1 mode=ACTIVE phase=TO_B gen=102 task=50 slot=28->62 s=1.008 speed=0.200 action=NOMINAL requested=NOMINAL blocker=-1 wait=0.000 reason=clear
  future_a1=none
---
tick=40276 sim_t=4027.600
  V0 mode=ACTIVE phase=TO_B gen=106 task=52 slot=13->64 s=6.474 speed=0.151 action=NOMINAL requested=NOMINAL blocker=-1 wait=0.000 reason=clear
  V1 mode=ACTIVE phase=TO_B gen=102 task=50 slot=28->62 s=1.028 speed=0.200 action=NOMINAL requested=NOMINAL blocker=-1 wait=0.000 reason=clear
  future_a1=none
---
tick=40277 sim_t=4027.700
  V0 mode=ACTIVE phase=TO_B gen=106 task=52 slot=13->64 s=6.490 speed=0.155 action=NOMINAL requested=NOMINAL blocker=-1 wait=0.000 reason=clear
  V1 mode=ACTIVE phase=TO_B gen=102 task=50 slot=28->62 s=1.048 speed=0.200 action=NOMINAL requested=NOMINAL blocker=-1 wait=0.000 reason=clear
  future_a1=none
---
tick=40278 sim_t=4027.800
  V0 mode=ACTIVE phase=TO_B gen=106 task=52 slot=13->64 s=6.506 speed=0.161 action=NOMINAL requested=NOMINAL blocker=-1 wait=0.000 reason=clear
  V1 mode=ACTIVE phase=TO_B gen=102 task=50 slot=28->62 s=1.068 speed=0.200 action=NOMINAL requested=NOMINAL blocker=-1 wait=0.000 reason=clear
  future_a1=none
---
tick=40279 sim_t=4027.900
  V0 mode=ACTIVE phase=TO_B gen=106 task=52 slot=13->64 s=6.523 speed=0.166 action=NOMINAL requested=NOMINAL blocker=-1 wait=0.000 reason=clear
  V1 mode=ACTIVE phase=TO_B gen=102 task=50 slot=28->62 s=1.088 speed=0.200 action=NOMINAL requested=NOMINAL blocker=-1 wait=0.000 reason=clear
  future_a1=none
---
tick=40280 sim_t=4028.000
  V0 mode=ACTIVE phase=TO_B gen=106 task=52 slot=13->64 s=6.540 speed=0.173 action=NOMINAL requested=NOMINAL blocker=-1 wait=0.000 reason=clear
  V1 mode=ACTIVE phase=TO_B gen=102 task=50 slot=28->62 s=1.108 speed=0.200 action=NOMINAL requested=NOMINAL blocker=-1 wait=0.000 reason=clear
  future_a1=none
---
tick=40281 sim_t=4028.100
  V0 mode=ACTIVE phase=TO_B gen=106 task=52 slot=13->64 s=6.558 speed=0.182 action=NOMINAL requested=NOMINAL blocker=-1 wait=0.000 reason=clear
  V1 mode=ACTIVE phase=TO_B gen=102 task=50 slot=28->62 s=1.128 speed=0.200 action=NOMINAL requested=NOMINAL blocker=-1 wait=0.000 reason=clear
  future_a1=none
---
tick=40282 sim_t=4028.200
  V0 mode=ACTIVE phase=TO_B gen=106 task=52 slot=13->64 s=6.577 speed=0.192 action=NOMINAL requested=NOMINAL blocker=-1 wait=0.000 reason=clear
  V1 mode=ACTIVE phase=TO_B gen=102 task=50 slot=28->62 s=1.148 speed=0.200 action=NOMINAL requested=NOMINAL blocker=-1 wait=0.000 reason=clear
  future_a1=none
---
tick=40283 sim_t=4028.300
  V0 mode=ACTIVE phase=TO_B gen=106 task=52 slot=13->64 s=6.597 speed=0.200 action=NOMINAL requested=NOMINAL blocker=-1 wait=0.000 reason=clear
  V1 mode=ACTIVE phase=TO_B gen=102 task=50 slot=28->62 s=1.168 speed=0.200 action=NOMINAL requested=NOMINAL blocker=-1 wait=0.000 reason=clear
  future_a1=none
---
tick=40284 sim_t=4028.400
  V0 mode=ACTIVE phase=TO_B gen=106 task=52 slot=13->64 s=6.617 speed=0.200 action=NOMINAL requested=NOMINAL blocker=-1 wait=0.000 reason=clear
  V1 mode=ACTIVE phase=TO_B gen=102 task=50 slot=28->62 s=1.188 speed=0.200 action=NOMINAL requested=NOMINAL blocker=-1 wait=0.000 reason=clear
  future_a1=none
---
tick=40285 sim_t=4028.500
  V0 mode=ACTIVE phase=TO_B gen=106 task=52 slot=13->64 s=6.637 speed=0.200 action=NOMINAL requested=NOMINAL blocker=-1 wait=0.000 reason=clear
  V1 mode=ACTIVE phase=TO_B gen=102 task=50 slot=28->62 s=1.208 speed=0.200 action=NOMINAL requested=NOMINAL blocker=-1 wait=0.000 reason=clear
  future_a1=none
---
tick=40286 sim_t=4028.600
  V0 mode=ACTIVE phase=TO_B gen=106 task=52 slot=13->64 s=6.657 speed=0.200 action=NOMINAL requested=NOMINAL blocker=-1 wait=0.000 reason=clear
  V1 mode=ACTIVE phase=TO_B gen=102 task=50 slot=28->62 s=1.228 speed=0.200 action=NOMINAL requested=NOMINAL blocker=-1 wait=0.000 reason=clear
  future_a1=none
---
tick=40287 sim_t=4028.700
  V0 mode=ACTIVE phase=TO_B gen=106 task=52 slot=13->64 s=6.677 speed=0.200 action=NOMINAL requested=NOMINAL blocker=-1 wait=0.000 reason=clear
  V1 mode=ACTIVE phase=TO_B gen=102 task=50 slot=28->62 s=1.248 speed=0.200 action=NOMINAL requested=NOMINAL blocker=-1 wait=0.000 reason=clear
  future_a1=none
---
tick=40288 sim_t=4028.800
  V0 mode=ACTIVE phase=TO_B gen=106 task=52 slot=13->64 s=6.697 speed=0.200 action=NOMINAL requested=NOMINAL blocker=-1 wait=0.000 reason=clear
  V1 mode=ACTIVE phase=TO_B gen=102 task=50 slot=28->62 s=1.268 speed=0.200 action=NOMINAL requested=NOMINAL blocker=-1 wait=0.000 reason=clear
  future_a1=none
---
tick=40289 sim_t=4028.900
  V0 mode=ACTIVE phase=TO_B gen=106 task=52 slot=13->64 s=6.717 speed=0.200 action=NOMINAL requested=NOMINAL blocker=-1 wait=0.000 reason=clear
  V1 mode=ACTIVE phase=TO_B gen=102 task=50 slot=28->62 s=1.288 speed=0.200 action=NOMINAL requested=NOMINAL blocker=-1 wait=0.000 reason=clear
  future_a1=none
---
tick=40290 sim_t=4029.000
  V0 mode=DWELL phase=UNLOAD_DWELL gen=106 task=52 slot=64->64 s=6.737 speed=0.000 action=STOP requested=STOP blocker=-1 wait=0.000 reason=unload_dwell
  V1 mode=ACTIVE phase=TO_B gen=102 task=50 slot=28->62 s=1.308 speed=0.200 action=NOMINAL requested=NOMINAL blocker=-1 wait=0.000 reason=clear
  future_a1=none
---
tick=40291 sim_t=4029.100
  V0 mode=DWELL phase=UNLOAD_DWELL gen=106 task=52 slot=64->64 s=6.737 speed=0.000 action=STOP requested=STOP blocker=-1 wait=0.000 reason=not_active
  V1 mode=ACTIVE phase=TO_B gen=102 task=50 slot=28->62 s=1.328 speed=0.200 action=NOMINAL requested=NOMINAL blocker=-1 wait=0.000 reason=clear
  future_a1=none
---
tick=40292 sim_t=4029.200
  V0 mode=DWELL phase=UNLOAD_DWELL gen=106 task=52 slot=64->64 s=6.737 speed=0.000 action=STOP requested=STOP blocker=-1 wait=0.000 reason=not_active
  V1 mode=ACTIVE phase=TO_B gen=102 task=50 slot=28->62 s=1.348 speed=0.200 action=NOMINAL requested=NOMINAL blocker=-1 wait=0.000 reason=clear
  future_a1=none
---
tick=40293 sim_t=4029.300
  V0 mode=DWELL phase=UNLOAD_DWELL gen=106 task=52 slot=64->64 s=6.737 speed=0.000 action=STOP requested=STOP blocker=-1 wait=0.000 reason=not_active
  V1 mode=ACTIVE phase=TO_B gen=102 task=50 slot=28->62 s=1.368 speed=0.200 action=NOMINAL requested=NOMINAL blocker=-1 wait=0.000 reason=clear
  future_a1=none
---
tick=40294 sim_t=4029.400
  V0 mode=DWELL phase=UNLOAD_DWELL gen=106 task=52 slot=64->64 s=6.737 speed=0.000 action=STOP requested=STOP blocker=-1 wait=0.000 reason=not_active
  V1 mode=ACTIVE phase=TO_B gen=102 task=50 slot=28->62 s=1.388 speed=0.200 action=NOMINAL requested=NOMINAL blocker=-1 wait=0.000 reason=clear
  future_a1=none
---
tick=40295 sim_t=4029.500
  V0 mode=DWELL phase=UNLOAD_DWELL gen=106 task=52 slot=64->64 s=6.737 speed=0.000 action=STOP requested=STOP blocker=-1 wait=0.000 reason=not_active
  V1 mode=ACTIVE phase=TO_B gen=102 task=50 slot=28->62 s=1.408 speed=0.200 action=NOMINAL requested=NOMINAL blocker=-1 wait=0.000 reason=clear
  future_a1=none
---
tick=40296 sim_t=4029.600
  V0 mode=DWELL phase=UNLOAD_DWELL gen=106 task=52 slot=64->64 s=6.737 speed=0.000 action=STOP requested=STOP blocker=-1 wait=0.000 reason=not_active
  V1 mode=ACTIVE phase=TO_B gen=102 task=50 slot=28->62 s=1.428 speed=0.200 action=NOMINAL requested=NOMINAL blocker=-1 wait=0.000 reason=clear
  future_a1=none
---
tick=40297 sim_t=4029.700
  V0 mode=DWELL phase=UNLOAD_DWELL gen=106 task=52 slot=64->64 s=6.737 speed=0.000 action=STOP requested=STOP blocker=-1 wait=0.000 reason=not_active
  V1 mode=ACTIVE phase=TO_B gen=102 task=50 slot=28->62 s=1.448 speed=0.200 action=NOMINAL requested=NOMINAL blocker=-1 wait=0.000 reason=clear
  future_a1=none
---
tick=40298 sim_t=4029.800
  V0 mode=DWELL phase=UNLOAD_DWELL gen=106 task=52 slot=64->64 s=6.737 speed=0.000 action=STOP requested=STOP blocker=-1 wait=0.000 reason=not_active
  V1 mode=ACTIVE phase=TO_B gen=102 task=50 slot=28->62 s=1.468 speed=0.200 action=NOMINAL requested=NOMINAL blocker=-1 wait=0.000 reason=clear
  future_a1=none
---
tick=40299 sim_t=4029.900
  V0 mode=DWELL phase=UNLOAD_DWELL gen=106 task=52 slot=64->64 s=6.737 speed=0.000 action=STOP requested=STOP blocker=-1 wait=0.000 reason=not_active
  V1 mode=ACTIVE phase=TO_B gen=102 task=50 slot=28->62 s=1.488 speed=0.200 action=NOMINAL requested=NOMINAL blocker=-1 wait=0.000 reason=clear
  future_a1=none
---
tick=40300 sim_t=4030.000
  V0 mode=DWELL phase=UNLOAD_DWELL gen=106 task=52 slot=64->64 s=6.737 speed=0.000 action=STOP requested=STOP blocker=-1 wait=0.000 reason=not_active
  V1 mode=ACTIVE phase=TO_B gen=102 task=50 slot=28->62 s=1.508 speed=0.200 action=NOMINAL requested=NOMINAL blocker=-1 wait=0.000 reason=clear
  future_a1=none
---
tick=40301 sim_t=4030.100
  V0 mode=DWELL phase=UNLOAD_DWELL gen=106 task=52 slot=64->64 s=6.737 speed=0.000 action=STOP requested=STOP blocker=-1 wait=0.000 reason=not_active
  V1 mode=ACTIVE phase=TO_B gen=102 task=50 slot=28->62 s=1.528 speed=0.200 action=NOMINAL requested=NOMINAL blocker=-1 wait=0.000 reason=clear
  future_a1=none
---
tick=40302 sim_t=4030.200
  V0 mode=DWELL phase=UNLOAD_DWELL gen=106 task=52 slot=64->64 s=6.737 speed=0.000 action=STOP requested=STOP blocker=-1 wait=0.000 reason=not_active
  V1 mode=ACTIVE phase=TO_B gen=102 task=50 slot=28->62 s=1.548 speed=0.200 action=NOMINAL requested=NOMINAL blocker=-1 wait=0.000 reason=clear
  future_a1=none
---
tick=40303 sim_t=4030.300
  V0 mode=DWELL phase=UNLOAD_DWELL gen=106 task=52 slot=64->64 s=6.737 speed=0.000 action=STOP requested=STOP blocker=-1 wait=0.000 reason=not_active
  V1 mode=ACTIVE phase=TO_B gen=102 task=50 slot=28->62 s=1.568 speed=0.200 action=NOMINAL requested=NOMINAL blocker=-1 wait=0.000 reason=clear
  future_a1=none
---
tick=40304 sim_t=4030.400
  V0 mode=DWELL phase=UNLOAD_DWELL gen=106 task=52 slot=64->64 s=6.737 speed=0.000 action=STOP requested=STOP blocker=-1 wait=0.000 reason=not_active
  V1 mode=ACTIVE phase=TO_B gen=102 task=50 slot=28->62 s=1.588 speed=0.200 action=NOMINAL requested=NOMINAL blocker=-1 wait=0.000 reason=clear
  future_a1=none
---
tick=40305 sim_t=4030.500
  V0 mode=DWELL phase=UNLOAD_DWELL gen=106 task=52 slot=64->64 s=6.737 speed=0.000 action=STOP requested=STOP blocker=-1 wait=0.000 reason=not_active
  V1 mode=ACTIVE phase=TO_B gen=102 task=50 slot=28->62 s=1.608 speed=0.200 action=NOMINAL requested=NOMINAL blocker=-1 wait=0.000 reason=clear
  future_a1=none
---
tick=40306 sim_t=4030.600
  V0 mode=DWELL phase=UNLOAD_DWELL gen=106 task=52 slot=64->64 s=6.737 speed=0.000 action=STOP requested=STOP blocker=-1 wait=0.000 reason=not_active
  V1 mode=ACTIVE phase=TO_B gen=102 task=50 slot=28->62 s=1.628 speed=0.200 action=NOMINAL requested=NOMINAL blocker=-1 wait=0.000 reason=clear
  future_a1=none
---
tick=40307 sim_t=4030.700
  V0 mode=DWELL phase=UNLOAD_DWELL gen=106 task=52 slot=64->64 s=6.737 speed=0.000 action=STOP requested=STOP blocker=-1 wait=0.000 reason=not_active
  V1 mode=ACTIVE phase=TO_B gen=102 task=50 slot=28->62 s=1.648 speed=0.200 action=NOMINAL requested=NOMINAL blocker=-1 wait=0.000 reason=clear
  future_a1=none
---
tick=40308 sim_t=4030.800
  V0 mode=DWELL phase=UNLOAD_DWELL gen=106 task=52 slot=64->64 s=6.737 speed=0.000 action=STOP requested=STOP blocker=-1 wait=0.000 reason=not_active
  V1 mode=ACTIVE phase=TO_B gen=102 task=50 slot=28->62 s=1.668 speed=0.199 action=NOMINAL requested=NOMINAL blocker=-1 wait=0.000 reason=clear
  future_a1=none
---
tick=40309 sim_t=4030.900
  V0 mode=DWELL phase=UNLOAD_DWELL gen=106 task=52 slot=64->64 s=6.737 speed=0.000 action=STOP requested=STOP blocker=-1 wait=0.000 reason=not_active
  V1 mode=ACTIVE phase=TO_B gen=102 task=50 slot=28->62 s=1.686 speed=0.186 action=NOMINAL requested=NOMINAL blocker=-1 wait=0.000 reason=clear
  future_a1=none
---
tick=40310 sim_t=4031.000
  V0 mode=DWELL phase=UNLOAD_DWELL gen=106 task=52 slot=64->64 s=6.737 speed=0.000 action=STOP requested=STOP blocker=-1 wait=0.000 reason=not_active
  V1 mode=ACTIVE phase=TO_B gen=102 task=50 slot=28->62 s=1.704 speed=0.175 action=NOMINAL requested=NOMINAL blocker=-1 wait=0.000 reason=clear
  future_a1=none
---
tick=40311 sim_t=4031.100
  V0 mode=DWELL phase=UNLOAD_DWELL gen=106 task=52 slot=64->64 s=6.737 speed=0.000 action=STOP requested=STOP blocker=-1 wait=0.000 reason=not_active
  V1 mode=ACTIVE phase=TO_B gen=102 task=50 slot=28->62 s=1.720 speed=0.166 action=NOMINAL requested=NOMINAL blocker=-1 wait=0.000 reason=clear
  future_a1=none
---
tick=40312 sim_t=4031.200
  V0 mode=DWELL phase=UNLOAD_DWELL gen=106 task=52 slot=64->64 s=6.737 speed=0.000 action=STOP requested=STOP blocker=-1 wait=0.000 reason=not_active
  V1 mode=ACTIVE phase=TO_B gen=102 task=50 slot=28->62 s=1.736 speed=0.159 action=NOMINAL requested=NOMINAL blocker=-1 wait=0.000 reason=clear
  future_a1=none
---
tick=40313 sim_t=4031.300
  V0 mode=DWELL phase=UNLOAD_DWELL gen=106 task=52 slot=64->64 s=6.737 speed=0.000 action=STOP requested=STOP blocker=-1 wait=0.000 reason=not_active
  V1 mode=ACTIVE phase=TO_B gen=102 task=50 slot=28->62 s=1.752 speed=0.153 action=NOMINAL requested=NOMINAL blocker=-1 wait=0.000 reason=clear
  future_a1=none
---
tick=40314 sim_t=4031.400
  V0 mode=DWELL phase=UNLOAD_DWELL gen=106 task=52 slot=64->64 s=6.737 speed=0.000 action=STOP requested=STOP blocker=-1 wait=0.000 reason=not_active
  V1 mode=ACTIVE phase=TO_B gen=102 task=50 slot=28->62 s=1.766 speed=0.149 action=NOMINAL requested=NOMINAL blocker=-1 wait=0.000 reason=clear
  future_a1=none
---
tick=40315 sim_t=4031.500
  V0 mode=DWELL phase=UNLOAD_DWELL gen=106 task=52 slot=64->64 s=6.737 speed=0.000 action=STOP requested=STOP blocker=-1 wait=0.000 reason=not_active
  V1 mode=ACTIVE phase=TO_B gen=102 task=50 slot=28->62 s=1.781 speed=0.146 action=NOMINAL requested=NOMINAL blocker=-1 wait=0.000 reason=clear
  future_a1=none
---
tick=40316 sim_t=4031.600
  V0 mode=DWELL phase=UNLOAD_DWELL gen=106 task=52 slot=64->64 s=6.737 speed=0.000 action=STOP requested=STOP blocker=-1 wait=0.000 reason=not_active
  V1 mode=ACTIVE phase=TO_B gen=102 task=50 slot=28->62 s=1.795 speed=0.144 action=NOMINAL requested=NOMINAL blocker=-1 wait=0.000 reason=clear
  future_a1=none
---
tick=40317 sim_t=4031.700
  V0 mode=DWELL phase=UNLOAD_DWELL gen=106 task=52 slot=64->64 s=6.737 speed=0.000 action=STOP requested=STOP blocker=-1 wait=0.000 reason=not_active
  V1 mode=ACTIVE phase=TO_B gen=102 task=50 slot=28->62 s=1.810 speed=0.143 action=NOMINAL requested=NOMINAL blocker=-1 wait=0.000 reason=clear
  future_a1=none
---
tick=40318 sim_t=4031.800
  V0 mode=DWELL phase=UNLOAD_DWELL gen=106 task=52 slot=64->64 s=6.737 speed=0.000 action=STOP requested=STOP blocker=-1 wait=0.000 reason=not_active
  V1 mode=ACTIVE phase=TO_B gen=102 task=50 slot=28->62 s=1.824 speed=0.142 action=NOMINAL requested=NOMINAL blocker=-1 wait=0.000 reason=clear
  future_a1=none
---
tick=40319 sim_t=4031.900
  V0 mode=DWELL phase=UNLOAD_DWELL gen=106 task=52 slot=64->64 s=6.737 speed=0.000 action=STOP requested=STOP blocker=-1 wait=0.000 reason=not_active
  V1 mode=ACTIVE phase=TO_B gen=102 task=50 slot=28->62 s=1.838 speed=0.142 action=NOMINAL requested=NOMINAL blocker=-1 wait=0.000 reason=clear
  future_a1=none
---
tick=40320 sim_t=4032.000
  V0 mode=DWELL phase=UNLOAD_DWELL gen=106 task=52 slot=64->64 s=6.737 speed=0.000 action=STOP requested=STOP blocker=-1 wait=0.000 reason=not_active
  V1 mode=ACTIVE phase=TO_B gen=102 task=50 slot=28->62 s=1.852 speed=0.142 action=NOMINAL requested=NOMINAL blocker=-1 wait=0.000 reason=clear
  future_a1=none
---
tick=40321 sim_t=4032.100
  V0 mode=DWELL phase=UNLOAD_DWELL gen=106 task=52 slot=64->64 s=6.737 speed=0.000 action=STOP requested=STOP blocker=-1 wait=0.000 reason=not_active
  V1 mode=ACTIVE phase=TO_B gen=102 task=50 slot=28->62 s=1.867 speed=0.142 action=NOMINAL requested=NOMINAL blocker=-1 wait=0.000 reason=clear
  future_a1=none
---
tick=40322 sim_t=4032.200
  V0 mode=DWELL phase=UNLOAD_DWELL gen=106 task=52 slot=64->64 s=6.737 speed=0.000 action=STOP requested=STOP blocker=-1 wait=0.000 reason=not_active
  V1 mode=ACTIVE phase=TO_B gen=102 task=50 slot=28->62 s=1.881 speed=0.142 action=NOMINAL requested=NOMINAL blocker=-1 wait=0.000 reason=clear
  future_a1=none
---
tick=40323 sim_t=4032.300
  V0 mode=DWELL phase=UNLOAD_DWELL gen=106 task=52 slot=64->64 s=6.737 speed=0.000 action=STOP requested=STOP blocker=-1 wait=0.000 reason=not_active
  V1 mode=ACTIVE phase=TO_B gen=102 task=50 slot=28->62 s=1.895 speed=0.142 action=NOMINAL requested=NOMINAL blocker=-1 wait=0.000 reason=clear
  future_a1=none
---
tick=40324 sim_t=4032.400
  V0 mode=DWELL phase=UNLOAD_DWELL gen=106 task=52 slot=64->64 s=6.737 speed=0.000 action=STOP requested=STOP blocker=-1 wait=0.000 reason=not_active
  V1 mode=ACTIVE phase=TO_B gen=102 task=50 slot=28->62 s=1.909 speed=0.142 action=NOMINAL requested=NOMINAL blocker=-1 wait=0.000 reason=clear
  future_a1=none
---
tick=40325 sim_t=4032.500
  V0 mode=DWELL phase=UNLOAD_DWELL gen=106 task=52 slot=64->64 s=6.737 speed=0.000 action=STOP requested=STOP blocker=-1 wait=0.000 reason=not_active
  V1 mode=ACTIVE phase=TO_B gen=102 task=50 slot=28->62 s=1.924 speed=0.142 action=NOMINAL requested=NOMINAL blocker=-1 wait=0.000 reason=clear
  future_a1=none
---
tick=40326 sim_t=4032.600
  V0 mode=DWELL phase=UNLOAD_DWELL gen=106 task=52 slot=64->64 s=6.737 speed=0.000 action=STOP requested=STOP blocker=-1 wait=0.000 reason=not_active
  V1 mode=ACTIVE phase=TO_B gen=102 task=50 slot=28->62 s=1.938 speed=0.142 action=NOMINAL requested=NOMINAL blocker=-1 wait=0.000 reason=clear
  future_a1=none
---
tick=40327 sim_t=4032.700
  V0 mode=DWELL phase=UNLOAD_DWELL gen=106 task=52 slot=64->64 s=6.737 speed=0.000 action=STOP requested=STOP blocker=-1 wait=0.000 reason=not_active
  V1 mode=ACTIVE phase=TO_B gen=102 task=50 slot=28->62 s=1.952 speed=0.142 action=NOMINAL requested=NOMINAL blocker=-1 wait=0.000 reason=clear
  future_a1=none
---
tick=40328 sim_t=4032.800
  V0 mode=DWELL phase=UNLOAD_DWELL gen=106 task=52 slot=64->64 s=6.737 speed=0.000 action=STOP requested=STOP blocker=-1 wait=0.000 reason=not_active
  V1 mode=ACTIVE phase=TO_B gen=102 task=50 slot=28->62 s=1.966 speed=0.142 action=NOMINAL requested=NOMINAL blocker=-1 wait=0.000 reason=clear
  future_a1=none
---
tick=40329 sim_t=4032.900
  V0 mode=DWELL phase=UNLOAD_DWELL gen=106 task=52 slot=64->64 s=6.737 speed=0.000 action=STOP requested=STOP blocker=-1 wait=0.000 reason=not_active
  V1 mode=ACTIVE phase=TO_B gen=102 task=50 slot=28->62 s=1.981 speed=0.142 action=NOMINAL requested=NOMINAL blocker=-1 wait=0.000 reason=clear
  future_a1=none
---
tick=40330 sim_t=4033.000
  V0 mode=DWELL phase=UNLOAD_DWELL gen=106 task=52 slot=64->64 s=6.737 speed=0.000 action=STOP requested=STOP blocker=-1 wait=0.000 reason=not_active
  V1 mode=ACTIVE phase=TO_B gen=102 task=50 slot=28->62 s=1.995 speed=0.142 action=NOMINAL requested=NOMINAL blocker=-1 wait=0.000 reason=clear
  future_a1=none
---
tick=40331 sim_t=4033.100
  V0 mode=DWELL phase=UNLOAD_DWELL gen=106 task=52 slot=64->64 s=6.737 speed=0.000 action=STOP requested=STOP blocker=-1 wait=0.000 reason=not_active
  V1 mode=ACTIVE phase=TO_B gen=102 task=50 slot=28->62 s=2.009 speed=0.142 action=NOMINAL requested=NOMINAL blocker=-1 wait=0.000 reason=clear
  future_a1=none
---
tick=40332 sim_t=4033.200
  V0 mode=DWELL phase=UNLOAD_DWELL gen=106 task=52 slot=64->64 s=6.737 speed=0.000 action=STOP requested=STOP blocker=-1 wait=0.000 reason=not_active
  V1 mode=ACTIVE phase=TO_B gen=102 task=50 slot=28->62 s=2.023 speed=0.142 action=NOMINAL requested=NOMINAL blocker=-1 wait=0.000 reason=clear
  future_a1=none
---
tick=40333 sim_t=4033.300
  V0 mode=DWELL phase=UNLOAD_DWELL gen=106 task=52 slot=64->64 s=6.737 speed=0.000 action=STOP requested=STOP blocker=-1 wait=0.000 reason=not_active
  V1 mode=ACTIVE phase=TO_B gen=102 task=50 slot=28->62 s=2.038 speed=0.143 action=NOMINAL requested=NOMINAL blocker=-1 wait=0.000 reason=clear
  future_a1=none
---
tick=40334 sim_t=4033.400
  V0 mode=DWELL phase=UNLOAD_DWELL gen=106 task=52 slot=64->64 s=6.737 speed=0.000 action=STOP requested=STOP blocker=-1 wait=0.000 reason=not_active
  V1 mode=ACTIVE phase=TO_B gen=102 task=50 slot=28->62 s=2.052 speed=0.143 action=NOMINAL requested=NOMINAL blocker=-1 wait=0.000 reason=clear
  future_a1=none
---
tick=40335 sim_t=4033.500
  V0 mode=DWELL phase=UNLOAD_DWELL gen=106 task=52 slot=64->64 s=6.737 speed=0.000 action=STOP requested=STOP blocker=-1 wait=0.000 reason=not_active
  V1 mode=ACTIVE phase=TO_B gen=102 task=50 slot=28->62 s=2.066 speed=0.145 action=NOMINAL requested=NOMINAL blocker=-1 wait=0.000 reason=clear
  future_a1=none
---
tick=40336 sim_t=4033.600
  V0 mode=DWELL phase=UNLOAD_DWELL gen=106 task=52 slot=64->64 s=6.737 speed=0.000 action=STOP requested=STOP blocker=-1 wait=0.000 reason=not_active
  V1 mode=ACTIVE phase=TO_B gen=102 task=50 slot=28->62 s=2.081 speed=0.148 action=NOMINAL requested=NOMINAL blocker=-1 wait=0.000 reason=clear
  future_a1=none
---
tick=40337 sim_t=4033.700
  V0 mode=DWELL phase=UNLOAD_DWELL gen=106 task=52 slot=64->64 s=6.737 speed=0.000 action=STOP requested=STOP blocker=-1 wait=0.000 reason=not_active
  V1 mode=ACTIVE phase=TO_B gen=102 task=50 slot=28->62 s=2.096 speed=0.152 action=NOMINAL requested=NOMINAL blocker=-1 wait=0.000 reason=clear
  future_a1=none
---
tick=40338 sim_t=4033.800
  V0 mode=DWELL phase=UNLOAD_DWELL gen=106 task=52 slot=64->64 s=6.737 speed=0.000 action=STOP requested=STOP blocker=-1 wait=0.000 reason=not_active
  V1 mode=ACTIVE phase=TO_B gen=102 task=50 slot=28->62 s=2.112 speed=0.157 action=NOMINAL requested=NOMINAL blocker=-1 wait=0.000 reason=clear
  future_a1=none
---
tick=40339 sim_t=4033.900
  V0 mode=DWELL phase=UNLOAD_DWELL gen=106 task=52 slot=64->64 s=6.737 speed=0.000 action=STOP requested=STOP blocker=-1 wait=0.000 reason=not_active
  V1 mode=ACTIVE phase=TO_B gen=102 task=50 slot=28->62 s=2.129 speed=0.164 action=NOMINAL requested=NOMINAL blocker=-1 wait=0.000 reason=clear
  future_a1=none
---
tick=40340 sim_t=4034.000
  V0 mode=ACTIVE phase=TO_A1 gen=107 task=53 slot=64->-1 s=0.002 speed=0.020 action=YIELD requested=YIELD blocker=1 wait=0.100 reason=dynamic_speed_YIELD_V1
  V1 mode=ACTIVE phase=TO_B gen=102 task=50 slot=28->62 s=2.146 speed=0.171 action=NOMINAL requested=NOMINAL blocker=-1 wait=0.000 reason=clear
  future_a1=none
  zone=POTENTIAL pair=V0/V1 raw=0 active=0 a=[0.350,2.250] b=[6.275,8.250] holder=-1 waiter=-1
  zone=POTENTIAL pair=V0/V1 raw=1 active=1 a=[1.350,4.875] b=[2.525,5.825] holder=-1 waiter=-1
---
tick=40341 sim_t=4034.100
  V0 mode=ACTIVE phase=TO_A1 gen=107 task=53 slot=64->-1 s=0.006 speed=0.040 action=YIELD requested=YIELD blocker=1 wait=0.200 reason=dynamic_speed_YIELD_V1
  V1 mode=ACTIVE phase=TO_B gen=102 task=50 slot=28->62 s=2.164 speed=0.180 action=NOMINAL requested=NOMINAL blocker=-1 wait=0.000 reason=clear
  future_a1=none
---
tick=40342 sim_t=4034.200
  V0 mode=ACTIVE phase=TO_A1 gen=107 task=53 slot=64->-1 s=0.012 speed=0.060 action=YIELD requested=YIELD blocker=1 wait=0.300 reason=dynamic_speed_YIELD_V1
  V1 mode=ACTIVE phase=TO_B gen=102 task=50 slot=28->62 s=2.183 speed=0.192 action=NOMINAL requested=NOMINAL blocker=-1 wait=0.000 reason=clear
  future_a1=none
---
tick=40343 sim_t=4034.300
  V0 mode=ACTIVE phase=TO_A1 gen=107 task=53 slot=64->-1 s=0.020 speed=0.080 action=YIELD requested=YIELD blocker=1 wait=0.400 reason=dynamic_speed_YIELD_V1
  V1 mode=ACTIVE phase=TO_B gen=102 task=50 slot=28->62 s=2.203 speed=0.200 action=NOMINAL requested=NOMINAL blocker=-1 wait=0.000 reason=clear
  future_a1=none
---
tick=40344 sim_t=4034.400
  V0 mode=ACTIVE phase=TO_A1 gen=107 task=53 slot=64->-1 s=0.030 speed=0.100 action=YIELD requested=YIELD blocker=1 wait=0.500 reason=dynamic_speed_YIELD_V1
  V1 mode=ACTIVE phase=TO_B gen=102 task=50 slot=28->62 s=2.223 speed=0.200 action=NOMINAL requested=NOMINAL blocker=-1 wait=0.000 reason=clear
  future_a1=none
---
tick=40345 sim_t=4034.500
  V0 mode=ACTIVE phase=TO_A1 gen=107 task=53 slot=64->-1 s=0.040 speed=0.100 action=YIELD requested=YIELD blocker=1 wait=0.600 reason=dynamic_speed_YIELD_V1
  V1 mode=ACTIVE phase=TO_B gen=102 task=50 slot=28->62 s=2.243 speed=0.200 action=NOMINAL requested=NOMINAL blocker=-1 wait=0.000 reason=clear
  future_a1=none
---
tick=40346 sim_t=4034.600
  V0 mode=ACTIVE phase=TO_A1 gen=107 task=53 slot=64->-1 s=0.050 speed=0.100 action=YIELD requested=YIELD blocker=1 wait=0.700 reason=dynamic_speed_YIELD_V1
  V1 mode=ACTIVE phase=TO_B gen=102 task=50 slot=28->62 s=2.263 speed=0.200 action=NOMINAL requested=NOMINAL blocker=-1 wait=0.000 reason=clear
  future_a1=none
---
tick=40347 sim_t=4034.700
  V0 mode=ACTIVE phase=TO_A1 gen=107 task=53 slot=64->-1 s=0.060 speed=0.100 action=YIELD requested=YIELD blocker=1 wait=0.800 reason=dynamic_speed_YIELD_V1
  V1 mode=ACTIVE phase=TO_B gen=102 task=50 slot=28->62 s=2.283 speed=0.200 action=NOMINAL requested=NOMINAL blocker=-1 wait=0.000 reason=clear
  future_a1=none
---
tick=40348 sim_t=4034.800
  V0 mode=ACTIVE phase=TO_A1 gen=107 task=53 slot=64->-1 s=0.070 speed=0.100 action=YIELD requested=YIELD blocker=1 wait=0.900 reason=dynamic_speed_YIELD_V1
  V1 mode=ACTIVE phase=TO_B gen=102 task=50 slot=28->62 s=2.303 speed=0.200 action=NOMINAL requested=NOMINAL blocker=-1 wait=0.000 reason=clear
  future_a1=none
---
tick=40349 sim_t=4034.900
  V0 mode=ACTIVE phase=TO_A1 gen=107 task=53 slot=64->-1 s=0.080 speed=0.100 action=YIELD requested=YIELD blocker=1 wait=1.000 reason=dynamic_speed_YIELD_V1
  V1 mode=ACTIVE phase=TO_B gen=102 task=50 slot=28->62 s=2.323 speed=0.200 action=NOMINAL requested=NOMINAL blocker=-1 wait=0.000 reason=clear
  future_a1=none
---
tick=40350 sim_t=4035.000
  V0 mode=ACTIVE phase=TO_A1 gen=107 task=53 slot=64->-1 s=0.090 speed=0.100 action=YIELD requested=YIELD blocker=1 wait=1.100 reason=dynamic_speed_YIELD_V1
  V1 mode=ACTIVE phase=TO_B gen=102 task=50 slot=28->62 s=2.343 speed=0.200 action=NOMINAL requested=NOMINAL blocker=-1 wait=0.000 reason=clear
  future_a1=none
---
tick=40351 sim_t=4035.100
  V0 mode=ACTIVE phase=TO_A1 gen=107 task=53 slot=64->-1 s=0.100 speed=0.100 action=YIELD requested=YIELD blocker=1 wait=1.200 reason=dynamic_speed_YIELD_V1
  V1 mode=ACTIVE phase=TO_B gen=102 task=50 slot=28->62 s=2.361 speed=0.177 action=NOMINAL requested=NOMINAL blocker=-1 wait=0.000 reason=clear
  future_a1=none
---
tick=40352 sim_t=4035.200
  V0 mode=ACTIVE phase=TO_A1 gen=107 task=53 slot=64->-1 s=0.110 speed=0.100 action=YIELD requested=YIELD blocker=1 wait=1.300 reason=dynamic_speed_YIELD_V1
  V1 mode=ACTIVE phase=TO_B gen=102 task=50 slot=28->62 s=2.376 speed=0.153 action=NOMINAL requested=NOMINAL blocker=-1 wait=0.000 reason=clear
  future_a1=none
---
tick=40353 sim_t=4035.300
  V0 mode=ACTIVE phase=TO_A1 gen=107 task=53 slot=64->-1 s=0.120 speed=0.100 action=YIELD requested=YIELD blocker=1 wait=1.400 reason=dynamic_speed_YIELD_V1
  V1 mode=ACTIVE phase=TO_B gen=102 task=50 slot=28->62 s=2.390 speed=0.145 action=NOMINAL requested=NOMINAL blocker=-1 wait=0.000 reason=clear
  future_a1=none
---
tick=40354 sim_t=4035.400
  V0 mode=ACTIVE phase=TO_A1 gen=107 task=53 slot=64->-1 s=0.130 speed=0.100 action=YIELD requested=YIELD blocker=1 wait=1.500 reason=dynamic_speed_YIELD_V1
  V1 mode=ACTIVE phase=TO_B gen=102 task=50 slot=28->62 s=2.405 speed=0.143 action=NOMINAL requested=NOMINAL blocker=-1 wait=0.000 reason=clear
  future_a1=none
---
tick=40355 sim_t=4035.500
  V0 mode=ACTIVE phase=TO_A1 gen=107 task=53 slot=64->-1 s=0.140 speed=0.100 action=YIELD requested=YIELD blocker=1 wait=1.600 reason=dynamic_speed_YIELD_V1
  V1 mode=ACTIVE phase=TO_B gen=102 task=50 slot=28->62 s=2.419 speed=0.142 action=NOMINAL requested=NOMINAL blocker=-1 wait=0.000 reason=clear
  future_a1=none
---
tick=40356 sim_t=4035.600
  V0 mode=ACTIVE phase=TO_A1 gen=107 task=53 slot=64->-1 s=0.150 speed=0.100 action=YIELD requested=YIELD blocker=1 wait=1.700 reason=dynamic_speed_YIELD_V1
  V1 mode=ACTIVE phase=TO_B gen=102 task=50 slot=28->62 s=2.433 speed=0.142 action=NOMINAL requested=NOMINAL blocker=-1 wait=0.000 reason=clear
  future_a1=none
---
tick=40357 sim_t=4035.700
  V0 mode=ACTIVE phase=TO_A1 gen=107 task=53 slot=64->-1 s=0.160 speed=0.100 action=YIELD requested=YIELD blocker=1 wait=1.800 reason=dynamic_speed_YIELD_V1
  V1 mode=ACTIVE phase=TO_B gen=102 task=50 slot=28->62 s=2.447 speed=0.142 action=NOMINAL requested=NOMINAL blocker=-1 wait=0.000 reason=clear
  future_a1=none
---
tick=40358 sim_t=4035.800
  V0 mode=ACTIVE phase=TO_A1 gen=107 task=53 slot=64->-1 s=0.170 speed=0.100 action=YIELD requested=YIELD blocker=1 wait=1.900 reason=dynamic_speed_YIELD_V1
  V1 mode=ACTIVE phase=TO_B gen=102 task=50 slot=28->62 s=2.462 speed=0.142 action=NOMINAL requested=NOMINAL blocker=-1 wait=0.000 reason=clear
  future_a1=none
---
tick=40359 sim_t=4035.900
  V0 mode=ACTIVE phase=TO_A1 gen=107 task=53 slot=64->-1 s=0.180 speed=0.100 action=YIELD requested=YIELD blocker=1 wait=2.000 reason=dynamic_speed_YIELD_V1
  V1 mode=ACTIVE phase=TO_B gen=102 task=50 slot=28->62 s=2.476 speed=0.142 action=NOMINAL requested=NOMINAL blocker=-1 wait=0.000 reason=clear
  future_a1=none
---
tick=40360 sim_t=4036.000
  V0 mode=ACTIVE phase=TO_A1 gen=107 task=53 slot=64->-1 s=0.190 speed=0.100 action=YIELD requested=YIELD blocker=1 wait=2.100 reason=dynamic_speed_YIELD_V1
  V1 mode=ACTIVE phase=TO_B gen=102 task=50 slot=28->62 s=2.490 speed=0.142 action=NOMINAL requested=NOMINAL blocker=-1 wait=0.000 reason=clear
  future_a1=none
---
tick=40361 sim_t=4036.100
  V0 mode=ACTIVE phase=TO_A1 gen=107 task=53 slot=64->-1 s=0.200 speed=0.100 action=YIELD requested=YIELD blocker=1 wait=2.200 reason=dynamic_speed_YIELD_V1
  V1 mode=ACTIVE phase=TO_B gen=102 task=50 slot=28->62 s=2.504 speed=0.142 action=NOMINAL requested=NOMINAL blocker=-1 wait=0.000 reason=clear
  future_a1=none
---
tick=40362 sim_t=4036.200
  V0 mode=ACTIVE phase=TO_A1 gen=107 task=53 slot=64->-1 s=0.210 speed=0.100 action=YIELD requested=YIELD blocker=1 wait=2.300 reason=dynamic_speed_YIELD_V1
  V1 mode=ACTIVE phase=TO_B gen=102 task=50 slot=28->62 s=2.519 speed=0.142 action=NOMINAL requested=NOMINAL blocker=-1 wait=0.000 reason=clear
  future_a1=none
---
tick=40363 sim_t=4036.300
  V0 mode=ACTIVE phase=TO_A1 gen=107 task=53 slot=64->-1 s=0.220 speed=0.100 action=YIELD requested=YIELD blocker=1 wait=2.400 reason=dynamic_speed_YIELD_V1
  V1 mode=ACTIVE phase=TO_B gen=102 task=50 slot=28->62 s=2.533 speed=0.142 action=NOMINAL requested=NOMINAL blocker=-1 wait=0.000 reason=clear
  future_a1=none
---
tick=40364 sim_t=4036.400
  V0 mode=ACTIVE phase=TO_A1 gen=107 task=53 slot=64->-1 s=0.230 speed=0.100 action=YIELD requested=YIELD blocker=1 wait=2.500 reason=dynamic_speed_YIELD_V1
  V1 mode=ACTIVE phase=TO_B gen=102 task=50 slot=28->62 s=2.547 speed=0.142 action=NOMINAL requested=NOMINAL blocker=-1 wait=0.000 reason=clear
  future_a1=none
---
tick=40365 sim_t=4036.500
  V0 mode=ACTIVE phase=TO_A1 gen=107 task=53 slot=64->-1 s=0.240 speed=0.100 action=YIELD requested=YIELD blocker=1 wait=2.600 reason=dynamic_speed_YIELD_V1
  V1 mode=ACTIVE phase=TO_B gen=102 task=50 slot=28->62 s=2.561 speed=0.142 action=NOMINAL requested=NOMINAL blocker=-1 wait=0.000 reason=clear
  future_a1=none
---
tick=40366 sim_t=4036.600
  V0 mode=ACTIVE phase=TO_A1 gen=107 task=53 slot=64->-1 s=0.250 speed=0.100 action=YIELD requested=YIELD blocker=1 wait=2.700 reason=dynamic_speed_YIELD_V1
  V1 mode=ACTIVE phase=TO_B gen=102 task=50 slot=28->62 s=2.576 speed=0.142 action=NOMINAL requested=NOMINAL blocker=-1 wait=0.000 reason=clear
  future_a1=none
---
tick=40367 sim_t=4036.700
  V0 mode=ACTIVE phase=TO_A1 gen=107 task=53 slot=64->-1 s=0.260 speed=0.100 action=YIELD requested=YIELD blocker=1 wait=2.800 reason=dynamic_speed_YIELD_V1
  V1 mode=ACTIVE phase=TO_B gen=102 task=50 slot=28->62 s=2.590 speed=0.142 action=NOMINAL requested=NOMINAL blocker=-1 wait=0.000 reason=clear
  future_a1=none
---
tick=40368 sim_t=4036.800
  V0 mode=ACTIVE phase=TO_A1 gen=107 task=53 slot=64->-1 s=0.270 speed=0.100 action=YIELD requested=YIELD blocker=1 wait=2.900 reason=dynamic_speed_YIELD_V1
  V1 mode=ACTIVE phase=TO_B gen=102 task=50 slot=28->62 s=2.604 speed=0.142 action=NOMINAL requested=NOMINAL blocker=-1 wait=0.000 reason=clear
  future_a1=none
---
tick=40369 sim_t=4036.900
  V0 mode=ACTIVE phase=TO_A1 gen=107 task=53 slot=64->-1 s=0.280 speed=0.100 action=YIELD requested=YIELD blocker=1 wait=3.000 reason=dynamic_speed_YIELD_V1
  V1 mode=ACTIVE phase=TO_B gen=102 task=50 slot=28->62 s=2.618 speed=0.142 action=NOMINAL requested=NOMINAL blocker=-1 wait=0.000 reason=clear
  future_a1=none
---
tick=40370 sim_t=4037.000
  V0 mode=ACTIVE phase=TO_A1 gen=107 task=53 slot=64->-1 s=0.290 speed=0.100 action=YIELD requested=YIELD blocker=1 wait=3.100 reason=dynamic_speed_YIELD_V1
  V1 mode=ACTIVE phase=TO_B gen=102 task=50 slot=28->62 s=2.633 speed=0.142 action=NOMINAL requested=NOMINAL blocker=-1 wait=0.000 reason=clear
  future_a1=none
---
tick=40371 sim_t=4037.100
  V0 mode=ACTIVE phase=TO_A1 gen=107 task=53 slot=64->-1 s=0.300 speed=0.100 action=YIELD requested=YIELD blocker=1 wait=3.200 reason=dynamic_speed_YIELD_V1
  V1 mode=ACTIVE phase=TO_B gen=102 task=50 slot=28->62 s=2.647 speed=0.142 action=NOMINAL requested=NOMINAL blocker=-1 wait=0.000 reason=clear
  future_a1=none
---
tick=40372 sim_t=4037.200
  V0 mode=ACTIVE phase=TO_A1 gen=107 task=53 slot=64->-1 s=0.310 speed=0.100 action=YIELD requested=YIELD blocker=1 wait=3.300 reason=dynamic_speed_YIELD_V1
  V1 mode=ACTIVE phase=TO_B gen=102 task=50 slot=28->62 s=2.661 speed=0.142 action=NOMINAL requested=NOMINAL blocker=-1 wait=0.000 reason=clear
  future_a1=none
---
tick=40373 sim_t=4037.300
  V0 mode=ACTIVE phase=TO_A1 gen=107 task=53 slot=64->-1 s=0.320 speed=0.100 action=YIELD requested=YIELD blocker=1 wait=3.400 reason=dynamic_speed_YIELD_V1
  V1 mode=ACTIVE phase=TO_B gen=102 task=50 slot=28->62 s=2.675 speed=0.142 action=NOMINAL requested=NOMINAL blocker=-1 wait=0.000 reason=clear
  future_a1=none
---
tick=40374 sim_t=4037.400
  V0 mode=ACTIVE phase=TO_A1 gen=107 task=53 slot=64->-1 s=0.330 speed=0.100 action=YIELD requested=YIELD blocker=1 wait=3.500 reason=dynamic_speed_YIELD_V1
  V1 mode=ACTIVE phase=TO_B gen=102 task=50 slot=28->62 s=2.690 speed=0.142 action=NOMINAL requested=NOMINAL blocker=-1 wait=0.000 reason=clear
  future_a1=none
---
tick=40375 sim_t=4037.500
  V0 mode=ACTIVE phase=TO_A1 gen=107 task=53 slot=64->-1 s=0.340 speed=0.100 action=YIELD requested=YIELD blocker=1 wait=3.600 reason=dynamic_speed_YIELD_V1
  V1 mode=ACTIVE phase=TO_B gen=102 task=50 slot=28->62 s=2.704 speed=0.142 action=NOMINAL requested=NOMINAL blocker=-1 wait=0.000 reason=clear
  future_a1=none
---
tick=40376 sim_t=4037.600
  V0 mode=ACTIVE phase=TO_A1 gen=107 task=53 slot=64->-1 s=0.350 speed=0.100 action=YIELD requested=YIELD blocker=1 wait=3.700 reason=dynamic_speed_YIELD_V1
  V1 mode=ACTIVE phase=TO_B gen=102 task=50 slot=28->62 s=2.718 speed=0.142 action=NOMINAL requested=NOMINAL blocker=-1 wait=0.000 reason=clear
  future_a1=none
---
tick=40377 sim_t=4037.700
  V0 mode=ACTIVE phase=TO_A1 gen=107 task=53 slot=64->-1 s=0.360 speed=0.100 action=YIELD requested=YIELD blocker=1 wait=3.800 reason=dynamic_speed_YIELD_V1
  V1 mode=ACTIVE phase=TO_B gen=102 task=50 slot=28->62 s=2.732 speed=0.142 action=NOMINAL requested=NOMINAL blocker=-1 wait=0.000 reason=clear
  future_a1=none
---
tick=40378 sim_t=4037.800
  V0 mode=ACTIVE phase=TO_A1 gen=107 task=53 slot=64->-1 s=0.370 speed=0.100 action=YIELD requested=YIELD blocker=1 wait=3.900 reason=dynamic_speed_YIELD_V1
  V1 mode=ACTIVE phase=TO_B gen=102 task=50 slot=28->62 s=2.747 speed=0.142 action=NOMINAL requested=NOMINAL blocker=-1 wait=0.000 reason=clear
  future_a1=none
---
tick=40379 sim_t=4037.900
  V0 mode=ACTIVE phase=TO_A1 gen=107 task=53 slot=64->-1 s=0.380 speed=0.100 action=YIELD requested=YIELD blocker=1 wait=4.000 reason=dynamic_speed_YIELD_V1
  V1 mode=ACTIVE phase=TO_B gen=102 task=50 slot=28->62 s=2.761 speed=0.142 action=NOMINAL requested=NOMINAL blocker=-1 wait=0.000 reason=clear
  future_a1=none
---
tick=40380 sim_t=4038.000
  V0 mode=ACTIVE phase=TO_A1 gen=107 task=53 slot=64->-1 s=0.390 speed=0.100 action=YIELD requested=YIELD blocker=1 wait=4.100 reason=dynamic_speed_YIELD_V1
  V1 mode=ACTIVE phase=TO_B gen=102 task=50 slot=28->62 s=2.775 speed=0.142 action=NOMINAL requested=NOMINAL blocker=-1 wait=0.000 reason=clear
  future_a1=none
---
tick=40381 sim_t=4038.100
  V0 mode=ACTIVE phase=TO_A1 gen=107 task=53 slot=64->-1 s=0.400 speed=0.100 action=YIELD requested=YIELD blocker=1 wait=4.200 reason=dynamic_speed_YIELD_V1
  V1 mode=ACTIVE phase=TO_B gen=102 task=50 slot=28->62 s=2.789 speed=0.142 action=NOMINAL requested=NOMINAL blocker=-1 wait=0.000 reason=clear
  future_a1=none
---
tick=40382 sim_t=4038.200
  V0 mode=ACTIVE phase=TO_A1 gen=107 task=53 slot=64->-1 s=0.410 speed=0.100 action=YIELD requested=YIELD blocker=1 wait=4.300 reason=dynamic_speed_YIELD_V1
  V1 mode=ACTIVE phase=TO_B gen=102 task=50 slot=28->62 s=2.804 speed=0.142 action=NOMINAL requested=NOMINAL blocker=-1 wait=0.000 reason=clear
  future_a1=none
---
tick=40383 sim_t=4038.300
  V0 mode=ACTIVE phase=TO_A1 gen=107 task=53 slot=64->-1 s=0.420 speed=0.100 action=YIELD requested=YIELD blocker=1 wait=4.400 reason=dynamic_speed_YIELD_V1
  V1 mode=ACTIVE phase=TO_B gen=102 task=50 slot=28->62 s=2.818 speed=0.143 action=NOMINAL requested=NOMINAL blocker=-1 wait=0.000 reason=clear
  future_a1=none
---
tick=40384 sim_t=4038.400
  V0 mode=ACTIVE phase=TO_A1 gen=107 task=53 slot=64->-1 s=0.430 speed=0.100 action=YIELD requested=YIELD blocker=1 wait=4.500 reason=dynamic_speed_YIELD_V1
  V1 mode=ACTIVE phase=TO_B gen=102 task=50 slot=28->62 s=2.832 speed=0.144 action=NOMINAL requested=NOMINAL blocker=-1 wait=0.000 reason=clear
  future_a1=none
---
tick=40385 sim_t=4038.500
  V0 mode=ACTIVE phase=TO_A1 gen=107 task=53 slot=64->-1 s=0.440 speed=0.100 action=YIELD requested=YIELD blocker=1 wait=4.600 reason=dynamic_speed_YIELD_V1
  V1 mode=ACTIVE phase=TO_B gen=102 task=50 slot=28->62 s=2.847 speed=0.149 action=NOMINAL requested=NOMINAL blocker=-1 wait=0.000 reason=clear
  future_a1=none
---
tick=40386 sim_t=4038.600
  V0 mode=ACTIVE phase=TO_A1 gen=107 task=53 slot=64->-1 s=0.450 speed=0.100 action=YIELD requested=YIELD blocker=1 wait=4.700 reason=dynamic_speed_YIELD_V1
  V1 mode=ACTIVE phase=TO_B gen=102 task=50 slot=28->62 s=2.863 speed=0.163 action=NOMINAL requested=NOMINAL blocker=-1 wait=0.000 reason=clear
  future_a1=none
---
tick=40387 sim_t=4038.700
  V0 mode=ACTIVE phase=TO_A1 gen=107 task=53 slot=64->-1 s=0.460 speed=0.100 action=YIELD requested=YIELD blocker=1 wait=4.800 reason=dynamic_speed_YIELD_V1
  V1 mode=ACTIVE phase=TO_B gen=102 task=50 slot=28->62 s=2.882 speed=0.183 action=NOMINAL requested=NOMINAL blocker=-1 wait=0.000 reason=clear
  future_a1=none
---
tick=40388 sim_t=4038.800
  V0 mode=ACTIVE phase=TO_A1 gen=107 task=53 slot=64->-1 s=0.470 speed=0.100 action=YIELD requested=YIELD blocker=1 wait=4.900 reason=dynamic_speed_YIELD_V1
  V1 mode=ACTIVE phase=TO_B gen=102 task=50 slot=28->62 s=2.902 speed=0.200 action=NOMINAL requested=NOMINAL blocker=-1 wait=0.000 reason=clear
  future_a1=none
---
tick=40389 sim_t=4038.900
  V0 mode=ACTIVE phase=TO_A1 gen=107 task=53 slot=64->-1 s=0.480 speed=0.100 action=YIELD requested=YIELD blocker=1 wait=5.000 reason=dynamic_speed_YIELD_V1
  V1 mode=ACTIVE phase=TO_B gen=102 task=50 slot=28->62 s=2.922 speed=0.200 action=NOMINAL requested=NOMINAL blocker=-1 wait=0.000 reason=clear
  future_a1=none
---
tick=40390 sim_t=4039.000
  V0 mode=ACTIVE phase=TO_A1 gen=107 task=53 slot=64->-1 s=0.490 speed=0.100 action=YIELD requested=YIELD blocker=1 wait=5.100 reason=dynamic_speed_YIELD_V1
  V1 mode=ACTIVE phase=TO_B gen=102 task=50 slot=28->62 s=2.942 speed=0.200 action=NOMINAL requested=NOMINAL blocker=-1 wait=0.000 reason=clear
  future_a1=none
---
tick=40391 sim_t=4039.100
  V0 mode=ACTIVE phase=TO_A1 gen=107 task=53 slot=64->-1 s=0.500 speed=0.100 action=YIELD requested=YIELD blocker=1 wait=5.200 reason=dynamic_speed_YIELD_V1
  V1 mode=ACTIVE phase=TO_B gen=102 task=50 slot=28->62 s=2.962 speed=0.200 action=NOMINAL requested=NOMINAL blocker=-1 wait=0.000 reason=clear
  future_a1=none
---
tick=40392 sim_t=4039.200
  V0 mode=ACTIVE phase=TO_A1 gen=107 task=53 slot=64->-1 s=0.510 speed=0.100 action=YIELD requested=YIELD blocker=1 wait=5.300 reason=dynamic_speed_YIELD_V1
  V1 mode=ACTIVE phase=TO_B gen=102 task=50 slot=28->62 s=2.982 speed=0.200 action=NOMINAL requested=NOMINAL blocker=-1 wait=0.000 reason=clear
  future_a1=none
---
tick=40393 sim_t=4039.300
  V0 mode=ACTIVE phase=TO_A1 gen=107 task=53 slot=64->-1 s=0.520 speed=0.100 action=YIELD requested=YIELD blocker=1 wait=5.400 reason=dynamic_speed_YIELD_V1
  V1 mode=ACTIVE phase=TO_B gen=102 task=50 slot=28->62 s=3.002 speed=0.200 action=NOMINAL requested=NOMINAL blocker=-1 wait=0.000 reason=clear
  future_a1=none
---
tick=40394 sim_t=4039.400
  V0 mode=ACTIVE phase=TO_A1 gen=107 task=53 slot=64->-1 s=0.530 speed=0.100 action=YIELD requested=YIELD blocker=1 wait=5.500 reason=dynamic_speed_YIELD_V1
  V1 mode=ACTIVE phase=TO_B gen=102 task=50 slot=28->62 s=3.022 speed=0.200 action=NOMINAL requested=NOMINAL blocker=-1 wait=0.000 reason=clear
  future_a1=none
---
tick=40395 sim_t=4039.500
  V0 mode=ACTIVE phase=TO_A1 gen=107 task=53 slot=64->-1 s=0.540 speed=0.100 action=YIELD requested=YIELD blocker=1 wait=5.600 reason=dynamic_speed_YIELD_V1
  V1 mode=ACTIVE phase=TO_B gen=102 task=50 slot=28->62 s=3.042 speed=0.200 action=NOMINAL requested=NOMINAL blocker=-1 wait=0.000 reason=clear
  future_a1=none
---
tick=40396 sim_t=4039.600
  V0 mode=ACTIVE phase=TO_A1 gen=107 task=53 slot=64->-1 s=0.550 speed=0.100 action=YIELD requested=YIELD blocker=1 wait=5.700 reason=dynamic_speed_YIELD_V1
  V1 mode=ACTIVE phase=TO_B gen=102 task=50 slot=28->62 s=3.062 speed=0.200 action=NOMINAL requested=NOMINAL blocker=-1 wait=0.000 reason=clear
  future_a1=none
---
tick=40397 sim_t=4039.700
  V0 mode=ACTIVE phase=TO_A1 gen=107 task=53 slot=64->-1 s=0.560 speed=0.100 action=YIELD requested=YIELD blocker=1 wait=5.800 reason=dynamic_speed_YIELD_V1
  V1 mode=ACTIVE phase=TO_B gen=102 task=50 slot=28->62 s=3.082 speed=0.200 action=NOMINAL requested=NOMINAL blocker=-1 wait=0.000 reason=clear
  future_a1=none
---
tick=40398 sim_t=4039.800
  V0 mode=ACTIVE phase=TO_A1 gen=107 task=53 slot=64->-1 s=0.570 speed=0.100 action=YIELD requested=YIELD blocker=1 wait=5.900 reason=dynamic_speed_YIELD_V1
  V1 mode=ACTIVE phase=TO_B gen=102 task=50 slot=28->62 s=3.102 speed=0.200 action=NOMINAL requested=NOMINAL blocker=-1 wait=0.000 reason=clear
  future_a1=none
---
tick=40399 sim_t=4039.900
  V0 mode=ACTIVE phase=TO_A1 gen=107 task=53 slot=64->-1 s=0.580 speed=0.100 action=YIELD requested=YIELD blocker=1 wait=6.000 reason=dynamic_speed_YIELD_V1
  V1 mode=ACTIVE phase=TO_B gen=102 task=50 slot=28->62 s=3.121 speed=0.190 action=NOMINAL requested=NOMINAL blocker=-1 wait=0.000 reason=clear
  future_a1=none
---
tick=40400 sim_t=4040.000
  V0 mode=ACTIVE phase=TO_A1 gen=107 task=53 slot=64->-1 s=0.587 speed=0.070 action=CREEP requested=CREEP blocker=1 wait=6.100 reason=dynamic_speed_CREEP_V1
  V1 mode=ACTIVE phase=TO_B gen=102 task=50 slot=28->62 s=3.139 speed=0.181 action=NOMINAL requested=NOMINAL blocker=-1 wait=0.000 reason=clear
  future_a1=none
---
tick=40401 sim_t=4040.100
  V0 mode=ACTIVE phase=TO_A1 gen=107 task=53 slot=64->-1 s=0.592 speed=0.050 action=CREEP requested=CREEP blocker=1 wait=6.200 reason=dynamic_speed_CREEP_V1
  V1 mode=ACTIVE phase=TO_B gen=102 task=50 slot=28->62 s=3.156 speed=0.173 action=NOMINAL requested=NOMINAL blocker=-1 wait=0.000 reason=clear
  future_a1=none
---
tick=40402 sim_t=4040.200
  V0 mode=ACTIVE phase=TO_A1 gen=107 task=53 slot=64->-1 s=0.597 speed=0.050 action=CREEP requested=CREEP blocker=1 wait=6.300 reason=dynamic_speed_CREEP_V1
  V1 mode=ACTIVE phase=TO_B gen=102 task=50 slot=28->62 s=3.173 speed=0.166 action=NOMINAL requested=NOMINAL blocker=-1 wait=0.000 reason=clear
  future_a1=none
---
tick=40403 sim_t=4040.300
  V0 mode=ACTIVE phase=TO_A1 gen=107 task=53 slot=64->-1 s=0.602 speed=0.050 action=CREEP requested=CREEP blocker=1 wait=6.400 reason=dynamic_speed_CREEP_V1
  V1 mode=ACTIVE phase=TO_B gen=102 task=50 slot=28->62 s=3.189 speed=0.161 action=NOMINAL requested=NOMINAL blocker=-1 wait=0.000 reason=clear
  future_a1=none
---
tick=40404 sim_t=4040.400
  V0 mode=ACTIVE phase=TO_A1 gen=107 task=53 slot=64->-1 s=0.607 speed=0.050 action=CREEP requested=CREEP blocker=1 wait=6.500 reason=dynamic_speed_CREEP_V1
  V1 mode=ACTIVE phase=TO_B gen=102 task=50 slot=28->62 s=3.204 speed=0.156 action=NOMINAL requested=NOMINAL blocker=-1 wait=0.000 reason=clear
  future_a1=none
---
tick=40405 sim_t=4040.500
  V0 mode=ACTIVE phase=TO_A1 gen=107 task=53 slot=64->-1 s=0.612 speed=0.050 action=CREEP requested=CREEP blocker=1 wait=6.600 reason=dynamic_speed_CREEP_V1
  V1 mode=ACTIVE phase=TO_B gen=102 task=50 slot=28->62 s=3.220 speed=0.152 action=NOMINAL requested=NOMINAL blocker=-1 wait=0.000 reason=clear
  future_a1=none
---
tick=40406 sim_t=4040.600
  V0 mode=ACTIVE phase=TO_A1 gen=107 task=53 slot=64->-1 s=0.617 speed=0.050 action=CREEP requested=CREEP blocker=1 wait=6.700 reason=dynamic_speed_CREEP_V1
  V1 mode=ACTIVE phase=TO_B gen=102 task=50 slot=28->62 s=3.234 speed=0.148 action=NOMINAL requested=NOMINAL blocker=-1 wait=0.000 reason=clear
  future_a1=none
---
tick=40407 sim_t=4040.700
  V0 mode=ACTIVE phase=TO_A1 gen=107 task=53 slot=64->-1 s=0.622 speed=0.050 action=CREEP requested=CREEP blocker=1 wait=6.800 reason=dynamic_speed_CREEP_V1
  V1 mode=ACTIVE phase=TO_B gen=102 task=50 slot=28->62 s=3.249 speed=0.145 action=NOMINAL requested=NOMINAL blocker=-1 wait=0.000 reason=clear
  future_a1=none
---
tick=40408 sim_t=4040.800
  V0 mode=ACTIVE phase=TO_A1 gen=107 task=53 slot=64->-1 s=0.627 speed=0.050 action=CREEP requested=CREEP blocker=1 wait=6.900 reason=dynamic_speed_CREEP_V1
  V1 mode=ACTIVE phase=TO_B gen=102 task=50 slot=28->62 s=3.263 speed=0.144 action=NOMINAL requested=NOMINAL blocker=-1 wait=0.000 reason=clear
  future_a1=none
---
tick=40409 sim_t=4040.900
  V0 mode=ACTIVE phase=TO_A1 gen=107 task=53 slot=64->-1 s=0.632 speed=0.050 action=CREEP requested=CREEP blocker=1 wait=7.000 reason=dynamic_speed_CREEP_V1
  V1 mode=ACTIVE phase=TO_B gen=102 task=50 slot=28->62 s=3.278 speed=0.143 action=NOMINAL requested=NOMINAL blocker=-1 wait=0.000 reason=clear
  future_a1=none
---
tick=40410 sim_t=4041.000
  V0 mode=ACTIVE phase=TO_A1 gen=107 task=53 slot=64->-1 s=0.637 speed=0.050 action=CREEP requested=CREEP blocker=1 wait=7.100 reason=dynamic_speed_CREEP_V1
  V1 mode=ACTIVE phase=TO_B gen=102 task=50 slot=28->62 s=3.292 speed=0.143 action=NOMINAL requested=NOMINAL blocker=-1 wait=0.000 reason=clear
  future_a1=none
---
tick=40411 sim_t=4041.100
  V0 mode=ACTIVE phase=TO_A1 gen=107 task=53 slot=64->-1 s=0.642 speed=0.050 action=CREEP requested=CREEP blocker=1 wait=7.200 reason=dynamic_speed_CREEP_V1
  V1 mode=ACTIVE phase=TO_B gen=102 task=50 slot=28->62 s=3.306 speed=0.142 action=NOMINAL requested=NOMINAL blocker=-1 wait=0.000 reason=clear
  future_a1=none
---
tick=40412 sim_t=4041.200
  V0 mode=ACTIVE phase=TO_A1 gen=107 task=53 slot=64->-1 s=0.647 speed=0.050 action=CREEP requested=CREEP blocker=1 wait=7.300 reason=dynamic_speed_CREEP_V1
  V1 mode=ACTIVE phase=TO_B gen=102 task=50 slot=28->62 s=3.320 speed=0.142 action=NOMINAL requested=NOMINAL blocker=-1 wait=0.000 reason=clear
  future_a1=none
---
tick=40413 sim_t=4041.300
  V0 mode=ACTIVE phase=TO_A1 gen=107 task=53 slot=64->-1 s=0.652 speed=0.050 action=CREEP requested=CREEP blocker=1 wait=7.400 reason=dynamic_speed_CREEP_V1
  V1 mode=ACTIVE phase=TO_B gen=102 task=50 slot=28->62 s=3.335 speed=0.142 action=NOMINAL requested=NOMINAL blocker=-1 wait=0.000 reason=clear
  future_a1=none
---
tick=40414 sim_t=4041.400
  V0 mode=ACTIVE phase=TO_A1 gen=107 task=53 slot=64->-1 s=0.657 speed=0.050 action=CREEP requested=CREEP blocker=1 wait=7.500 reason=dynamic_speed_CREEP_V1
  V1 mode=ACTIVE phase=TO_B gen=102 task=50 slot=28->62 s=3.349 speed=0.142 action=NOMINAL requested=NOMINAL blocker=-1 wait=0.000 reason=clear
  future_a1=none
---
tick=40415 sim_t=4041.500
  V0 mode=ACTIVE phase=TO_A1 gen=107 task=53 slot=64->-1 s=0.662 speed=0.050 action=CREEP requested=CREEP blocker=1 wait=7.600 reason=dynamic_speed_CREEP_V1
  V1 mode=ACTIVE phase=TO_B gen=102 task=50 slot=28->62 s=3.363 speed=0.142 action=NOMINAL requested=NOMINAL blocker=-1 wait=0.000 reason=clear
  future_a1=none
---
tick=40416 sim_t=4041.600
  V0 mode=ACTIVE phase=TO_A1 gen=107 task=53 slot=64->-1 s=0.667 speed=0.050 action=CREEP requested=CREEP blocker=1 wait=7.700 reason=dynamic_speed_CREEP_V1
  V1 mode=ACTIVE phase=TO_B gen=102 task=50 slot=28->62 s=3.377 speed=0.142 action=NOMINAL requested=NOMINAL blocker=-1 wait=0.000 reason=clear
  future_a1=none
---
tick=40417 sim_t=4041.700
  V0 mode=ACTIVE phase=TO_A1 gen=107 task=53 slot=64->-1 s=0.672 speed=0.050 action=CREEP requested=CREEP blocker=1 wait=7.800 reason=dynamic_speed_CREEP_V1
  V1 mode=ACTIVE phase=TO_B gen=102 task=50 slot=28->62 s=3.392 speed=0.142 action=NOMINAL requested=NOMINAL blocker=-1 wait=0.000 reason=clear
  future_a1=none
---
tick=40418 sim_t=4041.800
  V0 mode=ACTIVE phase=TO_A1 gen=107 task=53 slot=64->-1 s=0.677 speed=0.050 action=CREEP requested=CREEP blocker=1 wait=7.900 reason=dynamic_speed_CREEP_V1
  V1 mode=ACTIVE phase=TO_B gen=102 task=50 slot=28->62 s=3.406 speed=0.142 action=NOMINAL requested=NOMINAL blocker=-1 wait=0.000 reason=clear
  future_a1=none
---
tick=40419 sim_t=4041.900
  V0 mode=ACTIVE phase=TO_A1 gen=107 task=53 slot=64->-1 s=0.682 speed=0.050 action=CREEP requested=CREEP blocker=1 wait=8.000 reason=dynamic_speed_CREEP_V1
  V1 mode=ACTIVE phase=TO_B gen=102 task=50 slot=28->62 s=3.420 speed=0.142 action=NOMINAL requested=NOMINAL blocker=-1 wait=0.000 reason=clear
  future_a1=none
---
tick=40420 sim_t=4042.000
  V0 mode=ACTIVE phase=TO_A1 gen=107 task=53 slot=64->-1 s=0.687 speed=0.050 action=CREEP requested=CREEP blocker=1 wait=8.100 reason=dynamic_speed_CREEP_V1
  V1 mode=ACTIVE phase=TO_B gen=102 task=50 slot=28->62 s=3.434 speed=0.143 action=NOMINAL requested=NOMINAL blocker=-1 wait=0.000 reason=clear
  future_a1=none
---
tick=40421 sim_t=4042.100
  V0 mode=ACTIVE phase=TO_A1 gen=107 task=53 slot=64->-1 s=0.692 speed=0.050 action=CREEP requested=CREEP blocker=1 wait=8.200 reason=dynamic_speed_CREEP_V1
  V1 mode=ACTIVE phase=TO_B gen=102 task=50 slot=28->62 s=3.449 speed=0.143 action=NOMINAL requested=NOMINAL blocker=-1 wait=0.000 reason=clear
  future_a1=none
---
tick=40422 sim_t=4042.200
  V0 mode=ACTIVE phase=TO_A1 gen=107 task=53 slot=64->-1 s=0.697 speed=0.050 action=CREEP requested=CREEP blocker=1 wait=8.300 reason=dynamic_speed_CREEP_V1
  V1 mode=ACTIVE phase=TO_B gen=102 task=50 slot=28->62 s=3.463 speed=0.144 action=NOMINAL requested=NOMINAL blocker=-1 wait=0.000 reason=clear
  future_a1=none
---
tick=40423 sim_t=4042.300
  V0 mode=ACTIVE phase=TO_A1 gen=107 task=53 slot=64->-1 s=0.702 speed=0.050 action=CREEP requested=CREEP blocker=1 wait=8.400 reason=dynamic_speed_CREEP_V1
  V1 mode=ACTIVE phase=TO_B gen=102 task=50 slot=28->62 s=3.478 speed=0.146 action=NOMINAL requested=NOMINAL blocker=-1 wait=0.000 reason=clear
  future_a1=none
---
tick=40424 sim_t=4042.400
  V0 mode=ACTIVE phase=TO_A1 gen=107 task=53 slot=64->-1 s=0.707 speed=0.050 action=CREEP requested=CREEP blocker=1 wait=8.500 reason=dynamic_speed_CREEP_V1
  V1 mode=ACTIVE phase=TO_B gen=102 task=50 slot=28->62 s=3.492 speed=0.149 action=NOMINAL requested=NOMINAL blocker=-1 wait=0.000 reason=clear
  future_a1=none
---
tick=40425 sim_t=4042.500
  V0 mode=ACTIVE phase=TO_A1 gen=107 task=53 slot=64->-1 s=0.712 speed=0.050 action=CREEP requested=CREEP blocker=1 wait=8.600 reason=dynamic_speed_CREEP_V1
  V1 mode=ACTIVE phase=TO_B gen=102 task=50 slot=28->62 s=3.508 speed=0.152 action=NOMINAL requested=NOMINAL blocker=-1 wait=0.000 reason=clear
  future_a1=none
---
tick=40426 sim_t=4042.600
  V0 mode=ACTIVE phase=TO_A1 gen=107 task=53 slot=64->-1 s=0.717 speed=0.050 action=CREEP requested=CREEP blocker=1 wait=8.700 reason=dynamic_speed_CREEP_V1
  V1 mode=ACTIVE phase=TO_B gen=102 task=50 slot=28->62 s=3.523 speed=0.156 action=NOMINAL requested=NOMINAL blocker=-1 wait=0.000 reason=clear
  future_a1=none
---
tick=40427 sim_t=4042.700
  V0 mode=ACTIVE phase=TO_A1 gen=107 task=53 slot=64->-1 s=0.722 speed=0.050 action=CREEP requested=CREEP blocker=1 wait=8.800 reason=dynamic_speed_CREEP_V1
  V1 mode=ACTIVE phase=TO_B gen=102 task=50 slot=28->62 s=3.539 speed=0.161 action=NOMINAL requested=NOMINAL blocker=-1 wait=0.000 reason=clear
  future_a1=none
---
tick=40428 sim_t=4042.800
  V0 mode=ACTIVE phase=TO_A1 gen=107 task=53 slot=64->-1 s=0.727 speed=0.050 action=CREEP requested=CREEP blocker=1 wait=8.900 reason=dynamic_speed_CREEP_V1
  V1 mode=ACTIVE phase=TO_B gen=102 task=50 slot=28->62 s=3.556 speed=0.167 action=NOMINAL requested=NOMINAL blocker=-1 wait=0.000 reason=clear
  future_a1=none
---
tick=40429 sim_t=4042.900
  V0 mode=ACTIVE phase=TO_A1 gen=107 task=53 slot=64->-1 s=0.732 speed=0.050 action=CREEP requested=CREEP blocker=1 wait=9.000 reason=dynamic_speed_CREEP_V1
  V1 mode=ACTIVE phase=TO_B gen=102 task=50 slot=28->62 s=3.573 speed=0.173 action=NOMINAL requested=NOMINAL blocker=-1 wait=0.000 reason=clear
  future_a1=none
---
tick=40430 sim_t=4043.000
  V0 mode=ACTIVE phase=TO_A1 gen=107 task=53 slot=64->-1 s=0.737 speed=0.050 action=CREEP requested=CREEP blocker=1 wait=9.100 reason=dynamic_speed_CREEP_V1
  V1 mode=ACTIVE phase=TO_B gen=102 task=50 slot=28->62 s=3.591 speed=0.180 action=NOMINAL requested=NOMINAL blocker=-1 wait=0.000 reason=clear
  future_a1=none
---
tick=40431 sim_t=4043.100
  V0 mode=ACTIVE phase=TO_A1 gen=107 task=53 slot=64->-1 s=0.742 speed=0.050 action=CREEP requested=CREEP blocker=1 wait=9.200 reason=dynamic_speed_CREEP_V1
  V1 mode=ACTIVE phase=TO_B gen=102 task=50 slot=28->62 s=3.610 speed=0.189 action=NOMINAL requested=NOMINAL blocker=-1 wait=0.000 reason=clear
  future_a1=none
---
tick=40432 sim_t=4043.200
  V0 mode=ACTIVE phase=TO_A1 gen=107 task=53 slot=64->-1 s=0.747 speed=0.050 action=CREEP requested=CREEP blocker=1 wait=9.300 reason=dynamic_speed_CREEP_V1
  V1 mode=ACTIVE phase=TO_B gen=102 task=50 slot=28->62 s=3.630 speed=0.200 action=NOMINAL requested=NOMINAL blocker=-1 wait=0.000 reason=clear
  future_a1=none
---
tick=40433 sim_t=4043.300
  V0 mode=ACTIVE phase=TO_A1 gen=107 task=53 slot=64->-1 s=0.752 speed=0.050 action=CREEP requested=CREEP blocker=1 wait=9.400 reason=dynamic_speed_CREEP_V1
  V1 mode=ACTIVE phase=TO_B gen=102 task=50 slot=28->62 s=3.650 speed=0.200 action=NOMINAL requested=NOMINAL blocker=-1 wait=0.000 reason=clear
  future_a1=none
---
tick=40434 sim_t=4043.400
  V0 mode=ACTIVE phase=TO_A1 gen=107 task=53 slot=64->-1 s=0.757 speed=0.050 action=CREEP requested=CREEP blocker=1 wait=9.500 reason=dynamic_speed_CREEP_V1
  V1 mode=ACTIVE phase=TO_B gen=102 task=50 slot=28->62 s=3.670 speed=0.200 action=NOMINAL requested=NOMINAL blocker=-1 wait=0.000 reason=clear
  future_a1=none
---
tick=40435 sim_t=4043.500
  V0 mode=ACTIVE phase=TO_A1 gen=107 task=53 slot=64->-1 s=0.762 speed=0.050 action=CREEP requested=CREEP blocker=1 wait=9.600 reason=dynamic_speed_CREEP_V1
  V1 mode=ACTIVE phase=TO_B gen=102 task=50 slot=28->62 s=3.690 speed=0.200 action=NOMINAL requested=NOMINAL blocker=-1 wait=0.000 reason=clear
  future_a1=none
---
tick=40436 sim_t=4043.600
  V0 mode=ACTIVE phase=TO_A1 gen=107 task=53 slot=64->-1 s=0.767 speed=0.050 action=CREEP requested=CREEP blocker=1 wait=9.700 reason=dynamic_speed_CREEP_V1
  V1 mode=ACTIVE phase=TO_B gen=102 task=50 slot=28->62 s=3.710 speed=0.200 action=NOMINAL requested=NOMINAL blocker=-1 wait=0.000 reason=clear
  future_a1=none
---
tick=40437 sim_t=4043.700
  V0 mode=ACTIVE phase=TO_A1 gen=107 task=53 slot=64->-1 s=0.772 speed=0.050 action=CREEP requested=CREEP blocker=1 wait=9.800 reason=dynamic_speed_CREEP_V1
  V1 mode=ACTIVE phase=TO_B gen=102 task=50 slot=28->62 s=3.730 speed=0.200 action=NOMINAL requested=NOMINAL blocker=-1 wait=0.000 reason=clear
  future_a1=none
---
tick=40438 sim_t=4043.800
  V0 mode=ACTIVE phase=TO_A1 gen=107 task=53 slot=64->-1 s=0.777 speed=0.050 action=CREEP requested=CREEP blocker=1 wait=9.900 reason=dynamic_speed_CREEP_V1
  V1 mode=ACTIVE phase=TO_B gen=102 task=50 slot=28->62 s=3.750 speed=0.200 action=NOMINAL requested=NOMINAL blocker=-1 wait=0.000 reason=clear
  future_a1=none
---
tick=40439 sim_t=4043.900
  V0 mode=ACTIVE phase=TO_A1 gen=107 task=53 slot=64->-1 s=0.782 speed=0.050 action=CREEP requested=CREEP blocker=1 wait=10.000 reason=dynamic_speed_CREEP_V1
  V1 mode=ACTIVE phase=TO_B gen=102 task=50 slot=28->62 s=3.770 speed=0.200 action=NOMINAL requested=NOMINAL blocker=-1 wait=0.000 reason=clear
  future_a1=none
---
tick=40440 sim_t=4044.000
  V0 mode=ACTIVE phase=TO_A1 gen=107 task=53 slot=64->-1 s=0.787 speed=0.050 action=CREEP requested=CREEP blocker=1 wait=10.100 reason=dynamic_speed_CREEP_V1
  V1 mode=ACTIVE phase=TO_B gen=102 task=50 slot=28->62 s=3.790 speed=0.200 action=NOMINAL requested=NOMINAL blocker=-1 wait=0.000 reason=clear
  future_a1=none
---
tick=40441 sim_t=4044.100
  V0 mode=ACTIVE phase=TO_A1 gen=107 task=53 slot=64->-1 s=0.792 speed=0.050 action=CREEP requested=CREEP blocker=1 wait=10.200 reason=dynamic_speed_CREEP_V1
  V1 mode=ACTIVE phase=TO_B gen=102 task=50 slot=28->62 s=3.810 speed=0.200 action=NOMINAL requested=NOMINAL blocker=-1 wait=0.000 reason=clear
  future_a1=none
---
tick=40442 sim_t=4044.200
  V0 mode=ACTIVE phase=TO_A1 gen=107 task=53 slot=64->-1 s=0.797 speed=0.050 action=CREEP requested=CREEP blocker=1 wait=10.300 reason=dynamic_speed_CREEP_V1
  V1 mode=ACTIVE phase=TO_B gen=102 task=50 slot=28->62 s=3.830 speed=0.200 action=NOMINAL requested=NOMINAL blocker=-1 wait=0.000 reason=clear
  future_a1=none
---
tick=40443 sim_t=4044.300
  V0 mode=ACTIVE phase=TO_A1 gen=107 task=53 slot=64->-1 s=0.802 speed=0.050 action=CREEP requested=CREEP blocker=1 wait=10.400 reason=dynamic_speed_CREEP_V1
  V1 mode=ACTIVE phase=TO_B gen=102 task=50 slot=28->62 s=3.850 speed=0.200 action=NOMINAL requested=NOMINAL blocker=-1 wait=0.000 reason=clear
  future_a1=none
---
tick=40444 sim_t=4044.400
  V0 mode=ACTIVE phase=TO_A1 gen=107 task=53 slot=64->-1 s=0.807 speed=0.050 action=CREEP requested=CREEP blocker=1 wait=10.500 reason=dynamic_speed_CREEP_V1
  V1 mode=ACTIVE phase=TO_B gen=102 task=50 slot=28->62 s=3.870 speed=0.200 action=NOMINAL requested=NOMINAL blocker=-1 wait=0.000 reason=clear
  future_a1=none
---
tick=40445 sim_t=4044.500
  V0 mode=ACTIVE phase=TO_A1 gen=107 task=53 slot=64->-1 s=0.812 speed=0.050 action=CREEP requested=CREEP blocker=1 wait=10.600 reason=dynamic_speed_CREEP_V1
  V1 mode=ACTIVE phase=TO_B gen=102 task=50 slot=28->62 s=3.890 speed=0.200 action=NOMINAL requested=NOMINAL blocker=-1 wait=0.000 reason=clear
  future_a1=none
---
tick=40446 sim_t=4044.600
  V0 mode=ACTIVE phase=TO_A1 gen=107 task=53 slot=64->-1 s=0.817 speed=0.050 action=CREEP requested=CREEP blocker=1 wait=10.700 reason=dynamic_speed_CREEP_V1
  V1 mode=ACTIVE phase=TO_B gen=102 task=50 slot=28->62 s=3.910 speed=0.200 action=NOMINAL requested=NOMINAL blocker=-1 wait=0.000 reason=clear
  future_a1=none
---
tick=40447 sim_t=4044.700
  V0 mode=ACTIVE phase=TO_A1 gen=107 task=53 slot=64->-1 s=0.822 speed=0.050 action=CREEP requested=CREEP blocker=1 wait=10.800 reason=dynamic_speed_CREEP_V1
  V1 mode=ACTIVE phase=TO_B gen=102 task=50 slot=28->62 s=3.930 speed=0.200 action=NOMINAL requested=NOMINAL blocker=-1 wait=0.000 reason=clear
  future_a1=none
---
tick=40448 sim_t=4044.800
  V0 mode=ACTIVE phase=TO_A1 gen=107 task=53 slot=64->-1 s=0.827 speed=0.050 action=CREEP requested=CREEP blocker=1 wait=10.900 reason=dynamic_speed_CREEP_V1
  V1 mode=ACTIVE phase=TO_B gen=102 task=50 slot=28->62 s=3.950 speed=0.200 action=NOMINAL requested=NOMINAL blocker=-1 wait=0.000 reason=clear
  future_a1=none
---
tick=40449 sim_t=4044.900
  V0 mode=ACTIVE phase=TO_A1 gen=107 task=53 slot=64->-1 s=0.832 speed=0.050 action=CREEP requested=CREEP blocker=1 wait=11.000 reason=dynamic_speed_CREEP_V1
  V1 mode=ACTIVE phase=TO_B gen=102 task=50 slot=28->62 s=3.970 speed=0.200 action=NOMINAL requested=NOMINAL blocker=-1 wait=0.000 reason=clear
  future_a1=none
---
tick=40450 sim_t=4045.000
  V0 mode=ACTIVE phase=TO_A1 gen=107 task=53 slot=64->-1 s=0.837 speed=0.050 action=CREEP requested=CREEP blocker=1 wait=11.100 reason=dynamic_speed_CREEP_V1
  V1 mode=ACTIVE phase=TO_B gen=102 task=50 slot=28->62 s=3.990 speed=0.200 action=NOMINAL requested=NOMINAL blocker=-1 wait=0.000 reason=clear
  future_a1=none
---
tick=40451 sim_t=4045.100
  V0 mode=ACTIVE phase=TO_A1 gen=107 task=53 slot=64->-1 s=0.842 speed=0.050 action=CREEP requested=CREEP blocker=1 wait=11.200 reason=dynamic_speed_CREEP_V1
  V1 mode=ACTIVE phase=TO_B gen=102 task=50 slot=28->62 s=4.010 speed=0.200 action=NOMINAL requested=NOMINAL blocker=-1 wait=0.000 reason=clear
  future_a1=none
---
tick=40452 sim_t=4045.200
  V0 mode=ACTIVE phase=TO_A1 gen=107 task=53 slot=64->-1 s=0.847 speed=0.050 action=CREEP requested=CREEP blocker=1 wait=11.300 reason=dynamic_speed_CREEP_V1
  V1 mode=ACTIVE phase=TO_B gen=102 task=50 slot=28->62 s=4.030 speed=0.200 action=NOMINAL requested=NOMINAL blocker=-1 wait=0.000 reason=clear
  future_a1=none
---
tick=40453 sim_t=4045.300
  V0 mode=ACTIVE phase=TO_A1 gen=107 task=53 slot=64->-1 s=0.852 speed=0.050 action=CREEP requested=CREEP blocker=1 wait=11.400 reason=dynamic_speed_CREEP_V1
  V1 mode=ACTIVE phase=TO_B gen=102 task=50 slot=28->62 s=4.050 speed=0.200 action=NOMINAL requested=NOMINAL blocker=-1 wait=0.000 reason=clear
  future_a1=none
---
tick=40454 sim_t=4045.400
  V0 mode=ACTIVE phase=TO_A1 gen=107 task=53 slot=64->-1 s=0.857 speed=0.050 action=CREEP requested=CREEP blocker=1 wait=11.500 reason=dynamic_speed_CREEP_V1
  V1 mode=ACTIVE phase=TO_B gen=102 task=50 slot=28->62 s=4.070 speed=0.200 action=NOMINAL requested=NOMINAL blocker=-1 wait=0.000 reason=clear
  future_a1=none
---
tick=40455 sim_t=4045.500
  V0 mode=ACTIVE phase=TO_A1 gen=107 task=53 slot=64->-1 s=0.862 speed=0.050 action=CREEP requested=CREEP blocker=1 wait=11.600 reason=dynamic_speed_CREEP_V1
  V1 mode=ACTIVE phase=TO_B gen=102 task=50 slot=28->62 s=4.090 speed=0.200 action=NOMINAL requested=NOMINAL blocker=-1 wait=0.000 reason=clear
  future_a1=none
---
tick=40456 sim_t=4045.600
  V0 mode=ACTIVE phase=TO_A1 gen=107 task=53 slot=64->-1 s=0.867 speed=0.050 action=CREEP requested=CREEP blocker=1 wait=11.700 reason=dynamic_speed_CREEP_V1
  V1 mode=ACTIVE phase=TO_B gen=102 task=50 slot=28->62 s=4.110 speed=0.200 action=NOMINAL requested=NOMINAL blocker=-1 wait=0.000 reason=clear
  future_a1=none
---
tick=40457 sim_t=4045.700
  V0 mode=ACTIVE phase=TO_A1 gen=107 task=53 slot=64->-1 s=0.872 speed=0.050 action=CREEP requested=CREEP blocker=1 wait=11.800 reason=dynamic_speed_CREEP_V1
  V1 mode=ACTIVE phase=TO_B gen=102 task=50 slot=28->62 s=4.130 speed=0.200 action=NOMINAL requested=NOMINAL blocker=-1 wait=0.000 reason=clear
  future_a1=none
---
tick=40458 sim_t=4045.800
  V0 mode=ACTIVE phase=TO_A1 gen=107 task=53 slot=64->-1 s=0.877 speed=0.050 action=CREEP requested=CREEP blocker=1 wait=11.900 reason=dynamic_speed_CREEP_V1
  V1 mode=ACTIVE phase=TO_B gen=102 task=50 slot=28->62 s=4.150 speed=0.200 action=NOMINAL requested=NOMINAL blocker=-1 wait=0.000 reason=clear
  future_a1=none
---
tick=40459 sim_t=4045.900
  V0 mode=ACTIVE phase=TO_A1 gen=107 task=53 slot=64->-1 s=0.882 speed=0.050 action=CREEP requested=CREEP blocker=1 wait=12.000 reason=dynamic_speed_CREEP_V1
  V1 mode=ACTIVE phase=TO_B gen=102 task=50 slot=28->62 s=4.170 speed=0.200 action=NOMINAL requested=NOMINAL blocker=-1 wait=0.000 reason=clear
  future_a1=none
---
tick=40460 sim_t=4046.000
  V0 mode=ACTIVE phase=TO_A1 gen=107 task=53 slot=64->-1 s=0.887 speed=0.050 action=CREEP requested=CREEP blocker=1 wait=12.100 reason=dynamic_speed_CREEP_V1
  V1 mode=ACTIVE phase=TO_B gen=102 task=50 slot=28->62 s=4.190 speed=0.200 action=NOMINAL requested=NOMINAL blocker=-1 wait=0.000 reason=clear
  future_a1=none
---
tick=40461 sim_t=4046.100
  V0 mode=ACTIVE phase=TO_A1 gen=107 task=53 slot=64->-1 s=0.892 speed=0.050 action=CREEP requested=CREEP blocker=1 wait=12.200 reason=dynamic_speed_CREEP_V1
  V1 mode=ACTIVE phase=TO_B gen=102 task=50 slot=28->62 s=4.210 speed=0.200 action=NOMINAL requested=NOMINAL blocker=-1 wait=0.000 reason=clear
  future_a1=none
---
tick=40462 sim_t=4046.200
  V0 mode=ACTIVE phase=TO_A1 gen=107 task=53 slot=64->-1 s=0.897 speed=0.050 action=CREEP requested=CREEP blocker=1 wait=12.300 reason=dynamic_speed_CREEP_V1
  V1 mode=ACTIVE phase=TO_B gen=102 task=50 slot=28->62 s=4.230 speed=0.200 action=NOMINAL requested=NOMINAL blocker=-1 wait=0.000 reason=clear
  future_a1=none
---
tick=40463 sim_t=4046.300
  V0 mode=ACTIVE phase=TO_A1 gen=107 task=53 slot=64->-1 s=0.902 speed=0.050 action=CREEP requested=CREEP blocker=1 wait=12.400 reason=dynamic_speed_CREEP_V1
  V1 mode=ACTIVE phase=TO_B gen=102 task=50 slot=28->62 s=4.250 speed=0.200 action=NOMINAL requested=NOMINAL blocker=-1 wait=0.000 reason=clear
  future_a1=none
---
tick=40464 sim_t=4046.400
  V0 mode=ACTIVE phase=TO_A1 gen=107 task=53 slot=64->-1 s=0.907 speed=0.050 action=CREEP requested=CREEP blocker=1 wait=12.500 reason=dynamic_speed_CREEP_V1
  V1 mode=ACTIVE phase=TO_B gen=102 task=50 slot=28->62 s=4.270 speed=0.200 action=NOMINAL requested=NOMINAL blocker=-1 wait=0.000 reason=clear
  future_a1=none
---
tick=40465 sim_t=4046.500
  V0 mode=ACTIVE phase=TO_A1 gen=107 task=53 slot=64->-1 s=0.912 speed=0.050 action=CREEP requested=CREEP blocker=1 wait=12.600 reason=dynamic_speed_CREEP_V1
  V1 mode=ACTIVE phase=TO_B gen=102 task=50 slot=28->62 s=4.290 speed=0.200 action=NOMINAL requested=NOMINAL blocker=-1 wait=0.000 reason=clear
  future_a1=none
---
tick=40466 sim_t=4046.600
  V0 mode=ACTIVE phase=TO_A1 gen=107 task=53 slot=64->-1 s=0.917 speed=0.050 action=CREEP requested=CREEP blocker=1 wait=12.700 reason=dynamic_speed_CREEP_V1
  V1 mode=ACTIVE phase=TO_B gen=102 task=50 slot=28->62 s=4.310 speed=0.200 action=NOMINAL requested=NOMINAL blocker=-1 wait=0.000 reason=clear
  future_a1=none
---
tick=40467 sim_t=4046.700
  V0 mode=ACTIVE phase=TO_A1 gen=107 task=53 slot=64->-1 s=0.922 speed=0.050 action=CREEP requested=CREEP blocker=1 wait=12.800 reason=dynamic_speed_CREEP_V1
  V1 mode=ACTIVE phase=TO_B gen=102 task=50 slot=28->62 s=4.330 speed=0.200 action=NOMINAL requested=NOMINAL blocker=-1 wait=0.000 reason=clear
  future_a1=none
---
tick=40468 sim_t=4046.800
  V0 mode=ACTIVE phase=TO_A1 gen=107 task=53 slot=64->-1 s=0.927 speed=0.050 action=CREEP requested=CREEP blocker=1 wait=12.900 reason=dynamic_speed_CREEP_V1
  V1 mode=ACTIVE phase=TO_B gen=102 task=50 slot=28->62 s=4.350 speed=0.200 action=NOMINAL requested=NOMINAL blocker=-1 wait=0.000 reason=clear
  future_a1=none
---
tick=40469 sim_t=4046.900
  V0 mode=ACTIVE phase=TO_A1 gen=107 task=53 slot=64->-1 s=0.932 speed=0.050 action=CREEP requested=CREEP blocker=1 wait=13.000 reason=dynamic_speed_CREEP_V1
  V1 mode=ACTIVE phase=TO_B gen=102 task=50 slot=28->62 s=4.370 speed=0.200 action=NOMINAL requested=NOMINAL blocker=-1 wait=0.000 reason=clear
  future_a1=none
---
tick=40470 sim_t=4047.000
  V0 mode=ACTIVE phase=TO_A1 gen=107 task=53 slot=64->-1 s=0.937 speed=0.050 action=CREEP requested=CREEP blocker=1 wait=13.100 reason=dynamic_speed_CREEP_V1
  V1 mode=ACTIVE phase=TO_B gen=102 task=50 slot=28->62 s=4.390 speed=0.200 action=NOMINAL requested=NOMINAL blocker=-1 wait=0.000 reason=clear
  future_a1=none
---
tick=40471 sim_t=4047.100
  V0 mode=ACTIVE phase=TO_A1 gen=107 task=53 slot=64->-1 s=0.942 speed=0.050 action=CREEP requested=CREEP blocker=1 wait=13.200 reason=dynamic_speed_CREEP_V1
  V1 mode=ACTIVE phase=TO_B gen=102 task=50 slot=28->62 s=4.410 speed=0.200 action=NOMINAL requested=NOMINAL blocker=-1 wait=0.000 reason=clear
  future_a1=none
---
tick=40472 sim_t=4047.200
  V0 mode=ACTIVE phase=TO_A1 gen=107 task=53 slot=64->-1 s=0.947 speed=0.050 action=CREEP requested=CREEP blocker=1 wait=13.300 reason=dynamic_speed_CREEP_V1
  V1 mode=ACTIVE phase=TO_B gen=102 task=50 slot=28->62 s=4.430 speed=0.200 action=NOMINAL requested=NOMINAL blocker=-1 wait=0.000 reason=clear
  future_a1=none
---
tick=40473 sim_t=4047.300
  V0 mode=ACTIVE phase=TO_A1 gen=107 task=53 slot=64->-1 s=0.952 speed=0.050 action=CREEP requested=CREEP blocker=1 wait=13.400 reason=dynamic_speed_CREEP_V1
  V1 mode=ACTIVE phase=TO_B gen=102 task=50 slot=28->62 s=4.450 speed=0.200 action=NOMINAL requested=NOMINAL blocker=-1 wait=0.000 reason=clear
  future_a1=none
---
tick=40474 sim_t=4047.400
  V0 mode=ACTIVE phase=TO_A1 gen=107 task=53 slot=64->-1 s=0.957 speed=0.050 action=CREEP requested=CREEP blocker=1 wait=13.500 reason=dynamic_speed_CREEP_V1
  V1 mode=ACTIVE phase=TO_B gen=102 task=50 slot=28->62 s=4.469 speed=0.192 action=NOMINAL requested=NOMINAL blocker=-1 wait=0.000 reason=clear
  future_a1=none
---
tick=40475 sim_t=4047.500
  V0 mode=ACTIVE phase=TO_A1 gen=107 task=53 slot=64->-1 s=0.962 speed=0.050 action=CREEP requested=CREEP blocker=1 wait=13.600 reason=dynamic_speed_CREEP_V1
  V1 mode=ACTIVE phase=TO_B gen=102 task=50 slot=28->62 s=4.486 speed=0.167 action=NOMINAL requested=NOMINAL blocker=-1 wait=0.000 reason=clear
  future_a1=none
---
tick=40476 sim_t=4047.600
  V0 mode=ACTIVE phase=TO_A1 gen=107 task=53 slot=64->-1 s=0.967 speed=0.050 action=CREEP requested=CREEP blocker=1 wait=13.700 reason=dynamic_speed_CREEP_V1
  V1 mode=ACTIVE phase=TO_B gen=102 task=50 slot=28->62 s=4.502 speed=0.157 action=NOMINAL requested=NOMINAL blocker=-1 wait=0.000 reason=clear
  future_a1=none
---
tick=40477 sim_t=4047.700
  V0 mode=ACTIVE phase=TO_A1 gen=107 task=53 slot=64->-1 s=0.972 speed=0.050 action=CREEP requested=CREEP blocker=1 wait=13.800 reason=dynamic_speed_CREEP_V1
  V1 mode=ACTIVE phase=TO_B gen=102 task=50 slot=28->62 s=4.517 speed=0.153 action=NOMINAL requested=NOMINAL blocker=-1 wait=0.000 reason=clear
  future_a1=none
---
tick=40478 sim_t=4047.800
  V0 mode=ACTIVE phase=TO_A1 gen=107 task=53 slot=64->-1 s=0.977 speed=0.050 action=CREEP requested=CREEP blocker=1 wait=13.900 reason=dynamic_speed_CREEP_V1
  V1 mode=ACTIVE phase=TO_B gen=102 task=50 slot=28->62 s=4.532 speed=0.152 action=NOMINAL requested=NOMINAL blocker=-1 wait=0.000 reason=clear
  future_a1=none
---
tick=40479 sim_t=4047.900
  V0 mode=ACTIVE phase=TO_A1 gen=107 task=53 slot=64->-1 s=0.982 speed=0.050 action=CREEP requested=CREEP blocker=1 wait=14.000 reason=dynamic_speed_CREEP_V1
  V1 mode=ACTIVE phase=TO_B gen=102 task=50 slot=28->62 s=4.548 speed=0.155 action=NOMINAL requested=NOMINAL blocker=-1 wait=0.000 reason=clear
  future_a1=none
---
tick=40480 sim_t=4048.000
  V0 mode=ACTIVE phase=TO_A1 gen=107 task=53 slot=64->-1 s=0.987 speed=0.050 action=CREEP requested=CREEP blocker=1 wait=14.100 reason=dynamic_speed_CREEP_V1
  V1 mode=ACTIVE phase=TO_B gen=102 task=50 slot=28->62 s=4.564 speed=0.160 action=NOMINAL requested=NOMINAL blocker=-1 wait=0.000 reason=clear
  future_a1=none
---
tick=40481 sim_t=4048.100
  V0 mode=ACTIVE phase=TO_A1 gen=107 task=53 slot=64->-1 s=0.992 speed=0.050 action=CREEP requested=CREEP blocker=1 wait=14.200 reason=dynamic_speed_CREEP_V1
  V1 mode=ACTIVE phase=TO_B gen=102 task=50 slot=28->62 s=4.581 speed=0.168 action=NOMINAL requested=NOMINAL blocker=-1 wait=0.000 reason=clear
  future_a1=none
---
tick=40482 sim_t=4048.200
  V0 mode=ACTIVE phase=TO_A1 gen=107 task=53 slot=64->-1 s=0.997 speed=0.050 action=CREEP requested=CREEP blocker=1 wait=14.300 reason=dynamic_speed_CREEP_V1
  V1 mode=ACTIVE phase=TO_B gen=102 task=50 slot=28->62 s=4.599 speed=0.181 action=NOMINAL requested=NOMINAL blocker=-1 wait=0.000 reason=clear
  future_a1=none
---
tick=40483 sim_t=4048.300
  V0 mode=ACTIVE phase=TO_A1 gen=107 task=53 slot=64->-1 s=1.002 speed=0.050 action=CREEP requested=CREEP blocker=1 wait=14.400 reason=dynamic_speed_CREEP_V1
  V1 mode=ACTIVE phase=TO_B gen=102 task=50 slot=28->62 s=4.619 speed=0.200 action=NOMINAL requested=NOMINAL blocker=-1 wait=0.000 reason=clear
  future_a1=none
---
tick=40484 sim_t=4048.400
  V0 mode=ACTIVE phase=TO_A1 gen=107 task=53 slot=64->-1 s=1.007 speed=0.050 action=CREEP requested=CREEP blocker=1 wait=14.500 reason=dynamic_speed_CREEP_V1
  V1 mode=ACTIVE phase=TO_B gen=102 task=50 slot=28->62 s=4.639 speed=0.200 action=NOMINAL requested=NOMINAL blocker=-1 wait=0.000 reason=clear
  future_a1=none
---
tick=40485 sim_t=4048.500
  V0 mode=ACTIVE phase=TO_A1 gen=107 task=53 slot=64->-1 s=1.012 speed=0.050 action=CREEP requested=CREEP blocker=1 wait=14.600 reason=dynamic_speed_CREEP_V1
  V1 mode=ACTIVE phase=TO_B gen=102 task=50 slot=28->62 s=4.659 speed=0.200 action=NOMINAL requested=NOMINAL blocker=-1 wait=0.000 reason=clear
  future_a1=none
---
tick=40486 sim_t=4048.600
  V0 mode=ACTIVE phase=TO_A1 gen=107 task=53 slot=64->-1 s=1.017 speed=0.050 action=CREEP requested=CREEP blocker=1 wait=14.700 reason=dynamic_speed_CREEP_V1
  V1 mode=ACTIVE phase=TO_B gen=102 task=50 slot=28->62 s=4.679 speed=0.200 action=NOMINAL requested=NOMINAL blocker=-1 wait=0.000 reason=clear
  future_a1=none
---
tick=40487 sim_t=4048.700
  V0 mode=ACTIVE phase=TO_A1 gen=107 task=53 slot=64->-1 s=1.022 speed=0.050 action=CREEP requested=CREEP blocker=1 wait=14.800 reason=dynamic_speed_CREEP_V1
  V1 mode=ACTIVE phase=TO_B gen=102 task=50 slot=28->62 s=4.699 speed=0.200 action=NOMINAL requested=NOMINAL blocker=-1 wait=0.000 reason=clear
  future_a1=none
---
tick=40488 sim_t=4048.800
  V0 mode=ACTIVE phase=TO_A1 gen=107 task=53 slot=64->-1 s=1.027 speed=0.050 action=CREEP requested=CREEP blocker=1 wait=14.900 reason=dynamic_speed_CREEP_V1
  V1 mode=ACTIVE phase=TO_B gen=102 task=50 slot=28->62 s=4.719 speed=0.200 action=NOMINAL requested=NOMINAL blocker=-1 wait=0.000 reason=clear
  future_a1=none
---
tick=40489 sim_t=4048.900
  V0 mode=ACTIVE phase=TO_A1 gen=107 task=53 slot=64->-1 s=1.032 speed=0.050 action=CREEP requested=CREEP blocker=1 wait=15.000 reason=dynamic_speed_CREEP_V1
  V1 mode=ACTIVE phase=TO_B gen=102 task=50 slot=28->62 s=4.739 speed=0.200 action=NOMINAL requested=NOMINAL blocker=-1 wait=0.000 reason=clear
  future_a1=none
---
tick=40490 sim_t=4049.000
  V0 mode=ACTIVE phase=TO_A1 gen=107 task=53 slot=64->-1 s=1.037 speed=0.050 action=CREEP requested=CREEP blocker=1 wait=15.100 reason=dynamic_speed_CREEP_V1
  V1 mode=ACTIVE phase=TO_B gen=102 task=50 slot=28->62 s=4.759 speed=0.200 action=NOMINAL requested=NOMINAL blocker=-1 wait=0.000 reason=clear
  future_a1=none
---
tick=40491 sim_t=4049.100
  V0 mode=ACTIVE phase=TO_A1 gen=107 task=53 slot=64->-1 s=1.042 speed=0.050 action=CREEP requested=CREEP blocker=1 wait=15.200 reason=dynamic_speed_CREEP_V1
  V1 mode=ACTIVE phase=TO_B gen=102 task=50 slot=28->62 s=4.778 speed=0.191 action=NOMINAL requested=NOMINAL blocker=-1 wait=0.000 reason=clear
  future_a1=none
---
tick=40492 sim_t=4049.200
  V0 mode=ACTIVE phase=TO_A1 gen=107 task=53 slot=64->-1 s=1.047 speed=0.050 action=CREEP requested=CREEP blocker=1 wait=15.300 reason=dynamic_speed_CREEP_V1
  V1 mode=ACTIVE phase=TO_B gen=102 task=50 slot=28->62 s=4.795 speed=0.173 action=NOMINAL requested=NOMINAL blocker=-1 wait=0.000 reason=clear
  future_a1=none
---
tick=40493 sim_t=4049.300
  V0 mode=ACTIVE phase=TO_A1 gen=107 task=53 slot=64->-1 s=1.052 speed=0.050 action=CREEP requested=CREEP blocker=1 wait=15.400 reason=dynamic_speed_CREEP_V1
  V1 mode=ACTIVE phase=TO_B gen=102 task=50 slot=28->62 s=4.811 speed=0.163 action=NOMINAL requested=NOMINAL blocker=-1 wait=0.000 reason=clear
  future_a1=none
---
tick=40494 sim_t=4049.400
  V0 mode=ACTIVE phase=TO_A1 gen=107 task=53 slot=64->-1 s=1.057 speed=0.050 action=CREEP requested=CREEP blocker=1 wait=15.500 reason=dynamic_speed_CREEP_V1
  V1 mode=ACTIVE phase=TO_B gen=102 task=50 slot=28->62 s=4.827 speed=0.156 action=NOMINAL requested=NOMINAL blocker=-1 wait=0.000 reason=clear
  future_a1=none
---
tick=40495 sim_t=4049.500
  V0 mode=ACTIVE phase=TO_A1 gen=107 task=53 slot=64->-1 s=1.062 speed=0.050 action=CREEP requested=CREEP blocker=1 wait=15.600 reason=dynamic_speed_CREEP_V1
  V1 mode=ACTIVE phase=TO_B gen=102 task=50 slot=28->62 s=4.842 speed=0.153 action=NOMINAL requested=NOMINAL blocker=-1 wait=0.000 reason=clear
  future_a1=none
---
tick=40496 sim_t=4049.600
  V0 mode=ACTIVE phase=TO_A1 gen=107 task=53 slot=64->-1 s=1.067 speed=0.050 action=CREEP requested=CREEP blocker=1 wait=15.700 reason=dynamic_speed_CREEP_V1
  V1 mode=ACTIVE phase=TO_B gen=102 task=50 slot=28->62 s=4.857 speed=0.152 action=NOMINAL requested=NOMINAL blocker=-1 wait=0.000 reason=clear
  future_a1=none
---
tick=40497 sim_t=4049.700
  V0 mode=ACTIVE phase=TO_A1 gen=107 task=53 slot=64->-1 s=1.072 speed=0.050 action=CREEP requested=CREEP blocker=1 wait=15.800 reason=dynamic_speed_CREEP_V1
  V1 mode=ACTIVE phase=TO_B gen=102 task=50 slot=28->62 s=4.873 speed=0.155 action=NOMINAL requested=NOMINAL blocker=-1 wait=0.000 reason=clear
  future_a1=none
---
tick=40498 sim_t=4049.800
  V0 mode=ACTIVE phase=TO_A1 gen=107 task=53 slot=64->-1 s=1.077 speed=0.050 action=CREEP requested=CREEP blocker=1 wait=15.900 reason=dynamic_speed_CREEP_V1
  V1 mode=ACTIVE phase=TO_B gen=102 task=50 slot=28->62 s=4.889 speed=0.162 action=NOMINAL requested=NOMINAL blocker=-1 wait=0.000 reason=clear
  future_a1=none
---
tick=40499 sim_t=4049.900
  V0 mode=ACTIVE phase=TO_A1 gen=107 task=53 slot=64->-1 s=1.082 speed=0.050 action=CREEP requested=CREEP blocker=1 wait=16.000 reason=dynamic_speed_CREEP_V1
  V1 mode=ACTIVE phase=TO_B gen=102 task=50 slot=28->62 s=4.907 speed=0.177 action=NOMINAL requested=NOMINAL blocker=-1 wait=0.000 reason=clear
  future_a1=none
---
tick=40500 sim_t=4050.000
  V0 mode=ACTIVE phase=TO_A1 gen=107 task=53 slot=64->-1 s=1.084 speed=0.020 action=STOP requested=STOP blocker=1 wait=16.100 reason=dynamic_speed_STOP_V1
  V1 mode=ACTIVE phase=TO_B gen=102 task=50 slot=28->62 s=4.927 speed=0.197 action=NOMINAL requested=NOMINAL blocker=-1 wait=0.000 reason=clear
  future_a1=none
---
tick=40501 sim_t=4050.100
  V0 mode=ACTIVE phase=TO_A1 gen=107 task=53 slot=64->-1 s=1.084 speed=0.000 action=STOP requested=STOP blocker=1 wait=16.200 reason=dynamic_speed_STOP_V1
  V1 mode=ACTIVE phase=TO_B gen=102 task=50 slot=28->62 s=4.947 speed=0.200 action=NOMINAL requested=NOMINAL blocker=-1 wait=0.000 reason=clear
  future_a1=none
---
tick=40502 sim_t=4050.200
  V0 mode=ACTIVE phase=TO_A1 gen=107 task=53 slot=64->-1 s=1.084 speed=0.000 action=STOP requested=STOP blocker=1 wait=16.300 reason=dynamic_speed_STOP_V1
  V1 mode=ACTIVE phase=TO_B gen=102 task=50 slot=28->62 s=4.967 speed=0.200 action=NOMINAL requested=NOMINAL blocker=-1 wait=0.000 reason=clear
  future_a1=none
---
tick=40503 sim_t=4050.300
  V0 mode=ACTIVE phase=TO_A1 gen=107 task=53 slot=64->-1 s=1.084 speed=0.000 action=STOP requested=STOP blocker=1 wait=16.400 reason=dynamic_speed_STOP_V1
  V1 mode=ACTIVE phase=TO_B gen=102 task=50 slot=28->62 s=4.987 speed=0.200 action=NOMINAL requested=NOMINAL blocker=-1 wait=0.000 reason=clear
  future_a1=none
---
tick=40504 sim_t=4050.400
  V0 mode=ACTIVE phase=TO_A1 gen=107 task=53 slot=64->-1 s=1.084 speed=0.000 action=STOP requested=STOP blocker=1 wait=16.500 reason=dynamic_speed_STOP_V1
  V1 mode=ACTIVE phase=TO_B gen=102 task=50 slot=28->62 s=5.007 speed=0.200 action=NOMINAL requested=NOMINAL blocker=-1 wait=0.000 reason=clear
  future_a1=none
---
tick=40505 sim_t=4050.500
  V0 mode=ACTIVE phase=TO_A1 gen=107 task=53 slot=64->-1 s=1.084 speed=0.000 action=STOP requested=STOP blocker=1 wait=16.600 reason=dynamic_speed_STOP_V1
  V1 mode=ACTIVE phase=TO_B gen=102 task=50 slot=28->62 s=5.027 speed=0.200 action=NOMINAL requested=NOMINAL blocker=-1 wait=0.000 reason=clear
  future_a1=none
---
tick=40506 sim_t=4050.600
  V0 mode=ACTIVE phase=TO_A1 gen=107 task=53 slot=64->-1 s=1.084 speed=0.000 action=STOP requested=STOP blocker=1 wait=16.700 reason=dynamic_speed_STOP_V1
  V1 mode=ACTIVE phase=TO_B gen=102 task=50 slot=28->62 s=5.047 speed=0.200 action=NOMINAL requested=NOMINAL blocker=-1 wait=0.000 reason=clear
  future_a1=none
---
tick=40507 sim_t=4050.700
  V0 mode=ACTIVE phase=TO_A1 gen=107 task=53 slot=64->-1 s=1.084 speed=0.000 action=STOP requested=STOP blocker=1 wait=16.800 reason=dynamic_speed_STOP_V1
  V1 mode=ACTIVE phase=TO_B gen=102 task=50 slot=28->62 s=5.067 speed=0.200 action=NOMINAL requested=NOMINAL blocker=-1 wait=0.000 reason=clear
  future_a1=none
---
tick=40508 sim_t=4050.800
  V0 mode=ACTIVE phase=TO_A1 gen=107 task=53 slot=64->-1 s=1.084 speed=0.000 action=STOP requested=STOP blocker=1 wait=16.900 reason=dynamic_speed_STOP_V1
  V1 mode=ACTIVE phase=TO_B gen=102 task=50 slot=28->62 s=5.087 speed=0.200 action=NOMINAL requested=NOMINAL blocker=-1 wait=0.000 reason=clear
  future_a1=none
---
tick=40509 sim_t=4050.900
  V0 mode=ACTIVE phase=TO_A1 gen=107 task=53 slot=64->-1 s=1.084 speed=0.000 action=STOP requested=STOP blocker=1 wait=17.000 reason=dynamic_speed_STOP_V1
  V1 mode=ACTIVE phase=TO_B gen=102 task=50 slot=28->62 s=5.107 speed=0.200 action=NOMINAL requested=NOMINAL blocker=-1 wait=0.000 reason=clear
  future_a1=none
---
tick=40510 sim_t=4051.000
  V0 mode=ACTIVE phase=TO_A1 gen=107 task=53 slot=64->-1 s=1.084 speed=0.000 action=STOP requested=STOP blocker=1 wait=17.100 reason=dynamic_speed_STOP_V1
  V1 mode=ACTIVE phase=TO_B gen=102 task=50 slot=28->62 s=5.127 speed=0.200 action=NOMINAL requested=NOMINAL blocker=-1 wait=0.000 reason=clear
  future_a1=none
---
tick=40511 sim_t=4051.100
  V0 mode=ACTIVE phase=TO_A1 gen=107 task=53 slot=64->-1 s=1.084 speed=0.000 action=STOP requested=STOP blocker=1 wait=17.200 reason=dynamic_speed_STOP_V1
  V1 mode=ACTIVE phase=TO_B gen=102 task=50 slot=28->62 s=5.147 speed=0.200 action=NOMINAL requested=NOMINAL blocker=-1 wait=0.000 reason=clear
  future_a1=none
---
tick=40512 sim_t=4051.200
  V0 mode=ACTIVE phase=TO_A1 gen=107 task=53 slot=64->-1 s=1.084 speed=0.000 action=STOP requested=STOP blocker=1 wait=17.300 reason=dynamic_speed_STOP_V1
  V1 mode=ACTIVE phase=TO_B gen=102 task=50 slot=28->62 s=5.167 speed=0.200 action=NOMINAL requested=NOMINAL blocker=-1 wait=0.000 reason=clear
  future_a1=none
---
tick=40513 sim_t=4051.300
  V0 mode=ACTIVE phase=TO_A1 gen=107 task=53 slot=64->-1 s=1.084 speed=0.000 action=STOP requested=STOP blocker=1 wait=17.400 reason=dynamic_speed_STOP_V1
  V1 mode=ACTIVE phase=TO_B gen=102 task=50 slot=28->62 s=5.187 speed=0.200 action=NOMINAL requested=NOMINAL blocker=-1 wait=0.000 reason=clear
  future_a1=none
---
tick=40514 sim_t=4051.400
  V0 mode=ACTIVE phase=TO_A1 gen=107 task=53 slot=64->-1 s=1.084 speed=0.000 action=STOP requested=STOP blocker=1 wait=17.500 reason=dynamic_speed_STOP_V1
  V1 mode=ACTIVE phase=TO_B gen=102 task=50 slot=28->62 s=5.206 speed=0.195 action=NOMINAL requested=NOMINAL blocker=-1 wait=0.000 reason=clear
  future_a1=none
---
tick=40515 sim_t=4051.500
  V0 mode=ACTIVE phase=TO_A1 gen=107 task=53 slot=64->-1 s=1.084 speed=0.000 action=STOP requested=STOP blocker=1 wait=17.600 reason=dynamic_speed_STOP_V1
  V1 mode=ACTIVE phase=TO_B gen=102 task=50 slot=28->62 s=5.225 speed=0.185 action=NOMINAL requested=NOMINAL blocker=-1 wait=0.000 reason=clear
  future_a1=none
---
tick=40516 sim_t=4051.600
  V0 mode=ACTIVE phase=TO_A1 gen=107 task=53 slot=64->-1 s=1.084 speed=0.000 action=STOP requested=STOP blocker=1 wait=17.700 reason=dynamic_speed_STOP_V1
  V1 mode=ACTIVE phase=TO_B gen=102 task=50 slot=28->62 s=5.242 speed=0.177 action=NOMINAL requested=NOMINAL blocker=-1 wait=0.000 reason=clear
  future_a1=none
---
tick=40517 sim_t=4051.700
  V0 mode=ACTIVE phase=TO_A1 gen=107 task=53 slot=64->-1 s=1.084 speed=0.000 action=STOP requested=STOP blocker=1 wait=17.800 reason=dynamic_speed_STOP_V1
  V1 mode=ACTIVE phase=TO_B gen=102 task=50 slot=28->62 s=5.259 speed=0.169 action=NOMINAL requested=NOMINAL blocker=-1 wait=0.000 reason=clear
  future_a1=none
---
tick=40518 sim_t=4051.800
  V0 mode=ACTIVE phase=TO_A1 gen=107 task=53 slot=64->-1 s=1.084 speed=0.000 action=STOP requested=STOP blocker=1 wait=17.900 reason=dynamic_speed_STOP_V1
  V1 mode=ACTIVE phase=TO_B gen=102 task=50 slot=28->62 s=5.276 speed=0.163 action=NOMINAL requested=NOMINAL blocker=-1 wait=0.000 reason=clear
  future_a1=none
---
tick=40519 sim_t=4051.900
  V0 mode=ACTIVE phase=TO_A1 gen=107 task=53 slot=64->-1 s=1.084 speed=0.000 action=STOP requested=STOP blocker=1 wait=18.000 reason=dynamic_speed_STOP_V1
  V1 mode=ACTIVE phase=TO_B gen=102 task=50 slot=28->62 s=5.291 speed=0.158 action=NOMINAL requested=NOMINAL blocker=-1 wait=0.000 reason=clear
  future_a1=none
---
tick=40520 sim_t=4052.000
  V0 mode=ACTIVE phase=TO_A1 gen=107 task=53 slot=64->-1 s=1.086 speed=0.020 action=CREEP requested=NOMINAL blocker=-1 wait=18.100 reason=clear
  V1 mode=ACTIVE phase=TO_B gen=102 task=50 slot=28->62 s=5.307 speed=0.154 action=NOMINAL requested=NOMINAL blocker=-1 wait=0.000 reason=clear
  future_a1=none
---
tick=40521 sim_t=4052.100
  V0 mode=ACTIVE phase=TO_A1 gen=107 task=53 slot=64->-1 s=1.090 speed=0.040 action=CREEP requested=NOMINAL blocker=-1 wait=18.200 reason=action_hold
  V1 mode=ACTIVE phase=TO_B gen=102 task=50 slot=28->62 s=5.322 speed=0.150 action=NOMINAL requested=NOMINAL blocker=-1 wait=0.000 reason=clear
  future_a1=none
---
tick=40522 sim_t=4052.200
  V0 mode=ACTIVE phase=TO_A1 gen=107 task=53 slot=64->-1 s=1.095 speed=0.050 action=CREEP requested=NOMINAL blocker=-1 wait=18.300 reason=action_hold
  V1 mode=ACTIVE phase=TO_B gen=102 task=50 slot=28->62 s=5.336 speed=0.147 action=NOMINAL requested=NOMINAL blocker=-1 wait=0.000 reason=clear
  future_a1=none
---
tick=40523 sim_t=4052.300
  V0 mode=ACTIVE phase=TO_A1 gen=107 task=53 slot=64->-1 s=1.100 speed=0.050 action=CREEP requested=NOMINAL blocker=-1 wait=18.400 reason=action_hold
  V1 mode=ACTIVE phase=TO_B gen=102 task=50 slot=28->62 s=5.351 speed=0.144 action=NOMINAL requested=NOMINAL blocker=-1 wait=0.000 reason=clear
  future_a1=none
---
tick=40524 sim_t=4052.400
  V0 mode=ACTIVE phase=TO_A1 gen=107 task=53 slot=64->-1 s=1.105 speed=0.050 action=CREEP requested=NOMINAL blocker=-1 wait=18.500 reason=action_hold
  V1 mode=ACTIVE phase=TO_B gen=102 task=50 slot=28->62 s=5.365 speed=0.143 action=NOMINAL requested=NOMINAL blocker=-1 wait=0.000 reason=clear
  future_a1=none
---
tick=40525 sim_t=4052.500
  V0 mode=ACTIVE phase=TO_A1 gen=107 task=53 slot=64->-1 s=1.112 speed=0.070 action=NOMINAL requested=NOMINAL blocker=-1 wait=0.000 reason=clear
  V1 mode=ACTIVE phase=TO_B gen=102 task=50 slot=28->62 s=5.379 speed=0.143 action=NOMINAL requested=NOMINAL blocker=-1 wait=0.000 reason=clear
  future_a1=none
---
tick=40526 sim_t=4052.600
  V0 mode=ACTIVE phase=TO_A1 gen=107 task=53 slot=64->-1 s=1.121 speed=0.090 action=NOMINAL requested=NOMINAL blocker=-1 wait=0.000 reason=clear
  V1 mode=ACTIVE phase=TO_B gen=102 task=50 slot=28->62 s=5.394 speed=0.142 action=NOMINAL requested=NOMINAL blocker=-1 wait=0.000 reason=clear
  future_a1=none
---
tick=40527 sim_t=4052.700
  V0 mode=ACTIVE phase=TO_A1 gen=107 task=53 slot=64->-1 s=1.132 speed=0.110 action=NOMINAL requested=NOMINAL blocker=-1 wait=0.000 reason=clear
  V1 mode=ACTIVE phase=TO_B gen=102 task=50 slot=28->62 s=5.408 speed=0.142 action=NOMINAL requested=NOMINAL blocker=-1 wait=0.000 reason=clear
  future_a1=none
---
tick=40528 sim_t=4052.800
  V0 mode=ACTIVE phase=TO_A1 gen=107 task=53 slot=64->-1 s=1.145 speed=0.130 action=NOMINAL requested=NOMINAL blocker=-1 wait=0.000 reason=clear
  V1 mode=ACTIVE phase=TO_B gen=102 task=50 slot=28->62 s=5.422 speed=0.142 action=NOMINAL requested=NOMINAL blocker=-1 wait=0.000 reason=clear
  future_a1=none
---
tick=40529 sim_t=4052.900
  V0 mode=ACTIVE phase=TO_A1 gen=107 task=53 slot=64->-1 s=1.160 speed=0.150 action=NOMINAL requested=NOMINAL blocker=-1 wait=0.000 reason=clear
  V1 mode=ACTIVE phase=TO_B gen=102 task=50 slot=28->62 s=5.436 speed=0.142 action=NOMINAL requested=NOMINAL blocker=-1 wait=0.000 reason=clear
  future_a1=none
---
tick=40530 sim_t=4053.000
  V0 mode=ACTIVE phase=TO_A1 gen=107 task=53 slot=64->-1 s=1.177 speed=0.170 action=NOMINAL requested=NOMINAL blocker=-1 wait=0.000 reason=clear
  V1 mode=ACTIVE phase=TO_B gen=102 task=50 slot=28->62 s=5.451 speed=0.142 action=NOMINAL requested=NOMINAL blocker=-1 wait=0.000 reason=clear
  future_a1=none
---
tick=40531 sim_t=4053.100
  V0 mode=ACTIVE phase=TO_A1 gen=107 task=53 slot=64->-1 s=1.196 speed=0.190 action=NOMINAL requested=NOMINAL blocker=-1 wait=0.000 reason=clear
  V1 mode=ACTIVE phase=TO_B gen=102 task=50 slot=28->62 s=5.465 speed=0.142 action=NOMINAL requested=NOMINAL blocker=-1 wait=0.000 reason=clear
  future_a1=none
---
tick=40532 sim_t=4053.200
  V0 mode=ACTIVE phase=TO_A1 gen=107 task=53 slot=64->-1 s=1.216 speed=0.200 action=NOMINAL requested=NOMINAL blocker=-1 wait=0.000 reason=clear
  V1 mode=ACTIVE phase=TO_B gen=102 task=50 slot=28->62 s=5.479 speed=0.142 action=NOMINAL requested=NOMINAL blocker=-1 wait=0.000 reason=clear
  future_a1=none
---
tick=40533 sim_t=4053.300
  V0 mode=ACTIVE phase=TO_A1 gen=107 task=53 slot=64->-1 s=1.236 speed=0.200 action=NOMINAL requested=NOMINAL blocker=-1 wait=0.000 reason=clear
  V1 mode=ACTIVE phase=TO_B gen=102 task=50 slot=28->62 s=5.493 speed=0.142 action=NOMINAL requested=NOMINAL blocker=-1 wait=0.000 reason=clear
  future_a1=none
---
tick=40534 sim_t=4053.400
  V0 mode=ACTIVE phase=TO_A1 gen=107 task=53 slot=64->-1 s=1.256 speed=0.200 action=NOMINAL requested=NOMINAL blocker=-1 wait=0.000 reason=clear
  V1 mode=ACTIVE phase=TO_B gen=102 task=50 slot=28->62 s=5.508 speed=0.142 action=NOMINAL requested=NOMINAL blocker=-1 wait=0.000 reason=clear
  future_a1=none
---
tick=40535 sim_t=4053.500
  V0 mode=ACTIVE phase=TO_A1 gen=107 task=53 slot=64->-1 s=1.276 speed=0.200 action=NOMINAL requested=NOMINAL blocker=-1 wait=0.000 reason=clear
  V1 mode=ACTIVE phase=TO_B gen=102 task=50 slot=28->62 s=5.522 speed=0.142 action=NOMINAL requested=NOMINAL blocker=-1 wait=0.000 reason=clear
  future_a1=none
---
tick=40536 sim_t=4053.600
  V0 mode=ACTIVE phase=TO_A1 gen=107 task=53 slot=64->-1 s=1.296 speed=0.200 action=NOMINAL requested=NOMINAL blocker=-1 wait=0.000 reason=clear
  V1 mode=ACTIVE phase=TO_B gen=102 task=50 slot=28->62 s=5.536 speed=0.143 action=NOMINAL requested=NOMINAL blocker=-1 wait=0.000 reason=clear
  future_a1=none
---
tick=40537 sim_t=4053.700
  V0 mode=ACTIVE phase=TO_A1 gen=107 task=53 slot=64->-1 s=1.316 speed=0.200 action=NOMINAL requested=NOMINAL blocker=-1 wait=0.000 reason=clear
  V1 mode=ACTIVE phase=TO_B gen=102 task=50 slot=28->62 s=5.550 speed=0.143 action=NOMINAL requested=NOMINAL blocker=-1 wait=0.000 reason=clear
  future_a1=none
---
tick=40538 sim_t=4053.800
  V0 mode=ACTIVE phase=TO_A1 gen=107 task=53 slot=64->-1 s=1.336 speed=0.200 action=NOMINAL requested=NOMINAL blocker=-1 wait=0.000 reason=clear
  V1 mode=ACTIVE phase=TO_B gen=102 task=50 slot=28->62 s=5.565 speed=0.145 action=NOMINAL requested=NOMINAL blocker=-1 wait=0.000 reason=clear
  future_a1=none
---
tick=40539 sim_t=4053.900
  V0 mode=ACTIVE phase=TO_A1 gen=107 task=53 slot=64->-1 s=1.356 speed=0.200 action=NOMINAL requested=NOMINAL blocker=-1 wait=0.000 reason=clear
  V1 mode=ACTIVE phase=TO_B gen=102 task=50 slot=28->62 s=5.580 speed=0.147 action=NOMINAL requested=NOMINAL blocker=-1 wait=0.000 reason=clear
  future_a1=none
---
tick=40540 sim_t=4054.000
  V0 mode=ACTIVE phase=TO_A1 gen=107 task=53 slot=64->-1 s=1.376 speed=0.200 action=NOMINAL requested=NOMINAL blocker=-1 wait=0.000 reason=clear
  V1 mode=ACTIVE phase=TO_B gen=102 task=50 slot=28->62 s=5.591 speed=0.117 action=STOP requested=STOP blocker=0 wait=0.100 reason=dynamic_speed_STOP_V1
  future_a1=none
---
tick=40541 sim_t=4054.100
  V0 mode=ACTIVE phase=TO_A1 gen=107 task=53 slot=64->-1 s=1.396 speed=0.200 action=NOMINAL requested=NOMINAL blocker=-1 wait=0.000 reason=clear
  V1 mode=ACTIVE phase=TO_B gen=102 task=50 slot=28->62 s=5.600 speed=0.087 action=STOP requested=STOP blocker=0 wait=0.200 reason=dynamic_speed_STOP_V1
  future_a1=none
---
tick=40542 sim_t=4054.200
  V0 mode=ACTIVE phase=TO_A1 gen=107 task=53 slot=64->-1 s=1.416 speed=0.200 action=NOMINAL requested=NOMINAL blocker=-1 wait=0.000 reason=clear
  V1 mode=ACTIVE phase=TO_B gen=102 task=50 slot=28->62 s=5.606 speed=0.057 action=STOP requested=STOP blocker=0 wait=0.300 reason=dynamic_speed_STOP_V1
  future_a1=none
---
tick=40543 sim_t=4054.300
  V0 mode=ACTIVE phase=TO_A1 gen=107 task=53 slot=64->-1 s=1.436 speed=0.200 action=NOMINAL requested=NOMINAL blocker=-1 wait=0.000 reason=clear
  V1 mode=ACTIVE phase=TO_B gen=102 task=50 slot=28->62 s=5.608 speed=0.027 action=STOP requested=STOP blocker=0 wait=0.400 reason=dynamic_speed_STOP_V1
  future_a1=none
---
tick=40544 sim_t=4054.400
  V0 mode=ACTIVE phase=TO_A1 gen=107 task=53 slot=64->-1 s=1.456 speed=0.200 action=NOMINAL requested=NOMINAL blocker=-1 wait=0.000 reason=clear
  V1 mode=ACTIVE phase=TO_B gen=102 task=50 slot=28->62 s=5.608 speed=0.000 action=STOP requested=STOP blocker=0 wait=0.500 reason=dynamic_speed_STOP_V1
  future_a1=none
---
tick=40545 sim_t=4054.500
  V0 mode=ACTIVE phase=TO_A1 gen=107 task=53 slot=64->-1 s=1.476 speed=0.200 action=NOMINAL requested=NOMINAL blocker=-1 wait=0.000 reason=clear
  V1 mode=ACTIVE phase=TO_B gen=102 task=50 slot=28->62 s=5.608 speed=0.000 action=STOP requested=STOP blocker=0 wait=0.600 reason=dynamic_speed_STOP_V1
  future_a1=none
---
tick=40546 sim_t=4054.600
  V0 mode=ACTIVE phase=TO_A1 gen=107 task=53 slot=64->-1 s=1.496 speed=0.200 action=NOMINAL requested=NOMINAL blocker=-1 wait=0.000 reason=clear
  V1 mode=ACTIVE phase=TO_B gen=102 task=50 slot=28->62 s=5.608 speed=0.000 action=STOP requested=STOP blocker=0 wait=0.700 reason=dynamic_speed_STOP_V1
  future_a1=none
---
tick=40547 sim_t=4054.700
  V0 mode=ACTIVE phase=TO_A1 gen=107 task=53 slot=64->-1 s=1.516 speed=0.200 action=NOMINAL requested=NOMINAL blocker=-1 wait=0.000 reason=clear
  V1 mode=ACTIVE phase=TO_B gen=102 task=50 slot=28->62 s=5.608 speed=0.000 action=STOP requested=STOP blocker=0 wait=0.800 reason=dynamic_speed_STOP_V1
  future_a1=none
---
tick=40548 sim_t=4054.800
  V0 mode=ACTIVE phase=TO_A1 gen=107 task=53 slot=64->-1 s=1.536 speed=0.200 action=NOMINAL requested=NOMINAL blocker=-1 wait=0.000 reason=clear
  V1 mode=ACTIVE phase=TO_B gen=102 task=50 slot=28->62 s=5.608 speed=0.000 action=STOP requested=STOP blocker=0 wait=0.900 reason=dynamic_speed_STOP_V1
  future_a1=none
---
tick=40549 sim_t=4054.900
  V0 mode=ACTIVE phase=TO_A1 gen=107 task=53 slot=64->-1 s=1.556 speed=0.200 action=NOMINAL requested=NOMINAL blocker=-1 wait=0.000 reason=clear
  V1 mode=ACTIVE phase=TO_B gen=102 task=50 slot=28->62 s=5.608 speed=0.000 action=STOP requested=STOP blocker=0 wait=1.000 reason=dynamic_speed_STOP_V1
  future_a1=none
---
tick=40550 sim_t=4055.000
  V0 mode=ACTIVE phase=TO_A1 gen=107 task=53 slot=64->-1 s=1.556 speed=0.000 action=STOP requested=STOP blocker=1 wait=0.100 reason=hard_collision_guard
  V1 mode=ACTIVE phase=TO_B gen=102 task=50 slot=28->62 s=5.608 speed=0.000 action=STOP requested=STOP blocker=-1 wait=1.100 reason=hard_collision_guard
  future_a1=none
---
===== FAILURE GEOMETRY =====
tick=40550 sim_t=4055.000
  V0 mode=ACTIVE phase=TO_A1 gen=107 task=53 slot=64->-1 s=1.556 speed=0.000 action=STOP requested=STOP blocker=1 wait=0.100 reason=hard_collision_guard
  V1 mode=ACTIVE phase=TO_B gen=102 task=50 slot=28->62 s=5.608 speed=0.000 action=STOP requested=STOP blocker=-1 wait=1.100 reason=hard_collision_guard
  future_a1=none
  zone=POTENTIAL pair=V0/V1 raw=0 active=0 a=[0.350,2.250] b=[6.275,8.250] holder=-1 waiter=-1
  zone=POTENTIAL pair=V0/V1 raw=1 active=1 a=[1.350,4.875] b=[2.525,5.825] holder=-1 waiter=-1
