[33m[WARN] [1788847461.333540202]: [multi_patrol] coordination log: /mnt/d/desktop/叉车/src/forklift_planner/logs/EXP-20260908-120MIN-SEEDS-2024-2026/seed2025_coord.log[0m
[33m[WARN] [1788847461.803851602]: [batch] 无头快速回归模式:将狂跑 72000 拍(≈120 仿真分钟),不发 marker、不按实时。[0m
[33m[WARN] [1788847461.804222260]: [multi_patrol][A1 EXIT PREPARED] V0 target=B9 pickup_dwell=5.00s exit_len=2.555 priority_until_s=0.756 horizon_refresh=IMMEDIATE[0m
[33m[WARN] [1788847461.804777060]: [multi_patrol][A1 EXIT PREPARED] V1 target=B35 pickup_dwell=5.00s exit_len=7.330 priority_until_s=0.758 horizon_refresh=IMMEDIATE[0m
[0m[INFO] [1788847461.334710569]: [multi_patrol][TASK RNG] mode=REPRODUCIBLE_PSEUDO seed=2025[0m
[0m[INFO] [1788847461.482371318]: [multi_patrol] A1 leg catalog loaded: /mnt/d/desktop/叉车/src/forklift_planner/config/a1_cycle_path_catalog.yaml slots=66 B->A1 ok=66 arc=42, A1->B ok=66 arc=2[0m
[0m[INFO] [1788847461.624558408]: [multi_patrol] task cache built: slots=66 pairs=4356 valid=4290 same=66 empty=0 curvature=0 boundary=0 shelf=0 kink=0 valid_target_rows=[650,325,325,650,650,520,520,650][0m
[0m[INFO] [1788847461.801947170]: [spin-check] 0 valid paths have mid-path heading jumps >52deg (0 jump points). worst=0deg at -->-[0m
[0m[INFO] [1788847461.802098987]: [multi_patrol][A1] V0 pickup leg: B38 -> A1  wpts=320 len=3.368[0m
[0m[INFO] [1788847461.802116145]: [multi_patrol][A1] V1 pickup leg: B20 -> A1  wpts=304 len=3.391[0m
[0m[INFO] [1788847461.802123880]: [multi_patrol][A1] initial pickup legs assigned: 2/2[0m
[0m[INFO] [1788847461.802133042]: [res_map] resources built: 152[0m
[0m[INFO] [1788847461.802179322]: [res_map] V0 uses SLOT_DOCK_16 s=[2.800,2.880] (len=3.368)[0m
[0m[INFO] [1788847461.802210940]: [res_map] V0 uses SLOT_DOCK_18 s=[2.580,2.780] (len=3.368)[0m
[0m[INFO] [1788847461.802219369]: [res_map] V0 uses SLOT_DOCK_19 s=[1.040,1.100] (len=3.368)[0m
[0m[INFO] [1788847461.802224311]: [res_map] V0 uses SLOT_BODY_38 s=[0.000,0.040] (len=3.368)[0m
[0m[INFO] [1788847461.802228637]: [res_map] V0 uses SLOT_DOCK_38 s=[0.000,0.300] (len=3.368)[0m
[0m[INFO] [1788847461.802232828]: [res_map] V0 uses NARROW_top_gap s=[3.320,3.368] (len=3.368)[0m
[0m[INFO] [1788847461.802237606]: [res_map] V0 uses LANE_C2_lo s=[0.040,0.380] (len=3.368)[0m
[0m[INFO] [1788847461.802244080]: [res_map] V0 uses LANE_C2_hi s=[0.380,1.600] (len=3.368)[0m
[0m[INFO] [1788847461.802247924]: [res_map] V0 uses LANE_C1_lo s=[2.100,3.000] (len=3.368)[0m
[0m[INFO] [1788847461.802252317]: [res_map] V0 uses LANE_C1_hi s=[3.000,3.320] (len=3.368)[0m
[0m[INFO] [1788847461.802256671]: [res_map] V0 uses XING_C1_x1250 s=[2.840,3.320] (len=3.368)[0m
[0m[INFO] [1788847461.802260524]: [res_map] V0 uses XING_C2_x2009 s=[0.520,1.600] (len=3.368)[0m
[0m[INFO] [1788847461.802269070]: [res_map] V0 uses XING_C1_x2009 s=[2.100,2.460] (len=3.368)[0m
[0m[INFO] [1788847461.802308857]: [res_map] V1 uses SLOT_DOCK_10 s=[2.420,2.600] (len=3.391)[0m
[0m[INFO] [1788847461.802335956]: [res_map] V1 uses SLOT_DOCK_11 s=[0.840,0.900] (len=3.391)[0m
[0m[INFO] [1788847461.802343817]: [res_map] V1 uses SLOT_DOCK_12 s=[2.640,2.840] (len=3.391)[0m
[0m[INFO] [1788847461.802348191]: [res_map] V1 uses SLOT_DOCK_14 s=[2.860,2.900] (len=3.391)[0m
[0m[INFO] [1788847461.802352430]: [res_map] V1 uses SLOT_BODY_20 s=[0.000,0.040] (len=3.391)[0m
[0m[INFO] [1788847461.802356543]: [res_map] V1 uses SLOT_DOCK_20 s=[0.000,0.300] (len=3.391)[0m
[0m[INFO] [1788847461.802362584]: [res_map] V1 uses NARROW_top_gap s=[3.340,3.391] (len=3.391)[0m
[0m[INFO] [1788847461.802366582]: [res_map] V1 uses LANE_C2_lo s=[0.040,0.380] (len=3.391)[0m
[0m[INFO] [1788847461.802370657]: [res_map] V1 uses LANE_C2_hi s=[0.380,1.460] (len=3.391)[0m
[0m[INFO] [1788847461.802374443]: [res_map] V1 uses LANE_C1_lo s=[1.940,3.020] (len=3.391)[0m
[0m[INFO] [1788847461.802378335]: [res_map] V1 uses LANE_C1_hi s=[3.020,3.340] (len=3.391)[0m
[0m[INFO] [1788847461.802382198]: [res_map] V1 uses XING_C1_x1250 s=[2.880,3.340] (len=3.391)[0m
[0m[INFO] [1788847461.802386302]: [res_map] V1 uses XING_C2_x290 s=[0.040,1.460] (len=3.391)[0m
[0m[INFO] [1788847461.802410058]: [res_map] V1 uses XING_C1_x290 s=[1.940,2.280] (len=3.391)[0m
[0m[INFO] [1788847461.828560249]: [sim_plan] built plan=1 start=0.10 horizon=15.00 frames=150 commit_frames=20[0m
[0m[INFO] [1788847461.850677226]: [sim_plan] built plan=2 start=2.10 horizon=15.00 frames=150 commit_frames=20[0m
[0m[INFO] [1788847461.878983500]: [sim_plan] built plan=3 start=4.10 horizon=15.00 frames=150 commit_frames=20[0m
[0m[INFO] [1788847461.907496910]: [sim_plan] built plan=4 start=6.10 horizon=15.00 frames=150 c[33m[WARN] [1788847462.388856946]: [multi_patrol][A1 EXIT HORIZON] V0 target=B9 dwell_part=4.90s departure_window=10.10s total_horizon=15.00s[0m
[33m[WARN] [1788847462.432599928]: [multi_patrol][A1 EXIT HORIZON] V0 target=B9 dwell_part=2.90s departure_window=12.10s total_horizon=15.00s[0m
[33m[WARN] [1788847462.472782961]: [multi_patrol][A1 EXIT HORIZON] V0 target=B9 dwell_part=0.90s departure_window=14.10s total_horizon=15.00s[0m
[31m[ERROR] [1788847462.573944977]: [FIRST-WEDGE] @tick=330 sim_t=33.0s 最久=V1 wait=25.0s —— 回放前 80 拍历史 + 卡死车几何 ===[0m
[33m[WARN] [1788847462.574174124]: [WHIST]
tick=251
  V0 mode=2 act=0 reason=not_active blk=-1 task=0 slot=38->-1 s=3.368/3.368 rem=0.000 spd=0.000 wait=0.0 gen=1
  V1 mode=1 act=0 reason=a1_stop_ttc_STOP_V0 blk=0 task=0 slot=20->-1 s=2.073/3.391 rem=1.319 spd=0.000 wait=17.1 gen=1[0m
[33m[WARN] [1788847462.574410920]: [WHIST]
tick=252
  V0 mode=2 act=0 reason=not_active blk=-1 task=0 slot=38->-1 s=3.368/3.368 rem=0.000 spd=0.000 wait=0.0 gen=1
  V1 mode=1 act=0 reason=a1_stop_ttc_STOP_V0 blk=0 task=0 slot=20->-1 s=2.073/3.391 rem=1.319 spd=0.000 wait=17.2 gen=1[0m
[33m[WARN] [1788847462.574681252]: [WHIST]
tick=253
  V0 mode=2 act=0 reason=not_active blk=-1 task=0 slot=38->-1 s=3.368/3.368 rem=0.000 spd=0.000 wait=0.0 gen=1
  V1 mode=1 act=0 reason=a1_stop_ttc_STOP_V0 blk=0 task=0 slot=20->-1 s=2.073/3.391 rem=1.319 spd=0.000 wait=17.3 gen=1[0m
[33m[WARN] [1788847462.574945019]: [WHIST]
tick=254
  V0 mode=2 act=0 reason=not_active blk=-1 task=0 slot=38->-1 s=3.368/3.368 rem=0.000 spd=0.000 wait=0.0 gen=1
  V1 mode=1 act=0 reason=a1_stop_ttc_STOP_V0 blk=0 task=0 slot=20->-1 s=2.073/3.391 rem=1.319 spd=0.000 wait=17.4 gen=1[0m
[33m[WARN] [1788847462.575225044]: [WHIST]
tick=255
  V0 mode=2 act=0 reason=not_active blk=-1 task=0 slot=38->-1 s=3.368/3.368 rem=0.000 spd=0.000 wait=0.0 gen=1
  V1 mode=1 act=0 reason=a1_stop_ttc_STOP_V0 blk=0 task=0 slot=20->-1 s=2.073/3.391 rem=1.319 spd=0.000 wait=17.5 gen=1[0m
[33m[WARN] [1788847462.575534725]: [WHIST]
tick=256
  V0 mode=2 act=0 reason=not_active blk=-1 task=0 slot=38->-1 s=3.368/3.368 rem=0.000 spd=0.000 wait=0.0 gen=1
  V1 mode=1 act=0 reason=a1_stop_ttc_STOP_V0 blk=0 task=0 slot=20->-1 s=2.073/3.391 rem=1.319 spd=0.000 wait=17.6 gen=1[0m
[33m[WARN] [1788847462.575778544]: [WHIST]
tick=257
  V0 mode=2 act=0 reason=not_active blk=-1 task=0 slot=38->-1 s=3.368/3.368 rem=0.000 spd=0.000 wait=0.0 gen=1
  V1 mode=1 act=0 reason=a1_stop_ttc_STOP_V0 blk=0 task=0 slot=20->-1 s=2.073/3.391 rem=1.319 spd=0.000 wait=17.7 gen=1[0m
[33m[WARN] [1788847462.576046344]: [WHIST]
tick=258
  V0 mode=2 act=0 reason=not_active blk=-1 task=0 slot=38->-1 s=3.368/3.368 rem=0.000 spd=0.000 wait=0.0 gen=1
  V1 mode=1 act=0 reason=a1_stop_ttc_STOP_V0 blk=0 task=0 slot=20->-1 s=2.073/3.391 rem=1.319 spd=0.000 wait=17.8 gen=1[0m
[33m[WARN] [1788847462.576305919]: [WHIST]
tick=259
  V0 mode=2 act=0 reason=not_active blk=-1 task=0 slot=38->-1 s=3.368/3.368 rem=0.000 spd=0.000 wait=0.0 gen=1
  V1 mode=1 act=0 reason=a1_stop_ttc_STOP_V0 blk=0 task=0 slot=20->-1 s=2.073/3.391 rem=1.319 spd=0.000 wait=17.9 gen=1[0m
[33m[WARN] [1788847462.576593123]: [WHIST]
tick=260
  V0 mode=2 act=0 reason=not_active blk=-1 task=0 slot=38->-1 s=3.368/3.368 rem=0.000 spd=0.000 wait=0.0 gen=1
  V1 mode=1 act=0 reason=a1_stop_ttc_STOP_V0 blk=0 task=0 slot=20->-1 s=2.073/3.391 rem=1.319 spd=0.000 wait=18.0 gen=1[0m
[33m[WARN] [1788847462.576893462]: [WHIST]
tick=261
  V0 mode=1 act=3 reason=clear blk=-1 task=0 slot=38->9 s=0.002/2.555 rem=2.553 spd=0.020 wait=0.0 gen=2
  V1 mode=1 act=0 reason=a1_stop_ttc_STOP_V0 blk=0 task=0 slot=20->-1 s=2.073/3.391 rem=1.319 spd=0.000 wait=18.1 gen=1[0m
[33m[WARN] [1788847462.577129641]: [WHIST]
tick=262
  V0 mode=1 act=3 reason=clear blk=-1 task=0 slot=38->9 s=0.006/2.555 rem=2.549 spd=0.040 wait=0.0 gen=2
  V1 mode=1 act=0 reason=a1_stop_ttc_STOP_V0 blk=0 task=0 slot=20->-1 s=2.073/3.391 rem=1.319 spd=0.000 wait=18.2 gen=1[0m
[33m[WARN] [1788847462.577416378]: [WHIST]
tick=263
  V0 mode=1 act=3 reason=clear blk=-1 task=0 slot=38->9 s=0.012/2.555 rem=2.543 spd=0.060 wait=0.0 gen=2
  V1 mode=1 act=0 reason=a1_stop_ttc_STOP_V0 blk=0 task=0 slot=20->-1 s=2.073/3.391 rem=1.319 spd=0.000 wait=18.3 gen=1[0m
[33m[WARN] [1788847462.577717361]: [WHIST]
tick=264
  V0 mode=1 act=3 reason=clear blk=-1 task=0 slot=38->9 s=0.020/2.555 rem=2.535 spd=0.080 wait=0.0 gen=2
  V1 mode=1 act=0 reason=a1_stop_ttc_STOP_V0 blk=0 task=0 slot=20->-1 s=2.073/3.391 rem=1.319 spd=0.000 wait=18.4 gen=1[0m
[33m[WARN] [1788847462.577990968]: [WHIST]
tick=265
  V0 mode=1 act=3 reason=clear blk=-1 task=0 slot=38->9 s=0.030/2.555 rem=2.525 spd=0.100 wait=0.0 gen=2
  V1 mode=1 act=0 reason=a1_stop_ttc_STOP_V0 blk=0 task=0 slot=20->-1 s=2.073/3.391 rem=1.319 spd=0.000 wait=18.5 gen=1[0m
[33m[WARN] [1788847462.578207628]: [WHIST]
tick=266
  V0 mode=1 act=3 reason=clear blk=-1 task=0 slot=38->9 s=0.042/2.555 rem=2.513 spd=0.120 wait=0.0 gen=2
  V1 mode=1 act=0 reason=a1_stop_ttc_STOP_V0 blk=0 task=0 slot=20->-1 s=2.073/3.391 rem=1.319 spd=0.000 wait=18.6 gen=1[0m
[33m[WARN] [1788847462.578515214]: [WHIST]
tick=267
  V0 mode=1 act=3 reason=clear blk=-1 task=0 slot=38->9 s=0.056/2.555 rem=2.499 spd=0.140 wait=0.0 gen=2
  V1 mode=1 act=0 reason=a1_stop_ttc_STOP_V0 blk=0 task=0 slot=20->-1 s=2.073/3.391 rem=1.319 spd=0.000 wait=18.7 gen=1[0m
[33m[WARN] [1788847462.578758107]: [WHIST]
tick=268
  V0 mode=1 act=3 reason=clear blk=-1 task=0 slot=38->9 s=0.072/2.555 rem=2.483 spd=0.160 wait=0.0 gen=2
  V1 mode=1 act=0 reason=a1_stop_ttc_STOP_V0 blk=0 task=0 slot=20->-1 s=2.073/3.391 rem=1.319 spd=0.000 wait=18.8 gen=1[0m
[33m[WARN] [1788847462.578999248]: [WHIST]
tick=269
  V0 mode=1 act=3 reason=clear blk=-1 task=0 slot=38->9 s=0.090/2.555 rem=2.465 spd=0.180 wait=0.0 gen=2
  V1 mode=1 act=0 reason=a1_stop_ttc_STOP_V0 blk=0 task=0 slot=20->-1 s=2.073/3.391 rem=1.319 spd=0.000 wait=18.9 gen=1[0m
[33m[WARN] [1788847462.579328382]: [WHIST]
tick=270
  V0 mode=1 act=3 reason=clear blk=-1 task=0 slot=38->9 s=0.110/2.555 rem=2.445 spd=0.200 wait=0.0 gen=2
  V1 mode=1 act=0 reason=a1_stop_ttc_STOP_V0 blk=0 task=0 slot=20->-1 s=2.073/3.391 rem=1.319 spd=0.000 wait=19.0 gen=1[0m
[33m[WARN] [1788847462.579648747]: [WHIST]
tick=271
  V0 mode=1 act=3 reason=clear blk=-1 task=0 slot=38->9 s=0.130/2.555 rem=2.425 spd=0.200 wait=0.0 gen=2
  V1 mode=1 act=0 reason=a1_stop_ttc_STOP_V0 blk=0 task=0 slot=20->-1 s=2.073/3.391 rem=1.319 spd=0.000 wait=19.1 gen=1[0m
[33m[WARN] [1788847462.579856122]: [WHIST]
tick=272
  V0 mode=1 act=3 reason=clear blk=-1 task=0 slot=38->9 s=0.150/2.555 rem=2.405 spd=0.200 wait=0.0 gen=2
  V1 mode=1 act=0 reason=a1_stop_ttc_STOP_V0 blk=0 task=0 slot=20->-1 s=2.073/3.391 rem=1.319 spd=0.000 wait=19.2 gen=1[0m
[33m[WARN] [1788847462.580123071]: [WHIST]
tick=273
  V0 mode=1 act=3 reason=clear blk=-1 task=0 slot=38->9 s=0.170/2.555 rem=2.385 spd=0.200 wait=0.0 gen=2
  V1 mode=1 act=0 reason=a1_stop_ttc_STOP_V0 blk=0 task=0 slot=20->-1 s=2.073/3.391 rem=1.319 spd=0.000 wait=19.3 gen=1[0m
[33m[WARN] [1788847462.580360001]: [WHIST]
tick=274
  V0 mode=1 act=3 reason=clear blk=-1 task=0 slot=38->9 s=0.190/2.555 rem=2.365 spd=0.200 wait=0.0 gen=2
  V1 mode=1 act=0 reason=a1_stop_ttc_STOP_V0 blk=0 task=0 slot=20->-1 s=2.073/3.391 rem=1.319 spd=0.000 wait=19.4 gen=1[0m
[33m[WARN] [1788847462.580637064]: [WHIST]
tick=275
  V0 mode=1 act=3 reason=clear blk=-1 task=0 slot=38->9 s=0.207/2.555 rem=2.348 spd=0.170 wait=0.0 gen=2
  V1 mode=1 act=0 reason=a1_stop_ttc_STOP_V0 blk=0 task=0 slot=20->-1 s=2.073/3.391 rem=1.319 spd=0.000 wait=19.5 gen=1[0m
[33m[WARN] [1788847462.580897637]: [WHIST]
tick=276
  V0 mode=1 act=3 reason=clear blk=-1 task=0 slot=38->9 s=0.222/2.555 rem=2.334 spd=0.146 wait=0.0 gen=2
  V1 mode=1 act=0 reason=a1_stop_ttc_STOP_V0 blk=0 task=0 slot=20->-1 s=2.073/3.391 rem=1.319 spd=0.000 wait=19.6 gen=1[0m
[33m[WARN] [1788847462.581154644]: [WHIST]
tick=277
  V0 mode=1 act=3 reason=clear blk=-1 task=0 slot=38->9 s=0.236/2.555 rem=2.319 spd=0.142 wait=0.0 gen=2
  V1 mode=1 act=0 reason=a1_stop_ttc_STOP_V0 blk=0 task=0 slot=20->-1 s=2.073/3.391 rem=1.319 spd=0.000 wait=19.7 gen=1[0m
[33m[WARN] [1788847462.581410489]: [WHIST]
tick=278
  V0 mode=1 act=3 reason=clear blk=-1 task=0 slot=38->9 s=0.250/2.555 rem=2.305 spd=0.142 wait=0.0 gen=2
  V1 mode=1 act=0 reason=a1_stop_ttc_STOP_V0 blk=0 task=0 slot=20->-1 s=2.073/3.391 rem=1.319 spd=0.000 wait=19.8 gen=1[0m
[33m[WARN] [1788847462.581666166]: [WHIST]
tick=279
  V0 mode=1 act=3 reason=clear blk=-1 task=0 slot=38->9 s=0.264/2.555 rem=2.291 spd=0.142 wait=0.0 gen=2
  V1 mode=1 act=0 reason=a1_stop_ttc_STOP_V0 blk=0 task=0 slot=20->-1 s=2.073/3.391 rem=1.319 spd=0.000 wait=19.9 gen=1[0m
[33m[WARN] [1788847462.581880458]: [WHIST]
tick=280
  V0 mode=1 act=3 reason=clear blk=-1 task=0 slot=38->9 s=0.279/2.555 rem=2.277 spd=0.142 wait=0.0 gen=2
  V1 mode=1 act=0 reason=a1_stop_ttc_STOP_V0 blk=0 task=0 slot=20->-1 s=2.073/3.391 rem=1.319 spd=0.000 wait=20.0 gen=1[0m
[33m[WARN] [1788847462.582145796]: [WHIST]
tick=281
  V0 mode=1 act=3 reason=clear blk=-1 task=0 slot=38->9 s=0.293/2.555 rem=2.262 spd=0.142 wait=0.0 gen=2
  V1 mode=1 act=0 reason=a1_stop_ttc_STOP_V0 blk=0 task=0 slot=20->-1 s=2.073/3.391 rem=1.319 spd=0.000 wait=20.1 gen=1[0m
[33m[WARN] [1788847462.582387485]: [WHIST]
tick=282
  V0 mode=1 act=3 reason=clear blk=-1 task=0 slot=38->9 s=0.307/2.555 rem=2.248 spd=0.142 wait=0.0 gen=2
  V1 mode=1 act=0 reason=a1_stop_ttc_STOP_V0 blk=0 task=0 slot=20->-1 s=2.073/3.391 rem=1.319 spd=0.000 wait=20.2 gen=1[0m
[33m[WARN] [1788847462.582621218]: [WHIST]
tick=283
  V0 mode=1 act=3 reason=clear blk=-1 task=0 slot=38->9 s=0.321/2.555 rem=2.234 spd=0.142 wait=0.0 gen=2
  V1 mode=1 act=0 reason=a1_stop_ttc_STOP_V0 blk=0 task=0 slot=20->-1 s=2.073/3.391 rem=1.319 spd=0.000 wait=20.3 gen=1[0m
[33m[WARN] [1788847462.582859345]: [WHIST]
tick=284
  V0 mode=1 act=3 reason=clear blk=-1 task=0 slot=38->9 s=0.336/2.555 rem=2.220 spd=0.142 wait=0.0 gen=2
  V1 mode=1 act=0 reason=a1_stop_ttc_STOP_V0 blk=0 task=0 slot=20->-1 s=2.073/3.391 rem=1.319 spd=0.000 wait=20.4 gen=1[0m
[33m[WARN] [1788847462.583092650]: [WHIST]
tick=285
  V0 mode=1 act=3 reason=clear blk=-1 task=0 slot=38->9 s=0.350/2.555 rem=2.205 spd=0.142 wait=0.0 gen=2
  V1 mode=1 act=0 reason=a1_stop_ttc_STOP_V0 blk=0 task=0 slot=20->-1 s=2.073/3.391 rem=1.319 spd=0.000 wait=20.5 gen=1[0m
[33m[WARN] [1788847462.583364426]: [WHIST]
tick=286
  V0 mode=1 act=3 reason=clear blk=-1 task=0 slot=38->9 s=0.364/2.555 rem=2.191 spd=0.142 wait=0.0 gen=2
  V1 mode=1 act=0 reason=a1_stop_ttc_STOP_V0 blk=0 task=0 slot=20->-1 s=2.073/3.391 rem=1.319 spd=0.000 wait=20.6 gen=1[0m
[33m[WARN] [1788847462.583583797]: [WHIST]
tick=287
  V0 mode=1 act=3 reason=clear blk=-1 task=0 slot=38->9 s=0.378/2.555 rem=2.177 spd=0.142 wait=0.0 gen=2
  V1 mode=1 act=0 reason=a1_stop_ttc_STOP_V0 blk=0 task=0 slot=20->-1 s=2.073/3.391 rem=1.319 spd=0.000 wait=20.7 gen=1[0m
[33m[WARN] [1788847462.583830194]: [WHIST]
tick=288
  V0 mode=1 act=3 reason=clear blk=-1 task=0 slot=38->9 s=0.393/2.555 rem=2.163 spd=0.142 wait=0.0 gen=2
  V1 mode=1 act=0 reason=a1_stop_ttc_STOP_V0 blk=0 task=0 slot=20->-1 s=2.073/3.391 rem=1.319 spd=0.000 wait=20.8 gen=1[0m
[33m[WARN] [1788847462.583995479]: [WHIST]
tick=289
  V0 mode=1 act=3 reason=clear blk=-1 task=0 slot=38->9 s=0.407/2.555 rem=2.148 spd=0.142 wait=0.0 gen=2
  V1 mode=1 act=0 reason=a1_stop_ttc_STOP_V0 blk=0 task=0 slot=20->-1 s=2.073/3.391 rem=1.319 spd=0.000 wait=20.9 gen=1[0m
[33m[WARN] [1788847462.584268952]: [WHIST]
tick=290
  V0 mode=1 act=3 reason=clear blk=-1 task=0 slot=38->9 s=0.421/2.555 rem=2.134 spd=0.142 wait=0.0 gen=2
  V1 mode=1 act=0 reason=a1_stop_ttc_STOP_V0 blk=0 task=0 slot=20->-1 s=2.073/3.391 rem=1.319 spd=0.000 wait=21.0 gen=1[0m
[33m[WARN] [1788847462.584510026]: [WHIST]
tick=291
  V0 mode=1 act=3 reason=clear blk=-1 task=0 slot=38->9 s=0.435/2.555 rem=2.120 spd=0.142 wait=0.0 gen=2
  V1 mode=1 act=0 reason=a1_stop_ttc_STOP_V0 blk=0 task=0 slot=20->-1 s=2.073/3.391 rem=1.319 spd=0.000 wait=21.1 gen=1[0m
[33m[WARN] [1788847462.584754672]: [WHIST]
tick=292
  V0 mode=1 act=3 reason=clear blk=-1 task=0 slot=38->9 s=0.450/2.555 rem=2.106 spd=0.142 wait=0.0 gen=2
  V1 mode=1 act=0 reason=a1_stop_ttc_STOP_V0 blk=0 task=0 slot=20->-1 s=2.073/3.391 rem=1.319 spd=0.000 wait=21.2 gen=1[0m
[33m[WARN] [1788847462.584994493]: [WHIST]
tick=293
  V0 mode=1 act=3 reason=clear blk=-1 task=0 slot=38->9 s=0.464/2.555 rem=2.091 spd=0.142 wait=0.0 gen=2
  V1 mode=1 act=0 reason=a1_stop_ttc_STOP_V0 blk=0 task=0 slot=20->-1 s=2.073/3.391 rem=1.319 spd=0.000 wait=21.3 gen=1[0m
[33m[WARN] [1788847462.585228829]: [WHIST]
tick=294
  V0 mode=1 act=3 reason=clear blk=-1 task=0 slot=38->9 s=0.478/2.555 rem=2.077 spd=0.142 wait=0.0 gen=2
  V1 mode=1 act=0 reason=a1_stop_ttc_STOP_V0 blk=0 task=0 slot=20->-1 s=2.073/3.391 rem=1.319 spd=0.000 wait=21.4 gen=1[0m
[33m[WARN] [1788847462.585519347]: [WHIST]
tick=295
  V0 mode=1 act=3 reason=clear blk=-1 task=0 slot=38->9 s=0.492/2.555 rem=2.063 spd=0.142 wait=0.0 gen=2
  V1 mode=1 act=0 reason=a1_stop_ttc_STOP_V0 blk=0 task=0 slot=20->-1 s=2.073/3.391 rem=1.319 spd=0.000 wait=21.5 gen=1[0m
[33m[WARN] [1788847462.585758445]: [WHIST]
tick=296
  V0 mode=1 act=3 reason=clear blk=-1 task=0 slot=38->9 s=0.507/2.555 rem=2.049 spd=0.142 wait=0.0 gen=2
  V1 mode=1 act=0 reason=a1_stop_ttc_STOP_V0 blk=0 task=0 slot=20->-1 s=2.073/3.391 rem=1.319 spd=0.000 wait=21.6 gen=1[0m
[33m[WARN] [1788847462.586046806]: [WHIST]
tick=297
  V0 mode=1 act=3 reason=clear blk=-1 task=0 slot=38->9 s=0.521/2.555 rem=2.034 spd=0.142 wait=0.0 gen=2
  V1 mode=1 act=0 reason=a1_stop_ttc_STOP_V0 blk=0 task=0 slot=20->-1 s=2.073/3.391 rem=1.319 spd=0.000 wait=21.7 gen=1[0m
[33m[WARN] [1788847462.586323274]: [WHIST]
tick=298
  V0 mode=1 act=3 reason=clear blk=-1 task=0 slot=38->9 s=0.535/2.555 rem=2.020 spd=0.142 wait=0.0 gen=2
  V1 mode=1 act=0 reason=a1_stop_ttc_STOP_V0 blk=0 task=0 slot=20->-1 s=2.073/3.391 rem=1.319 spd=0.000 wait=21.8 gen=1[0m
[33m[WARN] [1788847462.586580866]: [WHIST]
tick=299
  V0 mode=1 act=3 reason=clear blk=-1 task=0 slot=38->9 s=0.549/2.555 rem=2.006 spd=0.142 wait=0.0 gen=2
  V1 mode=1 act=0 reason=a1_stop_ttc_STOP_V0 blk=0 task=0 slot=20->-1 s=2.073/3.391 rem=1.319 spd=0.000 wait=21.9 gen=1[0m
[33m[WARN] [1788847462.586768006]: [WHIST]
tick=300
  V0 mode=1 act=3 reason=clear blk=-1 task=0 slot=38->9 s=0.564/2.555 rem=1.992 spd=0.142 wait=0.0 gen=2
  V1 mode=1 act=0 reason=a1_stop_ttc_STOP_V0 blk=0 task=0 slot=20->-1 s=2.073/3.391 rem=1.319 spd=0.000 wait=22.0 gen=1[0m
[33m[WARN] [1788847462.587062619]: [WHIST]
tick=301
  V0 mode=1 act=3 reason=clear blk=-1 task=0 slot=38->9 s=0.578/2.555 rem=1.977 spd=0.142 wait=0.0 gen=2
  V1 mode=1 act=0 reason=a1_stop_ttc_STOP_V0 blk=0 task=0 slot=20->-1 s=2.073/3.391 rem=1.319 spd=0.000 wait=22.1 gen=1[0m
[33m[WARN] [1788847462.587303809]: [WHIST]
tick=302
  V0 mode=1 act=3 reason=clear blk=-1 task=0 slot=38->9 s=0.592/2.555 rem=1.963 spd=0.142 wait=0.0 gen=2
  V1 mode=1 act=0 reason=a1_stop_ttc_STOP_V0 blk=0 task=0 slot=20->-1 s=2.073/3.391 rem=1.319 spd=0.000 wait=22.2 gen=1[0m
[33m[WARN] [1788847462.587494912]: [WHIST]
tick=303
  V0 mode=1 act=3 reason=clear blk=-1 task=0 slot=38->9 s=0.606/2.555 rem=1.949 spd=0.142 wait=0.0 gen=2
  V1 mode=1 act=0 reason=a1_stop_ttc_STOP_V0 blk=0 task=0 slot=20->-1 s=2.073/3.391 rem=1.319 spd=0.000 wait=22.3 gen=1[0m
[33m[WARN] [1788847462.587735551]: [WHIST]
tick=304
  V0 mode=1 act=3 reason=clear blk=-1 task=0 slot=38->9 s=0.621/2.555 rem=1.935 spd=0.142 wait=0.0 gen=2
  V1 mode=1 act=0 reason=a1_stop_ttc_STOP_V0 blk=0 task=0 slot=20->-1 s=2.073/3.391 rem=1.319 spd=0.000 wait=22.4 gen=1[0m
[33m[WARN] [1788847462.587957000]: [WHIST]
tick=305
  V0 mode=1 act=3 reason=clear blk=-1 task=0 slot=38->9 s=0.635/2.555 rem=1.920 spd=0.142 wait=0.0 gen=2
  V1 mode=1 act=0 reason=a1_stop_ttc_STOP_V0 blk=0 task=0 slot=20->-1 s=2.073/3.391 rem=1.319 spd=0.000 wait=22.5 gen=1[0m
[33m[WARN] [1788847462.588163470]: [WHIST]
tick=306
  V0 mode=1 act=3 reason=clear blk=-1 task=0 slot=38->9 s=0.649/2.555 rem=1.906 spd=0.142 wait=0.0 gen=2
  V1 mode=1 act=0 reason=a1_stop_ttc_STOP_V0 blk=0 task=0 slot=20->-1 s=2.073/3.391 rem=1.319 spd=0.000 wait=22.6 gen=1[0m
[33m[WARN] [1788847462.588370989]: [WHIST]
tick=307
  V0 mode=1 act=3 reason=clear blk=-1 task=0 slot=38->9 s=0.663/2.555 rem=1.892 spd=0.142 wait=0.0 gen=2
  V1 mode=1 act=0 reason=a1_stop_ttc_STOP_V0 blk=0 task=0 slot=20->-1 s=2.073/3.391 rem=1.319 spd=0.000 wait=22.7 gen=1[0m
[33m[WARN] [1788847462.588586313]: [WHIST]
tick=308
  V0 mode=1 act=3 reason=clear blk=-1 task=0 slot=38->9 s=0.678/2.555 rem=1.878 spd=0.144 wait=0.0 gen=2
  V1 mode=1 act=0 reason=a1_stop_ttc_STOP_V0 blk=0 task=0 slot=20->-1 s=2.073/3.391 rem=1.319 spd=0.000 wait=22.8 gen=1[0m
[33m[WARN] [1788847462.588757202]: [WHIST]
tick=309
  V0 mode=1 act=3 reason=clear blk=-1 task=0 slot=38->9 s=0.692/2.555 rem=1.863 spd=0.148 wait=0.0 gen=2
  V1 mode=1 act=0 reason=a1_stop_ttc_STOP_V0 blk=0 task=0 slot=20->-1 s=2.073/3.391 rem=1.319 spd=0.000 wait=22.9 gen=1[0m
[33m[WARN] [1788847462.588985916]: [WHIST]
tick=310
  V0 mode=1 act=3 reason=clear blk=-1 task=0 slot=38->9 s=0.707/2.555 rem=1.848 spd=0.144 wait=0.0 gen=2
  V1 mode=1 act=0 reason=a1_stop_ttc_STOP_V0 blk=0 task=0 slot=20->-1 s=2.073/3.391 rem=1.319 spd=0.000 wait=23.0 gen=1[0m
[33m[WARN] [1788847462.589242646]: [WHIST]
tick=311
  V0 mode=1 act=3 reason=clear blk=-1 task=0 slot=38->9 s=0.719/2.555 rem=1.836 spd=0.125 wait=0.0 gen=2
  V1 mode=1 act=0 reason=a1_stop_ttc_STOP_V0 blk=0 task=0 slot=20->-1 s=2.073/3.391 rem=1.319 spd=0.000 wait=23.1 gen=1[0m
[33m[WARN] [1788847462.589428699]: [WHIST]
tick=312
  V0 mode=1 act=3 reason=clear blk=-1 task=0 slot=38->9 s=0.729/2.555 rem=1.826 spd=0.095 wait=0.0 gen=2
  V1 mode=1 act=0 reason=a1_stop_ttc_STOP_V0 blk=0 task=0 slot=20->-1 s=2.073/3.391 rem=1.319 spd=0.000 wait=23.2 gen=1[0m
[33m[WARN] [1788847462.589695791]: [WHIST]
tick=313
  V0 mode=1 act=3 reason=clear blk=-1 task=0 slot=38->9 s=0.740/2.555 rem=1.815 spd=0.111 wait=0.0 gen=2
  V1 mode=1 act=0 reason=a1_stop_ttc_STOP_V0 blk=0 task=0 slot=20->-1 s=2.073/3.391 rem=1.319 spd=0.000 wait=23.3 gen=1[0m
[33m[WARN] [1788847462.589934082]: [WHIST]
tick=314
  V0 mode=1 act=3 reason=clear blk=-1 task=0 slot=38->9 s=0.753/2.555 rem=1.802 spd=0.131 wait=0.0 gen=2
  V1 mode=1 act=0 reason=a1_stop_ttc_STOP_V0 blk=0 task=0 slot=20->-1 s=2.073/3.391 rem=1.319 spd=0.000 wait=23.4 gen=1[0m
[33m[WARN] [1788847462.590198932]: [WHIST]
tick=315
  V0 mode=1 act=3 reason=clear blk=-1 task=0 slot=38->9 s=0.768/2.555 rem=1.787 spd=0.151 wait=0.0 gen=2
  V1 mode=1 act=0 reason=a1_stop_ttc_STOP_V0 blk=0 task=0 slot=20->-1 s=2.073/3.391 rem=1.319 spd=0.000 wait=23.5 gen=1[0m
[33m[WARN] [1788847462.590481642]: [WHIST]
tick=316
  V0 mode=1 act=3 reason=clear blk=-1 task=0 slot=38->9 s=0.785/2.555 rem=1.770 spd=0.171 wait=0.0 gen=2
  V1 mode=1 act=0 reason=a1_stop_ttc_STOP_V0 blk=0 task=0 slot=20->-1 s=2.073/3.391 rem=1.319 spd=0.000 wait=23.6 gen=1[0m
[33m[WARN] [1788847462.590776362]: [WHIST]
tick=317
  V0 mode=1 act=3 reason=clear blk=-1 task=0 slot=38->9 s=0.804/2.555 rem=1.751 spd=0.191 wait=0.0 gen=2
  V1 mode=1 act=0 reason=a1_stop_ttc_STOP_V0 blk=0 task=0 slot=20->-1 s=2.073/3.391 rem=1.319 spd=0.000 wait=23.7 gen=1[0m
[33m[WARN] [1788847462.591046538]: [WHIST]
tick=318
  V0 mode=1 act=3 reason=clear blk=-1 task=0 slot=38->9 s=0.824/2.555 rem=1.731 spd=0.200 wait=0.0 gen=2
  V1 mode=1 act=0 reason=a1_stop_ttc_STOP_V0 blk=0 task=0 slot=20->-1 s=2.073/3.391 rem=1.319 spd=0.000 wait=23.8 gen=1[0m
[33m[WARN] [1788847462.591253550]: [WHIST]
tick=319
  V0 mode=1 act=3 reason=clear blk=-1 task=0 slot=38->9 s=0.844/2.555 rem=1.711 spd=0.200 wait=0.0 gen=2
  V1 mode=1 act=0 reason=a1_stop_ttc_STOP_V0 blk=0 task=0 slot=20->-1 s=2.073/3.391 rem=1.319 spd=0.000 wait=23.9 gen=1[0m
[33m[WARN] [1788847462.591438890]: [WHIST]
tick=320
  V0 mode=1 act=3 reason=clear blk=-1 task=0 slot=38->9 s=0.864/2.555 rem=1.691 spd=0.200 wait=0.0 gen=2
  V1 mode=1 act=0 reason=a1_stop_ttc_STOP_V0 blk=0 task=0 slot=20->-1 s=2.073/3.391 rem=1.319 spd=0.000 wait=24.0 gen=1[0m
[33m[WARN] [1788847462.591664028]: [WHIST]
tick=321
  V0 mode=1 act=3 reason=clear blk=-1 task=0 slot=38->9 s=0.884/2.555 rem=1.671 spd=0.200 wait=0.0 gen=2
  V1 mode=1 act=0 reason=a1_stop_ttc_STOP_V0 blk=0 task=0 slot=20->-1 s=2.073/3.391 rem=1.319 spd=0.000 wait=24.1 gen=1[0m
[33m[WARN] [1788847462.591899738]: [WHIST]
tick=322
  V0 mode=1 act=3 reason=clear blk=-1 task=0 slot=38->9 s=0.904/2.555 rem=1.651 spd=0.200 wait=0.0 gen=2
  V1 mode=1 act=0 reason=a1_stop_ttc_STOP_V0 blk=0 task=0 slot=20->-1 s=2.073/3.391 rem=1.319 spd=0.000 wait=24.2 gen=1[0m
[33m[WARN] [1788847462.592106741]: [WHIST]
tick=323
  V0 mode=1 act=3 reason=clear blk=-1 task=0 slot=38->9 s=0.924/2.555 rem=1.631 spd=0.200 wait=0.0 gen=2
  V1 mode=1 act=0 reason=a1_stop_ttc_STOP_V0 blk=0 task=0 slot=20->-1 s=2.073/3.391 rem=1.319 spd=0.000 wait=24.3 gen=1[0m
[33m[WARN] [1788847462.592341160]: [WHIST]
tick=324
  V0 mode=1 act=3 reason=clear blk=-1 task=0 slot=38->9 s=0.944/2.555 rem=1.611 spd=0.200 wait=0.0 gen=2
  V1 mode=1 act=0 reason=a1_stop_ttc_STOP_V0 blk=0 task=0 slot=20->-1 s=2.073/3.391 rem=1.319 spd=0.000 wait=24.4 gen=1[0m
[33m[WARN] [1788847462.592550692]: [WHIST]
tick=325
  V0 mode=1 act=3 reason=clear blk=-1 task=0 slot=38->9 s=0.964/2.555 rem=1.591 spd=0.200 wait=0.0 gen=2
  V1 mode=1 act=0 reason=a1_stop_ttc_STOP_V0 blk=0 task=0 slot=20->-1 s=2.073/3.391 rem=1.319 spd=0.000 wait=24.5 gen=1[0m
[33m[WARN] [1788847462.592772412]: [WHIST]
tick=326
  V0 mode=1 act=3 reason=clear blk=-1 task=0 slot=38->9 s=0.984/2.555 rem=1.571 spd=0.200 wait=0.0 gen=2
  V1 mode=1 act=0 reason=a1_stop_ttc_STOP_V0 blk=0 task=0 slot=20->-1 s=2.073/3.391 rem=1.319 spd=0.000 wait=24.6 gen=1[0m
[33m[WARN] [1788847462.592999275]: [WHIST]
tick=327
  V0 mode=1 act=3 reason=clear blk=-1 task=0 slot=38->9 s=1.004/2.555 rem=1.551 spd=0.200 wait=0.0 gen=2
  V1 mode=1 act=0 reason=a1_stop_ttc_STOP_V0 blk=0 task=0 slot=20->-1 s=2.073/3.391 rem=1.319 spd=0.000 wait=24.7 gen=1[0m
[33m[WARN] [1788847462.593229289]: [WHIST]
tick=328
  V0 mode=1 act=3 reason=clear blk=-1 task=0 slot=38->9 s=1.024/2.555 rem=1.531 spd=0.200 wait=0.0 gen=2
  V1 mode=1 act=0 reason=a1_stop_ttc_STOP_V0 blk=0 task=0 slot=20->-1 s=2.073/3.391 rem=1.319 spd=0.000 wait=24.8 gen=1[0m
[33m[WARN] [1788847462.593436882]: [WHIST]
tick=329
  V0 mode=1 act=3 reason=clear blk=-1 task=0 slot=38->9 s=1.044/2.555 rem=1.511 spd=0.200 wait=0.0 gen=2
  V1 mode=1 act=0 reason=a1_stop_ttc_STOP_V0 blk=0 task=0 slot=20->-1 s=2.073/3.391 rem=1.319 spd=0.000 wait=24.9 gen=1[0m
[33m[WARN] [1788847462.593694372]: [WHIST]
tick=330
  V0 mode=1 act=3 reason=clear blk=-1 task=0 slot=38->9 s=1.064/2.555 rem=1.491 spd=0.200 wait=0.0 gen=2
  V1 mode=1 act=0 reason=a1_stop_ttc_STOP_V0 blk=0 task=0 slot=20->-1 s=2.073/3.391 rem=1.319 spd=0.000 wait=25.0 gen=1[0m
[33m[WARN] [1788847462.593958250]: [SOURCE=REAL] [plan=18] [frame=9] [rollout_step=-1] [CONFLICT] V1(s=2.073 rem=1.319 act=0 blk=0) vs V0(s=1.064 rem=1.491 act=3 blk=-1) | owner=V-1 following=0 nzones=1 all_same_dir=0[0m
[33m[WARN] [1788847462.594187915]: [SOURCE=REAL] [plan=18] [frame=9] [rollout_step=-1] [CONFLICT]   zone0 same_dir=0 | A[2.500,3.375] stopA=2.321 committedA=0 | B[0.000,1.150] stopB=-0.179 committedB=1 | @(1.20,3.84)[0m
[33m[WARN] [1788847462.636476224]: [multi_patrol][A1 EXIT HORIZON] V1 target=B35 dwell_part=4.90s departure_window=10.10s total_horizon=15.00s[0m
[33m[WARN] [1788847462.642741610]: [multi_patrol][A1 EXIT HORIZON] V1 target=B35 dwell_part=2.90s departure_window=12.10s total_horizon=15.00s[0m
[33m[WARN] [1788847462.648964441]: [multi_patrol][A1 EXIT HORIZON] V1 target=B35 dwell_part=0.90s departure_window=14.10s total_horizon=15.00s[0m
[33m[WARN] [1788847462.653858531]: [SLOT_DEPARTURE] time=0min46.3s vehicle=V0 owner=V1 result=ALLOW reason=slot_departure_clear candidate_path_gen=3 slot_departure_clear_s=0.346 vehicle_mode=ACTIVE vehicle_speed=0.000 vehicle_path_s=0.000 blocker=none a1_prefix_conflict=0 ordinary_road_conflict=0 owner_phase=PICKUP_DWELL owner_path_gen=1 geometry=pending_preview protected_zones=0 actual_occupancy_priority=0[0m
[33m[WARN] [1788847462.654291247]: [multi_patrol][A1 EXIT PREPARED] V0 target=B59 pickup_dwell=5.00s exit_len=9.022 priority_until_s=0.758 horizon_refresh=IMMEDIATE[0m
[33m[WARN] [1788847462.718477904]: [multi_patrol][A1 EXIT HORIZON] V1 target=B35 dwell_part=0.40s departure_window=14.60s total_horizon=15.00s[0m
ommit_frames=20[0m
[0m[INFO] [1788847461.990867990]: [sim_plan] built plan=5 start=8.10 horizon=15.00 frames=150 commit_frames=20[0m
[0m[INFO] [1788847462.059131606]: [sim_plan] built plan=6 start=10.10 horizon=15.00 frames=150 commit_frames=20[0m
[0m[INFO] [1788847462.123940457]: [sim_plan] built plan=7 start=12.10 horizon=15.00 frames=150 commit_frames=20[0m
[0m[INFO] [1788847462.184293798]: [sim_plan] built plan=8 start=14.10 horizon=15.00 frames=150 commit_frames=20[0m
[0m[INFO] [1788847462.241825066]: [sim_plan] built plan=9 start=16.10 horizon=15.00 frames=150 commit_frames=20[0m
[0m[INFO] [1788847462.295438034]: [sim_plan] built plan=10 start=18.10 horizon=15.00 frames=150 commit_frames=20[0m
[0m[INFO] [1788847462.342698916]: [sim_plan] built plan=11 start=20.10 horizon=15.00 frames=150 commit_frames=20[0m
[0m[INFO] [1788847462.388803903]: [sim_plan] built plan=12 start=21.20 horizon=15.00 frames=150 commit_frames=20[0m
[0m[INFO] [1788847462.432550999]: [sim_plan] built plan=13 start=23.20 horizon=15.00 frames=150 commit_frames=20[0m
[0m[INFO] [1788847462.472742384]: [sim_plan] built plan=14 start=25.20 horizon=15.00 frames=150 commit_frames=20[0m
[0m[INFO] [1788847462.473958963]: [multi_patrol][A1] V0 activate prepared dropoff: A1 -> B9 len=2.555 priority_until_s=0.756[0m
[0m[INFO] [1788847462.510873186]: [sim_plan] built plan=15 start=26.10 horizon=15.00 frames=150 commit_frames=20[0m
[0m[INFO] [1788847462.540439015]: [sim_plan] built plan=16 start=28.10 horizon=15.00 frames=150 commit_frames=20[0m
[0m[INFO] [1788847462.560075822]: [sim_plan] built plan=17 start=30.10 horizon=15.00 frames=150 commit_frames=20[0m
[0m[INFO] [1788847462.561663528]: [multi_patrol][A1 EXIT PRIORITY RELEASE] V0 s=0.768 threshold=0.756[0m
[0m[INFO] [1788847462.573532887]: [sim_plan] built plan=18 start=32.10 horizon=15.00 frames=150 commit_frames=20[0m
[0m[INFO] [1788847462.602642016]: [sim_plan] built plan=19 start=34.10 horizon=15.00 frames=150 commit_frames=20[0m
[0m[INFO] [1788847462.613871391]: [sim_plan] built plan=20 start=36.10 horizon=15.00 frames=150 commit_frames=20[0m
[0m[INFO] [1788847462.624066742]: [sim_plan] built plan=21 start=38.10 horizon=15.00 frames=150 commit_frames=20[0m
[0m[INFO] [1788847462.630412675]: [sim_plan] built plan=22 start=40.10 horizon=15.00 frames=150 commit_frames=20[0m
[0m[INFO] [1788847462.636414915]: [sim_plan] built plan=23 start=41.80 horizon=15.00 frames=150 commit_frames=20[0m
[0m[INFO] [1788847462.642670773]: [sim_plan] built plan=24 start=43.80 horizon=15.00 frames=150 commit_frames=20[0m
[0m[INFO] [1788847462.648925010]: [sim_plan] built plan=25 start=45.80 horizon=15.00 frames=150 commit_frames=20[0m
[0m[INFO] [1788847462.653809399]: [multi_patrol][A1] V0 pickup leg: B9 -> A1  wpts=298 len=3.034[0m
[0m[INFO] [1788847462.718431634]: [sim_plan] built plan=26 start=46.30 horizon=15.00 frames=150 commit_frames=20[0m
[0m[INFO] [1788847462.719663097]: [multi_patrol][A1] V1 activate prepared dropoff: A1 -> B35 len=7.330 priority_until_s=0.758[0m
[0m[INFO] [1788847462.785100631]: [sim_plan] built plan=27 start=46.70 horizon=15.00 frames=150 commit_frames=20[0m
[0m[INFO] [1788847462.846717053]: [sim_plan] built plan=28 start=48.70 horizon=15.00 frames=150 commit_frames=20[0m
[0m[INFO] [1788847462.894403186]: [sim_plan] built plan=29 start=50.70 horizon=15.00 frames=150 commit_frames=20[0m
[0m[INFO] [1788847462.895872938]: [multi_patrol][A1 EXIT PRIORITY RELEASE] V1 s=0.771 threshold=0.758[0m
[0m[INFO] [1788847462.934545188]: [sim_plan] built plan=30 start=52.70 horizon=15.00 frames=150 commit_frames=20[0m
[0m[INFO] [1788847462.964165815]: [sim_plan] built plan=31 start=54.70 horizon=15.00 frames=150 commit_frames=20[0m
[0m[INFO] [1788847462.987960928]: [sim_plan] built plan=32 start=56.70 horizon=15.00 frames=150 commit_frames=20[0m
[0m[INFO] [1788847463.005901978]: [sim_plan] built plan=33 start=58.70 horizon=15.00 frames=150 commit_frames=20[0m
[0m[INFO] [1788847463.024628789]: [sim_plan] built plan=34 start=60.70 horizon=15.[33m[WARN] [1788847463.119371444]: [multi_patrol][A1 EXIT HORIZON] V0 target=B59 dwell_part=4.90s departure_window=10.10s total_horizon=15.00s[0m
[33m[WARN] [1788847463.130773976]: [multi_patrol][A1 EXIT HORIZON] V0 target=B59 dwell_part=2.90s departure_window=12.10s total_horizon=15.00s[0m
[33m[WARN] [1788847463.143480897]: [multi_patrol][A1 EXIT HORIZON] V0 target=B59 dwell_part=0.90s departure_window=14.10s total_horizon=15.00s[0m
[33m[WARN] [1788847463.213622015]: [SLOT_DEPARTURE] time=1min34.3s vehicle=V1 owner=none result=ALLOW reason=no_service_owner candidate_path_gen=3 slot_departure_clear_s=0.327 vehicle_mode=ACTIVE vehicle_speed=0.000 vehicle_path_s=0.000 blocker=none a1_prefix_conflict=0 ordinary_road_conflict=0[0m
[33m[WARN] [1788847463.214099846]: [multi_patrol][A1 EXIT PREPARED] V1 target=B25 pickup_dwell=5.00s exit_len=7.735 priority_until_s=0.758 horizon_refresh=IMMEDIATE[0m
00 frames=150 commit_frames=20[0m
[0m[INFO] [1788847463.040451856]: [sim_plan] built plan=35 start=62.70 horizon=15.00 frames=150 commit_frames=20[0m
[0m[INFO] [1788847463.055864673]: [sim_plan] built plan=36 start=64.70 horizon=15.00 frames=150 commit_frames=20[0m
[0m[INFO] [1788847463.070089988]: [sim_plan] built plan=37 start=66.70 horizon=15.00 frames=150 commit_frames=20[0m
[0m[INFO] [1788847463.081724794]: [sim_plan] built plan=38 start=68.70 horizon=15.00 frames=150 commit_frames=20[0m
[0m[INFO] [1788847463.091652458]: [sim_plan] built plan=39 start=70.70 horizon=15.00 frames=150 commit_frames=20[0m
[0m[INFO] [1788847463.101280881]: [sim_plan] built plan=40 start=72.70 horizon=15.00 frames=150 commit_frames=20[0m
[0m[INFO] [1788847463.110483217]: [sim_plan] built plan=41 start=74.70 horizon=15.00 frames=150 commit_frames=20[0m
[0m[INFO] [1788847463.119324595]: [sim_plan] built plan=42 start=75.30 horizon=15.00 frames=150 commit_frames=20[0m
[0m[INFO] [1788847463.130725009]: [sim_plan] built plan=43 start=77.30 horizon=15.00 frames=150 commit_frames=20[0m
[0m[INFO] [1788847463.143436832]: [sim_plan] built plan=44 start=79.30 horizon=15.00 frames=150 commit_frames=20[0m
[0m[INFO] [1788847463.144679259]: [multi_patrol][A1] V0 activate prepared dropoff: A1 -> B59 len=9.022 priority_until_s=0.758[0m
[0m[INFO] [1788847463.155735391]: [sim_plan] built plan=45 start=80.20 horizon=15.00 frames=150 commit_frames=20[0m
[0m[INFO] [1788847463.179906095]: [sim_plan] built plan=46 start=82.20 horizon=15.00 frames=150 commit_frames=20[0m
[0m[INFO] [1788847463.189663223]: [sim_plan] built plan=47 start=84.20 horizon=15.00 frames=150 commit_frames=20[0m
[0m[INFO] [1788847463.191002778]: [multi_patrol][A1 EXIT PRIORITY RELEASE] V0 s=0.771 threshold=0.758[0m
[0m[INFO] [1788847463.197547005]: [sim_plan] built plan=48 start=86.20 horizon=15.00 frames=150 commit_frames=20[0m
[0m[INFO] [1788847463.202523328]: [sim_plan] built plan=49 start=88.20 horizon=15.00 frames=150 commit_frames=20[0m
[0m[INFO] [1788847463.206258139]: [sim_plan] built plan=50 start=90.20 horizon=15.00 frames=150 commit_frames=20[0m
[0m[INFO] [1788847463.209559088]: [sim_plan] built plan=51 start=92.20 horizon=15.00 frames=150 commit_frames=20[0m
[0m[INFO] [1788847463.212869131]: [sim_plan] built plan=52 start=94.20 horizon=15.00 frames=150 commit_frames=20[0m
[0m[INFO] [1788847463.213572335]: [multi_patrol][A1] V1 pickup leg: B35 -> A1  wpts=491 len=5.663[0m
[0m[INFO] [1788847463.256088544]: [sim_plan] built plan=53 start=94.30 horizon=15.00 frames=150 commit_frames=20[0m
[0m[INFO] [1788847463.289014541]: [sim_plan] built plan=54 start=96.30 horizon=15.00 frames=150 commit_frames=20[0m
[0m[INFO] [1788847463.313041836]: [sim_plan] built plan=55 start=98.30 horizon=15.00 frames=150 commit_frames=20[0m
[0m[INFO] [1788847463.337562569]: [sim_plan] built plan=56 start=100.30 horizon=15.00 frames=150 commit_frames=20[0m
[0m[INFO] [1788847463.357648970]: [sim_plan] built plan=57 start=102.30 horizon=15.00 frames=150 commit_frames=20[0m
[0m[INFO] [1788847463.375835620]: [sim_plan] built plan=58 start=104.30 horizon=15.00 frames=150 commit_frames=20[0m
[0m[INFO] [1788847463.401391529]: [sim_plan] built plan=59 start=106.30 horizon=15.00 frames=150 commit_frames=20[0m
[0m[INFO] [1788847463.429146084]: [sim_plan] built plan=60 start=108.30 horizon=15.00 frames=150 commit_frames=20[0m
[0m[INFO] [1788847463.451048162]: [sim_plan] built plan=61 start=110.30 horizon=15.00 frames=150 commit_frames=20[0m
[0m[INFO] [1788847463.470202023]: [sim_plan] built plan=62 start=112.30 horizon=15.00 frames=150 commit_frames=20[0m
[0m[INFO] [1788847463.488256798]: [sim_plan] built plan=63 start=114.30 horizon=15.00 frames=150 commit_frames=20[0m
[0m[INFO] [1788847463.504842458]: [sim_plan] built plan=64 start=116.30 horizon=15.00 frames=150 commit_frames=20[0m
[0m[INFO] [1788847463.524882684]: [sim_plan] built plan=65 start=118.30 horizon=15.00 frames=150 commit_frames=20[0m
[0m[INFO] [1788847463.543175990]: [sim_plan] built [33m[WARN] [1788847463.665988257]: [multi_patrol][A1 EXIT HORIZON] V1 target=B25 dwell_part=4.90s departure_window=10.10s total_horizon=15.00s[0m
[33m[WARN] [1788847463.675550006]: [SLOT_DEPARTURE] time=2min20.8s vehicle=V0 owner=V1 result=ALLOW reason=slot_departure_clear candidate_path_gen=5 slot_departure_clear_s=0.346 vehicle_mode=ACTIVE vehicle_speed=0.000 vehicle_path_s=0.000 blocker=none a1_prefix_conflict=0 ordinary_road_conflict=0 owner_phase=PICKUP_DWELL owner_path_gen=3 geometry=pending_preview protected_zones=0 actual_occupancy_priority=0[0m
[33m[WARN] [1788847463.676054465]: [multi_patrol][A1 EXIT PREPARED] V0 target=B62 pickup_dwell=5.00s exit_len=8.617 priority_until_s=0.758 horizon_refresh=IMMEDIATE[0m
[33m[WARN] [1788847463.688908232]: [multi_patrol][A1 EXIT HORIZON] V1 target=B25 dwell_part=4.70s departure_window=10.30s total_horizon=15.00s[0m
[33m[WARN] [1788847463.705344866]: [multi_patrol][A1 EXIT HORIZON] V1 target=B25 dwell_part=2.70s departure_window=12.30s total_horizon=15.00s[0m
[33m[WARN] [1788847463.726719589]: [multi_patrol][A1 EXIT HORIZON] V1 target=B25 dwell_part=0.70s departure_window=14.30s total_horizon=15.00s[0m
plan=66 start=120.30 horizon=15.00 frames=150 commit_frames=20[0m
[0m[INFO] [1788847463.563606967]: [sim_plan] built plan=67 start=122.30 horizon=15.00 frames=150 commit_frames=20[0m
[0m[INFO] [1788847463.582392813]: [sim_plan] built plan=68 start=124.30 horizon=15.00 frames=150 commit_frames=20[0m
[0m[INFO] [1788847463.606228706]: [sim_plan] built plan=69 start=126.30 horizon=15.00 frames=150 commit_frames=20[0m
[0m[INFO] [1788847463.618670585]: [sim_plan] built plan=70 start=128.30 horizon=15.00 frames=150 commit_frames=20[0m
[0m[INFO] [1788847463.628712061]: [sim_plan] built plan=71 start=130.30 horizon=15.00 frames=150 commit_frames=20[0m
[0m[INFO] [1788847463.637246387]: [sim_plan] built plan=72 start=132.30 horizon=15.00 frames=150 commit_frames=20[0m
[0m[INFO] [1788847463.643953495]: [sim_plan] built plan=73 start=134.30 horizon=15.00 frames=150 commit_frames=20[0m
[0m[INFO] [1788847463.650782905]: [sim_plan] built plan=74 start=136.30 horizon=15.00 frames=150 commit_frames=20[0m
[0m[INFO] [1788847463.656079352]: [sim_plan] built plan=75 start=138.30 horizon=15.00 frames=150 commit_frames=20[0m
[0m[INFO] [1788847463.660543878]: [sim_plan] built plan=76 start=140.30 horizon=15.00 frames=150 commit_frames=20[0m
[0m[INFO] [1788847463.665927575]: [sim_plan] built plan=77 start=140.60 horizon=15.00 frames=150 commit_frames=20[0m
[0m[INFO] [1788847463.675499372]: [multi_patrol][A1] V0 pickup leg: B59 -> A1  wpts=583 len=6.287[0m
[0m[INFO] [1788847463.688854784]: [sim_plan] built plan=78 start=140.80 horizon=15.00 frames=150 commit_frames=20[0m
[0m[INFO] [1788847463.705296188]: [sim_plan] built plan=79 start=142.80 horizon=15.00 frames=150 commit_frames=20[0m
[0m[INFO] [1788847463.726667298]: [sim_plan] built plan=80 start=144.80 horizon=15.00 frames=150 commit_frames=20[0m
[0m[INFO] [1788847463.728078217]: [multi_patrol][A1] V1 activate prepared dropoff: A1 -> B25 len=7.735 priority_until_s=0.758[0m
[0m[INFO] [1788847463.748800336]: [sim_plan] built plan=81 start=145.50 horizon=15.00 frames=150 commit_frames=20[0m
[0m[INFO] [1788847463.782682772]: [sim_plan] built plan=82 start=147.50 horizon=15.00 frames=150 commit_frames=20[0m
[0m[INFO] [1788847463.809077523]: [sim_plan] built plan=83 start=149.50 horizon=15.00 frames=150 commit_frames=20[0m
[0m[INFO] [1788847463.810850176]: [multi_patrol][A1 EXIT PRIORITY RELEASE] V1 s=0.771 threshold=0.758[0m
[0m[INFO] [1788847463.843486641]: [sim_plan] built plan=84 start=151.50 horizon=15.00 frames=150 commit_frames=20[0m
[0m[INFO] [1788847463.871538386]: [sim_plan] built plan=85 start=153.50 horizon=15.00 frames=150 commit_frames=20[0m
[0m[INFO] [1788847463.911289686]: [sim_plan] built plan=86 start=155.50 horizon=15.00 frames=150 commit_frames=20[0m
[0m[INFO] [1788847463.947103663]: [sim_plan] built plan=87 start=157.50 horizon=15.00 frames=150 commit_frames=20[0m
[0m[INFO] [1788847463.976528128]: [sim_plan] built plan=88 start=159.50 horizon=15.00 frames=150 commit_frames=20[0m
[0m[INFO] [1788847464.002458894]: [sim_plan] built plan=89 start=161.50 horizon=15.00 frames=150 commit_frames=20[0m
[0m[INFO] [1788847464.025808190]: [sim_plan] built plan=90 start=163.50 horizon=15.00 frames=150 commit_frames=20[0m
[0m[INFO] [1788847464.047061229]: [sim_plan] built plan=91 start=165.50 horizon=15.00 frames=150 commit_frames=20[0m
[0m[INFO] [1788847464.066121828]: [sim_plan] built plan=92 start=167.50 horizon=15.00 frames=150 commit_frames=20[0m
[0m[INFO] [1788847464.082515594]: [sim_plan] built plan=93 start=169.50 horizon=15.00 frames=150 commit_frames=20[0m
[0m[INFO] [1788847464.098163982]: [sim_plan] built plan=94 start=171.50 horizon=15.00 frames=150 commit_frames=20[0m
[0m[INFO] [1788847464.118321808]: [sim_plan] built plan=95 start=173.50 horizon=15.00 frames=150 commit_frames=20[0m
[0m[INFO] [1788847464.137893087]: [sim_plan] built plan=96 start=175.50 horizon=15.00 frames=150 commit_frames=20[0m
[0m[INFO] [1788847464.154013083]: [sim_plan] built plan=97 start=177.50 horizon=15.00 frames=150 commit_frames=20[0m[33m[WARN] [1788847464.247000483]: [SLOT_DEPARTURE] time=3min15.2s vehicle=V1 owner=V0 result=ALLOW reason=slot_departure_clear candidate_path_gen=5 slot_departure_clear_s=0.327 vehicle_mode=ACTIVE vehicle_speed=0.000 vehicle_path_s=0.000 blocker=none a1_prefix_conflict=0 ordinary_road_conflict=0 owner_phase=TO_A1 owner_path_gen=5 geometry=pending_preview protected_zones=0 actual_occupancy_priority=0[0m
[33m[WARN] [1788847464.247625053]: [multi_patrol][A1 EXIT PREPARED] V1 target=B6 pickup_dwell=5.00s exit_len=1.901 priority_until_s=0.758 horizon_refresh=IMMEDIATE[0m
[33m[WARN] [1788847464.345065523]: [multi_patrol][A1 EXIT HORIZON] V0 target=B62 dwell_part=4.90s departure_window=10.10s total_horizon=15.00s[0m
[33m[WARN] [1788847464.361310777]: [multi_patrol][A1 EXIT HORIZON] V0 target=B62 dwell_part=2.90s departure_window=12.10s total_horizon=15.00s[0m
[33m[WARN] [1788847464.400311180]: [multi_patrol][A1 EXIT HORIZON] V0 target=B62 dwell_part=0.90s departure_window=14.10s total_horizon=15.00s[0m
[33m[WARN] [1788847464.660707647]: [multi_patrol][A1 EXIT HORIZON] V1 target=B6 dwell_part=4.90s departure_window=10.10s total_horizon=15.00s[0m
[33m[WARN] [1788847464.676412644]: [multi_patrol][A1 EXIT HORIZON] V1 target=B6 dwell_part=2.90s departure_window=12.10s total_horizon=15.00s[0m
[33m[WARN] [1788847464.695540928]: [multi_patrol][A1 EXIT HORIZON] V1 target=B6 dwell_part=0.90s departure_window=14.10s total_horizon=15.00s[0m

[0m[INFO] [1788847464.168755569]: [sim_plan] built plan=98 start=179.50 horizon=15.00 frames=150 commit_frames=20[0m
[0m[INFO] [1788847464.181642341]: [sim_plan] built plan=99 start=181.50 horizon=15.00 frames=150 commit_frames=20[0m
[0m[INFO] [1788847464.192612851]: [sim_plan] built plan=100 start=183.50 horizon=15.00 frames=150 commit_frames=20[0m
[0m[INFO] [1788847464.201899924]: [sim_plan] built plan=101 start=185.50 horizon=15.00 frames=150 commit_frames=20[0m
[0m[INFO] [1788847464.209692167]: [sim_plan] built plan=102 start=187.50 horizon=15.00 frames=150 commit_frames=20[0m
[0m[INFO] [1788847464.215508969]: [sim_plan] built plan=103 start=189.50 horizon=15.00 frames=150 commit_frames=20[0m
[0m[INFO] [1788847464.230453214]: [sim_plan] built plan=104 start=191.50 horizon=15.00 frames=150 commit_frames=20[0m
[0m[INFO] [1788847464.237681033]: [sim_plan] built plan=105 start=193.50 horizon=15.00 frames=150 commit_frames=20[0m
[0m[INFO] [1788847464.246921872]: [multi_patrol][A1] V1 pickup leg: B25 -> A1  wpts=491 len=5.663[0m
[0m[INFO] [1788847464.263955026]: [sim_plan] built plan=106 start=195.20 horizon=15.00 frames=150 commit_frames=20[0m
[0m[INFO] [1788847464.288850732]: [sim_plan] built plan=107 start=197.20 horizon=15.00 frames=150 commit_frames=20[0m
[0m[INFO] [1788847464.302463167]: [sim_plan] built plan=108 start=199.20 horizon=15.00 frames=150 commit_frames=20[0m
[0m[INFO] [1788847464.318311609]: [sim_plan] built plan=109 start=201.20 horizon=15.00 frames=150 commit_frames=20[0m
[0m[INFO] [1788847464.331452536]: [sim_plan] built plan=110 start=203.20 horizon=15.00 frames=150 commit_frames=20[0m
[0m[INFO] [1788847464.345016709]: [sim_plan] built plan=111 start=205.20 horizon=15.00 frames=150 commit_frames=20[0m
[0m[INFO] [1788847464.361231078]: [sim_plan] built plan=112 start=207.20 horizon=15.00 frames=150 commit_frames=20[0m
[0m[INFO] [1788847464.400249611]: [sim_plan] built plan=113 start=209.20 horizon=15.00 frames=150 commit_frames=20[0m
[0m[INFO] [1788847464.401709729]: [multi_patrol][A1] V0 activate prepared dropoff: A1 -> B62 len=8.617 priority_until_s=0.758[0m
[0m[INFO] [1788847464.441554186]: [sim_plan] built plan=114 start=210.10 horizon=15.00 frames=150 commit_frames=20[0m
[0m[INFO] [1788847464.490252529]: [sim_plan] built plan=115 start=212.10 horizon=15.00 frames=150 commit_frames=20[0m
[0m[INFO] [1788847464.522281852]: [sim_plan] built plan=116 start=214.10 horizon=15.00 frames=150 commit_frames=20[0m
[0m[INFO] [1788847464.523938545]: [multi_patrol][A1 EXIT PRIORITY RELEASE] V0 s=0.771 threshold=0.758[0m
[0m[INFO] [1788847464.553747114]: [sim_plan] built plan=117 start=216.10 horizon=15.00 frames=150 commit_frames=20[0m
[0m[INFO] [1788847464.572697435]: [sim_plan] built plan=118 start=218.10 horizon=15.00 frames=150 commit_frames=20[0m
[0m[INFO] [1788847464.589745164]: [sim_plan] built plan=119 start=220.10 horizon=15.00 frames=150 commit_frames=20[0m
[0m[INFO] [1788847464.603899392]: [sim_plan] built plan=120 start=222.10 horizon=15.00 frames=150 commit_frames=20[0m
[0m[INFO] [1788847464.616734178]: [sim_plan] built plan=121 start=224.10 horizon=15.00 frames=150 commit_frames=20[0m
[0m[INFO] [1788847464.628784457]: [sim_plan] built plan=122 start=226.10 horizon=15.00 frames=150 commit_frames=20[0m
[0m[INFO] [1788847464.639086053]: [sim_plan] built plan=123 start=228.10 horizon=15.00 frames=150 commit_frames=20[0m
[0m[INFO] [1788847464.649900690]: [sim_plan] built plan=124 start=230.10 horizon=15.00 frames=150 commit_frames=20[0m
[0m[INFO] [1788847464.660635076]: [sim_plan] built plan=125 start=231.40 horizon=15.00 frames=150 commit_frames=20[0m
[0m[INFO] [1788847464.676264054]: [sim_plan] built plan=126 start=233.40 horizon=15.00 frames=150 commit_frames=20[0m
[0m[INFO] [1788847464.695465217]: [sim_plan] built plan=127 start=235.40 horizon=15.00 frames=150 commit_frames=20[0m
[0m[INFO] [1788847464.697018822]: [multi_patrol][A1] V1 activate prepared dropoff: A1 -> B6 len=1.901 priority_until_s=0.758[0m
[0m[INFO] [1788847464.715713049]: [sim_plan] built plan=128 start=236.30 horizon=15.00 frames=150 commit_frames=20[0m
[0m[INFO] [1788847464.733643868]: [sim_plan] built plan=129 start=238.30 horizon=15.00 frames=150 commit_frames=20[0m
[0m[INFO] [1788847464.746896920]: [sim_plan] built plan=130 start=240.30 horizon=15.00 frames=150 commit_frames=20[0m
[0m[INFO] [1788847464.747797525]: [multi_patrol][A1 EXIT PRIORITY RELEASE] V1 s=0.771 threshold=0.758[0m
[0m[INFO] [1788847464.757642145]: [sim_plan] built plan=131 start=242.30 horizon=15.00 frames=150 commit_frames=20[0m
[0m[INFO] [1788847464.766119075]: [sim_plan] built plan=132 start=244.30 horizon=15.00 frames=150 commit_frames=20[0m
[0m[INFO] [1788847464.771372422]: [sim_plan] built plan=133 start=246.30 horizon=15.00 frames=150 commit_frames=20[0m
[0m[INFO] [1788847464.774125148]: [sim_plan] built plan=134 start=248.30 horizon=15.00 frames=150 commit_frames=20[0m
[0m[INFO] [1788847464.776250646]: [sim_plan] built plan=135 start=250.30 horizon=15.00 frames=150 commit_frames=20[0m
[0m[INFO] [1788847464.777920615]: [sim_plan] built plan=136 start=250.30 horizon=15.00 frames=150 commit_frames=20[0m
[0m[INFO] [1788847464.779588819]: [sim_plan] built plan=137 start=250.40 horizon=15.00 frames=150 commit_frames=20[0m
[0m[INFO] [1788847464.781110420]: [sim_plan] built plan=138 start=250.40 horizon=15.00 frames=150 commit_frames=20[0m
[0m[INFO] [1788847464.782955733]: [sim_plan] built plan=139 start=250.50 horizon=15.00 frames=150 commit_frames=20[0m
[0m[INFO] [1788847464.784572514]: [sim_plan] built plan=140 start=250.50 horizon=15.00 frames=150 commit_frames=20[0m
[0m[INFO] [1788847464.786237058]: [sim_plan] built plan=141 start=250.60 horizon=15.00 frames=150 commit_frames=20[0m
[0m[INFO] [1788847464.787976580]: [sim_plan] built plan=142 start=250.60 horizon=15.00 frames=150 commit_frames=20[0m
[0m[INFO] [1788847464.789649304]: [sim_plan] built plan=143 start=250.70 horizon=15.00 frames=150 commit_frames=20[0m
[0m[INFO] [1788847464.791603627]: [sim_plan] built plan=144 start=250.70 horizon=15.00 frames=150 commit_frames=20[0m
[0m[INFO] [1788847464.793580198]: [sim_plan] built plan=145 start=250.80 horizon=15.00 frames=150 commit_frames=20[0m
[0m[INFO] [1788847464.795236660]: [sim_plan] built plan=146 start=250.80 horizon=15.00 frames=150 commit_frames=20[0m
[0m[INFO] [1788847464.796971636]: [sim_plan] built plan=147 start=250.90 horizon=15.00 frames=150 commit_frames=20[0m
[0m[INFO] [1788847464.798552233]: [sim_plan] built plan=148 start=250.90 horizon=15.00 frames=150 commit_frames=20[0m
[0m[INFO] [1788847464.800153666]: [sim_plan] built plan=149 start=251.00 horizon=15.00 frames=150 commit_frames=20[0m
[0m[INFO] [1788847464.801533836]: [sim_plan] built plan=150 start=251.00 horizon=15.00 frames=150 commit_frames=20[0m
[0m[INFO] [1788847464.802983742]: [sim_plan] built plan=151 start=251.10 horizon=15.00 frames=150 commit_frames=20[0m
[0m[INFO] [1788847464.804395518]: [sim_plan] built plan=152 start=251.10 horizon=15.00 frames=150 commit_frames=20[0m
[0m[INFO] [1788847464.805821580]: [sim_plan] built plan=153 start=251.20 horizon=15.00 frames=150 commit_frames=20[0m
[0m[INFO] [1788847464.807628841]: [sim_plan] built plan=154 start=251.20 horizon=15.00 frames=150 commit_frames=20[0m
[0m[INFO] [1788847464.809389353]: [sim_plan] built plan=155 start=251.30 horizon=15.00 frames=150 commit_frames=20[0m
[0m[INFO] [1788847464.810939758]: [sim_plan] built plan=156 start=251.30 horizon=15.00 frames=150 commit_frames=20[0m
[0m[INFO] [1788847464.812415050]: [sim_plan] built plan=157 start=251.40 horizon=15.00 frames=150 commit_frames=20[0m
[0m[INFO] [1788847464.813854753]: [sim_plan] built plan=158 start=251.40 horizon=15.00 frames=150 commit_frames=20[0m
[0m[INFO] [1788847464.815351007]: [sim_plan] built plan=159 start=251.50 horizon=15.00 frames=150 commit_frames=20[0m
[0m[INFO] [1788847464.816797445]: [sim_plan] built plan=160 start=251.50 horizon=15.00 frames=150 commit_frames=20[0m
[0m[INFO] [1788847464.818500783]: [sim_plan] built pla[33m[WARN] [1788847464.861615367]: [SLOT_DEPARTURE] time=4min13.2s vehicle=V1 owner=none result=ALLOW reason=no_service_owner candidate_path_gen=7 slot_departure_clear_s=0.346 vehicle_mode=ACTIVE vehicle_speed=0.000 vehicle_path_s=0.000 blocker=none a1_prefix_conflict=0 ordinary_road_conflict=0[0m
[33m[WARN] [1788847464.862022108]: [multi_patrol][A1 EXIT PREPARED] V1 target=B32 pickup_dwell=5.00s exit_len=4.055 priority_until_s=0.758 horizon_refresh=IMMEDIATE[0m
n=161 start=251.60 horizon=15.00 frames=150 commit_frames=20[0m
[0m[INFO] [1788847464.820269588]: [sim_plan] built plan=162 start=251.60 horizon=15.00 frames=150 commit_frames=20[0m
[0m[INFO] [1788847464.821731063]: [sim_plan] built plan=163 start=251.70 horizon=15.00 frames=150 commit_frames=20[0m
[0m[INFO] [1788847464.823365627]: [sim_plan] built plan=164 start=251.70 horizon=15.00 frames=150 commit_frames=20[0m
[0m[INFO] [1788847464.824974886]: [sim_plan] built plan=165 start=251.80 horizon=15.00 frames=150 commit_frames=20[0m
[0m[INFO] [1788847464.826530586]: [sim_plan] built plan=166 start=251.80 horizon=15.00 frames=150 commit_frames=20[0m
[0m[INFO] [1788847464.828058342]: [sim_plan] built plan=167 start=251.90 horizon=15.00 frames=150 commit_frames=20[0m
[0m[INFO] [1788847464.829389648]: [sim_plan] built plan=168 start=251.90 horizon=15.00 frames=150 commit_frames=20[0m
[0m[INFO] [1788847464.830761416]: [sim_plan] built plan=169 start=252.00 horizon=15.00 frames=150 commit_frames=20[0m
[0m[INFO] [1788847464.832083668]: [sim_plan] built plan=170 start=252.00 horizon=15.00 frames=150 commit_frames=20[0m
[0m[INFO] [1788847464.833327442]: [sim_plan] built plan=171 start=252.10 horizon=15.00 frames=150 commit_frames=20[0m
[0m[INFO] [1788847464.834550744]: [sim_plan] built plan=172 start=252.10 horizon=15.00 frames=150 commit_frames=20[0m
[0m[INFO] [1788847464.835847013]: [sim_plan] built plan=173 start=252.20 horizon=15.00 frames=150 commit_frames=20[0m
[0m[INFO] [1788847464.837115430]: [sim_plan] built plan=174 start=252.20 horizon=15.00 frames=150 commit_frames=20[0m
[0m[INFO] [1788847464.838392441]: [sim_plan] built plan=175 start=252.30 horizon=15.00 frames=150 commit_frames=20[0m
[0m[INFO] [1788847464.839641582]: [sim_plan] built plan=176 start=252.30 horizon=15.00 frames=150 commit_frames=20[0m
[0m[INFO] [1788847464.840971934]: [sim_plan] built plan=177 start=252.40 horizon=15.00 frames=150 commit_frames=20[0m
[0m[INFO] [1788847464.842261411]: [sim_plan] built plan=178 start=252.40 horizon=15.00 frames=150 commit_frames=20[0m
[0m[INFO] [1788847464.843748099]: [sim_plan] built plan=179 start=252.50 horizon=15.00 frames=150 commit_frames=20[0m
[0m[INFO] [1788847464.845030948]: [sim_plan] built plan=180 start=252.50 horizon=15.00 frames=150 commit_frames=20[0m
[0m[INFO] [1788847464.846267228]: [sim_plan] built plan=181 start=252.60 horizon=15.00 frames=150 commit_frames=20[0m
[0m[INFO] [1788847464.847729987]: [sim_plan] built plan=182 start=252.60 horizon=15.00 frames=150 commit_frames=20[0m
[0m[INFO] [1788847464.849071149]: [sim_plan] built plan=183 start=252.70 horizon=15.00 frames=150 commit_frames=20[0m
[0m[INFO] [1788847464.850325425]: [sim_plan] built plan=184 start=252.70 horizon=15.00 frames=150 commit_frames=20[0m
[0m[INFO] [1788847464.851834729]: [sim_plan] built plan=185 start=252.80 horizon=15.00 frames=150 commit_frames=20[0m
[0m[INFO] [1788847464.853290947]: [sim_plan] built plan=186 start=252.80 horizon=15.00 frames=150 commit_frames=20[0m
[0m[INFO] [1788847464.854591840]: [sim_plan] built plan=187 start=252.90 horizon=15.00 frames=150 commit_frames=20[0m
[0m[INFO] [1788847464.855925816]: [sim_plan] built plan=188 start=252.90 horizon=15.00 frames=150 commit_frames=20[0m
[0m[INFO] [1788847464.857486969]: [sim_plan] built plan=189 start=253.00 horizon=15.00 frames=150 commit_frames=20[0m
[0m[INFO] [1788847464.858717073]: [sim_plan] built plan=190 start=253.00 horizon=15.00 frames=150 commit_frames=20[0m
[0m[INFO] [1788847464.859921515]: [sim_plan] built plan=191 start=253.10 horizon=15.00 frames=150 commit_frames=20[0m
[0m[INFO] [1788847464.861289161]: [sim_plan] built plan=192 start=253.10 horizon=15.00 frames=150 commit_frames=20[0m
[0m[INFO] [1788847464.861571418]: [multi_patrol][A1] V1 pickup leg: B6 -> A1  wpts=162 len=1.900[0m
[0m[INFO] [1788847464.878048563]: [sim_plan] built plan=193 start=253.20 horizon=15.00 frames=150 commit_frames=20[0m
[0m[INFO] [1788847464.888996613]: [sim_plan] built plan=194 start=255.20 horizon=15.00 f[33m[WARN] [1788847464.909514413]: [SLOT_DEPARTURE] time=4min24.3s vehicle=V0 owner=V1 result=ALLOW reason=slot_departure_clear candidate_path_gen=7 slot_departure_clear_s=0.346 vehicle_mode=ACTIVE vehicle_speed=0.000 vehicle_path_s=0.000 blocker=none a1_prefix_conflict=0 ordinary_road_conflict=0 owner_phase=TO_A1 owner_path_gen=7 geometry=pending_preview protected_zones=0 actual_occupancy_priority=0[0m
[33m[WARN] [1788847464.909946175]: [multi_patrol][A1 EXIT PREPARED] V0 target=B44 pickup_dwell=5.00s exit_len=7.399 priority_until_s=0.758 horizon_refresh=IMMEDIATE[0m
[33m[WARN] [1788847464.935784870]: [multi_patrol][A1 EXIT HORIZON] V1 target=B32 dwell_part=4.90s departure_window=10.10s total_horizon=15.00s[0m
[33m[WARN] [1788847464.951093435]: [multi_patrol][A1 EXIT HORIZON] V1 target=B32 dwell_part=2.90s departure_window=12.10s total_horizon=15.00s[0m
[33m[WARN] [1788847464.970796510]: [multi_patrol][A1 EXIT HORIZON] V1 target=B32 dwell_part=0.90s departure_window=14.10s total_horizon=15.00s[0m
[33m[WARN] [1788847465.203526484]: [multi_patrol][A1 EXIT HORIZON] V0 target=B44 dwell_part=4.90s departure_window=10.10s total_horizon=15.00s[0m
[33m[WARN] [1788847465.208684639]: [SLOT_DEPARTURE] time=5min1.9s vehicle=V1 owner=V0 result=ALLOW reason=slot_departure_clear candidate_path_gen=9 slot_departure_clear_s=0.327 vehicle_mode=ACTIVE vehicle_speed=0.000 vehicle_path_s=0.000 blocker=none a1_prefix_conflict=0 ordinary_road_conflict=0 owner_phase=PICKUP_DWELL owner_path_gen=7 geometry=pending_preview protected_zones=0 actual_occupancy_priority=0[0m
[33m[WARN] [1788847465.209410430]: [multi_patrol][A1 EXIT PREPARED] V1 target=B27 pickup_dwell=5.00s exit_len=7.516 priority_until_s=0.758 horizon_refresh=IMMEDIATE[0m
[33m[WARN] [1788847465.239720962]: [multi_patrol][A1 EXIT HORIZON] V0 target=B44 dwell_part=4.50s departure_window=10.50s total_horizon=15.00s[0m
[33m[WARN] [1788847465.280455050]: [multi_patrol][A1 EXIT HORIZON] V0 target=B44 dwell_part=2.50s departure_window=12.50s total_horizon=15.00s[0m
[33m[WARN] [1788847465.328898399]: [multi_patrol][A1 EXIT HORIZON] V0 target=B44 dwell_part=0.50s departure_window=14.50s total_horizon=15.00s[0m
rames=150 commit_frames=20[0m
[0m[INFO] [1788847464.894458019]: [sim_plan] built plan=195 start=257.20 horizon=15.00 frames=150 commit_frames=20[0m
[0m[INFO] [1788847464.897909813]: [sim_plan] built plan=196 start=259.20 horizon=15.00 frames=150 commit_frames=20[0m
[0m[INFO] [1788847464.901453945]: [sim_plan] built plan=197 start=261.20 horizon=15.00 frames=150 commit_frames=20[0m
[0m[INFO] [1788847464.904587675]: [sim_plan] built plan=198 start=263.20 horizon=15.00 frames=150 commit_frames=20[0m
[0m[INFO] [1788847464.909459559]: [multi_patrol][A1] V0 pickup leg: B62 -> A1  wpts=501 len=6.026[0m
[0m[INFO] [1788847464.921804347]: [sim_plan] built plan=199 start=264.30 horizon=15.00 frames=150 commit_frames=20[0m
[0m[INFO] [1788847464.935736076]: [sim_plan] built plan=200 start=265.20 horizon=15.00 frames=150 commit_frames=20[0m
[0m[INFO] [1788847464.951047232]: [sim_plan] built plan=201 start=267.20 horizon=15.00 frames=150 commit_frames=20[0m
[0m[INFO] [1788847464.970745740]: [sim_plan] built plan=202 start=269.20 horizon=15.00 frames=150 commit_frames=20[0m
[0m[INFO] [1788847464.972118577]: [multi_patrol][A1] V1 activate prepared dropoff: A1 -> B32 len=4.055 priority_until_s=0.758[0m
[0m[INFO] [1788847464.991175588]: [sim_plan] built plan=203 start=270.10 horizon=15.00 frames=150 commit_frames=20[0m
[0m[INFO] [1788847465.014919992]: [sim_plan] built plan=204 start=272.10 horizon=15.00 frames=150 commit_frames=20[0m
[0m[INFO] [1788847465.032353674]: [sim_plan] built plan=205 start=274.10 horizon=15.00 frames=150 commit_frames=20[0m
[0m[INFO] [1788847465.033923040]: [multi_patrol][A1 EXIT PRIORITY RELEASE] V1 s=0.771 threshold=0.758[0m
[0m[INFO] [1788847465.050297237]: [sim_plan] built plan=206 start=276.10 horizon=15.00 frames=150 commit_frames=20[0m
[0m[INFO] [1788847465.068213722]: [sim_plan] built plan=207 start=278.10 horizon=15.00 frames=150 commit_frames=20[0m
[0m[INFO] [1788847465.088888932]: [sim_plan] built plan=208 start=280.10 horizon=15.00 frames=150 commit_frames=20[0m
[0m[INFO] [1788847465.107167959]: [sim_plan] built plan=209 start=282.10 horizon=15.00 frames=150 commit_frames=20[0m
[0m[INFO] [1788847465.121488607]: [sim_plan] built plan=210 start=284.10 horizon=15.00 frames=150 commit_frames=20[0m
[0m[INFO] [1788847465.140129832]: [sim_plan] built plan=211 start=286.10 horizon=15.00 frames=150 commit_frames=20[0m
[0m[INFO] [1788847465.159707702]: [sim_plan] built plan=212 start=288.10 horizon=15.00 frames=150 commit_frames=20[0m
[0m[INFO] [1788847465.170229077]: [sim_plan] built plan=213 start=290.10 horizon=15.00 frames=150 commit_frames=20[0m
[0m[INFO] [1788847465.179758523]: [sim_plan] built plan=214 start=292.10 horizon=15.00 frames=150 commit_frames=20[0m
[0m[INFO] [1788847465.186879648]: [sim_plan] built plan=215 start=294.10 horizon=15.00 frames=150 commit_frames=20[0m
[0m[INFO] [1788847465.192051312]: [sim_plan] built plan=216 start=296.10 horizon=15.00 frames=150 commit_frames=20[0m
[0m[INFO] [1788847465.195791867]: [sim_plan] built plan=217 start=298.10 horizon=15.00 frames=150 commit_frames=20[0m
[0m[INFO] [1788847465.199522090]: [sim_plan] built plan=218 start=300.10 horizon=15.00 frames=150 commit_frames=20[0m
[0m[INFO] [1788847465.203477949]: [sim_plan] built plan=219 start=301.50 horizon=15.00 frames=150 commit_frames=20[0m
[0m[INFO] [1788847465.208608023]: [multi_patrol][A1] V1 pickup leg: B32 -> A1  wpts=286 len=3.302[0m
[0m[INFO] [1788847465.239669113]: [sim_plan] built plan=220 start=301.90 horizon=15.00 frames=150 commit_frames=20[0m
[0m[INFO] [1788847465.280371237]: [sim_plan] built plan=221 start=303.90 horizon=15.00 frames=150 commit_frames=20[0m
[0m[INFO] [1788847465.328830693]: [sim_plan] built plan=222 start=305.90 horizon=15.00 frames=150 commit_frames=20[0m
[0m[INFO] [1788847465.330337487]: [multi_patrol][A1] V0 activate prepared dropoff: A1 -> B44 len=7.399 priority_until_s=0.758[0m
[0m[INFO] [1788847465.373511639]: [sim_plan] built plan=223 start=306.40 horizon=15.00 frames=150 commit_frames=20[0m
[0m[INFO][33m[WARN] [1788847465.565898960]: [multi_patrol][A1 EXIT HORIZON] V1 target=B27 dwell_part=4.90s departure_window=10.10s total_horizon=15.00s[0m
[33m[WARN] [1788847465.578789440]: [multi_patrol][A1 EXIT HORIZON] V1 target=B27 dwell_part=2.90s departure_window=12.10s total_horizon=15.00s[0m
[33m[WARN] [1788847465.599885393]: [multi_patrol][A1 EXIT HORIZON] V1 target=B27 dwell_part=0.90s departure_window=14.10s total_horizon=15.00s[0m
[33m[WARN] [1788847465.753575753]: [SLOT_DEPARTURE] time=5min54.4s vehicle=V0 owner=none result=ALLOW reason=no_service_owner candidate_path_gen=9 slot_departure_clear_s=0.327 vehicle_mode=ACTIVE vehicle_speed=0.000 vehicle_path_s=0.000 blocker=none a1_prefix_conflict=0 ordinary_road_conflict=0[0m
[33m[WARN] [1788847465.754003488]: [multi_patrol][A1 EXIT PREPARED] V0 target=B61 pickup_dwell=5.00s exit_len=8.398 priority_until_s=0.758 horizon_refresh=IMMEDIATE[0m
 [1788847465.413785991]: [sim_plan] built plan=224 start=308.40 horizon=15.00 frames=150 commit_frames=20[0m
[0m[INFO] [1788847465.446404018]: [sim_plan] built plan=225 start=310.40 horizon=15.00 frames=150 commit_frames=20[0m
[0m[INFO] [1788847465.447986753]: [multi_patrol][A1 EXIT PRIORITY RELEASE] V0 s=0.771 threshold=0.758[0m
[0m[INFO] [1788847465.471249780]: [sim_plan] built plan=226 start=312.40 horizon=15.00 frames=150 commit_frames=20[0m
[0m[INFO] [1788847465.487757483]: [sim_plan] built plan=227 start=314.40 horizon=15.00 frames=150 commit_frames=20[0m
[0m[INFO] [1788847465.505135088]: [sim_plan] built plan=228 start=316.40 horizon=15.00 frames=150 commit_frames=20[0m
[0m[INFO] [1788847465.520167347]: [sim_plan] built plan=229 start=318.40 horizon=15.00 frames=150 commit_frames=20[0m
[0m[INFO] [1788847465.533330171]: [sim_plan] built plan=230 start=320.40 horizon=15.00 frames=150 commit_frames=20[0m
[0m[INFO] [1788847465.544648853]: [sim_plan] built plan=231 start=322.40 horizon=15.00 frames=150 commit_frames=20[0m
[0m[INFO] [1788847465.555977453]: [sim_plan] built plan=232 start=324.40 horizon=15.00 frames=150 commit_frames=20[0m
[0m[INFO] [1788847465.565841736]: [sim_plan] built plan=233 start=325.90 horizon=15.00 frames=150 commit_frames=20[0m
[0m[INFO] [1788847465.578727053]: [sim_plan] built plan=234 start=327.90 horizon=15.00 frames=150 commit_frames=20[0m
[0m[INFO] [1788847465.599818092]: [sim_plan] built plan=235 start=329.90 horizon=15.00 frames=150 commit_frames=20[0m
[0m[INFO] [1788847465.601345521]: [multi_patrol][A1] V1 activate prepared dropoff: A1 -> B27 len=7.516 priority_until_s=0.758[0m
[0m[INFO] [1788847465.617157759]: [sim_plan] built plan=236 start=330.80 horizon=15.00 frames=150 commit_frames=20[0m
[0m[INFO] [1788847465.651782810]: [sim_plan] built plan=237 start=332.80 horizon=15.00 frames=150 commit_frames=20[0m
[0m[INFO] [1788847465.671022959]: [sim_plan] built plan=238 start=334.80 horizon=15.00 frames=150 commit_frames=20[0m
[0m[INFO] [1788847465.672307253]: [multi_patrol][A1 EXIT PRIORITY RELEASE] V1 s=0.771 threshold=0.758[0m
[0m[INFO] [1788847465.687397891]: [sim_plan] built plan=239 start=336.80 horizon=15.00 frames=150 commit_frames=20[0m
[0m[INFO] [1788847465.702073617]: [sim_plan] built plan=240 start=338.80 horizon=15.00 frames=150 commit_frames=20[0m
[0m[INFO] [1788847465.714733621]: [sim_plan] built plan=241 start=340.80 horizon=15.00 frames=150 commit_frames=20[0m
[0m[INFO] [1788847465.725356123]: [sim_plan] built plan=242 start=342.80 horizon=15.00 frames=150 commit_frames=20[0m
[0m[INFO] [1788847465.733543589]: [sim_plan] built plan=243 start=344.80 horizon=15.00 frames=150 commit_frames=20[0m
[0m[INFO] [1788847465.740436570]: [sim_plan] built plan=244 start=346.80 horizon=15.00 frames=150 commit_frames=20[0m
[0m[INFO] [1788847465.745425319]: [sim_plan] built plan=245 start=348.80 horizon=15.00 frames=150 commit_frames=20[0m
[0m[INFO] [1788847465.749388082]: [sim_plan] built plan=246 start=350.80 horizon=15.00 frames=150 commit_frames=20[0m
[0m[INFO] [1788847465.752947964]: [sim_plan] built plan=247 start=352.80 horizon=15.00 frames=150 commit_frames=20[0m
[0m[INFO] [1788847465.753534617]: [multi_patrol][A1] V0 pickup leg: B44 -> A1  wpts=486 len=5.327[0m
[0m[INFO] [1788847465.771424695]: [sim_plan] built plan=248 start=354.40 horizon=15.00 frames=150 commit_frames=20[0m
[0m[INFO] [1788847465.804505360]: [sim_plan] built plan=249 start=356.40 horizon=15.00 frames=150 commit_frames=20[0m
[0m[INFO] [1788847465.822955501]: [sim_plan] built plan=250 start=358.40 horizon=15.00 frames=150 commit_frames=20[0m
[0m[INFO] [1788847465.840347680]: [sim_plan] built plan=251 start=360.40 horizon=15.00 frames=150 commit_frames=20[0m
[0m[INFO] [1788847465.858599465]: [sim_plan] built plan=252 start=362.40 horizon=15.00 frames=150 commit_frames=20[0m
[0m[INFO] [1788847465.872632422]: [sim_plan] built plan=253 start=364.40 horizon=15.00 frames=150 commit_frames=20[0m
[0m[INFO] [1788847465.884188561]: [sim_plan] built plan=2[33m[WARN] [1788847465.945712955]: [SLOT_DEPARTURE] time=6min19.4s vehicle=V1 owner=V0 result=ALLOW reason=slot_departure_clear candidate_path_gen=11 slot_departure_clear_s=0.327 vehicle_mode=ACTIVE vehicle_speed=0.000 vehicle_path_s=0.000 blocker=none a1_prefix_conflict=0 ordinary_road_conflict=0 owner_phase=TO_A1 owner_path_gen=9 geometry=pending_preview protected_zones=0 actual_occupancy_priority=0[0m
[33m[WARN] [1788847465.946139611]: [multi_patrol][A1 EXIT PREPARED] V1 target=B20 pickup_dwell=5.00s exit_len=4.313 priority_until_s=0.758 horizon_refresh=IMMEDIATE[0m
[33m[WARN] [1788847466.013261958]: [multi_patrol][A1 EXIT HORIZON] V0 target=B61 dwell_part=4.90s departure_window=10.10s total_horizon=15.00s[0m
[33m[WARN] [1788847466.028700940]: [multi_patrol][A1 EXIT HORIZON] V0 target=B61 dwell_part=2.90s departure_window=12.10s total_horizon=15.00s[0m
[33m[WARN] [1788847466.047314421]: [multi_patrol][A1 EXIT HORIZON] V0 target=B61 dwell_part=0.90s departure_window=14.10s total_horizon=15.00s[0m
[33m[WARN] [1788847466.158802907]: [SOURCE=REAL] [plan=270] [frame=5] [rollout_step=-1] [multi_patrol][A1 EXIT INTRUSION ENTER] owner=V0 target=B61 blocker=V1 dwell_remaining=0.00s visible_exit_t=15.00s owner_exit_s=3.202 blocker_phase=1 blocker_s=2.914 action=DIAG_ONLY[0m
[33m[WARN] [1788847466.160007180]: [SOURCE=REAL] [plan=270] [frame=14] [rollout_step=-1] [multi_patrol][A1 EXIT INTRUSION CLEAR] owner=V0 blocker=V1[0m
[33m[WARN] [1788847466.294726632]: [multi_patrol][A1 EXIT HORIZON] V1 target=B20 dwell_part=4.90s departure_window=10.10s total_horizon=15.00s[0m
[33m[WARN] [1788847466.310459692]: [multi_patrol][A1 EXIT HORIZON] V1 target=B20 dwell_part=2.90s departure_window=12.10s total_horizon=15.00s[0m
[33m[WARN] [1788847466.334510234]: [multi_patrol][A1 EXIT HORIZON] V1 target=B20 dwell_part=0.90s departure_window=14.10s total_horizon=15.00s[0m
54 start=366.40 horizon=15.00 frames=150 commit_frames=20[0m
[0m[INFO] [1788847465.894855870]: [sim_plan] built plan=255 start=368.40 horizon=15.00 frames=150 commit_frames=20[0m
[0m[INFO] [1788847465.903292521]: [sim_plan] built plan=256 start=370.40 horizon=15.00 frames=150 commit_frames=20[0m
[0m[INFO] [1788847465.919583880]: [sim_plan] built plan=257 start=372.40 horizon=15.00 frames=150 commit_frames=20[0m
[0m[INFO] [1788847465.925346918]: [sim_plan] built plan=258 start=374.40 horizon=15.00 frames=150 commit_frames=20[0m
[0m[INFO] [1788847465.931477517]: [sim_plan] built plan=259 start=376.40 horizon=15.00 frames=150 commit_frames=20[0m
[0m[INFO] [1788847465.936004496]: [sim_plan] built plan=260 start=378.40 horizon=15.00 frames=150 commit_frames=20[0m
[0m[INFO] [1788847465.945664305]: [multi_patrol][A1] V1 pickup leg: B27 -> A1  wpts=469 len=5.444[0m
[0m[INFO] [1788847465.959542007]: [sim_plan] built plan=261 start=379.40 horizon=15.00 frames=150 commit_frames=20[0m
[0m[INFO] [1788847465.979883681]: [sim_plan] built plan=262 start=381.40 horizon=15.00 frames=150 commit_frames=20[0m
[0m[INFO] [1788847465.991260826]: [sim_plan] built plan=263 start=383.40 horizon=15.00 frames=150 commit_frames=20[0m
[0m[INFO] [1788847466.002172530]: [sim_plan] built plan=264 start=385.40 horizon=15.00 frames=150 commit_frames=20[0m
[0m[INFO] [1788847466.013213424]: [sim_plan] built plan=265 start=387.20 horizon=15.00 frames=150 commit_frames=20[0m
[0m[INFO] [1788847466.028650488]: [sim_plan] built plan=266 start=389.20 horizon=15.00 frames=150 commit_frames=20[0m
[0m[INFO] [1788847466.047255637]: [sim_plan] built plan=267 start=391.20 horizon=15.00 frames=150 commit_frames=20[0m
[0m[INFO] [1788847466.048763741]: [multi_patrol][A1] V0 activate prepared dropoff: A1 -> B61 len=8.398 priority_until_s=0.758[0m
[0m[INFO] [1788847466.083992376]: [sim_plan] built plan=268 start=392.10 horizon=15.00 frames=150 commit_frames=20[0m
[0m[INFO] [1788847466.128015527]: [sim_plan] built plan=269 start=394.10 horizon=15.00 frames=150 commit_frames=20[0m
[0m[INFO] [1788847466.157927434]: [sim_plan] built plan=270 start=396.10 horizon=15.00 frames=150 commit_frames=20[0m
[0m[INFO] [1788847466.159968578]: [multi_patrol][A1 EXIT PRIORITY RELEASE] V0 s=0.771 threshold=0.758[0m
[0m[INFO] [1788847466.183900782]: [sim_plan] built plan=271 start=398.10 horizon=15.00 frames=150 commit_frames=20[0m
[0m[INFO] [1788847466.202745112]: [sim_plan] built plan=272 start=400.10 horizon=15.00 frames=150 commit_frames=20[0m
[0m[INFO] [1788847466.218760718]: [sim_plan] built plan=273 start=402.10 horizon=15.00 frames=150 commit_frames=20[0m
[0m[INFO] [1788847466.235616015]: [sim_plan] built plan=274 start=404.10 horizon=15.00 frames=150 commit_frames=20[0m
[0m[INFO] [1788847466.247419073]: [sim_plan] built plan=275 start=406.10 horizon=15.00 frames=150 commit_frames=20[0m
[0m[INFO] [1788847466.258480189]: [sim_plan] built plan=276 start=408.10 horizon=15.00 frames=150 commit_frames=20[0m
[0m[INFO] [1788847466.272448361]: [sim_plan] built plan=277 start=410.10 horizon=15.00 frames=150 commit_frames=20[0m
[0m[INFO] [1788847466.283199817]: [sim_plan] built plan=278 start=412.10 horizon=15.00 frames=150 commit_frames=20[0m
[0m[INFO] [1788847466.294648445]: [sim_plan] built plan=279 start=413.90 horizon=15.00 frames=150 commit_frames=20[0m
[0m[INFO] [1788847466.310406783]: [sim_plan] built plan=280 start=415.90 horizon=15.00 frames=150 commit_frames=20[0m
[0m[INFO] [1788847466.334427423]: [sim_plan] built plan=281 start=417.90 horizon=15.00 frames=150 commit_frames=20[0m
[0m[INFO] [1788847466.336132159]: [multi_patrol][A1] V1 activate prepared dropoff: A1 -> B20 len=4.313 priority_until_s=0.758[0m
[0m[INFO] [1788847466.355169685]: [sim_plan] built plan=282 start=418.80 horizon=15.00 frames=150 commit_frames=20[0m
[0m[INFO] [1788847466.385550041]: [sim_plan] built plan=283 start=420.80 horizon=15.00 frames=150 commit_frames=20[0m
[0m[INFO] [1788847466.410888306]: [sim_plan] built plan=284 start=422.80 horizon=[33m[WARN] [1788847466.517445575]: [SLOT_DEPARTURE] time=7min25.2s vehicle=V0 owner=none result=ALLOW reason=no_service_owner candidate_path_gen=11 slot_departure_clear_s=0.346 vehicle_mode=ACTIVE vehicle_speed=0.000 vehicle_path_s=0.000 blocker=none a1_prefix_conflict=0 ordinary_road_conflict=0[0m
[33m[WARN] [1788847466.518026082]: [multi_patrol][A1 EXIT PREPARED] V0 target=B22 pickup_dwell=5.00s exit_len=4.094 priority_until_s=0.758 horizon_refresh=IMMEDIATE[0m
[33m[WARN] [1788847466.530656932]: [SLOT_DEPARTURE] time=7min29.6s vehicle=V1 owner=none result=ALLOW reason=no_service_owner candidate_path_gen=13 slot_departure_clear_s=0.327 vehicle_mode=ACTIVE vehicle_speed=0.000 vehicle_path_s=0.000 blocker=none a1_prefix_conflict=0 ordinary_road_conflict=0[0m
[33m[WARN] [1788847466.531099252]: [multi_patrol][A1 EXIT PREPARED] V1 target=B45 pickup_dwell=5.00s exit_len=8.932 priority_until_s=0.758 horizon_refresh=IMMEDIATE[0m
[33m[WARN] [1788847466.967757382]: [multi_patrol][A1 EXIT HORIZON] V1 target=B45 dwell_part=4.90s departure_window=10.10s total_horizon=15.00s[0m
[33m[WARN] [1788847467.017622446]: [multi_patrol][A1 EXIT HORIZON] V1 target=B45 dwell_part=2.90s departure_window=12.10s total_horizon=15.00s[0m
[33m[WARN] [1788847467.059400324]: [multi_patrol][A1 EXIT HORIZON] V1 target=B45 dwell_part=0.90s departure_window=14.10s total_horizon=15.00s[0m
15.00 frames=150 commit_frames=20[0m
[0m[INFO] [1788847466.413016769]: [multi_patrol][A1 EXIT PRIORITY RELEASE] V1 s=0.771 threshold=0.758[0m
[0m[INFO] [1788847466.433209266]: [sim_plan] built plan=285 start=424.80 horizon=15.00 frames=150 commit_frames=20[0m
[0m[INFO] [1788847466.452889155]: [sim_plan] built plan=286 start=426.80 horizon=15.00 frames=150 commit_frames=20[0m
[0m[INFO] [1788847466.468174279]: [sim_plan] built plan=287 start=428.80 horizon=15.00 frames=150 commit_frames=20[0m
[0m[INFO] [1788847466.484509442]: [sim_plan] built plan=288 start=430.80 horizon=15.00 frames=150 commit_frames=20[0m
[0m[INFO] [1788847466.495286189]: [sim_plan] built plan=289 start=432.80 horizon=15.00 frames=150 commit_frames=20[0m
[0m[INFO] [1788847466.503552921]: [sim_plan] built plan=290 start=434.80 horizon=15.00 frames=150 commit_frames=20[0m
[0m[INFO] [1788847466.509679475]: [sim_plan] built plan=291 start=436.80 horizon=15.00 frames=150 commit_frames=20[0m
[0m[INFO] [1788847466.513074969]: [sim_plan] built plan=292 start=438.80 horizon=15.00 frames=150 commit_frames=20[0m
[0m[INFO] [1788847466.514600587]: [sim_plan] built plan=293 start=440.80 horizon=15.00 frames=150 commit_frames=20[0m
[0m[INFO] [1788847466.516004184]: [sim_plan] built plan=294 start=442.80 horizon=15.00 frames=150 commit_frames=20[0m
[0m[INFO] [1788847466.516992627]: [sim_plan] built plan=295 start=444.80 horizon=15.00 frames=150 commit_frames=20[0m
[0m[INFO] [1788847466.517397272]: [multi_patrol][A1] V0 pickup leg: B61 -> A1  wpts=479 len=5.806[0m
[0m[INFO] [1788847466.522337389]: [sim_plan] built plan=296 start=445.20 horizon=15.00 frames=150 commit_frames=20[0m
[0m[INFO] [1788847466.526340758]: [sim_plan] built plan=297 start=447.20 horizon=15.00 frames=150 commit_frames=20[0m
[0m[INFO] [1788847466.530047910]: [sim_plan] built plan=298 start=449.20 horizon=15.00 frames=150 commit_frames=20[0m
[0m[INFO] [1788847466.530616644]: [multi_patrol][A1] V1 pickup leg: B20 -> A1  wpts=304 len=3.391[0m
[0m[INFO] [1788847466.548408602]: [sim_plan] built plan=299 start=449.60 horizon=15.00 frames=150 commit_frames=20[0m
[0m[INFO] [1788847466.569125538]: [sim_plan] built plan=300 start=451.60 horizon=15.00 frames=150 commit_frames=20[0m
[0m[INFO] [1788847466.586210548]: [sim_plan] built plan=301 start=453.60 horizon=15.00 frames=150 commit_frames=20[0m
[0m[INFO] [1788847466.606395627]: [sim_plan] built plan=302 start=455.60 horizon=15.00 frames=150 commit_frames=20[0m
[0m[INFO] [1788847466.632947821]: [sim_plan] built plan=303 start=457.60 horizon=15.00 frames=150 commit_frames=20[0m
[0m[INFO] [1788847466.665175572]: [sim_plan] built plan=304 start=459.60 horizon=15.00 frames=150 commit_frames=20[0m
[0m[INFO] [1788847466.707490543]: [sim_plan] built plan=305 start=461.60 horizon=15.00 frames=150 commit_frames=20[0m
[0m[INFO] [1788847466.750704811]: [sim_plan] built plan=306 start=463.60 horizon=15.00 frames=150 commit_frames=20[0m
[0m[INFO] [1788847466.803346084]: [sim_plan] built plan=307 start=465.60 horizon=15.00 frames=150 commit_frames=20[0m
[0m[INFO] [1788847466.860940294]: [sim_plan] built plan=308 start=467.60 horizon=15.00 frames=150 commit_frames=20[0m
[0m[INFO] [1788847466.919207225]: [sim_plan] built plan=309 start=469.60 horizon=15.00 frames=150 commit_frames=20[0m
[0m[INFO] [1788847466.967705977]: [sim_plan] built plan=310 start=470.80 horizon=15.00 frames=150 commit_frames=20[0m
[0m[INFO] [1788847467.017578179]: [sim_plan] built plan=311 start=472.80 horizon=15.00 frames=150 commit_frames=20[0m
[0m[INFO] [1788847467.059350952]: [sim_plan] built plan=312 start=474.80 horizon=15.00 frames=150 commit_frames=20[0m
[0m[INFO] [1788847467.060976242]: [multi_patrol][A1] V1 activate prepared dropoff: A1 -> B45 len=8.932 priority_until_s=0.758[0m
[0m[INFO] [1788847467.102780150]: [sim_plan] built plan=313 start=475.70 horizon=15.00 frames=150 commit_frames=20[0m
[0m[INFO] [1788847467.146649496]: [sim_plan] built plan=314 start=477.70 horizon=15.00 frames=150 commit_frames=20[0m
[0m[INFO] [17[33m[WARN] [1788847467.270785585]: [multi_patrol][A1 EXIT HORIZON] V0 target=B22 dwell_part=4.90s departure_window=10.10s total_horizon=15.00s[0m
[33m[WARN] [1788847467.282899323]: [multi_patrol][A1 EXIT HORIZON] V0 target=B22 dwell_part=2.90s departure_window=12.10s total_horizon=15.00s[0m
[33m[WARN] [1788847467.299042040]: [multi_patrol][A1 EXIT HORIZON] V0 target=B22 dwell_part=0.90s departure_window=14.10s total_horizon=15.00s[0m
[33m[WARN] [1788847467.465236985]: [SLOT_DEPARTURE] time=8min48.6s vehicle=V0 owner=none result=ALLOW reason=no_service_owner candidate_path_gen=13 slot_departure_clear_s=0.327 vehicle_mode=ACTIVE vehicle_speed=0.000 vehicle_path_s=0.000 blocker=none a1_prefix_conflict=0 ordinary_road_conflict=0[0m
[33m[WARN] [1788847467.465780039]: [multi_patrol][A1 EXIT PREPARED] V0 target=B53 pickup_dwell=5.00s exit_len=6.964 priority_until_s=0.758 horizon_refresh=IMMEDIATE[0m
[33m[WARN] [1788847467.474651574]: [SLOT_DEPARTURE] time=8min51.6s vehicle=V1 owner=none result=ALLOW reason=no_service_owner candidate_path_gen=15 slot_departure_clear_s=0.327 vehicle_mode=ACTIVE vehicle_speed=0.000 vehicle_path_s=0.000 blocker=none a1_prefix_conflict=0 ordinary_road_conflict=0[0m
[33m[WARN] [1788847467.475374580]: [multi_patrol][A1 EXIT PREPARED] V1 target=B34 pickup_dwell=5.00s exit_len=4.275 priority_until_s=0.758 horizon_refresh=IMMEDIATE[0m
88847467.174439684]: [sim_plan] built plan=315 start=479.70 horizon=15.00 frames=150 commit_frames=20[0m
[0m[INFO] [1788847467.176075474]: [multi_patrol][A1 EXIT PRIORITY RELEASE] V1 s=0.771 threshold=0.758[0m
[0m[INFO] [1788847467.195840753]: [sim_plan] built plan=316 start=481.70 horizon=15.00 frames=150 commit_frames=20[0m
[0m[INFO] [1788847467.209177862]: [sim_plan] built plan=317 start=483.70 horizon=15.00 frames=150 commit_frames=20[0m
[0m[INFO] [1788847467.220905202]: [sim_plan] built plan=318 start=485.70 horizon=15.00 frames=150 commit_frames=20[0m
[0m[INFO] [1788847467.231820259]: [sim_plan] built plan=319 start=487.70 horizon=15.00 frames=150 commit_frames=20[0m
[0m[INFO] [1788847467.241396372]: [sim_plan] built plan=320 start=489.70 horizon=15.00 frames=150 commit_frames=20[0m
[0m[INFO] [1788847467.250780416]: [sim_plan] built plan=321 start=491.70 horizon=15.00 frames=150 commit_frames=20[0m
[0m[INFO] [1788847467.261066683]: [sim_plan] built plan=322 start=493.70 horizon=15.00 frames=150 commit_frames=20[0m
[0m[INFO] [1788847467.270741212]: [sim_plan] built plan=323 start=493.90 horizon=15.00 frames=150 commit_frames=20[0m
[0m[INFO] [1788847467.282846714]: [sim_plan] built plan=324 start=495.90 horizon=15.00 frames=150 commit_frames=20[0m
[0m[INFO] [1788847467.298989074]: [sim_plan] built plan=325 start=497.90 horizon=15.00 frames=150 commit_frames=20[0m
[0m[INFO] [1788847467.300346546]: [multi_patrol][A1] V0 activate prepared dropoff: A1 -> B22 len=4.094 priority_until_s=0.758[0m
[0m[INFO] [1788847467.318945492]: [sim_plan] built plan=326 start=498.80 horizon=15.00 frames=150 commit_frames=20[0m
[0m[INFO] [1788847467.344552931]: [sim_plan] built plan=327 start=500.80 horizon=15.00 frames=150 commit_frames=20[0m
[0m[INFO] [1788847467.360459630]: [sim_plan] built plan=328 start=502.80 horizon=15.00 frames=150 commit_frames=20[0m
[0m[INFO] [1788847467.361687147]: [multi_patrol][A1 EXIT PRIORITY RELEASE] V0 s=0.771 threshold=0.758[0m
[0m[INFO] [1788847467.375327759]: [sim_plan] built plan=329 start=504.80 horizon=15.00 frames=150 commit_frames=20[0m
[0m[INFO] [1788847467.390445871]: [sim_plan] built plan=330 start=506.80 horizon=15.00 frames=150 commit_frames=20[0m
[0m[INFO] [1788847467.405714059]: [sim_plan] built plan=331 start=508.80 horizon=15.00 frames=150 commit_frames=20[0m
[0m[INFO] [1788847467.419518207]: [sim_plan] built plan=332 start=510.80 horizon=15.00 frames=150 commit_frames=20[0m
[0m[INFO] [1788847467.431872968]: [sim_plan] built plan=333 start=512.80 horizon=15.00 frames=150 commit_frames=20[0m
[0m[INFO] [1788847467.443015756]: [sim_plan] built plan=334 start=514.80 horizon=15.00 frames=150 commit_frames=20[0m
[0m[INFO] [1788847467.450698178]: [sim_plan] built plan=335 start=516.80 horizon=15.00 frames=150 commit_frames=20[0m
[0m[INFO] [1788847467.456482639]: [sim_plan] built plan=336 start=518.80 horizon=15.00 frames=150 commit_frames=20[0m
[0m[INFO] [1788847467.460482888]: [sim_plan] built plan=337 start=520.80 horizon=15.00 frames=150 commit_frames=20[0m
[0m[INFO] [1788847467.462579800]: [sim_plan] built plan=338 start=522.80 horizon=15.00 frames=150 commit_frames=20[0m
[0m[INFO] [1788847467.463752719]: [sim_plan] built plan=339 start=524.80 horizon=15.00 frames=150 commit_frames=20[0m
[0m[INFO] [1788847467.464748882]: [sim_plan] built plan=340 start=526.80 horizon=15.00 frames=150 commit_frames=20[0m
[0m[INFO] [1788847467.465196630]: [multi_patrol][A1] V0 pickup leg: B22 -> A1  wpts=288 len=3.280[0m
[0m[INFO] [1788847467.469839583]: [sim_plan] built plan=341 start=528.60 horizon=15.00 frames=150 commit_frames=20[0m
[0m[INFO] [1788847467.473861325]: [sim_plan] built plan=342 start=530.60 horizon=15.00 frames=150 commit_frames=20[0m
[0m[INFO] [1788847467.474595679]: [multi_patrol][A1] V1 pickup leg: B45 -> A1  wpts=572 len=6.460[0m
[0m[INFO] [1788847467.496781660]: [sim_plan] built plan=343 start=531.60 horizon=15.00 frames=150 commit_frames=20[0m
[0m[INFO] [1788847467.523067840]: [sim_plan] built plan=344 start=533.60 horiz[33m[WARN] [1788847467.657402794]: [multi_patrol][A1 EXIT HORIZON] V0 target=B53 dwell_part=4.90s departure_window=10.10s total_horizon=15.00s[0m
[33m[WARN] [1788847467.693406362]: [multi_patrol][A1 EXIT HORIZON] V0 target=B53 dwell_part=2.90s departure_window=12.10s total_horizon=15.00s[0m
[33m[WARN] [1788847467.730112564]: [multi_patrol][A1 EXIT HORIZON] V0 target=B53 dwell_part=0.90s departure_window=14.10s total_horizon=15.00s[0m
[33m[WARN] [1788847467.944737449]: [multi_patrol][A1 EXIT HORIZON] V1 target=B34 dwell_part=4.90s departure_window=10.10s total_horizon=15.00s[0m
[33m[WARN] [1788847467.958712818]: [multi_patrol][A1 EXIT HORIZON] V1 target=B34 dwell_part=2.90s departure_window=12.10s total_horizon=15.00s[0m
[33m[WARN] [1788847467.979763671]: [multi_patrol][A1 EXIT HORIZON] V1 target=B34 dwell_part=0.90s departure_window=14.10s total_horizon=15.00s[0m
on=15.00 frames=150 commit_frames=20[0m
[0m[INFO] [1788847467.549184181]: [sim_plan] built plan=345 start=535.60 horizon=15.00 frames=150 commit_frames=20[0m
[0m[INFO] [1788847467.567196614]: [sim_plan] built plan=346 start=537.60 horizon=15.00 frames=150 commit_frames=20[0m
[0m[INFO] [1788847467.581723510]: [sim_plan] built plan=347 start=539.60 horizon=15.00 frames=150 commit_frames=20[0m
[0m[INFO] [1788847467.595225489]: [sim_plan] built plan=348 start=541.60 horizon=15.00 frames=150 commit_frames=20[0m
[0m[INFO] [1788847467.607480889]: [sim_plan] built plan=349 start=543.60 horizon=15.00 frames=150 commit_frames=20[0m
[0m[INFO] [1788847467.619184221]: [sim_plan] built plan=350 start=545.60 horizon=15.00 frames=150 commit_frames=20[0m
[0m[INFO] [1788847467.630491022]: [sim_plan] built plan=351 start=547.60 horizon=15.00 frames=150 commit_frames=20[0m
[0m[INFO] [1788847467.657343152]: [sim_plan] built plan=352 start=549.40 horizon=15.00 frames=150 commit_frames=20[0m
[0m[INFO] [1788847467.693365371]: [sim_plan] built plan=353 start=551.40 horizon=15.00 frames=150 commit_frames=20[0m
[0m[INFO] [1788847467.730057449]: [sim_plan] built plan=354 start=553.40 horizon=15.00 frames=150 commit_frames=20[0m
[0m[INFO] [1788847467.731499053]: [multi_patrol][A1] V0 activate prepared dropoff: A1 -> B53 len=6.964 priority_until_s=0.758[0m
[0m[INFO] [1788847467.767733178]: [sim_plan] built plan=355 start=554.30 horizon=15.00 frames=150 commit_frames=20[0m
[0m[INFO] [1788847467.811277042]: [sim_plan] built plan=356 start=556.30 horizon=15.00 frames=150 commit_frames=20[0m
[0m[INFO] [1788847467.839912151]: [sim_plan] built plan=357 start=558.30 horizon=15.00 frames=150 commit_frames=20[0m
[0m[INFO] [1788847467.841394301]: [multi_patrol][A1 EXIT PRIORITY RELEASE] V0 s=0.771 threshold=0.758[0m
[0m[INFO] [1788847467.862888808]: [sim_plan] built plan=358 start=560.30 horizon=15.00 frames=150 commit_frames=20[0m
[0m[INFO] [1788847467.879865248]: [sim_plan] built plan=359 start=562.30 horizon=15.00 frames=150 commit_frames=20[0m
[0m[INFO] [1788847467.892794051]: [sim_plan] built plan=360 start=564.30 horizon=15.00 frames=150 commit_frames=20[0m
[0m[INFO] [1788847467.904356318]: [sim_plan] built plan=361 start=566.30 horizon=15.00 frames=150 commit_frames=20[0m
[0m[INFO] [1788847467.914644994]: [sim_plan] built plan=362 start=568.30 horizon=15.00 frames=150 commit_frames=20[0m
[0m[INFO] [1788847467.924846517]: [sim_plan] built plan=363 start=570.30 horizon=15.00 frames=150 commit_frames=20[0m
[0m[INFO] [1788847467.934650655]: [sim_plan] built plan=364 start=572.30 horizon=15.00 frames=150 commit_frames=20[0m
[0m[INFO] [1788847467.944692006]: [sim_plan] built plan=365 start=573.30 horizon=15.00 frames=150 commit_frames=20[0m
[0m[INFO] [1788847467.958659216]: [sim_plan] built plan=366 start=575.30 horizon=15.00 frames=150 commit_frames=20[0m
[0m[INFO] [1788847467.979713701]: [sim_plan] built plan=367 start=577.30 horizon=15.00 frames=150 commit_frames=20[0m
[0m[INFO] [1788847467.981075172]: [multi_patrol][A1] V1 activate prepared dropoff: A1 -> B34 len=4.275 priority_until_s=0.758[0m
[0m[INFO] [1788847467.998882872]: [sim_plan] built plan=368 start=578.20 horizon=15.00 frames=150 commit_frames=20[0m
[0m[INFO] [1788847468.024321819]: [sim_plan] built plan=369 start=580.20 horizon=15.00 frames=150 commit_frames=20[0m
[0m[INFO] [1788847468.041799488]: [sim_plan] built plan=370 start=582.20 horizon=15.00 frames=150 commit_frames=20[0m
[0m[INFO] [1788847468.043049563]: [multi_patrol][A1 EXIT PRIORITY RELEASE] V1 s=0.771 threshold=0.758[0m
[0m[INFO] [1788847468.056260105]: [sim_plan] built plan=371 start=584.20 horizon=15.00 frames=150 commit_frames=20[0m
[0m[INFO] [1788847468.068854146]: [sim_plan] built plan=372 start=586.20 horizon=15.00 frames=150 commit_frames=20[0m
[0m[INFO] [1788847468.078835701]: [sim_plan] built plan=373 start=588.20 horizon=15.00 frames=150 commit_frames=20[0m
[0m[INFO] [1788847468.087093771]: [sim_plan] built plan=374 start=590.20 horizon=15.00 frames=150 [33m[WARN] [1788847468.099371956]: [SLOT_DEPARTURE] time=10min0.2s vehicle=V0 owner=none result=ALLOW reason=no_service_owner candidate_path_gen=15 slot_departure_clear_s=0.327 vehicle_mode=ACTIVE vehicle_speed=0.000 vehicle_path_s=0.000 blocker=none a1_prefix_conflict=0 ordinary_road_conflict=0[0m
[33m[WARN] [1788847468.099777504]: [multi_patrol][A1 EXIT PREPARED] V0 target=B7 pickup_dwell=5.00s exit_len=2.116 priority_until_s=0.756 horizon_refresh=IMMEDIATE[0m
[33m[WARN] [1788847468.128827122]: [SLOT_DEPARTURE] time=10min8.9s vehicle=V1 owner=none result=ALLOW reason=no_service_owner candidate_path_gen=17 slot_departure_clear_s=0.327 vehicle_mode=ACTIVE vehicle_speed=0.000 vehicle_path_s=0.000 blocker=none a1_prefix_conflict=0 ordinary_road_conflict=0[0m
[33m[WARN] [1788847468.129341195]: [multi_patrol][A1 EXIT PREPARED] V1 target=B63 pickup_dwell=5.00s exit_len=6.551 priority_until_s=0.758 horizon_refresh=IMMEDIATE[0m
[33m[WARN] [1788847468.567363469]: [multi_patrol][A1 EXIT HORIZON] V1 target=B63 dwell_part=4.90s departure_window=10.10s total_horizon=15.00s[0m
[33m[WARN] [1788847468.637323867]: [multi_patrol][A1 EXIT HORIZON] V1 target=B63 dwell_part=2.90s departure_window=12.10s total_horizon=15.00s[0m
[33m[WARN] [1788847468.702662685]: [multi_patrol][A1 EXIT HORIZON] V1 target=B63 dwell_part=0.90s departure_window=14.10s total_horizon=15.00s[0m
[33m[WARN] [1788847468.778352565]: [SOURCE=REAL] [plan=397] [frame=3] [rollout_step=-1] [multi_patrol][A1 EXIT INTRUSION ENTER] owner=V1 target=B63 blocker=V0 dwell_remaining=0.00s visible_exit_t=14.95s owner_exit_s=2.499 blocker_phase=1 blocker_s=4.661 action=DIAG_ONLY[0m
[33m[WARN] [1788847468.894843735]: [SOURCE=REAL] [plan=399] [frame=14] [rollout_step=-1] [multi_patrol][A1 EXIT INTRUSION CLEAR] owner=V1 blocker=V0[0m
commit_frames=20[0m
[0m[INFO] [1788847468.092513122]: [sim_plan] built plan=375 start=592.20 horizon=15.00 frames=150 commit_frames=20[0m
[0m[INFO] [1788847468.095430974]: [sim_plan] built plan=376 start=594.20 horizon=15.00 frames=150 commit_frames=20[0m
[0m[INFO] [1788847468.097108544]: [sim_plan] built plan=377 start=596.20 horizon=15.00 frames=150 commit_frames=20[0m
[0m[INFO] [1788847468.098779350]: [sim_plan] built plan=378 start=598.20 horizon=15.00 frames=150 commit_frames=20[0m
[0m[INFO] [1788847468.099336407]: [multi_patrol][A1] V0 pickup leg: B53 -> A1  wpts=514 len=6.437[0m
[0m[INFO] [1788847468.106535854]: [sim_plan] built plan=379 start=600.20 horizon=15.00 frames=150 commit_frames=20[0m
[0m[INFO] [1788847468.117303535]: [sim_plan] built plan=380 start=602.20 horizon=15.00 frames=150 commit_frames=20[0m
[0m[INFO] [1788847468.120985564]: [sim_plan] built plan=381 start=604.20 horizon=15.00 frames=150 commit_frames=20[0m
[0m[INFO] [1788847468.124690530]: [sim_plan] built plan=382 start=606.20 horizon=15.00 frames=150 commit_frames=20[0m
[0m[INFO] [1788847468.128152033]: [sim_plan] built plan=383 start=608.20 horizon=15.00 frames=150 commit_frames=20[0m
[0m[INFO] [1788847468.128787673]: [multi_patrol][A1] V1 pickup leg: B34 -> A1  wpts=284 len=3.088[0m
[0m[INFO] [1788847468.147136072]: [sim_plan] built plan=384 start=608.90 horizon=15.00 frames=150 commit_frames=20[0m
[0m[INFO] [1788847468.173932018]: [sim_plan] built plan=385 start=610.90 horizon=15.00 frames=150 commit_frames=20[0m
[0m[INFO] [1788847468.198254605]: [sim_plan] built plan=386 start=612.90 horizon=15.00 frames=150 commit_frames=20[0m
[0m[INFO] [1788847468.229562020]: [sim_plan] built plan=387 start=614.90 horizon=15.00 frames=150 commit_frames=20[0m
[0m[INFO] [1788847468.268625827]: [sim_plan] built plan=388 start=616.90 horizon=15.00 frames=150 commit_frames=20[0m
[0m[INFO] [1788847468.311815438]: [sim_plan] built plan=389 start=618.90 horizon=15.00 frames=150 commit_frames=20[0m
[0m[INFO] [1788847468.354840470]: [sim_plan] built plan=390 start=620.90 horizon=15.00 frames=150 commit_frames=20[0m
[0m[INFO] [1788847468.399003599]: [sim_plan] built plan=391 start=622.90 horizon=15.00 frames=150 commit_frames=20[0m
[0m[INFO] [1788847468.445875349]: [sim_plan] built plan=392 start=624.90 horizon=15.00 frames=150 commit_frames=20[0m
[0m[INFO] [1788847468.506575409]: [sim_plan] built plan=393 start=626.90 horizon=15.00 frames=150 commit_frames=20[0m
[0m[INFO] [1788847468.567312873]: [sim_plan] built plan=394 start=628.80 horizon=15.00 frames=150 commit_frames=20[0m
[0m[INFO] [1788847468.637280256]: [sim_plan] built plan=395 start=630.80 horizon=15.00 frames=150 commit_frames=20[0m
[0m[INFO] [1788847468.702587449]: [sim_plan] built plan=396 start=632.80 horizon=15.00 frames=150 commit_frames=20[0m
[0m[INFO] [1788847468.704332724]: [multi_patrol][A1] V1 activate prepared dropoff: A1 -> B63 len=6.551 priority_until_s=0.758[0m
[0m[INFO] [1788847468.767987057]: [sim_plan] built plan=397 start=633.70 horizon=15.00 frames=150 commit_frames=20[0m
[0m[INFO] [1788847468.842896436]: [sim_plan] built plan=398 start=635.70 horizon=15.00 frames=150 commit_frames=20[0m
[0m[INFO] [1788847468.893260832]: [sim_plan] built plan=399 start=637.70 horizon=15.00 frames=150 commit_frames=20[0m
[0m[INFO] [1788847468.894785692]: [multi_patrol][A1 EXIT PRIORITY RELEASE] V1 s=0.771 threshold=0.758[0m
[0m[INFO] [1788847468.938465782]: [sim_plan] built plan=400 start=639.70 horizon=15.00 frames=150 commit_frames=20[0m
[0m[INFO] [1788847468.971032465]: [sim_plan] built plan=401 start=641.70 horizon=15.00 frames=150 commit_frames=20[0m
[0m[INFO] [1788847468.993427638]: [sim_plan] built plan=402 start=643.70 horizon=15.00 frames=150 commit_frames=20[0m
[0m[INFO] [1788847469.008159007]: [sim_plan] built plan=403 start=645.70 horizon=15.00 frames=150 commit_frames=20[0m
[0m[INFO] [1788847469.024113502]: [sim_plan] built plan=404 start=647.70 horizon=15.00 frames=150 commit_frames=20[0m
[0m[INFO] [1788847469.03717272[33m[WARN] [1788847469.081652270]: [multi_patrol][A1 EXIT HORIZON] V0 target=B7 dwell_part=4.90s departure_window=10.10s total_horizon=15.00s[0m
[33m[WARN] [1788847469.094810486]: [multi_patrol][A1 EXIT HORIZON] V0 target=B7 dwell_part=2.90s departure_window=12.10s total_horizon=15.00s[0m
[33m[WARN] [1788847469.109042224]: [multi_patrol][A1 EXIT HORIZON] V0 target=B7 dwell_part=0.90s departure_window=14.10s total_horizon=15.00s[0m
[33m[WARN] [1788847469.165617476]: [SLOT_DEPARTURE] time=11min17.9s vehicle=V1 owner=none result=ALLOW reason=no_service_owner candidate_path_gen=19 slot_departure_clear_s=0.346 vehicle_mode=ACTIVE vehicle_speed=0.000 vehicle_path_s=0.000 blocker=none a1_prefix_conflict=0 ordinary_road_conflict=0[0m
[33m[WARN] [1788847469.166112977]: [multi_patrol][A1 EXIT PREPARED] V1 target=B58 pickup_dwell=5.00s exit_len=6.957 priority_until_s=0.758 horizon_refresh=IMMEDIATE[0m
7]: [sim_plan] built plan=405 start=649.70 horizon=15.00 frames=150 commit_frames=20[0m
[0m[INFO] [1788847469.049018023]: [sim_plan] built plan=406 start=651.70 horizon=15.00 frames=150 commit_frames=20[0m
[0m[INFO] [1788847469.059499840]: [sim_plan] built plan=407 start=653.70 horizon=15.00 frames=150 commit_frames=20[0m
[0m[INFO] [1788847469.071218966]: [sim_plan] built plan=408 start=655.70 horizon=15.00 frames=150 commit_frames=20[0m
[0m[INFO] [1788847469.081595831]: [sim_plan] built plan=409 start=656.80 horizon=15.00 frames=150 commit_frames=20[0m
[0m[INFO] [1788847469.094720630]: [sim_plan] built plan=410 start=658.80 horizon=15.00 frames=150 commit_frames=20[0m
[0m[INFO] [1788847469.108970615]: [sim_plan] built plan=411 start=660.80 horizon=15.00 frames=150 commit_frames=20[0m
[0m[INFO] [1788847469.110271232]: [multi_patrol][A1] V0 activate prepared dropoff: A1 -> B7 len=2.116 priority_until_s=0.756[0m
[0m[INFO] [1788847469.123463864]: [sim_plan] built plan=412 start=661.70 horizon=15.00 frames=150 commit_frames=20[0m
[0m[INFO] [1788847469.138287047]: [sim_plan] built plan=413 start=663.70 horizon=15.00 frames=150 commit_frames=20[0m
[0m[INFO] [1788847469.149384489]: [sim_plan] built plan=414 start=665.70 horizon=15.00 frames=150 commit_frames=20[0m
[0m[INFO] [1788847469.150451551]: [multi_patrol][A1 EXIT PRIORITY RELEASE] V0 s=0.768 threshold=0.756[0m
[0m[INFO] [1788847469.156029132]: [sim_plan] built plan=415 start=667.70 horizon=15.00 frames=150 commit_frames=20[0m
[0m[INFO] [1788847469.160539339]: [sim_plan] built plan=416 start=669.70 horizon=15.00 frames=150 commit_frames=20[0m
[0m[INFO] [1788847469.162698995]: [sim_plan] built plan=417 start=671.70 horizon=15.00 frames=150 commit_frames=20[0m
[0m[INFO] [1788847469.163769551]: [sim_plan] built plan=418 start=673.70 horizon=15.00 frames=150 commit_frames=20[0m
[0m[INFO] [1788847469.164510443]: [sim_plan] built plan=419 start=675.70 horizon=15.00 frames=150 commit_frames=20[0m
[0m[INFO] [1788847469.165269976]: [sim_plan] built plan=420 start=677.70 horizon=15.00 frames=150 commit_frames=20[0m
[0m[INFO] [1788847469.165575815]: [multi_patrol][A1] V1 pickup leg: B63 -> A1  wpts=523 len=6.245[0m
[0m[INFO] [1788847469.169873582]: [sim_plan] built plan=421 start=677.90 horizon=15.00 frames=150 commit_frames=20[0m
[0m[INFO] [1788847469.173127581]: [sim_plan] built plan=422 start=677.90 horizon=15.00 frames=150 commit_frames=20[0m
[0m[INFO] [1788847469.176865232]: [sim_plan] built plan=423 start=678.00 horizon=15.00 frames=150 commit_frames=20[0m
[0m[INFO] [1788847469.180119148]: [sim_plan] built plan=424 start=678.00 horizon=15.00 frames=150 commit_frames=20[0m
[0m[INFO] [1788847469.183919685]: [sim_plan] built plan=425 start=678.10 horizon=15.00 frames=150 commit_frames=20[0m
[0m[INFO] [1788847469.187402193]: [sim_plan] built plan=426 start=678.10 horizon=15.00 frames=150 commit_frames=20[0m
[0m[INFO] [1788847469.191221789]: [sim_plan] built plan=427 start=678.20 horizon=15.00 frames=150 commit_frames=20[0m
[0m[INFO] [1788847469.194377027]: [sim_plan] built plan=428 start=678.20 horizon=15.00 frames=150 commit_frames=20[0m
[0m[INFO] [1788847469.197645563]: [sim_plan] built plan=429 start=678.30 horizon=15.00 frames=150 commit_frames=20[0m
[0m[INFO] [1788847469.200810721]: [sim_plan] built plan=430 start=678.30 horizon=15.00 frames=150 commit_frames=20[0m
[0m[INFO] [1788847469.204096432]: [sim_plan] built plan=431 start=678.40 horizon=15.00 frames=150 commit_frames=20[0m
[0m[INFO] [1788847469.207765347]: [sim_plan] built plan=432 start=678.40 horizon=15.00 frames=150 commit_frames=20[0m
[0m[INFO] [1788847469.211136270]: [sim_plan] built plan=433 start=678.50 horizon=15.00 frames=150 commit_frames=20[0m
[0m[INFO] [1788847469.214425894]: [sim_plan] built plan=434 start=678.50 horizon=15.00 frames=150 commit_frames=20[0m
[0m[INFO] [1788847469.218234107]: [sim_plan] built plan=435 start=678.60 horizon=15.00 frames=150 commit_frames=20[0m
[0m[INFO] [1788847469.221951383]: [sim_plan] built plan=436 start=[33m[WARN] [1788847469.286305447]: [SLOT_DEPARTURE] time=11min19.7s vehicle=V0 owner=none result=ALLOW reason=no_service_owner candidate_path_gen=17 slot_departure_clear_s=0.346 vehicle_mode=ACTIVE vehicle_speed=0.000 vehicle_path_s=0.000 blocker=none a1_prefix_conflict=0 ordinary_road_conflict=0[0m
[33m[WARN] [1788847469.286785870]: [multi_patrol][A1 EXIT PREPARED] V0 target=B52 pickup_dwell=5.00s exit_len=5.439 priority_until_s=0.758 horizon_refresh=IMMEDIATE[0m
[33m[WARN] [1788847469.422253431]: [multi_patrol][A1 EXIT HORIZON] V0 target=B52 dwell_part=4.90s departure_window=10.10s total_horizon=15.00s[0m
[33m[WARN] [1788847469.461972305]: [multi_patrol][A1 EXIT HORIZON] V0 target=B52 dwell_part=2.90s departure_window=12.10s total_horizon=15.00s[0m
[33m[WARN] [1788847469.513211207]: [multi_patrol][A1 EXIT HORIZON] V0 target=B52 dwell_part=0.90s departure_window=14.10s total_horizon=15.00s[0m
678.60 horizon=15.00 frames=150 commit_frames=20[0m
[0m[INFO] [1788847469.225806721]: [sim_plan] built plan=437 start=678.70 horizon=15.00 frames=150 commit_frames=20[0m
[0m[INFO] [1788847469.229018202]: [sim_plan] built plan=438 start=678.70 horizon=15.00 frames=150 commit_frames=20[0m
[0m[INFO] [1788847469.232263959]: [sim_plan] built plan=439 start=678.80 horizon=15.00 frames=150 commit_frames=20[0m
[0m[INFO] [1788847469.235398684]: [sim_plan] built plan=440 start=678.80 horizon=15.00 frames=150 commit_frames=20[0m
[0m[INFO] [1788847469.238560785]: [sim_plan] built plan=441 start=678.90 horizon=15.00 frames=150 commit_frames=20[0m
[0m[INFO] [1788847469.241563872]: [sim_plan] built plan=442 start=678.90 horizon=15.00 frames=150 commit_frames=20[0m
[0m[INFO] [1788847469.244596917]: [sim_plan] built plan=443 start=679.00 horizon=15.00 frames=150 commit_frames=20[0m
[0m[INFO] [1788847469.247415901]: [sim_plan] built plan=444 start=679.00 horizon=15.00 frames=150 commit_frames=20[0m
[0m[INFO] [1788847469.250276693]: [sim_plan] built plan=445 start=679.10 horizon=15.00 frames=150 commit_frames=20[0m
[0m[INFO] [1788847469.253126615]: [sim_plan] built plan=446 start=679.10 horizon=15.00 frames=150 commit_frames=20[0m
[0m[INFO] [1788847469.256299858]: [sim_plan] built plan=447 start=679.20 horizon=15.00 frames=150 commit_frames=20[0m
[0m[INFO] [1788847469.259797553]: [sim_plan] built plan=448 start=679.20 horizon=15.00 frames=150 commit_frames=20[0m
[0m[INFO] [1788847469.264185565]: [sim_plan] built plan=449 start=679.30 horizon=15.00 frames=150 commit_frames=20[0m
[0m[INFO] [1788847469.267227319]: [sim_plan] built plan=450 start=679.30 horizon=15.00 frames=150 commit_frames=20[0m
[0m[INFO] [1788847469.270197596]: [sim_plan] built plan=451 start=679.40 horizon=15.00 frames=150 commit_frames=20[0m
[0m[INFO] [1788847469.273123740]: [sim_plan] built plan=452 start=679.40 horizon=15.00 frames=150 commit_frames=20[0m
[0m[INFO] [1788847469.276041689]: [sim_plan] built plan=453 start=679.50 horizon=15.00 frames=150 commit_frames=20[0m
[0m[INFO] [1788847469.279507813]: [sim_plan] built plan=454 start=679.50 horizon=15.00 frames=150 commit_frames=20[0m
[0m[INFO] [1788847469.282883577]: [sim_plan] built plan=455 start=679.60 horizon=15.00 frames=150 commit_frames=20[0m
[0m[INFO] [1788847469.285902869]: [sim_plan] built plan=456 start=679.60 horizon=15.00 frames=150 commit_frames=20[0m
[0m[INFO] [1788847469.286264542]: [multi_patrol][A1] V0 pickup leg: B7 -> A1  wpts=162 len=2.116[0m
[0m[INFO] [1788847469.313775874]: [sim_plan] built plan=457 start=679.70 horizon=15.00 frames=150 commit_frames=20[0m
[0m[INFO] [1788847469.332258271]: [sim_plan] built plan=458 start=681.70 horizon=15.00 frames=150 commit_frames=20[0m
[0m[INFO] [1788847469.347102444]: [sim_plan] built plan=459 start=683.70 horizon=15.00 frames=150 commit_frames=20[0m
[0m[INFO] [1788847469.362884176]: [sim_plan] built plan=460 start=685.70 horizon=15.00 frames=150 commit_frames=20[0m
[0m[INFO] [1788847469.377602470]: [sim_plan] built plan=461 start=687.70 horizon=15.00 frames=150 commit_frames=20[0m
[0m[INFO] [1788847469.388939067]: [sim_plan] built plan=462 start=689.70 horizon=15.00 frames=150 commit_frames=20[0m
[0m[INFO] [1788847469.399450532]: [sim_plan] built plan=463 start=691.70 horizon=15.00 frames=150 commit_frames=20[0m
[0m[INFO] [1788847469.422187295]: [sim_plan] built plan=464 start=692.80 horizon=15.00 frames=150 commit_frames=20[0m
[0m[INFO] [1788847469.461922030]: [sim_plan] built plan=465 start=694.80 horizon=15.00 frames=150 commit_frames=20[0m
[0m[INFO] [1788847469.513163300]: [sim_plan] built plan=466 start=696.80 horizon=15.00 frames=150 commit_frames=20[0m
[0m[INFO] [1788847469.514285457]: [multi_patrol][A1] V0 activate prepared dropoff: A1 -> B52 len=5.439 priority_until_s=0.758[0m
[0m[INFO] [1788847469.562588562]: [sim_plan] built plan=467 start=697.70 horizon=15.00 frames=150 commit_frames=20[0m
[0m[INFO] [1788847469.612240652]: [sim_plan] built plan=468 start=699.70 horizon=15.00 fr[33m[WARN] [1788847469.649732198]: [SOURCE=REAL] [plan=469] [frame=0] [rollout_step=-1] [multi_patrol][A1 EXIT INTRUSION ENTER] owner=V0 target=B52 blocker=V1 dwell_remaining=0.00s visible_exit_t=15.00s owner_exit_s=3.119 blocker_phase=1 blocker_s=3.853 action=DIAG_ONLY[0m
[33m[WARN] [1788847469.651223183]: [SOURCE=REAL] [plan=469] [frame=14] [rollout_step=-1] [multi_patrol][A1 EXIT INTRUSION CLEAR] owner=V0 blocker=V1[0m
[33m[WARN] [1788847469.825198691]: [multi_patrol][A1 EXIT HORIZON] V1 target=B58 dwell_part=4.90s departure_window=10.10s total_horizon=15.00s[0m
[33m[WARN] [1788847469.832969450]: [multi_patrol][A1 EXIT HORIZON] V1 target=B58 dwell_part=2.90s departure_window=12.10s total_horizon=15.00s[0m
[33m[WARN] [1788847469.842229763]: [multi_patrol][A1 EXIT HORIZON] V1 target=B58 dwell_part=0.90s departure_window=14.10s total_horizon=15.00s[0m
[33m[WARN] [1788847469.880901933]: [SLOT_DEPARTURE] time=12min15.9s vehicle=V0 owner=none result=ALLOW reason=no_service_owner candidate_path_gen=19 slot_departure_clear_s=0.327 vehicle_mode=ACTIVE vehicle_speed=0.000 vehicle_path_s=0.000 blocker=none a1_prefix_conflict=0 ordinary_road_conflict=0[0m
[33m[WARN] [1788847469.881279000]: [multi_patrol][A1 EXIT PREPARED] V0 target=B27 pickup_dwell=5.00s exit_len=7.516 priority_until_s=0.758 horizon_refresh=IMMEDIATE[0m
ames=150 commit_frames=20[0m
[0m[INFO] [1788847469.649344388]: [sim_plan] built plan=469 start=701.70 horizon=15.00 frames=150 commit_frames=20[0m
[0m[INFO] [1788847469.651187752]: [multi_patrol][A1 EXIT PRIORITY RELEASE] V0 s=0.771 threshold=0.758[0m
[0m[INFO] [1788847469.683178990]: [sim_plan] built plan=470 start=703.70 horizon=15.00 frames=150 commit_frames=20[0m
[0m[INFO] [1788847469.711271364]: [sim_plan] built plan=471 start=705.70 horizon=15.00 frames=150 commit_frames=20[0m
[0m[INFO] [1788847469.734089395]: [sim_plan] built plan=472 start=707.70 horizon=15.00 frames=150 commit_frames=20[0m
[0m[INFO] [1788847469.754907210]: [sim_plan] built plan=473 start=709.70 horizon=15.00 frames=150 commit_frames=20[0m
[0m[INFO] [1788847469.770939841]: [sim_plan] built plan=474 start=711.70 horizon=15.00 frames=150 commit_frames=20[0m
[0m[INFO] [1788847469.783824322]: [sim_plan] built plan=475 start=713.70 horizon=15.00 frames=150 commit_frames=20[0m
[0m[INFO] [1788847469.795837185]: [sim_plan] built plan=476 start=715.70 horizon=15.00 frames=150 commit_frames=20[0m
[0m[INFO] [1788847469.805034446]: [sim_plan] built plan=477 start=717.70 horizon=15.00 frames=150 commit_frames=20[0m
[0m[INFO] [1788847469.812463460]: [sim_plan] built plan=478 start=719.70 horizon=15.00 frames=150 commit_frames=20[0m
[0m[INFO] [1788847469.812896331]: [batch] 7200/72000 ticks (sim_t=720s) hard_guard=0[0m
[0m[INFO] [1788847469.818784939]: [sim_plan] built plan=479 start=721.70 horizon=15.00 frames=150 commit_frames=20[0m
[0m[INFO] [1788847469.825143492]: [sim_plan] built plan=480 start=722.00 horizon=15.00 frames=150 commit_frames=20[0m
[0m[INFO] [1788847469.832912191]: [sim_plan] built plan=481 start=724.00 horizon=15.00 frames=150 commit_frames=20[0m
[0m[INFO] [1788847469.842173697]: [sim_plan] built plan=482 start=726.00 horizon=15.00 frames=150 commit_frames=20[0m
[0m[INFO] [1788847469.843619716]: [multi_patrol][A1] V1 activate prepared dropoff: A1 -> B58 len=6.957 priority_until_s=0.758[0m
[0m[INFO] [1788847469.851133412]: [sim_plan] built plan=483 start=726.90 horizon=15.00 frames=150 commit_frames=20[0m
[0m[INFO] [1788847469.867752108]: [sim_plan] built plan=484 start=728.90 horizon=15.00 frames=150 commit_frames=20[0m
[0m[INFO] [1788847469.872537767]: [sim_plan] built plan=485 start=730.90 horizon=15.00 frames=150 commit_frames=20[0m
[0m[INFO] [1788847469.873643383]: [multi_patrol][A1 EXIT PRIORITY RELEASE] V1 s=0.771 threshold=0.758[0m
[0m[INFO] [1788847469.876771794]: [sim_plan] built plan=486 start=732.90 horizon=15.00 frames=150 commit_frames=20[0m
[0m[INFO] [1788847469.880320043]: [sim_plan] built plan=487 start=734.90 horizon=15.00 frames=150 commit_frames=20[0m
[0m[INFO] [1788847469.880865792]: [multi_patrol][A1] V0 pickup leg: B52 -> A1  wpts=427 len=5.304[0m
[0m[INFO] [1788847469.906013124]: [sim_plan] built plan=488 start=735.90 horizon=15.00 frames=150 commit_frames=20[0m
[0m[INFO] [1788847469.940304290]: [sim_plan] built plan=489 start=737.90 horizon=15.00 frames=150 commit_frames=20[0m
[0m[INFO] [1788847469.966303572]: [sim_plan] built plan=490 start=739.90 horizon=15.00 frames=150 commit_frames=20[0m
[0m[INFO] [1788847469.993662886]: [sim_plan] built plan=491 start=741.90 horizon=15.00 frames=150 commit_frames=20[0m
[0m[INFO] [1788847470.016398697]: [sim_plan] built plan=492 start=743.90 horizon=15.00 frames=150 commit_frames=20[0m
[0m[INFO] [1788847470.034086245]: [sim_plan] built plan=493 start=745.90 horizon=15.00 frames=150 commit_frames=20[0m
[0m[INFO] [1788847470.049926744]: [sim_plan] built plan=494 start=747.90 horizon=15.00 frames=150 commit_frames=20[0m
[0m[INFO] [1788847470.063800183]: [sim_plan] built plan=495 start=749.90 horizon=15.00 frames=150 commit_frames=20[0m
[0m[INFO] [1788847470.081859966]: [sim_plan] built plan=496 start=751.90 horizon=15.00 frames=150 commit_frames=20[0m
[0m[INFO] [1788847470.098984375]: [sim_plan] built plan=497 start=753.90 horizon=15.00 frames=150 commit_frames=20[0m
[0m[INFO] [1788847470.121182782]: [sim_plan] bu[33m[WARN] [1788847470.255967194]: [SLOT_DEPARTURE] time=12min57.5s vehicle=V1 owner=V0 result=ALLOW reason=slot_departure_clear candidate_path_gen=21 slot_departure_clear_s=0.346 vehicle_mode=ACTIVE vehicle_speed=0.000 vehicle_path_s=0.000 blocker=none a1_prefix_conflict=0 ordinary_road_conflict=0 owner_phase=TO_A1 owner_path_gen=19 geometry=pending_preview protected_zones=0 actual_occupancy_priority=0[0m
[33m[WARN] [1788847470.256603785]: [multi_patrol][A1 EXIT PREPARED] V1 target=B32 pickup_dwell=5.00s exit_len=4.055 priority_until_s=0.758 horizon_refresh=IMMEDIATE[0m
[33m[WARN] [1788847470.318437711]: [multi_patrol][A1 EXIT HORIZON] V0 target=B27 dwell_part=4.90s departure_window=10.10s total_horizon=15.00s[0m
[33m[WARN] [1788847470.336139001]: [multi_patrol][A1 EXIT HORIZON] V0 target=B27 dwell_part=2.90s departure_window=12.10s total_horizon=15.00s[0m
[33m[WARN] [1788847470.359049445]: [multi_patrol][A1 EXIT HORIZON] V0 target=B27 dwell_part=0.90s departure_window=14.10s total_horizon=15.00s[0m
ilt plan=498 start=755.90 horizon=15.00 frames=150 commit_frames=20[0m
[0m[INFO] [1788847470.146555597]: [sim_plan] built plan=499 start=757.90 horizon=15.00 frames=150 commit_frames=20[0m
[0m[INFO] [1788847470.163164214]: [sim_plan] built plan=500 start=759.90 horizon=15.00 frames=150 commit_frames=20[0m
[0m[INFO] [1788847470.176231753]: [sim_plan] built plan=501 start=761.90 horizon=15.00 frames=150 commit_frames=20[0m
[0m[INFO] [1788847470.188818701]: [sim_plan] built plan=502 start=763.90 horizon=15.00 frames=150 commit_frames=20[0m
[0m[INFO] [1788847470.199354356]: [sim_plan] built plan=503 start=765.90 horizon=15.00 frames=150 commit_frames=20[0m
[0m[INFO] [1788847470.219994742]: [sim_plan] built plan=504 start=767.90 horizon=15.00 frames=150 commit_frames=20[0m
[0m[INFO] [1788847470.229358227]: [sim_plan] built plan=505 start=769.90 horizon=15.00 frames=150 commit_frames=20[0m
[0m[INFO] [1788847470.235372431]: [sim_plan] built plan=506 start=771.90 horizon=15.00 frames=150 commit_frames=20[0m
[0m[INFO] [1788847470.241357485]: [sim_plan] built plan=507 start=773.90 horizon=15.00 frames=150 commit_frames=20[0m
[0m[INFO] [1788847470.246094883]: [sim_plan] built plan=508 start=775.90 horizon=15.00 frames=150 commit_frames=20[0m
[0m[INFO] [1788847470.255902858]: [multi_patrol][A1] V1 pickup leg: B58 -> A1  wpts=605 len=6.506[0m
[0m[INFO] [1788847470.270609712]: [sim_plan] built plan=509 start=777.50 horizon=15.00 frames=150 commit_frames=20[0m
[0m[INFO] [1788847470.290532834]: [sim_plan] built plan=510 start=779.50 horizon=15.00 frames=150 commit_frames=20[0m
[0m[INFO] [1788847470.304365248]: [sim_plan] built plan=511 start=781.50 horizon=15.00 frames=150 commit_frames=20[0m
[0m[INFO] [1788847470.318371416]: [sim_plan] built plan=512 start=782.70 horizon=15.00 frames=150 commit_frames=20[0m
[0m[INFO] [1788847470.336083541]: [sim_plan] built plan=513 start=784.70 horizon=15.00 frames=150 commit_frames=20[0m
[0m[INFO] [1788847470.358995225]: [sim_plan] built plan=514 start=786.70 horizon=15.00 frames=150 commit_frames=20[0m
[0m[INFO] [1788847470.360630259]: [multi_patrol][A1] V0 activate prepared dropoff: A1 -> B27 len=7.516 priority_until_s=0.758[0m
[0m[INFO] [1788847470.381933841]: [sim_plan] built plan=515 start=787.60 horizon=15.00 frames=150 commit_frames=20[0m
[0m[INFO] [1788847470.421739829]: [sim_plan] built plan=516 start=789.60 horizon=15.00 frames=150 commit_frames=20[0m
[0m[INFO] [1788847470.443880614]: [sim_plan] built plan=517 start=791.60 horizon=15.00 frames=150 commit_frames=20[0m
[0m[INFO] [1788847470.445402754]: [multi_patrol][A1 EXIT PRIORITY RELEASE] V0 s=0.771 threshold=0.758[0m
[0m[INFO] [1788847470.478179891]: [sim_plan] built plan=518 start=793.60 horizon=15.00 frames=150 commit_frames=20[0m
[0m[INFO] [1788847470.512516907]: [sim_plan] built plan=519 start=795.60 horizon=15.00 frames=150 commit_frames=20[0m
[0m[INFO] [1788847470.547211724]: [sim_plan] built plan=520 start=797.60 horizon=15.00 frames=150 commit_frames=20[0m
[0m[INFO] [1788847470.582935407]: [sim_plan] built plan=521 start=799.60 horizon=15.00 frames=150 commit_frames=20[0m
[0m[INFO] [1788847470.616727354]: [sim_plan] built plan=522 start=801.60 horizon=15.00 frames=150 commit_frames=20[0m
[0m[INFO] [1788847470.650212759]: [sim_plan] built plan=523 start=803.60 horizon=15.00 frames=150 commit_frames=20[0m
[0m[INFO] [1788847470.681594947]: [sim_plan] built plan=524 start=805.60 horizon=15.00 frames=150 commit_frames=20[0m
[0m[INFO] [1788847470.712209614]: [sim_plan] built plan=525 start=807.60 horizon=15.00 frames=150 commit_frames=20[0m
[0m[INFO] [1788847470.735110945]: [sim_plan] built plan=526 start=809.60 horizon=15.00 frames=150 commit_frames=20[0m
[0m[INFO] [1788847470.753868200]: [sim_plan] built plan=527 start=811.60 horizon=15.00 frames=150 commit_frames=20[0m
[0m[INFO] [1788847470.779431580]: [sim_plan] built plan=528 start=813.60 horizon=15.00 frames=150 commit_frames=20[0m
[0m[INFO] [1788847470.798398597]: [sim_plan] built plan=529 start=815.60 horizon=1[33m[WARN] [1788847470.916888404]: [SLOT_DEPARTURE] time=13min56.2s vehicle=V0 owner=V1 result=ALLOW reason=slot_departure_clear candidate_path_gen=21 slot_departure_clear_s=0.327 vehicle_mode=ACTIVE vehicle_speed=0.000 vehicle_path_s=0.000 blocker=none a1_prefix_conflict=0 ordinary_road_conflict=0 owner_phase=TO_A1 owner_path_gen=21 geometry=pending_preview protected_zones=0 actual_occupancy_priority=0[0m
[33m[WARN] [1788847470.917515035]: [multi_patrol][A1 EXIT PREPARED] V0 target=B9 pickup_dwell=5.00s exit_len=2.555 priority_until_s=0.756 horizon_refresh=IMMEDIATE[0m
[33m[WARN] [1788847471.177473490]: [multi_patrol][A1 EXIT HORIZON] V1 target=B32 dwell_part=4.90s departure_window=10.10s total_horizon=15.00s[0m
[33m[WARN] [1788847471.227943626]: [multi_patrol][A1 EXIT HORIZON] V1 target=B32 dwell_part=2.90s departure_window=12.10s total_horizon=15.00s[0m
[33m[WARN] [1788847471.302837690]: [multi_patrol][A1 EXIT HORIZON] V1 target=B32 dwell_part=0.90s departure_window=14.10s total_horizon=15.00s[0m
5.00 frames=150 commit_frames=20[0m
[0m[INFO] [1788847470.814837723]: [sim_plan] built plan=530 start=817.60 horizon=15.00 frames=150 commit_frames=20[0m
[0m[INFO] [1788847470.833465820]: [sim_plan] built plan=531 start=819.60 horizon=15.00 frames=150 commit_frames=20[0m
[0m[INFO] [1788847470.848536372]: [sim_plan] built plan=532 start=821.60 horizon=15.00 frames=150 commit_frames=20[0m
[0m[INFO] [1788847470.861476786]: [sim_plan] built plan=533 start=823.60 horizon=15.00 frames=150 commit_frames=20[0m
[0m[INFO] [1788847470.873215268]: [sim_plan] built plan=534 start=825.60 horizon=15.00 frames=150 commit_frames=20[0m
[0m[INFO] [1788847470.882747214]: [sim_plan] built plan=535 start=827.60 horizon=15.00 frames=150 commit_frames=20[0m
[0m[INFO] [1788847470.890011739]: [sim_plan] built plan=536 start=829.60 horizon=15.00 frames=150 commit_frames=20[0m
[0m[INFO] [1788847470.894971097]: [sim_plan] built plan=537 start=831.60 horizon=15.00 frames=150 commit_frames=20[0m
[0m[INFO] [1788847470.905662967]: [sim_plan] built plan=538 start=833.60 horizon=15.00 frames=150 commit_frames=20[0m
[0m[INFO] [1788847470.911323565]: [sim_plan] built plan=539 start=835.60 horizon=15.00 frames=150 commit_frames=20[0m
[0m[INFO] [1788847470.916820236]: [multi_patrol][A1] V0 pickup leg: B27 -> A1  wpts=469 len=5.444[0m
[0m[INFO] [1788847470.936163252]: [sim_plan] built plan=540 start=836.20 horizon=15.00 frames=150 commit_frames=20[0m
[0m[INFO] [1788847470.980783024]: [sim_plan] built plan=541 start=838.20 horizon=15.00 frames=150 commit_frames=20[0m
[0m[INFO] [1788847471.017451762]: [sim_plan] built plan=542 start=840.20 horizon=15.00 frames=150 commit_frames=20[0m
[0m[INFO] [1788847471.058526400]: [sim_plan] built plan=543 start=842.20 horizon=15.00 frames=150 commit_frames=20[0m
[0m[INFO] [1788847471.097088617]: [sim_plan] built plan=544 start=844.20 horizon=15.00 frames=150 commit_frames=20[0m
[0m[INFO] [1788847471.137189307]: [sim_plan] built plan=545 start=846.20 horizon=15.00 frames=150 commit_frames=20[0m
[0m[INFO] [1788847471.177422077]: [sim_plan] built plan=546 start=847.10 horizon=15.00 frames=150 commit_frames=20[0m
[0m[INFO] [1788847471.227890077]: [sim_plan] built plan=547 start=849.10 horizon=15.00 frames=150 commit_frames=20[0m
[0m[INFO] [1788847471.302771051]: [sim_plan] built plan=548 start=851.10 horizon=15.00 frames=150 commit_frames=20[0m
[0m[INFO] [1788847471.305148612]: [multi_patrol][A1] V1 activate prepared dropoff: A1 -> B32 len=4.055 priority_until_s=0.758[0m
[0m[INFO] [1788847471.380486098]: [sim_plan] built plan=549 start=852.00 horizon=15.00 frames=150 commit_frames=20[0m
[0m[INFO] [1788847471.465190631]: [sim_plan] built plan=550 start=854.00 horizon=15.00 frames=150 commit_frames=20[0m
[0m[INFO] [1788847471.544815309]: [sim_plan] built plan=551 start=856.00 horizon=15.00 frames=150 commit_frames=20[0m
[0m[INFO] [1788847471.546080676]: [multi_patrol][A1 EXIT PRIORITY RELEASE] V1 s=0.771 threshold=0.758[0m
[0m[INFO] [1788847471.621006314]: [sim_plan] built plan=552 start=858.00 horizon=15.00 frames=150 commit_frames=20[0m
[0m[INFO] [1788847471.684692050]: [sim_plan] built plan=553 start=860.00 horizon=15.00 frames=150 commit_frames=20[0m
[0m[INFO] [1788847471.735981834]: [sim_plan] built plan=554 start=862.00 horizon=15.00 frames=150 commit_frames=20[0m
[0m[INFO] [1788847471.784083648]: [sim_plan] built plan=555 start=864.00 horizon=15.00 frames=150 commit_frames=20[0m
[0m[INFO] [1788847471.817286054]: [sim_plan] built plan=556 start=866.00 horizon=15.00 frames=150 commit_frames=20[0m
[0m[INFO] [1788847471.841207190]: [sim_plan] built plan=557 start=868.00 horizon=15.00 frames=150 commit_frames=20[0m
[0m[INFO] [1788847471.856552859]: [sim_plan] built plan=558 start=870.00 horizon=15.00 frames=150 commit_frames=20[0m
[0m[INFO] [1788847471.866311555]: [sim_plan] built plan=559 start=872.00 horizon=15.00 frames=150 commit_frames=20[0m
[0m[INFO] [1788847471.872766755]: [sim_plan] built plan=560 start=874.00 horizon=15.00 frames=150 commit_frames=20[0[33m[WARN] [1788847471.890134266]: [SLOT_DEPARTURE] time=14min41.6s vehicle=V1 owner=V0 result=ALLOW reason=slot_departure_clear candidate_path_gen=23 slot_departure_clear_s=0.327 vehicle_mode=ACTIVE vehicle_speed=0.000 vehicle_path_s=0.000 blocker=none a1_prefix_conflict=0 ordinary_road_conflict=0 owner_phase=TO_A1 owner_path_gen=21 geometry=pending_preview protected_zones=0 actual_occupancy_priority=0[0m
[33m[WARN] [1788847471.890647697]: [multi_patrol][A1 EXIT PREPARED] V1 target=B54 pickup_dwell=5.00s exit_len=5.654 priority_until_s=0.758 horizon_refresh=IMMEDIATE[0m
[33m[WARN] [1788847472.192891518]: [multi_patrol][A1 EXIT HORIZON] V0 target=B9 dwell_part=4.90s departure_window=10.10s total_horizon=15.00s[0m
[33m[WARN] [1788847472.254210757]: [multi_patrol][A1 EXIT HORIZON] V0 target=B9 dwell_part=2.90s departure_window=12.10s total_horizon=15.00s[0m
[33m[WARN] [1788847472.315270520]: [multi_patrol][A1 EXIT HORIZON] V0 target=B9 dwell_part=0.90s departure_window=14.10s total_horizon=15.00s[0m
[33m[WARN] [1788847472.566954184]: [SLOT_DEPARTURE] time=15min17.4s vehicle=V0 owner=V1 result=ALLOW reason=slot_departure_clear candidate_path_gen=23 slot_departure_clear_s=0.346 vehicle_mode=ACTIVE vehicle_speed=0.000 vehicle_path_s=0.000 blocker=none a1_prefix_conflict=0 ordinary_road_conflict=0 owner_phase=TO_A1 owner_path_gen=23 geometry=pending_preview protected_zones=0 actual_occupancy_priority=0[0m
[33m[WARN] [1788847472.567498588]: [multi_patrol][A1 EXIT PREPARED] V0 target=B28 pickup_dwell=5.00s exit_len=3.444 priority_until_s=0.758 horizon_refresh=IMMEDIATE[0m
[33m[WARN] [1788847472.709609128]: [multi_patrol][A1 EXIT HORIZON] V1 target=B54 dwell_part=4.90s departure_window=10.10s total_horizon=15.00s[0m
[33m[WARN] [1788847472.769575118]: [multi_patrol][A1 EXIT HORIZON] V1 target=B54 dwell_part=2.90s departure_window=12.10s total_horizon=15.00s[0m
[33m[WARN] [1788847472.832642980]: [multi_patrol][A1 EXIT HORIZON] V1 target=B54 dwell_part=0.90s departure_window=14.10s total_horizon=15.00s[0m
m
[0m[INFO] [1788847471.877211362]: [sim_plan] built plan=561 start=876.00 horizon=15.00 frames=150 commit_frames=20[0m
[0m[INFO] [1788847471.883560748]: [sim_plan] built plan=562 start=878.00 horizon=15.00 frames=150 commit_frames=20[0m
[0m[INFO] [1788847471.887874302]: [sim_plan] built plan=563 start=880.00 horizon=15.00 frames=150 commit_frames=20[0m
[0m[INFO] [1788847471.890083151]: [multi_patrol][A1] V1 pickup leg: B32 -> A1  wpts=286 len=3.302[0m
[0m[INFO] [1788847471.926676825]: [sim_plan] built plan=564 start=881.60 horizon=15.00 frames=150 commit_frames=20[0m
[0m[INFO] [1788847471.967700149]: [sim_plan] built plan=565 start=883.60 horizon=15.00 frames=150 commit_frames=20[0m
[0m[INFO] [1788847472.004941097]: [sim_plan] built plan=566 start=885.60 horizon=15.00 frames=150 commit_frames=20[0m
[0m[INFO] [1788847472.046280835]: [sim_plan] built plan=567 start=887.60 horizon=15.00 frames=150 commit_frames=20[0m
[0m[INFO] [1788847472.086879224]: [sim_plan] built plan=568 start=889.60 horizon=15.00 frames=150 commit_frames=20[0m
[0m[INFO] [1788847472.138334687]: [sim_plan] built plan=569 start=891.60 horizon=15.00 frames=150 commit_frames=20[0m
[0m[INFO] [1788847472.192844729]: [sim_plan] built plan=570 start=892.30 horizon=15.00 frames=150 commit_frames=20[0m
[0m[INFO] [1788847472.254142383]: [sim_plan] built plan=571 start=894.30 horizon=15.00 frames=150 commit_frames=20[0m
[0m[INFO] [1788847472.315229998]: [sim_plan] built plan=572 start=896.30 horizon=15.00 frames=150 commit_frames=20[0m
[0m[INFO] [1788847472.316393916]: [multi_patrol][A1] V0 activate prepared dropoff: A1 -> B9 len=2.555 priority_until_s=0.756[0m
[0m[INFO] [1788847472.377306216]: [sim_plan] built plan=573 start=897.20 horizon=15.00 frames=150 commit_frames=20[0m
[0m[INFO] [1788847472.431766540]: [sim_plan] built plan=574 start=899.20 horizon=15.00 frames=150 commit_frames=20[0m
[0m[INFO] [1788847472.472718728]: [sim_plan] built plan=575 start=901.20 horizon=15.00 frames=150 commit_frames=20[0m
[0m[INFO] [1788847472.473589939]: [multi_patrol][A1 EXIT PRIORITY RELEASE] V0 s=0.768 threshold=0.756[0m
[0m[INFO] [1788847472.502563907]: [sim_plan] built plan=576 start=903.20 horizon=15.00 frames=150 commit_frames=20[0m
[0m[INFO] [1788847472.523455634]: [sim_plan] built plan=577 start=905.20 horizon=15.00 frames=150 commit_frames=20[0m
[0m[INFO] [1788847472.537043095]: [sim_plan] built plan=578 start=907.20 horizon=15.00 frames=150 commit_frames=20[0m
[0m[INFO] [1788847472.543504127]: [sim_plan] built plan=579 start=909.20 horizon=15.00 frames=150 commit_frames=20[0m
[0m[INFO] [1788847472.552226457]: [sim_plan] built plan=580 start=911.20 horizon=15.00 frames=150 commit_frames=20[0m
[0m[INFO] [1788847472.555833308]: [sim_plan] built plan=581 start=913.20 horizon=15.00 frames=150 commit_frames=20[0m
[0m[INFO] [1788847472.558840070]: [sim_plan] built plan=582 start=915.20 horizon=15.00 frames=150 commit_frames=20[0m
[0m[INFO] [1788847472.563396786]: [sim_plan] built plan=583 start=917.20 horizon=15.00 frames=150 commit_frames=20[0m
[0m[INFO] [1788847472.566896719]: [multi_patrol][A1] V0 pickup leg: B9 -> A1  wpts=298 len=3.034[0m
[0m[INFO] [1788847472.606458293]: [sim_plan] built plan=584 start=917.40 horizon=15.00 frames=150 commit_frames=20[0m
[0m[INFO] [1788847472.656710540]: [sim_plan] built plan=585 start=919.40 horizon=15.00 frames=150 commit_frames=20[0m
[0m[INFO] [1788847472.709554218]: [sim_plan] built plan=586 start=920.90 horizon=15.00 frames=150 commit_frames=20[0m
[0m[INFO] [1788847472.769527565]: [sim_plan] built plan=587 start=922.90 horizon=15.00 frames=150 commit_frames=20[0m
[0m[INFO] [1788847472.832591604]: [sim_plan] built plan=588 start=924.90 horizon=15.00 frames=150 commit_frames=20[0m
[0m[INFO] [1788847472.833878109]: [multi_patrol][A1] V1 activate prepared dropoff: A1 -> B54 len=5.654 priority_until_s=0.758[0m
[0m[INFO] [1788847472.893061364]: [sim_plan] built plan=589 start=925.80 horizon=15.00 frames=150 commit_frames=20[0m
[0m[INFO] [1788847472.947640345]: [sim_p[33m[WARN] [1788847473.183069778]: [multi_patrol][A1 EXIT HORIZON] V0 target=B28 dwell_part=4.90s departure_window=10.10s total_horizon=15.00s[0m
[33m[WARN] [1788847473.187663876]: [multi_patrol][A1 EXIT HORIZON] V0 target=B28 dwell_part=2.90s departure_window=12.10s total_horizon=15.00s[0m
[33m[WARN] [1788847473.192859770]: [multi_patrol][A1 EXIT HORIZON] V0 target=B28 dwell_part=0.90s departure_window=14.10s total_horizon=15.00s[0m
[33m[WARN] [1788847473.212273225]: [SLOT_DEPARTURE] time=16min4.8s vehicle=V1 owner=none result=ALLOW reason=no_service_owner candidate_path_gen=25 slot_departure_clear_s=0.327 vehicle_mode=ACTIVE vehicle_speed=0.000 vehicle_path_s=0.000 blocker=none a1_prefix_conflict=0 ordinary_road_conflict=0[0m
[33m[WARN] [1788847473.212701098]: [multi_patrol][A1 EXIT PREPARED] V1 target=B2 pickup_dwell=5.00s exit_len=2.116 priority_until_s=0.756 horizon_refresh=IMMEDIATE[0m
lan] built plan=590 start=927.80 horizon=15.00 frames=150 commit_frames=20[0m
[0m[INFO] [1788847472.988033646]: [sim_plan] built plan=591 start=929.80 horizon=15.00 frames=150 commit_frames=20[0m
[0m[INFO] [1788847472.989175853]: [multi_patrol][A1 EXIT PRIORITY RELEASE] V1 s=0.771 threshold=0.758[0m
[0m[INFO] [1788847473.023029431]: [sim_plan] built plan=592 start=931.80 horizon=15.00 frames=150 commit_frames=20[0m
[0m[INFO] [1788847473.051242487]: [sim_plan] built plan=593 start=933.80 horizon=15.00 frames=150 commit_frames=20[0m
[0m[INFO] [1788847473.073862325]: [sim_plan] built plan=594 start=935.80 horizon=15.00 frames=150 commit_frames=20[0m
[0m[INFO] [1788847473.092252685]: [sim_plan] built plan=595 start=937.80 horizon=15.00 frames=150 commit_frames=20[0m
[0m[INFO] [1788847473.109791521]: [sim_plan] built plan=596 start=939.80 horizon=15.00 frames=150 commit_frames=20[0m
[0m[INFO] [1788847473.127688047]: [sim_plan] built plan=597 start=941.80 horizon=15.00 frames=150 commit_frames=20[0m
[0m[INFO] [1788847473.141324144]: [sim_plan] built plan=598 start=943.80 horizon=15.00 frames=150 commit_frames=20[0m
[0m[INFO] [1788847473.152058551]: [sim_plan] built plan=599 start=945.80 horizon=15.00 frames=150 commit_frames=20[0m
[0m[INFO] [1788847473.161329705]: [sim_plan] built plan=600 start=947.80 horizon=15.00 frames=150 commit_frames=20[0m
[0m[INFO] [1788847473.169723748]: [sim_plan] built plan=601 start=949.80 horizon=15.00 frames=150 commit_frames=20[0m
[0m[INFO] [1788847473.175233982]: [sim_plan] built plan=602 start=951.80 horizon=15.00 frames=150 commit_frames=20[0m
[0m[INFO] [1788847473.178962747]: [sim_plan] built plan=603 start=953.80 horizon=15.00 frames=150 commit_frames=20[0m
[0m[INFO] [1788847473.183030468]: [sim_plan] built plan=604 start=954.40 horizon=15.00 frames=150 commit_frames=20[0m
[0m[INFO] [1788847473.187622570]: [sim_plan] built plan=605 start=956.40 horizon=15.00 frames=150 commit_frames=20[0m
[0m[INFO] [1788847473.192821979]: [sim_plan] built plan=606 start=958.40 horizon=15.00 frames=150 commit_frames=20[0m
[0m[INFO] [1788847473.194328644]: [multi_patrol][A1] V0 activate prepared dropoff: A1 -> B28 len=3.444 priority_until_s=0.758[0m
[0m[INFO] [1788847473.198357569]: [sim_plan] built plan=607 start=959.30 horizon=15.00 frames=150 commit_frames=20[0m
[0m[INFO] [1788847473.206395507]: [sim_plan] built plan=608 start=961.30 horizon=15.00 frames=150 commit_frames=20[0m
[0m[INFO] [1788847473.210677665]: [sim_plan] built plan=609 start=963.30 horizon=15.00 frames=150 commit_frames=20[0m
[0m[INFO] [1788847473.211918966]: [multi_patrol][A1 EXIT PRIORITY RELEASE] V0 s=0.771 threshold=0.758[0m
[0m[INFO] [1788847473.212237841]: [multi_patrol][A1] V1 pickup leg: B54 -> A1  wpts=451 len=5.542[0m
[0m[INFO] [1788847473.231754633]: [sim_plan] built plan=610 start=964.80 horizon=15.00 frames=150 commit_frames=20[0m
[0m[INFO] [1788847473.252283589]: [sim_plan] built plan=611 start=966.80 horizon=15.00 frames=150 commit_frames=20[0m
[0m[INFO] [1788847473.266785883]: [sim_plan] built plan=612 start=968.80 horizon=15.00 frames=150 commit_frames=20[0m
[0m[INFO] [1788847473.279091523]: [sim_plan] built plan=613 start=970.80 horizon=15.00 frames=150 commit_frames=20[0m
[0m[INFO] [1788847473.290031751]: [sim_plan] built plan=614 start=972.80 horizon=15.00 frames=150 commit_frames=20[0m
[0m[INFO] [1788847473.299541343]: [sim_plan] built plan=615 start=974.80 horizon=15.00 frames=150 commit_frames=20[0m
[0m[INFO] [1788847473.307970087]: [sim_plan] built plan=616 start=976.80 horizon=15.00 frames=150 commit_frames=20[0m
[0m[INFO] [1788847473.313783066]: [sim_plan] built plan=617 start=978.80 horizon=15.00 frames=150 commit_frames=20[0m
[0m[INFO] [1788847473.317693895]: [sim_plan] built plan=618 start=980.80 horizon=15.00 frames=150 commit_frames=20[0m
[0m[INFO] [1788847473.321838735]: [sim_plan] built plan=619 start=982.80 horizon=15.00 frames=150 commit_frames=20[0m
[0m[INFO] [1788847473.328137611]: [sim_plan] built plan=620 start=984.80 horizon=15.00 f[33m[WARN] [1788847473.330931392]: [SLOT_DEPARTURE] time=16min25.9s vehicle=V0 owner=V1 result=ALLOW reason=slot_departure_clear candidate_path_gen=25 slot_departure_clear_s=0.327 vehicle_mode=ACTIVE vehicle_speed=0.000 vehicle_path_s=0.000 blocker=none a1_prefix_conflict=0 ordinary_road_conflict=0 owner_phase=TO_A1 owner_path_gen=25 geometry=pending_preview protected_zones=0 actual_occupancy_priority=0[0m
[33m[WARN] [1788847473.331362453]: [multi_patrol][A1 EXIT PREPARED] V0 target=B38 pickup_dwell=5.00s exit_len=4.713 priority_until_s=0.758 horizon_refresh=IMMEDIATE[0m
[33m[WARN] [1788847473.617652232]: [multi_patrol][A1 EXIT HORIZON] V1 target=B2 dwell_part=4.90s departure_window=10.10s total_horizon=15.00s[0m
[33m[WARN] [1788847473.681646232]: [multi_patrol][A1 EXIT HORIZON] V1 target=B2 dwell_part=2.90s departure_window=12.10s total_horizon=15.00s[0m
[33m[WARN] [1788847473.740067545]: [multi_patrol][A1 EXIT HORIZON] V1 target=B2 dwell_part=0.90s departure_window=14.10s total_horizon=15.00s[0m
[33m[WARN] [1788847473.940170897]: [SLOT_DEPARTURE] time=17min2.4s vehicle=V1 owner=V0 result=ALLOW reason=slot_departure_clear candidate_path_gen=27 slot_departure_clear_s=0.346 vehicle_mode=ACTIVE vehicle_speed=0.000 vehicle_path_s=0.000 blocker=none a1_prefix_conflict=0 ordinary_road_conflict=0 owner_phase=TO_A1 owner_path_gen=25 geometry=pending_preview protected_zones=0 actual_occupancy_priority=0[0m
[33m[WARN] [1788847473.940706005]: [multi_patrol][A1 EXIT PREPARED] V1 target=B52 pickup_dwell=5.00s exit_len=5.439 priority_until_s=0.758 horizon_refresh=IMMEDIATE[0m
[33m[WARN] [1788847474.092620096]: [multi_patrol][A1 EXIT HORIZON] V0 target=B38 dwell_part=4.90s departure_window=10.10s total_horizon=15.00s[0m
[33m[WARN] [1788847474.152305220]: [multi_patrol][A1 EXIT HORIZON] V0 target=B38 dwell_part=2.90s departure_window=12.10s total_horizon=15.00s[0m
[33m[WARN] [1788847474.213687337]: [multi_patrol][A1 EXIT HORIZON] V0 target=B38 dwell_part=0.90s departure_window=14.10s total_horizon=15.00s[0m
rames=150 commit_frames=20[0m
[0m[INFO] [1788847473.330891112]: [multi_patrol][A1] V0 pickup leg: B28 -> A1  wpts=298 len=3.913[0m
[0m[INFO] [1788847473.345916907]: [sim_plan] built plan=621 start=985.90 horizon=15.00 frames=150 commit_frames=20[0m
[0m[INFO] [1788847473.377885143]: [sim_plan] built plan=622 start=987.90 horizon=15.00 frames=150 commit_frames=20[0m
[0m[INFO] [1788847473.408752007]: [sim_plan] built plan=623 start=989.90 horizon=15.00 frames=150 commit_frames=20[0m
[0m[INFO] [1788847473.442518953]: [sim_plan] built plan=624 start=991.90 horizon=15.00 frames=150 commit_frames=20[0m
[0m[INFO] [1788847473.478122423]: [sim_plan] built plan=625 start=993.90 horizon=15.00 frames=150 commit_frames=20[0m
[0m[INFO] [1788847473.516623731]: [sim_plan] built plan=626 start=995.90 horizon=15.00 frames=150 commit_frames=20[0m
[0m[INFO] [1788847473.564965045]: [sim_plan] built plan=627 start=997.90 horizon=15.00 frames=150 commit_frames=20[0m
[0m[INFO] [1788847473.617602656]: [sim_plan] built plan=628 start=999.50 horizon=15.00 frames=150 commit_frames=20[0m
[0m[INFO] [1788847473.681573812]: [sim_plan] built plan=629 start=1001.50 horizon=15.00 frames=150 commit_frames=20[0m
[0m[INFO] [1788847473.740025503]: [sim_plan] built plan=630 start=1003.50 horizon=15.00 frames=150 commit_frames=20[0m
[0m[INFO] [1788847473.741290793]: [multi_patrol][A1] V1 activate prepared dropoff: A1 -> B2 len=2.116 priority_until_s=0.756[0m
[0m[INFO] [1788847473.795946810]: [sim_plan] built plan=631 start=1004.40 horizon=15.00 frames=150 commit_frames=20[0m
[0m[INFO] [1788847473.842806377]: [sim_plan] built plan=632 start=1006.40 horizon=15.00 frames=150 commit_frames=20[0m
[0m[INFO] [1788847473.877526847]: [sim_plan] built plan=633 start=1008.40 horizon=15.00 frames=150 commit_frames=20[0m
[0m[INFO] [1788847473.878347927]: [multi_patrol][A1 EXIT PRIORITY RELEASE] V1 s=0.768 threshold=0.756[0m
[0m[INFO] [1788847473.902141741]: [sim_plan] built plan=634 start=1010.40 horizon=15.00 frames=150 commit_frames=20[0m
[0m[INFO] [1788847473.917453446]: [sim_plan] built plan=635 start=1012.40 horizon=15.00 frames=150 commit_frames=20[0m
[0m[INFO] [1788847473.926393773]: [sim_plan] built plan=636 start=1014.40 horizon=15.00 frames=150 commit_frames=20[0m
[0m[INFO] [1788847473.930196383]: [sim_plan] built plan=637 start=1016.40 horizon=15.00 frames=150 commit_frames=20[0m
[0m[INFO] [1788847473.935012971]: [sim_plan] built plan=638 start=1018.40 horizon=15.00 frames=150 commit_frames=20[0m
[0m[INFO] [1788847473.937767675]: [sim_plan] built plan=639 start=1020.40 horizon=15.00 frames=150 commit_frames=20[0m
[0m[INFO] [1788847473.940130122]: [multi_patrol][A1] V1 pickup leg: B2 -> A1  wpts=162 len=2.116[0m
[0m[INFO] [1788847473.989362476]: [sim_plan] built plan=640 start=1022.40 horizon=15.00 frames=150 commit_frames=20[0m
[0m[INFO] [1788847474.039876068]: [sim_plan] built plan=641 start=1024.40 horizon=15.00 frames=150 commit_frames=20[0m
[0m[INFO] [1788847474.092573830]: [sim_plan] built plan=642 start=1025.70 horizon=15.00 frames=150 commit_frames=20[0m
[0m[INFO] [1788847474.152258087]: [sim_plan] built plan=643 start=1027.70 horizon=15.00 frames=150 commit_frames=20[0m
[0m[INFO] [1788847474.213635048]: [sim_plan] built plan=644 start=1029.70 horizon=15.00 frames=150 commit_frames=20[0m
[0m[INFO] [1788847474.214989095]: [multi_patrol][A1] V0 activate prepared dropoff: A1 -> B38 len=4.713 priority_until_s=0.758[0m
[0m[INFO] [1788847474.273620898]: [sim_plan] built plan=645 start=1030.60 horizon=15.00 frames=150 commit_frames=20[0m
[0m[INFO] [1788847474.324080276]: [sim_plan] built plan=646 start=1032.60 horizon=15.00 frames=150 commit_frames=20[0m
[0m[INFO] [1788847474.363849474]: [sim_plan] built plan=647 start=1034.60 horizon=15.00 frames=150 commit_frames=20[0m
[0m[INFO] [1788847474.365247206]: [multi_patrol][A1 EXIT PRIORITY RELEASE] V0 s=0.771 threshold=0.758[0m
[0m[INFO] [1788847474.394000527]: [sim_plan] built plan=648 start=1036.60 horizon=15.00 frames=150 commit_frames=20[0m
[0m[[33m[WARN] [1788847474.507219819]: [multi_patrol][A1 EXIT HORIZON] V1 target=B52 dwell_part=4.90s departure_window=10.10s total_horizon=15.00s[0m
[33m[WARN] [1788847474.513016890]: [multi_patrol][A1 EXIT HORIZON] V1 target=B52 dwell_part=2.90s departure_window=12.10s total_horizon=15.00s[0m
[33m[WARN] [1788847474.518903789]: [multi_patrol][A1 EXIT HORIZON] V1 target=B52 dwell_part=0.90s departure_window=14.10s total_horizon=15.00s[0m
[33m[WARN] [1788847474.535461981]: [SLOT_DEPARTURE] time=17min43.4s vehicle=V0 owner=V1 result=ALLOW reason=slot_departure_clear candidate_path_gen=27 slot_departure_clear_s=0.327 vehicle_mode=ACTIVE vehicle_speed=0.000 vehicle_path_s=0.000 blocker=none a1_prefix_conflict=0 ordinary_road_conflict=0 owner_phase=TO_B owner_path_gen=28 geometry=actual_to_b protected_zones=0 actual_occupancy_priority=0[0m
[33m[WARN] [1788847474.535940811]: [multi_patrol][A1 EXIT PREPARED] V0 target=B26 pickup_dwell=5.00s exit_len=3.655 priority_until_s=0.758 horizon_refresh=IMMEDIATE[0m
INFO] [1788847474.415662684]: [sim_plan] built plan=649 start=1038.60 horizon=15.00 frames=150 commit_frames=20[0m
[0m[INFO] [1788847474.435385257]: [sim_plan] built plan=650 start=1040.60 horizon=15.00 frames=150 commit_frames=20[0m
[0m[INFO] [1788847474.450252058]: [sim_plan] built plan=651 start=1042.60 horizon=15.00 frames=150 commit_frames=20[0m
[0m[INFO] [1788847474.466770232]: [sim_plan] built plan=652 start=1044.60 horizon=15.00 frames=150 commit_frames=20[0m
[0m[INFO] [1788847474.477335331]: [sim_plan] built plan=653 start=1046.60 horizon=15.00 frames=150 commit_frames=20[0m
[0m[INFO] [1788847474.486195705]: [sim_plan] built plan=654 start=1048.60 horizon=15.00 frames=150 commit_frames=20[0m
[0m[INFO] [1788847474.493286889]: [sim_plan] built plan=655 start=1050.60 horizon=15.00 frames=150 commit_frames=20[0m
[0m[INFO] [1788847474.498508267]: [sim_plan] built plan=656 start=1052.60 horizon=15.00 frames=150 commit_frames=20[0m
[0m[INFO] [1788847474.502083391]: [sim_plan] built plan=657 start=1054.60 horizon=15.00 frames=150 commit_frames=20[0m
[0m[INFO] [1788847474.507128807]: [sim_plan] built plan=658 start=1055.70 horizon=15.00 frames=150 commit_frames=20[0m
[0m[INFO] [1788847474.512967606]: [sim_plan] built plan=659 start=1057.70 horizon=15.00 frames=150 commit_frames=20[0m
[0m[INFO] [1788847474.518844797]: [sim_plan] built plan=660 start=1059.70 horizon=15.00 frames=150 commit_frames=20[0m
[0m[INFO] [1788847474.520532323]: [multi_patrol][A1] V1 activate prepared dropoff: A1 -> B52 len=5.439 priority_until_s=0.758[0m
[0m[INFO] [1788847474.524729354]: [sim_plan] built plan=661 start=1060.60 horizon=15.00 frames=150 commit_frames=20[0m
[0m[INFO] [1788847474.530813149]: [sim_plan] built plan=662 start=1062.60 horizon=15.00 frames=150 commit_frames=20[0m
[0m[INFO] [1788847474.535419100]: [multi_patrol][A1] V0 pickup leg: B38 -> A1  wpts=320 len=3.368[0m
[0m[INFO] [1788847474.616417889]: [sim_plan] built plan=663 start=1063.40 horizon=15.00 frames=150 commit_frames=20[0m
[0m[INFO] [1788847474.690875298]: [sim_plan] built plan=664 start=1065.40 horizon=15.00 frames=150 commit_frames=20[0m
[0m[INFO] [1788847474.691637956]: [multi_patrol][A1 EXIT PRIORITY RELEASE] V1 s=0.771 threshold=0.758[0m
[0m[INFO] [1788847474.750651327]: [sim_plan] built plan=665 start=1067.40 horizon=15.00 frames=150 commit_frames=20[0m
[0m[INFO] [1788847474.802602289]: [sim_plan] built plan=666 start=1069.40 horizon=15.00 frames=150 commit_frames=20[0m
[0m[INFO] [1788847474.845013426]: [sim_plan] built plan=667 start=1071.40 horizon=15.00 frames=150 commit_frames=20[0m
[0m[INFO] [1788847474.876806465]: [sim_plan] built plan=668 start=1073.40 horizon=15.00 frames=150 commit_frames=20[0m
[0m[INFO] [1788847474.906130400]: [sim_plan] built plan=669 start=1075.40 horizon=15.00 frames=150 commit_frames=20[0m
[0m[INFO] [1788847474.929773444]: [sim_plan] built plan=670 start=1077.40 horizon=15.00 frames=150 commit_frames=20[0m
[0m[INFO] [1788847474.947880635]: [sim_plan] built plan=671 start=1079.40 horizon=15.00 frames=150 commit_frames=20[0m
[0m[INFO] [1788847474.966302561]: [sim_plan] built plan=672 start=1081.40 horizon=15.00 frames=150 commit_frames=20[0m
[0m[INFO] [1788847474.980776576]: [sim_plan] built plan=673 start=1083.40 horizon=15.00 frames=150 commit_frames=20[0m
[0m[INFO] [1788847474.997313089]: [sim_plan] built plan=674 start=1085.40 horizon=15.00 frames=150 commit_frames=20[0m
[0m[INFO] [1788847475.007958376]: [sim_plan] built plan=675 start=1087.40 horizon=15.00 frames=150 commit_frames=20[0m
[0m[INFO] [1788847475.016439089]: [sim_plan] built plan=676 start=1089.40 horizon=15.00 frames=150 commit_frames=20[0m
[0m[INFO] [1788847475.022698006]: [sim_plan] built plan=677 start=1091.40 horizon=15.00 frames=150 commit_frames=20[0m
[0m[INFO] [1788847475.027462977]: [sim_plan] built plan=678 start=1093.40 horizon=15.00 frames=150 commit_frames=20[0m
[0m[INFO] [1788847475.031407873]: [sim_plan] built plan=679 start=1095.40 horizon=15.00 frames=150 commit_frames=20[0m
[0m[INFO[33m[WARN] [1788847475.038788548]: [SLOT_DEPARTURE] time=18min18.8s vehicle=V1 owner=V0 result=ALLOW reason=slot_departure_clear candidate_path_gen=29 slot_departure_clear_s=0.327 vehicle_mode=ACTIVE vehicle_speed=0.000 vehicle_path_s=0.000 blocker=none a1_prefix_conflict=0 ordinary_road_conflict=0 owner_phase=TO_A1 owner_path_gen=27 geometry=pending_preview protected_zones=0 actual_occupancy_priority=0[0m
[33m[WARN] [1788847475.039295991]: [multi_patrol][A1 EXIT PREPARED] V1 target=B0 pickup_dwell=5.00s exit_len=2.555 priority_until_s=0.756 horizon_refresh=IMMEDIATE[0m
[33m[WARN] [1788847475.066475506]: [multi_patrol][A1 EXIT HORIZON] V0 target=B26 dwell_part=4.90s departure_window=10.10s total_horizon=15.00s[0m
[33m[WARN] [1788847475.097113315]: [multi_patrol][A1 EXIT HORIZON] V0 target=B26 dwell_part=2.90s departure_window=12.10s total_horizon=15.00s[0m
[33m[WARN] [1788847475.139625143]: [multi_patrol][A1 EXIT HORIZON] V0 target=B26 dwell_part=0.90s departure_window=14.10s total_horizon=15.00s[0m
[33m[WARN] [1788847475.613199033]: [SLOT_DEPARTURE] time=18min52.2s vehicle=V0 owner=V1 result=ALLOW reason=slot_departure_clear candidate_path_gen=29 slot_departure_clear_s=0.327 vehicle_mode=ACTIVE vehicle_speed=0.000 vehicle_path_s=0.000 blocker=none a1_prefix_conflict=0 ordinary_road_conflict=0 owner_phase=TO_A1 owner_path_gen=29 geometry=pending_preview protected_zones=0 actual_occupancy_priority=0[0m
[33m[WARN] [1788847475.613642715]: [multi_patrol][A1 EXIT PREPARED] V0 target=B6 pickup_dwell=5.00s exit_len=1.901 priority_until_s=0.758 horizon_refresh=IMMEDIATE[0m
[33m[WARN] [1788847475.912109408]: [multi_patrol][A1 EXIT HORIZON] V1 target=B0 dwell_part=4.90s departure_window=10.10s total_horizon=15.00s[0m
[33m[WARN] [1788847475.979218805]: [multi_patrol][A1 EXIT HORIZON] V1 target=B0 dwell_part=2.90s departure_window=12.10s total_horizon=15.00s[0m
[33m[WARN] [1788847476.045756163]: [multi_patrol][A1 EXIT HORIZON] V1 target=B0 dwell_part=0.90s departure_window=14.10s total_horizon=15.00s[0m
] [1788847475.034464313]: [sim_plan] built plan=680 start=1097.40 horizon=15.00 frames=150 commit_frames=20[0m
[0m[INFO] [1788847475.038742311]: [multi_patrol][A1] V1 pickup leg: B52 -> A1  wpts=427 len=5.304[0m
[0m[INFO] [1788847475.049879294]: [sim_plan] built plan=681 start=1098.80 horizon=15.00 frames=150 commit_frames=20[0m
[0m[INFO] [1788847475.066421273]: [sim_plan] built plan=682 start=1099.80 horizon=15.00 frames=150 commit_frames=20[0m
[0m[INFO] [1788847475.097063530]: [sim_plan] built plan=683 start=1101.80 horizon=15.00 frames=150 commit_frames=20[0m
[0m[INFO] [1788847475.139577062]: [sim_plan] built plan=684 start=1103.80 horizon=15.00 frames=150 commit_frames=20[0m
[0m[INFO] [1788847475.140815943]: [multi_patrol][A1] V0 activate prepared dropoff: A1 -> B26 len=3.655 priority_until_s=0.758[0m
[0m[INFO] [1788847475.192256574]: [sim_plan] built plan=685 start=1104.70 horizon=15.00 frames=150 commit_frames=20[0m
[0m[INFO] [1788847475.266620185]: [sim_plan] built plan=686 start=1106.70 horizon=15.00 frames=150 commit_frames=20[0m
[0m[INFO] [1788847475.336550292]: [sim_plan] built plan=687 start=1108.70 horizon=15.00 frames=150 commit_frames=20[0m
[0m[INFO] [1788847475.337821415]: [multi_patrol][A1 EXIT PRIORITY RELEASE] V0 s=0.771 threshold=0.758[0m
[0m[INFO] [1788847475.401284081]: [sim_plan] built plan=688 start=1110.70 horizon=15.00 frames=150 commit_frames=20[0m
[0m[INFO] [1788847475.455359311]: [sim_plan] built plan=689 start=1112.70 horizon=15.00 frames=150 commit_frames=20[0m
[0m[INFO] [1788847475.500902616]: [sim_plan] built plan=690 start=1114.70 horizon=15.00 frames=150 commit_frames=20[0m
[0m[INFO] [1788847475.536174505]: [sim_plan] built plan=691 start=1116.70 horizon=15.00 frames=150 commit_frames=20[0m
[0m[INFO] [1788847475.561084736]: [sim_plan] built plan=692 start=1118.70 horizon=15.00 frames=150 commit_frames=20[0m
[0m[INFO] [1788847475.578656376]: [sim_plan] built plan=693 start=1120.70 horizon=15.00 frames=150 commit_frames=20[0m
[0m[INFO] [1788847475.587816167]: [sim_plan] built plan=694 start=1122.70 horizon=15.00 frames=150 commit_frames=20[0m
[0m[INFO] [1788847475.594562839]: [sim_plan] built plan=695 start=1124.70 horizon=15.00 frames=150 commit_frames=20[0m
[0m[INFO] [1788847475.598879100]: [sim_plan] built plan=696 start=1126.70 horizon=15.00 frames=150 commit_frames=20[0m
[0m[INFO] [1788847475.606282558]: [sim_plan] built plan=697 start=1128.70 horizon=15.00 frames=150 commit_frames=20[0m
[0m[INFO] [1788847475.610590984]: [sim_plan] built plan=698 start=1130.70 horizon=15.00 frames=150 commit_frames=20[0m
[0m[INFO] [1788847475.613155300]: [multi_patrol][A1] V0 pickup leg: B26 -> A1  wpts=298 len=3.694[0m
[0m[INFO] [1788847475.648362369]: [sim_plan] built plan=699 start=1132.20 horizon=15.00 frames=150 commit_frames=20[0m
[0m[INFO] [1788847475.689326572]: [sim_plan] built plan=700 start=1134.20 horizon=15.00 frames=150 commit_frames=20[0m
[0m[INFO] [1788847475.728978854]: [sim_plan] built plan=701 start=1136.20 horizon=15.00 frames=150 commit_frames=20[0m
[0m[INFO] [1788847475.767828855]: [sim_plan] built plan=702 start=1138.20 horizon=15.00 frames=150 commit_frames=20[0m
[0m[INFO] [1788847475.809728493]: [sim_plan] built plan=703 start=1140.20 horizon=15.00 frames=150 commit_frames=20[0m
[0m[INFO] [1788847475.859679679]: [sim_plan] built plan=704 start=1142.20 horizon=15.00 frames=150 commit_frames=20[0m
[0m[INFO] [1788847475.912006292]: [sim_plan] built plan=705 start=1142.60 horizon=15.00 frames=150 commit_frames=20[0m
[0m[INFO] [1788847475.979173068]: [sim_plan] built plan=706 start=1144.60 horizon=15.00 frames=150 commit_frames=20[0m
[0m[INFO] [1788847476.045697932]: [sim_plan] built plan=707 start=1146.60 horizon=15.00 frames=150 commit_frames=20[0m
[0m[INFO] [1788847476.047285705]: [multi_patrol][A1] V1 activate prepared dropoff: A1 -> B0 len=2.555 priority_until_s=0.756[0m
[0m[INFO] [1788847476.110375262]: [sim_plan] built plan=708 start=1147.50 horizon=15.00 frames=150 commit_frames=20[0m
[0m[INFO] [1788847476[33m[WARN] [1788847476.318158320]: [SLOT_DEPARTURE] time=19min27.7s vehicle=V1 owner=V0 result=ALLOW reason=slot_departure_clear candidate_path_gen=31 slot_departure_clear_s=0.346 vehicle_mode=ACTIVE vehicle_speed=0.000 vehicle_path_s=0.000 blocker=none a1_prefix_conflict=0 ordinary_road_conflict=0 owner_phase=TO_A1 owner_path_gen=29 geometry=pending_preview protected_zones=0 actual_occupancy_priority=0[0m
[33m[WARN] [1788847476.318557432]: [multi_patrol][A1 EXIT PREPARED] V1 target=B24 pickup_dwell=5.00s exit_len=3.875 priority_until_s=0.758 horizon_refresh=IMMEDIATE[0m
[33m[WARN] [1788847476.513894519]: [multi_patrol][A1 EXIT HORIZON] V0 target=B6 dwell_part=4.90s departure_window=10.10s total_horizon=15.00s[0m
[33m[WARN] [1788847476.566456449]: [multi_patrol][A1 EXIT HORIZON] V0 target=B6 dwell_part=2.90s departure_window=12.10s total_horizon=15.00s[0m
[33m[WARN] [1788847476.613962264]: [multi_patrol][A1 EXIT HORIZON] V0 target=B6 dwell_part=0.90s departure_window=14.10s total_horizon=15.00s[0m
[33m[WARN] [1788847476.780936646]: [SLOT_DEPARTURE] time=19min54.2s vehicle=V0 owner=V1 result=ALLOW reason=slot_departure_clear candidate_path_gen=31 slot_departure_clear_s=0.346 vehicle_mode=ACTIVE vehicle_speed=0.000 vehicle_path_s=0.000 blocker=none a1_prefix_conflict=0 ordinary_road_conflict=0 owner_phase=TO_A1 owner_path_gen=31 geometry=pending_preview protected_zones=0 actual_occupancy_priority=0[0m
[33m[WARN] [1788847476.781408311]: [multi_patrol][A1 EXIT PREPARED] V0 target=B26 pickup_dwell=5.00s exit_len=3.655 priority_until_s=0.758 horizon_refresh=IMMEDIATE[0m
.170337335]: [sim_plan] built plan=709 start=1149.50 horizon=15.00 frames=150 commit_frames=20[0m
[0m[INFO] [1788847476.216600742]: [sim_plan] built plan=710 start=1151.50 horizon=15.00 frames=150 commit_frames=20[0m
[0m[INFO] [1788847476.217585431]: [multi_patrol][A1 EXIT PRIORITY RELEASE] V1 s=0.768 threshold=0.756[0m
[0m[INFO] [1788847476.251931123]: [sim_plan] built plan=711 start=1153.50 horizon=15.00 frames=150 commit_frames=20[0m
[0m[INFO] [1788847476.276672843]: [sim_plan] built plan=712 start=1155.50 horizon=15.00 frames=150 commit_frames=20[0m
[0m[INFO] [1788847476.292640443]: [sim_plan] built plan=713 start=1157.50 horizon=15.00 frames=150 commit_frames=20[0m
[0m[INFO] [1788847476.301294326]: [sim_plan] built plan=714 start=1159.50 horizon=15.00 frames=150 commit_frames=20[0m
[0m[INFO] [1788847476.305442205]: [sim_plan] built plan=715 start=1161.50 horizon=15.00 frames=150 commit_frames=20[0m
[0m[INFO] [1788847476.310780154]: [sim_plan] built plan=716 start=1163.50 horizon=15.00 frames=150 commit_frames=20[0m
[0m[INFO] [1788847476.313661873]: [sim_plan] built plan=717 start=1165.50 horizon=15.00 frames=150 commit_frames=20[0m
[0m[INFO] [1788847476.316149969]: [sim_plan] built plan=718 start=1167.50 horizon=15.00 frames=150 commit_frames=20[0m
[0m[INFO] [1788847476.318053468]: [multi_patrol][A1] V1 pickup leg: B0 -> A1  wpts=298 len=3.034[0m
[0m[INFO] [1788847476.364407337]: [sim_plan] built plan=719 start=1167.70 horizon=15.00 frames=150 commit_frames=20[0m
[0m[INFO] [1788847476.418670975]: [sim_plan] built plan=720 start=1169.70 horizon=15.00 frames=150 commit_frames=20[0m
[0m[INFO] [1788847476.465972323]: [sim_plan] built plan=721 start=1171.70 horizon=15.00 frames=150 commit_frames=20[0m
[0m[INFO] [1788847476.513841258]: [sim_plan] built plan=722 start=1172.40 horizon=15.00 frames=150 commit_frames=20[0m
[0m[INFO] [1788847476.566396675]: [sim_plan] built plan=723 start=1174.40 horizon=15.00 frames=150 commit_frames=20[0m
[0m[INFO] [1788847476.613909634]: [sim_plan] built plan=724 start=1176.40 horizon=15.00 frames=150 commit_frames=20[0m
[0m[INFO] [1788847476.615215522]: [multi_patrol][A1] V0 activate prepared dropoff: A1 -> B6 len=1.901 priority_until_s=0.758[0m
[0m[INFO] [1788847476.659817057]: [sim_plan] built plan=725 start=1177.30 horizon=15.00 frames=150 commit_frames=20[0m
[0m[INFO] [1788847476.700807919]: [sim_plan] built plan=726 start=1179.30 horizon=15.00 frames=150 commit_frames=20[0m
[0m[INFO] [1788847476.728066452]: [sim_plan] built plan=727 start=1181.30 horizon=15.00 frames=150 commit_frames=20[0m
[0m[INFO] [1788847476.729021840]: [multi_patrol][A1 EXIT PRIORITY RELEASE] V0 s=0.771 threshold=0.758[0m
[0m[INFO] [1788847476.747786176]: [sim_plan] built plan=728 start=1183.30 horizon=15.00 frames=150 commit_frames=20[0m
[0m[INFO] [1788847476.761594804]: [sim_plan] built plan=729 start=1185.30 horizon=15.00 frames=150 commit_frames=20[0m
[0m[INFO] [1788847476.767233178]: [sim_plan] built plan=730 start=1187.30 horizon=15.00 frames=150 commit_frames=20[0m
[0m[INFO] [1788847476.769817733]: [sim_plan] built plan=731 start=1189.30 horizon=15.00 frames=150 commit_frames=20[0m
[0m[INFO] [1788847476.775430287]: [sim_plan] built plan=732 start=1191.30 horizon=15.00 frames=150 commit_frames=20[0m
[0m[INFO] [1788847476.778905018]: [sim_plan] built plan=733 start=1193.30 horizon=15.00 frames=150 commit_frames=20[0m
[0m[INFO] [1788847476.780891782]: [multi_patrol][A1] V0 pickup leg: B6 -> A1  wpts=162 len=1.900[0m
[0m[INFO] [1788847476.829696501]: [sim_plan] built plan=734 start=1194.20 horizon=15.00 frames=150 commit_frames=20[0m
[0m[INFO] [1788847476.878172789]: [sim_plan] built plan=735 start=1196.20 horizon=15.00 frames=150 commit_frames=20[0m
[0m[INFO] [1788847476.925530364]: [sim_plan] built plan=736 start=1198.20 horizon=15.00 frames=150 commit_frames=20[0m
[0m[INFO] [1788847476.982452618]: [sim_plan] built plan=737 start=1200.20 horizon=15.00 frames=150 commit_frames=20[0m
[0m[INFO] [1788847477.037010464]: [sim_plan] built plan=738 [33m[WARN] [1788847477.037226481]: [multi_patrol][A1 EXIT HORIZON] V1 target=B24 dwell_part=4.90s departure_window=10.10s total_horizon=15.00s[0m
[33m[WARN] [1788847477.092512848]: [multi_patrol][A1 EXIT HORIZON] V1 target=B24 dwell_part=2.90s departure_window=12.10s total_horizon=15.00s[0m
[33m[WARN] [1788847477.149014187]: [multi_patrol][A1 EXIT HORIZON] V1 target=B24 dwell_part=0.90s departure_window=14.10s total_horizon=15.00s[0m
[33m[WARN] [1788847477.431495851]: [multi_patrol][A1 EXIT HORIZON] V0 target=B26 dwell_part=4.90s departure_window=10.10s total_horizon=15.00s[0m
[33m[WARN] [1788847477.436944469]: [multi_patrol][A1 EXIT HORIZON] V0 target=B26 dwell_part=2.90s departure_window=12.10s total_horizon=15.00s[0m
[33m[WARN] [1788847477.442489891]: [multi_patrol][A1 EXIT HORIZON] V0 target=B26 dwell_part=0.90s departure_window=14.10s total_horizon=15.00s[0m
[33m[WARN] [1788847477.451209232]: [SLOT_DEPARTURE] time=20min34.4s vehicle=V1 owner=V0 result=ALLOW reason=slot_departure_clear candidate_path_gen=33 slot_departure_clear_s=0.327 vehicle_mode=ACTIVE vehicle_speed=0.000 vehicle_path_s=0.000 blocker=none a1_prefix_conflict=0 ordinary_road_conflict=0 owner_phase=TO_B owner_path_gen=32 geometry=actual_to_b protected_zones=0 actual_occupancy_priority=0[0m
[33m[WARN] [1788847477.451765251]: [multi_patrol][A1 EXIT PREPARED] V1 target=B43 pickup_dwell=5.00s exit_len=7.369 priority_until_s=0.758 horizon_refresh=IMMEDIATE[0m
[33m[WARN] [1788847477.509830797]: [SOURCE=REAL] [plan=758] [frame=14] [rollout_step=-1] [multi_patrol][A1 EXIT INTRUSION ENTER] owner=V0 target=B26 blocker=V1 dwell_remaining=0.00s visible_exit_t=14.90s owner_exit_s=3.111 blocker_phase=1 blocker_s=0.487 action=DIAG_ONLY[0m
[33m[WARN] [1788847477.539409028]: [SOURCE=REAL] [plan=759] [frame=6] [rollout_step=-1] [multi_patrol][A1 EXIT INTRUSION CLEAR] owner=V0 blocker=V1[0m
start=1200.80 horizon=15.00 frames=150 commit_frames=20[0m
[0m[INFO] [1788847477.092468004]: [sim_plan] built plan=739 start=1202.80 horizon=15.00 frames=150 commit_frames=20[0m
[0m[INFO] [1788847477.148960684]: [sim_plan] built plan=740 start=1204.80 horizon=15.00 frames=150 commit_frames=20[0m
[0m[INFO] [1788847477.150485216]: [multi_patrol][A1] V1 activate prepared dropoff: A1 -> B24 len=3.875 priority_until_s=0.758[0m
[0m[INFO] [1788847477.204876744]: [sim_plan] built plan=741 start=1205.70 horizon=15.00 frames=150 commit_frames=20[0m
[0m[INFO] [1788847477.256522563]: [sim_plan] built plan=742 start=1207.70 horizon=15.00 frames=150 commit_frames=20[0m
[0m[INFO] [1788847477.297399114]: [sim_plan] built plan=743 start=1209.70 horizon=15.00 frames=150 commit_frames=20[0m
[0m[INFO] [1788847477.299582550]: [multi_patrol][A1 EXIT PRIORITY RELEASE] V1 s=0.771 threshold=0.758[0m
[0m[INFO] [1788847477.331268471]: [sim_plan] built plan=744 start=1211.70 horizon=15.00 frames=150 commit_frames=20[0m
[0m[INFO] [1788847477.356940642]: [sim_plan] built plan=745 start=1213.70 horizon=15.00 frames=150 commit_frames=20[0m
[0m[INFO] [1788847477.376211161]: [sim_plan] built plan=746 start=1215.70 horizon=15.00 frames=150 commit_frames=20[0m
[0m[INFO] [1788847477.389500095]: [sim_plan] built plan=747 start=1217.70 horizon=15.00 frames=150 commit_frames=20[0m
[0m[INFO] [1788847477.402734128]: [sim_plan] built plan=748 start=1219.70 horizon=15.00 frames=150 commit_frames=20[0m
[0m[INFO] [1788847477.411291322]: [sim_plan] built plan=749 start=1221.70 horizon=15.00 frames=150 commit_frames=20[0m
[0m[INFO] [1788847477.417964736]: [sim_plan] built plan=750 start=1223.70 horizon=15.00 frames=150 commit_frames=20[0m
[0m[INFO] [1788847477.423007553]: [sim_plan] built plan=751 start=1225.70 horizon=15.00 frames=150 commit_frames=20[0m
[0m[INFO] [1788847477.427275992]: [sim_plan] built plan=752 start=1227.70 horizon=15.00 frames=150 commit_frames=20[0m
[0m[INFO] [1788847477.431449868]: [sim_plan] built plan=753 start=1228.70 horizon=15.00 frames=150 commit_frames=20[0m
[0m[INFO] [1788847477.436886151]: [sim_plan] built plan=754 start=1230.70 horizon=15.00 frames=150 commit_frames=20[0m
[0m[INFO] [1788847477.442453415]: [sim_plan] built plan=755 start=1232.70 horizon=15.00 frames=150 commit_frames=20[0m
[0m[INFO] [1788847477.443776758]: [multi_patrol][A1] V0 activate prepared dropoff: A1 -> B26 len=3.655 priority_until_s=0.758[0m
[0m[INFO] [1788847477.447780562]: [sim_plan] built plan=756 start=1233.60 horizon=15.00 frames=150 commit_frames=20[0m
[0m[INFO] [1788847477.451164320]: [multi_patrol][A1] V1 pickup leg: B24 -> A1  wpts=298 len=3.474[0m
[0m[INFO] [1788847477.471247770]: [sim_plan] built plan=757 start=1234.40 horizon=15.00 frames=150 commit_frames=20[0m
[0m[INFO] [1788847477.508440491]: [sim_plan] built plan=758 start=1236.40 horizon=15.00 frames=150 commit_frames=20[0m
[0m[INFO] [1788847477.538501883]: [sim_plan] built plan=759 start=1238.40 horizon=15.00 frames=150 commit_frames=20[0m
[0m[INFO] [1788847477.539373643]: [multi_patrol][A1 EXIT PRIORITY RELEASE] V0 s=0.771 threshold=0.758[0m
[0m[INFO] [1788847477.562845195]: [sim_plan] built plan=760 start=1240.40 horizon=15.00 frames=150 commit_frames=20[0m
[0m[INFO] [1788847477.581107465]: [sim_plan] built plan=761 start=1242.40 horizon=15.00 frames=150 commit_frames=20[0m
[0m[INFO] [1788847477.601801003]: [sim_plan] built plan=762 start=1244.40 horizon=15.00 frames=150 commit_frames=20[0m
[0m[INFO] [1788847477.613584521]: [sim_plan] built plan=763 start=1246.40 horizon=15.00 frames=150 commit_frames=20[0m
[0m[INFO] [1788847477.624363045]: [sim_plan] built plan=764 start=1248.40 horizon=15.00 frames=150 commit_frames=20[0m
[0m[INFO] [1788847477.632525592]: [sim_plan] built plan=765 start=1250.40 horizon=15.00 frames=150 commit_frames=20[0m
[0m[INFO] [1788847477.638846867]: [sim_plan] built plan=766 start=1252.40 horizon=15.00 frames=150 commit_frames=20[0m
[0m[INFO] [1788847477.643838792]: [sim_plan] built plan=767 start=12[33m[WARN] [1788847477.651899021]: [multi_patrol][A1 EXIT HORIZON] V1 target=B43 dwell_part=4.90s departure_window=10.10s total_horizon=15.00s[0m
[33m[WARN] [1788847477.656920088]: [multi_patrol][A1 EXIT HORIZON] V1 target=B43 dwell_part=2.90s departure_window=12.10s total_horizon=15.00s[0m
[33m[WARN] [1788847477.662457802]: [multi_patrol][A1 EXIT HORIZON] V1 target=B43 dwell_part=0.90s departure_window=14.10s total_horizon=15.00s[0m
[33m[WARN] [1788847477.668704699]: [SLOT_DEPARTURE] time=21min1.1s vehicle=V0 owner=V1 result=ALLOW reason=slot_departure_clear candidate_path_gen=33 slot_departure_clear_s=0.327 vehicle_mode=ACTIVE vehicle_speed=0.000 vehicle_path_s=0.000 blocker=none a1_prefix_conflict=0 ordinary_road_conflict=0 owner_phase=PICKUP_DWELL owner_path_gen=33 geometry=pending_preview protected_zones=0 actual_occupancy_priority=0[0m
[33m[WARN] [1788847477.669257510]: [multi_patrol][A1 EXIT PREPARED] V0 target=B50 pickup_dwell=5.00s exit_len=6.993 priority_until_s=0.758 horizon_refresh=IMMEDIATE[0m
[33m[WARN] [1788847477.729769957]: [multi_patrol][A1 EXIT HORIZON] V1 target=B43 dwell_part=0.40s departure_window=14.60s total_horizon=15.00s[0m
[33m[WARN] [1788847478.542783908]: [multi_patrol][A1 EXIT HORIZON] V0 target=B50 dwell_part=4.90s departure_window=10.10s total_horizon=15.00s[0m
[33m[WARN] [1788847478.548783590]: [multi_patrol][A1 EXIT HORIZON] V0 target=B50 dwell_part=2.90s departure_window=12.10s total_horizon=15.00s[0m
54.40 horizon=15.00 frames=150 commit_frames=20[0m
[0m[INFO] [1788847477.647847609]: [sim_plan] built plan=768 start=1256.40 horizon=15.00 frames=150 commit_frames=20[0m
[0m[INFO] [1788847477.651842903]: [sim_plan] built plan=769 start=1256.60 horizon=15.00 frames=150 commit_frames=20[0m
[0m[INFO] [1788847477.656871170]: [sim_plan] built plan=770 start=1258.60 horizon=15.00 frames=150 commit_frames=20[0m
[0m[INFO] [1788847477.662407205]: [sim_plan] built plan=771 start=1260.60 horizon=15.00 frames=150 commit_frames=20[0m
[0m[INFO] [1788847477.668643764]: [multi_patrol][A1] V0 pickup leg: B26 -> A1  wpts=298 len=3.694[0m
[0m[INFO] [1788847477.729686784]: [sim_plan] built plan=772 start=1261.10 horizon=15.00 frames=150 commit_frames=20[0m
[0m[INFO] [1788847477.731037104]: [multi_patrol][A1] V1 activate prepared dropoff: A1 -> B43 len=7.369 priority_until_s=0.758[0m
[0m[INFO] [1788847477.794923352]: [sim_plan] built plan=773 start=1261.50 horizon=15.00 frames=150 commit_frames=20[0m
[0m[INFO] [1788847477.871646299]: [sim_plan] built plan=774 start=1263.50 horizon=15.00 frames=150 commit_frames=20[0m
[0m[INFO] [1788847477.943123379]: [sim_plan] built plan=775 start=1265.50 horizon=15.00 frames=150 commit_frames=20[0m
[0m[INFO] [1788847477.944477533]: [multi_patrol][A1 EXIT PRIORITY RELEASE] V1 s=0.771 threshold=0.758[0m
[0m[INFO] [1788847478.022976973]: [sim_plan] built plan=776 start=1267.50 horizon=15.00 frames=150 commit_frames=20[0m
[0m[INFO] [1788847478.094059469]: [sim_plan] built plan=777 start=1269.50 horizon=15.00 frames=150 commit_frames=20[0m
[0m[INFO] [1788847478.159409250]: [sim_plan] built plan=778 start=1271.50 horizon=15.00 frames=150 commit_frames=20[0m
[0m[INFO] [1788847478.216519344]: [sim_plan] built plan=779 start=1273.50 horizon=15.00 frames=150 commit_frames=20[0m
[0m[INFO] [1788847478.263645339]: [sim_plan] built plan=780 start=1275.50 horizon=15.00 frames=150 commit_frames=20[0m
[0m[INFO] [1788847478.302071922]: [sim_plan] built plan=781 start=1277.50 horizon=15.00 frames=150 commit_frames=20[0m
[0m[INFO] [1788847478.334025296]: [sim_plan] built plan=782 start=1279.50 horizon=15.00 frames=150 commit_frames=20[0m
[0m[INFO] [1788847478.361822895]: [sim_plan] built plan=783 start=1281.50 horizon=15.00 frames=150 commit_frames=20[0m
[0m[INFO] [1788847478.383059138]: [sim_plan] built plan=784 start=1283.50 horizon=15.00 frames=150 commit_frames=20[0m
[0m[INFO] [1788847478.404742895]: [sim_plan] built plan=785 start=1285.50 horizon=15.00 frames=150 commit_frames=20[0m
[0m[INFO] [1788847478.426007768]: [sim_plan] built plan=786 start=1287.50 horizon=15.00 frames=150 commit_frames=20[0m
[0m[INFO] [1788847478.445475281]: [sim_plan] built plan=787 start=1289.50 horizon=15.00 frames=150 commit_frames=20[0m
[0m[INFO] [1788847478.464442683]: [sim_plan] built plan=788 start=1291.50 horizon=15.00 frames=150 commit_frames=20[0m
[0m[INFO] [1788847478.489925014]: [sim_plan] built plan=789 start=1293.50 horizon=15.00 frames=150 commit_frames=20[0m
[0m[INFO] [1788847478.502330056]: [sim_plan] built plan=790 start=1295.50 horizon=15.00 frames=150 commit_frames=20[0m
[0m[INFO] [1788847478.513507895]: [sim_plan] built plan=791 start=1297.50 horizon=15.00 frames=150 commit_frames=20[0m
[0m[INFO] [1788847478.521636048]: [sim_plan] built plan=792 start=1299.50 horizon=15.00 frames=150 commit_frames=20[0m
[0m[INFO] [1788847478.527884413]: [sim_plan] built plan=793 start=1301.50 horizon=15.00 frames=150 commit_frames=20[0m
[0m[INFO] [1788847478.532717809]: [sim_plan] built plan=794 start=1303.50 horizon=15.00 frames=150 commit_frames=20[0m
[0m[INFO] [1788847478.537760012]: [sim_plan] built plan=795 start=1305.50 horizon=15.00 frames=150 commit_frames=20[0m
[0m[INFO] [1788847478.542726526]: [sim_plan] built plan=796 start=1307.30 horizon=15.00 frames=150 commit_frames=20[0m
[0m[INFO] [1788847478.548737916]: [sim_plan] built plan=797 start=1309.30 horizon=15.00 frames=150 commit_frames=20[0m
[0m[INFO] [1788847478.558066535]: [multi_patrol][A1] V1 pickup leg: B43 [33m[WARN] [1788847478.558324968]: [SLOT_DEPARTURE] time=21min49.5s vehicle=V1 owner=V0 result=ALLOW reason=slot_departure_clear candidate_path_gen=35 slot_departure_clear_s=0.327 vehicle_mode=ACTIVE vehicle_speed=0.000 vehicle_path_s=0.000 blocker=none a1_prefix_conflict=0 ordinary_road_conflict=0 owner_phase=PICKUP_DWELL owner_path_gen=33 geometry=pending_preview protected_zones=0 actual_occupancy_priority=0[0m
[33m[WARN] [1788847478.558822748]: [multi_patrol][A1 EXIT PREPARED] V1 target=B60 pickup_dwell=5.00s exit_len=8.803 priority_until_s=0.758 horizon_refresh=IMMEDIATE[0m
[33m[WARN] [1788847478.573687641]: [multi_patrol][A1 EXIT HORIZON] V0 target=B50 dwell_part=2.70s departure_window=12.30s total_horizon=15.00s[0m
[33m[WARN] [1788847478.594578678]: [multi_patrol][A1 EXIT HORIZON] V0 target=B50 dwell_part=0.70s departure_window=14.30s total_horizon=15.00s[0m
[33m[WARN] [1788847479.080307919]: [SLOT_DEPARTURE] time=22min38.2s vehicle=V0 owner=V1 result=ALLOW reason=slot_departure_clear candidate_path_gen=35 slot_departure_clear_s=0.327 vehicle_mode=ACTIVE vehicle_speed=0.000 vehicle_path_s=0.000 blocker=none a1_prefix_conflict=0 ordinary_road_conflict=0 owner_phase=TO_A1 owner_path_gen=35 geometry=pending_preview protected_zones=0 actual_occupancy_priority=0[0m
[33m[WARN] [1788847479.080750474]: [multi_patrol][A1 EXIT PREPARED] V0 target=B4 pickup_dwell=5.00s exit_len=1.681 priority_until_s=0.758 horizon_refresh=IMMEDIATE[0m
-> A1  wpts=596 len=6.698[0m
[0m[INFO] [1788847478.573633376]: [sim_plan] built plan=798 start=1309.50 horizon=15.00 frames=150 commit_frames=20[0m
[0m[INFO] [1788847478.594496644]: [sim_plan] built plan=799 start=1311.50 horizon=15.00 frames=150 commit_frames=20[0m
[0m[INFO] [1788847478.597390033]: [multi_patrol][A1] V0 activate prepared dropoff: A1 -> B50 len=6.993 priority_until_s=0.758[0m
[0m[INFO] [1788847478.616746651]: [sim_plan] built plan=800 start=1312.20 horizon=15.00 frames=150 commit_frames=20[0m
[0m[INFO] [1788847478.647275771]: [sim_plan] built plan=801 start=1314.20 horizon=15.00 frames=150 commit_frames=20[0m
[0m[INFO] [1788847478.668643457]: [sim_plan] built plan=802 start=1316.20 horizon=15.00 frames=150 commit_frames=20[0m
[0m[INFO] [1788847478.670287284]: [multi_patrol][A1 EXIT PRIORITY RELEASE] V0 s=0.771 threshold=0.758[0m
[0m[INFO] [1788847478.699794354]: [sim_plan] built plan=803 start=1318.20 horizon=15.00 frames=150 commit_frames=20[0m
[0m[INFO] [1788847478.740433671]: [sim_plan] built plan=804 start=1320.20 horizon=15.00 frames=150 commit_frames=20[0m
[0m[INFO] [1788847478.773736530]: [sim_plan] built plan=805 start=1322.20 horizon=15.00 frames=150 commit_frames=20[0m
[0m[INFO] [1788847478.805188238]: [sim_plan] built plan=806 start=1324.20 horizon=15.00 frames=150 commit_frames=20[0m
[0m[INFO] [1788847478.835328247]: [sim_plan] built plan=807 start=1326.20 horizon=15.00 frames=150 commit_frames=20[0m
[0m[INFO] [1788847478.862171813]: [sim_plan] built plan=808 start=1328.20 horizon=15.00 frames=150 commit_frames=20[0m
[0m[INFO] [1788847478.889340346]: [sim_plan] built plan=809 start=1330.20 horizon=15.00 frames=150 commit_frames=20[0m
[0m[INFO] [1788847478.911871368]: [sim_plan] built plan=810 start=1332.20 horizon=15.00 frames=150 commit_frames=20[0m
[0m[INFO] [1788847478.931617820]: [sim_plan] built plan=811 start=1334.20 horizon=15.00 frames=150 commit_frames=20[0m
[0m[INFO] [1788847478.953465501]: [sim_plan] built plan=812 start=1336.20 horizon=15.00 frames=150 commit_frames=20[0m
[0m[INFO] [1788847478.972640543]: [sim_plan] built plan=813 start=1338.20 horizon=15.00 frames=150 commit_frames=20[0m
[0m[INFO] [1788847478.991945657]: [sim_plan] built plan=814 start=1340.20 horizon=15.00 frames=150 commit_frames=20[0m
[0m[INFO] [1788847479.008388116]: [sim_plan] built plan=815 start=1342.20 horizon=15.00 frames=150 commit_frames=20[0m
[0m[INFO] [1788847479.022440453]: [sim_plan] built plan=816 start=1344.20 horizon=15.00 frames=150 commit_frames=20[0m
[0m[INFO] [1788847479.033596353]: [sim_plan] built plan=817 start=1346.20 horizon=15.00 frames=150 commit_frames=20[0m
[0m[INFO] [1788847479.042551807]: [sim_plan] built plan=818 start=1348.20 horizon=15.00 frames=150 commit_frames=20[0m
[0m[INFO] [1788847479.049218566]: [sim_plan] built plan=819 start=1350.20 horizon=15.00 frames=150 commit_frames=20[0m
[0m[INFO] [1788847479.053859584]: [sim_plan] built plan=820 start=1352.20 horizon=15.00 frames=150 commit_frames=20[0m
[0m[INFO] [1788847479.066887611]: [sim_plan] built plan=821 start=1354.20 horizon=15.00 frames=150 commit_frames=20[0m
[0m[INFO] [1788847479.072660303]: [sim_plan] built plan=822 start=1356.20 horizon=15.00 frames=150 commit_frames=20[0m
[0m[INFO] [1788847479.080257081]: [multi_patrol][A1] V0 pickup leg: B50 -> A1  wpts=404 len=5.066[0m
[0m[INFO] [1788847479.095315113]: [sim_plan] built plan=823 start=1358.20 horizon=15.00 frames=150 commit_frames=20[0m
[0m[INFO] [1788847479.117643283]: [sim_plan] built plan=824 start=1360.20 horizon=15.00 frames=150 commit_frames=20[0m
[0m[INFO] [1788847479.130129306]: [sim_plan] built plan=825 start=1362.20 horizon=15.00 frames=150 commit_frames=20[0m
[0m[INFO] [1788847479.141969702]: [sim_plan] built plan=826 start=1364.20 horizon=15.00 frames=150 commit_frames=20[0m
[0m[INFO] [1788847479.154861183]: [sim_plan] built plan=827 start=1366.20 horizon=15.00 frames=150 commit_frames=20[0m
[0m[INFO] [1788847479.179241275]: [sim_plan] built plan=828 start=1368.20 horizon=15.00 frames[33m[WARN] [1788847479.207963238]: [multi_patrol][A1 EXIT HORIZON] V1 target=B60 dwell_part=4.90s departure_window=10.10s total_horizon=15.00s[0m
[33m[WARN] [1788847479.249011274]: [multi_patrol][A1 EXIT HORIZON] V1 target=B60 dwell_part=2.90s departure_window=12.10s total_horizon=15.00s[0m
[33m[WARN] [1788847479.288479144]: [multi_patrol][A1 EXIT HORIZON] V1 target=B60 dwell_part=0.90s departure_window=14.10s total_horizon=15.00s[0m
[33m[WARN] [1788847479.522016696]: [multi_patrol][A1 EXIT HORIZON] V0 target=B4 dwell_part=4.90s departure_window=10.10s total_horizon=15.00s[0m
[33m[WARN] [1788847479.535325519]: [multi_patrol][A1 EXIT HORIZON] V0 target=B4 dwell_part=2.90s departure_window=12.10s total_horizon=15.00s[0m
[33m[WARN] [1788847479.549750306]: [multi_patrol][A1 EXIT HORIZON] V0 target=B4 dwell_part=0.90s departure_window=14.10s total_horizon=15.00s[0m
=150 commit_frames=20[0m
[0m[INFO] [1788847479.207910913]: [sim_plan] built plan=829 start=1368.90 horizon=15.00 frames=150 commit_frames=20[0m
[0m[INFO] [1788847479.248936700]: [sim_plan] built plan=830 start=1370.90 horizon=15.00 frames=150 commit_frames=20[0m
[0m[INFO] [1788847479.288425179]: [sim_plan] built plan=831 start=1372.90 horizon=15.00 frames=150 commit_frames=20[0m
[0m[INFO] [1788847479.290025874]: [multi_patrol][A1] V1 activate prepared dropoff: A1 -> B60 len=8.803 priority_until_s=0.758[0m
[0m[INFO] [1788847479.327240469]: [sim_plan] built plan=832 start=1373.80 horizon=15.00 frames=150 commit_frames=20[0m
[0m[INFO] [1788847479.371894629]: [sim_plan] built plan=833 start=1375.80 horizon=15.00 frames=150 commit_frames=20[0m
[0m[INFO] [1788847479.401999907]: [sim_plan] built plan=834 start=1377.80 horizon=15.00 frames=150 commit_frames=20[0m
[0m[INFO] [1788847479.403550131]: [multi_patrol][A1 EXIT PRIORITY RELEASE] V1 s=0.771 threshold=0.758[0m
[0m[INFO] [1788847479.426818261]: [sim_plan] built plan=835 start=1379.80 horizon=15.00 frames=150 commit_frames=20[0m
[0m[INFO] [1788847479.443594638]: [sim_plan] built plan=836 start=1381.80 horizon=15.00 frames=150 commit_frames=20[0m
[0m[INFO] [1788847479.457761270]: [sim_plan] built plan=837 start=1383.80 horizon=15.00 frames=150 commit_frames=20[0m
[0m[INFO] [1788847479.470943634]: [sim_plan] built plan=838 start=1385.80 horizon=15.00 frames=150 commit_frames=20[0m
[0m[INFO] [1788847479.481023639]: [sim_plan] built plan=839 start=1387.80 horizon=15.00 frames=150 commit_frames=20[0m
[0m[INFO] [1788847479.491106873]: [sim_plan] built plan=840 start=1389.80 horizon=15.00 frames=150 commit_frames=20[0m
[0m[INFO] [1788847479.501380749]: [sim_plan] built plan=841 start=1391.80 horizon=15.00 frames=150 commit_frames=20[0m
[0m[INFO] [1788847479.511532007]: [sim_plan] built plan=842 start=1393.80 horizon=15.00 frames=150 commit_frames=20[0m
[0m[INFO] [1788847479.521967971]: [sim_plan] built plan=843 start=1394.00 horizon=15.00 frames=150 commit_frames=20[0m
[0m[INFO] [1788847479.535283319]: [sim_plan] built plan=844 start=1396.00 horizon=15.00 frames=150 commit_frames=20[0m
[0m[INFO] [1788847479.549691920]: [sim_plan] built plan=845 start=1398.00 horizon=15.00 frames=150 commit_frames=20[0m
[0m[INFO] [1788847479.551232715]: [multi_patrol][A1] V0 activate prepared dropoff: A1 -> B4 len=1.681 priority_until_s=0.758[0m
[0m[INFO] [1788847479.565461388]: [sim_plan] built plan=846 start=1398.90 horizon=15.00 frames=150 commit_frames=20[0m
[0m[INFO] [1788847479.582001898]: [sim_plan] built plan=847 start=1400.90 horizon=15.00 frames=150 commit_frames=20[0m
[0m[INFO] [1788847479.593188323]: [sim_plan] built plan=848 start=1402.90 horizon=15.00 frames=150 commit_frames=20[0m
[0m[INFO] [1788847479.594031910]: [multi_patrol][A1 EXIT PRIORITY RELEASE] V0 s=0.771 threshold=0.758[0m
[0m[INFO] [1788847479.602069029]: [sim_plan] built plan=849 start=1404.90 horizon=15.00 frames=150 commit_frames=20[0m
[0m[INFO] [1788847479.608125277]: [sim_plan] built plan=850 start=1406.90 horizon=15.00 frames=150 commit_frames=20[0m
[0m[INFO] [1788847479.612979678]: [sim_plan] built plan=851 start=1408.90 horizon=15.00 frames=150 commit_frames=20[0m
[0m[INFO] [1788847479.616715511]: [sim_plan] built plan=852 start=1410.90 horizon=15.00 frames=150 commit_frames=20[0m
[0m[INFO] [1788847479.619754108]: [sim_plan] built plan=853 start=1410.90 horizon=15.00 frames=150 commit_frames=20[0m
[0m[INFO] [1788847479.622760257]: [sim_plan] built plan=854 start=1411.00 horizon=15.00 frames=150 commit_frames=20[0m
[0m[INFO] [1788847479.625474745]: [sim_plan] built plan=855 start=1411.00 horizon=15.00 frames=150 commit_frames=20[0m
[0m[INFO] [1788847479.628451403]: [sim_plan] built plan=856 start=1411.10 horizon=15.00 frames=150 commit_frames=20[0m
[0m[INFO] [1788847479.630927767]: [sim_plan] built plan=857 start=1411.10 horizon=15.00 frames=150 commit_frames=20[0m
[0m[INFO] [1788847479.633470702]: [sim_plan] built plan=858 start=1411.20 horizon=15.00 frames=150 commit_frames=20[0m
[0m[INFO] [1788847479.636208206]: [sim_plan] built plan=859 start=1411.20 horizon=15.00 frames=150 commit_frames=20[0m
[0m[INFO] [1788847479.638560114]: [sim_plan] built plan=860 start=1411.30 horizon=15.00 frames=150 commit_frames=20[0m
[0m[INFO] [1788847479.640865701]: [sim_plan] built plan=861 start=1411.30 horizon=15.00 frames=150 commit_frames=20[0m
[0m[INFO] [1788847479.643326853]: [sim_plan] built plan=862 start=1411.40 horizon=15.00 frames=150 commit_frames=20[0m
[0m[INFO] [1788847479.645665296]: [sim_plan] built plan=863 start=1411.40 horizon=15.00 frames=150 commit_frames=20[0m
[0m[INFO] [1788847479.648184129]: [sim_plan] built plan=864 start=1411.50 horizon=15.00 frames=150 commit_frames=20[0m
[0m[INFO] [1788847479.650564733]: [sim_plan] built plan=865 start=1411.50 horizon=15.00 frames=150 commit_frames=20[0m
[0m[INFO] [1788847479.653069147]: [sim_plan] built plan=866 start=1411.60 horizon=15.00 frames=150 commit_frames=20[0m
[0m[INFO] [1788847479.655645168]: [sim_plan] built plan=867 start=1411.60 horizon=15.00 frames=150 commit_frames=20[0m
[0m[INFO] [1788847479.658222544]: [sim_plan] built plan=868 start=1411.70 horizon=15.00 frames=150 commit_frames=20[0m
[0m[INFO] [1788847479.660963503]: [sim_plan] built plan=869 start=1411.70 horizon=15.00 frames=150 commit_frames=20[0m
[0m[INFO] [1788847479.663386799]: [sim_plan] built plan=870 start=1411.80 horizon=15.00 frames=150 commit_frames=20[0m
[0m[INFO] [1788847479.665662754]: [sim_plan] built plan=871 start=1411.80 horizon=15.00 frames=150 commit_frames=20[0m
[0m[INFO] [1788847479.667957781]: [sim_plan] built plan=872 start=1411.90 horizon=15.00 frames=150 commit_frames=20[0m
[0m[INFO] [1788847479.670172609]: [sim_plan] built plan=873 start=1411.90 horizon=15.00 frames=150 commit_frames=20[0m
[0m[INFO] [1788847479.673001589]: [sim_plan] built plan=874 start=1412.00 horizon=15.00 frames=150 commit_frames=20[0m
[0m[INFO] [1788847479.675256589]: [sim_plan] built plan=875 start=1412.00 horizon=15.00 frames=150 commit_frames=20[0m
[0m[INFO] [1788847479.677749422]: [sim_plan] built plan=876 start=1412.10 horizon=15.00 frames=150 commit_frames=20[0m
[0m[INFO] [1788847479.680169124]: [sim_plan] built plan=877 start=1412.10 horizon=15.00 frames=150 commit_frames=20[0m
[0m[INFO] [1788847479.682613265]: [sim_plan] built plan=878 start=1412.20 horizon=15.00 frames=150 commit_frames=20[0m
[0m[INFO] [1788847479.685388695]: [sim_plan] built plan=879 start=1412.20 horizon=15.00 frames=150 commit_frames=20[0m
[0m[INFO] [1788847479.687676812]: [sim_plan] built plan=880 start=1412.30 horizon=15.00 frames=150 commit_frames=20[0m
[0m[INFO] [1788847479.689831476]: [sim_plan] built plan=881 start=1412.30 horizon=15.00 frames=150 commit_frames=20[0m
[0m[INFO] [1788847479.692317613]: [sim_plan] built plan=882 start=1412.40 horizon=15.00 frames=150 commit_frames=20[0m
[0m[INFO] [1788847479.694614296]: [sim_plan] built plan=883 start=1412.40 horizon=15.00 frames=150 commit_frames=20[0m
[0m[INFO] [1788847479.696831382]: [sim_plan] built plan=884 start=1412.50 horizon=15.00 frames=150 commit_frames=20[0m
[0m[INFO] [1788847479.698845973]: [sim_plan] built plan=885 start=1412.50 horizon=15.00 frames=150 commit_frames=20[0m
[0m[INFO] [1788847479.701144041]: [sim_plan] built plan=886 start=1412.60 horizon=15.00 frames=150 commit_frames=20[0m
[0m[INFO] [1788847479.703293890]: [sim_plan] built plan=887 start=1412.60 horizon=15.00 frames=150 commit_frames=20[0m
[0m[INFO] [1788847479.705373962]: [sim_plan] built plan=888 start=1412.70 horizon=15.00 frames=150 commit_frames=20[0m
[0m[INFO] [1788847479.707404017]: [sim_plan] built plan=889 start=1412.70 horizon=15.00 frames=150 commit_frames=20[0m
[0m[INFO] [1788847479.710156031]: [sim_plan] built plan=890 start=1412.80 horizon=15.00 frames=150 commit_frames=20[0m
[0m[INFO] [1788847479.712679418]: [sim_plan] built plan=891 start=1412.80 horizon=15.00 frames=150 commit_frames=20[0m
[0m[INFO] [1788847479.714865192]: [sim_plan] built plan=892 start=1412.90 horizon=15.00 frames=150 commit_frames=20[0m
[0m[INFO] [1788847479.717613055]: [sim_plan] built plan=893 start=1412.90 horizon=15.00 frames=150 commit_frames=20[0m
[0m[INFO] [1788847479.720229895]: [sim_plan] built plan=894 start=1413.00 horizon=15.00 frames=150 commit_frames=20[0m
[0m[INFO] [1788847479.722345468]: [sim_plan] built plan=895 start=1413.00 horizon=15.00 frames=150 commit_frames=20[0m
[0m[INFO] [1788847479.725070087]: [sim_plan] built plan=896 start=1413.10 horizon=15.00 frames=150 commit_frames=20[0m
[0m[INFO] [1788847479.727287839]: [sim_plan] built plan=897 start=1413.10 horizon=15.00 frames=150 commit_frames=20[0m
[0m[INFO] [1788847479.729233717]: [sim_plan] built plan=898 start=1413.20 horizon=15.00 frames=150 commit_frames=20[0m
[0m[INFO] [1788847479.731099529]: [sim_plan] built plan=899 start=1413.20 horizon=15.00 frames=150 commit_frames=20[0m
[0m[INFO] [1788847479.733402602]: [sim_plan] built plan=900 start=1413.30 horizon=15.00 frames=150 commit_frames=20[0m
[0m[INFO] [1788847479.735637018]: [sim_plan] built plan=901 start=1413.30 horizon=15.00 frames=150 commit_frames=20[0m
[0m[INFO] [1788847479.737502309]: [sim_plan] built plan=902 start=1413.40 horizon=15.00 frames=150 commit_frames=20[0m
[0m[INFO] [1788847479.739549978]: [sim_plan] built plan=903 start=1413.40 horizon=15.00 frames=150 commit_frames=20[0m
[0m[INFO] [1788847479.741382125]: [sim_plan] built plan=904 start=1413.50 horizon=15.00 frames=150 commit_frames=20[0m
[0m[INFO] [1788847479.743134495]: [sim_plan] built plan=905 start=1413.50 horizon=15.00 frames=150 commit_frames=20[0m
[0m[INFO] [1788847479.744949740]: [sim_plan] built plan=906 start=1413.60 horizon=15.00 frames=150 commit_frames=20[0m
[0m[INFO] [1788847479.746632392]: [sim_plan] built plan=907 start=1413.60 horizon=15.00 frames=150 commit_frames=20[0m
[0m[INFO] [1788847479.749076247]: [sim_plan] built plan=908 start=1413.70 horizon=15.00 frames=150 commit_frames=20[0m
[0m[INFO] [1788847479.750913500]: [sim_plan] built plan=909 start=1413.70 horizon=15.00 frames=150 commit_frames=20[0m
[0m[INFO] [1788847479.752877243]: [sim_plan] built plan=910 start=1413.80 horizon=15.00 frames=150 commit_frames=20[0m
[0m[INFO] [1788847479.754650939]: [sim_plan] built plan=911 start=1413.80 horizon=15.00 frames=150 commit_frames=20[0m
[0m[INFO] [1788847479.757209534]: [sim_plan] built plan=912 start=1413.90 horizon=15.00 frames=150 commit_frames=20[0m
[0m[INFO] [1788847479.759120018]: [sim_plan] built plan=913 start=1413.90 horizon=15.00 frames=150 commit_frames=20[0m
[0m[INFO] [1788847479.761249356]: [sim_plan] built plan=914 start=1414.00 horizon=15.00 frames=150 commit_frames=20[0m
[0m[INFO] [1788847479.763038744]: [sim_plan] built plan=915 start=1414.00 horizon=15.00 frames=150 commit_frames=20[0m
[0m[INFO] [1788847479.765584484]: [sim_plan] built plan=916 start=1414.10 horizon=15.00 frames=150 commit_frames=20[0m
[0m[INFO] [1788847479.767387713]: [sim_plan] built plan=917 start=1414.10 horizon=15.00 frames=150 commit_frames=20[0m
[0m[INFO] [1788847479.769184019]: [sim_plan] built plan=918 start=1414.20 horizon=15.00 frames=150 commit_frames=20[0m
[0m[INFO] [1788847479.770991242]: [sim_plan] built plan=919 start=1414.20 horizon=15.00 frames=150 commit_frames=20[0m
[0m[INFO] [1788847479.773044288]: [sim_plan] built plan=920 start=1414.30 horizon=15.00 frames=150 commit_frames=20[0m
[0m[INFO] [1788847479.774816050]: [sim_plan] built plan=921 start=1414.30 horizon=15.00 frames=150 commit_frames=20[0m
[0m[INFO] [1788847479.777003931]: [sim_plan] built plan=922 start=1414.40 horizon=15.00 frames=150 commit_frames=20[0m
[0m[INFO] [1788847479.778687520]: [sim_plan] built plan=923 start=1414.40 horizon=15.00 frames=150 commit_frames=20[0m
[0m[INFO] [1788847479.780414976]: [sim_plan] built plan=924 start=1414.50 horizon=15.00 frames=150 commit_frames=20[0m
[0m[INFO] [1788847479.782075148]: [sim_plan] built plan=925 start=1414.50 horizon=15.00 frames=150 commit_frames=20[0m
[0m[INFO] [1788847479.783728970]: [sim_plan] buil[33m[WARN] [1788847479.785821146]: [SLOT_DEPARTURE] time=23min34.7s vehicle=V0 owner=none result=ALLOW reason=no_service_owner candidate_path_gen=37 slot_departure_clear_s=0.346 vehicle_mode=ACTIVE vehicle_speed=0.000 vehicle_path_s=0.000 blocker=none a1_prefix_conflict=0 ordinary_road_conflict=0[0m
[33m[WARN] [1788847479.786316923]: [multi_patrol][A1 EXIT PREPARED] V0 target=B23 pickup_dwell=5.00s exit_len=6.156 priority_until_s=0.758 horizon_refresh=IMMEDIATE[0m
[33m[WARN] [1788847479.842354250]: [multi_patrol][A1 EXIT HORIZON] V0 target=B23 dwell_part=4.90s departure_window=10.10s total_horizon=15.00s[0m
[33m[WARN] [1788847479.847601606]: [multi_patrol][A1 EXIT HORIZON] V0 target=B23 dwell_part=2.90s departure_window=12.10s total_horizon=15.00s[0m
[33m[WARN] [1788847479.856335362]: [SLOT_DEPARTURE] time=23min49.0s vehicle=V1 owner=V0 result=ALLOW reason=slot_departure_clear candidate_path_gen=37 slot_departure_clear_s=0.346 vehicle_mode=ACTIVE vehicle_speed=0.000 vehicle_path_s=0.000 blocker=none a1_prefix_conflict=0 ordinary_road_conflict=0 owner_phase=PICKUP_DWELL owner_path_gen=37 geometry=pending_preview protected_zones=0 actual_occupancy_priority=0[0m
[33m[WARN] [1788847479.856953973]: [multi_patrol][A1 EXIT PREPARED] V1 target=B4 pickup_dwell=5.00s exit_len=1.681 priority_until_s=0.758 horizon_refresh=IMMEDIATE[0m
[33m[WARN] [1788847479.872782242]: [multi_patrol][A1 EXIT HORIZON] V0 target=B23 dwell_part=1.50s departure_window=13.50s total_horizon=15.00s[0m
t plan=926 start=1414.60 horizon=15.00 frames=150 commit_frames=20[0m
[0m[INFO] [1788847479.785473734]: [sim_plan] built plan=927 start=1414.60 horizon=15.00 frames=150 commit_frames=20[0m
[0m[INFO] [1788847479.785764082]: [multi_patrol][A1] V0 pickup leg: B4 -> A1  wpts=162 len=1.680[0m
[0m[INFO] [1788847479.804636544]: [sim_plan] built plan=928 start=1414.70 horizon=15.00 frames=150 commit_frames=20[0m
[0m[INFO] [1788847479.816307273]: [sim_plan] built plan=929 start=1416.70 horizon=15.00 frames=150 commit_frames=20[0m
[0m[INFO] [1788847479.823568541]: [sim_plan] built plan=930 start=1418.70 horizon=15.00 frames=150 commit_frames=20[0m
[0m[INFO] [1788847479.829879371]: [sim_plan] built plan=931 start=1420.70 horizon=15.00 frames=150 commit_frames=20[0m
[0m[INFO] [1788847479.834368573]: [sim_plan] built plan=932 start=1422.70 horizon=15.00 frames=150 commit_frames=20[0m
[0m[INFO] [1788847479.838450400]: [sim_plan] built plan=933 start=1424.70 horizon=15.00 frames=150 commit_frames=20[0m
[0m[INFO] [1788847479.842311326]: [sim_plan] built plan=934 start=1425.60 horizon=15.00 frames=150 commit_frames=20[0m
[0m[INFO] [1788847479.847557650]: [sim_plan] built plan=935 start=1427.60 horizon=15.00 frames=150 commit_frames=20[0m
[0m[INFO] [1788847479.856270712]: [multi_patrol][A1] V1 pickup leg: B60 -> A1  wpts=561 len=6.067[0m
[0m[INFO] [1788847479.872729686]: [sim_plan] built plan=936 start=1429.00 horizon=15.00 frames=150 commit_frames=20[0m
[0m[INFO] [1788847479.874302736]: [multi_patrol][A1] V0 activate prepared dropoff: A1 -> B23 len=6.156 priority_until_s=0.758[0m
[0m[INFO] [1788847479.892806167]: [sim_plan] built plan=937 start=1430.50 horizon=15.00 frames=150 commit_frames=20[0m
[0m[INFO] [1788847479.924983800]: [sim_plan] built plan=938 start=1432.50 horizon=15.00 frames=150 commit_frames=20[0m
[0m[INFO] [1788847479.944954000]: [sim_plan] built plan=939 start=1434.50 horizon=15.00 frames=150 commit_frames=20[0m
[0m[INFO] [1788847479.946359104]: [multi_patrol][A1 EXIT PRIORITY RELEASE] V0 s=0.771 threshold=0.758[0m
[0m[INFO] [1788847479.977525866]: [sim_plan] built plan=940 start=1436.50 horizon=15.00 frames=150 commit_frames=20[0m
[0m[INFO] [1788847480.011674636]: [sim_plan] built plan=941 start=1438.50 horizon=15.00 frames=150 commit_frames=20[0m
[0m[INFO] [1788847480.012270631]: [batch] 14400/72000 ticks (sim_t=1440s) hard_guard=0[0m
[0m[INFO] [1788847480.047714662]: [sim_plan] built plan=942 start=1440.50 horizon=15.00 frames=150 commit_frames=20[0m
[0m[INFO] [1788847480.083616091]: [sim_plan] built plan=943 start=1442.50 horizon=15.00 frames=150 commit_frames=20[0m
[0m[INFO] [1788847480.115720994]: [sim_plan] built plan=944 start=1444.50 horizon=15.00 frames=150 commit_frames=20[0m
[0m[INFO] [1788847480.139788116]: [sim_plan] built plan=945 start=1446.50 horizon=15.00 frames=150 commit_frames=20[0m
[0m[INFO] [1788847480.162091277]: [sim_plan] built plan=946 start=1448.50 horizon=15.00 frames=150 commit_frames=20[0m
[0m[INFO] [1788847480.183365944]: [sim_plan] built plan=947 start=1450.50 horizon=15.00 frames=150 commit_frames=20[0m
[0m[INFO] [1788847480.201975558]: [sim_plan] built plan=948 start=1452.50 horizon=15.00 frames=150 commit_frames=20[0m
[0m[INFO] [1788847480.218969129]: [sim_plan] built plan=949 start=1454.50 horizon=15.00 frames=150 commit_frames=20[0m
[0m[INFO] [1788847480.235697805]: [sim_plan] built plan=950 start=1456.50 horizon=15.00 frames=150 commit_frames=20[0m
[0m[INFO] [1788847480.248703303]: [sim_plan] built plan=951 start=1458.50 horizon=15.00 frames=150 commit_frames=20[0m
[0m[INFO] [1788847480.259593960]: [sim_plan] built plan=952 start=1460.50 horizon=15.00 frames=150 commit_frames=20[0m
[0m[INFO] [1788847480.269037218]: [sim_plan] built plan=953 start=1462.50 horizon=15.00 frames=150 commit_frames=20[0m
[0m[INFO] [1788847480.276465962]: [sim_plan] built plan=954 start=1464.50 horizon=15.00 frames=150 commit_frames=20[0m
[0m[INFO] [1788847480.281184797]: [sim_plan] built plan=955 start=1466.50 horizon=15.00 frames=150 co[33m[WARN] [1788847480.296713393]: [SLOT_DEPARTURE] time=24min32.2s vehicle=V0 owner=V1 result=ALLOW reason=slot_departure_clear candidate_path_gen=39 slot_departure_clear_s=0.327 vehicle_mode=ACTIVE vehicle_speed=0.000 vehicle_path_s=0.000 blocker=none a1_prefix_conflict=0 ordinary_road_conflict=0 owner_phase=TO_A1 owner_path_gen=37 geometry=pending_preview protected_zones=0 actual_occupancy_priority=0[0m
[33m[WARN] [1788847480.297258006]: [multi_patrol][A1 EXIT PREPARED] V0 target=B20 pickup_dwell=5.00s exit_len=4.313 priority_until_s=0.758 horizon_refresh=IMMEDIATE[0m
[33m[WARN] [1788847480.400240392]: [multi_patrol][A1 EXIT HORIZON] V1 target=B4 dwell_part=4.90s departure_window=10.10s total_horizon=15.00s[0m
[33m[WARN] [1788847480.417078534]: [multi_patrol][A1 EXIT HORIZON] V1 target=B4 dwell_part=2.90s departure_window=12.10s total_horizon=15.00s[0m
[33m[WARN] [1788847480.454254679]: [multi_patrol][A1 EXIT HORIZON] V1 target=B4 dwell_part=0.90s departure_window=14.10s total_horizon=15.00s[0m
[33m[WARN] [1788847480.614128771]: [SLOT_DEPARTURE] time=25min4.0s vehicle=V1 owner=V0 result=HOLD reason=ordinary_immediate_conflict candidate_path_gen=39 slot_departure_clear_s=0.346 vehicle_mode=DWELL vehicle_speed=0.000 vehicle_path_s=1.681 blocker=V0 a1_prefix_conflict=1 ordinary_road_conflict=1 first_t=2.300 candidate_s=0.316 interaction=OPPOSING owner_phase=TO_A1 owner_path_gen=39 geometry=pending_preview protected_zones=1 actual_occupancy_priority=0[0m
[33m[WARN] [1788847480.634207751]: [SLOT_DEPARTURE] time=25min4.9s vehicle=V1 owner=V0 result=HOLD reason=a1_departure_prefix_conflict candidate_path_gen=39 slot_departure_clear_s=0.346 vehicle_mode=DWELL vehicle_speed=0.000 vehicle_path_s=1.681 blocker=V0 a1_prefix_conflict=1 ordinary_road_conflict=0 owner_phase=TO_A1 owner_path_gen=39 geometry=pending_preview protected_zones=1 actual_occupancy_priority=0[0m
[33m[WARN] [1788847480.730803466]: [multi_patrol][A1 EXIT HORIZON] V0 target=B20 dwell_part=4.90s departure_window=10.10s total_horizon=15.00s[0m
[33m[WARN] [1788847480.767619730]: [multi_patrol][A1 EXIT HORIZON] V0 target=B20 dwell_part=2.90s departure_window=12.10s total_horizon=15.00s[0m
[33m[WARN] [1788847480.804630552]: [multi_patrol][A1 EXIT HORIZON] V0 target=B20 dwell_part=0.90s departure_window=14.10s total_horizon=15.00s[0m
[33m[WARN] [1788847480.841071167]: [SLOT_DEPARTURE] time=25min15.7s vehicle=V1 owner=V0 result=HOLD reason=ordinary_immediate_conflict candidate_path_gen=39 slot_departure_clear_s=0.346 vehicle_mode=DWELL vehicle_speed=0.000 vehicle_path_s=1.681 blocker=V0 a1_prefix_conflict=1 ordinary_road_conflict=1 first_t=2.450 candidate_s=0.338 interaction=SAME_DIRECTION owner_phase=TO_B owner_path_gen=40 geometry=actual_to_b protected_zones=1 actual_occupancy_priority=0[0m
[33m[WARN] [1788847480.874913421]: [SLOT_DEPARTURE] time=25min17.3s vehicle=V1 owner=V0 result=HOLD reason=a1_departure_prefix_conflict candidate_path_gen=39 slot_departure_clear_s=0.346 vehicle_mode=DWELL vehicle_speed=0.000 vehicle_path_s=1.681 blocker=V0 a1_prefix_conflict=1 ordinary_road_conflict=0 owner_phase=TO_B owner_path_gen=40 geometry=actual_to_b protected_zones=1 actual_occupancy_priority=0[0m
[33m[WARN] [1788847480.934029568]: [SLOT_DEPARTURE] time=25min20.3s vehicle=V1 owner=V0 result=ALLOW reason=slot_departure_clear_after_retry candidate_path_gen=39 slot_departure_clear_s=0.346 vehicle_mode=ACTIVE vehicle_speed=0.000 vehicle_path_s=0.000 blocker=none a1_prefix_conflict=0 ordinary_road_conflict=0 owner_phase=TO_B owner_path_gen=40 geometry=actual_to_b protected_zones=0 actual_occupancy_priority=0[0m
[33m[WARN] [1788847480.934543326]: [multi_patrol][A1 EXIT PREPARED] V1 target=B15 pickup_dwell=5.00s exit_len=4.311 priority_until_s=0.758 horizon_refresh=IMMEDIATE[0m
mmit_frames=20[0m
[0m[INFO] [1788847480.288933936]: [sim_plan] built plan=956 start=1468.50 horizon=15.00 frames=150 commit_frames=20[0m
[0m[INFO] [1788847480.293941326]: [sim_plan] built plan=957 start=1470.50 horizon=15.00 frames=150 commit_frames=20[0m
[0m[INFO] [1788847480.296661222]: [multi_patrol][A1] V0 pickup leg: B23 -> A1  wpts=513 len=5.883[0m
[0m[INFO] [1788847480.314767153]: [sim_plan] built plan=958 start=1472.20 horizon=15.00 frames=150 commit_frames=20[0m
[0m[INFO] [1788847480.338842337]: [sim_plan] built plan=959 start=1474.20 horizon=15.00 frames=150 commit_frames=20[0m
[0m[INFO] [1788847480.350840335]: [sim_plan] built plan=960 start=1476.20 horizon=15.00 frames=150 commit_frames=20[0m
[0m[INFO] [1788847480.363292759]: [sim_plan] built plan=961 start=1478.20 horizon=15.00 frames=150 commit_frames=20[0m
[0m[INFO] [1788847480.373872122]: [sim_plan] built plan=962 start=1480.20 horizon=15.00 frames=150 commit_frames=20[0m
[0m[INFO] [1788847480.386514975]: [sim_plan] built plan=963 start=1482.20 horizon=15.00 frames=150 commit_frames=20[0m
[0m[INFO] [1788847480.400179564]: [sim_plan] built plan=964 start=1483.30 horizon=15.00 frames=150 commit_frames=20[0m
[0m[INFO] [1788847480.417009878]: [sim_plan] built plan=965 start=1485.30 horizon=15.00 frames=150 commit_frames=20[0m
[0m[INFO] [1788847480.454197017]: [sim_plan] built plan=966 start=1487.30 horizon=15.00 frames=150 commit_frames=20[0m
[0m[INFO] [1788847480.455726157]: [multi_patrol][A1] V1 activate prepared dropoff: A1 -> B4 len=1.681 priority_until_s=0.758[0m
[0m[INFO] [1788847480.492845472]: [sim_plan] built plan=967 start=1488.20 horizon=15.00 frames=150 commit_frames=20[0m
[0m[INFO] [1788847480.533713272]: [sim_plan] built plan=968 start=1490.20 horizon=15.00 frames=150 commit_frames=20[0m
[0m[INFO] [1788847480.563816908]: [sim_plan] built plan=969 start=1492.20 horizon=15.00 frames=150 commit_frames=20[0m
[0m[INFO] [1788847480.564783684]: [multi_patrol][A1 EXIT PRIORITY RELEASE] V1 s=0.771 threshold=0.758[0m
[0m[INFO] [1788847480.585723527]: [sim_plan] built plan=970 start=1494.20 horizon=15.00 frames=150 commit_frames=20[0m
[0m[INFO] [1788847480.597215613]: [sim_plan] built plan=971 start=1496.20 horizon=15.00 frames=150 commit_frames=20[0m
[0m[INFO] [1788847480.601680497]: [sim_plan] built plan=972 start=1498.20 horizon=15.00 frames=150 commit_frames=20[0m
[0m[INFO] [1788847480.607770210]: [sim_plan] built plan=973 start=1500.20 horizon=15.00 frames=150 commit_frames=20[0m
[0m[INFO] [1788847480.611800636]: [sim_plan] built plan=974 start=1502.20 horizon=15.00 frames=150 commit_frames=20[0m
[0m[INFO] [1788847480.621201353]: [sim_plan] built plan=975 start=1504.20 horizon=15.00 frames=150 commit_frames=20[0m
[0m[INFO] [1788847480.661587747]: [sim_plan] built plan=976 start=1506.20 horizon=15.00 frames=150 commit_frames=20[0m
[0m[INFO] [1788847480.700434798]: [sim_plan] built plan=977 start=1508.20 horizon=15.00 frames=150 commit_frames=20[0m
[0m[INFO] [1788847480.730748043]: [sim_plan] built plan=978 start=1509.90 horizon=15.00 frames=150 commit_frames=20[0m
[0m[INFO] [1788847480.767530118]: [sim_plan] built plan=979 start=1511.90 horizon=15.00 frames=150 commit_frames=20[0m
[0m[INFO] [1788847480.804583527]: [sim_plan] built plan=980 start=1513.90 horizon=15.00 frames=150 commit_frames=20[0m
[0m[INFO] [1788847480.818280847]: [multi_patrol][A1] V0 activate prepared dropoff: A1 -> B20 len=4.313 priority_until_s=0.758[0m
[0m[INFO] [1788847480.824128206]: [sim_plan] built plan=981 start=1514.80 horizon=15.00 frames=150 commit_frames=20[0m
[0m[INFO] [1788847480.866082192]: [sim_plan] built plan=982 start=1516.80 horizon=15.00 frames=150 commit_frames=20[0m
[0m[INFO] [1788847480.908419510]: [sim_plan] built plan=983 start=1518.80 horizon=15.00 frames=150 commit_frames=20[0m
[0m[INFO] [1788847480.933682947]: [multi_patrol][A1 EXIT PRIORITY RELEASE] V0 s=0.771 threshold=0.758[0m
[0m[INFO] [1788847480.933990051]: [multi_patrol][A1] V1 pickup leg: B4 -> A1  wpts=162 len=1.680[0m
[0m[INFO[33m[WARN] [1788847481.025711224]: [multi_patrol][A1 EXIT HORIZON] V1 target=B15 dwell_part=4.90s departure_window=10.10s total_horizon=15.00s[0m
[33m[WARN] [1788847481.032267392]: [multi_patrol][A1 EXIT HORIZON] V1 target=B15 dwell_part=2.90s departure_window=12.10s total_horizon=15.00s[0m
[33m[WARN] [1788847481.039365133]: [multi_patrol][A1 EXIT HORIZON] V1 target=B15 dwell_part=0.90s departure_window=14.10s total_horizon=15.00s[0m
[33m[WARN] [1788847481.065766994]: [SLOT_DEPARTURE] time=25min45.6s vehicle=V0 owner=none result=ALLOW reason=no_service_owner candidate_path_gen=41 slot_departure_clear_s=0.327 vehicle_mode=ACTIVE vehicle_speed=0.000 vehicle_path_s=0.000 blocker=none a1_prefix_conflict=0 ordinary_road_conflict=0[0m
[33m[WARN] [1788847481.066323104]: [multi_patrol][A1 EXIT PREPARED] V0 target=B46 pickup_dwell=5.00s exit_len=7.160 priority_until_s=0.758 horizon_refresh=IMMEDIATE[0m
[33m[WARN] [1788847481.288208318]: [SLOT_DEPARTURE] time=26min13.1s vehicle=V1 owner=V0 result=ALLOW reason=slot_departure_clear candidate_path_gen=41 slot_departure_clear_s=0.327 vehicle_mode=ACTIVE vehicle_speed=0.000 vehicle_path_s=0.000 blocker=none a1_prefix_conflict=0 ordinary_road_conflict=0 owner_phase=TO_A1 owner_path_gen=41 geometry=pending_preview protected_zones=0 actual_occupancy_priority=0[0m
[33m[WARN] [1788847481.288718718]: [multi_patrol][A1 EXIT PREPARED] V1 target=B22 pickup_dwell=5.00s exit_len=4.094 priority_until_s=0.758 horizon_refresh=IMMEDIATE[0m
] [1788847480.956963385]: [sim_plan] built plan=984 start=1520.30 horizon=15.00 frames=150 commit_frames=20[0m
[0m[INFO] [1788847480.974252295]: [sim_plan] built plan=985 start=1522.30 horizon=15.00 frames=150 commit_frames=20[0m
[0m[INFO] [1788847480.988955559]: [sim_plan] built plan=986 start=1524.30 horizon=15.00 frames=150 commit_frames=20[0m
[0m[INFO] [1788847480.999840024]: [sim_plan] built plan=987 start=1526.30 horizon=15.00 frames=150 commit_frames=20[0m
[0m[INFO] [1788847481.008779219]: [sim_plan] built plan=988 start=1528.30 horizon=15.00 frames=150 commit_frames=20[0m
[0m[INFO] [1788847481.015824711]: [sim_plan] built plan=989 start=1530.30 horizon=15.00 frames=150 commit_frames=20[0m
[0m[INFO] [1788847481.020895456]: [sim_plan] built plan=990 start=1532.30 horizon=15.00 frames=150 commit_frames=20[0m
[0m[INFO] [1788847481.025660714]: [sim_plan] built plan=991 start=1533.40 horizon=15.00 frames=150 commit_frames=20[0m
[0m[INFO] [1788847481.032211544]: [sim_plan] built plan=992 start=1535.40 horizon=15.00 frames=150 commit_frames=20[0m
[0m[INFO] [1788847481.039310771]: [sim_plan] built plan=993 start=1537.40 horizon=15.00 frames=150 commit_frames=20[0m
[0m[INFO] [1788847481.040682041]: [multi_patrol][A1] V1 activate prepared dropoff: A1 -> B15 len=4.311 priority_until_s=0.758[0m
[0m[INFO] [1788847481.046253331]: [sim_plan] built plan=994 start=1538.30 horizon=15.00 frames=150 commit_frames=20[0m
[0m[INFO] [1788847481.055542725]: [sim_plan] built plan=995 start=1540.30 horizon=15.00 frames=150 commit_frames=20[0m
[0m[INFO] [1788847481.060205298]: [sim_plan] built plan=996 start=1542.30 horizon=15.00 frames=150 commit_frames=20[0m
[0m[INFO] [1788847481.061548327]: [multi_patrol][A1 EXIT PRIORITY RELEASE] V1 s=0.771 threshold=0.758[0m
[0m[INFO] [1788847481.064934063]: [sim_plan] built plan=997 start=1544.30 horizon=15.00 frames=150 commit_frames=20[0m
[0m[INFO] [1788847481.065720016]: [multi_patrol][A1] V0 pickup leg: B20 -> A1  wpts=304 len=3.391[0m
[0m[INFO] [1788847481.094534514]: [sim_plan] built plan=998 start=1545.60 horizon=15.00 frames=150 commit_frames=20[0m
[0m[INFO] [1788847481.119878876]: [sim_plan] built plan=999 start=1547.60 horizon=15.00 frames=150 commit_frames=20[0m
[0m[INFO] [1788847481.137492051]: [sim_plan] built plan=1000 start=1549.60 horizon=15.00 frames=150 commit_frames=20[0m
[0m[INFO] [1788847481.163323708]: [sim_plan] built plan=1001 start=1551.60 horizon=15.00 frames=150 commit_frames=20[0m
[0m[INFO] [1788847481.195591057]: [sim_plan] built plan=1002 start=1553.60 horizon=15.00 frames=150 commit_frames=20[0m
[0m[INFO] [1788847481.212655670]: [sim_plan] built plan=1003 start=1555.60 horizon=15.00 frames=150 commit_frames=20[0m
[0m[INFO] [1788847481.227449645]: [sim_plan] built plan=1004 start=1557.60 horizon=15.00 frames=150 commit_frames=20[0m
[0m[INFO] [1788847481.239135789]: [sim_plan] built plan=1005 start=1559.60 horizon=15.00 frames=150 commit_frames=20[0m
[0m[INFO] [1788847481.255184409]: [sim_plan] built plan=1006 start=1561.60 horizon=15.00 frames=150 commit_frames=20[0m
[0m[INFO] [1788847481.263383795]: [sim_plan] built plan=1007 start=1563.60 horizon=15.00 frames=150 commit_frames=20[0m
[0m[INFO] [1788847481.269833639]: [sim_plan] built plan=1008 start=1565.60 horizon=15.00 frames=150 commit_frames=20[0m
[0m[INFO] [1788847481.274110579]: [sim_plan] built plan=1009 start=1567.60 horizon=15.00 frames=150 commit_frames=20[0m
[0m[INFO] [1788847481.278530348]: [sim_plan] built plan=1010 start=1569.60 horizon=15.00 frames=150 commit_frames=20[0m
[0m[INFO] [1788847481.282544715]: [sim_plan] built plan=1011 start=1571.60 horizon=15.00 frames=150 commit_frames=20[0m
[0m[INFO] [1788847481.288147663]: [multi_patrol][A1] V1 pickup leg: B15 -> A1  wpts=295 len=3.763[0m
[0m[INFO] [1788847481.314847084]: [sim_plan] built plan=1012 start=1573.10 horizon=15.00 frames=150 commit_frames=20[0m
[0m[INFO] [1788847481.349710960]: [sim_plan] built plan=1013 start=1575.10 horizon=15.00 frames=150 commit_frames=20[0m
[0m[INFO] [17888[33m[WARN] [1788847481.396469732]: [multi_patrol][A1 EXIT HORIZON] V0 target=B46 dwell_part=4.90s departure_window=10.10s total_horizon=15.00s[0m
[33m[WARN] [1788847481.461633050]: [multi_patrol][A1 EXIT HORIZON] V0 target=B46 dwell_part=2.90s departure_window=12.10s total_horizon=15.00s[0m
[33m[WARN] [1788847481.533991789]: [multi_patrol][A1 EXIT HORIZON] V0 target=B46 dwell_part=0.90s departure_window=14.10s total_horizon=15.00s[0m
[33m[WARN] [1788847481.720864082]: [SOURCE=REAL] [plan=1019] [frame=7] [rollout_step=-1] [multi_patrol][A1 EXIT INTRUSION ENTER] owner=V0 target=B46 blocker=V1 dwell_remaining=0.00s visible_exit_t=13.75s owner_exit_s=3.016 blocker_phase=1 blocker_s=1.431 action=DIAG_ONLY[0m
[33m[WARN] [1788847481.721865131]: [SOURCE=REAL] [plan=1019] [frame=14] [rollout_step=-1] [multi_patrol][A1 EXIT INTRUSION CLEAR] owner=V0 blocker=V1[0m
[33m[WARN] [1788847481.930355881]: [multi_patrol][A1 EXIT HORIZON] V1 target=B22 dwell_part=4.90s departure_window=10.10s total_horizon=15.00s[0m
[33m[WARN] [1788847481.944505455]: [multi_patrol][A1 EXIT HORIZON] V1 target=B22 dwell_part=2.90s departure_window=12.10s total_horizon=15.00s[0m
[33m[WARN] [1788847481.962482800]: [multi_patrol][A1 EXIT HORIZON] V1 target=B22 dwell_part=0.90s departure_window=14.10s total_horizon=15.00s[0m
[33m[WARN] [1788847482.060645534]: [SLOT_DEPARTURE] time=27min7.8s vehicle=V0 owner=none result=ALLOW reason=no_service_owner candidate_path_gen=43 slot_departure_clear_s=0.327 vehicle_mode=ACTIVE vehicle_speed=0.000 vehicle_path_s=0.000 blocker=none a1_prefix_conflict=0 ordinary_road_conflict=0[0m
[33m[WARN] [1788847482.061230246]: [multi_patrol][A1 EXIT PREPARED] V0 target=B65 pickup_dwell=5.00s exit_len=6.956 priority_until_s=0.758 horizon_refresh=IMMEDIATE[0m
47481.396144385]: [sim_plan] built plan=1014 start=1576.10 horizon=15.00 frames=150 commit_frames=20[0m
[0m[INFO] [1788847481.461563284]: [sim_plan] built plan=1015 start=1578.10 horizon=15.00 frames=150 commit_frames=20[0m
[0m[INFO] [1788847481.533932254]: [sim_plan] built plan=1016 start=1580.10 horizon=15.00 frames=150 commit_frames=20[0m
[0m[INFO] [1788847481.535589965]: [multi_patrol][A1] V0 activate prepared dropoff: A1 -> B46 len=7.160 priority_until_s=0.758[0m
[0m[INFO] [1788847481.606690231]: [sim_plan] built plan=1017 start=1581.00 horizon=15.00 frames=150 commit_frames=20[0m
[0m[INFO] [1788847481.672043967]: [sim_plan] built plan=1018 start=1583.00 horizon=15.00 frames=150 commit_frames=20[0m
[0m[INFO] [1788847481.719946156]: [sim_plan] built plan=1019 start=1585.00 horizon=15.00 frames=150 commit_frames=20[0m
[0m[INFO] [1788847481.721824814]: [multi_patrol][A1 EXIT PRIORITY RELEASE] V0 s=0.771 threshold=0.758[0m
[0m[INFO] [1788847481.760605261]: [sim_plan] built plan=1020 start=1587.00 horizon=15.00 frames=150 commit_frames=20[0m
[0m[INFO] [1788847481.794289215]: [sim_plan] built plan=1021 start=1589.00 horizon=15.00 frames=150 commit_frames=20[0m
[0m[INFO] [1788847481.822840478]: [sim_plan] built plan=1022 start=1591.00 horizon=15.00 frames=150 commit_frames=20[0m
[0m[INFO] [1788847481.845362622]: [sim_plan] built plan=1023 start=1593.00 horizon=15.00 frames=150 commit_frames=20[0m
[0m[INFO] [1788847481.860705093]: [sim_plan] built plan=1024 start=1595.00 horizon=15.00 frames=150 commit_frames=20[0m
[0m[INFO] [1788847481.876173623]: [sim_plan] built plan=1025 start=1597.00 horizon=15.00 frames=150 commit_frames=20[0m
[0m[INFO] [1788847481.888534486]: [sim_plan] built plan=1026 start=1599.00 horizon=15.00 frames=150 commit_frames=20[0m
[0m[INFO] [1788847481.899606887]: [sim_plan] built plan=1027 start=1601.00 horizon=15.00 frames=150 commit_frames=20[0m
[0m[INFO] [1788847481.910148333]: [sim_plan] built plan=1028 start=1603.00 horizon=15.00 frames=150 commit_frames=20[0m
[0m[INFO] [1788847481.920230425]: [sim_plan] built plan=1029 start=1605.00 horizon=15.00 frames=150 commit_frames=20[0m
[0m[INFO] [1788847481.930296452]: [sim_plan] built plan=1030 start=1605.20 horizon=15.00 frames=150 commit_frames=20[0m
[0m[INFO] [1788847481.944447204]: [sim_plan] built plan=1031 start=1607.20 horizon=15.00 frames=150 commit_frames=20[0m
[0m[INFO] [1788847481.962418420]: [sim_plan] built plan=1032 start=1609.20 horizon=15.00 frames=150 commit_frames=20[0m
[0m[INFO] [1788847481.964233867]: [multi_patrol][A1] V1 activate prepared dropoff: A1 -> B22 len=4.094 priority_until_s=0.758[0m
[0m[INFO] [1788847481.981706218]: [sim_plan] built plan=1033 start=1610.10 horizon=15.00 frames=150 commit_frames=20[0m
[0m[INFO] [1788847482.005573801]: [sim_plan] built plan=1034 start=1612.10 horizon=15.00 frames=150 commit_frames=20[0m
[0m[INFO] [1788847482.019492967]: [sim_plan] built plan=1035 start=1614.10 horizon=15.00 frames=150 commit_frames=20[0m
[0m[INFO] [1788847482.020930956]: [multi_patrol][A1 EXIT PRIORITY RELEASE] V1 s=0.771 threshold=0.758[0m
[0m[INFO] [1788847482.031688082]: [sim_plan] built plan=1036 start=1616.10 horizon=15.00 frames=150 commit_frames=20[0m
[0m[INFO] [1788847482.040806437]: [sim_plan] built plan=1037 start=1618.10 horizon=15.00 frames=150 commit_frames=20[0m
[0m[INFO] [1788847482.049465801]: [sim_plan] built plan=1038 start=1620.10 horizon=15.00 frames=150 commit_frames=20[0m
[0m[INFO] [1788847482.054201559]: [sim_plan] built plan=1039 start=1622.10 horizon=15.00 frames=150 commit_frames=20[0m
[0m[INFO] [1788847482.057530557]: [sim_plan] built plan=1040 start=1624.10 horizon=15.00 frames=150 commit_frames=20[0m
[0m[INFO] [1788847482.059832177]: [sim_plan] built plan=1041 start=1626.10 horizon=15.00 frames=150 commit_frames=20[0m
[0m[INFO] [1788847482.060595323]: [multi_patrol][A1] V0 pickup leg: B46 -> A1  wpts=462 len=5.089[0m
[0m[INFO] [1788847482.074238713]: [sim_plan] built plan=1042 start=1627.80 horizon=15.00 frames=150 commit_frames=20[33m[WARN] [1788847482.124164064]: [SLOT_DEPARTURE] time=27min19.9s vehicle=V1 owner=none result=ALLOW reason=no_service_owner candidate_path_gen=43 slot_departure_clear_s=0.327 vehicle_mode=ACTIVE vehicle_speed=0.000 vehicle_path_s=0.000 blocker=none a1_prefix_conflict=0 ordinary_road_conflict=0[0m
[33m[WARN] [1788847482.124656975]: [multi_patrol][A1 EXIT PREPARED] V1 target=B42 pickup_dwell=5.00s exit_len=5.845 priority_until_s=0.758 horizon_refresh=IMMEDIATE[0m
[33m[WARN] [1788847484.130090183]: [multi_patrol][A1 EXIT HORIZON] V1 target=B42 dwell_part=4.90s departure_window=10.10s total_horizon=15.00s[0m
[33m[WARN] [1788847484.191733241]: [multi_patrol][A1 EXIT HORIZON] V1 target=B42 dwell_part=2.90s departure_window=12.10s total_horizon=15.00s[0m
[33m[WARN] [1788847484.256252698]: [multi_patrol][A1 EXIT HORIZON] V1 target=B42 dwell_part=0.90s departure_window=14.10s total_horizon=15.00s[0m
[33m[WARN] [1788847484.328775110]: [SOURCE=REAL] [plan=1063] [frame=10] [rollout_step=-1] [multi_patrol][A1 EXIT INTRUSION ENTER] owner=V1 target=B42 blocker=V0 dwell_remaining=0.00s visible_exit_t=15.00s owner_exit_s=2.662 blocker_phase=1 blocker_s=3.343 action=DIAG_ONLY[0m
[33m[WARN] [1788847484.431546749]: [SOURCE=REAL] [plan=1065] [frame=14] [rollout_step=-1] [multi_patrol][A1 EXIT INTRUSION CLEAR] owner=V1 blocker=V0[0m
[0m
[0m[INFO] [1788847482.090684202]: [sim_plan] built plan=1043 start=1629.80 horizon=15.00 frames=150 commit_frames=20[0m
[0m[INFO] [1788847482.101177015]: [sim_plan] built plan=1044 start=1631.80 horizon=15.00 frames=150 commit_frames=20[0m
[0m[INFO] [1788847482.107584698]: [sim_plan] built plan=1045 start=1633.80 horizon=15.00 frames=150 commit_frames=20[0m
[0m[INFO] [1788847482.113547183]: [sim_plan] built plan=1046 start=1635.80 horizon=15.00 frames=150 commit_frames=20[0m
[0m[INFO] [1788847482.118381440]: [sim_plan] built plan=1047 start=1637.80 horizon=15.00 frames=150 commit_frames=20[0m
[0m[INFO] [1788847482.123433892]: [sim_plan] built plan=1048 start=1639.80 horizon=15.00 frames=150 commit_frames=20[0m
[0m[INFO] [1788847482.124120185]: [multi_patrol][A1] V1 pickup leg: B22 -> A1  wpts=288 len=3.280[0m
[0m[INFO] [1788847482.143394006]: [sim_plan] built plan=1049 start=1639.90 horizon=15.00 frames=150 commit_frames=20[0m
[0m[INFO] [1788847482.171202155]: [sim_plan] built plan=1050 start=1641.90 horizon=15.00 frames=150 commit_frames=20[0m
[0m[INFO] [1788847482.192386084]: [sim_plan] built plan=1051 start=1643.90 horizon=15.00 frames=150 commit_frames=20[0m
[0m[INFO] [1788847482.262275739]: [sim_plan] built plan=1052 start=1645.90 horizon=15.00 frames=150 commit_frames=20[0m
[0m[INFO] [1788847482.321528394]: [sim_plan] built plan=1053 start=1647.90 horizon=15.00 frames=150 commit_frames=20[0m
[0m[INFO] [1788847482.379447838]: [sim_plan] built plan=1054 start=1649.90 horizon=15.00 frames=150 commit_frames=20[0m
[0m[INFO] [1788847482.435649803]: [sim_plan] built plan=1055 start=1651.90 horizon=15.00 frames=150 commit_frames=20[0m
[0m[INFO] [1788847482.490384026]: [sim_plan] built plan=1056 start=1653.90 horizon=15.00 frames=150 commit_frames=20[0m
[0m[INFO] [1788847482.546175511]: [sim_plan] built plan=1057 start=1655.90 horizon=15.00 frames=150 commit_frames=20[0m
[0m[INFO] [1788847482.594354515]: [sim_plan] built plan=1058 start=1657.90 horizon=15.00 frames=150 commit_frames=20[0m
[0m[INFO] [1788847484.073844967]: [sim_plan] built plan=1059 start=1659.90 horizon=15.00 frames=150 commit_frames=20[0m
[0m[INFO] [1788847484.130034663]: [sim_plan] built plan=1060 start=1660.70 horizon=15.00 frames=150 commit_frames=20[0m
[0m[INFO] [1788847484.191680521]: [sim_plan] built plan=1061 start=1662.70 horizon=15.00 frames=150 commit_frames=20[0m
[0m[INFO] [1788847484.256196879]: [sim_plan] built plan=1062 start=1664.70 horizon=15.00 frames=150 commit_frames=20[0m
[0m[INFO] [1788847484.257771484]: [multi_patrol][A1] V1 activate prepared dropoff: A1 -> B42 len=5.845 priority_until_s=0.758[0m
[0m[INFO] [1788847484.320532163]: [sim_plan] built plan=1063 start=1665.60 horizon=15.00 frames=150 commit_frames=20[0m
[0m[INFO] [1788847484.384153338]: [sim_plan] built plan=1064 start=1667.60 horizon=15.00 frames=150 commit_frames=20[0m
[0m[INFO] [1788847484.430103131]: [sim_plan] built plan=1065 start=1669.60 horizon=15.00 frames=150 commit_frames=20[0m
[0m[INFO] [1788847484.431502774]: [multi_patrol][A1 EXIT PRIORITY RELEASE] V1 s=0.771 threshold=0.758[0m
[0m[INFO] [1788847484.468390791]: [sim_plan] built plan=1066 start=1671.60 horizon=15.00 frames=150 commit_frames=20[0m
[0m[INFO] [1788847484.496629140]: [sim_plan] built plan=1067 start=1673.60 horizon=15.00 frames=150 commit_frames=20[0m
[0m[INFO] [1788847484.519042211]: [sim_plan] built plan=1068 start=1675.60 horizon=15.00 frames=150 commit_frames=20[0m
[0m[INFO] [1788847484.534920439]: [sim_plan] built plan=1069 start=1677.60 horizon=15.00 frames=150 commit_frames=20[0m
[0m[INFO] [1788847484.548094281]: [sim_plan] built plan=1070 start=1679.60 horizon=15.00 frames=150 commit_frames=20[0m
[0m[INFO] [1788847484.560633355]: [sim_plan] built plan=1071 start=1681.60 horizon=15.00 frames=150 commit_frames=20[0m
[0m[INFO] [1788847484.572398654]: [sim_plan] built plan=1072 start=1683.60 horizon=15.00 frames=150 commit_frames=20[0m
[0m[INFO] [1788847484.582255648]: [sim_plan] built plan=1073 start=1685.60 horizon=15.00 f[33m[WARN] [1788847484.599401491]: [multi_patrol][A1 EXIT HORIZON] V0 target=B65 dwell_part=4.90s departure_window=10.10s total_horizon=15.00s[0m
[33m[WARN] [1788847484.608646231]: [multi_patrol][A1 EXIT HORIZON] V0 target=B65 dwell_part=2.90s departure_window=12.10s total_horizon=15.00s[0m
[33m[WARN] [1788847484.619198116]: [multi_patrol][A1 EXIT HORIZON] V0 target=B65 dwell_part=0.90s departure_window=14.10s total_horizon=15.00s[0m
[33m[WARN] [1788847484.667698907]: [SLOT_DEPARTURE] time=28min25.8s vehicle=V1 owner=none result=ALLOW reason=no_service_owner candidate_path_gen=45 slot_departure_clear_s=0.327 vehicle_mode=ACTIVE vehicle_speed=0.000 vehicle_path_s=0.000 blocker=none a1_prefix_conflict=0 ordinary_road_conflict=0[0m
[33m[WARN] [1788847484.668119065]: [multi_patrol][A1 EXIT PREPARED] V1 target=B32 pickup_dwell=5.00s exit_len=4.055 priority_until_s=0.758 horizon_refresh=IMMEDIATE[0m
[33m[WARN] [1788847484.848246289]: [DEADLOCK] event=CONFIRMED pair=V0-V1 duration=4 path_gen=44/45[0m
[33m[WARN] [1788847484.848876500]: [DEADLOCK] event=SELECT pair=V0-V1 retreat=V1 pass=V0 target_s=1.05815 pass_clear_s=4.555 distance=0.12 estimated_time=1.2 selection_reason=priority_yielding_vehicle_retreat[0m
[33m[WARN] [1788847484.862615799]: [DEADLOCK] event=RETREAT_DONE pair=V1-V0 retreat=V1 pass=V0 target_s=1.05815[0m
[33m[WARN] [1788847484.863090063]: [DEADLOCK] event=PASS_START pair=V1-V0 retreat=V1 pass=V0 target_s=1.05815[0m
[33m[WARN] [1788847484.876908234]: [DEADLOCK] event=CLEAR pair=V1-V0 pass_s=3.8673 reason=passer_released_to_normal_coordination[0m
rames=150 commit_frames=20[0m
[0m[INFO] [1788847484.591383498]: [sim_plan] built plan=1074 start=1687.60 horizon=15.00 frames=150 commit_frames=20[0m
[0m[INFO] [1788847484.599348703]: [sim_plan] built plan=1075 start=1689.60 horizon=15.00 frames=150 commit_frames=20[0m
[0m[INFO] [1788847484.608598935]: [sim_plan] built plan=1076 start=1691.60 horizon=15.00 frames=150 commit_frames=20[0m
[0m[INFO] [1788847484.619138803]: [sim_plan] built plan=1077 start=1693.60 horizon=15.00 frames=150 commit_frames=20[0m
[0m[INFO] [1788847484.620611174]: [multi_patrol][A1] V0 activate prepared dropoff: A1 -> B65 len=6.956 priority_until_s=0.758[0m
[0m[INFO] [1788847484.629641594]: [sim_plan] built plan=1078 start=1694.50 horizon=15.00 frames=150 commit_frames=20[0m
[0m[INFO] [1788847484.644971056]: [sim_plan] built plan=1079 start=1696.50 horizon=15.00 frames=150 commit_frames=20[0m
[0m[INFO] [1788847484.653470288]: [sim_plan] built plan=1080 start=1698.50 horizon=15.00 frames=150 commit_frames=20[0m
[0m[INFO] [1788847484.654854786]: [multi_patrol][A1 EXIT PRIORITY RELEASE] V0 s=0.771 threshold=0.758[0m
[0m[INFO] [1788847484.659269003]: [sim_plan] built plan=1081 start=1700.50 horizon=15.00 frames=150 commit_frames=20[0m
[0m[INFO] [1788847484.663300639]: [sim_plan] built plan=1082 start=1702.50 horizon=15.00 frames=150 commit_frames=20[0m
[0m[INFO] [1788847484.666933483]: [sim_plan] built plan=1083 start=1704.50 horizon=15.00 frames=150 commit_frames=20[0m
[0m[INFO] [1788847484.667652403]: [multi_patrol][A1] V1 pickup leg: B42 -> A1  wpts=509 len=5.565[0m
[0m[INFO] [1788847484.708598523]: [sim_plan] built plan=1084 start=1705.80 horizon=15.00 frames=150 commit_frames=20[0m
[0m[INFO] [1788847484.733941959]: [sim_plan] built plan=1085 start=1707.80 horizon=15.00 frames=150 commit_frames=20[0m
[0m[INFO] [1788847484.754549939]: [sim_plan] built plan=1086 start=1709.80 horizon=15.00 frames=150 commit_frames=20[0m
[0m[INFO] [1788847484.773460519]: [sim_plan] built plan=1087 start=1711.80 horizon=15.00 frames=150 commit_frames=20[0m
[0m[INFO] [1788847484.790350946]: [sim_plan] built plan=1088 start=1713.80 horizon=15.00 frames=150 commit_frames=20[0m
[0m[INFO] [1788847484.804166814]: [sim_plan] built plan=1089 start=1715.80 horizon=15.00 frames=150 commit_frames=20[0m
[0m[INFO] [1788847484.817433943]: [sim_plan] built plan=1090 start=1717.80 horizon=15.00 frames=150 commit_frames=20[0m
[0m[INFO] [1788847484.833880244]: [sim_plan] built plan=1091 start=1719.80 horizon=15.00 frames=150 commit_frames=20[0m
[0m[INFO] [1788847484.847626104]: [sim_plan] built plan=1092 start=1721.80 horizon=15.00 frames=150 commit_frames=20[0m
[0m[INFO] [1788847484.861843601]: [sim_plan] built plan=1093 start=1722.20 horizon=15.00 frames=150 commit_frames=20[0m
[0m[INFO] [1788847484.876643348]: [sim_plan] built plan=1094 start=1723.50 horizon=15.00 frames=150 commit_frames=20[0m
[0m[INFO] [1788847484.890031507]: [sim_plan] built plan=1095 start=1723.60 horizon=15.00 frames=150 commit_frames=20[0m
[0m[INFO] [1788847484.910456714]: [sim_plan] built plan=1096 start=1725.60 horizon=15.00 frames=150 commit_frames=20[0m
[0m[INFO] [1788847484.928539653]: [sim_plan] built plan=1097 start=1727.60 horizon=15.00 frames=150 commit_frames=20[0m
[0m[INFO] [1788847484.944189964]: [sim_plan] built plan=1098 start=1729.60 horizon=15.00 frames=150 commit_frames=20[0m
[0m[INFO] [1788847484.957496089]: [sim_plan] built plan=1099 start=1731.60 horizon=15.00 frames=150 commit_frames=20[0m
[0m[INFO] [1788847484.969116715]: [sim_plan] built plan=1100 start=1733.60 horizon=15.00 frames=150 commit_frames=20[0m
[0m[INFO] [1788847484.981148565]: [sim_plan] built plan=1101 start=1735.60 horizon=15.00 frames=150 commit_frames=20[0m
[0m[INFO] [1788847484.992220565]: [sim_plan] built plan=1102 start=1737.60 horizon=15.00 frames=150 commit_frames=20[0m
[0m[INFO] [1788847484.998850245]: [sim_plan] built plan=1103 start=1739.60 horizon=15.00 frames=150 commit_frames=20[0m
[0m[INFO] [1788847485.009103722]: [sim_plan] built plan=1104 st[33m[WARN] [1788847485.022799731]: [SLOT_DEPARTURE] time=29min6.7s vehicle=V0 owner=V1 result=ALLOW reason=slot_departure_clear candidate_path_gen=45 slot_departure_clear_s=0.346 vehicle_mode=ACTIVE vehicle_speed=0.000 vehicle_path_s=0.000 blocker=none a1_prefix_conflict=0 ordinary_road_conflict=0 owner_phase=TO_A1 owner_path_gen=45 geometry=pending_preview protected_zones=0 actual_occupancy_priority=0[0m
[33m[WARN] [1788847485.023347281]: [multi_patrol][A1 EXIT PREPARED] V0 target=B64 pickup_dwell=5.00s exit_len=6.737 priority_until_s=0.758 horizon_refresh=IMMEDIATE[0m
[33m[WARN] [1788847485.105981786]: [multi_patrol][A1 EXIT HORIZON] V1 target=B32 dwell_part=4.90s departure_window=10.10s total_horizon=15.00s[0m
[33m[WARN] [1788847485.121604261]: [multi_patrol][A1 EXIT HORIZON] V1 target=B32 dwell_part=2.90s departure_window=12.10s total_horizon=15.00s[0m
[33m[WARN] [1788847485.142268862]: [multi_patrol][A1 EXIT HORIZON] V1 target=B32 dwell_part=0.90s departure_window=14.10s total_horizon=15.00s[0m
[33m[WARN] [1788847485.353165013]: [multi_patrol][A1 EXIT HORIZON] V0 target=B64 dwell_part=4.90s departure_window=10.10s total_horizon=15.00s[0m
[33m[WARN] [1788847485.358583040]: [multi_patrol][A1 EXIT HORIZON] V0 target=B64 dwell_part=2.90s departure_window=12.10s total_horizon=15.00s[0m
[33m[WARN] [1788847485.364090715]: [SLOT_DEPARTURE] time=29min49.9s vehicle=V1 owner=V0 result=HOLD reason=a1_departure_prefix_conflict candidate_path_gen=47 slot_departure_clear_s=0.327 vehicle_mode=DWELL vehicle_speed=0.000 vehicle_path_s=4.055 blocker=V0 a1_prefix_conflict=1 ordinary_road_conflict=0 owner_phase=PICKUP_DWELL owner_path_gen=45 geometry=pending_preview protected_zones=1 actual_occupancy_priority=0[0m
[33m[WARN] [1788847485.428003540]: [multi_patrol][A1 EXIT HORIZON] V0 target=B64 dwell_part=0.90s departure_window=14.10s total_horizon=15.00s[0m
art=1741.60 horizon=15.00 frames=150 commit_frames=20[0m
[0m[INFO] [1788847485.013952072]: [sim_plan] built plan=1105 start=1743.60 horizon=15.00 frames=150 commit_frames=20[0m
[0m[INFO] [1788847485.017977541]: [sim_plan] built plan=1106 start=1745.60 horizon=15.00 frames=150 commit_frames=20[0m
[0m[INFO] [1788847485.022759374]: [multi_patrol][A1] V0 pickup leg: B65 -> A1  wpts=567 len=6.684[0m
[0m[INFO] [1788847485.038934599]: [sim_plan] built plan=1107 start=1746.70 horizon=15.00 frames=150 commit_frames=20[0m
[0m[INFO] [1788847485.058753326]: [sim_plan] built plan=1108 start=1748.70 horizon=15.00 frames=150 commit_frames=20[0m
[0m[INFO] [1788847485.070597672]: [sim_plan] built plan=1109 start=1750.70 horizon=15.00 frames=150 commit_frames=20[0m
[0m[INFO] [1788847485.083165439]: [sim_plan] built plan=1110 start=1752.70 horizon=15.00 frames=150 commit_frames=20[0m
[0m[INFO] [1788847485.094729817]: [sim_plan] built plan=1111 start=1754.70 horizon=15.00 frames=150 commit_frames=20[0m
[0m[INFO] [1788847485.105934767]: [sim_plan] built plan=1112 start=1755.40 horizon=15.00 frames=150 commit_frames=20[0m
[0m[INFO] [1788847485.121538516]: [sim_plan] built plan=1113 start=1757.40 horizon=15.00 frames=150 commit_frames=20[0m
[0m[INFO] [1788847485.142224327]: [sim_plan] built plan=1114 start=1759.40 horizon=15.00 frames=150 commit_frames=20[0m
[0m[INFO] [1788847485.143795550]: [multi_patrol][A1] V1 activate prepared dropoff: A1 -> B32 len=4.055 priority_until_s=0.758[0m
[0m[INFO] [1788847485.162720802]: [sim_plan] built plan=1115 start=1760.30 horizon=15.00 frames=150 commit_frames=20[0m
[0m[INFO] [1788847485.189074720]: [sim_plan] built plan=1116 start=1762.30 horizon=15.00 frames=150 commit_frames=20[0m
[0m[INFO] [1788847485.209141659]: [sim_plan] built plan=1117 start=1764.30 horizon=15.00 frames=150 commit_frames=20[0m
[0m[INFO] [1788847485.210679910]: [multi_patrol][A1 EXIT PRIORITY RELEASE] V1 s=0.771 threshold=0.758[0m
[0m[INFO] [1788847485.234380129]: [sim_plan] built plan=1118 start=1766.30 horizon=15.00 frames=150 commit_frames=20[0m
[0m[INFO] [1788847485.253808496]: [sim_plan] built plan=1119 start=1768.30 horizon=15.00 frames=150 commit_frames=20[0m
[0m[INFO] [1788847485.274216692]: [sim_plan] built plan=1120 start=1770.30 horizon=15.00 frames=150 commit_frames=20[0m
[0m[INFO] [1788847485.295213766]: [sim_plan] built plan=1121 start=1772.30 horizon=15.00 frames=150 commit_frames=20[0m
[0m[INFO] [1788847485.310061447]: [sim_plan] built plan=1122 start=1774.30 horizon=15.00 frames=150 commit_frames=20[0m
[0m[INFO] [1788847485.321399471]: [sim_plan] built plan=1123 start=1776.30 horizon=15.00 frames=150 commit_frames=20[0m
[0m[INFO] [1788847485.329505859]: [sim_plan] built plan=1124 start=1778.30 horizon=15.00 frames=150 commit_frames=20[0m
[0m[INFO] [1788847485.336052463]: [sim_plan] built plan=1125 start=1780.30 horizon=15.00 frames=150 commit_frames=20[0m
[0m[INFO] [1788847485.341688757]: [sim_plan] built plan=1126 start=1782.30 horizon=15.00 frames=150 commit_frames=20[0m
[0m[INFO] [1788847485.345631250]: [sim_plan] built plan=1127 start=1784.30 horizon=15.00 frames=150 commit_frames=20[0m
[0m[INFO] [1788847485.348840174]: [sim_plan] built plan=1128 start=1786.30 horizon=15.00 frames=150 commit_frames=20[0m
[0m[INFO] [1788847485.353122603]: [sim_plan] built plan=1129 start=1787.20 horizon=15.00 frames=150 commit_frames=20[0m
[0m[INFO] [1788847485.358535179]: [sim_plan] built plan=1130 start=1789.20 horizon=15.00 frames=150 commit_frames=20[0m
[0m[INFO] [1788847485.427952433]: [sim_plan] built plan=1131 start=1791.20 horizon=15.00 frames=150 commit_frames=20[0m
[0m[INFO] [1788847485.462657826]: [multi_patrol][A1] V0 activate prepared dropoff: A1 -> B64 len=6.737 priority_until_s=0.758[0m
[0m[INFO] [1788847485.471398440]: [sim_plan] built plan=1132 start=1792.10 horizon=15.00 frames=150 commit_frames=20[0m
[0m[INFO] [1788847485.571768820]: [sim_plan] built plan=1133 start=1794.10 horizon=15.00 frames=150 commit_frames=20[0m
[0m[INFO] [1788847485.66950[33m[WARN] [1788847485.733631947]: [SLOT_DEPARTURE] time=29min57.6s vehicle=V1 owner=V0 result=ALLOW reason=slot_departure_clear_after_retry candidate_path_gen=47 slot_departure_clear_s=0.327 vehicle_mode=ACTIVE vehicle_speed=0.000 vehicle_path_s=0.000 blocker=none a1_prefix_conflict=0 ordinary_road_conflict=0 owner_phase=TO_B owner_path_gen=46 geometry=actual_to_b protected_zones=0 actual_occupancy_priority=0[0m
[33m[WARN] [1788847485.734208952]: [multi_patrol][A1 EXIT PREPARED] V1 target=B7 pickup_dwell=5.00s exit_len=2.116 priority_until_s=0.756 horizon_refresh=IMMEDIATE[0m
[33m[WARN] [1788847486.275992239]: [multi_patrol][A1 EXIT HORIZON] V1 target=B7 dwell_part=4.90s departure_window=10.10s total_horizon=15.00s[0m
[33m[WARN] [1788847486.281024064]: [multi_patrol][A1 EXIT HORIZON] V1 target=B7 dwell_part=2.90s departure_window=12.10s total_horizon=15.00s[0m
[33m[WARN] [1788847486.284404904]: [SLOT_DEPARTURE] time=30min36.8s vehicle=V0 owner=V1 result=ALLOW reason=slot_departure_clear candidate_path_gen=47 slot_departure_clear_s=0.346 vehicle_mode=ACTIVE vehicle_speed=0.000 vehicle_path_s=0.000 blocker=none a1_prefix_conflict=0 ordinary_road_conflict=0 owner_phase=PICKUP_DWELL owner_path_gen=47 geometry=pending_preview protected_zones=0 actual_occupancy_priority=0[0m
[33m[WARN] [1788847486.284865888]: [multi_patrol][A1 EXIT PREPARED] V0 target=B63 pickup_dwell=5.00s exit_len=6.551 priority_until_s=0.758 horizon_refresh=IMMEDIATE[0m
[33m[WARN] [1788847486.299217214]: [multi_patrol][A1 EXIT HORIZON] V1 target=B7 dwell_part=2.10s departure_window=12.90s total_horizon=15.00s[0m
[33m[WARN] [1788847486.317113869]: [multi_patrol][A1 EXIT HORIZON] V1 target=B7 dwell_part=0.10s departure_window=14.90s total_horizon=15.00s[0m
8138]: [sim_plan] built plan=1134 start=1796.10 horizon=15.00 frames=150 commit_frames=20[0m
[0m[INFO] [1788847485.733222240]: [multi_patrol][A1 EXIT PRIORITY RELEASE] V0 s=0.771 threshold=0.758[0m
[0m[INFO] [1788847485.733589076]: [multi_patrol][A1] V1 pickup leg: B32 -> A1  wpts=286 len=3.302[0m
[0m[INFO] [1788847485.811546606]: [sim_plan] built plan=1135 start=1797.60 horizon=15.00 frames=150 commit_frames=20[0m
[0m[INFO] [1788847485.891246562]: [sim_plan] built plan=1136 start=1799.60 horizon=15.00 frames=150 commit_frames=20[0m
[0m[INFO] [1788847485.950092542]: [sim_plan] built plan=1137 start=1801.60 horizon=15.00 frames=150 commit_frames=20[0m
[0m[INFO] [1788847485.998939768]: [sim_plan] built plan=1138 start=1803.60 horizon=15.00 frames=150 commit_frames=20[0m
[0m[INFO] [1788847486.039190446]: [sim_plan] built plan=1139 start=1805.60 horizon=15.00 frames=150 commit_frames=20[0m
[0m[INFO] [1788847486.075441183]: [sim_plan] built plan=1140 start=1807.60 horizon=15.00 frames=150 commit_frames=20[0m
[0m[INFO] [1788847486.106917077]: [sim_plan] built plan=1141 start=1809.60 horizon=15.00 frames=150 commit_frames=20[0m
[0m[INFO] [1788847486.133264892]: [sim_plan] built plan=1142 start=1811.60 horizon=15.00 frames=150 commit_frames=20[0m
[0m[INFO] [1788847486.153245440]: [sim_plan] built plan=1143 start=1813.60 horizon=15.00 frames=150 commit_frames=20[0m
[0m[INFO] [1788847486.174249393]: [sim_plan] built plan=1144 start=1815.60 horizon=15.00 frames=150 commit_frames=20[0m
[0m[INFO] [1788847486.194767672]: [sim_plan] built plan=1145 start=1817.60 horizon=15.00 frames=150 commit_frames=20[0m
[0m[INFO] [1788847486.214857226]: [sim_plan] built plan=1146 start=1819.60 horizon=15.00 frames=150 commit_frames=20[0m
[0m[INFO] [1788847486.229513268]: [sim_plan] built plan=1147 start=1821.60 horizon=15.00 frames=150 commit_frames=20[0m
[0m[INFO] [1788847486.242781868]: [sim_plan] built plan=1148 start=1823.60 horizon=15.00 frames=150 commit_frames=20[0m
[0m[INFO] [1788847486.251776949]: [sim_plan] built plan=1149 start=1825.60 horizon=15.00 frames=150 commit_frames=20[0m
[0m[INFO] [1788847486.258704626]: [sim_plan] built plan=1150 start=1827.60 horizon=15.00 frames=150 commit_frames=20[0m
[0m[INFO] [1788847486.264049334]: [sim_plan] built plan=1151 start=1829.60 horizon=15.00 frames=150 commit_frames=20[0m
[0m[INFO] [1788847486.268324082]: [sim_plan] built plan=1152 start=1831.60 horizon=15.00 frames=150 commit_frames=20[0m
[0m[INFO] [1788847486.272213147]: [sim_plan] built plan=1153 start=1833.60 horizon=15.00 frames=150 commit_frames=20[0m
[0m[INFO] [1788847486.275953069]: [sim_plan] built plan=1154 start=1834.00 horizon=15.00 frames=150 commit_frames=20[0m
[0m[INFO] [1788847486.280987264]: [sim_plan] built plan=1155 start=1836.00 horizon=15.00 frames=150 commit_frames=20[0m
[0m[INFO] [1788847486.284362802]: [multi_patrol][A1] V0 pickup leg: B64 -> A1  wpts=545 len=6.464[0m
[0m[INFO] [1788847486.299155465]: [sim_plan] built plan=1156 start=1836.80 horizon=15.00 frames=150 commit_frames=20[0m
[0m[INFO] [1788847486.317059706]: [sim_plan] built plan=1157 start=1838.80 horizon=15.00 frames=150 commit_frames=20[0m
[0m[INFO] [1788847486.317975899]: [multi_patrol][A1] V1 activate prepared dropoff: A1 -> B7 len=2.116 priority_until_s=0.756[0m
[0m[INFO] [1788847486.333691658]: [sim_plan] built plan=1158 start=1838.90 horizon=15.00 frames=150 commit_frames=20[0m
[0m[INFO] [1788847486.354865596]: [sim_plan] built plan=1159 start=1840.90 horizon=15.00 frames=150 commit_frames=20[0m
[0m[INFO] [1788847486.369411288]: [sim_plan] built plan=1160 start=1842.90 horizon=15.00 frames=150 commit_frames=20[0m
[0m[INFO] [1788847486.370215814]: [multi_patrol][A1 EXIT PRIORITY RELEASE] V1 s=0.768 threshold=0.756[0m
[0m[INFO] [1788847486.380251907]: [sim_plan] built plan=1161 start=1844.90 horizon=15.00 frames=150 commit_frames=20[0m
[0m[INFO] [1788847486.389937734]: [sim_plan] built plan=1162 start=1846.90 horizon=15.00 frames=150 commit_frames=20[0m
[0m[INFO] [1788847486.397240956]: [[33m[WARN] [1788847486.410597269]: [SLOT_DEPARTURE] time=30min56.9s vehicle=V1 owner=none result=ALLOW reason=no_service_owner candidate_path_gen=49 slot_departure_clear_s=0.346 vehicle_mode=ACTIVE vehicle_speed=0.000 vehicle_path_s=0.000 blocker=none a1_prefix_conflict=0 ordinary_road_conflict=0[0m
[33m[WARN] [1788847486.411185208]: [multi_patrol][A1 EXIT PREPARED] V1 target=B60 pickup_dwell=5.00s exit_len=8.803 priority_until_s=0.758 horizon_refresh=IMMEDIATE[0m
[33m[WARN] [1788847486.803298319]: [multi_patrol][A1 EXIT HORIZON] V1 target=B60 dwell_part=4.90s departure_window=10.10s total_horizon=15.00s[0m
[33m[WARN] [1788847486.849326171]: [multi_patrol][A1 EXIT HORIZON] V1 target=B60 dwell_part=2.90s departure_window=12.10s total_horizon=15.00s[0m
[33m[WARN] [1788847486.889593166]: [multi_patrol][A1 EXIT HORIZON] V1 target=B60 dwell_part=0.90s departure_window=14.10s total_horizon=15.00s[0m
[33m[WARN] [1788847487.081502288]: [multi_patrol][A1 EXIT HORIZON] V0 target=B63 dwell_part=4.90s departure_window=10.10s total_horizon=15.00s[0m
[33m[WARN] [1788847487.095811838]: [multi_patrol][A1 EXIT HORIZON] V0 target=B63 dwell_part=2.90s departure_window=12.10s total_horizon=15.00s[0m
[33m[WARN] [1788847487.111257237]: [multi_patrol][A1 EXIT HORIZON] V0 target=B63 dwell_part=0.90s departure_window=14.10s total_horizon=15.00s[0m
sim_plan] built plan=1163 start=1848.90 horizon=15.00 frames=150 commit_frames=20[0m
[0m[INFO] [1788847486.402595062]: [sim_plan] built plan=1164 start=1850.90 horizon=15.00 frames=150 commit_frames=20[0m
[0m[INFO] [1788847486.405736122]: [sim_plan] built plan=1165 start=1852.90 horizon=15.00 frames=150 commit_frames=20[0m
[0m[INFO] [1788847486.409738317]: [sim_plan] built plan=1166 start=1854.90 horizon=15.00 frames=150 commit_frames=20[0m
[0m[INFO] [1788847486.410551083]: [multi_patrol][A1] V1 pickup leg: B7 -> A1  wpts=162 len=2.116[0m
[0m[INFO] [1788847486.461576497]: [sim_plan] built plan=1167 start=1856.90 horizon=15.00 frames=150 commit_frames=20[0m
[0m[INFO] [1788847486.511096707]: [sim_plan] built plan=1168 start=1858.90 horizon=15.00 frames=150 commit_frames=20[0m
[0m[INFO] [1788847486.553988678]: [sim_plan] built plan=1169 start=1860.90 horizon=15.00 frames=150 commit_frames=20[0m
[0m[INFO] [1788847486.602063071]: [sim_plan] built plan=1170 start=1862.90 horizon=15.00 frames=150 commit_frames=20[0m
[0m[INFO] [1788847486.661644017]: [sim_plan] built plan=1171 start=1864.90 horizon=15.00 frames=150 commit_frames=20[0m
[0m[INFO] [1788847486.714610137]: [sim_plan] built plan=1172 start=1866.90 horizon=15.00 frames=150 commit_frames=20[0m
[0m[INFO] [1788847486.761499039]: [sim_plan] built plan=1173 start=1868.90 horizon=15.00 frames=150 commit_frames=20[0m
[0m[INFO] [1788847486.803233295]: [sim_plan] built plan=1174 start=1870.00 horizon=15.00 frames=150 commit_frames=20[0m
[0m[INFO] [1788847486.849266668]: [sim_plan] built plan=1175 start=1872.00 horizon=15.00 frames=150 commit_frames=20[0m
[0m[INFO] [1788847486.889539156]: [sim_plan] built plan=1176 start=1874.00 horizon=15.00 frames=150 commit_frames=20[0m
[0m[INFO] [1788847486.890972672]: [multi_patrol][A1] V1 activate prepared dropoff: A1 -> B60 len=8.803 priority_until_s=0.758[0m
[0m[INFO] [1788847486.928747566]: [sim_plan] built plan=1177 start=1874.90 horizon=15.00 frames=150 commit_frames=20[0m
[0m[INFO] [1788847486.971358341]: [sim_plan] built plan=1178 start=1876.90 horizon=15.00 frames=150 commit_frames=20[0m
[0m[INFO] [1788847486.997332930]: [sim_plan] built plan=1179 start=1878.90 horizon=15.00 frames=150 commit_frames=20[0m
[0m[INFO] [1788847486.998852499]: [multi_patrol][A1 EXIT PRIORITY RELEASE] V1 s=0.771 threshold=0.758[0m
[0m[INFO] [1788847487.016891203]: [sim_plan] built plan=1180 start=1880.90 horizon=15.00 frames=150 commit_frames=20[0m
[0m[INFO] [1788847487.030661823]: [sim_plan] built plan=1181 start=1882.90 horizon=15.00 frames=150 commit_frames=20[0m
[0m[INFO] [1788847487.043475184]: [sim_plan] built plan=1182 start=1884.90 horizon=15.00 frames=150 commit_frames=20[0m
[0m[INFO] [1788847487.053725916]: [sim_plan] built plan=1183 start=1886.90 horizon=15.00 frames=150 commit_frames=20[0m
[0m[INFO] [1788847487.063002992]: [sim_plan] built plan=1184 start=1888.90 horizon=15.00 frames=150 commit_frames=20[0m
[0m[INFO] [1788847487.072139932]: [sim_plan] built plan=1185 start=1890.90 horizon=15.00 frames=150 commit_frames=20[0m
[0m[INFO] [1788847487.081440320]: [sim_plan] built plan=1186 start=1892.90 horizon=15.00 frames=150 commit_frames=20[0m
[0m[INFO] [1788847487.095760112]: [sim_plan] built plan=1187 start=1894.90 horizon=15.00 frames=150 commit_frames=20[0m
[0m[INFO] [1788847487.111198420]: [sim_plan] built plan=1188 start=1896.90 horizon=15.00 frames=150 commit_frames=20[0m
[0m[INFO] [1788847487.112611377]: [multi_patrol][A1] V0 activate prepared dropoff: A1 -> B63 len=6.551 priority_until_s=0.758[0m
[0m[INFO] [1788847487.127362133]: [sim_plan] built plan=1189 start=1897.80 horizon=15.00 frames=150 commit_frames=20[0m
[0m[INFO] [1788847487.160887217]: [sim_plan] built plan=1190 start=1899.80 horizon=15.00 frames=150 commit_frames=20[0m
[0m[INFO] [1788847487.177119819]: [sim_plan] built plan=1191 start=1901.80 horizon=15.00 frames=150 commit_frames=20[0m
[0m[INFO] [1788847487.178313696]: [multi_patrol][A1 EXIT PRIORITY RELEASE] V0 s=0.771 threshold=0.758[0m
[0m[INFO] [1788[33m[WARN] [1788847487.315000759]: [SLOT_DEPARTURE] time=32min10.1s vehicle=V1 owner=none result=ALLOW reason=no_service_owner candidate_path_gen=51 slot_departure_clear_s=0.346 vehicle_mode=ACTIVE vehicle_speed=0.000 vehicle_path_s=0.000 blocker=none a1_prefix_conflict=0 ordinary_road_conflict=0[0m
[33m[WARN] [1788847487.315383828]: [multi_patrol][A1 EXIT PREPARED] V1 target=B34 pickup_dwell=5.00s exit_len=4.275 priority_until_s=0.758 horizon_refresh=IMMEDIATE[0m
[33m[WARN] [1788847487.367102356]: [SLOT_DEPARTURE] time=32min22.0s vehicle=V0 owner=none result=ALLOW reason=no_service_owner candidate_path_gen=49 slot_departure_clear_s=0.346 vehicle_mode=ACTIVE vehicle_speed=0.000 vehicle_path_s=0.000 blocker=none a1_prefix_conflict=0 ordinary_road_conflict=0[0m
[33m[WARN] [1788847487.367768850]: [multi_patrol][A1 EXIT PREPARED] V0 target=B61 pickup_dwell=5.00s exit_len=8.398 priority_until_s=0.758 horizon_refresh=IMMEDIATE[0m
847487.193008466]: [sim_plan] built plan=1192 start=1903.80 horizon=15.00 frames=150 commit_frames=20[0m
[0m[INFO] [1788847487.209520790]: [sim_plan] built plan=1193 start=1905.80 horizon=15.00 frames=150 commit_frames=20[0m
[0m[INFO] [1788847487.226567407]: [sim_plan] built plan=1194 start=1907.80 horizon=15.00 frames=150 commit_frames=20[0m
[0m[INFO] [1788847487.241102925]: [sim_plan] built plan=1195 start=1909.80 horizon=15.00 frames=150 commit_frames=20[0m
[0m[INFO] [1788847487.254507599]: [sim_plan] built plan=1196 start=1911.80 horizon=15.00 frames=150 commit_frames=20[0m
[0m[INFO] [1788847487.266093367]: [sim_plan] built plan=1197 start=1913.80 horizon=15.00 frames=150 commit_frames=20[0m
[0m[INFO] [1788847487.276879339]: [sim_plan] built plan=1198 start=1915.80 horizon=15.00 frames=150 commit_frames=20[0m
[0m[INFO] [1788847487.286546052]: [sim_plan] built plan=1199 start=1917.80 horizon=15.00 frames=150 commit_frames=20[0m
[0m[INFO] [1788847487.294791388]: [sim_plan] built plan=1200 start=1919.80 horizon=15.00 frames=150 commit_frames=20[0m
[0m[INFO] [1788847487.302535095]: [sim_plan] built plan=1201 start=1921.80 horizon=15.00 frames=150 commit_frames=20[0m
[0m[INFO] [1788847487.307476271]: [sim_plan] built plan=1202 start=1923.80 horizon=15.00 frames=150 commit_frames=20[0m
[0m[INFO] [1788847487.310205373]: [sim_plan] built plan=1203 start=1925.80 horizon=15.00 frames=150 commit_frames=20[0m
[0m[INFO] [1788847487.312616488]: [sim_plan] built plan=1204 start=1927.80 horizon=15.00 frames=150 commit_frames=20[0m
[0m[INFO] [1788847487.314463561]: [sim_plan] built plan=1205 start=1929.80 horizon=15.00 frames=150 commit_frames=20[0m
[0m[INFO] [1788847487.314962579]: [multi_patrol][A1] V1 pickup leg: B60 -> A1  wpts=561 len=6.067[0m
[0m[INFO] [1788847487.326975336]: [sim_plan] built plan=1206 start=1930.10 horizon=15.00 frames=150 commit_frames=20[0m
[0m[INFO] [1788847487.344870277]: [sim_plan] built plan=1207 start=1932.10 horizon=15.00 frames=150 commit_frames=20[0m
[0m[INFO] [1788847487.351980665]: [sim_plan] built plan=1208 start=1934.10 horizon=15.00 frames=150 commit_frames=20[0m
[0m[INFO] [1788847487.357428932]: [sim_plan] built plan=1209 start=1936.10 horizon=15.00 frames=150 commit_frames=20[0m
[0m[INFO] [1788847487.361759331]: [sim_plan] built plan=1210 start=1938.10 horizon=15.00 frames=150 commit_frames=20[0m
[0m[INFO] [1788847487.366227771]: [sim_plan] built plan=1211 start=1940.10 horizon=15.00 frames=150 commit_frames=20[0m
[0m[INFO] [1788847487.367040340]: [multi_patrol][A1] V0 pickup leg: B63 -> A1  wpts=523 len=6.245[0m
[0m[INFO] [1788847487.386524318]: [sim_plan] built plan=1212 start=1942.00 horizon=15.00 frames=150 commit_frames=20[0m
[0m[INFO] [1788847487.411940082]: [sim_plan] built plan=1213 start=1944.00 horizon=15.00 frames=150 commit_frames=20[0m
[0m[INFO] [1788847487.432469738]: [sim_plan] built plan=1214 start=1946.00 horizon=15.00 frames=150 commit_frames=20[0m
[0m[INFO] [1788847487.450631683]: [sim_plan] built plan=1215 start=1948.00 horizon=15.00 frames=150 commit_frames=20[0m
[0m[INFO] [1788847487.470826455]: [sim_plan] built plan=1216 start=1950.00 horizon=15.00 frames=150 commit_frames=20[0m
[0m[INFO] [1788847487.493544720]: [sim_plan] built plan=1217 start=1952.00 horizon=15.00 frames=150 commit_frames=20[0m
[0m[INFO] [1788847487.509428378]: [sim_plan] built plan=1218 start=1954.00 horizon=15.00 frames=150 commit_frames=20[0m
[0m[INFO] [1788847487.524249053]: [sim_plan] built plan=1219 start=1956.00 horizon=15.00 frames=150 commit_frames=20[0m
[0m[INFO] [1788847487.551709002]: [sim_plan] built plan=1220 start=1958.00 horizon=15.00 frames=150 commit_frames=20[0m
[0m[INFO] [1788847487.588329862]: [sim_plan] built plan=1221 start=1960.00 horizon=15.00 frames=150 commit_frames=20[0m
[0m[INFO] [1788847487.624930652]: [sim_plan] built plan=1222 start=1962.00 horizon=15.00 frames=150 commit_frames=20[0m
[0m[INFO] [1788847487.665797288]: [sim_plan] built plan=1223 start=1964.00 horizon=15.00 frames=150 commit_frames=20[0m
[[33m[WARN] [1788847487.744869895]: [multi_patrol][A1 EXIT HORIZON] V1 target=B34 dwell_part=4.90s departure_window=10.10s total_horizon=15.00s[0m
[33m[WARN] [1788847487.785840602]: [multi_patrol][A1 EXIT HORIZON] V1 target=B34 dwell_part=2.90s departure_window=12.10s total_horizon=15.00s[0m
[33m[WARN] [1788847487.824204952]: [multi_patrol][A1 EXIT HORIZON] V1 target=B34 dwell_part=0.90s departure_window=14.10s total_horizon=15.00s[0m
[33m[WARN] [1788847488.002022630]: [multi_patrol][A1 EXIT HORIZON] V0 target=B61 dwell_part=4.90s departure_window=10.10s total_horizon=15.00s[0m
[33m[WARN] [1788847488.008653134]: [multi_patrol][A1 EXIT HORIZON] V0 target=B61 dwell_part=2.90s departure_window=12.10s total_horizon=15.00s[0m
[33m[WARN] [1788847488.015968224]: [multi_patrol][A1 EXIT HORIZON] V0 target=B61 dwell_part=0.90s departure_window=14.10s total_horizon=15.00s[0m
[33m[WARN] [1788847488.051780737]: [SLOT_DEPARTURE] time=33min22.3s vehicle=V1 owner=none result=ALLOW reason=no_service_owner candidate_path_gen=53 slot_departure_clear_s=0.327 vehicle_mode=ACTIVE vehicle_speed=0.000 vehicle_path_s=0.000 blocker=none a1_prefix_conflict=0 ordinary_road_conflict=0[0m
[33m[WARN] [1788847488.052461385]: [multi_patrol][A1 EXIT PREPARED] V1 target=B30 pickup_dwell=5.00s exit_len=3.835 priority_until_s=0.758 horizon_refresh=IMMEDIATE[0m
0m[INFO] [1788847487.704973952]: [sim_plan] built plan=1224 start=1966.00 horizon=15.00 frames=150 commit_frames=20[0m
[0m[INFO] [1788847487.744818845]: [sim_plan] built plan=1225 start=1966.70 horizon=15.00 frames=150 commit_frames=20[0m
[0m[INFO] [1788847487.785791599]: [sim_plan] built plan=1226 start=1968.70 horizon=15.00 frames=150 commit_frames=20[0m
[0m[INFO] [1788847487.824160594]: [sim_plan] built plan=1227 start=1970.70 horizon=15.00 frames=150 commit_frames=20[0m
[0m[INFO] [1788847487.825376973]: [multi_patrol][A1] V1 activate prepared dropoff: A1 -> B34 len=4.275 priority_until_s=0.758[0m
[0m[INFO] [1788847487.861472613]: [sim_plan] built plan=1228 start=1971.60 horizon=15.00 frames=150 commit_frames=20[0m
[0m[INFO] [1788847487.898656148]: [sim_plan] built plan=1229 start=1973.60 horizon=15.00 frames=150 commit_frames=20[0m
[0m[INFO] [1788847487.925365490]: [sim_plan] built plan=1230 start=1975.60 horizon=15.00 frames=150 commit_frames=20[0m
[0m[INFO] [1788847487.926816466]: [multi_patrol][A1 EXIT PRIORITY RELEASE] V1 s=0.771 threshold=0.758[0m
[0m[INFO] [1788847487.943638131]: [sim_plan] built plan=1231 start=1977.60 horizon=15.00 frames=150 commit_frames=20[0m
[0m[INFO] [1788847487.956003687]: [sim_plan] built plan=1232 start=1979.60 horizon=15.00 frames=150 commit_frames=20[0m
[0m[INFO] [1788847487.966797968]: [sim_plan] built plan=1233 start=1981.60 horizon=15.00 frames=150 commit_frames=20[0m
[0m[INFO] [1788847487.976467311]: [sim_plan] built plan=1234 start=1983.60 horizon=15.00 frames=150 commit_frames=20[0m
[0m[INFO] [1788847487.984237776]: [sim_plan] built plan=1235 start=1985.60 horizon=15.00 frames=150 commit_frames=20[0m
[0m[INFO] [1788847487.991545260]: [sim_plan] built plan=1236 start=1987.60 horizon=15.00 frames=150 commit_frames=20[0m
[0m[INFO] [1788847487.996363739]: [sim_plan] built plan=1237 start=1989.60 horizon=15.00 frames=150 commit_frames=20[0m
[0m[INFO] [1788847488.001962613]: [sim_plan] built plan=1238 start=1989.80 horizon=15.00 frames=150 commit_frames=20[0m
[0m[INFO] [1788847488.008591927]: [sim_plan] built plan=1239 start=1991.80 horizon=15.00 frames=150 commit_frames=20[0m
[0m[INFO] [1788847488.015918250]: [sim_plan] built plan=1240 start=1993.80 horizon=15.00 frames=150 commit_frames=20[0m
[0m[INFO] [1788847488.017239690]: [multi_patrol][A1] V0 activate prepared dropoff: A1 -> B61 len=8.398 priority_until_s=0.758[0m
[0m[INFO] [1788847488.023272931]: [sim_plan] built plan=1241 start=1994.70 horizon=15.00 frames=150 commit_frames=20[0m
[0m[INFO] [1788847488.039640825]: [sim_plan] built plan=1242 start=1996.70 horizon=15.00 frames=150 commit_frames=20[0m
[0m[INFO] [1788847488.045752960]: [sim_plan] built plan=1243 start=1998.70 horizon=15.00 frames=150 commit_frames=20[0m
[0m[INFO] [1788847488.047108297]: [multi_patrol][A1 EXIT PRIORITY RELEASE] V0 s=0.771 threshold=0.758[0m
[0m[INFO] [1788847488.050863411]: [sim_plan] built plan=1244 start=2000.70 horizon=15.00 frames=150 commit_frames=20[0m
[0m[INFO] [1788847488.051727441]: [multi_patrol][A1] V1 pickup leg: B34 -> A1  wpts=284 len=3.088[0m
[0m[INFO] [1788847488.088986875]: [sim_plan] built plan=1245 start=2002.30 horizon=15.00 frames=150 commit_frames=20[0m
[0m[INFO] [1788847488.112207842]: [sim_plan] built plan=1246 start=2004.30 horizon=15.00 frames=150 commit_frames=20[0m
[0m[INFO] [1788847488.131454465]: [sim_plan] built plan=1247 start=2006.30 horizon=15.00 frames=150 commit_frames=20[0m
[0m[INFO] [1788847488.153649041]: [sim_plan] built plan=1248 start=2008.30 horizon=15.00 frames=150 commit_frames=20[0m
[0m[INFO] [1788847488.175770701]: [sim_plan] built plan=1249 start=2010.30 horizon=15.00 frames=150 commit_frames=20[0m
[0m[INFO] [1788847488.199707849]: [sim_plan] built plan=1250 start=2012.30 horizon=15.00 frames=150 commit_frames=20[0m
[0m[INFO] [1788847488.218502515]: [sim_plan] built plan=1251 start=2014.30 horizon=15.00 frames=150 commit_frames=20[0m
[0m[INFO] [1788847488.237889086]: [sim_plan] built plan=1252 start=2016.30 horizon=15.00 frames=150 co[33m[WARN] [1788847488.361528594]: [multi_patrol][A1 EXIT HORIZON] V1 target=B30 dwell_part=4.90s departure_window=10.10s total_horizon=15.00s[0m
[33m[WARN] [1788847488.373423681]: [multi_patrol][A1 EXIT HORIZON] V1 target=B30 dwell_part=2.90s departure_window=12.10s total_horizon=15.00s[0m
[33m[WARN] [1788847488.386791629]: [multi_patrol][A1 EXIT HORIZON] V1 target=B30 dwell_part=0.90s departure_window=14.10s total_horizon=15.00s[0m
[33m[WARN] [1788847488.440132651]: [SLOT_DEPARTURE] time=34min7.8s vehicle=V0 owner=none result=ALLOW reason=no_service_owner candidate_path_gen=51 slot_departure_clear_s=0.346 vehicle_mode=ACTIVE vehicle_speed=0.000 vehicle_path_s=0.000 blocker=none a1_prefix_conflict=0 ordinary_road_conflict=0[0m
[33m[WARN] [1788847488.440642780]: [multi_patrol][A1 EXIT PREPARED] V0 target=B21 pickup_dwell=5.00s exit_len=6.358 priority_until_s=0.758 horizon_refresh=IMMEDIATE[0m
[33m[WARN] [1788847488.539820447]: [SLOT_DEPARTURE] time=34min24.6s vehicle=V1 owner=none result=ALLOW reason=no_service_owner candidate_path_gen=55 slot_departure_clear_s=0.327 vehicle_mode=ACTIVE vehicle_speed=0.000 vehicle_path_s=0.000 blocker=none a1_prefix_conflict=0 ordinary_road_conflict=0[0m
[33m[WARN] [1788847488.540292432]: [multi_patrol][A1 EXIT PREPARED] V1 target=B37 pickup_dwell=5.00s exit_len=5.751 priority_until_s=0.758 horizon_refresh=IMMEDIATE[0m
mmit_frames=20[0m
[0m[INFO] [1788847488.258201663]: [sim_plan] built plan=1253 start=2018.30 horizon=15.00 frames=150 commit_frames=20[0m
[0m[INFO] [1788847488.278963064]: [sim_plan] built plan=1254 start=2020.30 horizon=15.00 frames=150 commit_frames=20[0m
[0m[INFO] [1788847488.295788426]: [sim_plan] built plan=1255 start=2022.30 horizon=15.00 frames=150 commit_frames=20[0m
[0m[INFO] [1788847488.312162993]: [sim_plan] built plan=1256 start=2024.30 horizon=15.00 frames=150 commit_frames=20[0m
[0m[INFO] [1788847488.326444406]: [sim_plan] built plan=1257 start=2026.30 horizon=15.00 frames=150 commit_frames=20[0m
[0m[INFO] [1788847488.339317029]: [sim_plan] built plan=1258 start=2028.30 horizon=15.00 frames=150 commit_frames=20[0m
[0m[INFO] [1788847488.350780650]: [sim_plan] built plan=1259 start=2030.30 horizon=15.00 frames=150 commit_frames=20[0m
[0m[INFO] [1788847488.361457345]: [sim_plan] built plan=1260 start=2031.30 horizon=15.00 frames=150 commit_frames=20[0m
[0m[INFO] [1788847488.373368157]: [sim_plan] built plan=1261 start=2033.30 horizon=15.00 frames=150 commit_frames=20[0m
[0m[INFO] [1788847488.386738742]: [sim_plan] built plan=1262 start=2035.30 horizon=15.00 frames=150 commit_frames=20[0m
[0m[INFO] [1788847488.388149821]: [multi_patrol][A1] V1 activate prepared dropoff: A1 -> B30 len=3.835 priority_until_s=0.758[0m
[0m[INFO] [1788847488.399534322]: [sim_plan] built plan=1263 start=2036.20 horizon=15.00 frames=150 commit_frames=20[0m
[0m[INFO] [1788847488.416393276]: [sim_plan] built plan=1264 start=2038.20 horizon=15.00 frames=150 commit_frames=20[0m
[0m[INFO] [1788847488.425616790]: [sim_plan] built plan=1265 start=2040.20 horizon=15.00 frames=150 commit_frames=20[0m
[0m[INFO] [1788847488.427018445]: [multi_patrol][A1 EXIT PRIORITY RELEASE] V1 s=0.771 threshold=0.758[0m
[0m[INFO] [1788847488.431721383]: [sim_plan] built plan=1266 start=2042.20 horizon=15.00 frames=150 commit_frames=20[0m
[0m[INFO] [1788847488.435875310]: [sim_plan] built plan=1267 start=2044.20 horizon=15.00 frames=150 commit_frames=20[0m
[0m[INFO] [1788847488.439402543]: [sim_plan] built plan=1268 start=2046.20 horizon=15.00 frames=150 commit_frames=20[0m
[0m[INFO] [1788847488.440089130]: [multi_patrol][A1] V0 pickup leg: B61 -> A1  wpts=479 len=5.806[0m
[0m[INFO] [1788847488.458310332]: [sim_plan] built plan=1269 start=2047.80 horizon=15.00 frames=150 commit_frames=20[0m
[0m[INFO] [1788847488.479951802]: [sim_plan] built plan=1270 start=2049.80 horizon=15.00 frames=150 commit_frames=20[0m
[0m[INFO] [1788847488.495962884]: [sim_plan] built plan=1271 start=2051.80 horizon=15.00 frames=150 commit_frames=20[0m
[0m[INFO] [1788847488.509142042]: [sim_plan] built plan=1272 start=2053.80 horizon=15.00 frames=150 commit_frames=20[0m
[0m[INFO] [1788847488.519602935]: [sim_plan] built plan=1273 start=2055.80 horizon=15.00 frames=150 commit_frames=20[0m
[0m[INFO] [1788847488.527069975]: [sim_plan] built plan=1274 start=2057.80 horizon=15.00 frames=150 commit_frames=20[0m
[0m[INFO] [1788847488.531161669]: [sim_plan] built plan=1275 start=2059.80 horizon=15.00 frames=150 commit_frames=20[0m
[0m[INFO] [1788847488.534910234]: [sim_plan] built plan=1276 start=2061.80 horizon=15.00 frames=150 commit_frames=20[0m
[0m[INFO] [1788847488.539160969]: [sim_plan] built plan=1277 start=2063.80 horizon=15.00 frames=150 commit_frames=20[0m
[0m[INFO] [1788847488.539776061]: [multi_patrol][A1] V1 pickup leg: B30 -> A1  wpts=286 len=3.524[0m
[0m[INFO] [1788847488.557630688]: [sim_plan] built plan=1278 start=2064.60 horizon=15.00 frames=150 commit_frames=20[0m
[0m[INFO] [1788847488.580931538]: [sim_plan] built plan=1279 start=2066.60 horizon=15.00 frames=150 commit_frames=20[0m
[0m[INFO] [1788847488.598326338]: [sim_plan] built plan=1280 start=2068.60 horizon=15.00 frames=150 commit_frames=20[0m
[0m[INFO] [1788847488.619701241]: [sim_plan] built plan=1281 start=2070.60 horizon=15.00 frames=150 commit_frames=20[0m
[0m[INFO] [1788847488.651779549]: [sim_plan] built plan=1282 start=2072.60 horizon=15.00 frame[33m[WARN] [1788847488.971199118]: [multi_patrol][A1 EXIT HORIZON] V0 target=B21 dwell_part=4.90s departure_window=10.10s total_horizon=15.00s[0m
[33m[WARN] [1788847489.012314789]: [multi_patrol][A1 EXIT HORIZON] V0 target=B21 dwell_part=2.90s departure_window=12.10s total_horizon=15.00s[0m
[33m[WARN] [1788847489.050660959]: [multi_patrol][A1 EXIT HORIZON] V0 target=B21 dwell_part=0.90s departure_window=14.10s total_horizon=15.00s[0m
[33m[WARN] [1788847489.231654280]: [multi_patrol][A1 EXIT HORIZON] V1 target=B37 dwell_part=4.90s departure_window=10.10s total_horizon=15.00s[0m
[33m[WARN] [1788847489.245635437]: [multi_patrol][A1 EXIT HORIZON] V1 target=B37 dwell_part=2.90s departure_window=12.10s total_horizon=15.00s[0m
[33m[WARN] [1788847489.262255510]: [multi_patrol][A1 EXIT HORIZON] V1 target=B37 dwell_part=0.90s departure_window=14.10s total_horizon=15.00s[0m
s=150 commit_frames=20[0m
[0m[INFO] [1788847488.690024294]: [sim_plan] built plan=1283 start=2074.60 horizon=15.00 frames=150 commit_frames=20[0m
[0m[INFO] [1788847488.736554517]: [sim_plan] built plan=1284 start=2076.60 horizon=15.00 frames=150 commit_frames=20[0m
[0m[INFO] [1788847488.792946723]: [sim_plan] built plan=1285 start=2078.60 horizon=15.00 frames=150 commit_frames=20[0m
[0m[INFO] [1788847488.859013514]: [sim_plan] built plan=1286 start=2080.60 horizon=15.00 frames=150 commit_frames=20[0m
[0m[INFO] [1788847488.922022533]: [sim_plan] built plan=1287 start=2082.60 horizon=15.00 frames=150 commit_frames=20[0m
[0m[INFO] [1788847488.971130010]: [sim_plan] built plan=1288 start=2083.90 horizon=15.00 frames=150 commit_frames=20[0m
[0m[INFO] [1788847489.012267851]: [sim_plan] built plan=1289 start=2085.90 horizon=15.00 frames=150 commit_frames=20[0m
[0m[INFO] [1788847489.050587692]: [sim_plan] built plan=1290 start=2087.90 horizon=15.00 frames=150 commit_frames=20[0m
[0m[INFO] [1788847489.052286203]: [multi_patrol][A1] V0 activate prepared dropoff: A1 -> B21 len=6.358 priority_until_s=0.758[0m
[0m[INFO] [1788847489.087327711]: [sim_plan] built plan=1291 start=2088.80 horizon=15.00 frames=150 commit_frames=20[0m
[0m[INFO] [1788847489.124522564]: [sim_plan] built plan=1292 start=2090.80 horizon=15.00 frames=150 commit_frames=20[0m
[0m[INFO] [1788847489.149473113]: [sim_plan] built plan=1293 start=2092.80 horizon=15.00 frames=150 commit_frames=20[0m
[0m[INFO] [1788847489.150731738]: [multi_patrol][A1 EXIT PRIORITY RELEASE] V0 s=0.771 threshold=0.758[0m
[0m[INFO] [1788847489.167845930]: [sim_plan] built plan=1294 start=2094.80 horizon=15.00 frames=150 commit_frames=20[0m
[0m[INFO] [1788847489.181471548]: [sim_plan] built plan=1295 start=2096.80 horizon=15.00 frames=150 commit_frames=20[0m
[0m[INFO] [1788847489.192209864]: [sim_plan] built plan=1296 start=2098.80 horizon=15.00 frames=150 commit_frames=20[0m
[0m[INFO] [1788847489.202694266]: [sim_plan] built plan=1297 start=2100.80 horizon=15.00 frames=150 commit_frames=20[0m
[0m[INFO] [1788847489.212167590]: [sim_plan] built plan=1298 start=2102.80 horizon=15.00 frames=150 commit_frames=20[0m
[0m[INFO] [1788847489.221431246]: [sim_plan] built plan=1299 start=2104.80 horizon=15.00 frames=150 commit_frames=20[0m
[0m[INFO] [1788847489.231471679]: [sim_plan] built plan=1300 start=2104.90 horizon=15.00 frames=150 commit_frames=20[0m
[0m[INFO] [1788847489.245583217]: [sim_plan] built plan=1301 start=2106.90 horizon=15.00 frames=150 commit_frames=20[0m
[0m[INFO] [1788847489.262191362]: [sim_plan] built plan=1302 start=2108.90 horizon=15.00 frames=150 commit_frames=20[0m
[0m[INFO] [1788847489.263775071]: [multi_patrol][A1] V1 activate prepared dropoff: A1 -> B37 len=5.751 priority_until_s=0.758[0m
[0m[INFO] [1788847489.282740983]: [sim_plan] built plan=1303 start=2109.80 horizon=15.00 frames=150 commit_frames=20[0m
[0m[INFO] [1788847489.310618208]: [sim_plan] built plan=1304 start=2111.80 horizon=15.00 frames=150 commit_frames=20[0m
[0m[INFO] [1788847489.330570180]: [sim_plan] built plan=1305 start=2113.80 horizon=15.00 frames=150 commit_frames=20[0m
[0m[INFO] [1788847489.332155067]: [multi_patrol][A1 EXIT PRIORITY RELEASE] V1 s=0.771 threshold=0.758[0m
[0m[INFO] [1788847489.348334180]: [sim_plan] built plan=1306 start=2115.80 horizon=15.00 frames=150 commit_frames=20[0m
[0m[INFO] [1788847489.365885508]: [sim_plan] built plan=1307 start=2117.80 horizon=15.00 frames=150 commit_frames=20[0m
[0m[INFO] [1788847489.378452494]: [sim_plan] built plan=1308 start=2119.80 horizon=15.00 frames=150 commit_frames=20[0m
[0m[INFO] [1788847489.389014391]: [sim_plan] built plan=1309 start=2121.80 horizon=15.00 frames=150 commit_frames=20[0m
[0m[INFO] [1788847489.397534935]: [sim_plan] built plan=1310 start=2123.80 horizon=15.00 frames=150 commit_frames=20[0m
[0m[INFO] [1788847489.402381294]: [sim_plan] built plan=1311 start=2125.80 horizon=15.00 frames=150 commit_frames=20[0m
[0m[INFO] [1788847489.406862205]: [sim_plan] built pla[33m[WARN] [1788847489.412573116]: [SLOT_DEPARTURE] time=35min31.4s vehicle=V0 owner=none result=ALLOW reason=no_service_owner candidate_path_gen=53 slot_departure_clear_s=0.327 vehicle_mode=ACTIVE vehicle_speed=0.000 vehicle_path_s=0.000 blocker=none a1_prefix_conflict=0 ordinary_road_conflict=0[0m
[33m[WARN] [1788847489.413422554]: [multi_patrol][A1 EXIT PREPARED] V0 target=B36 pickup_dwell=5.00s exit_len=4.494 priority_until_s=0.758 horizon_refresh=IMMEDIATE[0m
[33m[WARN] [1788847489.516588450]: [SLOT_DEPARTURE] time=35min49.5s vehicle=V1 owner=none result=ALLOW reason=no_service_owner candidate_path_gen=57 slot_departure_clear_s=0.327 vehicle_mode=ACTIVE vehicle_speed=0.000 vehicle_path_s=0.000 blocker=none a1_prefix_conflict=0 ordinary_road_conflict=0[0m
[33m[WARN] [1788847489.516974759]: [multi_patrol][A1 EXIT PREPARED] V1 target=B31 pickup_dwell=5.00s exit_len=6.891 priority_until_s=0.758 horizon_refresh=IMMEDIATE[0m
[33m[WARN] [1788847489.935077172]: [multi_patrol][A1 EXIT HORIZON] V0 target=B36 dwell_part=4.90s departure_window=10.10s total_horizon=15.00s[0m
[33m[WARN] [1788847489.994206980]: [multi_patrol][A1 EXIT HORIZON] V0 target=B36 dwell_part=2.90s departure_window=12.10s total_horizon=15.00s[0m
[33m[WARN] [1788847490.064957481]: [multi_patrol][A1 EXIT HORIZON] V0 target=B36 dwell_part=0.90s departure_window=14.10s total_horizon=15.00s[0m
n=1312 start=2127.80 horizon=15.00 frames=150 commit_frames=20[0m
[0m[INFO] [1788847489.411312547]: [sim_plan] built plan=1313 start=2129.80 horizon=15.00 frames=150 commit_frames=20[0m
[0m[INFO] [1788847489.412473158]: [multi_patrol][A1] V0 pickup leg: B21 -> A1  wpts=535 len=6.102[0m
[0m[INFO] [1788847489.431691411]: [sim_plan] built plan=1314 start=2131.40 horizon=15.00 frames=150 commit_frames=20[0m
[0m[INFO] [1788847489.458551186]: [sim_plan] built plan=1315 start=2133.40 horizon=15.00 frames=150 commit_frames=20[0m
[0m[INFO] [1788847489.471049425]: [sim_plan] built plan=1316 start=2135.40 horizon=15.00 frames=150 commit_frames=20[0m
[0m[INFO] [1788847489.481974002]: [sim_plan] built plan=1317 start=2137.40 horizon=15.00 frames=150 commit_frames=20[0m
[0m[INFO] [1788847489.490568060]: [sim_plan] built plan=1318 start=2139.40 horizon=15.00 frames=150 commit_frames=20[0m
[0m[INFO] [1788847489.499138538]: [sim_plan] built plan=1319 start=2141.40 horizon=15.00 frames=150 commit_frames=20[0m
[0m[INFO] [1788847489.504639285]: [sim_plan] built plan=1320 start=2143.40 horizon=15.00 frames=150 commit_frames=20[0m
[0m[INFO] [1788847489.508623223]: [sim_plan] built plan=1321 start=2145.40 horizon=15.00 frames=150 commit_frames=20[0m
[0m[INFO] [1788847489.512388209]: [sim_plan] built plan=1322 start=2147.40 horizon=15.00 frames=150 commit_frames=20[0m
[0m[INFO] [1788847489.516021320]: [sim_plan] built plan=1323 start=2149.40 horizon=15.00 frames=150 commit_frames=20[0m
[0m[INFO] [1788847489.516551621]: [multi_patrol][A1] V1 pickup leg: B37 -> A1  wpts=513 len=5.883[0m
[0m[INFO] [1788847489.533495536]: [sim_plan] built plan=1324 start=2149.50 horizon=15.00 frames=150 commit_frames=20[0m
[0m[INFO] [1788847489.560939080]: [sim_plan] built plan=1325 start=2151.50 horizon=15.00 frames=150 commit_frames=20[0m
[0m[INFO] [1788847489.600372681]: [sim_plan] built plan=1326 start=2153.50 horizon=15.00 frames=150 commit_frames=20[0m
[0m[INFO] [1788847489.638065987]: [sim_plan] built plan=1327 start=2155.50 horizon=15.00 frames=150 commit_frames=20[0m
[0m[INFO] [1788847489.676235363]: [sim_plan] built plan=1328 start=2157.50 horizon=15.00 frames=150 commit_frames=20[0m
[0m[INFO] [1788847489.719188141]: [sim_plan] built plan=1329 start=2159.50 horizon=15.00 frames=150 commit_frames=20[0m
[0m[INFO] [1788847489.719588983]: [batch] 21600/72000 ticks (sim_t=2160s) hard_guard=0[0m
[0m[INFO] [1788847489.763152651]: [sim_plan] built plan=1330 start=2161.50 horizon=15.00 frames=150 commit_frames=20[0m
[0m[INFO] [1788847489.806451690]: [sim_plan] built plan=1331 start=2163.50 horizon=15.00 frames=150 commit_frames=20[0m
[0m[INFO] [1788847489.848857159]: [sim_plan] built plan=1332 start=2165.50 horizon=15.00 frames=150 commit_frames=20[0m
[0m[INFO] [1788847489.892645810]: [sim_plan] built plan=1333 start=2167.50 horizon=15.00 frames=150 commit_frames=20[0m
[0m[INFO] [1788847489.935027902]: [sim_plan] built plan=1334 start=2168.10 horizon=15.00 frames=150 commit_frames=20[0m
[0m[INFO] [1788847489.994140910]: [sim_plan] built plan=1335 start=2170.10 horizon=15.00 frames=150 commit_frames=20[0m
[0m[INFO] [1788847490.064900939]: [sim_plan] built plan=1336 start=2172.10 horizon=15.00 frames=150 commit_frames=20[0m
[0m[INFO] [1788847490.066363028]: [multi_patrol][A1] V0 activate prepared dropoff: A1 -> B36 len=4.494 priority_until_s=0.758[0m
[0m[INFO] [1788847490.137371340]: [sim_plan] built plan=1337 start=2173.00 horizon=15.00 frames=150 commit_frames=20[0m
[0m[INFO] [1788847490.221133848]: [sim_plan] built plan=1338 start=2175.00 horizon=15.00 frames=150 commit_frames=20[0m
[0m[INFO] [1788847490.302673551]: [sim_plan] built plan=1339 start=2177.00 horizon=15.00 frames=150 commit_frames=20[0m
[0m[INFO] [1788847490.304089082]: [multi_patrol][A1 EXIT PRIORITY RELEASE] V0 s=0.771 threshold=0.758[0m
[0m[INFO] [1788847490.381801689]: [sim_plan] built plan=1340 start=2179.00 horizon=15.00 frames=150 commit_frames=20[0m
[0m[INFO] [1788847490.449875660]: [sim_plan] built plan=1341 start=2181.00 h[33m[WARN] [1788847490.699895065]: [SLOT_DEPARTURE] time=36min44.8s vehicle=V0 owner=V1 result=ALLOW reason=slot_departure_clear candidate_path_gen=55 slot_departure_clear_s=0.327 vehicle_mode=ACTIVE vehicle_speed=0.000 vehicle_path_s=0.000 blocker=none a1_prefix_conflict=0 ordinary_road_conflict=0 owner_phase=TO_A1 owner_path_gen=57 geometry=pending_preview protected_zones=0 actual_occupancy_priority=0[0m
[33m[WARN] [1788847490.700615342]: [multi_patrol][A1 EXIT PREPARED] V0 target=B9 pickup_dwell=5.00s exit_len=2.555 priority_until_s=0.756 horizon_refresh=IMMEDIATE[0m
[33m[WARN] [1788847490.944269964]: [multi_patrol][A1 EXIT HORIZON] V1 target=B31 dwell_part=4.90s departure_window=10.10s total_horizon=15.00s[0m
[33m[WARN] [1788847490.993929843]: [multi_patrol][A1 EXIT HORIZON] V1 target=B31 dwell_part=2.90s departure_window=12.10s total_horizon=15.00s[0m
[33m[WARN] [1788847491.056197410]: [multi_patrol][A1 EXIT HORIZON] V1 target=B31 dwell_part=0.90s departure_window=14.10s total_horizon=15.00s[0m
orizon=15.00 frames=150 commit_frames=20[0m
[0m[INFO] [1788847490.513655394]: [sim_plan] built plan=1342 start=2183.00 horizon=15.00 frames=150 commit_frames=20[0m
[0m[INFO] [1788847490.559472592]: [sim_plan] built plan=1343 start=2185.00 horizon=15.00 frames=150 commit_frames=20[0m
[0m[INFO] [1788847490.596649197]: [sim_plan] built plan=1344 start=2187.00 horizon=15.00 frames=150 commit_frames=20[0m
[0m[INFO] [1788847490.623785185]: [sim_plan] built plan=1345 start=2189.00 horizon=15.00 frames=150 commit_frames=20[0m
[0m[INFO] [1788847490.645309677]: [sim_plan] built plan=1346 start=2191.00 horizon=15.00 frames=150 commit_frames=20[0m
[0m[INFO] [1788847490.657413034]: [sim_plan] built plan=1347 start=2193.00 horizon=15.00 frames=150 commit_frames=20[0m
[0m[INFO] [1788847490.667879582]: [sim_plan] built plan=1348 start=2195.00 horizon=15.00 frames=150 commit_frames=20[0m
[0m[INFO] [1788847490.674748533]: [sim_plan] built plan=1349 start=2197.00 horizon=15.00 frames=150 commit_frames=20[0m
[0m[INFO] [1788847490.685365576]: [sim_plan] built plan=1350 start=2199.00 horizon=15.00 frames=150 commit_frames=20[0m
[0m[INFO] [1788847490.690508970]: [sim_plan] built plan=1351 start=2201.00 horizon=15.00 frames=150 commit_frames=20[0m
[0m[INFO] [1788847490.695008402]: [sim_plan] built plan=1352 start=2203.00 horizon=15.00 frames=150 commit_frames=20[0m
[0m[INFO] [1788847490.699844110]: [multi_patrol][A1] V0 pickup leg: B36 -> A1  wpts=298 len=3.149[0m
[0m[INFO] [1788847490.742649659]: [sim_plan] built plan=1353 start=2204.80 horizon=15.00 frames=150 commit_frames=20[0m
[0m[INFO] [1788847490.786410078]: [sim_plan] built plan=1354 start=2206.80 horizon=15.00 frames=150 commit_frames=20[0m
[0m[INFO] [1788847490.826534050]: [sim_plan] built plan=1355 start=2208.80 horizon=15.00 frames=150 commit_frames=20[0m
[0m[INFO] [1788847490.866398244]: [sim_plan] built plan=1356 start=2210.80 horizon=15.00 frames=150 commit_frames=20[0m
[0m[INFO] [1788847490.906621842]: [sim_plan] built plan=1357 start=2212.80 horizon=15.00 frames=150 commit_frames=20[0m
[0m[INFO] [1788847490.944230394]: [sim_plan] built plan=1358 start=2213.30 horizon=15.00 frames=150 commit_frames=20[0m
[0m[INFO] [1788847490.993867647]: [sim_plan] built plan=1359 start=2215.30 horizon=15.00 frames=150 commit_frames=20[0m
[0m[INFO] [1788847491.056147151]: [sim_plan] built plan=1360 start=2217.30 horizon=15.00 frames=150 commit_frames=20[0m
[0m[INFO] [1788847491.057494364]: [multi_patrol][A1] V1 activate prepared dropoff: A1 -> B31 len=6.891 priority_until_s=0.758[0m
[0m[INFO] [1788847491.123497304]: [sim_plan] built plan=1361 start=2218.20 horizon=15.00 frames=150 commit_frames=20[0m
[0m[INFO] [1788847491.205271129]: [sim_plan] built plan=1362 start=2220.20 horizon=15.00 frames=150 commit_frames=20[0m
[0m[INFO] [1788847491.280689568]: [sim_plan] built plan=1363 start=2222.20 horizon=15.00 frames=150 commit_frames=20[0m
[0m[INFO] [1788847491.282031494]: [multi_patrol][A1 EXIT PRIORITY RELEASE] V1 s=0.771 threshold=0.758[0m
[0m[INFO] [1788847491.349708241]: [sim_plan] built plan=1364 start=2224.20 horizon=15.00 frames=150 commit_frames=20[0m
[0m[INFO] [1788847491.415409515]: [sim_plan] built plan=1365 start=2226.20 horizon=15.00 frames=150 commit_frames=20[0m
[0m[INFO] [1788847491.468109725]: [sim_plan] built plan=1366 start=2228.20 horizon=15.00 frames=150 commit_frames=20[0m
[0m[INFO] [1788847491.509869330]: [sim_plan] built plan=1367 start=2230.20 horizon=15.00 frames=150 commit_frames=20[0m
[0m[INFO] [1788847491.543229622]: [sim_plan] built plan=1368 start=2232.20 horizon=15.00 frames=150 commit_frames=20[0m
[0m[INFO] [1788847491.572290454]: [sim_plan] built plan=1369 start=2234.20 horizon=15.00 frames=150 commit_frames=20[0m
[0m[INFO] [1788847491.596352510]: [sim_plan] built plan=1370 start=2236.20 horizon=15.00 frames=150 commit_frames=20[0m
[0m[INFO] [1788847491.619190370]: [sim_plan] built plan=1371 start=2238.20 horizon=15.00 frames=150 commit_frames=20[0m
[0m[INFO] [1788847491.641689473]: [sim_plan] buil[33m[WARN] [1788847491.739503297]: [multi_patrol][A1 EXIT HORIZON] V0 target=B9 dwell_part=4.90s departure_window=10.10s total_horizon=15.00s[0m
[33m[WARN] [1788847491.745183900]: [multi_patrol][A1 EXIT HORIZON] V0 target=B9 dwell_part=2.90s departure_window=12.10s total_horizon=15.00s[0m
[33m[WARN] [1788847491.751864332]: [multi_patrol][A1 EXIT HORIZON] V0 target=B9 dwell_part=0.90s departure_window=14.10s total_horizon=15.00s[0m
[33m[WARN] [1788847491.761847434]: [SLOT_DEPARTURE] time=37min43.6s vehicle=V1 owner=V0 result=ALLOW reason=slot_departure_clear candidate_path_gen=59 slot_departure_clear_s=0.327 vehicle_mode=ACTIVE vehicle_speed=0.000 vehicle_path_s=0.000 blocker=none a1_prefix_conflict=0 ordinary_road_conflict=0 owner_phase=TO_B owner_path_gen=56 geometry=actual_to_b protected_zones=0 actual_occupancy_priority=0[0m
[33m[WARN] [1788847491.762432682]: [multi_patrol][A1 EXIT PREPARED] V1 target=B8 pickup_dwell=5.00s exit_len=2.336 priority_until_s=0.756 horizon_refresh=IMMEDIATE[0m
[33m[WARN] [1788847491.877949402]: [SLOT_DEPARTURE] time=38min2.3s vehicle=V0 owner=V1 result=HOLD reason=a1_departure_prefix_conflict candidate_path_gen=57 slot_departure_clear_s=0.346 vehicle_mode=DWELL vehicle_speed=0.000 vehicle_path_s=2.555 blocker=V1 a1_prefix_conflict=1 ordinary_road_conflict=0 owner_phase=TO_A1 owner_path_gen=59 geometry=pending_preview protected_zones=1 actual_occupancy_priority=0[0m
[33m[WARN] [1788847492.172310984]: [multi_patrol][A1 EXIT HORIZON] V1 target=B8 dwell_part=4.90s departure_window=10.10s total_horizon=15.00s[0m
t plan=1372 start=2240.20 horizon=15.00 frames=150 commit_frames=20[0m
[0m[INFO] [1788847491.661841247]: [sim_plan] built plan=1373 start=2242.20 horizon=15.00 frames=150 commit_frames=20[0m
[0m[INFO] [1788847491.683395487]: [sim_plan] built plan=1374 start=2244.20 horizon=15.00 frames=150 commit_frames=20[0m
[0m[INFO] [1788847491.697164754]: [sim_plan] built plan=1375 start=2246.20 horizon=15.00 frames=150 commit_frames=20[0m
[0m[INFO] [1788847491.708640806]: [sim_plan] built plan=1376 start=2248.20 horizon=15.00 frames=150 commit_frames=20[0m
[0m[INFO] [1788847491.718526643]: [sim_plan] built plan=1377 start=2250.20 horizon=15.00 frames=150 commit_frames=20[0m
[0m[INFO] [1788847491.725813235]: [sim_plan] built plan=1378 start=2252.20 horizon=15.00 frames=150 commit_frames=20[0m
[0m[INFO] [1788847491.731181163]: [sim_plan] built plan=1379 start=2254.20 horizon=15.00 frames=150 commit_frames=20[0m
[0m[INFO] [1788847491.735320461]: [sim_plan] built plan=1380 start=2256.20 horizon=15.00 frames=150 commit_frames=20[0m
[0m[INFO] [1788847491.739452038]: [sim_plan] built plan=1381 start=2257.20 horizon=15.00 frames=150 commit_frames=20[0m
[0m[INFO] [1788847491.745122732]: [sim_plan] built plan=1382 start=2259.20 horizon=15.00 frames=150 commit_frames=20[0m
[0m[INFO] [1788847491.751816185]: [sim_plan] built plan=1383 start=2261.20 horizon=15.00 frames=150 commit_frames=20[0m
[0m[INFO] [1788847491.753878391]: [multi_patrol][A1] V0 activate prepared dropoff: A1 -> B9 len=2.555 priority_until_s=0.756[0m
[0m[INFO] [1788847491.757708927]: [sim_plan] built plan=1384 start=2262.10 horizon=15.00 frames=150 commit_frames=20[0m
[0m[INFO] [1788847491.761798449]: [multi_patrol][A1] V1 pickup leg: B31 -> A1  wpts=447 len=5.225[0m
[0m[INFO] [1788847491.778620791]: [sim_plan] built plan=1385 start=2263.60 horizon=15.00 frames=150 commit_frames=20[0m
[0m[INFO] [1788847491.797040118]: [sim_plan] built plan=1386 start=2265.60 horizon=15.00 frames=150 commit_frames=20[0m
[0m[INFO] [1788847491.798778222]: [multi_patrol][A1 EXIT PRIORITY RELEASE] V0 s=0.768 threshold=0.756[0m
[0m[INFO] [1788847491.819054205]: [sim_plan] built plan=1387 start=2267.60 horizon=15.00 frames=150 commit_frames=20[0m
[0m[INFO] [1788847491.832596895]: [sim_plan] built plan=1388 start=2269.60 horizon=15.00 frames=150 commit_frames=20[0m
[0m[INFO] [1788847491.843761289]: [sim_plan] built plan=1389 start=2271.60 horizon=15.00 frames=150 commit_frames=20[0m
[0m[INFO] [1788847491.852254818]: [sim_plan] built plan=1390 start=2273.60 horizon=15.00 frames=150 commit_frames=20[0m
[0m[INFO] [1788847491.858960254]: [sim_plan] built plan=1391 start=2275.60 horizon=15.00 frames=150 commit_frames=20[0m
[0m[INFO] [1788847491.863532708]: [sim_plan] built plan=1392 start=2277.60 horizon=15.00 frames=150 commit_frames=20[0m
[0m[INFO] [1788847491.867994817]: [sim_plan] built plan=1393 start=2279.60 horizon=15.00 frames=150 commit_frames=20[0m
[0m[INFO] [1788847491.875186345]: [sim_plan] built plan=1394 start=2281.60 horizon=15.00 frames=150 commit_frames=20[0m
[0m[INFO] [1788847491.907922771]: [sim_plan] built plan=1395 start=2283.60 horizon=15.00 frames=150 commit_frames=20[0m
[0m[INFO] [1788847491.954050124]: [sim_plan] built plan=1396 start=2285.60 horizon=15.00 frames=150 commit_frames=20[0m
[0m[INFO] [1788847491.999567700]: [sim_plan] built plan=1397 start=2287.60 horizon=15.00 frames=150 commit_frames=20[0m
[0m[INFO] [1788847492.042714223]: [sim_plan] built plan=1398 start=2289.60 horizon=15.00 frames=150 commit_frames=20[0m
[0m[INFO] [1788847492.083621490]: [sim_plan] built plan=1399 start=2291.60 horizon=15.00 frames=150 commit_frames=20[0m
[0m[INFO] [1788847492.123769050]: [sim_plan] built plan=1400 start=2293.60 horizon=15.00 frames=150 commit_frames=20[0m
[0m[INFO] [1788847492.163225551]: [sim_plan] built plan=1401 start=2295.60 horizon=15.00 frames=150 commit_frames=20[0m
[0m[INFO] [1788847492.172253718]: [sim_plan] built plan=1402 start=2295.90 horizon=15.00 frames=150 commit_frames=20[0m
[0m[INFO] [1788847492.2[33m[WARN] [1788847492.214057571]: [multi_patrol][A1 EXIT HORIZON] V1 target=B8 dwell_part=2.90s departure_window=12.10s total_horizon=15.00s[0m
[33m[WARN] [1788847492.232385132]: [SOURCE=REAL] [plan=1403] [frame=10] [rollout_step=-1] [multi_patrol][A1 EXIT INTRUSION ENTER] owner=V1 target=B8 blocker=V0 dwell_remaining=1.90s visible_exit_t=15.00s owner_exit_s=2.115 blocker_phase=5 blocker_s=2.555 action=DIAG_ONLY[0m
[33m[WARN] [1788847492.255503019]: [multi_patrol][A1 EXIT HORIZON] V1 target=B8 dwell_part=0.90s departure_window=14.10s total_horizon=15.00s[0m
[33m[WARN] [1788847492.387155677]: [SOURCE=REAL] [plan=1407] [frame=14] [rollout_step=-1] [multi_patrol][A1 EXIT INTRUSION CLEAR] owner=V1 blocker=V0[0m
[33m[WARN] [1788847492.388162149]: [SLOT_DEPARTURE] time=38min26.3s vehicle=V0 owner=V1 result=ALLOW reason=slot_departure_clear_after_retry candidate_path_gen=57 slot_departure_clear_s=0.346 vehicle_mode=ACTIVE vehicle_speed=0.000 vehicle_path_s=0.000 blocker=none a1_prefix_conflict=0 ordinary_road_conflict=0 owner_phase=TO_B owner_path_gen=60 geometry=actual_to_b protected_zones=0 actual_occupancy_priority=0[0m
[33m[WARN] [1788847492.388820414]: [multi_patrol][A1 EXIT PREPARED] V0 target=B0 pickup_dwell=5.00s exit_len=2.555 priority_until_s=0.756 horizon_refresh=IMMEDIATE[0m
[33m[WARN] [1788847492.506170169]: [SLOT_DEPARTURE] time=38min39.9s vehicle=V1 owner=V0 result=ALLOW reason=slot_departure_clear candidate_path_gen=61 slot_departure_clear_s=0.346 vehicle_mode=ACTIVE vehicle_speed=0.000 vehicle_path_s=0.000 blocker=none a1_prefix_conflict=0 ordinary_road_conflict=0 owner_phase=TO_A1 owner_path_gen=57 geometry=pending_preview protected_zones=0 actual_occupancy_priority=0[0m
[33m[WARN] [1788847492.506894177]: [multi_patrol][A1 EXIT PREPARED] V1 target=B4 pickup_dwell=5.00s exit_len=1.681 priority_until_s=0.758 horizon_refresh=IMMEDIATE[0m
[33m[WARN] [1788847492.840821714]: [multi_patrol][A1 EXIT HORIZON] V0 target=B0 dwell_part=4.90s departure_window=10.10s total_horizon=15.00s[0m
[33m[WARN] [1788847492.888230776]: [multi_patrol][A1 EXIT HORIZON] V0 target=B0 dwell_part=2.90s departure_window=12.10s total_horizon=15.00s[0m
[33m[WARN] [1788847492.940957756]: [multi_patrol][A1 EXIT HORIZON] V0 target=B0 dwell_part=0.90s departure_window=14.10s total_horizon=15.00s[0m
13563687]: [sim_plan] built plan=1403 start=2297.90 horizon=15.00 frames=150 commit_frames=20[0m
[0m[INFO] [1788847492.255456395]: [sim_plan] built plan=1404 start=2299.90 horizon=15.00 frames=150 commit_frames=20[0m
[0m[INFO] [1788847492.271403963]: [multi_patrol][A1] V1 activate prepared dropoff: A1 -> B8 len=2.336 priority_until_s=0.756[0m
[0m[INFO] [1788847492.275377440]: [sim_plan] built plan=1405 start=2300.80 horizon=15.00 frames=150 commit_frames=20[0m
[0m[INFO] [1788847492.315916267]: [sim_plan] built plan=1406 start=2302.80 horizon=15.00 frames=150 commit_frames=20[0m
[0m[INFO] [1788847492.359752140]: [sim_plan] built plan=1407 start=2304.80 horizon=15.00 frames=150 commit_frames=20[0m
[0m[INFO] [1788847492.387100753]: [multi_patrol][A1 EXIT PRIORITY RELEASE] V1 s=0.768 threshold=0.756[0m
[0m[INFO] [1788847492.388109938]: [multi_patrol][A1] V0 pickup leg: B9 -> A1  wpts=298 len=3.034[0m
[0m[INFO] [1788847492.430628374]: [sim_plan] built plan=1408 start=2306.30 horizon=15.00 frames=150 commit_frames=20[0m
[0m[INFO] [1788847492.462119854]: [sim_plan] built plan=1409 start=2308.30 horizon=15.00 frames=150 commit_frames=20[0m
[0m[INFO] [1788847492.479488697]: [sim_plan] built plan=1410 start=2310.30 horizon=15.00 frames=150 commit_frames=20[0m
[0m[INFO] [1788847492.489381103]: [sim_plan] built plan=1411 start=2312.30 horizon=15.00 frames=150 commit_frames=20[0m
[0m[INFO] [1788847492.494114711]: [sim_plan] built plan=1412 start=2314.30 horizon=15.00 frames=150 commit_frames=20[0m
[0m[INFO] [1788847492.499758524]: [sim_plan] built plan=1413 start=2316.30 horizon=15.00 frames=150 commit_frames=20[0m
[0m[INFO] [1788847492.503945063]: [sim_plan] built plan=1414 start=2318.30 horizon=15.00 frames=150 commit_frames=20[0m
[0m[INFO] [1788847492.506122061]: [multi_patrol][A1] V1 pickup leg: B8 -> A1  wpts=276 len=2.815[0m
[0m[INFO] [1788847492.556213838]: [sim_plan] built plan=1415 start=2319.90 horizon=15.00 frames=150 commit_frames=20[0m
[0m[INFO] [1788847492.605151549]: [sim_plan] built plan=1416 start=2321.90 horizon=15.00 frames=150 commit_frames=20[0m
[0m[INFO] [1788847492.650664572]: [sim_plan] built plan=1417 start=2323.90 horizon=15.00 frames=150 commit_frames=20[0m
[0m[INFO] [1788847492.699572697]: [sim_plan] built plan=1418 start=2325.90 horizon=15.00 frames=150 commit_frames=20[0m
[0m[INFO] [1788847492.751584502]: [sim_plan] built plan=1419 start=2327.90 horizon=15.00 frames=150 commit_frames=20[0m
[0m[INFO] [1788847492.798298923]: [sim_plan] built plan=1420 start=2329.90 horizon=15.00 frames=150 commit_frames=20[0m
[0m[INFO] [1788847492.840771797]: [sim_plan] built plan=1421 start=2330.90 horizon=15.00 frames=150 commit_frames=20[0m
[0m[INFO] [1788847492.888188921]: [sim_plan] built plan=1422 start=2332.90 horizon=15.00 frames=150 commit_frames=20[0m
[0m[INFO] [1788847492.940900528]: [sim_plan] built plan=1423 start=2334.90 horizon=15.00 frames=150 commit_frames=20[0m
[0m[INFO] [1788847492.942532310]: [multi_patrol][A1] V0 activate prepared dropoff: A1 -> B0 len=2.555 priority_until_s=0.756[0m
[0m[INFO] [1788847492.996677183]: [sim_plan] built plan=1424 start=2335.80 horizon=15.00 frames=150 commit_frames=20[0m
[0m[INFO] [1788847493.041456394]: [sim_plan] built plan=1425 start=2337.80 horizon=15.00 frames=150 commit_frames=20[0m
[0m[INFO] [1788847493.073376910]: [sim_plan] built plan=1426 start=2339.80 horizon=15.00 frames=150 commit_frames=20[0m
[0m[INFO] [1788847493.074613898]: [multi_patrol][A1 EXIT PRIORITY RELEASE] V0 s=0.768 threshold=0.756[0m
[0m[INFO] [1788847493.097738210]: [sim_plan] built plan=1427 start=2341.80 horizon=15.00 frames=150 commit_frames=20[0m
[0m[INFO] [1788847493.118843995]: [sim_plan] built plan=1428 start=2343.80 horizon=15.00 frames=150 commit_frames=20[0m
[0m[INFO] [1788847493.129353442]: [sim_plan] built plan=1429 start=2345.80 horizon=15.00 frames=150 commit_frames=20[0m
[0m[INFO] [1788847493.135458894]: [sim_plan] built plan=1430 start=2347.80 horizon=15.00 frames=150 commit_frames=20[0m
[0m[INFO] [1788847493.141[33m[WARN] [1788847493.154404968]: [SLOT_DEPARTURE] time=39min16.0s vehicle=V0 owner=V1 result=ALLOW reason=slot_departure_clear candidate_path_gen=59 slot_departure_clear_s=0.346 vehicle_mode=ACTIVE vehicle_speed=0.000 vehicle_path_s=0.000 blocker=none a1_prefix_conflict=0 ordinary_road_conflict=0 owner_phase=TO_A1 owner_path_gen=61 geometry=pending_preview protected_zones=0 actual_occupancy_priority=0[0m
[33m[WARN] [1788847493.155030157]: [multi_patrol][A1 EXIT PREPARED] V0 target=B26 pickup_dwell=5.00s exit_len=3.655 priority_until_s=0.758 horizon_refresh=IMMEDIATE[0m
[33m[WARN] [1788847493.315663105]: [multi_patrol][A1 EXIT HORIZON] V1 target=B4 dwell_part=4.90s departure_window=10.10s total_horizon=15.00s[0m
[33m[WARN] [1788847493.368805053]: [multi_patrol][A1 EXIT HORIZON] V1 target=B4 dwell_part=2.90s departure_window=12.10s total_horizon=15.00s[0m
[33m[WARN] [1788847493.422401251]: [multi_patrol][A1 EXIT HORIZON] V1 target=B4 dwell_part=0.90s departure_window=14.10s total_horizon=15.00s[0m
[33m[WARN] [1788847493.596285220]: [SLOT_DEPARTURE] time=39min40.3s vehicle=V1 owner=V0 result=HOLD reason=a1_departure_prefix_conflict candidate_path_gen=63 slot_departure_clear_s=0.346 vehicle_mode=DWELL vehicle_speed=0.000 vehicle_path_s=1.681 blocker=V0 a1_prefix_conflict=1 ordinary_road_conflict=0 owner_phase=TO_A1 owner_path_gen=59 geometry=pending_preview protected_zones=1 actual_occupancy_priority=0[0m
[33m[WARN] [1788847493.633193572]: [SLOT_DEPARTURE] time=39min42.3s vehicle=V1 owner=V0 result=HOLD reason=ordinary_immediate_conflict candidate_path_gen=63 slot_departure_clear_s=0.346 vehicle_mode=DWELL vehicle_speed=0.000 vehicle_path_s=1.681 blocker=V0 a1_prefix_conflict=1 ordinary_road_conflict=1 first_t=2.300 candidate_s=0.316 interaction=OPPOSING owner_phase=TO_A1 owner_path_gen=59 geometry=pending_preview protected_zones=1 actual_occupancy_priority=0[0m
[33m[WARN] [1788847493.645652972]: [SLOT_DEPARTURE] time=39min42.9s vehicle=V1 owner=V0 result=HOLD reason=a1_departure_prefix_conflict candidate_path_gen=63 slot_departure_clear_s=0.346 vehicle_mode=DWELL vehicle_speed=0.000 vehicle_path_s=1.681 blocker=V0 a1_prefix_conflict=1 ordinary_road_conflict=0 owner_phase=TO_A1 owner_path_gen=59 geometry=pending_preview protected_zones=1 actual_occupancy_priority=0[0m
[33m[WARN] [1788847493.708450918]: [multi_patrol][A1 EXIT HORIZON] V0 target=B26 dwell_part=4.90s departure_window=10.10s total_horizon=15.00s[0m
[33m[WARN] [1788847493.741911888]: [multi_patrol][A1 EXIT HORIZON] V0 target=B26 dwell_part=2.90s departure_window=12.10s total_horizon=15.00s[0m
[33m[WARN] [1788847493.778138401]: [multi_patrol][A1 EXIT HORIZON] V0 target=B26 dwell_part=0.90s departure_window=14.10s total_horizon=15.00s[0m
[33m[WARN] [1788847493.816322474]: [SLOT_DEPARTURE] time=39min52.2s vehicle=V1 owner=V0 result=HOLD reason=ordinary_immediate_conflict candidate_path_gen=63 slot_departure_clear_s=0.346 vehicle_mode=DWELL vehicle_speed=0.000 vehicle_path_s=1.681 blocker=V0 a1_prefix_conflict=1 ordinary_road_conflict=1 first_t=2.450 candidate_s=0.338 interaction=SAME_DIRECTION owner_phase=TO_B owner_path_gen=60 geometry=actual_to_b protected_zones=1 actual_occupancy_priority=0[0m
[33m[WARN] [1788847493.850328670]: [SLOT_DEPARTURE] time=39min53.8s vehicle=V1 owner=V0 result=HOLD reason=a1_departure_prefix_conflict candidate_path_gen=63 slot_departure_clear_s=0.346 vehicle_mode=DWELL vehicle_speed=0.000 vehicle_path_s=1.681 blocker=V0 a1_prefix_conflict=1 ordinary_road_conflict=0 owner_phase=TO_B owner_path_gen=60 geometry=actual_to_b protected_zones=1 actual_occupancy_priority=0[0m
[33m[WARN] [1788847493.909479476]: [SLOT_DEPARTURE] time=39min56.8s vehicle=V1 owner=V0 result=ALLOW reason=slot_departure_clear_after_retry candidate_path_gen=63 slot_departure_clear_s=0.346 vehicle_mode=ACTIVE vehicle_speed=0.000 vehicle_path_s=0.000 blocker=none a1_prefix_conflict=0 ordinary_road_conflict=0 owner_phase=TO_B owner_path_gen=60 geometry=actual_to_b protected_zones=0 actual_occupancy_priority=0[0m
[33m[WARN] [1788847493.909961952]: [multi_patrol][A1 EXIT PREPARED] V1 target=B35 pickup_dwell=5.00s exit_len=7.330 priority_until_s=0.758 horizon_refresh=IMMEDIATE[0m
888779]: [sim_plan] built plan=1431 start=2349.80 horizon=15.00 frames=150 commit_frames=20[0m
[0m[INFO] [1788847493.146002335]: [sim_plan] built plan=1432 start=2351.80 horizon=15.00 frames=150 commit_frames=20[0m
[0m[INFO] [1788847493.148938673]: [sim_plan] built plan=1433 start=2353.80 horizon=15.00 frames=150 commit_frames=20[0m
[0m[INFO] [1788847493.152169693]: [sim_plan] built plan=1434 start=2355.80 horizon=15.00 frames=150 commit_frames=20[0m
[0m[INFO] [1788847493.154324228]: [multi_patrol][A1] V0 pickup leg: B0 -> A1  wpts=298 len=3.034[0m
[0m[INFO] [1788847493.202295498]: [sim_plan] built plan=1435 start=2356.00 horizon=15.00 frames=150 commit_frames=20[0m
[0m[INFO] [1788847493.259581581]: [sim_plan] built plan=1436 start=2358.00 horizon=15.00 frames=150 commit_frames=20[0m
[0m[INFO] [1788847493.315613949]: [sim_plan] built plan=1437 start=2359.60 horizon=15.00 frames=150 commit_frames=20[0m
[0m[INFO] [1788847493.368757411]: [sim_plan] built plan=1438 start=2361.60 horizon=15.00 frames=150 commit_frames=20[0m
[0m[INFO] [1788847493.422298618]: [sim_plan] built plan=1439 start=2363.60 horizon=15.00 frames=150 commit_frames=20[0m
[0m[INFO] [1788847493.424313675]: [multi_patrol][A1] V1 activate prepared dropoff: A1 -> B4 len=1.681 priority_until_s=0.758[0m
[0m[INFO] [1788847493.474980902]: [sim_plan] built plan=1440 start=2364.50 horizon=15.00 frames=150 commit_frames=20[0m
[0m[INFO] [1788847493.519513439]: [sim_plan] built plan=1441 start=2366.50 horizon=15.00 frames=150 commit_frames=20[0m
[0m[INFO] [1788847493.550694770]: [sim_plan] built plan=1442 start=2368.50 horizon=15.00 frames=150 commit_frames=20[0m
[0m[INFO] [1788847493.551650384]: [multi_patrol][A1 EXIT PRIORITY RELEASE] V1 s=0.771 threshold=0.758[0m
[0m[INFO] [1788847493.570127010]: [sim_plan] built plan=1443 start=2370.50 horizon=15.00 frames=150 commit_frames=20[0m
[0m[INFO] [1788847493.580513255]: [sim_plan] built plan=1444 start=2372.50 horizon=15.00 frames=150 commit_frames=20[0m
[0m[INFO] [1788847493.585321577]: [sim_plan] built plan=1445 start=2374.50 horizon=15.00 frames=150 commit_frames=20[0m
[0m[INFO] [1788847493.590679405]: [sim_plan] built plan=1446 start=2376.50 horizon=15.00 frames=150 commit_frames=20[0m
[0m[INFO] [1788847493.594195844]: [sim_plan] built plan=1447 start=2378.50 horizon=15.00 frames=150 commit_frames=20[0m
[0m[INFO] [1788847493.603196139]: [sim_plan] built plan=1448 start=2380.50 horizon=15.00 frames=150 commit_frames=20[0m
[0m[INFO] [1788847493.639197751]: [sim_plan] built plan=1449 start=2382.50 horizon=15.00 frames=150 commit_frames=20[0m
[0m[INFO] [1788847493.675050773]: [sim_plan] built plan=1450 start=2384.50 horizon=15.00 frames=150 commit_frames=20[0m
[0m[INFO] [1788847493.708395585]: [sim_plan] built plan=1451 start=2386.40 horizon=15.00 frames=150 commit_frames=20[0m
[0m[INFO] [1788847493.741839668]: [sim_plan] built plan=1452 start=2388.40 horizon=15.00 frames=150 commit_frames=20[0m
[0m[INFO] [1788847493.778078289]: [sim_plan] built plan=1453 start=2390.40 horizon=15.00 frames=150 commit_frames=20[0m
[0m[INFO] [1788847493.794102969]: [multi_patrol][A1] V0 activate prepared dropoff: A1 -> B26 len=3.655 priority_until_s=0.758[0m
[0m[INFO] [1788847493.800524648]: [sim_plan] built plan=1454 start=2391.30 horizon=15.00 frames=150 commit_frames=20[0m
[0m[INFO] [1788847493.841119454]: [sim_plan] built plan=1455 start=2393.30 horizon=15.00 frames=150 commit_frames=20[0m
[0m[INFO] [1788847493.882426655]: [sim_plan] built plan=1456 start=2395.30 horizon=15.00 frames=150 commit_frames=20[0m
[0m[INFO] [1788847493.909084804]: [multi_patrol][A1 EXIT PRIORITY RELEASE] V0 s=0.771 threshold=0.758[0m
[0m[INFO] [1788847493.909438031]: [multi_patrol][A1] V1 pickup leg: B4 -> A1  wpts=162 len=1.680[0m
[0m[INFO] [1788847493.937284548]: [sim_plan] built plan=1457 start=2396.80 horizon=15.00 frames=150 commit_frames=20[0m
[0m[INFO] [1788847493.958123499]: [sim_plan] built plan=1458 start=2398.80 horizon=15.00 frames=150 commit_frames=20[0m
[0m[INFO] [1788847493.9766[33m[WARN] [1788847494.026333051]: [multi_patrol][A1 EXIT HORIZON] V1 target=B35 dwell_part=4.90s departure_window=10.10s total_horizon=15.00s[0m
[33m[WARN] [1788847494.033046723]: [multi_patrol][A1 EXIT HORIZON] V1 target=B35 dwell_part=2.90s departure_window=12.10s total_horizon=15.00s[0m
[33m[WARN] [1788847494.040286611]: [multi_patrol][A1 EXIT HORIZON] V1 target=B35 dwell_part=0.90s departure_window=14.10s total_horizon=15.00s[0m
[33m[WARN] [1788847494.064401938]: [SLOT_DEPARTURE] time=40min18.8s vehicle=V0 owner=V1 result=ALLOW reason=slot_departure_clear candidate_path_gen=61 slot_departure_clear_s=0.327 vehicle_mode=ACTIVE vehicle_speed=0.000 vehicle_path_s=0.000 blocker=none a1_prefix_conflict=0 ordinary_road_conflict=0 owner_phase=TO_B owner_path_gen=64 geometry=actual_to_b protected_zones=0 actual_occupancy_priority=0[0m
[33m[WARN] [1788847494.064987952]: [multi_patrol][A1 EXIT PREPARED] V0 target=B65 pickup_dwell=5.00s exit_len=6.956 priority_until_s=0.758 horizon_refresh=IMMEDIATE[0m
[33m[WARN] [1788847494.304723694]: [multi_patrol][A1 EXIT HORIZON] V0 target=B65 dwell_part=4.90s departure_window=10.10s total_horizon=15.00s[0m
[33m[WARN] [1788847494.321577856]: [multi_patrol][A1 EXIT HORIZON] V0 target=B65 dwell_part=2.90s departure_window=12.10s total_horizon=15.00s[0m
[33m[WARN] [1788847494.340421606]: [multi_patrol][A1 EXIT HORIZON] V0 target=B65 dwell_part=0.90s departure_window=14.10s total_horizon=15.00s[0m
10745]: [sim_plan] built plan=1459 start=2400.80 horizon=15.00 frames=150 commit_frames=20[0m
[0m[INFO] [1788847493.997749641]: [sim_plan] built plan=1460 start=2402.80 horizon=15.00 frames=150 commit_frames=20[0m
[0m[INFO] [1788847494.007744670]: [sim_plan] built plan=1461 start=2404.80 horizon=15.00 frames=150 commit_frames=20[0m
[0m[INFO] [1788847494.015238079]: [sim_plan] built plan=1462 start=2406.80 horizon=15.00 frames=150 commit_frames=20[0m
[0m[INFO] [1788847494.021237464]: [sim_plan] built plan=1463 start=2408.80 horizon=15.00 frames=150 commit_frames=20[0m
[0m[INFO] [1788847494.026274890]: [sim_plan] built plan=1464 start=2409.90 horizon=15.00 frames=150 commit_frames=20[0m
[0m[INFO] [1788847494.032996137]: [sim_plan] built plan=1465 start=2411.90 horizon=15.00 frames=150 commit_frames=20[0m
[0m[INFO] [1788847494.040231506]: [sim_plan] built plan=1466 start=2413.90 horizon=15.00 frames=150 commit_frames=20[0m
[0m[INFO] [1788847494.042486544]: [multi_patrol][A1] V1 activate prepared dropoff: A1 -> B35 len=7.330 priority_until_s=0.758[0m
[0m[INFO] [1788847494.048728353]: [sim_plan] built plan=1467 start=2414.80 horizon=15.00 frames=150 commit_frames=20[0m
[0m[INFO] [1788847494.056305075]: [sim_plan] built plan=1468 start=2416.80 horizon=15.00 frames=150 commit_frames=20[0m
[0m[INFO] [1788847494.064332096]: [multi_patrol][A1] V0 pickup leg: B26 -> A1  wpts=298 len=3.694[0m
[0m[INFO] [1788847494.091010981]: [sim_plan] built plan=1469 start=2418.80 horizon=15.00 frames=150 commit_frames=20[0m
[0m[INFO] [1788847494.098434429]: [multi_patrol][A1 EXIT PRIORITY RELEASE] V1 s=0.771 threshold=0.758[0m
[0m[INFO] [1788847494.124786262]: [sim_plan] built plan=1470 start=2420.80 horizon=15.00 frames=150 commit_frames=20[0m
[0m[INFO] [1788847494.152433062]: [sim_plan] built plan=1471 start=2422.80 horizon=15.00 frames=150 commit_frames=20[0m
[0m[INFO] [1788847494.177210756]: [sim_plan] built plan=1472 start=2424.80 horizon=15.00 frames=150 commit_frames=20[0m
[0m[INFO] [1788847494.198454522]: [sim_plan] built plan=1473 start=2426.80 horizon=15.00 frames=150 commit_frames=20[0m
[0m[INFO] [1788847494.216732265]: [sim_plan] built plan=1474 start=2428.80 horizon=15.00 frames=150 commit_frames=20[0m
[0m[INFO] [1788847494.232319243]: [sim_plan] built plan=1475 start=2430.80 horizon=15.00 frames=150 commit_frames=20[0m
[0m[INFO] [1788847494.247456806]: [sim_plan] built plan=1476 start=2432.80 horizon=15.00 frames=150 commit_frames=20[0m
[0m[INFO] [1788847494.260063080]: [sim_plan] built plan=1477 start=2434.80 horizon=15.00 frames=150 commit_frames=20[0m
[0m[INFO] [1788847494.271370453]: [sim_plan] built plan=1478 start=2436.80 horizon=15.00 frames=150 commit_frames=20[0m
[0m[INFO] [1788847494.282265233]: [sim_plan] built plan=1479 start=2438.80 horizon=15.00 frames=150 commit_frames=20[0m
[0m[INFO] [1788847494.293473500]: [sim_plan] built plan=1480 start=2440.80 horizon=15.00 frames=150 commit_frames=20[0m
[0m[INFO] [1788847494.304656034]: [sim_plan] built plan=1481 start=2441.60 horizon=15.00 frames=150 commit_frames=20[0m
[0m[INFO] [1788847494.321489441]: [sim_plan] built plan=1482 start=2443.60 horizon=15.00 frames=150 commit_frames=20[0m
[0m[INFO] [1788847494.340365391]: [sim_plan] built plan=1483 start=2445.60 horizon=15.00 frames=150 commit_frames=20[0m
[0m[INFO] [1788847494.341816156]: [multi_patrol][A1] V0 activate prepared dropoff: A1 -> B65 len=6.956 priority_until_s=0.758[0m
[0m[INFO] [1788847494.356515740]: [sim_plan] built plan=1484 start=2446.50 horizon=15.00 frames=150 commit_frames=20[0m
[0m[INFO] [1788847494.389369116]: [sim_plan] built plan=1485 start=2448.50 horizon=15.00 frames=150 commit_frames=20[0m
[0m[INFO] [1788847494.402829142]: [sim_plan] built plan=1486 start=2450.50 horizon=15.00 frames=150 commit_frames=20[0m
[0m[INFO] [1788847494.404159265]: [multi_patrol][A1 EXIT PRIORITY RELEASE] V0 s=0.771 threshold=0.758[0m
[0m[INFO] [1788847494.414203550]: [sim_plan] built plan=1487 start=2452.50 horizon=15.00 frames=150 commit_frames=20[0m
[0m[I[33m[WARN] [1788847494.438762231]: [SLOT_DEPARTURE] time=41min2.4s vehicle=V1 owner=none result=ALLOW reason=no_service_owner candidate_path_gen=65 slot_departure_clear_s=0.327 vehicle_mode=ACTIVE vehicle_speed=0.000 vehicle_path_s=0.000 blocker=none a1_prefix_conflict=0 ordinary_road_conflict=0[0m
[33m[WARN] [1788847494.439327227]: [multi_patrol][A1 EXIT PREPARED] V1 target=B7 pickup_dwell=5.00s exit_len=2.116 priority_until_s=0.756 horizon_refresh=IMMEDIATE[0m
[33m[WARN] [1788847494.655497504]: [SLOT_DEPARTURE] time=41min32.3s vehicle=V0 owner=V1 result=ALLOW reason=slot_departure_clear candidate_path_gen=63 slot_departure_clear_s=0.346 vehicle_mode=ACTIVE vehicle_speed=0.000 vehicle_path_s=0.000 blocker=none a1_prefix_conflict=0 ordinary_road_conflict=0 owner_phase=TO_A1 owner_path_gen=65 geometry=pending_preview protected_zones=0 actual_occupancy_priority=0[0m
[33m[WARN] [1788847494.656120737]: [multi_patrol][A1 EXIT PREPARED] V0 target=B36 pickup_dwell=5.00s exit_len=4.494 priority_until_s=0.758 horizon_refresh=IMMEDIATE[0m
[33m[WARN] [1788847494.761221866]: [multi_patrol][A1 EXIT HORIZON] V1 target=B7 dwell_part=4.90s departure_window=10.10s total_horizon=15.00s[0m
[33m[WARN] [1788847494.774677485]: [multi_patrol][A1 EXIT HORIZON] V1 target=B7 dwell_part=2.90s departure_window=12.10s total_horizon=15.00s[0m
[33m[WARN] [1788847494.791452873]: [multi_patrol][A1 EXIT HORIZON] V1 target=B7 dwell_part=0.90s departure_window=14.10s total_horizon=15.00s[0m
NFO] [1788847494.422709978]: [sim_plan] built plan=1488 start=2454.50 horizon=15.00 frames=150 commit_frames=20[0m
[0m[INFO] [1788847494.428982310]: [sim_plan] built plan=1489 start=2456.50 horizon=15.00 frames=150 commit_frames=20[0m
[0m[INFO] [1788847494.433305254]: [sim_plan] built plan=1490 start=2458.50 horizon=15.00 frames=150 commit_frames=20[0m
[0m[INFO] [1788847494.437929389]: [sim_plan] built plan=1491 start=2460.50 horizon=15.00 frames=150 commit_frames=20[0m
[0m[INFO] [1788847494.438718110]: [multi_patrol][A1] V1 pickup leg: B35 -> A1  wpts=491 len=5.663[0m
[0m[INFO] [1788847494.471906305]: [sim_plan] built plan=1492 start=2462.40 horizon=15.00 frames=150 commit_frames=20[0m
[0m[INFO] [1788847494.497180108]: [sim_plan] built plan=1493 start=2464.40 horizon=15.00 frames=150 commit_frames=20[0m
[0m[INFO] [1788847494.514455111]: [sim_plan] built plan=1494 start=2466.40 horizon=15.00 frames=150 commit_frames=20[0m
[0m[INFO] [1788847494.529624873]: [sim_plan] built plan=1495 start=2468.40 horizon=15.00 frames=150 commit_frames=20[0m
[0m[INFO] [1788847494.545730524]: [sim_plan] built plan=1496 start=2470.40 horizon=15.00 frames=150 commit_frames=20[0m
[0m[INFO] [1788847494.567788973]: [sim_plan] built plan=1497 start=2472.40 horizon=15.00 frames=150 commit_frames=20[0m
[0m[INFO] [1788847494.582763960]: [sim_plan] built plan=1498 start=2474.40 horizon=15.00 frames=150 commit_frames=20[0m
[0m[INFO] [1788847494.596724261]: [sim_plan] built plan=1499 start=2476.40 horizon=15.00 frames=150 commit_frames=20[0m
[0m[INFO] [1788847494.609287522]: [sim_plan] built plan=1500 start=2478.40 horizon=15.00 frames=150 commit_frames=20[0m
[0m[INFO] [1788847494.619519210]: [sim_plan] built plan=1501 start=2480.40 horizon=15.00 frames=150 commit_frames=20[0m
[0m[INFO] [1788847494.628731049]: [sim_plan] built plan=1502 start=2482.40 horizon=15.00 frames=150 commit_frames=20[0m
[0m[INFO] [1788847494.635467774]: [sim_plan] built plan=1503 start=2484.40 horizon=15.00 frames=150 commit_frames=20[0m
[0m[INFO] [1788847494.640287210]: [sim_plan] built plan=1504 start=2486.40 horizon=15.00 frames=150 commit_frames=20[0m
[0m[INFO] [1788847494.644663047]: [sim_plan] built plan=1505 start=2488.40 horizon=15.00 frames=150 commit_frames=20[0m
[0m[INFO] [1788847494.652167168]: [sim_plan] built plan=1506 start=2490.40 horizon=15.00 frames=150 commit_frames=20[0m
[0m[INFO] [1788847494.655426612]: [multi_patrol][A1] V0 pickup leg: B65 -> A1  wpts=567 len=6.684[0m
[0m[INFO] [1788847494.676653689]: [sim_plan] built plan=1507 start=2492.30 horizon=15.00 frames=150 commit_frames=20[0m
[0m[INFO] [1788847494.700100654]: [sim_plan] built plan=1508 start=2494.30 horizon=15.00 frames=150 commit_frames=20[0m
[0m[INFO] [1788847494.713255821]: [sim_plan] built plan=1509 start=2496.30 horizon=15.00 frames=150 commit_frames=20[0m
[0m[INFO] [1788847494.727971368]: [sim_plan] built plan=1510 start=2498.30 horizon=15.00 frames=150 commit_frames=20[0m
[0m[INFO] [1788847494.739842304]: [sim_plan] built plan=1511 start=2500.30 horizon=15.00 frames=150 commit_frames=20[0m
[0m[INFO] [1788847494.750572101]: [sim_plan] built plan=1512 start=2502.30 horizon=15.00 frames=150 commit_frames=20[0m
[0m[INFO] [1788847494.761164125]: [sim_plan] built plan=1513 start=2503.70 horizon=15.00 frames=150 commit_frames=20[0m
[0m[INFO] [1788847494.774618394]: [sim_plan] built plan=1514 start=2505.70 horizon=15.00 frames=150 commit_frames=20[0m
[0m[INFO] [1788847494.791406190]: [sim_plan] built plan=1515 start=2507.70 horizon=15.00 frames=150 commit_frames=20[0m
[0m[INFO] [1788847494.792771681]: [multi_patrol][A1] V1 activate prepared dropoff: A1 -> B7 len=2.116 priority_until_s=0.756[0m
[0m[INFO] [1788847494.808799276]: [sim_plan] built plan=1516 start=2508.60 horizon=15.00 frames=150 commit_frames=20[0m
[0m[INFO] [1788847494.841518732]: [sim_plan] built plan=1517 start=2510.60 horizon=15.00 frames=150 commit_frames=20[0m
[0m[INFO] [1788847494.869930552]: [sim_plan] built plan=1518 start=2512.60 horizon=15.00 frames=150 commi[33m[WARN] [1788847494.932033021]: [SLOT_DEPARTURE] time=42min6.6s vehicle=V1 owner=V0 result=ALLOW reason=slot_departure_clear candidate_path_gen=67 slot_departure_clear_s=0.346 vehicle_mode=ACTIVE vehicle_speed=0.000 vehicle_path_s=0.000 blocker=none a1_prefix_conflict=0 ordinary_road_conflict=0 owner_phase=TO_A1 owner_path_gen=63 geometry=pending_preview protected_zones=0 actual_occupancy_priority=0[0m
[33m[WARN] [1788847494.932495890]: [multi_patrol][A1 EXIT PREPARED] V1 target=B53 pickup_dwell=5.00s exit_len=6.964 priority_until_s=0.758 horizon_refresh=IMMEDIATE[0m
[33m[WARN] [1788847495.246660884]: [multi_patrol][A1 EXIT HORIZON] V0 target=B36 dwell_part=4.90s departure_window=10.10s total_horizon=15.00s[0m
[33m[WARN] [1788847495.292154127]: [multi_patrol][A1 EXIT HORIZON] V0 target=B36 dwell_part=2.90s departure_window=12.10s total_horizon=15.00s[0m
[33m[WARN] [1788847495.338321201]: [multi_patrol][A1 EXIT HORIZON] V0 target=B36 dwell_part=0.90s departure_window=14.10s total_horizon=15.00s[0m
[33m[WARN] [1788847495.507239889]: [multi_patrol][A1 EXIT HORIZON] V1 target=B53 dwell_part=4.90s departure_window=10.10s total_horizon=15.00s[0m
[33m[WARN] [1788847495.515616563]: [multi_patrol][A1 EXIT HORIZON] V1 target=B53 dwell_part=2.90s departure_window=12.10s total_horizon=15.00s[0m
[33m[WARN] [1788847495.526142712]: [multi_patrol][A1 EXIT HORIZON] V1 target=B53 dwell_part=0.90s departure_window=14.10s total_horizon=15.00s[0m
[33m[WARN] [1788847495.544699587]: [SOURCE=REAL] [plan=1544] [frame=10] [rollout_step=-1] [multi_patrol][A1 EXIT INTRUSION ENTER] owner=V1 target=B53 blocker=V0 dwell_remaining=0.00s visible_exit_t=14.80s owner_exit_s=2.584 blocker_phase=4 blocker_s=3.657 action=DIAG_ONLY[0m
[33m[WARN] [1788847495.554994846]: [SOURCE=REAL] [plan=1545] [frame=19] [rollout_step=-1] [multi_patrol][A1 EXIT INTRUSION CLEAR] owner=V1 blocker=V0[0m
t_frames=20[0m
[0m[INFO] [1788847494.871161213]: [multi_patrol][A1 EXIT PRIORITY RELEASE] V1 s=0.768 threshold=0.756[0m
[0m[INFO] [1788847494.890848649]: [sim_plan] built plan=1519 start=2514.60 horizon=15.00 frames=150 commit_frames=20[0m
[0m[INFO] [1788847494.906974476]: [sim_plan] built plan=1520 start=2516.60 horizon=15.00 frames=150 commit_frames=20[0m
[0m[INFO] [1788847494.915233915]: [sim_plan] built plan=1521 start=2518.60 horizon=15.00 frames=150 commit_frames=20[0m
[0m[INFO] [1788847494.919724542]: [sim_plan] built plan=1522 start=2520.60 horizon=15.00 frames=150 commit_frames=20[0m
[0m[INFO] [1788847494.925707128]: [sim_plan] built plan=1523 start=2522.60 horizon=15.00 frames=150 commit_frames=20[0m
[0m[INFO] [1788847494.929505787]: [sim_plan] built plan=1524 start=2524.60 horizon=15.00 frames=150 commit_frames=20[0m
[0m[INFO] [1788847494.931983344]: [multi_patrol][A1] V1 pickup leg: B7 -> A1  wpts=162 len=2.116[0m
[0m[INFO] [1788847494.988553559]: [sim_plan] built plan=1525 start=2526.60 horizon=15.00 frames=150 commit_frames=20[0m
[0m[INFO] [1788847495.046568651]: [sim_plan] built plan=1526 start=2528.60 horizon=15.00 frames=150 commit_frames=20[0m
[0m[INFO] [1788847495.104046762]: [sim_plan] built plan=1527 start=2530.60 horizon=15.00 frames=150 commit_frames=20[0m
[0m[INFO] [1788847495.151115334]: [sim_plan] built plan=1528 start=2532.60 horizon=15.00 frames=150 commit_frames=20[0m
[0m[INFO] [1788847495.198864890]: [sim_plan] built plan=1529 start=2534.60 horizon=15.00 frames=150 commit_frames=20[0m
[0m[INFO] [1788847495.246593381]: [sim_plan] built plan=1530 start=2534.90 horizon=15.00 frames=150 commit_frames=20[0m
[0m[INFO] [1788847495.292102963]: [sim_plan] built plan=1531 start=2536.90 horizon=15.00 frames=150 commit_frames=20[0m
[0m[INFO] [1788847495.338265004]: [sim_plan] built plan=1532 start=2538.90 horizon=15.00 frames=150 commit_frames=20[0m
[0m[INFO] [1788847495.339822662]: [multi_patrol][A1] V0 activate prepared dropoff: A1 -> B36 len=4.494 priority_until_s=0.758[0m
[0m[INFO] [1788847495.381814176]: [sim_plan] built plan=1533 start=2539.80 horizon=15.00 frames=150 commit_frames=20[0m
[0m[INFO] [1788847495.419766434]: [sim_plan] built plan=1534 start=2541.80 horizon=15.00 frames=150 commit_frames=20[0m
[0m[INFO] [1788847495.444879035]: [sim_plan] built plan=1535 start=2543.80 horizon=15.00 frames=150 commit_frames=20[0m
[0m[INFO] [1788847495.446216812]: [multi_patrol][A1 EXIT PRIORITY RELEASE] V0 s=0.771 threshold=0.758[0m
[0m[INFO] [1788847495.462715017]: [sim_plan] built plan=1536 start=2545.80 horizon=15.00 frames=150 commit_frames=20[0m
[0m[INFO] [1788847495.474419280]: [sim_plan] built plan=1537 start=2547.80 horizon=15.00 frames=150 commit_frames=20[0m
[0m[INFO] [1788847495.484289370]: [sim_plan] built plan=1538 start=2549.80 horizon=15.00 frames=150 commit_frames=20[0m
[0m[INFO] [1788847495.493091451]: [sim_plan] built plan=1539 start=2551.80 horizon=15.00 frames=150 commit_frames=20[0m
[0m[INFO] [1788847495.500430196]: [sim_plan] built plan=1540 start=2553.80 horizon=15.00 frames=150 commit_frames=20[0m
[0m[INFO] [1788847495.507182718]: [sim_plan] built plan=1541 start=2555.60 horizon=15.00 frames=150 commit_frames=20[0m
[0m[INFO] [1788847495.515572461]: [sim_plan] built plan=1542 start=2557.60 horizon=15.00 frames=150 commit_frames=20[0m
[0m[INFO] [1788847495.526085238]: [sim_plan] built plan=1543 start=2559.60 horizon=15.00 frames=150 commit_frames=20[0m
[0m[INFO] [1788847495.527501059]: [multi_patrol][A1] V1 activate prepared dropoff: A1 -> B53 len=6.964 priority_until_s=0.758[0m
[0m[INFO] [1788847495.536140653]: [sim_plan] built plan=1544 start=2560.50 horizon=15.00 frames=150 commit_frames=20[0m
[0m[INFO] [1788847495.553374661]: [sim_plan] built plan=1545 start=2562.50 horizon=15.00 frames=150 commit_frames=20[0m
[0m[INFO] [1788847495.561642762]: [sim_plan] built plan=1546 start=2564.50 horizon=15.00 frames=150 commit_frames=20[0m
[0m[INFO] [1788847495.562923179]: [multi_patrol][A1 EXIT PRIORITY RELEASE] V1 s=0.771[33m[WARN] [1788847495.575570047]: [SLOT_DEPARTURE] time=42min51.6s vehicle=V0 owner=none result=ALLOW reason=no_service_owner candidate_path_gen=65 slot_departure_clear_s=0.327 vehicle_mode=ACTIVE vehicle_speed=0.000 vehicle_path_s=0.000 blocker=none a1_prefix_conflict=0 ordinary_road_conflict=0[0m
[33m[WARN] [1788847495.576094771]: [multi_patrol][A1 EXIT PREPARED] V0 target=B58 pickup_dwell=5.00s exit_len=6.957 priority_until_s=0.758 horizon_refresh=IMMEDIATE[0m
[33m[WARN] [1788847495.768120593]: [multi_patrol][A1 EXIT HORIZON] V0 target=B58 dwell_part=4.90s departure_window=10.10s total_horizon=15.00s[0m
[33m[WARN] [1788847495.774229275]: [multi_patrol][A1 EXIT HORIZON] V0 target=B58 dwell_part=2.90s departure_window=12.10s total_horizon=15.00s[0m
[33m[WARN] [1788847495.781472497]: [multi_patrol][A1 EXIT HORIZON] V0 target=B58 dwell_part=0.90s departure_window=14.10s total_horizon=15.00s[0m
[33m[WARN] [1788847495.813671781]: [SLOT_DEPARTURE] time=43min26.4s vehicle=V1 owner=none result=ALLOW reason=no_service_owner candidate_path_gen=69 slot_departure_clear_s=0.327 vehicle_mode=ACTIVE vehicle_speed=0.000 vehicle_path_s=0.000 blocker=none a1_prefix_conflict=0 ordinary_road_conflict=0[0m
[33m[WARN] [1788847495.814046943]: [multi_patrol][A1 EXIT PREPARED] V1 target=B38 pickup_dwell=5.00s exit_len=4.713 priority_until_s=0.758 horizon_refresh=IMMEDIATE[0m
 threshold=0.758[0m
[0m[INFO] [1788847495.567090792]: [sim_plan] built plan=1547 start=2566.50 horizon=15.00 frames=150 commit_frames=20[0m
[0m[INFO] [1788847495.571067726]: [sim_plan] built plan=1548 start=2568.50 horizon=15.00 frames=150 commit_frames=20[0m
[0m[INFO] [1788847495.574830807]: [sim_plan] built plan=1549 start=2570.50 horizon=15.00 frames=150 commit_frames=20[0m
[0m[INFO] [1788847495.575515447]: [multi_patrol][A1] V0 pickup leg: B36 -> A1  wpts=298 len=3.149[0m
[0m[INFO] [1788847495.597091821]: [sim_plan] built plan=1550 start=2571.60 horizon=15.00 frames=150 commit_frames=20[0m
[0m[INFO] [1788847495.626901269]: [sim_plan] built plan=1551 start=2573.60 horizon=15.00 frames=150 commit_frames=20[0m
[0m[INFO] [1788847495.645694240]: [sim_plan] built plan=1552 start=2575.60 horizon=15.00 frames=150 commit_frames=20[0m
[0m[INFO] [1788847495.664926927]: [sim_plan] built plan=1553 start=2577.60 horizon=15.00 frames=150 commit_frames=20[0m
[0m[INFO] [1788847495.685986019]: [sim_plan] built plan=1554 start=2579.60 horizon=15.00 frames=150 commit_frames=20[0m
[0m[INFO] [1788847495.703352259]: [sim_plan] built plan=1555 start=2581.60 horizon=15.00 frames=150 commit_frames=20[0m
[0m[INFO] [1788847495.717804606]: [sim_plan] built plan=1556 start=2583.60 horizon=15.00 frames=150 commit_frames=20[0m
[0m[INFO] [1788847495.731545389]: [sim_plan] built plan=1557 start=2585.60 horizon=15.00 frames=150 commit_frames=20[0m
[0m[INFO] [1788847495.742815073]: [sim_plan] built plan=1558 start=2587.60 horizon=15.00 frames=150 commit_frames=20[0m
[0m[INFO] [1788847495.751664707]: [sim_plan] built plan=1559 start=2589.60 horizon=15.00 frames=150 commit_frames=20[0m
[0m[INFO] [1788847495.758588137]: [sim_plan] built plan=1560 start=2591.60 horizon=15.00 frames=150 commit_frames=20[0m
[0m[INFO] [1788847495.763320565]: [sim_plan] built plan=1561 start=2593.60 horizon=15.00 frames=150 commit_frames=20[0m
[0m[INFO] [1788847495.768079844]: [sim_plan] built plan=1562 start=2594.30 horizon=15.00 frames=150 commit_frames=20[0m
[0m[INFO] [1788847495.774165666]: [sim_plan] built plan=1563 start=2596.30 horizon=15.00 frames=150 commit_frames=20[0m
[0m[INFO] [1788847495.781426934]: [sim_plan] built plan=1564 start=2598.30 horizon=15.00 frames=150 commit_frames=20[0m
[0m[INFO] [1788847495.782858292]: [multi_patrol][A1] V0 activate prepared dropoff: A1 -> B58 len=6.957 priority_until_s=0.758[0m
[0m[INFO] [1788847495.789087108]: [sim_plan] built plan=1565 start=2599.20 horizon=15.00 frames=150 commit_frames=20[0m
[0m[INFO] [1788847495.803038798]: [sim_plan] built plan=1566 start=2601.20 horizon=15.00 frames=150 commit_frames=20[0m
[0m[INFO] [1788847495.808040288]: [sim_plan] built plan=1567 start=2603.20 horizon=15.00 frames=150 commit_frames=20[0m
[0m[INFO] [1788847495.809142657]: [multi_patrol][A1 EXIT PRIORITY RELEASE] V0 s=0.771 threshold=0.758[0m
[0m[INFO] [1788847495.812915176]: [sim_plan] built plan=1568 start=2605.20 horizon=15.00 frames=150 commit_frames=20[0m
[0m[INFO] [1788847495.813625511]: [multi_patrol][A1] V1 pickup leg: B53 -> A1  wpts=514 len=6.437[0m
[0m[INFO] [1788847495.830447492]: [sim_plan] built plan=1569 start=2606.40 horizon=15.00 frames=150 commit_frames=20[0m
[0m[INFO] [1788847495.857305357]: [sim_plan] built plan=1570 start=2608.40 horizon=15.00 frames=150 commit_frames=20[0m
[0m[INFO] [1788847495.877553005]: [sim_plan] built plan=1571 start=2610.40 horizon=15.00 frames=150 commit_frames=20[0m
[0m[INFO] [1788847495.907895407]: [sim_plan] built plan=1572 start=2612.40 horizon=15.00 frames=150 commit_frames=20[0m
[0m[INFO] [1788847495.936157950]: [sim_plan] built plan=1573 start=2614.40 horizon=15.00 frames=150 commit_frames=20[0m
[0m[INFO] [1788847495.963571139]: [sim_plan] built plan=1574 start=2616.40 horizon=15.00 frames=150 commit_frames=20[0m
[0m[INFO] [1788847495.991638649]: [sim_plan] built plan=1575 start=2618.40 horizon=15.00 frames=150 commit_frames=20[0m
[0m[INFO] [1788847496.023174560]: [sim_plan] built plan=1576 start=2620.40 horizon=15.00 fra[33m[WARN] [1788847496.189884688]: [SLOT_DEPARTURE] time=44min5.4s vehicle=V0 owner=none result=ALLOW reason=no_service_owner candidate_path_gen=67 slot_departure_clear_s=0.346 vehicle_mode=ACTIVE vehicle_speed=0.000 vehicle_path_s=0.000 blocker=none a1_prefix_conflict=0 ordinary_road_conflict=0[0m
[33m[WARN] [1788847496.190339273]: [multi_patrol][A1 EXIT PREPARED] V0 target=B3 pickup_dwell=5.00s exit_len=1.901 priority_until_s=0.758 horizon_refresh=IMMEDIATE[0m
[33m[WARN] [1788847496.505871373]: [multi_patrol][A1 EXIT HORIZON] V1 target=B38 dwell_part=4.90s departure_window=10.10s total_horizon=15.00s[0m
[33m[WARN] [1788847496.554685868]: [multi_patrol][A1 EXIT HORIZON] V1 target=B38 dwell_part=2.90s departure_window=12.10s total_horizon=15.00s[0m
[33m[WARN] [1788847496.625382143]: [multi_patrol][A1 EXIT HORIZON] V1 target=B38 dwell_part=0.90s departure_window=14.10s total_horizon=15.00s[0m
mes=150 commit_frames=20[0m
[0m[INFO] [1788847496.048752859]: [sim_plan] built plan=1577 start=2622.40 horizon=15.00 frames=150 commit_frames=20[0m
[0m[INFO] [1788847496.077163992]: [sim_plan] built plan=1578 start=2624.40 horizon=15.00 frames=150 commit_frames=20[0m
[0m[INFO] [1788847496.097028205]: [sim_plan] built plan=1579 start=2626.40 horizon=15.00 frames=150 commit_frames=20[0m
[0m[INFO] [1788847496.116238455]: [sim_plan] built plan=1580 start=2628.40 horizon=15.00 frames=150 commit_frames=20[0m
[0m[INFO] [1788847496.137457754]: [sim_plan] built plan=1581 start=2630.40 horizon=15.00 frames=150 commit_frames=20[0m
[0m[INFO] [1788847496.150996432]: [sim_plan] built plan=1582 start=2632.40 horizon=15.00 frames=150 commit_frames=20[0m
[0m[INFO] [1788847496.161878133]: [sim_plan] built plan=1583 start=2634.40 horizon=15.00 frames=150 commit_frames=20[0m
[0m[INFO] [1788847496.170327948]: [sim_plan] built plan=1584 start=2636.40 horizon=15.00 frames=150 commit_frames=20[0m
[0m[INFO] [1788847496.176470656]: [sim_plan] built plan=1585 start=2638.40 horizon=15.00 frames=150 commit_frames=20[0m
[0m[INFO] [1788847496.180698123]: [sim_plan] built plan=1586 start=2640.40 horizon=15.00 frames=150 commit_frames=20[0m
[0m[INFO] [1788847496.184830617]: [sim_plan] built plan=1587 start=2642.40 horizon=15.00 frames=150 commit_frames=20[0m
[0m[INFO] [1788847496.189171379]: [sim_plan] built plan=1588 start=2644.40 horizon=15.00 frames=150 commit_frames=20[0m
[0m[INFO] [1788847496.189844066]: [multi_patrol][A1] V0 pickup leg: B58 -> A1  wpts=605 len=6.506[0m
[0m[INFO] [1788847496.209627835]: [sim_plan] built plan=1589 start=2645.40 horizon=15.00 frames=150 commit_frames=20[0m
[0m[INFO] [1788847496.245322708]: [sim_plan] built plan=1590 start=2647.40 horizon=15.00 frames=150 commit_frames=20[0m
[0m[INFO] [1788847496.266872073]: [sim_plan] built plan=1591 start=2649.40 horizon=15.00 frames=150 commit_frames=20[0m
[0m[INFO] [1788847496.283967383]: [sim_plan] built plan=1592 start=2651.40 horizon=15.00 frames=150 commit_frames=20[0m
[0m[INFO] [1788847496.317445187]: [sim_plan] built plan=1593 start=2653.40 horizon=15.00 frames=150 commit_frames=20[0m
[0m[INFO] [1788847496.355080898]: [sim_plan] built plan=1594 start=2655.40 horizon=15.00 frames=150 commit_frames=20[0m
[0m[INFO] [1788847496.390224487]: [sim_plan] built plan=1595 start=2657.40 horizon=15.00 frames=150 commit_frames=20[0m
[0m[INFO] [1788847496.426164391]: [sim_plan] built plan=1596 start=2659.40 horizon=15.00 frames=150 commit_frames=20[0m
[0m[INFO] [1788847496.464922012]: [sim_plan] built plan=1597 start=2661.40 horizon=15.00 frames=150 commit_frames=20[0m
[0m[INFO] [1788847496.505812944]: [sim_plan] built plan=1598 start=2662.00 horizon=15.00 frames=150 commit_frames=20[0m
[0m[INFO] [1788847496.554633252]: [sim_plan] built plan=1599 start=2664.00 horizon=15.00 frames=150 commit_frames=20[0m
[0m[INFO] [1788847496.625324293]: [sim_plan] built plan=1600 start=2666.00 horizon=15.00 frames=150 commit_frames=20[0m
[0m[INFO] [1788847496.627057136]: [multi_patrol][A1] V1 activate prepared dropoff: A1 -> B38 len=4.713 priority_until_s=0.758[0m
[0m[INFO] [1788847496.707782257]: [sim_plan] built plan=1601 start=2666.90 horizon=15.00 frames=150 commit_frames=20[0m
[0m[INFO] [1788847496.796058888]: [sim_plan] built plan=1602 start=2668.90 horizon=15.00 frames=150 commit_frames=20[0m
[0m[INFO] [1788847496.876979482]: [sim_plan] built plan=1603 start=2670.90 horizon=15.00 frames=150 commit_frames=20[0m
[0m[INFO] [1788847496.878412393]: [multi_patrol][A1 EXIT PRIORITY RELEASE] V1 s=0.771 threshold=0.758[0m
[0m[INFO] [1788847496.961236752]: [sim_plan] built plan=1604 start=2672.90 horizon=15.00 frames=150 commit_frames=20[0m
[0m[INFO] [1788847497.028657854]: [sim_plan] built plan=1605 start=2674.90 horizon=15.00 frames=150 commit_frames=20[0m
[0m[INFO] [1788847497.088517144]: [sim_plan] built plan=1606 start=2676.90 horizon=15.00 frames=150 commit_frames=20[0m
[0m[INFO] [1788847497.137535052]: [sim_plan] built plan=1607 star[33m[WARN] [1788847497.280964317]: [SLOT_DEPARTURE] time=44min59.7s vehicle=V1 owner=V0 result=ALLOW reason=slot_departure_clear candidate_path_gen=71 slot_departure_clear_s=0.327 vehicle_mode=ACTIVE vehicle_speed=0.000 vehicle_path_s=0.000 blocker=none a1_prefix_conflict=0 ordinary_road_conflict=0 owner_phase=TO_A1 owner_path_gen=67 geometry=pending_preview protected_zones=0 actual_occupancy_priority=0[0m
[33m[WARN] [1788847497.281409295]: [multi_patrol][A1 EXIT PREPARED] V1 target=B65 pickup_dwell=5.00s exit_len=6.956 priority_until_s=0.758 horizon_refresh=IMMEDIATE[0m
[33m[WARN] [1788847497.442732941]: [multi_patrol][A1 EXIT HORIZON] V0 target=B3 dwell_part=4.90s departure_window=10.10s total_horizon=15.00s[0m
[33m[WARN] [1788847497.484354310]: [multi_patrol][A1 EXIT HORIZON] V0 target=B3 dwell_part=2.90s departure_window=12.10s total_horizon=15.00s[0m
[33m[WARN] [1788847497.521885698]: [multi_patrol][A1 EXIT HORIZON] V0 target=B3 dwell_part=0.90s departure_window=14.10s total_horizon=15.00s[0m
[33m[WARN] [1788847497.644355080]: [SLOT_DEPARTURE] time=45min29.0s vehicle=V0 owner=V1 result=ALLOW reason=slot_departure_clear candidate_path_gen=69 slot_departure_clear_s=0.346 vehicle_mode=ACTIVE vehicle_speed=0.000 vehicle_path_s=0.000 blocker=none a1_prefix_conflict=0 ordinary_road_conflict=0 owner_phase=TO_A1 owner_path_gen=71 geometry=pending_preview protected_zones=0 actual_occupancy_priority=0[0m
[33m[WARN] [1788847497.644822240]: [multi_patrol][A1 EXIT PREPARED] V0 target=B22 pickup_dwell=5.00s exit_len=4.094 priority_until_s=0.758 horizon_refresh=IMMEDIATE[0m
[33m[WARN] [1788847497.722529840]: [multi_patrol][A1 EXIT HORIZON] V1 target=B65 dwell_part=4.90s departure_window=10.10s total_horizon=15.00s[0m
[33m[WARN] [1788847497.758245617]: [multi_patrol][A1 EXIT HORIZON] V1 target=B65 dwell_part=2.90s departure_window=12.10s total_horizon=15.00s[0m
t=2678.90 horizon=15.00 frames=150 commit_frames=20[0m
[0m[INFO] [1788847497.176580043]: [sim_plan] built plan=1608 start=2680.90 horizon=15.00 frames=150 commit_frames=20[0m
[0m[INFO] [1788847497.206717675]: [sim_plan] built plan=1609 start=2682.90 horizon=15.00 frames=150 commit_frames=20[0m
[0m[INFO] [1788847497.227165371]: [sim_plan] built plan=1610 start=2684.90 horizon=15.00 frames=150 commit_frames=20[0m
[0m[INFO] [1788847497.240320475]: [sim_plan] built plan=1611 start=2686.90 horizon=15.00 frames=150 commit_frames=20[0m
[0m[INFO] [1788847497.250572945]: [sim_plan] built plan=1612 start=2688.90 horizon=15.00 frames=150 commit_frames=20[0m
[0m[INFO] [1788847497.258353544]: [sim_plan] built plan=1613 start=2690.90 horizon=15.00 frames=150 commit_frames=20[0m
[0m[INFO] [1788847497.266850486]: [sim_plan] built plan=1614 start=2692.90 horizon=15.00 frames=150 commit_frames=20[0m
[0m[INFO] [1788847497.271600067]: [sim_plan] built plan=1615 start=2694.90 horizon=15.00 frames=150 commit_frames=20[0m
[0m[INFO] [1788847497.275546150]: [sim_plan] built plan=1616 start=2696.90 horizon=15.00 frames=150 commit_frames=20[0m
[0m[INFO] [1788847497.279237376]: [sim_plan] built plan=1617 start=2698.90 horizon=15.00 frames=150 commit_frames=20[0m
[0m[INFO] [1788847497.280920739]: [multi_patrol][A1] V1 pickup leg: B38 -> A1  wpts=320 len=3.368[0m
[0m[INFO] [1788847497.306044648]: [sim_plan] built plan=1618 start=2699.70 horizon=15.00 frames=150 commit_frames=20[0m
[0m[INFO] [1788847497.335916251]: [sim_plan] built plan=1619 start=2701.70 horizon=15.00 frames=150 commit_frames=20[0m
[0m[INFO] [1788847497.368267728]: [sim_plan] built plan=1620 start=2703.70 horizon=15.00 frames=150 commit_frames=20[0m
[0m[INFO] [1788847497.405314915]: [sim_plan] built plan=1621 start=2705.70 horizon=15.00 frames=150 commit_frames=20[0m
[0m[INFO] [1788847497.442691227]: [sim_plan] built plan=1622 start=2707.20 horizon=15.00 frames=150 commit_frames=20[0m
[0m[INFO] [1788847497.484297993]: [sim_plan] built plan=1623 start=2709.20 horizon=15.00 frames=150 commit_frames=20[0m
[0m[INFO] [1788847497.521838675]: [sim_plan] built plan=1624 start=2711.20 horizon=15.00 frames=150 commit_frames=20[0m
[0m[INFO] [1788847497.523083386]: [multi_patrol][A1] V0 activate prepared dropoff: A1 -> B3 len=1.901 priority_until_s=0.758[0m
[0m[INFO] [1788847497.556807766]: [sim_plan] built plan=1625 start=2712.10 horizon=15.00 frames=150 commit_frames=20[0m
[0m[INFO] [1788847497.587092730]: [sim_plan] built plan=1626 start=2714.10 horizon=15.00 frames=150 commit_frames=20[0m
[0m[INFO] [1788847497.607322828]: [sim_plan] built plan=1627 start=2716.10 horizon=15.00 frames=150 commit_frames=20[0m
[0m[INFO] [1788847497.608102016]: [multi_patrol][A1 EXIT PRIORITY RELEASE] V0 s=0.771 threshold=0.758[0m
[0m[INFO] [1788847497.619544507]: [sim_plan] built plan=1628 start=2718.10 horizon=15.00 frames=150 commit_frames=20[0m
[0m[INFO] [1788847497.625621687]: [sim_plan] built plan=1629 start=2720.10 horizon=15.00 frames=150 commit_frames=20[0m
[0m[INFO] [1788847497.632455433]: [sim_plan] built plan=1630 start=2722.10 horizon=15.00 frames=150 commit_frames=20[0m
[0m[INFO] [1788847497.635564900]: [sim_plan] built plan=1631 start=2724.10 horizon=15.00 frames=150 commit_frames=20[0m
[0m[INFO] [1788847497.638440770]: [sim_plan] built plan=1632 start=2726.10 horizon=15.00 frames=150 commit_frames=20[0m
[0m[INFO] [1788847497.641129065]: [sim_plan] built plan=1633 start=2728.10 horizon=15.00 frames=150 commit_frames=20[0m
[0m[INFO] [1788847497.644317783]: [multi_patrol][A1] V0 pickup leg: B3 -> A1  wpts=162 len=1.900[0m
[0m[INFO] [1788847497.684304484]: [sim_plan] built plan=1634 start=2729.00 horizon=15.00 frames=150 commit_frames=20[0m
[0m[INFO] [1788847497.722488144]: [sim_plan] built plan=1635 start=2729.10 horizon=15.00 frames=150 commit_frames=20[0m
[0m[INFO] [1788847497.758200642]: [sim_plan] built plan=1636 start=2731.10 horizon=15.00 frames=150 commit_frames=20[0m
[0m[INFO] [1788847497.793816402]: [sim_plan] built plan=163[33m[WARN] [1788847497.794100898]: [multi_patrol][A1 EXIT HORIZON] V1 target=B65 dwell_part=0.90s departure_window=14.10s total_horizon=15.00s[0m
[33m[WARN] [1788847497.795054188]: [SOURCE=REAL] [plan=1637] [frame=5] [rollout_step=-1] [multi_patrol][A1 EXIT INTRUSION ENTER] owner=V1 target=B65 blocker=V0 dwell_remaining=0.40s visible_exit_t=5.60s owner_exit_s=0.726 blocker_phase=1 blocker_s=0.312 action=DIAG_ONLY[0m
[33m[WARN] [1788847497.835012152]: [SOURCE=REAL] [plan=1638] [frame=3] [rollout_step=-1] [multi_patrol][A1 EXIT INTRUSION CLEAR] owner=V1 blocker=V0[0m
[33m[WARN] [1788847497.836033360]: [SOURCE=REAL] [plan=1638] [frame=9] [rollout_step=-1] [multi_patrol][A1 EXIT INTRUSION ENTER] owner=V1 target=B65 blocker=V0 dwell_remaining=0.00s visible_exit_t=4.15s owner_exit_s=0.724 blocker_phase=1 blocker_s=0.377 action=DIAG_ONLY[0m
[33m[WARN] [1788847497.887603169]: [SOURCE=REAL] [plan=1640] [frame=0] [rollout_step=-1] [multi_patrol][A1 EXIT INTRUSION CLEAR] owner=V1 blocker=V0[0m
[33m[WARN] [1788847497.960875873]: [multi_patrol][A1 EXIT HORIZON] V0 target=B22 dwell_part=4.90s departure_window=10.10s total_horizon=15.00s[0m
[33m[WARN] [1788847497.976354002]: [multi_patrol][A1 EXIT HORIZON] V0 target=B22 dwell_part=2.90s departure_window=12.10s total_horizon=15.00s[0m
[33m[WARN] [1788847497.992977230]: [multi_patrol][A1 EXIT HORIZON] V0 target=B22 dwell_part=0.90s departure_window=14.10s total_horizon=15.00s[0m
[33m[WARN] [1788847498.124912940]: [SLOT_DEPARTURE] time=46min19.8s vehicle=V1 owner=none result=ALLOW reason=no_service_owner candidate_path_gen=73 slot_departure_clear_s=0.346 vehicle_mode=ACTIVE vehicle_speed=0.000 vehicle_path_s=0.000 blocker=none a1_prefix_conflict=0 ordinary_road_conflict=0[0m
[33m[WARN] [1788847498.125356250]: [multi_patrol][A1 EXIT PREPARED] V1 target=B0 pickup_dwell=5.00s exit_len=2.555 priority_until_s=0.756 horizon_refresh=IMMEDIATE[0m
[33m[WARN] [1788847498.139893192]: [SLOT_DEPARTURE] time=46min24.4s vehicle=V0 owner=none result=ALLOW reason=no_service_owner candidate_path_gen=71 slot_departure_clear_s=0.327 vehicle_mode=ACTIVE vehicle_speed=0.000 vehicle_path_s=0.000 blocker=none a1_prefix_conflict=0 ordinary_road_conflict=0[0m
[33m[WARN] [1788847498.140324954]: [multi_patrol][A1 EXIT PREPARED] V0 target=B34 pickup_dwell=5.00s exit_len=4.275 priority_until_s=0.758 horizon_refresh=IMMEDIATE[0m
7 start=2733.10 horizon=15.00 frames=150 commit_frames=20[0m
[0m[INFO] [1788847497.796139750]: [multi_patrol][A1] V1 activate prepared dropoff: A1 -> B65 len=6.956 priority_until_s=0.758[0m
[0m[INFO] [1788847497.831493920]: [sim_plan] built plan=1638 start=2734.00 horizon=15.00 frames=150 commit_frames=20[0m
[0m[INFO] [1788847497.862423753]: [sim_plan] built plan=1639 start=2736.00 horizon=15.00 frames=150 commit_frames=20[0m
[0m[INFO] [1788847497.887108770]: [sim_plan] built plan=1640 start=2738.00 horizon=15.00 frames=150 commit_frames=20[0m
[0m[INFO] [1788847497.889101288]: [multi_patrol][A1 EXIT PRIORITY RELEASE] V1 s=0.771 threshold=0.758[0m
[0m[INFO] [1788847497.908590430]: [sim_plan] built plan=1641 start=2740.00 horizon=15.00 frames=150 commit_frames=20[0m
[0m[INFO] [1788847497.921572239]: [sim_plan] built plan=1642 start=2742.00 horizon=15.00 frames=150 commit_frames=20[0m
[0m[INFO] [1788847497.932007978]: [sim_plan] built plan=1643 start=2744.00 horizon=15.00 frames=150 commit_frames=20[0m
[0m[INFO] [1788847497.941435882]: [sim_plan] built plan=1644 start=2746.00 horizon=15.00 frames=150 commit_frames=20[0m
[0m[INFO] [1788847497.951666973]: [sim_plan] built plan=1645 start=2748.00 horizon=15.00 frames=150 commit_frames=20[0m
[0m[INFO] [1788847497.960830715]: [sim_plan] built plan=1646 start=2749.70 horizon=15.00 frames=150 commit_frames=20[0m
[0m[INFO] [1788847497.976299191]: [sim_plan] built plan=1647 start=2751.70 horizon=15.00 frames=150 commit_frames=20[0m
[0m[INFO] [1788847497.992932944]: [sim_plan] built plan=1648 start=2753.70 horizon=15.00 frames=150 commit_frames=20[0m
[0m[INFO] [1788847497.994239027]: [multi_patrol][A1] V0 activate prepared dropoff: A1 -> B22 len=4.094 priority_until_s=0.758[0m
[0m[INFO] [1788847498.009161579]: [sim_plan] built plan=1649 start=2754.60 horizon=15.00 frames=150 commit_frames=20[0m
[0m[INFO] [1788847498.032282160]: [sim_plan] built plan=1650 start=2756.60 horizon=15.00 frames=150 commit_frames=20[0m
[0m[INFO] [1788847498.049274644]: [sim_plan] built plan=1651 start=2758.60 horizon=15.00 frames=150 commit_frames=20[0m
[0m[INFO] [1788847498.050395397]: [multi_patrol][A1 EXIT PRIORITY RELEASE] V0 s=0.771 threshold=0.758[0m
[0m[INFO] [1788847498.066000845]: [sim_plan] built plan=1652 start=2760.60 horizon=15.00 frames=150 commit_frames=20[0m
[0m[INFO] [1788847498.080456315]: [sim_plan] built plan=1653 start=2762.60 horizon=15.00 frames=150 commit_frames=20[0m
[0m[INFO] [1788847498.093487847]: [sim_plan] built plan=1654 start=2764.60 horizon=15.00 frames=150 commit_frames=20[0m
[0m[INFO] [1788847498.103773058]: [sim_plan] built plan=1655 start=2766.60 horizon=15.00 frames=150 commit_frames=20[0m
[0m[INFO] [1788847498.110758702]: [sim_plan] built plan=1656 start=2768.60 horizon=15.00 frames=150 commit_frames=20[0m
[0m[INFO] [1788847498.116317622]: [sim_plan] built plan=1657 start=2770.60 horizon=15.00 frames=150 commit_frames=20[0m
[0m[INFO] [1788847498.120325762]: [sim_plan] built plan=1658 start=2772.60 horizon=15.00 frames=150 commit_frames=20[0m
[0m[INFO] [1788847498.122094481]: [sim_plan] built plan=1659 start=2774.60 horizon=15.00 frames=150 commit_frames=20[0m
[0m[INFO] [1788847498.123462280]: [sim_plan] built plan=1660 start=2776.60 horizon=15.00 frames=150 commit_frames=20[0m
[0m[INFO] [1788847498.124475064]: [sim_plan] built plan=1661 start=2778.60 horizon=15.00 frames=150 commit_frames=20[0m
[0m[INFO] [1788847498.124871465]: [multi_patrol][A1] V1 pickup leg: B65 -> A1  wpts=567 len=6.684[0m
[0m[INFO] [1788847498.128929403]: [sim_plan] built plan=1662 start=2779.80 horizon=15.00 frames=150 commit_frames=20[0m
[0m[INFO] [1788847498.132530047]: [sim_plan] built plan=1663 start=2781.80 horizon=15.00 frames=150 commit_frames=20[0m
[0m[INFO] [1788847498.136185581]: [sim_plan] built plan=1664 start=2783.80 horizon=15.00 frames=150 commit_frames=20[0m
[0m[INFO] [1788847498.139851965]: [multi_patrol][A1] V0 pickup leg: B22 -> A1  wpts=288 len=3.280[0m
[0m[INFO] [1788847498.156826015]: [sim_plan] built plan=1[33m[WARN] [1788847498.463986620]: [multi_patrol][A1 EXIT HORIZON] V0 target=B34 dwell_part=4.90s departure_window=10.10s total_horizon=15.00s[0m
[33m[WARN] [1788847498.507365733]: [multi_patrol][A1 EXIT HORIZON] V0 target=B34 dwell_part=2.90s departure_window=12.10s total_horizon=15.00s[0m
[33m[WARN] [1788847498.548113822]: [multi_patrol][A1 EXIT HORIZON] V0 target=B34 dwell_part=0.90s departure_window=14.10s total_horizon=15.00s[0m
[33m[WARN] [1788847498.745845974]: [multi_patrol][A1 EXIT HORIZON] V1 target=B0 dwell_part=4.90s departure_window=10.10s total_horizon=15.00s[0m
[33m[WARN] [1788847498.752079925]: [multi_patrol][A1 EXIT HORIZON] V1 target=B0 dwell_part=2.90s departure_window=12.10s total_horizon=15.00s[0m
[33m[WARN] [1788847498.759267811]: [multi_patrol][A1 EXIT HORIZON] V1 target=B0 dwell_part=0.90s departure_window=14.10s total_horizon=15.00s[0m
665 start=2784.40 horizon=15.00 frames=150 commit_frames=20[0m
[0m[INFO] [1788847498.177660344]: [sim_plan] built plan=1666 start=2786.40 horizon=15.00 frames=150 commit_frames=20[0m
[0m[INFO] [1788847498.194413390]: [sim_plan] built plan=1667 start=2788.40 horizon=15.00 frames=150 commit_frames=20[0m
[0m[INFO] [1788847498.221784397]: [sim_plan] built plan=1668 start=2790.40 horizon=15.00 frames=150 commit_frames=20[0m
[0m[INFO] [1788847498.237613018]: [sim_plan] built plan=1669 start=2792.40 horizon=15.00 frames=150 commit_frames=20[0m
[0m[INFO] [1788847498.251114693]: [sim_plan] built plan=1670 start=2794.40 horizon=15.00 frames=150 commit_frames=20[0m
[0m[INFO] [1788847498.263471628]: [sim_plan] built plan=1671 start=2796.40 horizon=15.00 frames=150 commit_frames=20[0m
[0m[INFO] [1788847498.292014742]: [sim_plan] built plan=1672 start=2798.40 horizon=15.00 frames=150 commit_frames=20[0m
[0m[INFO] [1788847498.328456623]: [sim_plan] built plan=1673 start=2800.40 horizon=15.00 frames=150 commit_frames=20[0m
[0m[INFO] [1788847498.371016865]: [sim_plan] built plan=1674 start=2802.40 horizon=15.00 frames=150 commit_frames=20[0m
[0m[INFO] [1788847498.416372247]: [sim_plan] built plan=1675 start=2804.40 horizon=15.00 frames=150 commit_frames=20[0m
[0m[INFO] [1788847498.463935474]: [sim_plan] built plan=1676 start=2805.20 horizon=15.00 frames=150 commit_frames=20[0m
[0m[INFO] [1788847498.507291076]: [sim_plan] built plan=1677 start=2807.20 horizon=15.00 frames=150 commit_frames=20[0m
[0m[INFO] [1788847498.548061638]: [sim_plan] built plan=1678 start=2809.20 horizon=15.00 frames=150 commit_frames=20[0m
[0m[INFO] [1788847498.549429886]: [multi_patrol][A1] V0 activate prepared dropoff: A1 -> B34 len=4.275 priority_until_s=0.758[0m
[0m[INFO] [1788847498.590234072]: [sim_plan] built plan=1679 start=2810.10 horizon=15.00 frames=150 commit_frames=20[0m
[0m[INFO] [1788847498.633146787]: [sim_plan] built plan=1680 start=2812.10 horizon=15.00 frames=150 commit_frames=20[0m
[0m[INFO] [1788847498.661424530]: [sim_plan] built plan=1681 start=2814.10 horizon=15.00 frames=150 commit_frames=20[0m
[0m[INFO] [1788847498.662816362]: [multi_patrol][A1 EXIT PRIORITY RELEASE] V0 s=0.771 threshold=0.758[0m
[0m[INFO] [1788847498.681989471]: [sim_plan] built plan=1682 start=2816.10 horizon=15.00 frames=150 commit_frames=20[0m
[0m[INFO] [1788847498.695531299]: [sim_plan] built plan=1683 start=2818.10 horizon=15.00 frames=150 commit_frames=20[0m
[0m[INFO] [1788847498.707589720]: [sim_plan] built plan=1684 start=2820.10 horizon=15.00 frames=150 commit_frames=20[0m
[0m[INFO] [1788847498.718616797]: [sim_plan] built plan=1685 start=2822.10 horizon=15.00 frames=150 commit_frames=20[0m
[0m[INFO] [1788847498.727815172]: [sim_plan] built plan=1686 start=2824.10 horizon=15.00 frames=150 commit_frames=20[0m
[0m[INFO] [1788847498.734872809]: [sim_plan] built plan=1687 start=2826.10 horizon=15.00 frames=150 commit_frames=20[0m
[0m[INFO] [1788847498.740451760]: [sim_plan] built plan=1688 start=2828.10 horizon=15.00 frames=150 commit_frames=20[0m
[0m[INFO] [1788847498.745796591]: [sim_plan] built plan=1689 start=2828.50 horizon=15.00 frames=150 commit_frames=20[0m
[0m[INFO] [1788847498.752041582]: [sim_plan] built plan=1690 start=2830.50 horizon=15.00 frames=150 commit_frames=20[0m
[0m[INFO] [1788847498.759222387]: [sim_plan] built plan=1691 start=2832.50 horizon=15.00 frames=150 commit_frames=20[0m
[0m[INFO] [1788847498.760581736]: [multi_patrol][A1] V1 activate prepared dropoff: A1 -> B0 len=2.555 priority_until_s=0.756[0m
[0m[INFO] [1788847498.766697430]: [sim_plan] built plan=1692 start=2833.40 horizon=15.00 frames=150 commit_frames=20[0m
[0m[INFO] [1788847498.774216962]: [sim_plan] built plan=1693 start=2835.40 horizon=15.00 frames=150 commit_frames=20[0m
[0m[INFO] [1788847498.777651769]: [sim_plan] built plan=1694 start=2837.40 horizon=15.00 frames=150 commit_frames=20[0m
[0m[INFO] [1788847498.778547254]: [multi_patrol][A1 EXIT PRIORITY RELEASE] V1 s=0.768 threshold=0.756[0m
[0m[INFO] [1788847[33m[WARN] [1788847498.781016435]: [SLOT_DEPARTURE] time=47min20.8s vehicle=V0 owner=none result=ALLOW reason=no_service_owner candidate_path_gen=73 slot_departure_clear_s=0.327 vehicle_mode=ACTIVE vehicle_speed=0.000 vehicle_path_s=0.000 blocker=none a1_prefix_conflict=0 ordinary_road_conflict=0[0m
[33m[WARN] [1788847498.781440023]: [multi_patrol][A1 EXIT PREPARED] V0 target=B29 pickup_dwell=5.00s exit_len=7.297 priority_until_s=0.758 horizon_refresh=IMMEDIATE[0m
[33m[WARN] [1788847498.844562834]: [SLOT_DEPARTURE] time=47min33.6s vehicle=V1 owner=V0 result=ALLOW reason=slot_departure_clear candidate_path_gen=75 slot_departure_clear_s=0.346 vehicle_mode=ACTIVE vehicle_speed=0.000 vehicle_path_s=0.000 blocker=none a1_prefix_conflict=0 ordinary_road_conflict=0 owner_phase=TO_A1 owner_path_gen=73 geometry=pending_preview protected_zones=0 actual_occupancy_priority=0[0m
[33m[WARN] [1788847498.845081966]: [multi_patrol][A1 EXIT PREPARED] V1 target=B51 pickup_dwell=5.00s exit_len=8.527 priority_until_s=0.758 horizon_refresh=IMMEDIATE[0m
[33m[WARN] [1788847499.063532523]: [multi_patrol][A1 EXIT HORIZON] V0 target=B29 dwell_part=4.90s departure_window=10.10s total_horizon=15.00s[0m
[33m[WARN] [1788847499.120874921]: [multi_patrol][A1 EXIT HORIZON] V0 target=B29 dwell_part=2.90s departure_window=12.10s total_horizon=15.00s[0m
[33m[WARN] [1788847499.183087002]: [multi_patrol][A1 EXIT HORIZON] V0 target=B29 dwell_part=0.90s departure_window=14.10s total_horizon=15.00s[0m
498.780229183]: [sim_plan] built plan=1695 start=2839.40 horizon=15.00 frames=150 commit_frames=20[0m
[0m[INFO] [1788847498.780978670]: [multi_patrol][A1] V0 pickup leg: B34 -> A1  wpts=284 len=3.088[0m
[0m[INFO] [1788847498.792849027]: [sim_plan] built plan=1696 start=2840.80 horizon=15.00 frames=150 commit_frames=20[0m
[0m[INFO] [1788847498.805153390]: [sim_plan] built plan=1697 start=2842.80 horizon=15.00 frames=150 commit_frames=20[0m
[0m[INFO] [1788847498.814573432]: [sim_plan] built plan=1698 start=2844.80 horizon=15.00 frames=150 commit_frames=20[0m
[0m[INFO] [1788847498.826974321]: [sim_plan] built plan=1699 start=2846.80 horizon=15.00 frames=150 commit_frames=20[0m
[0m[INFO] [1788847498.831968199]: [sim_plan] built plan=1700 start=2848.80 horizon=15.00 frames=150 commit_frames=20[0m
[0m[INFO] [1788847498.836093492]: [sim_plan] built plan=1701 start=2850.80 horizon=15.00 frames=150 commit_frames=20[0m
[0m[INFO] [1788847498.840165577]: [sim_plan] built plan=1702 start=2852.80 horizon=15.00 frames=150 commit_frames=20[0m
[0m[INFO] [1788847498.844518944]: [multi_patrol][A1] V1 pickup leg: B0 -> A1  wpts=298 len=3.034[0m
[0m[INFO] [1788847498.885309811]: [sim_plan] built plan=1703 start=2853.60 horizon=15.00 frames=150 commit_frames=20[0m
[0m[INFO] [1788847498.927693286]: [sim_plan] built plan=1704 start=2855.60 horizon=15.00 frames=150 commit_frames=20[0m
[0m[INFO] [1788847498.967108059]: [sim_plan] built plan=1705 start=2857.60 horizon=15.00 frames=150 commit_frames=20[0m
[0m[INFO] [1788847499.014581292]: [sim_plan] built plan=1706 start=2859.60 horizon=15.00 frames=150 commit_frames=20[0m
[0m[INFO] [1788847499.063475747]: [sim_plan] built plan=1707 start=2860.70 horizon=15.00 frames=150 commit_frames=20[0m
[0m[INFO] [1788847499.120822195]: [sim_plan] built plan=1708 start=2862.70 horizon=15.00 frames=150 commit_frames=20[0m
[0m[INFO] [1788847499.183033477]: [sim_plan] built plan=1709 start=2864.70 horizon=15.00 frames=150 commit_frames=20[0m
[0m[INFO] [1788847499.184336287]: [multi_patrol][A1] V0 activate prepared dropoff: A1 -> B29 len=7.297 priority_until_s=0.758[0m
[0m[INFO] [1788847499.250257068]: [sim_plan] built plan=1710 start=2865.60 horizon=15.00 frames=150 commit_frames=20[0m
[0m[INFO] [1788847499.313340131]: [sim_plan] built plan=1711 start=2867.60 horizon=15.00 frames=150 commit_frames=20[0m
[0m[INFO] [1788847499.362676791]: [sim_plan] built plan=1712 start=2869.60 horizon=15.00 frames=150 commit_frames=20[0m
[0m[INFO] [1788847499.363902371]: [multi_patrol][A1 EXIT PRIORITY RELEASE] V0 s=0.771 threshold=0.758[0m
[0m[INFO] [1788847499.402540634]: [sim_plan] built plan=1713 start=2871.60 horizon=15.00 frames=150 commit_frames=20[0m
[0m[INFO] [1788847499.434368967]: [sim_plan] built plan=1714 start=2873.60 horizon=15.00 frames=150 commit_frames=20[0m
[0m[INFO] [1788847499.461096738]: [sim_plan] built plan=1715 start=2875.60 horizon=15.00 frames=150 commit_frames=20[0m
[0m[INFO] [1788847499.482015570]: [sim_plan] built plan=1716 start=2877.60 horizon=15.00 frames=150 commit_frames=20[0m
[0m[INFO] [1788847499.500262850]: [sim_plan] built plan=1717 start=2879.60 horizon=15.00 frames=150 commit_frames=20[0m
[0m[INFO] [1788847499.500836984]: [batch] 28800/72000 ticks (sim_t=2880s) hard_guard=0[0m
[0m[INFO] [1788847499.518614737]: [sim_plan] built plan=1718 start=2881.60 horizon=15.00 frames=150 commit_frames=20[0m
[0m[INFO] [1788847499.535041435]: [sim_plan] built plan=1719 start=2883.60 horizon=15.00 frames=150 commit_frames=20[0m
[0m[INFO] [1788847499.550987161]: [sim_plan] built plan=1720 start=2885.60 horizon=15.00 frames=150 commit_frames=20[0m
[0m[INFO] [1788847499.563616662]: [sim_plan] built plan=1721 start=2887.60 horizon=15.00 frames=150 commit_frames=20[0m
[0m[INFO] [1788847499.575077563]: [sim_plan] built plan=1722 start=2889.60 horizon=15.00 frames=150 commit_frames=20[0m
[0m[INFO] [1788847499.584794189]: [sim_plan] built plan=1723 start=2891.60 horizon=15.00 frames=150 commit_frames=20[0m
[0m[INFO] [1788847499.593410229]: [sim_pl[33m[WARN] [1788847499.609034871]: [multi_patrol][A1 EXIT HORIZON] V1 target=B51 dwell_part=4.90s departure_window=10.10s total_horizon=15.00s[0m
[33m[WARN] [1788847499.618000292]: [multi_patrol][A1 EXIT HORIZON] V1 target=B51 dwell_part=2.90s departure_window=12.10s total_horizon=15.00s[0m
[33m[WARN] [1788847499.628757966]: [multi_patrol][A1 EXIT HORIZON] V1 target=B51 dwell_part=0.90s departure_window=14.10s total_horizon=15.00s[0m
[33m[WARN] [1788847499.687519476]: [SLOT_DEPARTURE] time=48min33.1s vehicle=V0 owner=none result=ALLOW reason=no_service_owner candidate_path_gen=75 slot_departure_clear_s=0.327 vehicle_mode=ACTIVE vehicle_speed=0.000 vehicle_path_s=0.000 blocker=none a1_prefix_conflict=0 ordinary_road_conflict=0[0m
[33m[WARN] [1788847499.687927810]: [multi_patrol][A1 EXIT PREPARED] V0 target=B58 pickup_dwell=5.00s exit_len=6.957 priority_until_s=0.758 horizon_refresh=IMMEDIATE[0m
[33m[WARN] [1788847499.958207738]: [DEADLOCK] event=CONFIRMED pair=V0-V1 duration=4 path_gen=75/76[0m
[33m[WARN] [1788847499.959056010]: [DEADLOCK] event=SELECT pair=V0-V1 retreat=V1 pass=V0 target_s=3.1463 pass_clear_s=2.78 distance=1.27 estimated_time=12.7 selection_reason=preferred_retreat_infeasible[0m
an] built plan=1724 start=2893.60 horizon=15.00 frames=150 commit_frames=20[0m
[0m[INFO] [1788847499.601319295]: [sim_plan] built plan=1725 start=2895.60 horizon=15.00 frames=150 commit_frames=20[0m
[0m[INFO] [1788847499.608991384]: [sim_plan] built plan=1726 start=2895.80 horizon=15.00 frames=150 commit_frames=20[0m
[0m[INFO] [1788847499.617937923]: [sim_plan] built plan=1727 start=2897.80 horizon=15.00 frames=150 commit_frames=20[0m
[0m[INFO] [1788847499.628707508]: [sim_plan] built plan=1728 start=2899.80 horizon=15.00 frames=150 commit_frames=20[0m
[0m[INFO] [1788847499.630097011]: [multi_patrol][A1] V1 activate prepared dropoff: A1 -> B51 len=8.527 priority_until_s=0.758[0m
[0m[INFO] [1788847499.639670346]: [sim_plan] built plan=1729 start=2900.70 horizon=15.00 frames=150 commit_frames=20[0m
[0m[INFO] [1788847499.661064473]: [sim_plan] built plan=1730 start=2902.70 horizon=15.00 frames=150 commit_frames=20[0m
[0m[INFO] [1788847499.669176654]: [sim_plan] built plan=1731 start=2904.70 horizon=15.00 frames=150 commit_frames=20[0m
[0m[INFO] [1788847499.670484030]: [multi_patrol][A1 EXIT PRIORITY RELEASE] V1 s=0.771 threshold=0.758[0m
[0m[INFO] [1788847499.675499747]: [sim_plan] built plan=1732 start=2906.70 horizon=15.00 frames=150 commit_frames=20[0m
[0m[INFO] [1788847499.679553165]: [sim_plan] built plan=1733 start=2908.70 horizon=15.00 frames=150 commit_frames=20[0m
[0m[INFO] [1788847499.683221357]: [sim_plan] built plan=1734 start=2910.70 horizon=15.00 frames=150 commit_frames=20[0m
[0m[INFO] [1788847499.686935109]: [sim_plan] built plan=1735 start=2912.70 horizon=15.00 frames=150 commit_frames=20[0m
[0m[INFO] [1788847499.687482712]: [multi_patrol][A1] V0 pickup leg: B29 -> A1  wpts=447 len=5.225[0m
[0m[INFO] [1788847499.730655640]: [sim_plan] built plan=1736 start=2913.10 horizon=15.00 frames=150 commit_frames=20[0m
[0m[INFO] [1788847499.758845273]: [sim_plan] built plan=1737 start=2915.10 horizon=15.00 frames=150 commit_frames=20[0m
[0m[INFO] [1788847499.784002167]: [sim_plan] built plan=1738 start=2917.10 horizon=15.00 frames=150 commit_frames=20[0m
[0m[INFO] [1788847499.804494179]: [sim_plan] built plan=1739 start=2919.10 horizon=15.00 frames=150 commit_frames=20[0m
[0m[INFO] [1788847499.822980346]: [sim_plan] built plan=1740 start=2921.10 horizon=15.00 frames=150 commit_frames=20[0m
[0m[INFO] [1788847499.841521340]: [sim_plan] built plan=1741 start=2923.10 horizon=15.00 frames=150 commit_frames=20[0m
[0m[INFO] [1788847499.862713281]: [sim_plan] built plan=1742 start=2925.10 horizon=15.00 frames=150 commit_frames=20[0m
[0m[INFO] [1788847499.881295724]: [sim_plan] built plan=1743 start=2927.10 horizon=15.00 frames=150 commit_frames=20[0m
[0m[INFO] [1788847499.900993651]: [sim_plan] built plan=1744 start=2929.10 horizon=15.00 frames=150 commit_frames=20[0m
[0m[INFO] [1788847499.916771676]: [sim_plan] built plan=1745 start=2931.10 horizon=15.00 frames=150 commit_frames=20[0m
[0m[INFO] [1788847499.930133385]: [sim_plan] built plan=1746 start=2933.10 horizon=15.00 frames=150 commit_frames=20[0m
[0m[INFO] [1788847499.944097429]: [sim_plan] built plan=1747 start=2935.10 horizon=15.00 frames=150 commit_frames=20[0m
[0m[INFO] [1788847499.957785270]: [sim_plan] built plan=1748 start=2937.10 horizon=15.00 frames=150 commit_frames=20[0m
[0m[INFO] [1788847499.970588263]: [sim_plan] built plan=1749 start=2937.50 horizon=15.00 frames=150 commit_frames=20[0m
[0m[INFO] [1788847499.985489851]: [sim_plan] built plan=1750 start=2939.50 horizon=15.00 frames=150 commit_frames=20[0m
[0m[INFO] [1788847499.998774203]: [sim_plan] built plan=1751 start=2941.50 horizon=15.00 frames=150 commit_frames=20[0m
[0m[INFO] [1788847500.013747674]: [sim_plan] built plan=1752 start=2943.50 horizon=15.00 frames=150 commit_frames=20[0m
[0m[INFO] [1788847500.031055908]: [sim_plan] built plan=1753 start=2945.50 horizon=15.00 frames=150 commit_frames=20[0m
[0m[INFO] [1788847500.052509381]: [sim_plan] built plan=1754 start=2947.50 horizon=15.00 frames=150 commit_frames=20[0m
[0m[INFO] [178[33m[WARN] [1788847500.075112389]: [DEADLOCK] event=RETREAT_DONE pair=V1-V0 retreat=V1 pass=V0 target_s=3.1463[0m
[33m[WARN] [1788847500.075479731]: [DEADLOCK] event=PASS_START pair=V1-V0 retreat=V1 pass=V0 target_s=3.1463[0m
[33m[WARN] [1788847500.091692034]: [DEADLOCK] event=CLEAR pair=V1-V0 pass_s=0.982 reason=passer_released_to_normal_coordination[0m
[33m[WARN] [1788847500.361381874]: [SLOT_DEPARTURE] time=49min47.3s vehicle=V1 owner=V0 result=ALLOW reason=slot_departure_clear candidate_path_gen=77 slot_departure_clear_s=0.327 vehicle_mode=ACTIVE vehicle_speed=0.000 vehicle_path_s=0.000 blocker=none a1_prefix_conflict=0 ordinary_road_conflict=0 owner_phase=TO_A1 owner_path_gen=75 geometry=pending_preview protected_zones=0 actual_occupancy_priority=0[0m
[33m[WARN] [1788847500.361831886]: [multi_patrol][A1 EXIT PREPARED] V1 target=B61 pickup_dwell=5.00s exit_len=8.398 priority_until_s=0.758 horizon_refresh=IMMEDIATE[0m
[33m[WARN] [1788847500.390260846]: [multi_patrol][A1 EXIT HORIZON] V0 target=B58 dwell_part=4.90s departure_window=10.10s total_horizon=15.00s[0m
[33m[WARN] [1788847500.406406500]: [multi_patrol][A1 EXIT HORIZON] V0 target=B58 dwell_part=2.90s departure_window=12.10s total_horizon=15.00s[0m
[33m[WARN] [1788847500.424511382]: [multi_patrol][A1 EXIT HORIZON] V0 target=B58 dwell_part=0.90s departure_window=14.10s total_horizon=15.00s[0m
8847500.073808406]: [sim_plan] built plan=1755 start=2949.50 horizon=15.00 frames=150 commit_frames=20[0m
[0m[INFO] [1788847500.091369801]: [sim_plan] built plan=1756 start=2950.30 horizon=15.00 frames=150 commit_frames=20[0m
[0m[INFO] [1788847500.108007357]: [sim_plan] built plan=1757 start=2950.40 horizon=15.00 frames=150 commit_frames=20[0m
[0m[INFO] [1788847500.124635279]: [sim_plan] built plan=1758 start=2952.40 horizon=15.00 frames=150 commit_frames=20[0m
[0m[INFO] [1788847500.142231855]: [sim_plan] built plan=1759 start=2954.40 horizon=15.00 frames=150 commit_frames=20[0m
[0m[INFO] [1788847500.161232782]: [sim_plan] built plan=1760 start=2956.40 horizon=15.00 frames=150 commit_frames=20[0m
[0m[INFO] [1788847500.178396165]: [sim_plan] built plan=1761 start=2958.40 horizon=15.00 frames=150 commit_frames=20[0m
[0m[INFO] [1788847500.197979371]: [sim_plan] built plan=1762 start=2960.40 horizon=15.00 frames=150 commit_frames=20[0m
[0m[INFO] [1788847500.216563468]: [sim_plan] built plan=1763 start=2962.40 horizon=15.00 frames=150 commit_frames=20[0m
[0m[INFO] [1788847500.237623716]: [sim_plan] built plan=1764 start=2964.40 horizon=15.00 frames=150 commit_frames=20[0m
[0m[INFO] [1788847500.257734962]: [sim_plan] built plan=1765 start=2966.40 horizon=15.00 frames=150 commit_frames=20[0m
[0m[INFO] [1788847500.274717934]: [sim_plan] built plan=1766 start=2968.40 horizon=15.00 frames=150 commit_frames=20[0m
[0m[INFO] [1788847500.288996527]: [sim_plan] built plan=1767 start=2970.40 horizon=15.00 frames=150 commit_frames=20[0m
[0m[INFO] [1788847500.303287417]: [sim_plan] built plan=1768 start=2972.40 horizon=15.00 frames=150 commit_frames=20[0m
[0m[INFO] [1788847500.321196119]: [sim_plan] built plan=1769 start=2974.40 horizon=15.00 frames=150 commit_frames=20[0m
[0m[INFO] [1788847500.330269470]: [sim_plan] built plan=1770 start=2976.40 horizon=15.00 frames=150 commit_frames=20[0m
[0m[INFO] [1788847500.337601481]: [sim_plan] built plan=1771 start=2978.40 horizon=15.00 frames=150 commit_frames=20[0m
[0m[INFO] [1788847500.342498661]: [sim_plan] built plan=1772 start=2980.40 horizon=15.00 frames=150 commit_frames=20[0m
[0m[INFO] [1788847500.346080921]: [sim_plan] built plan=1773 start=2982.40 horizon=15.00 frames=150 commit_frames=20[0m
[0m[INFO] [1788847500.350128661]: [sim_plan] built plan=1774 start=2984.40 horizon=15.00 frames=150 commit_frames=20[0m
[0m[INFO] [1788847500.353779632]: [sim_plan] built plan=1775 start=2986.40 horizon=15.00 frames=150 commit_frames=20[0m
[0m[INFO] [1788847500.361320707]: [multi_patrol][A1] V1 pickup leg: B51 -> A1  wpts=490 len=6.199[0m
[0m[INFO] [1788847500.372693317]: [sim_plan] built plan=1776 start=2987.30 horizon=15.00 frames=150 commit_frames=20[0m
[0m[INFO] [1788847500.390213015]: [sim_plan] built plan=1777 start=2988.60 horizon=15.00 frames=150 commit_frames=20[0m
[0m[INFO] [1788847500.406065476]: [sim_plan] built plan=1778 start=2990.60 horizon=15.00 frames=150 commit_frames=20[0m
[0m[INFO] [1788847500.424465379]: [sim_plan] built plan=1779 start=2992.60 horizon=15.00 frames=150 commit_frames=20[0m
[0m[INFO] [1788847500.425606179]: [multi_patrol][A1] V0 activate prepared dropoff: A1 -> B58 len=6.957 priority_until_s=0.758[0m
[0m[INFO] [1788847500.443890150]: [sim_plan] built plan=1780 start=2993.50 horizon=15.00 frames=150 commit_frames=20[0m
[0m[INFO] [1788847500.473186859]: [sim_plan] built plan=1781 start=2995.50 horizon=15.00 frames=150 commit_frames=20[0m
[0m[INFO] [1788847500.492059015]: [sim_plan] built plan=1782 start=2997.50 horizon=15.00 frames=150 commit_frames=20[0m
[0m[INFO] [1788847500.493481296]: [multi_patrol][A1 EXIT PRIORITY RELEASE] V0 s=0.771 threshold=0.758[0m
[0m[INFO] [1788847500.509471598]: [sim_plan] built plan=1783 start=2999.50 horizon=15.00 frames=150 commit_frames=20[0m
[0m[INFO] [1788847500.526140904]: [sim_plan] built plan=1784 start=3001.50 horizon=15.00 frames=150 commit_frames=20[0m
[0m[INFO] [1788847500.543530554]: [sim_plan] built plan=1785 start=3003.50 horizon=15.00 frames=150 commit_fr[33m[WARN] [1788847500.683630237]: [multi_patrol][A1 EXIT HORIZON] V1 target=B61 dwell_part=4.90s departure_window=10.10s total_horizon=15.00s[0m
[33m[WARN] [1788847500.691204011]: [multi_patrol][A1 EXIT HORIZON] V1 target=B61 dwell_part=2.90s departure_window=12.10s total_horizon=15.00s[0m
[33m[WARN] [1788847500.699590493]: [multi_patrol][A1 EXIT HORIZON] V1 target=B61 dwell_part=0.90s departure_window=14.10s total_horizon=15.00s[0m
[33m[WARN] [1788847500.744060512]: [SLOT_DEPARTURE] time=50min39.7s vehicle=V0 owner=none result=ALLOW reason=no_service_owner candidate_path_gen=77 slot_departure_clear_s=0.346 vehicle_mode=ACTIVE vehicle_speed=0.000 vehicle_path_s=0.000 blocker=none a1_prefix_conflict=0 ordinary_road_conflict=0[0m
[33m[WARN] [1788847500.744583174]: [multi_patrol][A1 EXIT PREPARED] V0 target=B34 pickup_dwell=5.00s exit_len=4.275 priority_until_s=0.758 horizon_refresh=IMMEDIATE[0m
ames=20[0m
[0m[INFO] [1788847500.561025354]: [sim_plan] built plan=1786 start=3005.50 horizon=15.00 frames=150 commit_frames=20[0m
[0m[INFO] [1788847500.577464451]: [sim_plan] built plan=1787 start=3007.50 horizon=15.00 frames=150 commit_frames=20[0m
[0m[INFO] [1788847500.593380785]: [sim_plan] built plan=1788 start=3009.50 horizon=15.00 frames=150 commit_frames=20[0m
[0m[INFO] [1788847500.608647895]: [sim_plan] built plan=1789 start=3011.50 horizon=15.00 frames=150 commit_frames=20[0m
[0m[INFO] [1788847500.623156430]: [sim_plan] built plan=1790 start=3013.50 horizon=15.00 frames=150 commit_frames=20[0m
[0m[INFO] [1788847500.636870525]: [sim_plan] built plan=1791 start=3015.50 horizon=15.00 frames=150 commit_frames=20[0m
[0m[INFO] [1788847500.650153424]: [sim_plan] built plan=1792 start=3017.50 horizon=15.00 frames=150 commit_frames=20[0m
[0m[INFO] [1788847500.660818572]: [sim_plan] built plan=1793 start=3019.50 horizon=15.00 frames=150 commit_frames=20[0m
[0m[INFO] [1788847500.669677155]: [sim_plan] built plan=1794 start=3021.50 horizon=15.00 frames=150 commit_frames=20[0m
[0m[INFO] [1788847500.676832557]: [sim_plan] built plan=1795 start=3023.50 horizon=15.00 frames=150 commit_frames=20[0m
[0m[INFO] [1788847500.683578742]: [sim_plan] built plan=1796 start=3025.40 horizon=15.00 frames=150 commit_frames=20[0m
[0m[INFO] [1788847500.691162949]: [sim_plan] built plan=1797 start=3027.40 horizon=15.00 frames=150 commit_frames=20[0m
[0m[INFO] [1788847500.699533873]: [sim_plan] built plan=1798 start=3029.40 horizon=15.00 frames=150 commit_frames=20[0m
[0m[INFO] [1788847500.701071167]: [multi_patrol][A1] V1 activate prepared dropoff: A1 -> B61 len=8.398 priority_until_s=0.758[0m
[0m[INFO] [1788847500.708354984]: [sim_plan] built plan=1799 start=3030.30 horizon=15.00 frames=150 commit_frames=20[0m
[0m[INFO] [1788847500.729130589]: [sim_plan] built plan=1800 start=3032.30 horizon=15.00 frames=150 commit_frames=20[0m
[0m[INFO] [1788847500.734896649]: [sim_plan] built plan=1801 start=3034.30 horizon=15.00 frames=150 commit_frames=20[0m
[0m[INFO] [1788847500.736131819]: [multi_patrol][A1 EXIT PRIORITY RELEASE] V1 s=0.771 threshold=0.758[0m
[0m[INFO] [1788847500.739685640]: [sim_plan] built plan=1802 start=3036.30 horizon=15.00 frames=150 commit_frames=20[0m
[0m[INFO] [1788847500.743352067]: [sim_plan] built plan=1803 start=3038.30 horizon=15.00 frames=150 commit_frames=20[0m
[0m[INFO] [1788847500.744017701]: [multi_patrol][A1] V0 pickup leg: B58 -> A1  wpts=605 len=6.506[0m
[0m[INFO] [1788847500.767429154]: [sim_plan] built plan=1804 start=3039.70 horizon=15.00 frames=150 commit_frames=20[0m
[0m[INFO] [1788847500.824247912]: [sim_plan] built plan=1805 start=3041.70 horizon=15.00 frames=150 commit_frames=20[0m
[0m[INFO] [1788847500.861807575]: [sim_plan] built plan=1806 start=3043.70 horizon=15.00 frames=150 commit_frames=20[0m
[0m[INFO] [1788847500.899095751]: [sim_plan] built plan=1807 start=3045.70 horizon=15.00 frames=150 commit_frames=20[0m
[0m[INFO] [1788847500.927866737]: [sim_plan] built plan=1808 start=3047.70 horizon=15.00 frames=150 commit_frames=20[0m
[0m[INFO] [1788847500.958886708]: [sim_plan] built plan=1809 start=3049.70 horizon=15.00 frames=150 commit_frames=20[0m
[0m[INFO] [1788847500.986719013]: [sim_plan] built plan=1810 start=3051.70 horizon=15.00 frames=150 commit_frames=20[0m
[0m[INFO] [1788847501.009135501]: [sim_plan] built plan=1811 start=3053.70 horizon=15.00 frames=150 commit_frames=20[0m
[0m[INFO] [1788847501.030614258]: [sim_plan] built plan=1812 start=3055.70 horizon=15.00 frames=150 commit_frames=20[0m
[0m[INFO] [1788847501.054140260]: [sim_plan] built plan=1813 start=3057.70 horizon=15.00 frames=150 commit_frames=20[0m
[0m[INFO] [1788847501.081436495]: [sim_plan] built plan=1814 start=3059.70 horizon=15.00 frames=150 commit_frames=20[0m
[0m[INFO] [1788847501.105497082]: [sim_plan] built plan=1815 start=3061.70 horizon=15.00 frames=150 commit_frames=20[0m
[0m[INFO] [1788847501.126274931]: [sim_plan] built plan=1816 start=3063.70 horizon[33m[WARN] [1788847501.227932023]: [multi_patrol][A1 EXIT HORIZON] V0 target=B34 dwell_part=4.90s departure_window=10.10s total_horizon=15.00s[0m
[33m[WARN] [1788847501.234120214]: [SLOT_DEPARTURE] time=51min23.4s vehicle=V1 owner=V0 result=ALLOW reason=slot_departure_clear candidate_path_gen=79 slot_departure_clear_s=0.346 vehicle_mode=ACTIVE vehicle_speed=0.000 vehicle_path_s=0.000 blocker=none a1_prefix_conflict=0 ordinary_road_conflict=0 owner_phase=PICKUP_DWELL owner_path_gen=77 geometry=pending_preview protected_zones=0 actual_occupancy_priority=0[0m
[33m[WARN] [1788847501.234615504]: [multi_patrol][A1 EXIT PREPARED] V1 target=B28 pickup_dwell=5.00s exit_len=3.444 priority_until_s=0.758 horizon_refresh=IMMEDIATE[0m
[33m[WARN] [1788847501.247765705]: [multi_patrol][A1 EXIT HORIZON] V0 target=B34 dwell_part=4.00s departure_window=11.00s total_horizon=15.00s[0m
[33m[WARN] [1788847501.266956885]: [multi_patrol][A1 EXIT HORIZON] V0 target=B34 dwell_part=2.00s departure_window=13.00s total_horizon=15.00s[0m
[33m[WARN] [1788847501.509014115]: [multi_patrol][A1 EXIT HORIZON] V1 target=B28 dwell_part=4.90s departure_window=10.10s total_horizon=15.00s[0m
=15.00 frames=150 commit_frames=20[0m
[0m[INFO] [1788847501.145870134]: [sim_plan] built plan=1817 start=3065.70 horizon=15.00 frames=150 commit_frames=20[0m
[0m[INFO] [1788847501.170878013]: [sim_plan] built plan=1818 start=3067.70 horizon=15.00 frames=150 commit_frames=20[0m
[0m[INFO] [1788847501.183747660]: [sim_plan] built plan=1819 start=3069.70 horizon=15.00 frames=150 commit_frames=20[0m
[0m[INFO] [1788847501.194362432]: [sim_plan] built plan=1820 start=3071.70 horizon=15.00 frames=150 commit_frames=20[0m
[0m[INFO] [1788847501.203454715]: [sim_plan] built plan=1821 start=3073.70 horizon=15.00 frames=150 commit_frames=20[0m
[0m[INFO] [1788847501.209988442]: [sim_plan] built plan=1822 start=3075.70 horizon=15.00 frames=150 commit_frames=20[0m
[0m[INFO] [1788847501.215364936]: [sim_plan] built plan=1823 start=3077.70 horizon=15.00 frames=150 commit_frames=20[0m
[0m[INFO] [1788847501.219522507]: [sim_plan] built plan=1824 start=3079.70 horizon=15.00 frames=150 commit_frames=20[0m
[0m[INFO] [1788847501.223566920]: [sim_plan] built plan=1825 start=3081.70 horizon=15.00 frames=150 commit_frames=20[0m
[0m[INFO] [1788847501.227880515]: [sim_plan] built plan=1826 start=3082.50 horizon=15.00 frames=150 commit_frames=20[0m
[0m[INFO] [1788847501.234069187]: [multi_patrol][A1] V1 pickup leg: B61 -> A1  wpts=479 len=5.806[0m
[0m[INFO] [1788847501.247699099]: [sim_plan] built plan=1827 start=3083.40 horizon=15.00 frames=150 commit_frames=20[0m
[0m[INFO] [1788847501.266905838]: [sim_plan] built plan=1828 start=3085.40 horizon=15.00 frames=150 commit_frames=20[0m
[0m[INFO] [1788847501.268915562]: [multi_patrol][A1] V0 activate prepared dropoff: A1 -> B34 len=4.275 priority_until_s=0.758[0m
[0m[INFO] [1788847501.290006734]: [sim_plan] built plan=1829 start=3087.40 horizon=15.00 frames=150 commit_frames=20[0m
[0m[INFO] [1788847501.318148114]: [sim_plan] built plan=1830 start=3089.40 horizon=15.00 frames=150 commit_frames=20[0m
[0m[INFO] [1788847501.339047381]: [sim_plan] built plan=1831 start=3091.40 horizon=15.00 frames=150 commit_frames=20[0m
[0m[INFO] [1788847501.340621872]: [multi_patrol][A1 EXIT PRIORITY RELEASE] V0 s=0.771 threshold=0.758[0m
[0m[INFO] [1788847501.360151848]: [sim_plan] built plan=1832 start=3093.40 horizon=15.00 frames=150 commit_frames=20[0m
[0m[INFO] [1788847501.378167255]: [sim_plan] built plan=1833 start=3095.40 horizon=15.00 frames=150 commit_frames=20[0m
[0m[INFO] [1788847501.395435783]: [sim_plan] built plan=1834 start=3097.40 horizon=15.00 frames=150 commit_frames=20[0m
[0m[INFO] [1788847501.411055962]: [sim_plan] built plan=1835 start=3099.40 horizon=15.00 frames=150 commit_frames=20[0m
[0m[INFO] [1788847501.426539705]: [sim_plan] built plan=1836 start=3101.40 horizon=15.00 frames=150 commit_frames=20[0m
[0m[INFO] [1788847501.443784498]: [sim_plan] built plan=1837 start=3103.40 horizon=15.00 frames=150 commit_frames=20[0m
[0m[INFO] [1788847501.461439392]: [sim_plan] built plan=1838 start=3105.40 horizon=15.00 frames=150 commit_frames=20[0m
[0m[INFO] [1788847501.473072616]: [sim_plan] built plan=1839 start=3107.40 horizon=15.00 frames=150 commit_frames=20[0m
[0m[INFO] [1788847501.482508570]: [sim_plan] built plan=1840 start=3109.40 horizon=15.00 frames=150 commit_frames=20[0m
[0m[INFO] [1788847501.489536566]: [sim_plan] built plan=1841 start=3111.40 horizon=15.00 frames=150 commit_frames=20[0m
[0m[INFO] [1788847501.494679335]: [sim_plan] built plan=1842 start=3113.40 horizon=15.00 frames=150 commit_frames=20[0m
[0m[INFO] [1788847501.498186500]: [sim_plan] built plan=1843 start=3115.40 horizon=15.00 frames=150 commit_frames=20[0m
[0m[INFO] [1788847501.501392904]: [sim_plan] built plan=1844 start=3117.40 horizon=15.00 frames=150 commit_frames=20[0m
[0m[INFO] [1788847501.504958984]: [sim_plan] built plan=1845 start=3119.40 horizon=15.00 frames=150 commit_frames=20[0m
[0m[INFO] [1788847501.508966285]: [sim_plan] built plan=1846 start=3119.50 horizon=15.00 frames=150 commit_frames=20[0m
[0m[INFO] [1788847501.512079403]: [multi_patrol][A1] V0[33m[WARN] [1788847501.512404019]: [SLOT_DEPARTURE] time=52min0.3s vehicle=V0 owner=V1 result=ALLOW reason=slot_departure_clear candidate_path_gen=79 slot_departure_clear_s=0.327 vehicle_mode=ACTIVE vehicle_speed=0.000 vehicle_path_s=0.000 blocker=none a1_prefix_conflict=0 ordinary_road_conflict=0 owner_phase=PICKUP_DWELL owner_path_gen=79 geometry=pending_preview protected_zones=0 actual_occupancy_priority=0[0m
[33m[WARN] [1788847501.512837571]: [multi_patrol][A1 EXIT PREPARED] V0 target=B49 pickup_dwell=5.00s exit_len=8.289 priority_until_s=0.758 horizon_refresh=IMMEDIATE[0m
[33m[WARN] [1788847501.554353091]: [multi_patrol][A1 EXIT HORIZON] V1 target=B28 dwell_part=4.10s departure_window=10.90s total_horizon=15.00s[0m
[33m[WARN] [1788847501.604283115]: [multi_patrol][A1 EXIT HORIZON] V1 target=B28 dwell_part=2.10s departure_window=12.90s total_horizon=15.00s[0m
[33m[WARN] [1788847501.605553536]: [SOURCE=REAL] [plan=1848] [frame=12] [rollout_step=-1] [multi_patrol][A1 EXIT INTRUSION ENTER] owner=V1 target=B28 blocker=V0 dwell_remaining=0.90s visible_exit_t=14.30s owner_exit_s=2.151 blocker_phase=1 blocker_s=0.400 action=DIAG_ONLY[0m
[33m[WARN] [1788847501.656923543]: [multi_patrol][A1 EXIT HORIZON] V1 target=B28 dwell_part=0.10s departure_window=14.90s total_horizon=15.00s[0m
[33m[WARN] [1788847501.795396758]: [SOURCE=REAL] [plan=1852] [frame=14] [rollout_step=-1] [multi_patrol][A1 EXIT INTRUSION CLEAR] owner=V1 blocker=V0[0m
[33m[WARN] [1788847501.913577417]: [multi_patrol][A1 EXIT HORIZON] V0 target=B49 dwell_part=4.90s departure_window=10.10s total_horizon=15.00s[0m
[33m[WARN] [1788847501.918701988]: [multi_patrol][A1 EXIT HORIZON] V0 target=B49 dwell_part=2.90s departure_window=12.10s total_horizon=15.00s[0m
[33m[WARN] [1788847501.924256578]: [multi_patrol][A1 EXIT HORIZON] V0 target=B49 dwell_part=0.90s departure_window=14.10s total_horizon=15.00s[0m
[33m[WARN] [1788847501.930416567]: [SLOT_DEPARTURE] time=52min31.0s vehicle=V1 owner=V0 result=ALLOW reason=slot_departure_clear candidate_path_gen=81 slot_departure_clear_s=0.327 vehicle_mode=ACTIVE vehicle_speed=0.000 vehicle_path_s=0.000 blocker=none a1_prefix_conflict=0 ordinary_road_conflict=0 owner_phase=PICKUP_DWELL owner_path_gen=79 geometry=pending_preview protected_zones=0 actual_occupancy_priority=0[0m
[33m[WARN] [1788847501.930912208]: [multi_patrol][A1 EXIT PREPARED] V1 target=B61 pickup_dwell=5.00s exit_len=8.398 priority_until_s=0.758 horizon_refresh=IMMEDIATE[0m
[33m[WARN] [1788847501.950545774]: [multi_patrol][A1 EXIT HORIZON] V0 target=B49 dwell_part=0.30s departure_window=14.70s total_horizon=15.00s[0m
[33m[WARN] [1788847502.028822609]: [SOURCE=REAL] [plan=1867] [frame=2] [rollout_step=-1] [multi_patrol][A1 EXIT INTRUSION ENTER] owner=V0 target=B49 blocker=V1 dwell_remaining=0.00s visible_exit_t=14.85s owner_exit_s=3.128 blocker_phase=1 blocker_s=0.643 action=DIAG_ONLY[0m
[33m[WARN] [1788847502.030305967]: [SOURCE=REAL] [plan=1867] [frame=14] [rollout_step=-1] [multi_patrol][A1 EXIT INTRUSION CLEAR] owner=V0 blocker=V1[0m
 pickup leg: B34 -> A1  wpts=284 len=3.088[0m
[0m[INFO] [1788847501.554308025]: [sim_plan] built plan=1847 start=3120.30 horizon=15.00 frames=150 commit_frames=20[0m
[0m[INFO] [1788847501.604236266]: [sim_plan] built plan=1848 start=3122.30 horizon=15.00 frames=150 commit_frames=20[0m
[0m[INFO] [1788847501.656863019]: [sim_plan] built plan=1849 start=3124.30 horizon=15.00 frames=150 commit_frames=20[0m
[0m[INFO] [1788847501.658076553]: [multi_patrol][A1] V1 activate prepared dropoff: A1 -> B28 len=3.444 priority_until_s=0.758[0m
[0m[INFO] [1788847501.709134358]: [sim_plan] built plan=1850 start=3124.40 horizon=15.00 frames=150 commit_frames=20[0m
[0m[INFO] [1788847501.757799176]: [sim_plan] built plan=1851 start=3126.40 horizon=15.00 frames=150 commit_frames=20[0m
[0m[INFO] [1788847501.794218733]: [sim_plan] built plan=1852 start=3128.40 horizon=15.00 frames=150 commit_frames=20[0m
[0m[INFO] [1788847501.795360229]: [multi_patrol][A1 EXIT PRIORITY RELEASE] V1 s=0.771 threshold=0.758[0m
[0m[INFO] [1788847501.825433825]: [sim_plan] built plan=1853 start=3130.40 horizon=15.00 frames=150 commit_frames=20[0m
[0m[INFO] [1788847501.849787297]: [sim_plan] built plan=1854 start=3132.40 horizon=15.00 frames=150 commit_frames=20[0m
[0m[INFO] [1788847501.864484616]: [sim_plan] built plan=1855 start=3134.40 horizon=15.00 frames=150 commit_frames=20[0m
[0m[INFO] [1788847501.875154556]: [sim_plan] built plan=1856 start=3136.40 horizon=15.00 frames=150 commit_frames=20[0m
[0m[INFO] [1788847501.889141484]: [sim_plan] built plan=1857 start=3138.40 horizon=15.00 frames=150 commit_frames=20[0m
[0m[INFO] [1788847501.897293354]: [sim_plan] built plan=1858 start=3140.40 horizon=15.00 frames=150 commit_frames=20[0m
[0m[INFO] [1788847501.902985104]: [sim_plan] built plan=1859 start=3142.40 horizon=15.00 frames=150 commit_frames=20[0m
[0m[INFO] [1788847501.907058767]: [sim_plan] built plan=1860 start=3144.40 horizon=15.00 frames=150 commit_frames=20[0m
[0m[INFO] [1788847501.913513275]: [sim_plan] built plan=1861 start=3146.40 horizon=15.00 frames=150 commit_frames=20[0m
[0m[INFO] [1788847501.918653205]: [sim_plan] built plan=1862 start=3148.40 horizon=15.00 frames=150 commit_frames=20[0m
[0m[INFO] [1788847501.924205120]: [sim_plan] built plan=1863 start=3150.40 horizon=15.00 frames=150 commit_frames=20[0m
[0m[INFO] [1788847501.930341795]: [multi_patrol][A1] V1 pickup leg: B28 -> A1  wpts=298 len=3.913[0m
[0m[INFO] [1788847501.950476452]: [sim_plan] built plan=1864 start=3151.00 horizon=15.00 frames=150 commit_frames=20[0m
[0m[INFO] [1788847501.951666453]: [multi_patrol][A1] V0 activate prepared dropoff: A1 -> B49 len=8.289 priority_until_s=0.758[0m
[0m[INFO] [1788847501.970065855]: [sim_plan] built plan=1865 start=3151.30 horizon=15.00 frames=150 commit_frames=20[0m
[0m[INFO] [1788847501.996045392]: [sim_plan] built plan=1866 start=3153.30 horizon=15.00 frames=150 commit_frames=20[0m
[0m[INFO] [1788847502.028244292]: [sim_plan] built plan=1867 start=3155.30 horizon=15.00 frames=150 commit_frames=20[0m
[0m[INFO] [1788847502.030264118]: [multi_patrol][A1 EXIT PRIORITY RELEASE] V0 s=0.771 threshold=0.758[0m
[0m[INFO] [1788847502.058563916]: [sim_plan] built plan=1868 start=3157.30 horizon=15.00 frames=150 commit_frames=20[0m
[0m[INFO] [1788847502.080196024]: [sim_plan] built plan=1869 start=3159.30 horizon=15.00 frames=150 commit_frames=20[0m
[0m[INFO] [1788847502.100333817]: [sim_plan] built plan=1870 start=3161.30 horizon=15.00 frames=150 commit_frames=20[0m
[0m[INFO] [1788847502.117390673]: [sim_plan] built plan=1871 start=3163.30 horizon=15.00 frames=150 commit_frames=20[0m
[0m[INFO] [1788847502.134350269]: [sim_plan] built plan=1872 start=3165.30 horizon=15.00 frames=150 commit_frames=20[0m
[0m[INFO] [1788847502.147646516]: [sim_plan] built plan=1873 start=3167.30 horizon=15.00 frames=150 commit_frames=20[0m
[0m[INFO] [1788847502.159189651]: [sim_plan] built plan=1874 start=3169.30 horizon=15.00 frames=150 commit_frames=20[0m
[0m[INFO] [1788847502.169883226]: [sim_plan] built pl[33m[WARN] [1788847502.190845621]: [multi_patrol][A1 EXIT HORIZON] V1 target=B61 dwell_part=4.90s departure_window=10.10s total_horizon=15.00s[0m
[33m[WARN] [1788847502.204696747]: [multi_patrol][A1 EXIT HORIZON] V1 target=B61 dwell_part=2.90s departure_window=12.10s total_horizon=15.00s[0m
[33m[WARN] [1788847502.223224947]: [multi_patrol][A1 EXIT HORIZON] V1 target=B61 dwell_part=0.90s departure_window=14.10s total_horizon=15.00s[0m
[33m[WARN] [1788847502.414035879]: [SLOT_DEPARTURE] time=53min23.9s vehicle=V0 owner=none result=ALLOW reason=no_service_owner candidate_path_gen=81 slot_departure_clear_s=0.327 vehicle_mode=ACTIVE vehicle_speed=0.000 vehicle_path_s=0.000 blocker=none a1_prefix_conflict=0 ordinary_road_conflict=0[0m
[33m[WARN] [1788847502.414694430]: [multi_patrol][A1 EXIT PREPARED] V0 target=B8 pickup_dwell=5.00s exit_len=2.336 priority_until_s=0.756 horizon_refresh=IMMEDIATE[0m
an=1875 start=3171.30 horizon=15.00 frames=150 commit_frames=20[0m
[0m[INFO] [1788847502.180673048]: [sim_plan] built plan=1876 start=3173.30 horizon=15.00 frames=150 commit_frames=20[0m
[0m[INFO] [1788847502.190796306]: [sim_plan] built plan=1877 start=3174.90 horizon=15.00 frames=150 commit_frames=20[0m
[0m[INFO] [1788847502.204642375]: [sim_plan] built plan=1878 start=3176.90 horizon=15.00 frames=150 commit_frames=20[0m
[0m[INFO] [1788847502.223149818]: [sim_plan] built plan=1879 start=3178.90 horizon=15.00 frames=150 commit_frames=20[0m
[0m[INFO] [1788847502.224822984]: [multi_patrol][A1] V1 activate prepared dropoff: A1 -> B61 len=8.398 priority_until_s=0.758[0m
[0m[INFO] [1788847502.243371254]: [sim_plan] built plan=1880 start=3179.80 horizon=15.00 frames=150 commit_frames=20[0m
[0m[INFO] [1788847502.286041979]: [sim_plan] built plan=1881 start=3181.80 horizon=15.00 frames=150 commit_frames=20[0m
[0m[INFO] [1788847502.307189800]: [sim_plan] built plan=1882 start=3183.80 horizon=15.00 frames=150 commit_frames=20[0m
[0m[INFO] [1788847502.308644050]: [multi_patrol][A1 EXIT PRIORITY RELEASE] V1 s=0.771 threshold=0.758[0m
[0m[INFO] [1788847502.327955079]: [sim_plan] built plan=1883 start=3185.80 horizon=15.00 frames=150 commit_frames=20[0m
[0m[INFO] [1788847502.346137076]: [sim_plan] built plan=1884 start=3187.80 horizon=15.00 frames=150 commit_frames=20[0m
[0m[INFO] [1788847502.363064757]: [sim_plan] built plan=1885 start=3189.80 horizon=15.00 frames=150 commit_frames=20[0m
[0m[INFO] [1788847502.374680954]: [sim_plan] built plan=1886 start=3191.80 horizon=15.00 frames=150 commit_frames=20[0m
[0m[INFO] [1788847502.384243116]: [sim_plan] built plan=1887 start=3193.80 horizon=15.00 frames=150 commit_frames=20[0m
[0m[INFO] [1788847502.392948526]: [sim_plan] built plan=1888 start=3195.80 horizon=15.00 frames=150 commit_frames=20[0m
[0m[INFO] [1788847502.399775211]: [sim_plan] built plan=1889 start=3197.80 horizon=15.00 frames=150 commit_frames=20[0m
[0m[INFO] [1788847502.404731740]: [sim_plan] built plan=1890 start=3199.80 horizon=15.00 frames=150 commit_frames=20[0m
[0m[INFO] [1788847502.408665247]: [sim_plan] built plan=1891 start=3201.80 horizon=15.00 frames=150 commit_frames=20[0m
[0m[INFO] [1788847502.413182800]: [sim_plan] built plan=1892 start=3203.80 horizon=15.00 frames=150 commit_frames=20[0m
[0m[INFO] [1788847502.413986154]: [multi_patrol][A1] V0 pickup leg: B49 -> A1  wpts=466 len=5.961[0m
[0m[INFO] [1788847502.435693608]: [sim_plan] built plan=1893 start=3203.90 horizon=15.00 frames=150 commit_frames=20[0m
[0m[INFO] [1788847502.471208623]: [sim_plan] built plan=1894 start=3205.90 horizon=15.00 frames=150 commit_frames=20[0m
[0m[INFO] [1788847502.491171172]: [sim_plan] built plan=1895 start=3207.90 horizon=15.00 frames=150 commit_frames=20[0m
[0m[INFO] [1788847502.512171209]: [sim_plan] built plan=1896 start=3209.90 horizon=15.00 frames=150 commit_frames=20[0m
[0m[INFO] [1788847502.537023025]: [sim_plan] built plan=1897 start=3211.90 horizon=15.00 frames=150 commit_frames=20[0m
[0m[INFO] [1788847502.561622571]: [sim_plan] built plan=1898 start=3213.90 horizon=15.00 frames=150 commit_frames=20[0m
[0m[INFO] [1788847502.578603223]: [sim_plan] built plan=1899 start=3215.90 horizon=15.00 frames=150 commit_frames=20[0m
[0m[INFO] [1788847502.592980129]: [sim_plan] built plan=1900 start=3217.90 horizon=15.00 frames=150 commit_frames=20[0m
[0m[INFO] [1788847502.609042549]: [sim_plan] built plan=1901 start=3219.90 horizon=15.00 frames=150 commit_frames=20[0m
[0m[INFO] [1788847502.620924049]: [sim_plan] built plan=1902 start=3221.90 horizon=15.00 frames=150 commit_frames=20[0m
[0m[INFO] [1788847502.630372900]: [sim_plan] built plan=1903 start=3223.90 horizon=15.00 frames=150 commit_frames=20[0m
[0m[INFO] [1788847502.641684378]: [sim_plan] built plan=1904 start=3225.90 horizon=15.00 frames=150 commit_frames=20[0m
[0m[INFO] [1788847502.647064108]: [sim_plan] built plan=1905 start=3227.90 horizon=15.00 frames=150 commit_frames=20[0m
[0m[INFO] [1788847502.6519[33m[WARN] [1788847502.661784513]: [SLOT_DEPARTURE] time=53min52.9s vehicle=V1 owner=V0 result=ALLOW reason=slot_departure_clear candidate_path_gen=83 slot_departure_clear_s=0.346 vehicle_mode=ACTIVE vehicle_speed=0.000 vehicle_path_s=0.000 blocker=none a1_prefix_conflict=0 ordinary_road_conflict=0 owner_phase=TO_A1 owner_path_gen=81 geometry=pending_preview protected_zones=0 actual_occupancy_priority=0[0m
[33m[WARN] [1788847502.662435716]: [multi_patrol][A1 EXIT PREPARED] V1 target=B35 pickup_dwell=5.00s exit_len=7.330 priority_until_s=0.758 horizon_refresh=IMMEDIATE[0m
[33m[WARN] [1788847502.738516686]: [multi_patrol][A1 EXIT HORIZON] V0 target=B8 dwell_part=4.90s departure_window=10.10s total_horizon=15.00s[0m
[33m[WARN] [1788847502.753180341]: [multi_patrol][A1 EXIT HORIZON] V0 target=B8 dwell_part=2.90s departure_window=12.10s total_horizon=15.00s[0m
[33m[WARN] [1788847502.770053880]: [multi_patrol][A1 EXIT HORIZON] V0 target=B8 dwell_part=0.90s departure_window=14.10s total_horizon=15.00s[0m
[33m[WARN] [1788847502.970506282]: [SLOT_DEPARTURE] time=54min24.8s vehicle=V0 owner=V1 result=ALLOW reason=slot_departure_clear candidate_path_gen=83 slot_departure_clear_s=0.346 vehicle_mode=ACTIVE vehicle_speed=0.000 vehicle_path_s=0.000 blocker=none a1_prefix_conflict=0 ordinary_road_conflict=0 owner_phase=TO_A1 owner_path_gen=83 geometry=pending_preview protected_zones=0 actual_occupancy_priority=0[0m
[33m[WARN] [1788847502.971099705]: [multi_patrol][A1 EXIT PREPARED] V0 target=B61 pickup_dwell=5.00s exit_len=8.398 priority_until_s=0.758 horizon_refresh=IMMEDIATE[0m
[33m[WARN] [1788847503.272479382]: [multi_patrol][A1 EXIT HORIZON] V1 target=B35 dwell_part=4.90s departure_window=10.10s total_horizon=15.00s[0m
[33m[WARN] [1788847503.334776756]: [multi_patrol][A1 EXIT HORIZON] V1 target=B35 dwell_part=2.90s departure_window=12.10s total_horizon=15.00s[0m
[33m[WARN] [1788847503.400347805]: [multi_patrol][A1 EXIT HORIZON] V1 target=B35 dwell_part=0.90s departure_window=14.10s total_horizon=15.00s[0m
60182]: [sim_plan] built plan=1906 start=3229.90 horizon=15.00 frames=150 commit_frames=20[0m
[0m[INFO] [1788847502.657988059]: [sim_plan] built plan=1907 start=3231.90 horizon=15.00 frames=150 commit_frames=20[0m
[0m[INFO] [1788847502.661730161]: [multi_patrol][A1] V1 pickup leg: B61 -> A1  wpts=479 len=5.806[0m
[0m[INFO] [1788847502.677840686]: [sim_plan] built plan=1908 start=3232.90 horizon=15.00 frames=150 commit_frames=20[0m
[0m[INFO] [1788847502.702318074]: [sim_plan] built plan=1909 start=3234.90 horizon=15.00 frames=150 commit_frames=20[0m
[0m[INFO] [1788847502.714981405]: [sim_plan] built plan=1910 start=3236.90 horizon=15.00 frames=150 commit_frames=20[0m
[0m[INFO] [1788847502.726790934]: [sim_plan] built plan=1911 start=3238.90 horizon=15.00 frames=150 commit_frames=20[0m
[0m[INFO] [1788847502.738431759]: [sim_plan] built plan=1912 start=3240.80 horizon=15.00 frames=150 commit_frames=20[0m
[0m[INFO] [1788847502.753121714]: [sim_plan] built plan=1913 start=3242.80 horizon=15.00 frames=150 commit_frames=20[0m
[0m[INFO] [1788847502.770005175]: [sim_plan] built plan=1914 start=3244.80 horizon=15.00 frames=150 commit_frames=20[0m
[0m[INFO] [1788847502.771245504]: [multi_patrol][A1] V0 activate prepared dropoff: A1 -> B8 len=2.336 priority_until_s=0.756[0m
[0m[INFO] [1788847502.806706006]: [sim_plan] built plan=1915 start=3245.70 horizon=15.00 frames=150 commit_frames=20[0m
[0m[INFO] [1788847502.857346990]: [sim_plan] built plan=1916 start=3247.70 horizon=15.00 frames=150 commit_frames=20[0m
[0m[INFO] [1788847502.890245741]: [sim_plan] built plan=1917 start=3249.70 horizon=15.00 frames=150 commit_frames=20[0m
[0m[INFO] [1788847502.891404149]: [multi_patrol][A1 EXIT PRIORITY RELEASE] V0 s=0.768 threshold=0.756[0m
[0m[INFO] [1788847502.916289633]: [sim_plan] built plan=1918 start=3251.70 horizon=15.00 frames=150 commit_frames=20[0m
[0m[INFO] [1788847502.932955120]: [sim_plan] built plan=1919 start=3253.70 horizon=15.00 frames=150 commit_frames=20[0m
[0m[INFO] [1788847502.943495589]: [sim_plan] built plan=1920 start=3255.70 horizon=15.00 frames=150 commit_frames=20[0m
[0m[INFO] [1788847502.949616597]: [sim_plan] built plan=1921 start=3257.70 horizon=15.00 frames=150 commit_frames=20[0m
[0m[INFO] [1788847502.958021929]: [sim_plan] built plan=1922 start=3259.70 horizon=15.00 frames=150 commit_frames=20[0m
[0m[INFO] [1788847502.962461113]: [sim_plan] built plan=1923 start=3261.70 horizon=15.00 frames=150 commit_frames=20[0m
[0m[INFO] [1788847502.965884703]: [sim_plan] built plan=1924 start=3263.70 horizon=15.00 frames=150 commit_frames=20[0m
[0m[INFO] [1788847502.970462452]: [multi_patrol][A1] V0 pickup leg: B8 -> A1  wpts=276 len=2.815[0m
[0m[INFO] [1788847503.015781014]: [sim_plan] built plan=1925 start=3264.80 horizon=15.00 frames=150 commit_frames=20[0m
[0m[INFO] [1788847503.060750663]: [sim_plan] built plan=1926 start=3266.80 horizon=15.00 frames=150 commit_frames=20[0m
[0m[INFO] [1788847503.104623075]: [sim_plan] built plan=1927 start=3268.80 horizon=15.00 frames=150 commit_frames=20[0m
[0m[INFO] [1788847503.156976530]: [sim_plan] built plan=1928 start=3270.80 horizon=15.00 frames=150 commit_frames=20[0m
[0m[INFO] [1788847503.272421659]: [sim_plan] built plan=1929 start=3271.50 horizon=15.00 frames=150 commit_frames=20[0m
[0m[INFO] [1788847503.334727927]: [sim_plan] built plan=1930 start=3273.50 horizon=15.00 frames=150 commit_frames=20[0m
[0m[INFO] [1788847503.400300242]: [sim_plan] built plan=1931 start=3275.50 horizon=15.00 frames=150 commit_frames=20[0m
[0m[INFO] [1788847503.401731392]: [multi_patrol][A1] V1 activate prepared dropoff: A1 -> B35 len=7.330 priority_until_s=0.758[0m
[0m[INFO] [1788847503.488363587]: [sim_plan] built plan=1932 start=3276.40 horizon=15.00 frames=150 commit_frames=20[0m
[0m[INFO] [1788847503.544860975]: [sim_plan] built plan=1933 start=3278.40 horizon=15.00 frames=150 commit_frames=20[0m
[0m[INFO] [1788847503.592473440]: [sim_plan] built plan=1934 start=3280.40 horizon=15.00 frames=150 commit_frames=20[0m
[0m[INFO] [[33m[WARN] [1788847503.819058408]: [multi_patrol][A1 EXIT HORIZON] V0 target=B61 dwell_part=4.90s departure_window=10.10s total_horizon=15.00s[0m
[33m[WARN] [1788847503.830918037]: [multi_patrol][A1 EXIT HORIZON] V0 target=B61 dwell_part=2.90s departure_window=12.10s total_horizon=15.00s[0m
[33m[WARN] [1788847503.844528092]: [multi_patrol][A1 EXIT HORIZON] V0 target=B61 dwell_part=0.90s departure_window=14.10s total_horizon=15.00s[0m
[33m[WARN] [1788847503.926336519]: [SLOT_DEPARTURE] time=55min24.0s vehicle=V1 owner=none result=ALLOW reason=no_service_owner candidate_path_gen=85 slot_departure_clear_s=0.327 vehicle_mode=ACTIVE vehicle_speed=0.000 vehicle_path_s=0.000 blocker=none a1_prefix_conflict=0 ordinary_road_conflict=0[0m
[33m[WARN] [1788847503.926906537]: [multi_patrol][A1 EXIT PREPARED] V1 target=B53 pickup_dwell=5.00s exit_len=6.964 priority_until_s=0.758 horizon_refresh=IMMEDIATE[0m
1788847503.593907113]: [multi_patrol][A1 EXIT PRIORITY RELEASE] V1 s=0.771 threshold=0.758[0m
[0m[INFO] [1788847503.633015741]: [sim_plan] built plan=1935 start=3282.40 horizon=15.00 frames=150 commit_frames=20[0m
[0m[INFO] [1788847503.663454057]: [sim_plan] built plan=1936 start=3284.40 horizon=15.00 frames=150 commit_frames=20[0m
[0m[INFO] [1788847503.685882807]: [sim_plan] built plan=1937 start=3286.40 horizon=15.00 frames=150 commit_frames=20[0m
[0m[INFO] [1788847503.704637329]: [sim_plan] built plan=1938 start=3288.40 horizon=15.00 frames=150 commit_frames=20[0m
[0m[INFO] [1788847503.722678408]: [sim_plan] built plan=1939 start=3290.40 horizon=15.00 frames=150 commit_frames=20[0m
[0m[INFO] [1788847503.738199725]: [sim_plan] built plan=1940 start=3292.40 horizon=15.00 frames=150 commit_frames=20[0m
[0m[INFO] [1788847503.751602084]: [sim_plan] built plan=1941 start=3294.40 horizon=15.00 frames=150 commit_frames=20[0m
[0m[INFO] [1788847503.765405171]: [sim_plan] built plan=1942 start=3296.40 horizon=15.00 frames=150 commit_frames=20[0m
[0m[INFO] [1788847503.777692121]: [sim_plan] built plan=1943 start=3298.40 horizon=15.00 frames=150 commit_frames=20[0m
[0m[INFO] [1788847503.788478994]: [sim_plan] built plan=1944 start=3300.40 horizon=15.00 frames=150 commit_frames=20[0m
[0m[INFO] [1788847503.798581627]: [sim_plan] built plan=1945 start=3302.40 horizon=15.00 frames=150 commit_frames=20[0m
[0m[INFO] [1788847503.808214594]: [sim_plan] built plan=1946 start=3304.40 horizon=15.00 frames=150 commit_frames=20[0m
[0m[INFO] [1788847503.818999086]: [sim_plan] built plan=1947 start=3304.50 horizon=15.00 frames=150 commit_frames=20[0m
[0m[INFO] [1788847503.830866018]: [sim_plan] built plan=1948 start=3306.50 horizon=15.00 frames=150 commit_frames=20[0m
[0m[INFO] [1788847503.844478910]: [sim_plan] built plan=1949 start=3308.50 horizon=15.00 frames=150 commit_frames=20[0m
[0m[INFO] [1788847503.846027086]: [multi_patrol][A1] V0 activate prepared dropoff: A1 -> B61 len=8.398 priority_until_s=0.758[0m
[0m[INFO] [1788847503.858521772]: [sim_plan] built plan=1950 start=3309.40 horizon=15.00 frames=150 commit_frames=20[0m
[0m[INFO] [1788847503.887725797]: [sim_plan] built plan=1951 start=3311.40 horizon=15.00 frames=150 commit_frames=20[0m
[0m[INFO] [1788847503.899120045]: [sim_plan] built plan=1952 start=3313.40 horizon=15.00 frames=150 commit_frames=20[0m
[0m[INFO] [1788847503.900467429]: [multi_patrol][A1 EXIT PRIORITY RELEASE] V0 s=0.771 threshold=0.758[0m
[0m[INFO] [1788847503.907872808]: [sim_plan] built plan=1953 start=3315.40 horizon=15.00 frames=150 commit_frames=20[0m
[0m[INFO] [1788847503.913683869]: [sim_plan] built plan=1954 start=3317.40 horizon=15.00 frames=150 commit_frames=20[0m
[0m[INFO] [1788847503.917282835]: [sim_plan] built plan=1955 start=3319.40 horizon=15.00 frames=150 commit_frames=20[0m
[0m[INFO] [1788847503.921206802]: [sim_plan] built plan=1956 start=3321.40 horizon=15.00 frames=150 commit_frames=20[0m
[0m[INFO] [1788847503.925550488]: [sim_plan] built plan=1957 start=3323.40 horizon=15.00 frames=150 commit_frames=20[0m
[0m[INFO] [1788847503.926292327]: [multi_patrol][A1] V1 pickup leg: B35 -> A1  wpts=491 len=5.663[0m
[0m[INFO] [1788847503.962030440]: [sim_plan] built plan=1958 start=3324.00 horizon=15.00 frames=150 commit_frames=20[0m
[0m[INFO] [1788847503.991351311]: [sim_plan] built plan=1959 start=3326.00 horizon=15.00 frames=150 commit_frames=20[0m
[0m[INFO] [1788847504.013218734]: [sim_plan] built plan=1960 start=3328.00 horizon=15.00 frames=150 commit_frames=20[0m
[0m[INFO] [1788847504.034948629]: [sim_plan] built plan=1961 start=3330.00 horizon=15.00 frames=150 commit_frames=20[0m
[0m[INFO] [1788847504.051986616]: [sim_plan] built plan=1962 start=3332.00 horizon=15.00 frames=150 commit_frames=20[0m
[0m[INFO] [1788847504.069917761]: [sim_plan] built plan=1963 start=3334.00 horizon=15.00 frames=150 commit_frames=20[0m
[0m[INFO] [1788847504.089234771]: [sim_plan] built plan=1964 start=3336.00 horizon=15.00 frames=150 commit_frames=20[0m
[33m[WARN] [1788847504.270964440]: [SLOT_DEPARTURE] time=56min2.5s vehicle=V0 owner=V1 result=ALLOW reason=slot_departure_clear candidate_path_gen=85 slot_departure_clear_s=0.346 vehicle_mode=ACTIVE vehicle_speed=0.000 vehicle_path_s=0.000 blocker=none a1_prefix_conflict=0 ordinary_road_conflict=0 owner_phase=TO_A1 owner_path_gen=85 geometry=pending_preview protected_zones=0 actual_occupancy_priority=0[0m
[33m[WARN] [1788847504.271627919]: [multi_patrol][A1 EXIT PREPARED] V0 target=B11 pickup_dwell=5.00s exit_len=4.555 priority_until_s=0.758 horizon_refresh=IMMEDIATE[0m
[33m[WARN] [1788847504.331638384]: [multi_patrol][A1 EXIT HORIZON] V1 target=B53 dwell_part=4.90s departure_window=10.10s total_horizon=15.00s[0m
[33m[WARN] [1788847504.348875570]: [multi_patrol][A1 EXIT HORIZON] V1 target=B53 dwell_part=2.90s departure_window=12.10s total_horizon=15.00s[0m
[33m[WARN] [1788847504.369091407]: [multi_patrol][A1 EXIT HORIZON] V1 target=B53 dwell_part=0.90s departure_window=14.10s total_horizon=15.00s[0m
[33m[WARN] [1788847504.671567396]: [DEADLOCK] event=CONFIRMED pair=V0-V1 duration=4 path_gen=85/86[0m
[33m[WARN] [1788847504.672714637]: [DEADLOCK] event=SELECT pair=V0-V1 retreat=V0 pass=V1 target_s=1.24476 pass_clear_s=5.58 distance=1.77 estimated_time=17.7 selection_reason=priority_yielding_vehicle_retreat[0m
[0m[INFO] [1788847504.110347627]: [sim_plan] built plan=1965 start=3338.00 horizon=15.00 frames=150 commit_frames=20[0m
[0m[INFO] [1788847504.132309813]: [sim_plan] built plan=1966 start=3340.00 horizon=15.00 frames=150 commit_frames=20[0m
[0m[INFO] [1788847504.153177304]: [sim_plan] built plan=1967 start=3342.00 horizon=15.00 frames=150 commit_frames=20[0m
[0m[INFO] [1788847504.171779938]: [sim_plan] built plan=1968 start=3344.00 horizon=15.00 frames=150 commit_frames=20[0m
[0m[INFO] [1788847504.188218907]: [sim_plan] built plan=1969 start=3346.00 horizon=15.00 frames=150 commit_frames=20[0m
[0m[INFO] [1788847504.201868927]: [sim_plan] built plan=1970 start=3348.00 horizon=15.00 frames=150 commit_frames=20[0m
[0m[INFO] [1788847504.214291720]: [sim_plan] built plan=1971 start=3350.00 horizon=15.00 frames=150 commit_frames=20[0m
[0m[INFO] [1788847504.224398801]: [sim_plan] built plan=1972 start=3352.00 horizon=15.00 frames=150 commit_frames=20[0m
[0m[INFO] [1788847504.242016178]: [sim_plan] built plan=1973 start=3354.00 horizon=15.00 frames=150 commit_frames=20[0m
[0m[INFO] [1788847504.249224012]: [sim_plan] built plan=1974 start=3356.00 horizon=15.00 frames=150 commit_frames=20[0m
[0m[INFO] [1788847504.254125674]: [sim_plan] built plan=1975 start=3358.00 horizon=15.00 frames=150 commit_frames=20[0m
[0m[INFO] [1788847504.258152753]: [sim_plan] built plan=1976 start=3360.00 horizon=15.00 frames=150 commit_frames=20[0m
[0m[INFO] [1788847504.262330711]: [sim_plan] built plan=1977 start=3362.00 horizon=15.00 frames=150 commit_frames=20[0m
[0m[INFO] [1788847504.270903356]: [multi_patrol][A1] V0 pickup leg: B61 -> A1  wpts=479 len=5.806[0m
[0m[INFO] [1788847504.288150416]: [sim_plan] built plan=1978 start=3362.50 horizon=15.00 frames=150 commit_frames=20[0m
[0m[INFO] [1788847504.309895852]: [sim_plan] built plan=1979 start=3364.50 horizon=15.00 frames=150 commit_frames=20[0m
[0m[INFO] [1788847504.320225712]: [sim_plan] built plan=1980 start=3366.50 horizon=15.00 frames=150 commit_frames=20[0m
[0m[INFO] [1788847504.331583099]: [sim_plan] built plan=1981 start=3367.30 horizon=15.00 frames=150 commit_frames=20[0m
[0m[INFO] [1788847504.348828998]: [sim_plan] built plan=1982 start=3369.30 horizon=15.00 frames=150 commit_frames=20[0m
[0m[INFO] [1788847504.369043578]: [sim_plan] built plan=1983 start=3371.30 horizon=15.00 frames=150 commit_frames=20[0m
[0m[INFO] [1788847504.370433449]: [multi_patrol][A1] V1 activate prepared dropoff: A1 -> B53 len=6.964 priority_until_s=0.758[0m
[0m[INFO] [1788847504.387802616]: [sim_plan] built plan=1984 start=3372.20 horizon=15.00 frames=150 commit_frames=20[0m
[0m[INFO] [1788847504.419544960]: [sim_plan] built plan=1985 start=3374.20 horizon=15.00 frames=150 commit_frames=20[0m
[0m[INFO] [1788847504.467382860]: [sim_plan] built plan=1986 start=3376.20 horizon=15.00 frames=150 commit_frames=20[0m
[0m[INFO] [1788847504.468922000]: [multi_patrol][A1 EXIT PRIORITY RELEASE] V1 s=0.771 threshold=0.758[0m
[0m[INFO] [1788847504.514687393]: [sim_plan] built plan=1987 start=3378.20 horizon=15.00 frames=150 commit_frames=20[0m
[0m[INFO] [1788847504.556189539]: [sim_plan] built plan=1988 start=3380.20 horizon=15.00 frames=150 commit_frames=20[0m
[0m[INFO] [1788847504.585321834]: [sim_plan] built plan=1989 start=3382.20 horizon=15.00 frames=150 commit_frames=20[0m
[0m[INFO] [1788847504.613287008]: [sim_plan] built plan=1990 start=3384.20 horizon=15.00 frames=150 commit_frames=20[0m
[0m[INFO] [1788847504.634108526]: [sim_plan] built plan=1991 start=3386.20 horizon=15.00 frames=150 commit_frames=20[0m
[0m[INFO] [1788847504.654826872]: [sim_plan] built plan=1992 start=3388.20 horizon=15.00 frames=150 commit_frames=20[0m
[0m[INFO] [1788847504.671064811]: [sim_plan] built plan=1993 start=3390.20 horizon=15.00 frames=150 commit_frames=20[0m
[0m[INFO] [1788847504.687192313]: [sim_plan] built plan=1994 start=3390.60 horizon=15.00 frames=150 commit_frames=20[0m
[0m[INFO] [1788847504.703458239]: [sim_plan] built plan=1995 start=3392.60 horizon=15.00 frame[33m[WARN] [1788847504.844544337]: [DEADLOCK] event=RETREAT_DONE pair=V0-V1 retreat=V0 pass=V1 target_s=1.24476[0m
[33m[WARN] [1788847504.844985058]: [DEADLOCK] event=PASS_START pair=V0-V1 retreat=V0 pass=V1 target_s=1.24476[0m
[33m[WARN] [1788847504.870901412]: [DEADLOCK] event=CLEAR pair=V0-V1 pass_s=2.36188 reason=passer_released_to_normal_coordination[0m
[33m[WARN] [1788847505.147270615]: [SLOT_DEPARTURE] time=57min20.4s vehicle=V1 owner=none result=ALLOW reason=no_service_owner candidate_path_gen=87 slot_departure_clear_s=0.327 vehicle_mode=ACTIVE vehicle_speed=0.000 vehicle_path_s=0.000 blocker=none a1_prefix_conflict=0 ordinary_road_conflict=0[0m
[33m[WARN] [1788847505.147772696]: [multi_patrol][A1 EXIT PREPARED] V1 target=B59 pickup_dwell=5.00s exit_len=9.022 priority_until_s=0.758 horizon_refresh=IMMEDIATE[0m
s=150 commit_frames=20[0m
[0m[INFO] [1788847504.720013893]: [sim_plan] built plan=1996 start=3394.60 horizon=15.00 frames=150 commit_frames=20[0m
[0m[INFO] [1788847504.736113420]: [sim_plan] built plan=1997 start=3396.60 horizon=15.00 frames=150 commit_frames=20[0m
[0m[INFO] [1788847504.752333982]: [sim_plan] built plan=1998 start=3398.60 horizon=15.00 frames=150 commit_frames=20[0m
[0m[INFO] [1788847504.769616198]: [sim_plan] built plan=1999 start=3400.60 horizon=15.00 frames=150 commit_frames=20[0m
[0m[INFO] [1788847504.789123735]: [sim_plan] built plan=2000 start=3402.60 horizon=15.00 frames=150 commit_frames=20[0m
[0m[INFO] [1788847504.815094129]: [sim_plan] built plan=2001 start=3404.60 horizon=15.00 frames=150 commit_frames=20[0m
[0m[INFO] [1788847504.843961005]: [sim_plan] built plan=2002 start=3406.60 horizon=15.00 frames=150 commit_frames=20[0m
[0m[INFO] [1788847504.870625710]: [sim_plan] built plan=2003 start=3408.40 horizon=15.00 frames=150 commit_frames=20[0m
[0m[INFO] [1788847504.896356318]: [sim_plan] built plan=2004 start=3408.50 horizon=15.00 frames=150 commit_frames=20[0m
[0m[INFO] [1788847504.938855046]: [sim_plan] built plan=2005 start=3410.50 horizon=15.00 frames=150 commit_frames=20[0m
[0m[INFO] [1788847504.967891625]: [sim_plan] built plan=2006 start=3412.50 horizon=15.00 frames=150 commit_frames=20[0m
[0m[INFO] [1788847504.995535591]: [sim_plan] built plan=2007 start=3414.50 horizon=15.00 frames=150 commit_frames=20[0m
[0m[INFO] [1788847505.020431398]: [sim_plan] built plan=2008 start=3416.50 horizon=15.00 frames=150 commit_frames=20[0m
[0m[INFO] [1788847505.042152485]: [sim_plan] built plan=2009 start=3418.50 horizon=15.00 frames=150 commit_frames=20[0m
[0m[INFO] [1788847505.062796903]: [sim_plan] built plan=2010 start=3420.50 horizon=15.00 frames=150 commit_frames=20[0m
[0m[INFO] [1788847505.082046105]: [sim_plan] built plan=2011 start=3422.50 horizon=15.00 frames=150 commit_frames=20[0m
[0m[INFO] [1788847505.096113810]: [sim_plan] built plan=2012 start=3424.50 horizon=15.00 frames=150 commit_frames=20[0m
[0m[INFO] [1788847505.108303141]: [sim_plan] built plan=2013 start=3426.50 horizon=15.00 frames=150 commit_frames=20[0m
[0m[INFO] [1788847505.118369829]: [sim_plan] built plan=2014 start=3428.50 horizon=15.00 frames=150 commit_frames=20[0m
[0m[INFO] [1788847505.127342364]: [sim_plan] built plan=2015 start=3430.50 horizon=15.00 frames=150 commit_frames=20[0m
[0m[INFO] [1788847505.134515967]: [sim_plan] built plan=2016 start=3432.50 horizon=15.00 frames=150 commit_frames=20[0m
[0m[INFO] [1788847505.138977758]: [sim_plan] built plan=2017 start=3434.50 horizon=15.00 frames=150 commit_frames=20[0m
[0m[INFO] [1788847505.142642996]: [sim_plan] built plan=2018 start=3436.50 horizon=15.00 frames=150 commit_frames=20[0m
[0m[INFO] [1788847505.146514456]: [sim_plan] built plan=2019 start=3438.50 horizon=15.00 frames=150 commit_frames=20[0m
[0m[INFO] [1788847505.147220339]: [multi_patrol][A1] V1 pickup leg: B53 -> A1  wpts=514 len=6.437[0m
[0m[INFO] [1788847505.171955659]: [sim_plan] built plan=2020 start=3440.40 horizon=15.00 frames=150 commit_frames=20[0m
[0m[INFO] [1788847505.199764262]: [sim_plan] built plan=2021 start=3442.40 horizon=15.00 frames=150 commit_frames=20[0m
[0m[INFO] [1788847505.214994423]: [sim_plan] built plan=2022 start=3444.40 horizon=15.00 frames=150 commit_frames=20[0m
[0m[INFO] [1788847505.229069973]: [sim_plan] built plan=2023 start=3446.40 horizon=15.00 frames=150 commit_frames=20[0m
[0m[INFO] [1788847505.241718691]: [sim_plan] built plan=2024 start=3448.40 horizon=15.00 frames=150 commit_frames=20[0m
[0m[INFO] [1788847505.254675643]: [sim_plan] built plan=2025 start=3450.40 horizon=15.00 frames=150 commit_frames=20[0m
[0m[INFO] [1788847505.265242220]: [sim_plan] built plan=2026 start=3452.40 horizon=15.00 frames=150 commit_frames=20[0m
[0m[INFO] [1788847505.275476660]: [sim_plan] built plan=2027 start=3454.40 horizon=15.00 frames=150 commit_frames=20[0m
[0m[INFO] [1788847505.286575550]: [sim_plan] built plan=2028 [33m[WARN] [1788847505.286864650]: [multi_patrol][A1 EXIT HORIZON] V0 target=B11 dwell_part=4.90s departure_window=10.10s total_horizon=15.00s[0m
[33m[WARN] [1788847505.323316274]: [multi_patrol][A1 EXIT HORIZON] V0 target=B11 dwell_part=2.90s departure_window=12.10s total_horizon=15.00s[0m
[33m[WARN] [1788847505.370733730]: [multi_patrol][A1 EXIT HORIZON] V0 target=B11 dwell_part=0.90s departure_window=14.10s total_horizon=15.00s[0m
[33m[WARN] [1788847505.508484376]: [SOURCE=REAL] [plan=2033] [frame=10] [rollout_step=-1] [multi_patrol][A1 EXIT INTRUSION ENTER] owner=V0 target=B11 blocker=V1 dwell_remaining=0.00s visible_exit_t=14.90s owner_exit_s=3.365 blocker_phase=1 blocker_s=4.044 action=DIAG_ONLY[0m
[33m[WARN] [1788847505.509199485]: [SOURCE=REAL] [plan=2033] [frame=14] [rollout_step=-1] [multi_patrol][A1 EXIT INTRUSION CLEAR] owner=V0 blocker=V1[0m
[33m[WARN] [1788847505.663233626]: [multi_patrol][A1 EXIT HORIZON] V1 target=B59 dwell_part=4.90s departure_window=10.10s total_horizon=15.00s[0m
[33m[WARN] [1788847505.668955074]: [multi_patrol][A1 EXIT HORIZON] V1 target=B59 dwell_part=2.90s departure_window=12.10s total_horizon=15.00s[0m
[33m[WARN] [1788847505.675670929]: [multi_patrol][A1 EXIT HORIZON] V1 target=B59 dwell_part=0.90s departure_window=14.10s total_horizon=15.00s[0m
[33m[WARN] [1788847505.691705953]: [SLOT_DEPARTURE] time=58min12.0s vehicle=V0 owner=V1 result=ALLOW reason=slot_departure_clear candidate_path_gen=87 slot_departure_clear_s=0.327 vehicle_mode=ACTIVE vehicle_speed=0.000 vehicle_path_s=0.000 blocker=none a1_prefix_conflict=0 ordinary_road_conflict=0 owner_phase=TO_B owner_path_gen=88 geometry=actual_to_b protected_zones=0 actual_occupancy_priority=0[0m
[33m[WARN] [1788847505.692289507]: [multi_patrol][A1 EXIT PREPARED] V0 target=B56 pickup_dwell=5.00s exit_len=7.361 priority_until_s=0.758 horizon_refresh=IMMEDIATE[0m
[33m[WARN] [1788847505.743550262]: [SOURCE=REAL] [plan=2049] [frame=9] [rollout_step=-1] [multi_patrol][A1 EXIT INTRUSION ENTER] owner=V1 target=B59 blocker=V0 dwell_remaining=0.00s visible_exit_t=15.00s owner_exit_s=2.951 blocker_phase=1 blocker_s=0.110 action=DIAG_ONLY[0m
[33m[WARN] [1788847505.784155410]: [SOURCE=REAL] [plan=2050] [frame=13] [rollout_step=-1] [multi_patrol][A1 EXIT INTRUSION CLEAR] owner=V1 blocker=V0[0m
start=3455.40 horizon=15.00 frames=150 commit_frames=20[0m
[0m[INFO] [1788847505.323273996]: [sim_plan] built plan=2029 start=3457.40 horizon=15.00 frames=150 commit_frames=20[0m
[0m[INFO] [1788847505.370679950]: [sim_plan] built plan=2030 start=3459.40 horizon=15.00 frames=150 commit_frames=20[0m
[0m[INFO] [1788847505.372201769]: [multi_patrol][A1] V0 activate prepared dropoff: A1 -> B11 len=4.555 priority_until_s=0.758[0m
[0m[INFO] [1788847505.417780928]: [sim_plan] built plan=2031 start=3460.30 horizon=15.00 frames=150 commit_frames=20[0m
[0m[INFO] [1788847505.467187153]: [sim_plan] built plan=2032 start=3462.30 horizon=15.00 frames=150 commit_frames=20[0m
[0m[INFO] [1788847505.507099189]: [sim_plan] built plan=2033 start=3464.30 horizon=15.00 frames=150 commit_frames=20[0m
[0m[INFO] [1788847505.509164187]: [multi_patrol][A1 EXIT PRIORITY RELEASE] V0 s=0.771 threshold=0.758[0m
[0m[INFO] [1788847505.543584113]: [sim_plan] built plan=2034 start=3466.30 horizon=15.00 frames=150 commit_frames=20[0m
[0m[INFO] [1788847505.570103063]: [sim_plan] built plan=2035 start=3468.30 horizon=15.00 frames=150 commit_frames=20[0m
[0m[INFO] [1788847505.591529089]: [sim_plan] built plan=2036 start=3470.30 horizon=15.00 frames=150 commit_frames=20[0m
[0m[INFO] [1788847505.606193381]: [sim_plan] built plan=2037 start=3472.30 horizon=15.00 frames=150 commit_frames=20[0m
[0m[INFO] [1788847505.623386418]: [sim_plan] built plan=2038 start=3474.30 horizon=15.00 frames=150 commit_frames=20[0m
[0m[INFO] [1788847505.633384647]: [sim_plan] built plan=2039 start=3476.30 horizon=15.00 frames=150 commit_frames=20[0m
[0m[INFO] [1788847505.642012524]: [sim_plan] built plan=2040 start=3478.30 horizon=15.00 frames=150 commit_frames=20[0m
[0m[INFO] [1788847505.649094791]: [sim_plan] built plan=2041 start=3480.30 horizon=15.00 frames=150 commit_frames=20[0m
[0m[INFO] [1788847505.654916351]: [sim_plan] built plan=2042 start=3482.30 horizon=15.00 frames=150 commit_frames=20[0m
[0m[INFO] [1788847505.658998307]: [sim_plan] built plan=2043 start=3484.30 horizon=15.00 frames=150 commit_frames=20[0m
[0m[INFO] [1788847505.663190053]: [sim_plan] built plan=2044 start=3485.00 horizon=15.00 frames=150 commit_frames=20[0m
[0m[INFO] [1788847505.668904169]: [sim_plan] built plan=2045 start=3487.00 horizon=15.00 frames=150 commit_frames=20[0m
[0m[INFO] [1788847505.675626327]: [sim_plan] built plan=2046 start=3489.00 horizon=15.00 frames=150 commit_frames=20[0m
[0m[INFO] [1788847505.676919331]: [multi_patrol][A1] V1 activate prepared dropoff: A1 -> B59 len=9.022 priority_until_s=0.758[0m
[0m[INFO] [1788847505.680712349]: [sim_plan] built plan=2047 start=3489.90 horizon=15.00 frames=150 commit_frames=20[0m
[0m[INFO] [1788847505.686352051]: [sim_plan] built plan=2048 start=3491.90 horizon=15.00 frames=150 commit_frames=20[0m
[0m[INFO] [1788847505.691652124]: [multi_patrol][A1] V0 pickup leg: B11 -> A1  wpts=295 len=3.319[0m
[0m[INFO] [1788847505.736591801]: [sim_plan] built plan=2049 start=3492.00 horizon=15.00 frames=150 commit_frames=20[0m
[0m[INFO] [1788847505.782919815]: [sim_plan] built plan=2050 start=3494.00 horizon=15.00 frames=150 commit_frames=20[0m
[0m[INFO] [1788847505.784119712]: [multi_patrol][A1 EXIT PRIORITY RELEASE] V1 s=0.771 threshold=0.758[0m
[0m[INFO] [1788847505.817216250]: [sim_plan] built plan=2051 start=3496.00 horizon=15.00 frames=150 commit_frames=20[0m
[0m[INFO] [1788847505.843737580]: [sim_plan] built plan=2052 start=3498.00 horizon=15.00 frames=150 commit_frames=20[0m
[0m[INFO] [1788847505.867691567]: [sim_plan] built plan=2053 start=3500.00 horizon=15.00 frames=150 commit_frames=20[0m
[0m[INFO] [1788847505.884678430]: [sim_plan] built plan=2054 start=3502.00 horizon=15.00 frames=150 commit_frames=20[0m
[0m[INFO] [1788847505.903847512]: [sim_plan] built plan=2055 start=3504.00 horizon=15.00 frames=150 commit_frames=20[0m
[0m[INFO] [1788847505.917518955]: [sim_plan] built plan=2056 start=3506.00 horizon=15.00 frames=150 commit_frames=20[0m
[0m[INFO] [1788847505.929006443]: [sim_p[33m[WARN] [1788847505.984883286]: [multi_patrol][A1 EXIT HORIZON] V0 target=B56 dwell_part=4.90s departure_window=10.10s total_horizon=15.00s[0m
[33m[WARN] [1788847505.999779327]: [multi_patrol][A1 EXIT HORIZON] V0 target=B56 dwell_part=2.90s departure_window=12.10s total_horizon=15.00s[0m
[33m[WARN] [1788847506.015831986]: [multi_patrol][A1 EXIT HORIZON] V0 target=B56 dwell_part=0.90s departure_window=14.10s total_horizon=15.00s[0m
[33m[WARN] [1788847506.197684697]: [SLOT_DEPARTURE] time=59min8.6s vehicle=V1 owner=none result=ALLOW reason=no_service_owner candidate_path_gen=89 slot_departure_clear_s=0.346 vehicle_mode=ACTIVE vehicle_speed=0.000 vehicle_path_s=0.000 blocker=none a1_prefix_conflict=0 ordinary_road_conflict=0[0m
[33m[WARN] [1788847506.198139321]: [multi_patrol][A1 EXIT PREPARED] V1 target=B33 pickup_dwell=5.00s exit_len=7.111 priority_until_s=0.758 horizon_refresh=IMMEDIATE[0m
lan] built plan=2057 start=3508.00 horizon=15.00 frames=150 commit_frames=20[0m
[0m[INFO] [1788847505.942303986]: [sim_plan] built plan=2058 start=3510.00 horizon=15.00 frames=150 commit_frames=20[0m
[0m[INFO] [1788847505.953016763]: [sim_plan] built plan=2059 start=3512.00 horizon=15.00 frames=150 commit_frames=20[0m
[0m[INFO] [1788847505.964324883]: [sim_plan] built plan=2060 start=3514.00 horizon=15.00 frames=150 commit_frames=20[0m
[0m[INFO] [1788847505.973991054]: [sim_plan] built plan=2061 start=3516.00 horizon=15.00 frames=150 commit_frames=20[0m
[0m[INFO] [1788847505.984833648]: [sim_plan] built plan=2062 start=3516.40 horizon=15.00 frames=150 commit_frames=20[0m
[0m[INFO] [1788847505.999713015]: [sim_plan] built plan=2063 start=3518.40 horizon=15.00 frames=150 commit_frames=20[0m
[0m[INFO] [1788847506.015780319]: [sim_plan] built plan=2064 start=3520.40 horizon=15.00 frames=150 commit_frames=20[0m
[0m[INFO] [1788847506.016958906]: [multi_patrol][A1] V0 activate prepared dropoff: A1 -> B56 len=7.361 priority_until_s=0.758[0m
[0m[INFO] [1788847506.031834454]: [sim_plan] built plan=2065 start=3521.30 horizon=15.00 frames=150 commit_frames=20[0m
[0m[INFO] [1788847506.067958928]: [sim_plan] built plan=2066 start=3523.30 horizon=15.00 frames=150 commit_frames=20[0m
[0m[INFO] [1788847506.086731894]: [sim_plan] built plan=2067 start=3525.30 horizon=15.00 frames=150 commit_frames=20[0m
[0m[INFO] [1788847506.087958310]: [multi_patrol][A1 EXIT PRIORITY RELEASE] V0 s=0.771 threshold=0.758[0m
[0m[INFO] [1788847506.104844694]: [sim_plan] built plan=2068 start=3527.30 horizon=15.00 frames=150 commit_frames=20[0m
[0m[INFO] [1788847506.122730753]: [sim_plan] built plan=2069 start=3529.30 horizon=15.00 frames=150 commit_frames=20[0m
[0m[INFO] [1788847506.140193195]: [sim_plan] built plan=2070 start=3531.30 horizon=15.00 frames=150 commit_frames=20[0m
[0m[INFO] [1788847506.152183124]: [sim_plan] built plan=2071 start=3533.30 horizon=15.00 frames=150 commit_frames=20[0m
[0m[INFO] [1788847506.162761586]: [sim_plan] built plan=2072 start=3535.30 horizon=15.00 frames=150 commit_frames=20[0m
[0m[INFO] [1788847506.171648373]: [sim_plan] built plan=2073 start=3537.30 horizon=15.00 frames=150 commit_frames=20[0m
[0m[INFO] [1788847506.178780603]: [sim_plan] built plan=2074 start=3539.30 horizon=15.00 frames=150 commit_frames=20[0m
[0m[INFO] [1788847506.184880677]: [sim_plan] built plan=2075 start=3541.30 horizon=15.00 frames=150 commit_frames=20[0m
[0m[INFO] [1788847506.189065651]: [sim_plan] built plan=2076 start=3543.30 horizon=15.00 frames=150 commit_frames=20[0m
[0m[INFO] [1788847506.193397019]: [sim_plan] built plan=2077 start=3545.30 horizon=15.00 frames=150 commit_frames=20[0m
[0m[INFO] [1788847506.197160973]: [sim_plan] built plan=2078 start=3547.30 horizon=15.00 frames=150 commit_frames=20[0m
[0m[INFO] [1788847506.197645161]: [multi_patrol][A1] V1 pickup leg: B59 -> A1  wpts=583 len=6.287[0m
[0m[INFO] [1788847506.229196028]: [sim_plan] built plan=2079 start=3548.60 horizon=15.00 frames=150 commit_frames=20[0m
[0m[INFO] [1788847506.253579718]: [sim_plan] built plan=2080 start=3550.60 horizon=15.00 frames=150 commit_frames=20[0m
[0m[INFO] [1788847506.271509294]: [sim_plan] built plan=2081 start=3552.60 horizon=15.00 frames=150 commit_frames=20[0m
[0m[INFO] [1788847506.285319645]: [sim_plan] built plan=2082 start=3554.60 horizon=15.00 frames=150 commit_frames=20[0m
[0m[INFO] [1788847506.299067104]: [sim_plan] built plan=2083 start=3556.60 horizon=15.00 frames=150 commit_frames=20[0m
[0m[INFO] [1788847506.310109872]: [sim_plan] built plan=2084 start=3558.60 horizon=15.00 frames=150 commit_frames=20[0m
[0m[INFO] [1788847506.317873482]: [sim_plan] built plan=2085 start=3560.60 horizon=15.00 frames=150 commit_frames=20[0m
[0m[INFO] [1788847506.323459221]: [sim_plan] built plan=2086 start=3562.60 horizon=15.00 frames=150 commit_frames=20[0m
[0m[INFO] [1788847506.326864355]: [sim_plan] built plan=2087 start=3564.60 horizon=15.00 frames=150 commit_frames=20[0m
[0m[INFO] [17[33m[WARN] [1788847506.335323156]: [SLOT_DEPARTURE] time=59min29.2s vehicle=V0 owner=none result=ALLOW reason=no_service_owner candidate_path_gen=89 slot_departure_clear_s=0.346 vehicle_mode=ACTIVE vehicle_speed=0.000 vehicle_path_s=0.000 blocker=none a1_prefix_conflict=0 ordinary_road_conflict=0[0m
[33m[WARN] [1788847506.335818325]: [multi_patrol][A1 EXIT PREPARED] V0 target=B4 pickup_dwell=5.00s exit_len=1.681 priority_until_s=0.758 horizon_refresh=IMMEDIATE[0m
[33m[WARN] [1788847506.713897101]: [multi_patrol][A1 EXIT HORIZON] V1 target=B33 dwell_part=4.90s departure_window=10.10s total_horizon=15.00s[0m
[33m[WARN] [1788847506.752518378]: [multi_patrol][A1 EXIT HORIZON] V1 target=B33 dwell_part=2.90s departure_window=12.10s total_horizon=15.00s[0m
[33m[WARN] [1788847506.787237469]: [multi_patrol][A1 EXIT HORIZON] V1 target=B33 dwell_part=0.90s departure_window=14.10s total_horizon=15.00s[0m
[33m[WARN] [1788847506.977860124]: [multi_patrol][A1 EXIT HORIZON] V0 target=B4 dwell_part=4.90s departure_window=10.10s total_horizon=15.00s[0m
[33m[WARN] [1788847506.990829237]: [multi_patrol][A1 EXIT HORIZON] V0 target=B4 dwell_part=2.90s departure_window=12.10s total_horizon=15.00s[0m
88847506.330348544]: [sim_plan] built plan=2088 start=3566.60 horizon=15.00 frames=150 commit_frames=20[0m
[0m[INFO] [1788847506.334621761]: [sim_plan] built plan=2089 start=3568.60 horizon=15.00 frames=150 commit_frames=20[0m
[0m[INFO] [1788847506.335285877]: [multi_patrol][A1] V0 pickup leg: B56 -> A1  wpts=649 len=6.945[0m
[0m[INFO] [1788847506.354616635]: [sim_plan] built plan=2090 start=3569.20 horizon=15.00 frames=150 commit_frames=20[0m
[0m[INFO] [1788847506.393488316]: [sim_plan] built plan=2091 start=3571.20 horizon=15.00 frames=150 commit_frames=20[0m
[0m[INFO] [1788847506.410213359]: [sim_plan] built plan=2092 start=3573.20 horizon=15.00 frames=150 commit_frames=20[0m
[0m[INFO] [1788847506.427297220]: [sim_plan] built plan=2093 start=3575.20 horizon=15.00 frames=150 commit_frames=20[0m
[0m[INFO] [1788847506.444107037]: [sim_plan] built plan=2094 start=3577.20 horizon=15.00 frames=150 commit_frames=20[0m
[0m[INFO] [1788847506.460721908]: [sim_plan] built plan=2095 start=3579.20 horizon=15.00 frames=150 commit_frames=20[0m
[0m[INFO] [1788847506.486848092]: [sim_plan] built plan=2096 start=3581.20 horizon=15.00 frames=150 commit_frames=20[0m
[0m[INFO] [1788847506.506263103]: [sim_plan] built plan=2097 start=3583.20 horizon=15.00 frames=150 commit_frames=20[0m
[0m[INFO] [1788847506.521892353]: [sim_plan] built plan=2098 start=3585.20 horizon=15.00 frames=150 commit_frames=20[0m
[0m[INFO] [1788847506.537303795]: [sim_plan] built plan=2099 start=3587.20 horizon=15.00 frames=150 commit_frames=20[0m
[0m[INFO] [1788847506.566888590]: [sim_plan] built plan=2100 start=3589.20 horizon=15.00 frames=150 commit_frames=20[0m
[0m[INFO] [1788847506.600642412]: [sim_plan] built plan=2101 start=3591.20 horizon=15.00 frames=150 commit_frames=20[0m
[0m[INFO] [1788847506.636717550]: [sim_plan] built plan=2102 start=3593.20 horizon=15.00 frames=150 commit_frames=20[0m
[0m[INFO] [1788847506.674720627]: [sim_plan] built plan=2103 start=3595.20 horizon=15.00 frames=150 commit_frames=20[0m
[0m[INFO] [1788847506.713846786]: [sim_plan] built plan=2104 start=3596.00 horizon=15.00 frames=150 commit_frames=20[0m
[0m[INFO] [1788847506.752471234]: [sim_plan] built plan=2105 start=3598.00 horizon=15.00 frames=150 commit_frames=20[0m
[0m[INFO] [1788847506.787191344]: [sim_plan] built plan=2106 start=3600.00 horizon=15.00 frames=150 commit_frames=20[0m
[0m[INFO] [1788847506.787910928]: [batch] 36000/72000 ticks (sim_t=3600s) hard_guard=0[0m
[0m[INFO] [1788847506.788788379]: [multi_patrol][A1] V1 activate prepared dropoff: A1 -> B33 len=7.111 priority_until_s=0.758[0m
[0m[INFO] [1788847506.821423192]: [sim_plan] built plan=2107 start=3600.90 horizon=15.00 frames=150 commit_frames=20[0m
[0m[INFO] [1788847506.861737964]: [sim_plan] built plan=2108 start=3602.90 horizon=15.00 frames=150 commit_frames=20[0m
[0m[INFO] [1788847506.887240365]: [sim_plan] built plan=2109 start=3604.90 horizon=15.00 frames=150 commit_frames=20[0m
[0m[INFO] [1788847506.888685180]: [multi_patrol][A1 EXIT PRIORITY RELEASE] V1 s=0.771 threshold=0.758[0m
[0m[INFO] [1788847506.909089505]: [sim_plan] built plan=2110 start=3606.90 horizon=15.00 frames=150 commit_frames=20[0m
[0m[INFO] [1788847506.923300879]: [sim_plan] built plan=2111 start=3608.90 horizon=15.00 frames=150 commit_frames=20[0m
[0m[INFO] [1788847506.935253751]: [sim_plan] built plan=2112 start=3610.90 horizon=15.00 frames=150 commit_frames=20[0m
[0m[INFO] [1788847506.945947268]: [sim_plan] built plan=2113 start=3612.90 horizon=15.00 frames=150 commit_frames=20[0m
[0m[INFO] [1788847506.955766664]: [sim_plan] built plan=2114 start=3614.90 horizon=15.00 frames=150 commit_frames=20[0m
[0m[INFO] [1788847506.965563516]: [sim_plan] built plan=2115 start=3616.90 horizon=15.00 frames=150 commit_frames=20[0m
[0m[INFO] [1788847506.977759428]: [sim_plan] built plan=2116 start=3617.90 horizon=15.00 frames=150 commit_frames=20[0m
[0m[INFO] [1788847506.990778637]: [sim_plan] built plan=2117 start=3619.90 horizon=15.00 frames=150 commit_frames=20[0m
[0m[INFO] [17888[33m[WARN] [1788847507.008674212]: [multi_patrol][A1 EXIT HORIZON] V0 target=B4 dwell_part=0.90s departure_window=14.10s total_horizon=15.00s[0m
47507.008256714]: [sim_plan] built plan=2118 start=3621.90 horizon=15.00 frames=150 commit_frames=20[0m
[0m[INFO] [1788847507.010077621]: [multi_patrol][A1] V0 activate prepared dropoff: A1 -> B4 len=1.681 priority_until_s=0.758[0m
[0m[INFO] [1788847507.024197574]: [sim_plan] built plan=2119 start=3622.80 horizon=15.00 frames=150 commit_frames=20[0m
[0m[INFO] [1788847507.039500502]: [sim_plan] built plan=2120 start=3624.80 horizon=15.00 frames=150 commit_frames=20[0m
[0m[INFO] [1788847507.051469293]: [sim_plan] built plan=2121 start=3626.80 horizon=15.00 frames=150 commit_frames=20[0m
[0m[INFO] [1788847507.052233621]: [multi_patrol][A1 EXIT PRIORITY RELEASE] V0 s=0.771 threshold=0.758[0m
[0m[INFO] [1788847507.062324142]: [sim_plan] built plan=2122 start=3628.80 horizon=15.00 frames=150 commit_frames=20[0m
[0m[INFO] [1788847507.068269349]: [sim_plan] built plan=2123 start=3630.80 horizon=15.00 frames=150 commit_frames=20[0m
[0m[INFO] [1788847507.071431928]: [sim_plan] built plan=2124 start=3632.80 horizon=15.00 frames=150 commit_frames=20[0m
[0m[INFO] [1788847507.073248760]: [sim_plan] built plan=2125 start=3634.80 horizon=15.00 frames=150 commit_frames=20[0m
[0m[INFO] [1788847507.074975448]: [sim_plan] built plan=2126 start=3634.80 horizon=15.00 frames=150 commit_frames=20[0m
[0m[INFO] [1788847507.076814486]: [sim_plan] built plan=2127 start=3634.90 horizon=15.00 frames=150 commit_frames=20[0m
[0m[INFO] [1788847507.078296358]: [sim_plan] built plan=2128 start=3634.90 horizon=15.00 frames=150 commit_frames=20[0m
[0m[INFO] [1788847507.079608949]: [sim_plan] built plan=2129 start=3635.00 horizon=15.00 frames=150 commit_frames=20[0m
[0m[INFO] [1788847507.081329514]: [sim_plan] built plan=2130 start=3635.00 horizon=15.00 frames=150 commit_frames=20[0m
[0m[INFO] [1788847507.082926948]: [sim_plan] built plan=2131 start=3635.10 horizon=15.00 frames=150 commit_frames=20[0m
[0m[INFO] [1788847507.084345624]: [sim_plan] built plan=2132 start=3635.10 horizon=15.00 frames=150 commit_frames=20[0m
[0m[INFO] [1788847507.085956371]: [sim_plan] built plan=2133 start=3635.20 horizon=15.00 frames=150 commit_frames=20[0m
[0m[INFO] [1788847507.087319257]: [sim_plan] built plan=2134 start=3635.20 horizon=15.00 frames=150 commit_frames=20[0m
[0m[INFO] [1788847507.089120841]: [sim_plan] built plan=2135 start=3635.30 horizon=15.00 frames=150 commit_frames=20[0m
[0m[INFO] [1788847507.090629549]: [sim_plan] built plan=2136 start=3635.30 horizon=15.00 frames=150 commit_frames=20[0m
[0m[INFO] [1788847507.092257818]: [sim_plan] built plan=2137 start=3635.40 horizon=15.00 frames=150 commit_frames=20[0m
[0m[INFO] [1788847507.093750681]: [sim_plan] built plan=2138 start=3635.40 horizon=15.00 frames=150 commit_frames=20[0m
[0m[INFO] [1788847507.095222386]: [sim_plan] built plan=2139 start=3635.50 horizon=15.00 frames=150 commit_frames=20[0m
[0m[INFO] [1788847507.096468207]: [sim_plan] built plan=2140 start=3635.50 horizon=15.00 frames=150 commit_frames=20[0m
[0m[INFO] [1788847507.097856669]: [sim_plan] built plan=2141 start=3635.60 horizon=15.00 frames=150 commit_frames=20[0m
[0m[INFO] [1788847507.099212918]: [sim_plan] built plan=2142 start=3635.60 horizon=15.00 frames=150 commit_frames=20[0m
[0m[INFO] [1788847507.100499018]: [sim_plan] built plan=2143 start=3635.70 horizon=15.00 frames=150 commit_frames=20[0m
[0m[INFO] [1788847507.102348108]: [sim_plan] built plan=2144 start=3635.70 horizon=15.00 frames=150 commit_frames=20[0m
[0m[INFO] [1788847507.103851560]: [sim_plan] built plan=2145 start=3635.80 horizon=15.00 frames=150 commit_frames=20[0m
[0m[INFO] [1788847507.105441634]: [sim_plan] built plan=2146 start=3635.80 horizon=15.00 frames=150 commit_frames=20[0m
[0m[INFO] [1788847507.106695045]: [sim_plan] built plan=2147 start=3635.90 horizon=15.00 frames=150 commit_frames=20[0m
[0m[INFO] [1788847507.107939519]: [sim_plan] built plan=2148 start=3635.90 horizon=15.00 frames=150 commit_frames=20[0m
[0m[INFO] [1788847507.109160950]: [sim_plan] built plan=2149 start=3636.00 horizon=15.00 frames=150 commit_frames=20[0m
[0m[INFO] [1788847507.110649394]: [sim_plan] built plan=2150 start=3636.00 horizon=15.00 frames=150 commit_frames=20[0m
[0m[INFO] [1788847507.111784655]: [sim_plan] built plan=2151 start=3636.10 horizon=15.00 frames=150 commit_frames=20[0m
[0m[INFO] [1788847507.112973601]: [sim_plan] built plan=2152 start=3636.10 horizon=15.00 frames=150 commit_frames=20[0m
[0m[INFO] [1788847507.114187143]: [sim_plan] built plan=2153 start=3636.20 horizon=15.00 frames=150 commit_frames=20[0m
[0m[INFO] [1788847507.115384107]: [sim_plan] built plan=2154 start=3636.20 horizon=15.00 frames=150 commit_frames=20[0m
[0m[INFO] [1788847507.116535479]: [sim_plan] built plan=2155 start=3636.30 horizon=15.00 frames=150 commit_frames=20[0m
[0m[INFO] [1788847507.117700158]: [sim_plan] built plan=2156 start=3636.30 horizon=15.00 frames=150 commit_frames=20[0m
[0m[INFO] [1788847507.118977512]: [sim_plan] built plan=2157 start=3636.40 horizon=15.00 frames=150 commit_frames=20[0m
[0m[INFO] [1788847507.120107793]: [sim_plan] built plan=2158 start=3636.40 horizon=15.00 frames=150 commit_frames=20[0m
[0m[INFO] [1788847507.121358190]: [sim_plan] built plan=2159 start=3636.50 horizon=15.00 frames=150 commit_frames=20[0m
[0m[INFO] [1788847507.122547874]: [sim_plan] built plan=2160 start=3636.50 horizon=15.00 frames=150 commit_frames=20[0m
[0m[INFO] [1788847507.124027113]: [sim_plan] built plan=2161 start=3636.60 horizon=15.00 frames=150 commit_frames=20[0m
[0m[INFO] [1788847507.125227504]: [sim_plan] built plan=2162 start=3636.60 horizon=15.00 frames=150 commit_frames=20[0m
[0m[INFO] [1788847507.126488007]: [sim_plan] built plan=2163 start=3636.70 horizon=15.00 frames=150 commit_frames=20[0m
[0m[INFO] [1788847507.127677597]: [sim_plan] built plan=2164 start=3636.70 horizon=15.00 frames=150 commit_frames=20[0m
[0m[INFO] [1788847507.129149276]: [sim_plan] built plan=2165 start=3636.80 horizon=15.00 frames=150 commit_frames=20[0m
[0m[INFO] [1788847507.130369217]: [sim_plan] built plan=2166 start=3636.80 horizon=15.00 frames=150 commit_frames=20[0m
[0m[INFO] [1788847507.131871841]: [sim_plan] built plan=2167 start=3636.90 horizon=15.00 frames=150 commit_frames=20[0m
[0m[INFO] [1788847507.133016005]: [sim_plan] built plan=2168 start=3636.90 horizon=15.00 frames=150 commit_frames=20[0m
[0m[INFO] [1788847507.134627301]: [sim_plan] built plan=2169 start=3637.00 horizon=15.00 frames=150 commit_frames=20[0m
[0m[INFO] [1788847507.136074753]: [sim_plan] built plan=2170 start=3637.00 horizon=15.00 frames=150 commit_frames=20[0m
[0m[INFO] [1788847507.137632130]: [sim_plan] built plan=2171 start=3637.10 horizon=15.00 frames=150 commit_frames=20[0m
[0m[INFO] [1788847507.138897783]: [sim_plan] built plan=2172 start=3637.10 horizon=15.00 frames=150 commit_frames=20[0m
[0m[INFO] [1788847507.140118715]: [sim_plan] built plan=2173 start=3637.20 horizon=15.00 frames=150 commit_frames=20[0m
[0m[INFO] [1788847507.141171685]: [sim_plan] built plan=2174 start=3637.20 horizon=15.00 frames=150 commit_frames=20[0m
[0m[INFO] [1788847507.142235587]: [sim_plan] built plan=2175 start=3637.30 horizon=15.00 frames=150 commit_frames=20[0m
[0m[INFO] [1788847507.143216167]: [sim_plan] built plan=2176 start=3637.30 horizon=15.00 frames=150 commit_frames=20[0m
[0m[INFO] [1788847507.144446379]: [sim_plan] built plan=2177 start=3637.40 horizon=15.00 frames=150 commit_frames=20[0m
[0m[INFO] [1788847507.145634180]: [sim_plan] built plan=2178 start=3637.40 horizon=15.00 frames=150 commit_frames=20[0m
[0m[INFO] [1788847507.146747921]: [sim_plan] built plan=2179 start=3637.50 horizon=15.00 frames=150 commit_frames=20[0m
[0m[INFO] [1788847507.147708633]: [sim_plan] built plan=2180 start=3637.50 horizon=15.00 frames=150 commit_frames=20[0m
[0m[INFO] [1788847507.148642387]: [sim_plan] built plan=2181 start=3637.60 horizon=15.00 frames=150 commit_frames=20[0m
[0m[INFO] [1788847507.149526579]: [sim_plan] built plan=2182 start=3637.60 horizon=15.00 frames=150 commit_frames=20[0m
[0m[INFO] [1788847507.150499536]: [sim_pl[33m[WARN] [1788847507.167987572]: [SLOT_DEPARTURE] time=60min38.6s vehicle=V0 owner=none result=ALLOW reason=no_service_owner candidate_path_gen=91 slot_departure_clear_s=0.346 vehicle_mode=ACTIVE vehicle_speed=0.000 vehicle_path_s=0.000 blocker=none a1_prefix_conflict=0 ordinary_road_conflict=0[0m
[33m[WARN] [1788847507.168407020]: [multi_patrol][A1 EXIT PREPARED] V0 target=B57 pickup_dwell=5.00s exit_len=7.142 priority_until_s=0.758 horizon_refresh=IMMEDIATE[0m
[33m[WARN] [1788847507.212882351]: [SLOT_DEPARTURE] time=60min47.4s vehicle=V1 owner=V0 result=ALLOW reason=slot_departure_clear candidate_path_gen=91 slot_departure_clear_s=0.327 vehicle_mode=ACTIVE vehicle_speed=0.000 vehicle_path_s=0.000 blocker=none a1_prefix_conflict=0 ordinary_road_conflict=0 owner_phase=TO_A1 owner_path_gen=91 geometry=pending_preview protected_zones=0 actual_occupancy_priority=0[0m
[33m[WARN] [1788847507.213435941]: [multi_patrol][A1 EXIT PREPARED] V1 target=B65 pickup_dwell=5.00s exit_len=6.956 priority_until_s=0.758 horizon_refresh=IMMEDIATE[0m
[33m[WARN] [1788847507.248457479]: [multi_patrol][A1 EXIT HORIZON] V0 target=B57 dwell_part=4.90s departure_window=10.10s total_horizon=15.00s[0m
[33m[WARN] [1788847507.264005427]: [multi_patrol][A1 EXIT HORIZON] V0 target=B57 dwell_part=2.90s departure_window=12.10s total_horizon=15.00s[0m
[33m[WARN] [1788847507.281926977]: [multi_patrol][A1 EXIT HORIZON] V0 target=B57 dwell_part=0.90s departure_window=14.10s total_horizon=15.00s[0m
an] built plan=2183 start=3637.70 horizon=15.00 frames=150 commit_frames=20[0m
[0m[INFO] [1788847507.151620218]: [sim_plan] built plan=2184 start=3637.70 horizon=15.00 frames=150 commit_frames=20[0m
[0m[INFO] [1788847507.152755618]: [sim_plan] built plan=2185 start=3637.80 horizon=15.00 frames=150 commit_frames=20[0m
[0m[INFO] [1788847507.153739721]: [sim_plan] built plan=2186 start=3637.80 horizon=15.00 frames=150 commit_frames=20[0m
[0m[INFO] [1788847507.154826132]: [sim_plan] built plan=2187 start=3637.90 horizon=15.00 frames=150 commit_frames=20[0m
[0m[INFO] [1788847507.155720447]: [sim_plan] built plan=2188 start=3637.90 horizon=15.00 frames=150 commit_frames=20[0m
[0m[INFO] [1788847507.156711591]: [sim_plan] built plan=2189 start=3638.00 horizon=15.00 frames=150 commit_frames=20[0m
[0m[INFO] [1788847507.157757840]: [sim_plan] built plan=2190 start=3638.00 horizon=15.00 frames=150 commit_frames=20[0m
[0m[INFO] [1788847507.158769226]: [sim_plan] built plan=2191 start=3638.10 horizon=15.00 frames=150 commit_frames=20[0m
[0m[INFO] [1788847507.159705813]: [sim_plan] built plan=2192 start=3638.10 horizon=15.00 frames=150 commit_frames=20[0m
[0m[INFO] [1788847507.160849439]: [sim_plan] built plan=2193 start=3638.20 horizon=15.00 frames=150 commit_frames=20[0m
[0m[INFO] [1788847507.161971545]: [sim_plan] built plan=2194 start=3638.20 horizon=15.00 frames=150 commit_frames=20[0m
[0m[INFO] [1788847507.162955078]: [sim_plan] built plan=2195 start=3638.30 horizon=15.00 frames=150 commit_frames=20[0m
[0m[INFO] [1788847507.163829748]: [sim_plan] built plan=2196 start=3638.30 horizon=15.00 frames=150 commit_frames=20[0m
[0m[INFO] [1788847507.165015512]: [sim_plan] built plan=2197 start=3638.40 horizon=15.00 frames=150 commit_frames=20[0m
[0m[INFO] [1788847507.165927308]: [sim_plan] built plan=2198 start=3638.40 horizon=15.00 frames=150 commit_frames=20[0m
[0m[INFO] [1788847507.166781668]: [sim_plan] built plan=2199 start=3638.50 horizon=15.00 frames=150 commit_frames=20[0m
[0m[INFO] [1788847507.167679104]: [sim_plan] built plan=2200 start=3638.50 horizon=15.00 frames=150 commit_frames=20[0m
[0m[INFO] [1788847507.167945475]: [multi_patrol][A1] V0 pickup leg: B4 -> A1  wpts=162 len=1.680[0m
[0m[INFO] [1788847507.185364601]: [sim_plan] built plan=2201 start=3638.60 horizon=15.00 frames=150 commit_frames=20[0m
[0m[INFO] [1788847507.193716780]: [sim_plan] built plan=2202 start=3640.60 horizon=15.00 frames=150 commit_frames=20[0m
[0m[INFO] [1788847507.198111202]: [sim_plan] built plan=2203 start=3642.60 horizon=15.00 frames=150 commit_frames=20[0m
[0m[INFO] [1788847507.202026024]: [sim_plan] built plan=2204 start=3644.60 horizon=15.00 frames=150 commit_frames=20[0m
[0m[INFO] [1788847507.205450576]: [sim_plan] built plan=2205 start=3646.60 horizon=15.00 frames=150 commit_frames=20[0m
[0m[INFO] [1788847507.212835388]: [multi_patrol][A1] V1 pickup leg: B33 -> A1  wpts=469 len=5.444[0m
[0m[INFO] [1788847507.224968471]: [sim_plan] built plan=2206 start=3647.40 horizon=15.00 frames=150 commit_frames=20[0m
[0m[INFO] [1788847507.237971036]: [sim_plan] built plan=2207 start=3649.40 horizon=15.00 frames=150 commit_frames=20[0m
[0m[INFO] [1788847507.248402042]: [sim_plan] built plan=2208 start=3649.50 horizon=15.00 frames=150 commit_frames=20[0m
[0m[INFO] [1788847507.263955455]: [sim_plan] built plan=2209 start=3651.50 horizon=15.00 frames=150 commit_frames=20[0m
[0m[INFO] [1788847507.281871616]: [sim_plan] built plan=2210 start=3653.50 horizon=15.00 frames=150 commit_frames=20[0m
[0m[INFO] [1788847507.283439302]: [multi_patrol][A1] V0 activate prepared dropoff: A1 -> B57 len=7.142 priority_until_s=0.758[0m
[0m[INFO] [1788847507.301065648]: [sim_plan] built plan=2211 start=3654.40 horizon=15.00 frames=150 commit_frames=20[0m
[0m[INFO] [1788847507.332813464]: [sim_plan] built plan=2212 start=3656.40 horizon=15.00 frames=150 commit_frames=20[0m
[0m[INFO] [1788847507.371982612]: [sim_plan] built plan=2213 start=3658.40 horizon=15.00 frames=150 commit_frames=20[0m
[0m[INFO] [17888475[33m[WARN] [1788847507.566943196]: [DEADLOCK] event=CONFIRMED pair=V0-V1 duration=4 path_gen=92/91[0m
[33m[WARN] [1788847507.567770488]: [DEADLOCK] event=SELECT pair=V0-V1 retreat=V1 pass=V0 target_s=1.51889 pass_clear_s=5.08 distance=1.37 estimated_time=13.7 selection_reason=priority_yielding_vehicle_retreat[0m
[33m[WARN] [1788847507.688996543]: [DEADLOCK] event=RETREAT_DONE pair=V1-V0 retreat=V1 pass=V0 target_s=1.51889[0m
[33m[WARN] [1788847507.689475684]: [DEADLOCK] event=PASS_START pair=V1-V0 retreat=V1 pass=V0 target_s=1.51889[0m
[33m[WARN] [1788847507.708075262]: [DEADLOCK] event=CLEAR pair=V1-V0 pass_s=2.68398 reason=passer_released_to_normal_coordination[0m
[33m[WARN] [1788847507.942472968]: [SLOT_DEPARTURE] time=61min59.4s vehicle=V0 owner=V1 result=ALLOW reason=slot_departure_clear candidate_path_gen=93 slot_departure_clear_s=0.346 vehicle_mode=ACTIVE vehicle_speed=0.000 vehicle_path_s=0.000 blocker=none a1_prefix_conflict=0 ordinary_road_conflict=0 owner_phase=TO_A1 owner_path_gen=91 geometry=pending_preview protected_zones=0 actual_occupancy_priority=0[0m
[33m[WARN] [1788847507.943265476]: [multi_patrol][A1 EXIT PREPARED] V0 target=B21 pickup_dwell=5.00s exit_len=6.358 priority_until_s=0.758 horizon_refresh=IMMEDIATE[0m
07.374538516]: [multi_patrol][A1 EXIT PRIORITY RELEASE] V0 s=0.771 threshold=0.758[0m
[0m[INFO] [1788847507.412574798]: [sim_plan] built plan=2214 start=3660.40 horizon=15.00 frames=150 commit_frames=20[0m
[0m[INFO] [1788847507.443660348]: [sim_plan] built plan=2215 start=3662.40 horizon=15.00 frames=150 commit_frames=20[0m
[0m[INFO] [1788847507.467794246]: [sim_plan] built plan=2216 start=3664.40 horizon=15.00 frames=150 commit_frames=20[0m
[0m[INFO] [1788847507.492240363]: [sim_plan] built plan=2217 start=3666.40 horizon=15.00 frames=150 commit_frames=20[0m
[0m[INFO] [1788847507.516438782]: [sim_plan] built plan=2218 start=3668.40 horizon=15.00 frames=150 commit_frames=20[0m
[0m[INFO] [1788847507.534245343]: [sim_plan] built plan=2219 start=3670.40 horizon=15.00 frames=150 commit_frames=20[0m
[0m[INFO] [1788847507.550272568]: [sim_plan] built plan=2220 start=3672.40 horizon=15.00 frames=150 commit_frames=20[0m
[0m[INFO] [1788847507.566499184]: [sim_plan] built plan=2221 start=3674.40 horizon=15.00 frames=150 commit_frames=20[0m
[0m[INFO] [1788847507.581615662]: [sim_plan] built plan=2222 start=3674.60 horizon=15.00 frames=150 commit_frames=20[0m
[0m[INFO] [1788847507.597662483]: [sim_plan] built plan=2223 start=3676.60 horizon=15.00 frames=150 commit_frames=20[0m
[0m[INFO] [1788847507.612114643]: [sim_plan] built plan=2224 start=3678.60 horizon=15.00 frames=150 commit_frames=20[0m
[0m[INFO] [1788847507.626965968]: [sim_plan] built plan=2225 start=3680.60 horizon=15.00 frames=150 commit_frames=20[0m
[0m[INFO] [1788847507.646716632]: [sim_plan] built plan=2226 start=3682.60 horizon=15.00 frames=150 commit_frames=20[0m
[0m[INFO] [1788847507.666664661]: [sim_plan] built plan=2227 start=3684.60 horizon=15.00 frames=150 commit_frames=20[0m
[0m[INFO] [1788847507.687905691]: [sim_plan] built plan=2228 start=3686.60 horizon=15.00 frames=150 commit_frames=20[0m
[0m[INFO] [1788847507.707856577]: [sim_plan] built plan=2229 start=3688.40 horizon=15.00 frames=150 commit_frames=20[0m
[0m[INFO] [1788847507.726516925]: [sim_plan] built plan=2230 start=3688.50 horizon=15.00 frames=150 commit_frames=20[0m
[0m[INFO] [1788847507.749290935]: [sim_plan] built plan=2231 start=3690.50 horizon=15.00 frames=150 commit_frames=20[0m
[0m[INFO] [1788847507.767830820]: [sim_plan] built plan=2232 start=3692.50 horizon=15.00 frames=150 commit_frames=20[0m
[0m[INFO] [1788847507.788245505]: [sim_plan] built plan=2233 start=3694.50 horizon=15.00 frames=150 commit_frames=20[0m
[0m[INFO] [1788847507.806840143]: [sim_plan] built plan=2234 start=3696.50 horizon=15.00 frames=150 commit_frames=20[0m
[0m[INFO] [1788847507.825482752]: [sim_plan] built plan=2235 start=3698.50 horizon=15.00 frames=150 commit_frames=20[0m
[0m[INFO] [1788847507.843464042]: [sim_plan] built plan=2236 start=3700.50 horizon=15.00 frames=150 commit_frames=20[0m
[0m[INFO] [1788847507.858999899]: [sim_plan] built plan=2237 start=3702.50 horizon=15.00 frames=150 commit_frames=20[0m
[0m[INFO] [1788847507.872290297]: [sim_plan] built plan=2238 start=3704.50 horizon=15.00 frames=150 commit_frames=20[0m
[0m[INFO] [1788847507.883486775]: [sim_plan] built plan=2239 start=3706.50 horizon=15.00 frames=150 commit_frames=20[0m
[0m[INFO] [1788847507.893922868]: [sim_plan] built plan=2240 start=3708.50 horizon=15.00 frames=150 commit_frames=20[0m
[0m[INFO] [1788847507.902161354]: [sim_plan] built plan=2241 start=3710.50 horizon=15.00 frames=150 commit_frames=20[0m
[0m[INFO] [1788847507.917616864]: [sim_plan] built plan=2242 start=3712.50 horizon=15.00 frames=150 commit_frames=20[0m
[0m[INFO] [1788847507.923288930]: [sim_plan] built plan=2243 start=3714.50 horizon=15.00 frames=150 commit_frames=20[0m
[0m[INFO] [1788847507.929490433]: [sim_plan] built plan=2244 start=3716.50 horizon=15.00 frames=150 commit_frames=20[0m
[0m[INFO] [1788847507.934023966]: [sim_plan] built plan=2245 start=3718.50 horizon=15.00 frames=150 commit_frames=20[0m
[0m[INFO] [1788847507.942371130]: [multi_patrol][A1] V0 pickup leg: B57 -> A1  wpts=627 len=6.725[0m
[[33m[WARN] [1788847508.018213577]: [multi_patrol][A1 EXIT HORIZON] V1 target=B65 dwell_part=4.90s departure_window=10.10s total_horizon=15.00s[0m
[33m[WARN] [1788847508.034239152]: [multi_patrol][A1 EXIT HORIZON] V1 target=B65 dwell_part=2.90s departure_window=12.10s total_horizon=15.00s[0m
[33m[WARN] [1788847508.053568456]: [multi_patrol][A1 EXIT HORIZON] V1 target=B65 dwell_part=0.90s departure_window=14.10s total_horizon=15.00s[0m
[33m[WARN] [1788847508.300894535]: [multi_patrol][A1 EXIT HORIZON] V0 target=B21 dwell_part=4.90s departure_window=10.10s total_horizon=15.00s[0m
[33m[WARN] [1788847508.311813117]: [multi_patrol][A1 EXIT HORIZON] V0 target=B21 dwell_part=2.90s departure_window=12.10s total_horizon=15.00s[0m
[33m[WARN] [1788847508.324577906]: [multi_patrol][A1 EXIT HORIZON] V0 target=B21 dwell_part=0.90s departure_window=14.10s total_horizon=15.00s[0m
0m[INFO] [1788847507.958940896]: [sim_plan] built plan=2246 start=3719.40 horizon=15.00 frames=150 commit_frames=20[0m
[0m[INFO] [1788847507.981695050]: [sim_plan] built plan=2247 start=3721.40 horizon=15.00 frames=150 commit_frames=20[0m
[0m[INFO] [1788847507.994559352]: [sim_plan] built plan=2248 start=3723.40 horizon=15.00 frames=150 commit_frames=20[0m
[0m[INFO] [1788847508.006498912]: [sim_plan] built plan=2249 start=3725.40 horizon=15.00 frames=150 commit_frames=20[0m
[0m[INFO] [1788847508.018145247]: [sim_plan] built plan=2250 start=3727.30 horizon=15.00 frames=150 commit_frames=20[0m
[0m[INFO] [1788847508.034169260]: [sim_plan] built plan=2251 start=3729.30 horizon=15.00 frames=150 commit_frames=20[0m
[0m[INFO] [1788847508.053516694]: [sim_plan] built plan=2252 start=3731.30 horizon=15.00 frames=150 commit_frames=20[0m
[0m[INFO] [1788847508.055036875]: [multi_patrol][A1] V1 activate prepared dropoff: A1 -> B65 len=6.956 priority_until_s=0.758[0m
[0m[INFO] [1788847508.072894864]: [sim_plan] built plan=2253 start=3732.20 horizon=15.00 frames=150 commit_frames=20[0m
[0m[INFO] [1788847508.101332238]: [sim_plan] built plan=2254 start=3734.20 horizon=15.00 frames=150 commit_frames=20[0m
[0m[INFO] [1788847508.122313041]: [sim_plan] built plan=2255 start=3736.20 horizon=15.00 frames=150 commit_frames=20[0m
[0m[INFO] [1788847508.123638582]: [multi_patrol][A1 EXIT PRIORITY RELEASE] V1 s=0.771 threshold=0.758[0m
[0m[INFO] [1788847508.146822071]: [sim_plan] built plan=2256 start=3738.20 horizon=15.00 frames=150 commit_frames=20[0m
[0m[INFO] [1788847508.169111330]: [sim_plan] built plan=2257 start=3740.20 horizon=15.00 frames=150 commit_frames=20[0m
[0m[INFO] [1788847508.189941284]: [sim_plan] built plan=2258 start=3742.20 horizon=15.00 frames=150 commit_frames=20[0m
[0m[INFO] [1788847508.207557242]: [sim_plan] built plan=2259 start=3744.20 horizon=15.00 frames=150 commit_frames=20[0m
[0m[INFO] [1788847508.223760760]: [sim_plan] built plan=2260 start=3746.20 horizon=15.00 frames=150 commit_frames=20[0m
[0m[INFO] [1788847508.238561844]: [sim_plan] built plan=2261 start=3748.20 horizon=15.00 frames=150 commit_frames=20[0m
[0m[INFO] [1788847508.251445146]: [sim_plan] built plan=2262 start=3750.20 horizon=15.00 frames=150 commit_frames=20[0m
[0m[INFO] [1788847508.262469775]: [sim_plan] built plan=2263 start=3752.20 horizon=15.00 frames=150 commit_frames=20[0m
[0m[INFO] [1788847508.272072489]: [sim_plan] built plan=2264 start=3754.20 horizon=15.00 frames=150 commit_frames=20[0m
[0m[INFO] [1788847508.281166697]: [sim_plan] built plan=2265 start=3756.20 horizon=15.00 frames=150 commit_frames=20[0m
[0m[INFO] [1788847508.290566012]: [sim_plan] built plan=2266 start=3758.20 horizon=15.00 frames=150 commit_frames=20[0m
[0m[INFO] [1788847508.300850486]: [sim_plan] built plan=2267 start=3759.30 horizon=15.00 frames=150 commit_frames=20[0m
[0m[INFO] [1788847508.311767535]: [sim_plan] built plan=2268 start=3761.30 horizon=15.00 frames=150 commit_frames=20[0m
[0m[INFO] [1788847508.324524126]: [sim_plan] built plan=2269 start=3763.30 horizon=15.00 frames=150 commit_frames=20[0m
[0m[INFO] [1788847508.325894944]: [multi_patrol][A1] V0 activate prepared dropoff: A1 -> B21 len=6.358 priority_until_s=0.758[0m
[0m[INFO] [1788847508.337274946]: [sim_plan] built plan=2270 start=3764.20 horizon=15.00 frames=150 commit_frames=20[0m
[0m[INFO] [1788847508.358531202]: [sim_plan] built plan=2271 start=3766.20 horizon=15.00 frames=150 commit_frames=20[0m
[0m[INFO] [1788847508.367782668]: [sim_plan] built plan=2272 start=3768.20 horizon=15.00 frames=150 commit_frames=20[0m
[0m[INFO] [1788847508.368960749]: [multi_patrol][A1 EXIT PRIORITY RELEASE] V0 s=0.771 threshold=0.758[0m
[0m[INFO] [1788847508.375632596]: [sim_plan] built plan=2273 start=3770.20 horizon=15.00 frames=150 commit_frames=20[0m
[0m[INFO] [1788847508.381042337]: [sim_plan] built plan=2274 start=3772.20 horizon=15.00 frames=150 commit_frames=20[0m
[0m[INFO] [1788847508.385066313]: [sim_plan] built plan=2275 start=3774.20 horizon=[33m[WARN] [1788847508.390569650]: [SLOT_DEPARTURE] time=62min58.0s vehicle=V1 owner=none result=ALLOW reason=no_service_owner candidate_path_gen=93 slot_departure_clear_s=0.346 vehicle_mode=ACTIVE vehicle_speed=0.000 vehicle_path_s=0.000 blocker=none a1_prefix_conflict=0 ordinary_road_conflict=0[0m
[33m[WARN] [1788847508.391028936]: [multi_patrol][A1 EXIT PREPARED] V1 target=B55 pickup_dwell=5.00s exit_len=6.954 priority_until_s=0.758 horizon_refresh=IMMEDIATE[0m
[33m[WARN] [1788847508.595480519]: [SLOT_DEPARTURE] time=63min26.8s vehicle=V0 owner=V1 result=ALLOW reason=slot_departure_clear candidate_path_gen=95 slot_departure_clear_s=0.327 vehicle_mode=ACTIVE vehicle_speed=0.000 vehicle_path_s=0.000 blocker=none a1_prefix_conflict=0 ordinary_road_conflict=0 owner_phase=TO_A1 owner_path_gen=93 geometry=pending_preview protected_zones=0 actual_occupancy_priority=0[0m
[33m[WARN] [1788847508.595914650]: [multi_patrol][A1 EXIT PREPARED] V0 target=B26 pickup_dwell=5.00s exit_len=3.655 priority_until_s=0.758 horizon_refresh=IMMEDIATE[0m
[33m[WARN] [1788847508.707317534]: [multi_patrol][A1 EXIT HORIZON] V1 target=B55 dwell_part=4.90s departure_window=10.10s total_horizon=15.00s[0m
[33m[WARN] [1788847508.721560130]: [multi_patrol][A1 EXIT HORIZON] V1 target=B55 dwell_part=2.90s departure_window=12.10s total_horizon=15.00s[0m
[33m[WARN] [1788847508.760310632]: [multi_patrol][A1 EXIT HORIZON] V1 target=B55 dwell_part=0.90s departure_window=14.10s total_horizon=15.00s[0m
15.00 frames=150 commit_frames=20[0m
[0m[INFO] [1788847508.389647406]: [sim_plan] built plan=2276 start=3776.20 horizon=15.00 frames=150 commit_frames=20[0m
[0m[INFO] [1788847508.390517717]: [multi_patrol][A1] V1 pickup leg: B65 -> A1  wpts=567 len=6.684[0m
[0m[INFO] [1788847508.408283401]: [sim_plan] built plan=2277 start=3778.00 horizon=15.00 frames=150 commit_frames=20[0m
[0m[INFO] [1788847508.435194752]: [sim_plan] built plan=2278 start=3780.00 horizon=15.00 frames=150 commit_frames=20[0m
[0m[INFO] [1788847508.451610631]: [sim_plan] built plan=2279 start=3782.00 horizon=15.00 frames=150 commit_frames=20[0m
[0m[INFO] [1788847508.465751055]: [sim_plan] built plan=2280 start=3784.00 horizon=15.00 frames=150 commit_frames=20[0m
[0m[INFO] [1788847508.487515829]: [sim_plan] built plan=2281 start=3786.00 horizon=15.00 frames=150 commit_frames=20[0m
[0m[INFO] [1788847508.504057697]: [sim_plan] built plan=2282 start=3788.00 horizon=15.00 frames=150 commit_frames=20[0m
[0m[INFO] [1788847508.518726368]: [sim_plan] built plan=2283 start=3790.00 horizon=15.00 frames=150 commit_frames=20[0m
[0m[INFO] [1788847508.531680847]: [sim_plan] built plan=2284 start=3792.00 horizon=15.00 frames=150 commit_frames=20[0m
[0m[INFO] [1788847508.543711034]: [sim_plan] built plan=2285 start=3794.00 horizon=15.00 frames=150 commit_frames=20[0m
[0m[INFO] [1788847508.552989428]: [sim_plan] built plan=2286 start=3796.00 horizon=15.00 frames=150 commit_frames=20[0m
[0m[INFO] [1788847508.560461244]: [sim_plan] built plan=2287 start=3798.00 horizon=15.00 frames=150 commit_frames=20[0m
[0m[INFO] [1788847508.566963958]: [sim_plan] built plan=2288 start=3800.00 horizon=15.00 frames=150 commit_frames=20[0m
[0m[INFO] [1788847508.570645520]: [sim_plan] built plan=2289 start=3802.00 horizon=15.00 frames=150 commit_frames=20[0m
[0m[INFO] [1788847508.574295058]: [sim_plan] built plan=2290 start=3804.00 horizon=15.00 frames=150 commit_frames=20[0m
[0m[INFO] [1788847508.587254716]: [sim_plan] built plan=2291 start=3806.00 horizon=15.00 frames=150 commit_frames=20[0m
[0m[INFO] [1788847508.595408094]: [multi_patrol][A1] V0 pickup leg: B21 -> A1  wpts=535 len=6.102[0m
[0m[INFO] [1788847508.613293468]: [sim_plan] built plan=2292 start=3806.80 horizon=15.00 frames=150 commit_frames=20[0m
[0m[INFO] [1788847508.636851890]: [sim_plan] built plan=2293 start=3808.80 horizon=15.00 frames=150 commit_frames=20[0m
[0m[INFO] [1788847508.650720547]: [sim_plan] built plan=2294 start=3810.80 horizon=15.00 frames=150 commit_frames=20[0m
[0m[INFO] [1788847508.663434162]: [sim_plan] built plan=2295 start=3812.80 horizon=15.00 frames=150 commit_frames=20[0m
[0m[INFO] [1788847508.675120640]: [sim_plan] built plan=2296 start=3814.80 horizon=15.00 frames=150 commit_frames=20[0m
[0m[INFO] [1788847508.686002143]: [sim_plan] built plan=2297 start=3816.80 horizon=15.00 frames=150 commit_frames=20[0m
[0m[INFO] [1788847508.696606898]: [sim_plan] built plan=2298 start=3818.80 horizon=15.00 frames=150 commit_frames=20[0m
[0m[INFO] [1788847508.707257640]: [sim_plan] built plan=2299 start=3819.60 horizon=15.00 frames=150 commit_frames=20[0m
[0m[INFO] [1788847508.721505007]: [sim_plan] built plan=2300 start=3821.60 horizon=15.00 frames=150 commit_frames=20[0m
[0m[INFO] [1788847508.760253671]: [sim_plan] built plan=2301 start=3823.60 horizon=15.00 frames=150 commit_frames=20[0m
[0m[INFO] [1788847508.761832281]: [multi_patrol][A1] V1 activate prepared dropoff: A1 -> B55 len=6.954 priority_until_s=0.758[0m
[0m[INFO] [1788847508.800369156]: [sim_plan] built plan=2302 start=3824.50 horizon=15.00 frames=150 commit_frames=20[0m
[0m[INFO] [1788847508.846667650]: [sim_plan] built plan=2303 start=3826.50 horizon=15.00 frames=150 commit_frames=20[0m
[0m[INFO] [1788847508.877546343]: [sim_plan] built plan=2304 start=3828.50 horizon=15.00 frames=150 commit_frames=20[0m
[0m[INFO] [1788847508.879114420]: [multi_patrol][A1 EXIT PRIORITY RELEASE] V1 s=0.771 threshold=0.758[0m
[0m[INFO] [1788847508.902636732]: [sim_plan] built plan=2305 start=3830.50 [33m[WARN] [1788847509.003804035]: [multi_patrol][A1 EXIT HORIZON] V0 target=B26 dwell_part=4.90s departure_window=10.10s total_horizon=15.00s[0m
[33m[WARN] [1788847509.017500545]: [multi_patrol][A1 EXIT HORIZON] V0 target=B26 dwell_part=2.90s departure_window=12.10s total_horizon=15.00s[0m
[33m[WARN] [1788847509.037256482]: [multi_patrol][A1 EXIT HORIZON] V0 target=B26 dwell_part=0.90s departure_window=14.10s total_horizon=15.00s[0m
[33m[WARN] [1788847509.150970379]: [SLOT_DEPARTURE] time=64min30.4s vehicle=V1 owner=none result=ALLOW reason=no_service_owner candidate_path_gen=95 slot_departure_clear_s=0.327 vehicle_mode=ACTIVE vehicle_speed=0.000 vehicle_path_s=0.000 blocker=none a1_prefix_conflict=0 ordinary_road_conflict=0[0m
[33m[WARN] [1788847509.151443600]: [multi_patrol][A1 EXIT PREPARED] V1 target=B1 pickup_dwell=5.00s exit_len=2.336 priority_until_s=0.756 horizon_refresh=IMMEDIATE[0m
[33m[WARN] [1788847509.176516962]: [SLOT_DEPARTURE] time=64min37.8s vehicle=V0 owner=none result=ALLOW reason=no_service_owner candidate_path_gen=97 slot_departure_clear_s=0.327 vehicle_mode=ACTIVE vehicle_speed=0.000 vehicle_path_s=0.000 blocker=none a1_prefix_conflict=0 ordinary_road_conflict=0[0m
[33m[WARN] [1788847509.177014566]: [multi_patrol][A1 EXIT PREPARED] V0 target=B7 pickup_dwell=5.00s exit_len=2.116 priority_until_s=0.756 horizon_refresh=IMMEDIATE[0m
horizon=15.00 frames=150 commit_frames=20[0m
[0m[INFO] [1788847508.921919433]: [sim_plan] built plan=2306 start=3832.50 horizon=15.00 frames=150 commit_frames=20[0m
[0m[INFO] [1788847508.937649462]: [sim_plan] built plan=2307 start=3834.50 horizon=15.00 frames=150 commit_frames=20[0m
[0m[INFO] [1788847508.950917268]: [sim_plan] built plan=2308 start=3836.50 horizon=15.00 frames=150 commit_frames=20[0m
[0m[INFO] [1788847508.963120808]: [sim_plan] built plan=2309 start=3838.50 horizon=15.00 frames=150 commit_frames=20[0m
[0m[INFO] [1788847508.973610425]: [sim_plan] built plan=2310 start=3840.50 horizon=15.00 frames=150 commit_frames=20[0m
[0m[INFO] [1788847508.983973425]: [sim_plan] built plan=2311 start=3842.50 horizon=15.00 frames=150 commit_frames=20[0m
[0m[INFO] [1788847508.993691626]: [sim_plan] built plan=2312 start=3844.50 horizon=15.00 frames=150 commit_frames=20[0m
[0m[INFO] [1788847509.003758018]: [sim_plan] built plan=2313 start=3845.40 horizon=15.00 frames=150 commit_frames=20[0m
[0m[INFO] [1788847509.017431774]: [sim_plan] built plan=2314 start=3847.40 horizon=15.00 frames=150 commit_frames=20[0m
[0m[INFO] [1788847509.037207719]: [sim_plan] built plan=2315 start=3849.40 horizon=15.00 frames=150 commit_frames=20[0m
[0m[INFO] [1788847509.038894862]: [multi_patrol][A1] V0 activate prepared dropoff: A1 -> B26 len=3.655 priority_until_s=0.758[0m
[0m[INFO] [1788847509.059582327]: [sim_plan] built plan=2316 start=3850.30 horizon=15.00 frames=150 commit_frames=20[0m
[0m[INFO] [1788847509.083766489]: [sim_plan] built plan=2317 start=3852.30 horizon=15.00 frames=150 commit_frames=20[0m
[0m[INFO] [1788847509.101500470]: [sim_plan] built plan=2318 start=3854.30 horizon=15.00 frames=150 commit_frames=20[0m
[0m[INFO] [1788847509.102873010]: [multi_patrol][A1 EXIT PRIORITY RELEASE] V0 s=0.771 threshold=0.758[0m
[0m[INFO] [1788847509.116394423]: [sim_plan] built plan=2319 start=3856.30 horizon=15.00 frames=150 commit_frames=20[0m
[0m[INFO] [1788847509.127916086]: [sim_plan] built plan=2320 start=3858.30 horizon=15.00 frames=150 commit_frames=20[0m
[0m[INFO] [1788847509.136413341]: [sim_plan] built plan=2321 start=3860.30 horizon=15.00 frames=150 commit_frames=20[0m
[0m[INFO] [1788847509.142190844]: [sim_plan] built plan=2322 start=3862.30 horizon=15.00 frames=150 commit_frames=20[0m
[0m[INFO] [1788847509.145704356]: [sim_plan] built plan=2323 start=3864.30 horizon=15.00 frames=150 commit_frames=20[0m
[0m[INFO] [1788847509.147661667]: [sim_plan] built plan=2324 start=3866.30 horizon=15.00 frames=150 commit_frames=20[0m
[0m[INFO] [1788847509.149279214]: [sim_plan] built plan=2325 start=3868.30 horizon=15.00 frames=150 commit_frames=20[0m
[0m[INFO] [1788847509.150464406]: [sim_plan] built plan=2326 start=3870.30 horizon=15.00 frames=150 commit_frames=20[0m
[0m[INFO] [1788847509.150929962]: [multi_patrol][A1] V1 pickup leg: B55 -> A1  wpts=538 len=6.675[0m
[0m[INFO] [1788847509.159204408]: [sim_plan] built plan=2327 start=3870.40 horizon=15.00 frames=150 commit_frames=20[0m
[0m[INFO] [1788847509.168139592]: [sim_plan] built plan=2328 start=3872.40 horizon=15.00 frames=150 commit_frames=20[0m
[0m[INFO] [1788847509.171858300]: [sim_plan] built plan=2329 start=3874.40 horizon=15.00 frames=150 commit_frames=20[0m
[0m[INFO] [1788847509.175716045]: [sim_plan] built plan=2330 start=3876.40 horizon=15.00 frames=150 commit_frames=20[0m
[0m[INFO] [1788847509.176469021]: [multi_patrol][A1] V0 pickup leg: B26 -> A1  wpts=298 len=3.694[0m
[0m[INFO] [1788847509.193949820]: [sim_plan] built plan=2331 start=3877.80 horizon=15.00 frames=150 commit_frames=20[0m
[0m[INFO] [1788847509.218878503]: [sim_plan] built plan=2332 start=3879.80 horizon=15.00 frames=150 commit_frames=20[0m
[0m[INFO] [1788847509.236209820]: [sim_plan] built plan=2333 start=3881.80 horizon=15.00 frames=150 commit_frames=20[0m
[0m[INFO] [1788847509.251932857]: [sim_plan] built plan=2334 start=3883.80 horizon=15.00 frames=150 commit_frames=20[0m
[0m[INFO] [1788847509.272300646]: [sim_plan] built plan=2335 start=[33m[WARN] [1788847509.680522299]: [multi_patrol][A1 EXIT HORIZON] V0 target=B7 dwell_part=4.90s departure_window=10.10s total_horizon=15.00s[0m
[33m[WARN] [1788847509.746627836]: [multi_patrol][A1 EXIT HORIZON] V0 target=B7 dwell_part=2.90s departure_window=12.10s total_horizon=15.00s[0m
[33m[WARN] [1788847509.815219512]: [multi_patrol][A1 EXIT HORIZON] V0 target=B7 dwell_part=0.90s departure_window=14.10s total_horizon=15.00s[0m
[33m[WARN] [1788847510.057661234]: [SLOT_DEPARTURE] time=65min23.5s vehicle=V0 owner=V1 result=ALLOW reason=slot_departure_clear candidate_path_gen=99 slot_departure_clear_s=0.346 vehicle_mode=ACTIVE vehicle_speed=0.000 vehicle_path_s=0.000 blocker=none a1_prefix_conflict=0 ordinary_road_conflict=0 owner_phase=TO_A1 owner_path_gen=95 geometry=pending_preview protected_zones=0 actual_occupancy_priority=0[0m
[33m[WARN] [1788847510.058229393]: [multi_patrol][A1 EXIT PREPARED] V0 target=B21 pickup_dwell=5.00s exit_len=6.358 priority_until_s=0.758 horizon_refresh=IMMEDIATE[0m
[33m[WARN] [1788847510.226901623]: [multi_patrol][A1 EXIT HORIZON] V1 target=B1 dwell_part=4.90s departure_window=10.10s total_horizon=15.00s[0m
[33m[WARN] [1788847510.272367705]: [multi_patrol][A1 EXIT HORIZON] V1 target=B1 dwell_part=2.90s departure_window=12.10s total_horizon=15.00s[0m
[33m[WARN] [1788847510.314040634]: [multi_patrol][A1 EXIT HORIZON] V1 target=B1 dwell_part=0.90s departure_window=14.10s total_horizon=15.00s[0m
3885.80 horizon=15.00 frames=150 commit_frames=20[0m
[0m[INFO] [1788847509.304166972]: [sim_plan] built plan=2336 start=3887.80 horizon=15.00 frames=150 commit_frames=20[0m
[0m[INFO] [1788847509.343945733]: [sim_plan] built plan=2337 start=3889.80 horizon=15.00 frames=150 commit_frames=20[0m
[0m[INFO] [1788847509.393712815]: [sim_plan] built plan=2338 start=3891.80 horizon=15.00 frames=150 commit_frames=20[0m
[0m[INFO] [1788847509.442513974]: [sim_plan] built plan=2339 start=3893.80 horizon=15.00 frames=150 commit_frames=20[0m
[0m[INFO] [1788847509.491881517]: [sim_plan] built plan=2340 start=3895.80 horizon=15.00 frames=150 commit_frames=20[0m
[0m[INFO] [1788847509.555124104]: [sim_plan] built plan=2341 start=3897.80 horizon=15.00 frames=150 commit_frames=20[0m
[0m[INFO] [1788847509.621224607]: [sim_plan] built plan=2342 start=3899.80 horizon=15.00 frames=150 commit_frames=20[0m
[0m[INFO] [1788847509.680469769]: [sim_plan] built plan=2343 start=3900.60 horizon=15.00 frames=150 commit_frames=20[0m
[0m[INFO] [1788847509.746574585]: [sim_plan] built plan=2344 start=3902.60 horizon=15.00 frames=150 commit_frames=20[0m
[0m[INFO] [1788847509.815168746]: [sim_plan] built plan=2345 start=3904.60 horizon=15.00 frames=150 commit_frames=20[0m
[0m[INFO] [1788847509.816613401]: [multi_patrol][A1] V0 activate prepared dropoff: A1 -> B7 len=2.116 priority_until_s=0.756[0m
[0m[INFO] [1788847509.881668578]: [sim_plan] built plan=2346 start=3905.50 horizon=15.00 frames=150 commit_frames=20[0m
[0m[INFO] [1788847509.940740694]: [sim_plan] built plan=2347 start=3907.50 horizon=15.00 frames=150 commit_frames=20[0m
[0m[INFO] [1788847509.985807417]: [sim_plan] built plan=2348 start=3909.50 horizon=15.00 frames=150 commit_frames=20[0m
[0m[INFO] [1788847509.987069307]: [multi_patrol][A1 EXIT PRIORITY RELEASE] V0 s=0.768 threshold=0.756[0m
[0m[INFO] [1788847510.015458872]: [sim_plan] built plan=2349 start=3911.50 horizon=15.00 frames=150 commit_frames=20[0m
[0m[INFO] [1788847510.033294627]: [sim_plan] built plan=2350 start=3913.50 horizon=15.00 frames=150 commit_frames=20[0m
[0m[INFO] [1788847510.041668840]: [sim_plan] built plan=2351 start=3915.50 horizon=15.00 frames=150 commit_frames=20[0m
[0m[INFO] [1788847510.046579559]: [sim_plan] built plan=2352 start=3917.50 horizon=15.00 frames=150 commit_frames=20[0m
[0m[INFO] [1788847510.051718378]: [sim_plan] built plan=2353 start=3919.50 horizon=15.00 frames=150 commit_frames=20[0m
[0m[INFO] [1788847510.055468834]: [sim_plan] built plan=2354 start=3921.50 horizon=15.00 frames=150 commit_frames=20[0m
[0m[INFO] [1788847510.057605609]: [multi_patrol][A1] V0 pickup leg: B7 -> A1  wpts=162 len=2.116[0m
[0m[INFO] [1788847510.121734338]: [sim_plan] built plan=2355 start=3923.50 horizon=15.00 frames=150 commit_frames=20[0m
[0m[INFO] [1788847510.180309016]: [sim_plan] built plan=2356 start=3925.50 horizon=15.00 frames=150 commit_frames=20[0m
[0m[INFO] [1788847510.226850631]: [sim_plan] built plan=2357 start=3927.00 horizon=15.00 frames=150 commit_frames=20[0m
[0m[INFO] [1788847510.272306497]: [sim_plan] built plan=2358 start=3929.00 horizon=15.00 frames=150 commit_frames=20[0m
[0m[INFO] [1788847510.313984515]: [sim_plan] built plan=2359 start=3931.00 horizon=15.00 frames=150 commit_frames=20[0m
[0m[INFO] [1788847510.315516896]: [multi_patrol][A1] V1 activate prepared dropoff: A1 -> B1 len=2.336 priority_until_s=0.756[0m
[0m[INFO] [1788847510.354754206]: [sim_plan] built plan=2360 start=3931.90 horizon=15.00 frames=150 commit_frames=20[0m
[0m[INFO] [1788847510.387182543]: [sim_plan] built plan=2361 start=3933.90 horizon=15.00 frames=150 commit_frames=20[0m
[0m[INFO] [1788847510.406962530]: [sim_plan] built plan=2362 start=3935.90 horizon=15.00 frames=150 commit_frames=20[0m
[0m[INFO] [1788847510.407864143]: [multi_patrol][A1 EXIT PRIORITY RELEASE] V1 s=0.768 threshold=0.756[0m
[0m[INFO] [1788847510.420723955]: [sim_plan] built plan=2363 start=3937.90 horizon=15.00 frames=150 commit_frames=20[0m
[0m[INFO] [1788847510.427682906]: [sim_plan] buil[33m[WARN] [1788847510.450709368]: [multi_patrol][A1 EXIT HORIZON] V0 target=B21 dwell_part=4.90s departure_window=10.10s total_horizon=15.00s[0m
[33m[WARN] [1788847510.455684818]: [multi_patrol][A1 EXIT HORIZON] V0 target=B21 dwell_part=2.90s departure_window=12.10s total_horizon=15.00s[0m
[33m[WARN] [1788847510.460635905]: [SLOT_DEPARTURE] time=65min51.0s vehicle=V1 owner=V0 result=ALLOW reason=slot_departure_clear candidate_path_gen=97 slot_departure_clear_s=0.346 vehicle_mode=ACTIVE vehicle_speed=0.000 vehicle_path_s=0.000 blocker=none a1_prefix_conflict=0 ordinary_road_conflict=0 owner_phase=PICKUP_DWELL owner_path_gen=99 geometry=pending_preview protected_zones=0 actual_occupancy_priority=0[0m
[33m[WARN] [1788847510.461190160]: [multi_patrol][A1 EXIT PREPARED] V1 target=B37 pickup_dwell=5.00s exit_len=5.751 priority_until_s=0.758 horizon_refresh=IMMEDIATE[0m
[33m[WARN] [1788847510.526676679]: [multi_patrol][A1 EXIT HORIZON] V0 target=B21 dwell_part=1.50s departure_window=13.50s total_horizon=15.00s[0m
[33m[WARN] [1788847510.919782621]: [multi_patrol][A1 EXIT HORIZON] V1 target=B37 dwell_part=4.90s departure_window=10.10s total_horizon=15.00s[0m
[33m[WARN] [1788847510.927992802]: [multi_patrol][A1 EXIT HORIZON] V1 target=B37 dwell_part=2.90s departure_window=12.10s total_horizon=15.00s[0m
[33m[WARN] [1788847510.937379762]: [multi_patrol][A1 EXIT HORIZON] V1 target=B37 dwell_part=0.90s departure_window=14.10s total_horizon=15.00s[0m
t plan=2364 start=3939.90 horizon=15.00 frames=150 commit_frames=20[0m
[0m[INFO] [1788847510.437336625]: [sim_plan] built plan=2365 start=3941.90 horizon=15.00 frames=150 commit_frames=20[0m
[0m[INFO] [1788847510.442690398]: [sim_plan] built plan=2366 start=3943.90 horizon=15.00 frames=150 commit_frames=20[0m
[0m[INFO] [1788847510.446775282]: [sim_plan] built plan=2367 start=3945.90 horizon=15.00 frames=150 commit_frames=20[0m
[0m[INFO] [1788847510.450657095]: [sim_plan] built plan=2368 start=3947.60 horizon=15.00 frames=150 commit_frames=20[0m
[0m[INFO] [1788847510.455646873]: [sim_plan] built plan=2369 start=3949.60 horizon=15.00 frames=150 commit_frames=20[0m
[0m[INFO] [1788847510.460588060]: [multi_patrol][A1] V1 pickup leg: B1 -> A1  wpts=276 len=2.815[0m
[0m[INFO] [1788847510.526616390]: [sim_plan] built plan=2370 start=3951.00 horizon=15.00 frames=150 commit_frames=20[0m
[0m[INFO] [1788847510.528487596]: [multi_patrol][A1] V0 activate prepared dropoff: A1 -> B21 len=6.358 priority_until_s=0.758[0m
[0m[INFO] [1788847510.599140572]: [sim_plan] built plan=2371 start=3952.50 horizon=15.00 frames=150 commit_frames=20[0m
[0m[INFO] [1788847510.659155878]: [sim_plan] built plan=2372 start=3954.50 horizon=15.00 frames=150 commit_frames=20[0m
[0m[INFO] [1788847510.703880571]: [sim_plan] built plan=2373 start=3956.50 horizon=15.00 frames=150 commit_frames=20[0m
[0m[INFO] [1788847510.705228922]: [multi_patrol][A1 EXIT PRIORITY RELEASE] V0 s=0.771 threshold=0.758[0m
[0m[INFO] [1788847510.739258538]: [sim_plan] built plan=2374 start=3958.50 horizon=15.00 frames=150 commit_frames=20[0m
[0m[INFO] [1788847510.766303723]: [sim_plan] built plan=2375 start=3960.50 horizon=15.00 frames=150 commit_frames=20[0m
[0m[INFO] [1788847510.787043239]: [sim_plan] built plan=2376 start=3962.50 horizon=15.00 frames=150 commit_frames=20[0m
[0m[INFO] [1788847510.806116120]: [sim_plan] built plan=2377 start=3964.50 horizon=15.00 frames=150 commit_frames=20[0m
[0m[INFO] [1788847510.825329463]: [sim_plan] built plan=2378 start=3966.50 horizon=15.00 frames=150 commit_frames=20[0m
[0m[INFO] [1788847510.842099749]: [sim_plan] built plan=2379 start=3968.50 horizon=15.00 frames=150 commit_frames=20[0m
[0m[INFO] [1788847510.857062015]: [sim_plan] built plan=2380 start=3970.50 horizon=15.00 frames=150 commit_frames=20[0m
[0m[INFO] [1788847510.872065519]: [sim_plan] built plan=2381 start=3972.50 horizon=15.00 frames=150 commit_frames=20[0m
[0m[INFO] [1788847510.884499105]: [sim_plan] built plan=2382 start=3974.50 horizon=15.00 frames=150 commit_frames=20[0m
[0m[INFO] [1788847510.896089062]: [sim_plan] built plan=2383 start=3976.50 horizon=15.00 frames=150 commit_frames=20[0m
[0m[INFO] [1788847510.905420552]: [sim_plan] built plan=2384 start=3978.50 horizon=15.00 frames=150 commit_frames=20[0m
[0m[INFO] [1788847510.912795041]: [sim_plan] built plan=2385 start=3980.50 horizon=15.00 frames=150 commit_frames=20[0m
[0m[INFO] [1788847510.919738927]: [sim_plan] built plan=2386 start=3980.90 horizon=15.00 frames=150 commit_frames=20[0m
[0m[INFO] [1788847510.927929815]: [sim_plan] built plan=2387 start=3982.90 horizon=15.00 frames=150 commit_frames=20[0m
[0m[INFO] [1788847510.937320869]: [sim_plan] built plan=2388 start=3984.90 horizon=15.00 frames=150 commit_frames=20[0m
[0m[INFO] [1788847510.938895646]: [multi_patrol][A1] V1 activate prepared dropoff: A1 -> B37 len=5.751 priority_until_s=0.758[0m
[0m[INFO] [1788847510.947965343]: [sim_plan] built plan=2389 start=3985.80 horizon=15.00 frames=150 commit_frames=20[0m
[0m[INFO] [1788847510.963056350]: [sim_plan] built plan=2390 start=3987.80 horizon=15.00 frames=150 commit_frames=20[0m
[0m[INFO] [1788847510.968615887]: [sim_plan] built plan=2391 start=3989.80 horizon=15.00 frames=150 commit_frames=20[0m
[0m[INFO] [1788847510.970005552]: [multi_patrol][A1 EXIT PRIORITY RELEASE] V1 s=0.771 threshold=0.758[0m
[0m[INFO] [1788847510.974064467]: [sim_plan] built plan=2392 start=3991.80 horizon=15.00 frames=150 commit_frames=20[0m
[0m[INFO] [1788847510.9779296[33m[WARN] [1788847510.978827579]: [SLOT_DEPARTURE] time=66min35.1s vehicle=V0 owner=none result=ALLOW reason=no_service_owner candidate_path_gen=101 slot_departure_clear_s=0.327 vehicle_mode=ACTIVE vehicle_speed=0.000 vehicle_path_s=0.000 blocker=none a1_prefix_conflict=0 ordinary_road_conflict=0[0m
[33m[WARN] [1788847510.979231115]: [multi_patrol][A1 EXIT PREPARED] V0 target=B15 pickup_dwell=5.00s exit_len=4.311 priority_until_s=0.758 horizon_refresh=IMMEDIATE[0m
[33m[WARN] [1788847511.260134107]: [SLOT_DEPARTURE] time=67min5.5s vehicle=V1 owner=none result=ALLOW reason=no_service_owner candidate_path_gen=99 slot_departure_clear_s=0.327 vehicle_mode=ACTIVE vehicle_speed=0.000 vehicle_path_s=0.000 blocker=none a1_prefix_conflict=0 ordinary_road_conflict=0[0m
[33m[WARN] [1788847511.260578754]: [multi_patrol][A1 EXIT PREPARED] V1 target=B45 pickup_dwell=5.00s exit_len=8.932 priority_until_s=0.758 horizon_refresh=IMMEDIATE[0m
[33m[WARN] [1788847511.512367608]: [multi_patrol][A1 EXIT HORIZON] V0 target=B15 dwell_part=4.90s departure_window=10.10s total_horizon=15.00s[0m
[33m[WARN] [1788847511.566891855]: [multi_patrol][A1 EXIT HORIZON] V0 target=B15 dwell_part=2.90s departure_window=12.10s total_horizon=15.00s[0m
[33m[WARN] [1788847511.625083977]: [multi_patrol][A1 EXIT HORIZON] V0 target=B15 dwell_part=0.90s departure_window=14.10s total_horizon=15.00s[0m
39]: [sim_plan] built plan=2393 start=3993.80 horizon=15.00 frames=150 commit_frames=20[0m
[0m[INFO] [1788847510.978789366]: [multi_patrol][A1] V0 pickup leg: B21 -> A1  wpts=535 len=6.102[0m
[0m[INFO] [1788847511.001140078]: [sim_plan] built plan=2394 start=3995.10 horizon=15.00 frames=150 commit_frames=20[0m
[0m[INFO] [1788847511.044308321]: [sim_plan] built plan=2395 start=3997.10 horizon=15.00 frames=150 commit_frames=20[0m
[0m[INFO] [1788847511.079819173]: [sim_plan] built plan=2396 start=3999.10 horizon=15.00 frames=150 commit_frames=20[0m
[0m[INFO] [1788847511.110696942]: [sim_plan] built plan=2397 start=4001.10 horizon=15.00 frames=150 commit_frames=20[0m
[0m[INFO] [1788847511.139240759]: [sim_plan] built plan=2398 start=4003.10 horizon=15.00 frames=150 commit_frames=20[0m
[0m[INFO] [1788847511.161950234]: [sim_plan] built plan=2399 start=4005.10 horizon=15.00 frames=150 commit_frames=20[0m
[0m[INFO] [1788847511.181317779]: [sim_plan] built plan=2400 start=4007.10 horizon=15.00 frames=150 commit_frames=20[0m
[0m[INFO] [1788847511.197950611]: [sim_plan] built plan=2401 start=4009.10 horizon=15.00 frames=150 commit_frames=20[0m
[0m[INFO] [1788847511.210924427]: [sim_plan] built plan=2402 start=4011.10 horizon=15.00 frames=150 commit_frames=20[0m
[0m[INFO] [1788847511.222226162]: [sim_plan] built plan=2403 start=4013.10 horizon=15.00 frames=150 commit_frames=20[0m
[0m[INFO] [1788847511.232032464]: [sim_plan] built plan=2404 start=4015.10 horizon=15.00 frames=150 commit_frames=20[0m
[0m[INFO] [1788847511.239633316]: [sim_plan] built plan=2405 start=4017.10 horizon=15.00 frames=150 commit_frames=20[0m
[0m[INFO] [1788847511.245720304]: [sim_plan] built plan=2406 start=4019.10 horizon=15.00 frames=150 commit_frames=20[0m
[0m[INFO] [1788847511.250511749]: [sim_plan] built plan=2407 start=4021.10 horizon=15.00 frames=150 commit_frames=20[0m
[0m[INFO] [1788847511.255390179]: [sim_plan] built plan=2408 start=4023.10 horizon=15.00 frames=150 commit_frames=20[0m
[0m[INFO] [1788847511.259495658]: [sim_plan] built plan=2409 start=4025.10 horizon=15.00 frames=150 commit_frames=20[0m
[0m[INFO] [1788847511.260082828]: [multi_patrol][A1] V1 pickup leg: B37 -> A1  wpts=513 len=5.883[0m
[0m[INFO] [1788847511.279378727]: [sim_plan] built plan=2410 start=4025.50 horizon=15.00 frames=150 commit_frames=20[0m
[0m[INFO] [1788847511.311221784]: [sim_plan] built plan=2411 start=4027.50 horizon=15.00 frames=150 commit_frames=20[0m
[0m[INFO] [1788847511.333333328]: [sim_plan] built plan=2412 start=4029.50 horizon=15.00 frames=150 commit_frames=20[0m
[0m[INFO] [1788847511.347799556]: [sim_plan] built plan=2413 start=4031.50 horizon=15.00 frames=150 commit_frames=20[0m
[0m[INFO] [1788847511.361123006]: [sim_plan] built plan=2414 start=4033.50 horizon=15.00 frames=150 commit_frames=20[0m
[0m[INFO] [1788847511.374371952]: [sim_plan] built plan=2415 start=4035.50 horizon=15.00 frames=150 commit_frames=20[0m
[0m[INFO] [1788847511.399910480]: [sim_plan] built plan=2416 start=4037.50 horizon=15.00 frames=150 commit_frames=20[0m
[0m[INFO] [1788847511.433717057]: [sim_plan] built plan=2417 start=4039.50 horizon=15.00 frames=150 commit_frames=20[0m
[0m[INFO] [1788847511.467830693]: [sim_plan] built plan=2418 start=4041.50 horizon=15.00 frames=150 commit_frames=20[0m
[0m[INFO] [1788847511.512317085]: [sim_plan] built plan=2419 start=4043.10 horizon=15.00 frames=150 commit_frames=20[0m
[0m[INFO] [1788847511.566846172]: [sim_plan] built plan=2420 start=4045.10 horizon=15.00 frames=150 commit_frames=20[0m
[0m[INFO] [1788847511.625031465]: [sim_plan] built plan=2421 start=4047.10 horizon=15.00 frames=150 commit_frames=20[0m
[0m[INFO] [1788847511.626201768]: [multi_patrol][A1] V0 activate prepared dropoff: A1 -> B15 len=4.311 priority_until_s=0.758[0m
[0m[INFO] [1788847511.686027101]: [sim_plan] built plan=2422 start=4048.00 horizon=15.00 frames=150 commit_frames=20[0m
[0m[INFO] [1788847511.745119961]: [sim_plan] built plan=2423 start=4050.00 horizon=15.00 frames=150 commit_frames=20[0m
[0m[IN[33m[WARN] [1788847511.945786332]: [multi_patrol][A1 EXIT HORIZON] V1 target=B45 dwell_part=4.90s departure_window=10.10s total_horizon=15.00s[0m
[33m[WARN] [1788847511.951554895]: [multi_patrol][A1 EXIT HORIZON] V1 target=B45 dwell_part=2.90s departure_window=12.10s total_horizon=15.00s[0m
[33m[WARN] [1788847511.957921659]: [multi_patrol][A1 EXIT HORIZON] V1 target=B45 dwell_part=0.90s departure_window=14.10s total_horizon=15.00s[0m
[33m[WARN] [1788847511.969130149]: [SLOT_DEPARTURE] time=67min58.5s vehicle=V0 owner=V1 result=ALLOW reason=slot_departure_clear candidate_path_gen=103 slot_departure_clear_s=0.327 vehicle_mode=ACTIVE vehicle_speed=0.000 vehicle_path_s=0.000 blocker=none a1_prefix_conflict=0 ordinary_road_conflict=0 owner_phase=TO_B owner_path_gen=100 geometry=actual_to_b protected_zones=0 actual_occupancy_priority=0[0m
[33m[WARN] [1788847511.969711644]: [multi_patrol][A1 EXIT PREPARED] V0 target=B17 pickup_dwell=5.00s exit_len=4.533 priority_until_s=0.758 horizon_refresh=IMMEDIATE[0m
FO] [1788847511.791419034]: [sim_plan] built plan=2424 start=4052.00 horizon=15.00 frames=150 commit_frames=20[0m
[0m[INFO] [1788847511.792979675]: [multi_patrol][A1 EXIT PRIORITY RELEASE] V0 s=0.771 threshold=0.758[0m
[0m[INFO] [1788847511.828301518]: [sim_plan] built plan=2425 start=4054.00 horizon=15.00 frames=150 commit_frames=20[0m
[0m[INFO] [1788847511.856502462]: [sim_plan] built plan=2426 start=4056.00 horizon=15.00 frames=150 commit_frames=20[0m
[0m[INFO] [1788847511.877965020]: [sim_plan] built plan=2427 start=4058.00 horizon=15.00 frames=150 commit_frames=20[0m
[0m[INFO] [1788847511.893972739]: [sim_plan] built plan=2428 start=4060.00 horizon=15.00 frames=150 commit_frames=20[0m
[0m[INFO] [1788847511.904923505]: [sim_plan] built plan=2429 start=4062.00 horizon=15.00 frames=150 commit_frames=20[0m
[0m[INFO] [1788847511.919637384]: [sim_plan] built plan=2430 start=4064.00 horizon=15.00 frames=150 commit_frames=20[0m
[0m[INFO] [1788847511.926695067]: [sim_plan] built plan=2431 start=4066.00 horizon=15.00 frames=150 commit_frames=20[0m
[0m[INFO] [1788847511.932163065]: [sim_plan] built plan=2432 start=4068.00 horizon=15.00 frames=150 commit_frames=20[0m
[0m[INFO] [1788847511.937174634]: [sim_plan] built plan=2433 start=4070.00 horizon=15.00 frames=150 commit_frames=20[0m
[0m[INFO] [1788847511.941694412]: [sim_plan] built plan=2434 start=4072.00 horizon=15.00 frames=150 commit_frames=20[0m
[0m[INFO] [1788847511.945736124]: [sim_plan] built plan=2435 start=4072.70 horizon=15.00 frames=150 commit_frames=20[0m
[0m[INFO] [1788847511.951520451]: [sim_plan] built plan=2436 start=4074.70 horizon=15.00 frames=150 commit_frames=20[0m
[0m[INFO] [1788847511.957867941]: [sim_plan] built plan=2437 start=4076.70 horizon=15.00 frames=150 commit_frames=20[0m
[0m[INFO] [1788847511.959137737]: [multi_patrol][A1] V1 activate prepared dropoff: A1 -> B45 len=8.932 priority_until_s=0.758[0m
[0m[INFO] [1788847511.962715322]: [sim_plan] built plan=2438 start=4077.60 horizon=15.00 frames=150 commit_frames=20[0m
[0m[INFO] [1788847511.969069467]: [multi_patrol][A1] V0 pickup leg: B15 -> A1  wpts=295 len=3.763[0m
[0m[INFO] [1788847512.000411366]: [sim_plan] built plan=2439 start=4078.50 horizon=15.00 frames=150 commit_frames=20[0m
[0m[INFO] [1788847512.043409425]: [sim_plan] built plan=2440 start=4080.50 horizon=15.00 frames=150 commit_frames=20[0m
[0m[INFO] [1788847512.081855148]: [sim_plan] built plan=2441 start=4082.50 horizon=15.00 frames=150 commit_frames=20[0m
[0m[INFO] [1788847512.082647823]: [multi_patrol][A1 EXIT PRIORITY RELEASE] V1 s=0.771 threshold=0.758[0m
[0m[INFO] [1788847512.110746767]: [sim_plan] built plan=2442 start=4084.50 horizon=15.00 frames=150 commit_frames=20[0m
[0m[INFO] [1788847512.134540021]: [sim_plan] built plan=2443 start=4086.50 horizon=15.00 frames=150 commit_frames=20[0m
[0m[INFO] [1788847512.149291902]: [sim_plan] built plan=2444 start=4088.50 horizon=15.00 frames=150 commit_frames=20[0m
[0m[INFO] [1788847512.165322981]: [sim_plan] built plan=2445 start=4090.50 horizon=15.00 frames=150 commit_frames=20[0m
[0m[INFO] [1788847512.181560572]: [sim_plan] built plan=2446 start=4092.50 horizon=15.00 frames=150 commit_frames=20[0m
[0m[INFO] [1788847512.197752315]: [sim_plan] built plan=2447 start=4094.50 horizon=15.00 frames=150 commit_frames=20[0m
[0m[INFO] [1788847512.213227784]: [sim_plan] built plan=2448 start=4096.50 horizon=15.00 frames=150 commit_frames=20[0m
[0m[INFO] [1788847512.226599324]: [sim_plan] built plan=2449 start=4098.50 horizon=15.00 frames=150 commit_frames=20[0m
[0m[INFO] [1788847512.237150694]: [sim_plan] built plan=2450 start=4100.50 horizon=15.00 frames=150 commit_frames=20[0m
[0m[INFO] [1788847512.248225898]: [sim_plan] built plan=2451 start=4102.50 horizon=15.00 frames=150 commit_frames=20[0m
[0m[INFO] [1788847512.258167543]: [sim_plan] built plan=2452 start=4104.50 horizon=15.00 frames=150 commit_frames=20[0m
[0m[INFO] [1788847512.267673709]: [sim_plan] built plan=2453 start=4106.50 horizon=15.00 frames=150 commit_frames=20[33m[WARN] [1788847512.267929702]: [multi_patrol][A1 EXIT HORIZON] V0 target=B17 dwell_part=4.90s departure_window=10.10s total_horizon=15.00s[0m
[33m[WARN] [1788847512.279997919]: [multi_patrol][A1 EXIT HORIZON] V0 target=B17 dwell_part=2.90s departure_window=12.10s total_horizon=15.00s[0m
[33m[WARN] [1788847512.295296229]: [multi_patrol][A1 EXIT HORIZON] V0 target=B17 dwell_part=0.90s departure_window=14.10s total_horizon=15.00s[0m
[33m[WARN] [1788847512.427360449]: [SLOT_DEPARTURE] time=68min55.8s vehicle=V1 owner=none result=ALLOW reason=no_service_owner candidate_path_gen=101 slot_departure_clear_s=0.327 vehicle_mode=ACTIVE vehicle_speed=0.000 vehicle_path_s=0.000 blocker=none a1_prefix_conflict=0 ordinary_road_conflict=0[0m
[33m[WARN] [1788847512.427806537]: [multi_patrol][A1 EXIT PREPARED] V1 target=B60 pickup_dwell=5.00s exit_len=8.803 priority_until_s=0.758 horizon_refresh=IMMEDIATE[0m
[33m[WARN] [1788847512.450623616]: [SLOT_DEPARTURE] time=69min3.0s vehicle=V0 owner=none result=ALLOW reason=no_service_owner candidate_path_gen=105 slot_departure_clear_s=0.327 vehicle_mode=ACTIVE vehicle_speed=0.000 vehicle_path_s=0.000 blocker=none a1_prefix_conflict=0 ordinary_road_conflict=0[0m
[33m[WARN] [1788847512.451127099]: [multi_patrol][A1 EXIT PREPARED] V0 target=B55 pickup_dwell=5.00s exit_len=6.954 priority_until_s=0.758 horizon_refresh=IMMEDIATE[0m
[0m
[0m[INFO] [1788847512.279935611]: [sim_plan] built plan=2454 start=4108.50 horizon=15.00 frames=150 commit_frames=20[0m
[0m[INFO] [1788847512.295253090]: [sim_plan] built plan=2455 start=4110.50 horizon=15.00 frames=150 commit_frames=20[0m
[0m[INFO] [1788847512.296536124]: [multi_patrol][A1] V0 activate prepared dropoff: A1 -> B17 len=4.533 priority_until_s=0.758[0m
[0m[INFO] [1788847512.312803978]: [sim_plan] built plan=2456 start=4111.40 horizon=15.00 frames=150 commit_frames=20[0m
[0m[INFO] [1788847512.336378040]: [sim_plan] built plan=2457 start=4113.40 horizon=15.00 frames=150 commit_frames=20[0m
[0m[INFO] [1788847512.354213635]: [sim_plan] built plan=2458 start=4115.40 horizon=15.00 frames=150 commit_frames=20[0m
[0m[INFO] [1788847512.355450871]: [multi_patrol][A1 EXIT PRIORITY RELEASE] V0 s=0.771 threshold=0.758[0m
[0m[INFO] [1788847512.370790215]: [sim_plan] built plan=2459 start=4117.40 horizon=15.00 frames=150 commit_frames=20[0m
[0m[INFO] [1788847512.384624173]: [sim_plan] built plan=2460 start=4119.40 horizon=15.00 frames=150 commit_frames=20[0m
[0m[INFO] [1788847512.396234478]: [sim_plan] built plan=2461 start=4121.40 horizon=15.00 frames=150 commit_frames=20[0m
[0m[INFO] [1788847512.406602668]: [sim_plan] built plan=2462 start=4123.40 horizon=15.00 frames=150 commit_frames=20[0m
[0m[INFO] [1788847512.414512004]: [sim_plan] built plan=2463 start=4125.40 horizon=15.00 frames=150 commit_frames=20[0m
[0m[INFO] [1788847512.419262616]: [sim_plan] built plan=2464 start=4127.40 horizon=15.00 frames=150 commit_frames=20[0m
[0m[INFO] [1788847512.422179434]: [sim_plan] built plan=2465 start=4129.40 horizon=15.00 frames=150 commit_frames=20[0m
[0m[INFO] [1788847512.423616396]: [sim_plan] built plan=2466 start=4131.40 horizon=15.00 frames=150 commit_frames=20[0m
[0m[INFO] [1788847512.425385217]: [sim_plan] built plan=2467 start=4133.40 horizon=15.00 frames=150 commit_frames=20[0m
[0m[INFO] [1788847512.426830582]: [sim_plan] built plan=2468 start=4135.40 horizon=15.00 frames=150 commit_frames=20[0m
[0m[INFO] [1788847512.427323939]: [multi_patrol][A1] V1 pickup leg: B45 -> A1  wpts=572 len=6.460[0m
[0m[INFO] [1788847512.433296424]: [sim_plan] built plan=2469 start=4135.80 horizon=15.00 frames=150 commit_frames=20[0m
[0m[INFO] [1788847512.443647984]: [sim_plan] built plan=2470 start=4137.80 horizon=15.00 frames=150 commit_frames=20[0m
[0m[INFO] [1788847512.446900459]: [sim_plan] built plan=2471 start=4139.80 horizon=15.00 frames=150 commit_frames=20[0m
[0m[INFO] [1788847512.449957685]: [sim_plan] built plan=2472 start=4141.80 horizon=15.00 frames=150 commit_frames=20[0m
[0m[INFO] [1788847512.450580085]: [multi_patrol][A1] V0 pickup leg: B17 -> A1  wpts=249 len=3.420[0m
[0m[INFO] [1788847512.465207504]: [sim_plan] built plan=2473 start=4143.00 horizon=15.00 frames=150 commit_frames=20[0m
[0m[INFO] [1788847512.485372018]: [sim_plan] built plan=2474 start=4145.00 horizon=15.00 frames=150 commit_frames=20[0m
[0m[INFO] [1788847512.501686427]: [sim_plan] built plan=2475 start=4147.00 horizon=15.00 frames=150 commit_frames=20[0m
[0m[INFO] [1788847512.517532859]: [sim_plan] built plan=2476 start=4149.00 horizon=15.00 frames=150 commit_frames=20[0m
[0m[INFO] [1788847512.539212720]: [sim_plan] built plan=2477 start=4151.00 horizon=15.00 frames=150 commit_frames=20[0m
[0m[INFO] [1788847512.564282854]: [sim_plan] built plan=2478 start=4153.00 horizon=15.00 frames=150 commit_frames=20[0m
[0m[INFO] [1788847512.598171572]: [sim_plan] built plan=2479 start=4155.00 horizon=15.00 frames=150 commit_frames=20[0m
[0m[INFO] [1788847512.632111218]: [sim_plan] built plan=2480 start=4157.00 horizon=15.00 frames=150 commit_frames=20[0m
[0m[INFO] [1788847512.672950786]: [sim_plan] built plan=2481 start=4159.00 horizon=15.00 frames=150 commit_frames=20[0m
[0m[INFO] [1788847512.719596195]: [sim_plan] built plan=2482 start=4161.00 horizon=15.00 frames=150 commit_frames=20[0m
[0m[INFO] [1788847512.766477455]: [sim_plan] built plan=2483 start=4163.00 horizon=15.00 frames=150 commit_f[33m[WARN] [1788847512.806099706]: [multi_patrol][A1 EXIT HORIZON] V0 target=B55 dwell_part=4.90s departure_window=10.10s total_horizon=15.00s[0m
[33m[WARN] [1788847512.842187390]: [multi_patrol][A1 EXIT HORIZON] V0 target=B55 dwell_part=2.90s departure_window=12.10s total_horizon=15.00s[0m
[33m[WARN] [1788847512.878266609]: [multi_patrol][A1 EXIT HORIZON] V0 target=B55 dwell_part=0.90s departure_window=14.10s total_horizon=15.00s[0m
[33m[WARN] [1788847513.049275601]: [multi_patrol][A1 EXIT HORIZON] V1 target=B60 dwell_part=4.90s departure_window=10.10s total_horizon=15.00s[0m
[33m[WARN] [1788847513.060526236]: [multi_patrol][A1 EXIT HORIZON] V1 target=B60 dwell_part=2.90s departure_window=12.10s total_horizon=15.00s[0m
[33m[WARN] [1788847513.075964819]: [multi_patrol][A1 EXIT HORIZON] V1 target=B60 dwell_part=0.90s departure_window=14.10s total_horizon=15.00s[0m
[33m[WARN] [1788847513.223095732]: [SLOT_DEPARTURE] time=70min15.7s vehicle=V0 owner=none result=ALLOW reason=no_service_owner candidate_path_gen=107 slot_departure_clear_s=0.327 vehicle_mode=ACTIVE vehicle_speed=0.000 vehicle_path_s=0.000 blocker=none a1_prefix_conflict=0 ordinary_road_conflict=0[0m
[33m[WARN] [1788847513.223618440]: [multi_patrol][A1 EXIT PREPARED] V0 target=B6 pickup_dwell=5.00s exit_len=1.901 priority_until_s=0.758 horizon_refresh=IMMEDIATE[0m
rames=20[0m
[0m[INFO] [1788847512.806057676]: [sim_plan] built plan=2484 start=4164.90 horizon=15.00 frames=150 commit_frames=20[0m
[0m[INFO] [1788847512.842140415]: [sim_plan] built plan=2485 start=4166.90 horizon=15.00 frames=150 commit_frames=20[0m
[0m[INFO] [1788847512.878224226]: [sim_plan] built plan=2486 start=4168.90 horizon=15.00 frames=150 commit_frames=20[0m
[0m[INFO] [1788847512.879537871]: [multi_patrol][A1] V0 activate prepared dropoff: A1 -> B55 len=6.954 priority_until_s=0.758[0m
[0m[INFO] [1788847512.912297318]: [sim_plan] built plan=2487 start=4169.80 horizon=15.00 frames=150 commit_frames=20[0m
[0m[INFO] [1788847512.947658945]: [sim_plan] built plan=2488 start=4171.80 horizon=15.00 frames=150 commit_frames=20[0m
[0m[INFO] [1788847512.970968698]: [sim_plan] built plan=2489 start=4173.80 horizon=15.00 frames=150 commit_frames=20[0m
[0m[INFO] [1788847512.972087049]: [multi_patrol][A1 EXIT PRIORITY RELEASE] V0 s=0.771 threshold=0.758[0m
[0m[INFO] [1788847512.990041598]: [sim_plan] built plan=2490 start=4175.80 horizon=15.00 frames=150 commit_frames=20[0m
[0m[INFO] [1788847513.002162854]: [sim_plan] built plan=2491 start=4177.80 horizon=15.00 frames=150 commit_frames=20[0m
[0m[INFO] [1788847513.013071897]: [sim_plan] built plan=2492 start=4179.80 horizon=15.00 frames=150 commit_frames=20[0m
[0m[INFO] [1788847513.022904171]: [sim_plan] built plan=2493 start=4181.80 horizon=15.00 frames=150 commit_frames=20[0m
[0m[INFO] [1788847513.031864174]: [sim_plan] built plan=2494 start=4183.80 horizon=15.00 frames=150 commit_frames=20[0m
[0m[INFO] [1788847513.040389632]: [sim_plan] built plan=2495 start=4185.80 horizon=15.00 frames=150 commit_frames=20[0m
[0m[INFO] [1788847513.049190251]: [sim_plan] built plan=2496 start=4186.30 horizon=15.00 frames=150 commit_frames=20[0m
[0m[INFO] [1788847513.060470070]: [sim_plan] built plan=2497 start=4188.30 horizon=15.00 frames=150 commit_frames=20[0m
[0m[INFO] [1788847513.075892143]: [sim_plan] built plan=2498 start=4190.30 horizon=15.00 frames=150 commit_frames=20[0m
[0m[INFO] [1788847513.077124931]: [multi_patrol][A1] V1 activate prepared dropoff: A1 -> B60 len=8.803 priority_until_s=0.758[0m
[0m[INFO] [1788847513.091961884]: [sim_plan] built plan=2499 start=4191.20 horizon=15.00 frames=150 commit_frames=20[0m
[0m[INFO] [1788847513.120398668]: [sim_plan] built plan=2500 start=4193.20 horizon=15.00 frames=150 commit_frames=20[0m
[0m[INFO] [1788847513.138681991]: [sim_plan] built plan=2501 start=4195.20 horizon=15.00 frames=150 commit_frames=20[0m
[0m[INFO] [1788847513.139906702]: [multi_patrol][A1 EXIT PRIORITY RELEASE] V1 s=0.771 threshold=0.758[0m
[0m[INFO] [1788847513.154781681]: [sim_plan] built plan=2502 start=4197.20 horizon=15.00 frames=150 commit_frames=20[0m
[0m[INFO] [1788847513.168793006]: [sim_plan] built plan=2503 start=4199.20 horizon=15.00 frames=150 commit_frames=20[0m
[0m[INFO] [1788847513.182054314]: [sim_plan] built plan=2504 start=4201.20 horizon=15.00 frames=150 commit_frames=20[0m
[0m[INFO] [1788847513.192215037]: [sim_plan] built plan=2505 start=4203.20 horizon=15.00 frames=150 commit_frames=20[0m
[0m[INFO] [1788847513.200768622]: [sim_plan] built plan=2506 start=4205.20 horizon=15.00 frames=150 commit_frames=20[0m
[0m[INFO] [1788847513.207480958]: [sim_plan] built plan=2507 start=4207.20 horizon=15.00 frames=150 commit_frames=20[0m
[0m[INFO] [1788847513.211979765]: [sim_plan] built plan=2508 start=4209.20 horizon=15.00 frames=150 commit_frames=20[0m
[0m[INFO] [1788847513.215181268]: [sim_plan] built plan=2509 start=4211.20 horizon=15.00 frames=150 commit_frames=20[0m
[0m[INFO] [1788847513.218734300]: [sim_plan] built plan=2510 start=4213.20 horizon=15.00 frames=150 commit_frames=20[0m
[0m[INFO] [1788847513.222296820]: [sim_plan] built plan=2511 start=4215.20 horizon=15.00 frames=150 commit_frames=20[0m
[0m[INFO] [1788847513.223046357]: [multi_patrol][A1] V0 pickup leg: B55 -> A1  wpts=538 len=6.675[0m
[0m[INFO] [1788847513.239296631]: [sim_plan] built plan=2512 start=4215.70 horizon=15.0[33m[WARN] [1788847513.447088538]: [SLOT_DEPARTURE] time=70min48.7s vehicle=V1 owner=V0 result=ALLOW reason=slot_departure_clear candidate_path_gen=103 slot_departure_clear_s=0.346 vehicle_mode=ACTIVE vehicle_speed=0.000 vehicle_path_s=0.000 blocker=none a1_prefix_conflict=0 ordinary_road_conflict=0 owner_phase=TO_A1 owner_path_gen=107 geometry=pending_preview protected_zones=0 actual_occupancy_priority=0[0m
[33m[WARN] [1788847513.447540952]: [multi_patrol][A1 EXIT PREPARED] V1 target=B50 pickup_dwell=5.00s exit_len=6.993 priority_until_s=0.758 horizon_refresh=IMMEDIATE[0m
[33m[WARN] [1788847513.514918115]: [multi_patrol][A1 EXIT HORIZON] V0 target=B6 dwell_part=4.90s departure_window=10.10s total_horizon=15.00s[0m
[33m[WARN] [1788847513.529610223]: [multi_patrol][A1 EXIT HORIZON] V0 target=B6 dwell_part=2.90s departure_window=12.10s total_horizon=15.00s[0m
[33m[WARN] [1788847513.547753518]: [multi_patrol][A1 EXIT HORIZON] V0 target=B6 dwell_part=0.90s departure_window=14.10s total_horizon=15.00s[0m
0 frames=150 commit_frames=20[0m
[0m[INFO] [1788847513.266631707]: [sim_plan] built plan=2513 start=4217.70 horizon=15.00 frames=150 commit_frames=20[0m
[0m[INFO] [1788847513.282986959]: [sim_plan] built plan=2514 start=4219.70 horizon=15.00 frames=150 commit_frames=20[0m
[0m[INFO] [1788847513.299171769]: [sim_plan] built plan=2515 start=4221.70 horizon=15.00 frames=150 commit_frames=20[0m
[0m[INFO] [1788847513.314837383]: [sim_plan] built plan=2516 start=4223.70 horizon=15.00 frames=150 commit_frames=20[0m
[0m[INFO] [1788847513.330394296]: [sim_plan] built plan=2517 start=4225.70 horizon=15.00 frames=150 commit_frames=20[0m
[0m[INFO] [1788847513.345988141]: [sim_plan] built plan=2518 start=4227.70 horizon=15.00 frames=150 commit_frames=20[0m
[0m[INFO] [1788847513.362297232]: [sim_plan] built plan=2519 start=4229.70 horizon=15.00 frames=150 commit_frames=20[0m
[0m[INFO] [1788847513.378319805]: [sim_plan] built plan=2520 start=4231.70 horizon=15.00 frames=150 commit_frames=20[0m
[0m[INFO] [1788847513.391575347]: [sim_plan] built plan=2521 start=4233.70 horizon=15.00 frames=150 commit_frames=20[0m
[0m[INFO] [1788847513.403091501]: [sim_plan] built plan=2522 start=4235.70 horizon=15.00 frames=150 commit_frames=20[0m
[0m[INFO] [1788847513.413792281]: [sim_plan] built plan=2523 start=4237.70 horizon=15.00 frames=150 commit_frames=20[0m
[0m[INFO] [1788847513.421350243]: [sim_plan] built plan=2524 start=4239.70 horizon=15.00 frames=150 commit_frames=20[0m
[0m[INFO] [1788847513.430305565]: [sim_plan] built plan=2525 start=4241.70 horizon=15.00 frames=150 commit_frames=20[0m
[0m[INFO] [1788847513.435242367]: [sim_plan] built plan=2526 start=4243.70 horizon=15.00 frames=150 commit_frames=20[0m
[0m[INFO] [1788847513.440332560]: [sim_plan] built plan=2527 start=4245.70 horizon=15.00 frames=150 commit_frames=20[0m
[0m[INFO] [1788847513.444293810]: [sim_plan] built plan=2528 start=4247.70 horizon=15.00 frames=150 commit_frames=20[0m
[0m[INFO] [1788847513.447040368]: [multi_patrol][A1] V1 pickup leg: B60 -> A1  wpts=561 len=6.067[0m
[0m[INFO] [1788847513.462053099]: [sim_plan] built plan=2529 start=4248.70 horizon=15.00 frames=150 commit_frames=20[0m
[0m[INFO] [1788847513.482555581]: [sim_plan] built plan=2530 start=4250.70 horizon=15.00 frames=150 commit_frames=20[0m
[0m[INFO] [1788847513.493615343]: [sim_plan] built plan=2531 start=4252.70 horizon=15.00 frames=150 commit_frames=20[0m
[0m[INFO] [1788847513.503810393]: [sim_plan] built plan=2532 start=4254.70 horizon=15.00 frames=150 commit_frames=20[0m
[0m[INFO] [1788847513.514869658]: [sim_plan] built plan=2533 start=4256.20 horizon=15.00 frames=150 commit_frames=20[0m
[0m[INFO] [1788847513.529573761]: [sim_plan] built plan=2534 start=4258.20 horizon=15.00 frames=150 commit_frames=20[0m
[0m[INFO] [1788847513.547679617]: [sim_plan] built plan=2535 start=4260.20 horizon=15.00 frames=150 commit_frames=20[0m
[0m[INFO] [1788847513.549093419]: [multi_patrol][A1] V0 activate prepared dropoff: A1 -> B6 len=1.901 priority_until_s=0.758[0m
[0m[INFO] [1788847513.564472219]: [sim_plan] built plan=2536 start=4261.10 horizon=15.00 frames=150 commit_frames=20[0m
[0m[INFO] [1788847513.582310425]: [sim_plan] built plan=2537 start=4263.10 horizon=15.00 frames=150 commit_frames=20[0m
[0m[INFO] [1788847513.602461857]: [sim_plan] built plan=2538 start=4265.10 horizon=15.00 frames=150 commit_frames=20[0m
[0m[INFO] [1788847513.603219983]: [multi_patrol][A1 EXIT PRIORITY RELEASE] V0 s=0.771 threshold=0.758[0m
[0m[INFO] [1788847513.615011843]: [sim_plan] built plan=2539 start=4267.10 horizon=15.00 frames=150 commit_frames=20[0m
[0m[INFO] [1788847513.623187588]: [sim_plan] built plan=2540 start=4269.10 horizon=15.00 frames=150 commit_frames=20[0m
[0m[INFO] [1788847513.633122391]: [sim_plan] built plan=2541 start=4271.10 horizon=15.00 frames=150 commit_frames=20[0m
[0m[INFO] [1788847513.637606122]: [sim_plan] built plan=2542 start=4273.10 horizon=15.00 frames=150 commit_frames=20[0m
[0m[INFO] [1788847513.641178992]: [sim_plan] built plan=2543 [33m[WARN] [1788847513.648213483]: [SLOT_DEPARTURE] time=71min18.0s vehicle=V0 owner=V1 result=ALLOW reason=slot_departure_clear candidate_path_gen=109 slot_departure_clear_s=0.346 vehicle_mode=ACTIVE vehicle_speed=0.000 vehicle_path_s=0.000 blocker=none a1_prefix_conflict=0 ordinary_road_conflict=0 owner_phase=TO_A1 owner_path_gen=103 geometry=pending_preview protected_zones=0 actual_occupancy_priority=0[0m
[33m[WARN] [1788847513.648834473]: [multi_patrol][A1 EXIT PREPARED] V0 target=B24 pickup_dwell=5.00s exit_len=3.875 priority_until_s=0.758 horizon_refresh=IMMEDIATE[0m
[33m[WARN] [1788847513.898041517]: [multi_patrol][A1 EXIT HORIZON] V1 target=B50 dwell_part=4.90s departure_window=10.10s total_horizon=15.00s[0m
[33m[WARN] [1788847513.949922810]: [multi_patrol][A1 EXIT HORIZON] V1 target=B50 dwell_part=2.90s departure_window=12.10s total_horizon=15.00s[0m
[33m[WARN] [1788847514.004164482]: [multi_patrol][A1 EXIT HORIZON] V1 target=B50 dwell_part=0.90s departure_window=14.10s total_horizon=15.00s[0m
[33m[WARN] [1788847514.338286617]: [multi_patrol][A1 EXIT HORIZON] V0 target=B24 dwell_part=4.90s departure_window=10.10s total_horizon=15.00s[0m
[33m[WARN] [1788847514.351144975]: [multi_patrol][A1 EXIT HORIZON] V0 target=B24 dwell_part=2.90s departure_window=12.10s total_horizon=15.00s[0m
[33m[WARN] [1788847514.366069813]: [multi_patrol][A1 EXIT HORIZON] V0 target=B24 dwell_part=0.90s departure_window=14.10s total_horizon=15.00s[0m
start=4275.10 horizon=15.00 frames=150 commit_frames=20[0m
[0m[INFO] [1788847513.645200118]: [sim_plan] built plan=2544 start=4277.10 horizon=15.00 frames=150 commit_frames=20[0m
[0m[INFO] [1788847513.648170516]: [multi_patrol][A1] V0 pickup leg: B6 -> A1  wpts=162 len=1.900[0m
[0m[INFO] [1788847513.698973726]: [sim_plan] built plan=2545 start=4278.00 horizon=15.00 frames=150 commit_frames=20[0m
[0m[INFO] [1788847513.752669093]: [sim_plan] built plan=2546 start=4280.00 horizon=15.00 frames=150 commit_frames=20[0m
[0m[INFO] [1788847513.796606225]: [sim_plan] built plan=2547 start=4282.00 horizon=15.00 frames=150 commit_frames=20[0m
[0m[INFO] [1788847513.847039244]: [sim_plan] built plan=2548 start=4284.00 horizon=15.00 frames=150 commit_frames=20[0m
[0m[INFO] [1788847513.897986364]: [sim_plan] built plan=2549 start=4285.30 horizon=15.00 frames=150 commit_frames=20[0m
[0m[INFO] [1788847513.949878867]: [sim_plan] built plan=2550 start=4287.30 horizon=15.00 frames=150 commit_frames=20[0m
[0m[INFO] [1788847514.004122605]: [sim_plan] built plan=2551 start=4289.30 horizon=15.00 frames=150 commit_frames=20[0m
[0m[INFO] [1788847514.005219721]: [multi_patrol][A1] V1 activate prepared dropoff: A1 -> B50 len=6.993 priority_until_s=0.758[0m
[0m[INFO] [1788847514.057767285]: [sim_plan] built plan=2552 start=4290.20 horizon=15.00 frames=150 commit_frames=20[0m
[0m[INFO] [1788847514.108948717]: [sim_plan] built plan=2553 start=4292.20 horizon=15.00 frames=150 commit_frames=20[0m
[0m[INFO] [1788847514.157649654]: [sim_plan] built plan=2554 start=4294.20 horizon=15.00 frames=150 commit_frames=20[0m
[0m[INFO] [1788847514.159125442]: [multi_patrol][A1 EXIT PRIORITY RELEASE] V1 s=0.771 threshold=0.758[0m
[0m[INFO] [1788847514.192766373]: [sim_plan] built plan=2555 start=4296.20 horizon=15.00 frames=150 commit_frames=20[0m
[0m[INFO] [1788847514.222677877]: [sim_plan] built plan=2556 start=4298.20 horizon=15.00 frames=150 commit_frames=20[0m
[0m[INFO] [1788847514.245394564]: [sim_plan] built plan=2557 start=4300.20 horizon=15.00 frames=150 commit_frames=20[0m
[0m[INFO] [1788847514.261217849]: [sim_plan] built plan=2558 start=4302.20 horizon=15.00 frames=150 commit_frames=20[0m
[0m[INFO] [1788847514.275444782]: [sim_plan] built plan=2559 start=4304.20 horizon=15.00 frames=150 commit_frames=20[0m
[0m[INFO] [1788847514.288489719]: [sim_plan] built plan=2560 start=4306.20 horizon=15.00 frames=150 commit_frames=20[0m
[0m[INFO] [1788847514.299830581]: [sim_plan] built plan=2561 start=4308.20 horizon=15.00 frames=150 commit_frames=20[0m
[0m[INFO] [1788847514.310703625]: [sim_plan] built plan=2562 start=4310.20 horizon=15.00 frames=150 commit_frames=20[0m
[0m[INFO] [1788847514.319399961]: [sim_plan] built plan=2563 start=4312.20 horizon=15.00 frames=150 commit_frames=20[0m
[0m[INFO] [1788847514.328489411]: [sim_plan] built plan=2564 start=4314.20 horizon=15.00 frames=150 commit_frames=20[0m
[0m[INFO] [1788847514.338233463]: [sim_plan] built plan=2565 start=4314.30 horizon=15.00 frames=150 commit_frames=20[0m
[0m[INFO] [1788847514.351076632]: [sim_plan] built plan=2566 start=4316.30 horizon=15.00 frames=150 commit_frames=20[0m
[0m[INFO] [1788847514.366016735]: [sim_plan] built plan=2567 start=4318.30 horizon=15.00 frames=150 commit_frames=20[0m
[0m[INFO] [1788847514.367204701]: [multi_patrol][A1] V0 activate prepared dropoff: A1 -> B24 len=3.875 priority_until_s=0.758[0m
[0m[INFO] [1788847514.381181773]: [sim_plan] built plan=2568 start=4319.20 horizon=15.00 frames=150 commit_frames=20[0m
[0m[INFO] [1788847514.387491603]: [batch] 43200/72000 ticks (sim_t=4320s) hard_guard=0[0m
[0m[INFO] [1788847514.402510665]: [sim_plan] built plan=2569 start=4321.20 horizon=15.00 frames=150 commit_frames=20[0m
[0m[INFO] [1788847514.413504122]: [sim_plan] built plan=2570 start=4323.20 horizon=15.00 frames=150 commit_frames=20[0m
[0m[INFO] [1788847514.414836228]: [multi_patrol][A1 EXIT PRIORITY RELEASE] V0 s=0.771 threshold=0.758[0m
[0m[INFO] [1788847514.423563098]: [sim_plan] built plan=2571 start=4325[33m[WARN] [1788847514.443361775]: [SLOT_DEPARTURE] time=72min16.2s vehicle=V1 owner=none result=ALLOW reason=no_service_owner candidate_path_gen=105 slot_departure_clear_s=0.327 vehicle_mode=ACTIVE vehicle_speed=0.000 vehicle_path_s=0.000 blocker=none a1_prefix_conflict=0 ordinary_road_conflict=0[0m
[33m[WARN] [1788847514.443755745]: [multi_patrol][A1 EXIT PREPARED] V1 target=B7 pickup_dwell=5.00s exit_len=2.116 priority_until_s=0.756 horizon_refresh=IMMEDIATE[0m
[33m[WARN] [1788847514.482357779]: [SLOT_DEPARTURE] time=72min27.9s vehicle=V0 owner=none result=ALLOW reason=no_service_owner candidate_path_gen=111 slot_departure_clear_s=0.327 vehicle_mode=ACTIVE vehicle_speed=0.000 vehicle_path_s=0.000 blocker=none a1_prefix_conflict=0 ordinary_road_conflict=0[0m
[33m[WARN] [1788847514.482916390]: [multi_patrol][A1 EXIT PREPARED] V0 target=B4 pickup_dwell=5.00s exit_len=1.681 priority_until_s=0.758 horizon_refresh=IMMEDIATE[0m
[33m[WARN] [1788847514.963289645]: [multi_patrol][A1 EXIT HORIZON] V1 target=B7 dwell_part=4.90s departure_window=10.10s total_horizon=15.00s[0m
[33m[WARN] [1788847514.999603969]: [multi_patrol][A1 EXIT HORIZON] V1 target=B7 dwell_part=2.90s departure_window=12.10s total_horizon=15.00s[0m
[33m[WARN] [1788847515.034659576]: [multi_patrol][A1 EXIT HORIZON] V1 target=B7 dwell_part=0.90s departure_window=14.10s total_horizon=15.00s[0m
.20 horizon=15.00 frames=150 commit_frames=20[0m
[0m[INFO] [1788847514.431207585]: [sim_plan] built plan=2572 start=4327.20 horizon=15.00 frames=150 commit_frames=20[0m
[0m[INFO] [1788847514.436169184]: [sim_plan] built plan=2573 start=4329.20 horizon=15.00 frames=150 commit_frames=20[0m
[0m[INFO] [1788847514.439089411]: [sim_plan] built plan=2574 start=4331.20 horizon=15.00 frames=150 commit_frames=20[0m
[0m[INFO] [1788847514.441070217]: [sim_plan] built plan=2575 start=4333.20 horizon=15.00 frames=150 commit_frames=20[0m
[0m[INFO] [1788847514.442869747]: [sim_plan] built plan=2576 start=4335.20 horizon=15.00 frames=150 commit_frames=20[0m
[0m[INFO] [1788847514.443327369]: [multi_patrol][A1] V1 pickup leg: B50 -> A1  wpts=404 len=5.066[0m
[0m[INFO] [1788847514.452826284]: [sim_plan] built plan=2577 start=4336.20 horizon=15.00 frames=150 commit_frames=20[0m
[0m[INFO] [1788847514.465176981]: [sim_plan] built plan=2578 start=4338.20 horizon=15.00 frames=150 commit_frames=20[0m
[0m[INFO] [1788847514.470909226]: [sim_plan] built plan=2579 start=4340.20 horizon=15.00 frames=150 commit_frames=20[0m
[0m[INFO] [1788847514.474706093]: [sim_plan] built plan=2580 start=4342.20 horizon=15.00 frames=150 commit_frames=20[0m
[0m[INFO] [1788847514.478011923]: [sim_plan] built plan=2581 start=4344.20 horizon=15.00 frames=150 commit_frames=20[0m
[0m[INFO] [1788847514.481378109]: [sim_plan] built plan=2582 start=4346.20 horizon=15.00 frames=150 commit_frames=20[0m
[0m[INFO] [1788847514.482316352]: [multi_patrol][A1] V0 pickup leg: B24 -> A1  wpts=298 len=3.474[0m
[0m[INFO] [1788847514.499742907]: [sim_plan] built plan=2583 start=4347.90 horizon=15.00 frames=150 commit_frames=20[0m
[0m[INFO] [1788847514.519024901]: [sim_plan] built plan=2584 start=4349.90 horizon=15.00 frames=150 commit_frames=20[0m
[0m[INFO] [1788847514.540583464]: [sim_plan] built plan=2585 start=4351.90 horizon=15.00 frames=150 commit_frames=20[0m
[0m[INFO] [1788847514.585524804]: [sim_plan] built plan=2586 start=4353.90 horizon=15.00 frames=150 commit_frames=20[0m
[0m[INFO] [1788847514.634149520]: [sim_plan] built plan=2587 start=4355.90 horizon=15.00 frames=150 commit_frames=20[0m
[0m[INFO] [1788847514.683401165]: [sim_plan] built plan=2588 start=4357.90 horizon=15.00 frames=150 commit_frames=20[0m
[0m[INFO] [1788847514.736564770]: [sim_plan] built plan=2589 start=4359.90 horizon=15.00 frames=150 commit_frames=20[0m
[0m[INFO] [1788847514.786943274]: [sim_plan] built plan=2590 start=4361.90 horizon=15.00 frames=150 commit_frames=20[0m
[0m[INFO] [1788847514.835303282]: [sim_plan] built plan=2591 start=4363.90 horizon=15.00 frames=150 commit_frames=20[0m
[0m[INFO] [1788847514.883641893]: [sim_plan] built plan=2592 start=4365.90 horizon=15.00 frames=150 commit_frames=20[0m
[0m[INFO] [1788847514.923907492]: [sim_plan] built plan=2593 start=4367.90 horizon=15.00 frames=150 commit_frames=20[0m
[0m[INFO] [1788847514.963223588]: [sim_plan] built plan=2594 start=4368.50 horizon=15.00 frames=150 commit_frames=20[0m
[0m[INFO] [1788847514.999554756]: [sim_plan] built plan=2595 start=4370.50 horizon=15.00 frames=150 commit_frames=20[0m
[0m[INFO] [1788847515.034611760]: [sim_plan] built plan=2596 start=4372.50 horizon=15.00 frames=150 commit_frames=20[0m
[0m[INFO] [1788847515.035647567]: [multi_patrol][A1] V1 activate prepared dropoff: A1 -> B7 len=2.116 priority_until_s=0.756[0m
[0m[INFO] [1788847515.071472237]: [sim_plan] built plan=2597 start=4373.40 horizon=15.00 frames=150 commit_frames=20[0m
[0m[INFO] [1788847515.098638202]: [sim_plan] built plan=2598 start=4375.40 horizon=15.00 frames=150 commit_frames=20[0m
[0m[INFO] [1788847515.117607835]: [sim_plan] built plan=2599 start=4377.40 horizon=15.00 frames=150 commit_frames=20[0m
[0m[INFO] [1788847515.118599085]: [multi_patrol][A1 EXIT PRIORITY RELEASE] V1 s=0.768 threshold=0.756[0m
[0m[INFO] [1788847515.129207906]: [sim_plan] built plan=2600 start=4379.40 horizon=15.00 frames=150 commit_frames=20[0m
[0m[INFO] [1788847515.134992990]: [sim_plan] built plan=2601 sta[33m[WARN] [1788847515.151326110]: [multi_patrol][A1 EXIT HORIZON] V0 target=B4 dwell_part=4.90s departure_window=10.10s total_horizon=15.00s[0m
[33m[WARN] [1788847515.156169769]: [multi_patrol][A1 EXIT HORIZON] V0 target=B4 dwell_part=2.90s departure_window=12.10s total_horizon=15.00s[0m
[33m[WARN] [1788847515.158046865]: [SLOT_DEPARTURE] time=73min11.4s vehicle=V1 owner=V0 result=ALLOW reason=slot_departure_clear candidate_path_gen=107 slot_departure_clear_s=0.346 vehicle_mode=ACTIVE vehicle_speed=0.000 vehicle_path_s=0.000 blocker=none a1_prefix_conflict=0 ordinary_road_conflict=0 owner_phase=PICKUP_DWELL owner_path_gen=111 geometry=pending_preview protected_zones=0 actual_occupancy_priority=0[0m
[33m[WARN] [1788847515.158399409]: [multi_patrol][A1 EXIT PREPARED] V1 target=B2 pickup_dwell=5.00s exit_len=2.116 priority_until_s=0.756 horizon_refresh=IMMEDIATE[0m
[33m[WARN] [1788847515.194311759]: [multi_patrol][A1 EXIT HORIZON] V0 target=B4 dwell_part=2.60s departure_window=12.40s total_horizon=15.00s[0m
[33m[WARN] [1788847515.226585375]: [multi_patrol][A1 EXIT HORIZON] V0 target=B4 dwell_part=0.60s departure_window=14.40s total_horizon=15.00s[0m
[33m[WARN] [1788847515.337122659]: [SLOT_DEPARTURE] time=73min29.8s vehicle=V0 owner=V1 result=HOLD reason=a1_departure_prefix_conflict candidate_path_gen=113 slot_departure_clear_s=0.346 vehicle_mode=DWELL vehicle_speed=0.000 vehicle_path_s=1.681 blocker=V1 a1_prefix_conflict=1 ordinary_road_conflict=0 owner_phase=TO_A1 owner_path_gen=107 geometry=pending_preview protected_zones=1 actual_occupancy_priority=0[0m
[33m[WARN] [1788847515.350524799]: [SOURCE=REAL] [plan=2617] [frame=8] [rollout_step=-1] [multi_patrol][A1 EXIT INTRUSION ENTER] owner=V1 target=B2 blocker=V0 dwell_remaining=5.00s visible_exit_t=6.60s owner_exit_s=0.216 blocker_phase=5 blocker_s=1.681 action=DIAG_ONLY[0m
[33m[WARN] [1788847515.354034547]: [multi_patrol][A1 EXIT HORIZON] V1 target=B2 dwell_part=4.90s departure_window=10.10s total_horizon=15.00s[0m
[33m[WARN] [1788847515.377191125]: [multi_patrol][A1 EXIT HORIZON] V1 target=B2 dwell_part=2.90s departure_window=12.10s total_horizon=15.00s[0m
[33m[WARN] [1788847515.398579420]: [multi_patrol][A1 EXIT HORIZON] V1 target=B2 dwell_part=0.90s departure_window=14.10s total_horizon=15.00s[0m
[33m[WARN] [1788847515.413048485]: [SLOT_DEPARTURE] time=73min35.9s vehicle=V0 owner=V1 result=HOLD reason=ordinary_immediate_conflict candidate_path_gen=113 slot_departure_clear_s=0.346 vehicle_mode=DWELL vehicle_speed=0.000 vehicle_path_s=1.681 blocker=V1 a1_prefix_conflict=1 ordinary_road_conflict=1 first_t=2.000 candidate_s=0.273 interaction=SAME_DIRECTION owner_phase=TO_B owner_path_gen=108 geometry=actual_to_b protected_zones=1 actual_occupancy_priority=0[0m
[33m[WARN] [1788847515.414486752]: [SLOT_DEPARTURE] time=73min36.0s vehicle=V0 owner=V1 result=HOLD reason=a1_departure_prefix_conflict candidate_path_gen=113 slot_departure_clear_s=0.346 vehicle_mode=DWELL vehicle_speed=0.000 vehicle_path_s=1.681 blocker=V1 a1_prefix_conflict=1 ordinary_road_conflict=0 owner_phase=TO_B owner_path_gen=108 geometry=actual_to_b protected_zones=1 actual_occupancy_priority=0[0m
[33m[WARN] [1788847515.429655501]: [SOURCE=REAL] [plan=2621] [frame=16] [rollout_step=-1] [multi_patrol][A1 EXIT INTRUSION CLEAR] owner=V1 blocker=V0[0m
[33m[WARN] [1788847515.443775487]: [SLOT_DEPARTURE] time=73min38.4s vehicle=V0 owner=V1 result=ALLOW reason=slot_departure_clear_after_retry candidate_path_gen=113 slot_departure_clear_s=0.346 vehicle_mode=ACTIVE vehicle_speed=0.000 vehicle_path_s=0.000 blocker=none a1_prefix_conflict=0 ordinary_road_conflict=0 owner_phase=TO_B owner_path_gen=108 geometry=actual_to_b protected_zones=0 actual_occupancy_priority=0[0m
[33m[WARN] [1788847515.444139290]: [multi_patrol][A1 EXIT PREPARED] V0 target=B62 pickup_dwell=5.00s exit_len=8.617 priority_until_s=0.758 horizon_refresh=IMMEDIATE[0m
rt=4381.40 horizon=15.00 frames=150 commit_frames=20[0m
[0m[INFO] [1788847515.141025862]: [sim_plan] built plan=2602 start=4383.40 horizon=15.00 frames=150 commit_frames=20[0m
[0m[INFO] [1788847515.144746973]: [sim_plan] built plan=2603 start=4385.40 horizon=15.00 frames=150 commit_frames=20[0m
[0m[INFO] [1788847515.147914134]: [sim_plan] built plan=2604 start=4387.40 horizon=15.00 frames=150 commit_frames=20[0m
[0m[INFO] [1788847515.151285898]: [sim_plan] built plan=2605 start=4389.10 horizon=15.00 frames=150 commit_frames=20[0m
[0m[INFO] [1788847515.156124200]: [sim_plan] built plan=2606 start=4391.10 horizon=15.00 frames=150 commit_frames=20[0m
[0m[INFO] [1788847515.158006720]: [multi_patrol][A1] V1 pickup leg: B7 -> A1  wpts=162 len=2.116[0m
[0m[INFO] [1788847515.194271222]: [sim_plan] built plan=2607 start=4391.40 horizon=15.00 frames=150 commit_frames=20[0m
[0m[INFO] [1788847515.226544532]: [sim_plan] built plan=2608 start=4393.40 horizon=15.00 frames=150 commit_frames=20[0m
[0m[INFO] [1788847515.227578460]: [multi_patrol][A1] V0 activate prepared dropoff: A1 -> B4 len=1.681 priority_until_s=0.758[0m
[0m[INFO] [1788847515.259564458]: [sim_plan] built plan=2609 start=4394.00 horizon=15.00 frames=150 commit_frames=20[0m
[0m[INFO] [1788847515.287293086]: [sim_plan] built plan=2610 start=4396.00 horizon=15.00 frames=150 commit_frames=20[0m
[0m[INFO] [1788847515.306617483]: [sim_plan] built plan=2611 start=4398.00 horizon=15.00 frames=150 commit_frames=20[0m
[0m[INFO] [1788847515.307395744]: [multi_patrol][A1 EXIT PRIORITY RELEASE] V0 s=0.771 threshold=0.758[0m
[0m[INFO] [1788847515.319679454]: [sim_plan] built plan=2612 start=4400.00 horizon=15.00 frames=150 commit_frames=20[0m
[0m[INFO] [1788847515.325629232]: [sim_plan] built plan=2613 start=4402.00 horizon=15.00 frames=150 commit_frames=20[0m
[0m[INFO] [1788847515.328631530]: [sim_plan] built plan=2614 start=4404.00 horizon=15.00 frames=150 commit_frames=20[0m
[0m[INFO] [1788847515.332780591]: [sim_plan] built plan=2615 start=4406.00 horizon=15.00 frames=150 commit_frames=20[0m
[0m[INFO] [1788847515.335706726]: [sim_plan] built plan=2616 start=4408.00 horizon=15.00 frames=150 commit_frames=20[0m
[0m[INFO] [1788847515.341693559]: [sim_plan] built plan=2617 start=4410.00 horizon=15.00 frames=150 commit_frames=20[0m
[0m[INFO] [1788847515.353998295]: [sim_plan] built plan=2618 start=4410.90 horizon=15.00 frames=150 commit_frames=20[0m
[0m[INFO] [1788847515.377146809]: [sim_plan] built plan=2619 start=4412.90 horizon=15.00 frames=150 commit_frames=20[0m
[0m[INFO] [1788847515.398537850]: [sim_plan] built plan=2620 start=4414.90 horizon=15.00 frames=150 commit_frames=20[0m
[0m[INFO] [1788847515.408565549]: [multi_patrol][A1] V1 activate prepared dropoff: A1 -> B2 len=2.116 priority_until_s=0.756[0m
[0m[INFO] [1788847515.411771142]: [sim_plan] built plan=2621 start=4415.80 horizon=15.00 frames=150 commit_frames=20[0m
[0m[INFO] [1788847515.437105835]: [sim_plan] built plan=2622 start=4417.80 horizon=15.00 frames=150 commit_frames=20[0m
[0m[INFO] [1788847515.443732415]: [multi_patrol][A1] V0 pickup leg: B4 -> A1  wpts=162 len=1.680[0m
[0m[INFO] [1788847515.481257476]: [sim_plan] built plan=2623 start=4418.40 horizon=15.00 frames=150 commit_frames=20[0m
[0m[INFO] [1788847515.512773689]: [sim_plan] built plan=2624 start=4420.40 horizon=15.00 frames=150 commit_frames=20[0m
[0m[INFO] [1788847515.513695418]: [multi_patrol][A1 EXIT PRIORITY RELEASE] V1 s=0.768 threshold=0.756[0m
[0m[INFO] [1788847515.533313627]: [sim_plan] built plan=2625 start=4422.40 horizon=15.00 frames=150 commit_frames=20[0m
[0m[INFO] [1788847515.546345249]: [sim_plan] built plan=2626 start=4424.40 horizon=15.00 frames=150 commit_frames=20[0m
[0m[INFO] [1788847515.552324104]: [sim_plan] built plan=2627 start=4426.40 horizon=15.00 frames=150 commit_frames=20[0m
[0m[INFO] [1788847515.555403784]: [sim_plan] built plan=2628 start=4428.40 horizon=15.00 frames=150 commit_frames=20[0m
[0m[INFO] [1788847515.560883672]: [sim_plan] built plan=2629 start[33m[WARN] [1788847515.567371070]: [SLOT_DEPARTURE] time=73min53.8s vehicle=V1 owner=V0 result=ALLOW reason=slot_departure_clear candidate_path_gen=109 slot_departure_clear_s=0.346 vehicle_mode=ACTIVE vehicle_speed=0.000 vehicle_path_s=0.000 blocker=none a1_prefix_conflict=0 ordinary_road_conflict=0 owner_phase=TO_A1 owner_path_gen=113 geometry=pending_preview protected_zones=0 actual_occupancy_priority=0[0m
[33m[WARN] [1788847515.567846191]: [multi_patrol][A1 EXIT PREPARED] V1 target=B57 pickup_dwell=5.00s exit_len=7.142 priority_until_s=0.758 horizon_refresh=IMMEDIATE[0m
[33m[WARN] [1788847515.700284310]: [multi_patrol][A1 EXIT HORIZON] V0 target=B62 dwell_part=4.90s departure_window=10.10s total_horizon=15.00s[0m
[33m[WARN] [1788847515.737842414]: [multi_patrol][A1 EXIT HORIZON] V0 target=B62 dwell_part=2.90s departure_window=12.10s total_horizon=15.00s[0m
[33m[WARN] [1788847515.774318553]: [multi_patrol][A1 EXIT HORIZON] V0 target=B62 dwell_part=0.90s departure_window=14.10s total_horizon=15.00s[0m
[33m[WARN] [1788847515.926101126]: [multi_patrol][A1 EXIT HORIZON] V1 target=B57 dwell_part=4.90s departure_window=10.10s total_horizon=15.00s[0m
[33m[WARN] [1788847515.937413014]: [multi_patrol][A1 EXIT HORIZON] V1 target=B57 dwell_part=2.90s departure_window=12.10s total_horizon=15.00s[0m
[33m[WARN] [1788847515.953244286]: [multi_patrol][A1 EXIT HORIZON] V1 target=B57 dwell_part=0.90s departure_window=14.10s total_horizon=15.00s[0m
=4430.40 horizon=15.00 frames=150 commit_frames=20[0m
[0m[INFO] [1788847515.564008614]: [sim_plan] built plan=2630 start=4432.40 horizon=15.00 frames=150 commit_frames=20[0m
[0m[INFO] [1788847515.567335286]: [multi_patrol][A1] V1 pickup leg: B2 -> A1  wpts=162 len=2.116[0m
[0m[INFO] [1788847515.617602331]: [sim_plan] built plan=2631 start=4433.80 horizon=15.00 frames=150 commit_frames=20[0m
[0m[INFO] [1788847515.660984251]: [sim_plan] built plan=2632 start=4435.80 horizon=15.00 frames=150 commit_frames=20[0m
[0m[INFO] [1788847515.700226766]: [sim_plan] built plan=2633 start=4437.70 horizon=15.00 frames=150 commit_frames=20[0m
[0m[INFO] [1788847515.737796845]: [sim_plan] built plan=2634 start=4439.70 horizon=15.00 frames=150 commit_frames=20[0m
[0m[INFO] [1788847515.774275768]: [sim_plan] built plan=2635 start=4441.70 horizon=15.00 frames=150 commit_frames=20[0m
[0m[INFO] [1788847515.775494361]: [multi_patrol][A1] V0 activate prepared dropoff: A1 -> B62 len=8.617 priority_until_s=0.758[0m
[0m[INFO] [1788847515.808037609]: [sim_plan] built plan=2636 start=4442.60 horizon=15.00 frames=150 commit_frames=20[0m
[0m[INFO] [1788847515.839112085]: [sim_plan] built plan=2637 start=4444.60 horizon=15.00 frames=150 commit_frames=20[0m
[0m[INFO] [1788847515.862210231]: [sim_plan] built plan=2638 start=4446.60 horizon=15.00 frames=150 commit_frames=20[0m
[0m[INFO] [1788847515.863342604]: [multi_patrol][A1 EXIT PRIORITY RELEASE] V0 s=0.771 threshold=0.758[0m
[0m[INFO] [1788847515.878117057]: [sim_plan] built plan=2639 start=4448.60 horizon=15.00 frames=150 commit_frames=20[0m
[0m[INFO] [1788847515.889724808]: [sim_plan] built plan=2640 start=4450.60 horizon=15.00 frames=150 commit_frames=20[0m
[0m[INFO] [1788847515.899213775]: [sim_plan] built plan=2641 start=4452.60 horizon=15.00 frames=150 commit_frames=20[0m
[0m[INFO] [1788847515.907800291]: [sim_plan] built plan=2642 start=4454.60 horizon=15.00 frames=150 commit_frames=20[0m
[0m[INFO] [1788847515.916960109]: [sim_plan] built plan=2643 start=4456.60 horizon=15.00 frames=150 commit_frames=20[0m
[0m[INFO] [1788847515.926046336]: [sim_plan] built plan=2644 start=4458.40 horizon=15.00 frames=150 commit_frames=20[0m
[0m[INFO] [1788847515.937366958]: [sim_plan] built plan=2645 start=4460.40 horizon=15.00 frames=150 commit_frames=20[0m
[0m[INFO] [1788847515.953192443]: [sim_plan] built plan=2646 start=4462.40 horizon=15.00 frames=150 commit_frames=20[0m
[0m[INFO] [1788847515.954459208]: [multi_patrol][A1] V1 activate prepared dropoff: A1 -> B57 len=7.142 priority_until_s=0.758[0m
[0m[INFO] [1788847515.968874670]: [sim_plan] built plan=2647 start=4463.30 horizon=15.00 frames=150 commit_frames=20[0m
[0m[INFO] [1788847515.998620229]: [sim_plan] built plan=2648 start=4465.30 horizon=15.00 frames=150 commit_frames=20[0m
[0m[INFO] [1788847516.015660921]: [sim_plan] built plan=2649 start=4467.30 horizon=15.00 frames=150 commit_frames=20[0m
[0m[INFO] [1788847516.016735023]: [multi_patrol][A1 EXIT PRIORITY RELEASE] V1 s=0.771 threshold=0.758[0m
[0m[INFO] [1788847516.030371030]: [sim_plan] built plan=2650 start=4469.30 horizon=15.00 frames=150 commit_frames=20[0m
[0m[INFO] [1788847516.044738745]: [sim_plan] built plan=2651 start=4471.30 horizon=15.00 frames=150 commit_frames=20[0m
[0m[INFO] [1788847516.059839982]: [sim_plan] built plan=2652 start=4473.30 horizon=15.00 frames=150 commit_frames=20[0m
[0m[INFO] [1788847516.074062594]: [sim_plan] built plan=2653 start=4475.30 horizon=15.00 frames=150 commit_frames=20[0m
[0m[INFO] [1788847516.089018814]: [sim_plan] built plan=2654 start=4477.30 horizon=15.00 frames=150 commit_frames=20[0m
[0m[INFO] [1788847516.103092686]: [sim_plan] built plan=2655 start=4479.30 horizon=15.00 frames=150 commit_frames=20[0m
[0m[INFO] [1788847516.115048827]: [sim_plan] built plan=2656 start=4481.30 horizon=15.00 frames=150 commit_frames=20[0m
[0m[INFO] [1788847516.125791608]: [sim_plan] built plan=2657 start=4483.30 horizon=15.00 frames=150 commit_frames=20[0m
[0m[INFO] [1788847516.135429133]: [sim_plan] b[33m[WARN] [1788847516.160963187]: [SLOT_DEPARTURE] time=74min56.8s vehicle=V0 owner=none result=ALLOW reason=no_service_owner candidate_path_gen=115 slot_departure_clear_s=0.346 vehicle_mode=ACTIVE vehicle_speed=0.000 vehicle_path_s=0.000 blocker=none a1_prefix_conflict=0 ordinary_road_conflict=0[0m
[33m[WARN] [1788847516.161413591]: [multi_patrol][A1 EXIT PREPARED] V0 target=B63 pickup_dwell=5.00s exit_len=6.551 priority_until_s=0.758 horizon_refresh=IMMEDIATE[0m
[33m[WARN] [1788847516.215408712]: [SLOT_DEPARTURE] time=75min10.1s vehicle=V1 owner=none result=ALLOW reason=no_service_owner candidate_path_gen=111 slot_departure_clear_s=0.346 vehicle_mode=ACTIVE vehicle_speed=0.000 vehicle_path_s=0.000 blocker=none a1_prefix_conflict=0 ordinary_road_conflict=0[0m
[33m[WARN] [1788847516.215914279]: [multi_patrol][A1 EXIT PREPARED] V1 target=B30 pickup_dwell=5.00s exit_len=3.835 priority_until_s=0.758 horizon_refresh=IMMEDIATE[0m
[33m[WARN] [1788847516.471806622]: [multi_patrol][A1 EXIT HORIZON] V0 target=B63 dwell_part=4.90s departure_window=10.10s total_horizon=15.00s[0m
[33m[WARN] [1788847516.507853964]: [multi_patrol][A1 EXIT HORIZON] V0 target=B63 dwell_part=2.90s departure_window=12.10s total_horizon=15.00s[0m
[33m[WARN] [1788847516.540267633]: [multi_patrol][A1 EXIT HORIZON] V0 target=B63 dwell_part=0.90s departure_window=14.10s total_horizon=15.00s[0m
uilt plan=2658 start=4485.30 horizon=15.00 frames=150 commit_frames=20[0m
[0m[INFO] [1788847516.143936476]: [sim_plan] built plan=2659 start=4487.30 horizon=15.00 frames=150 commit_frames=20[0m
[0m[INFO] [1788847516.150658172]: [sim_plan] built plan=2660 start=4489.30 horizon=15.00 frames=150 commit_frames=20[0m
[0m[INFO] [1788847516.154832424]: [sim_plan] built plan=2661 start=4491.30 horizon=15.00 frames=150 commit_frames=20[0m
[0m[INFO] [1788847516.157740325]: [sim_plan] built plan=2662 start=4493.30 horizon=15.00 frames=150 commit_frames=20[0m
[0m[INFO] [1788847516.160323369]: [sim_plan] built plan=2663 start=4495.30 horizon=15.00 frames=150 commit_frames=20[0m
[0m[INFO] [1788847516.160919569]: [multi_patrol][A1] V0 pickup leg: B62 -> A1  wpts=501 len=6.026[0m
[0m[INFO] [1788847516.172374627]: [sim_plan] built plan=2664 start=4496.80 horizon=15.00 frames=150 commit_frames=20[0m
[0m[INFO] [1788847516.190231362]: [sim_plan] built plan=2665 start=4498.80 horizon=15.00 frames=150 commit_frames=20[0m
[0m[INFO] [1788847516.198751274]: [sim_plan] built plan=2666 start=4500.80 horizon=15.00 frames=150 commit_frames=20[0m
[0m[INFO] [1788847516.203973677]: [sim_plan] built plan=2667 start=4502.80 horizon=15.00 frames=150 commit_frames=20[0m
[0m[INFO] [1788847516.207529176]: [sim_plan] built plan=2668 start=4504.80 horizon=15.00 frames=150 commit_frames=20[0m
[0m[INFO] [1788847516.210718999]: [sim_plan] built plan=2669 start=4506.80 horizon=15.00 frames=150 commit_frames=20[0m
[0m[INFO] [1788847516.214693828]: [sim_plan] built plan=2670 start=4508.80 horizon=15.00 frames=150 commit_frames=20[0m
[0m[INFO] [1788847516.215363679]: [multi_patrol][A1] V1 pickup leg: B57 -> A1  wpts=627 len=6.725[0m
[0m[INFO] [1788847516.230695904]: [sim_plan] built plan=2671 start=4510.10 horizon=15.00 frames=150 commit_frames=20[0m
[0m[INFO] [1788847516.252929940]: [sim_plan] built plan=2672 start=4512.10 horizon=15.00 frames=150 commit_frames=20[0m
[0m[INFO] [1788847516.268641074]: [sim_plan] built plan=2673 start=4514.10 horizon=15.00 frames=150 commit_frames=20[0m
[0m[INFO] [1788847516.285493169]: [sim_plan] built plan=2674 start=4516.10 horizon=15.00 frames=150 commit_frames=20[0m
[0m[INFO] [1788847516.300340892]: [sim_plan] built plan=2675 start=4518.10 horizon=15.00 frames=150 commit_frames=20[0m
[0m[INFO] [1788847516.325535982]: [sim_plan] built plan=2676 start=4520.10 horizon=15.00 frames=150 commit_frames=20[0m
[0m[INFO] [1788847516.339994612]: [sim_plan] built plan=2677 start=4522.10 horizon=15.00 frames=150 commit_frames=20[0m
[0m[INFO] [1788847516.353186738]: [sim_plan] built plan=2678 start=4524.10 horizon=15.00 frames=150 commit_frames=20[0m
[0m[INFO] [1788847516.364874205]: [sim_plan] built plan=2679 start=4526.10 horizon=15.00 frames=150 commit_frames=20[0m
[0m[INFO] [1788847516.377117970]: [sim_plan] built plan=2680 start=4528.10 horizon=15.00 frames=150 commit_frames=20[0m
[0m[INFO] [1788847516.404756104]: [sim_plan] built plan=2681 start=4530.10 horizon=15.00 frames=150 commit_frames=20[0m
[0m[INFO] [1788847516.436727660]: [sim_plan] built plan=2682 start=4532.10 horizon=15.00 frames=150 commit_frames=20[0m
[0m[INFO] [1788847516.471749106]: [sim_plan] built plan=2683 start=4534.00 horizon=15.00 frames=150 commit_frames=20[0m
[0m[INFO] [1788847516.507806349]: [sim_plan] built plan=2684 start=4536.00 horizon=15.00 frames=150 commit_frames=20[0m
[0m[INFO] [1788847516.540222916]: [sim_plan] built plan=2685 start=4538.00 horizon=15.00 frames=150 commit_frames=20[0m
[0m[INFO] [1788847516.541396380]: [multi_patrol][A1] V0 activate prepared dropoff: A1 -> B63 len=6.551 priority_until_s=0.758[0m
[0m[INFO] [1788847516.573487625]: [sim_plan] built plan=2686 start=4538.90 horizon=15.00 frames=150 commit_frames=20[0m
[0m[INFO] [1788847518.311149880]: [sim_plan] built plan=2687 start=4540.90 horizon=15.00 frames=150 commit_frames=20[0m
[0m[INFO] [1788847518.335373768]: [sim_plan] built plan=2688 start=4542.90 horizon=15.00 frames=150 commit_frames=20[0m
[0m[INFO] [1788847518.3[33m[WARN] [1788847518.422789704]: [multi_patrol][A1 EXIT HORIZON] V1 target=B30 dwell_part=4.90s departure_window=10.10s total_horizon=15.00s[0m
[33m[WARN] [1788847518.434942998]: [multi_patrol][A1 EXIT HORIZON] V1 target=B30 dwell_part=2.90s departure_window=12.10s total_horizon=15.00s[0m
[33m[WARN] [1788847518.451047494]: [multi_patrol][A1 EXIT HORIZON] V1 target=B30 dwell_part=0.90s departure_window=14.10s total_horizon=15.00s[0m
[33m[WARN] [1788847518.561856828]: [SLOT_DEPARTURE] time=76min23.1s vehicle=V0 owner=none result=ALLOW reason=no_service_owner candidate_path_gen=117 slot_departure_clear_s=0.346 vehicle_mode=ACTIVE vehicle_speed=0.000 vehicle_path_s=0.000 blocker=none a1_prefix_conflict=0 ordinary_road_conflict=0[0m
[33m[WARN] [1788847518.562327572]: [multi_patrol][A1 EXIT PREPARED] V0 target=B13 pickup_dwell=5.00s exit_len=4.333 priority_until_s=0.758 horizon_refresh=IMMEDIATE[0m
[33m[WARN] [1788847518.583571287]: [SLOT_DEPARTURE] time=76min29.7s vehicle=V1 owner=none result=ALLOW reason=no_service_owner candidate_path_gen=113 slot_departure_clear_s=0.327 vehicle_mode=ACTIVE vehicle_speed=0.000 vehicle_path_s=0.000 blocker=none a1_prefix_conflict=0 ordinary_road_conflict=0[0m
[33m[WARN] [1788847518.583954629]: [multi_patrol][A1 EXIT PREPARED] V1 target=B39 pickup_dwell=5.00s exit_len=5.953 priority_until_s=0.758 horizon_refresh=IMMEDIATE[0m
36534321]: [multi_patrol][A1 EXIT PRIORITY RELEASE] V0 s=0.771 threshold=0.758[0m
[0m[INFO] [1788847518.353884637]: [sim_plan] built plan=2689 start=4544.90 horizon=15.00 frames=150 commit_frames=20[0m
[0m[INFO] [1788847518.368836140]: [sim_plan] built plan=2690 start=4546.90 horizon=15.00 frames=150 commit_frames=20[0m
[0m[INFO] [1788847518.382043891]: [sim_plan] built plan=2691 start=4548.90 horizon=15.00 frames=150 commit_frames=20[0m
[0m[INFO] [1788847518.392679132]: [sim_plan] built plan=2692 start=4550.90 horizon=15.00 frames=150 commit_frames=20[0m
[0m[INFO] [1788847518.401608338]: [sim_plan] built plan=2693 start=4552.90 horizon=15.00 frames=150 commit_frames=20[0m
[0m[INFO] [1788847518.411301561]: [sim_plan] built plan=2694 start=4554.90 horizon=15.00 frames=150 commit_frames=20[0m
[0m[INFO] [1788847518.422744088]: [sim_plan] built plan=2695 start=4556.40 horizon=15.00 frames=150 commit_frames=20[0m
[0m[INFO] [1788847518.434889189]: [sim_plan] built plan=2696 start=4558.40 horizon=15.00 frames=150 commit_frames=20[0m
[0m[INFO] [1788847518.450994026]: [sim_plan] built plan=2697 start=4560.40 horizon=15.00 frames=150 commit_frames=20[0m
[0m[INFO] [1788847518.452332673]: [multi_patrol][A1] V1 activate prepared dropoff: A1 -> B30 len=3.835 priority_until_s=0.758[0m
[0m[INFO] [1788847518.471198496]: [sim_plan] built plan=2698 start=4561.30 horizon=15.00 frames=150 commit_frames=20[0m
[0m[INFO] [1788847518.492529355]: [sim_plan] built plan=2699 start=4563.30 horizon=15.00 frames=150 commit_frames=20[0m
[0m[INFO] [1788847518.511181065]: [sim_plan] built plan=2700 start=4565.30 horizon=15.00 frames=150 commit_frames=20[0m
[0m[INFO] [1788847518.512599663]: [multi_patrol][A1 EXIT PRIORITY RELEASE] V1 s=0.771 threshold=0.758[0m
[0m[INFO] [1788847518.524847119]: [sim_plan] built plan=2701 start=4567.30 horizon=15.00 frames=150 commit_frames=20[0m
[0m[INFO] [1788847518.535943446]: [sim_plan] built plan=2702 start=4569.30 horizon=15.00 frames=150 commit_frames=20[0m
[0m[INFO] [1788847518.545117602]: [sim_plan] built plan=2703 start=4571.30 horizon=15.00 frames=150 commit_frames=20[0m
[0m[INFO] [1788847518.551384335]: [sim_plan] built plan=2704 start=4573.30 horizon=15.00 frames=150 commit_frames=20[0m
[0m[INFO] [1788847518.555687571]: [sim_plan] built plan=2705 start=4575.30 horizon=15.00 frames=150 commit_frames=20[0m
[0m[INFO] [1788847518.558138830]: [sim_plan] built plan=2706 start=4577.30 horizon=15.00 frames=150 commit_frames=20[0m
[0m[INFO] [1788847518.559785914]: [sim_plan] built plan=2707 start=4579.30 horizon=15.00 frames=150 commit_frames=20[0m
[0m[INFO] [1788847518.561226610]: [sim_plan] built plan=2708 start=4581.30 horizon=15.00 frames=150 commit_frames=20[0m
[0m[INFO] [1788847518.561813167]: [multi_patrol][A1] V0 pickup leg: B63 -> A1  wpts=523 len=6.245[0m
[0m[INFO] [1788847518.567883474]: [sim_plan] built plan=2709 start=4583.10 horizon=15.00 frames=150 commit_frames=20[0m
[0m[INFO] [1788847518.576147639]: [sim_plan] built plan=2710 start=4585.10 horizon=15.00 frames=150 commit_frames=20[0m
[0m[INFO] [1788847518.579716974]: [sim_plan] built plan=2711 start=4587.10 horizon=15.00 frames=150 commit_frames=20[0m
[0m[INFO] [1788847518.583035202]: [sim_plan] built plan=2712 start=4589.10 horizon=15.00 frames=150 commit_frames=20[0m
[0m[INFO] [1788847518.583533071]: [multi_patrol][A1] V1 pickup leg: B30 -> A1  wpts=286 len=3.524[0m
[0m[INFO] [1788847518.598908217]: [sim_plan] built plan=2713 start=4589.70 horizon=15.00 frames=150 commit_frames=20[0m
[0m[INFO] [1788847518.619232057]: [sim_plan] built plan=2714 start=4591.70 horizon=15.00 frames=150 commit_frames=20[0m
[0m[INFO] [1788847518.638410637]: [sim_plan] built plan=2715 start=4593.70 horizon=15.00 frames=150 commit_frames=20[0m
[0m[INFO] [1788847518.654629951]: [sim_plan] built plan=2716 start=4595.70 horizon=15.00 frames=150 commit_frames=20[0m
[0m[INFO] [1788847518.691513338]: [sim_plan] built plan=2717 start=4597.70 horizon=15.00 frames=150 commit_frames=20[0m
[0m[INFO] [1788847518.72712487[33m[WARN] [1788847519.057921931]: [multi_patrol][A1 EXIT HORIZON] V1 target=B39 dwell_part=4.90s departure_window=10.10s total_horizon=15.00s[0m
[33m[WARN] [1788847519.122273179]: [multi_patrol][A1 EXIT HORIZON] V1 target=B39 dwell_part=2.90s departure_window=12.10s total_horizon=15.00s[0m
[33m[WARN] [1788847519.189601932]: [multi_patrol][A1 EXIT HORIZON] V1 target=B39 dwell_part=0.90s departure_window=14.10s total_horizon=15.00s[0m
[33m[WARN] [1788847519.190660490]: [SOURCE=REAL] [plan=2727] [frame=8] [rollout_step=-1] [multi_patrol][A1 EXIT INTRUSION ENTER] owner=V1 target=B39 blocker=V0 dwell_remaining=0.10s visible_exit_t=14.95s owner_exit_s=2.429 blocker_phase=1 blocker_s=4.515 action=DIAG_ONLY[0m
[33m[WARN] [1788847519.384640958]: [SOURCE=REAL] [plan=2730] [frame=14] [rollout_step=-1] [multi_patrol][A1 EXIT INTRUSION CLEAR] owner=V1 blocker=V0[0m
[33m[WARN] [1788847519.541483828]: [multi_patrol][A1 EXIT HORIZON] V0 target=B13 dwell_part=4.90s departure_window=10.10s total_horizon=15.00s[0m
[33m[WARN] [1788847519.551801758]: [multi_patrol][A1 EXIT HORIZON] V0 target=B13 dwell_part=2.90s departure_window=12.10s total_horizon=15.00s[0m
[33m[WARN] [1788847519.562777553]: [multi_patrol][A1 EXIT HORIZON] V0 target=B13 dwell_part=0.90s departure_window=14.10s total_horizon=15.00s[0m
2]: [sim_plan] built plan=2718 start=4599.70 horizon=15.00 frames=150 commit_frames=20[0m
[0m[INFO] [1788847518.768632003]: [sim_plan] built plan=2719 start=4601.70 horizon=15.00 frames=150 commit_frames=20[0m
[0m[INFO] [1788847518.809238952]: [sim_plan] built plan=2720 start=4603.70 horizon=15.00 frames=150 commit_frames=20[0m
[0m[INFO] [1788847518.850967865]: [sim_plan] built plan=2721 start=4605.70 horizon=15.00 frames=150 commit_frames=20[0m
[0m[INFO] [1788847518.893563734]: [sim_plan] built plan=2722 start=4607.70 horizon=15.00 frames=150 commit_frames=20[0m
[0m[INFO] [1788847518.945906848]: [sim_plan] built plan=2723 start=4609.70 horizon=15.00 frames=150 commit_frames=20[0m
[0m[INFO] [1788847519.002968312]: [sim_plan] built plan=2724 start=4611.70 horizon=15.00 frames=150 commit_frames=20[0m
[0m[INFO] [1788847519.057858064]: [sim_plan] built plan=2725 start=4611.80 horizon=15.00 frames=150 commit_frames=20[0m
[0m[INFO] [1788847519.122212902]: [sim_plan] built plan=2726 start=4613.80 horizon=15.00 frames=150 commit_frames=20[0m
[0m[INFO] [1788847519.189560137]: [sim_plan] built plan=2727 start=4615.80 horizon=15.00 frames=150 commit_frames=20[0m
[0m[INFO] [1788847519.191206076]: [multi_patrol][A1] V1 activate prepared dropoff: A1 -> B39 len=5.953 priority_until_s=0.758[0m
[0m[INFO] [1788847519.251598564]: [sim_plan] built plan=2728 start=4616.70 horizon=15.00 frames=150 commit_frames=20[0m
[0m[INFO] [1788847519.336690869]: [sim_plan] built plan=2729 start=4618.70 horizon=15.00 frames=150 commit_frames=20[0m
[0m[INFO] [1788847519.383115176]: [sim_plan] built plan=2730 start=4620.70 horizon=15.00 frames=150 commit_frames=20[0m
[0m[INFO] [1788847519.384590809]: [multi_patrol][A1 EXIT PRIORITY RELEASE] V1 s=0.771 threshold=0.758[0m
[0m[INFO] [1788847519.420050797]: [sim_plan] built plan=2731 start=4622.70 horizon=15.00 frames=150 commit_frames=20[0m
[0m[INFO] [1788847519.448263830]: [sim_plan] built plan=2732 start=4624.70 horizon=15.00 frames=150 commit_frames=20[0m
[0m[INFO] [1788847519.467375638]: [sim_plan] built plan=2733 start=4626.70 horizon=15.00 frames=150 commit_frames=20[0m
[0m[INFO] [1788847519.481371777]: [sim_plan] built plan=2734 start=4628.70 horizon=15.00 frames=150 commit_frames=20[0m
[0m[INFO] [1788847519.494574178]: [sim_plan] built plan=2735 start=4630.70 horizon=15.00 frames=150 commit_frames=20[0m
[0m[INFO] [1788847519.506562945]: [sim_plan] built plan=2736 start=4632.70 horizon=15.00 frames=150 commit_frames=20[0m
[0m[INFO] [1788847519.516081444]: [sim_plan] built plan=2737 start=4634.70 horizon=15.00 frames=150 commit_frames=20[0m
[0m[INFO] [1788847519.524889695]: [sim_plan] built plan=2738 start=4636.70 horizon=15.00 frames=150 commit_frames=20[0m
[0m[INFO] [1788847519.533110911]: [sim_plan] built plan=2739 start=4638.70 horizon=15.00 frames=150 commit_frames=20[0m
[0m[INFO] [1788847519.541429357]: [sim_plan] built plan=2740 start=4639.70 horizon=15.00 frames=150 commit_frames=20[0m
[0m[INFO] [1788847519.551745462]: [sim_plan] built plan=2741 start=4641.70 horizon=15.00 frames=150 commit_frames=20[0m
[0m[INFO] [1788847519.562713987]: [sim_plan] built plan=2742 start=4643.70 horizon=15.00 frames=150 commit_frames=20[0m
[0m[INFO] [1788847519.564231830]: [multi_patrol][A1] V0 activate prepared dropoff: A1 -> B13 len=4.333 priority_until_s=0.758[0m
[0m[INFO] [1788847519.575346257]: [sim_plan] built plan=2743 start=4644.60 horizon=15.00 frames=150 commit_frames=20[0m
[0m[INFO] [1788847519.589346778]: [sim_plan] built plan=2744 start=4646.60 horizon=15.00 frames=150 commit_frames=20[0m
[0m[INFO] [1788847519.597708995]: [sim_plan] built plan=2745 start=4648.60 horizon=15.00 frames=150 commit_frames=20[0m
[0m[INFO] [1788847519.599047983]: [multi_patrol][A1 EXIT PRIORITY RELEASE] V0 s=0.771 threshold=0.758[0m
[0m[INFO] [1788847519.604314447]: [sim_plan] built plan=2746 start=4650.60 horizon=15.00 frames=150 commit_frames=20[0m
[0m[INFO] [1788847519.608078398]: [sim_plan] built plan=2747 start=4652.60 horizon=15.00 frames=150 commit_frame[33m[WARN] [1788847519.615287804]: [SLOT_DEPARTURE] time=77min37.2s vehicle=V1 owner=none result=ALLOW reason=no_service_owner candidate_path_gen=115 slot_departure_clear_s=0.327 vehicle_mode=ACTIVE vehicle_speed=0.000 vehicle_path_s=0.000 blocker=none a1_prefix_conflict=0 ordinary_road_conflict=0[0m
[33m[WARN] [1788847519.615689606]: [multi_patrol][A1 EXIT PREPARED] V1 target=B63 pickup_dwell=5.00s exit_len=6.551 priority_until_s=0.758 horizon_refresh=IMMEDIATE[0m
[33m[WARN] [1788847519.701929971]: [SLOT_DEPARTURE] time=77min55.2s vehicle=V0 owner=none result=HOLD reason=ordinary_immediate_conflict candidate_path_gen=119 slot_departure_clear_s=0.327 vehicle_mode=DWELL vehicle_speed=0.000 vehicle_path_s=4.333 blocker=V1 a1_prefix_conflict=0 ordinary_road_conflict=1 first_t=2.175 candidate_s=0.296 interaction=OPPOSING[0m
[33m[WARN] [1788847519.744013707]: [SLOT_DEPARTURE] time=77min59.6s vehicle=V0 owner=V1 result=ALLOW reason=slot_departure_clear_after_retry candidate_path_gen=119 slot_departure_clear_s=0.327 vehicle_mode=ACTIVE vehicle_speed=0.000 vehicle_path_s=0.000 blocker=none a1_prefix_conflict=0 ordinary_road_conflict=0 owner_phase=TO_A1 owner_path_gen=115 geometry=pending_preview protected_zones=0 actual_occupancy_priority=0[0m
[33m[WARN] [1788847519.744642700]: [multi_patrol][A1 EXIT PREPARED] V0 target=B33 pickup_dwell=5.00s exit_len=7.111 priority_until_s=0.758 horizon_refresh=IMMEDIATE[0m
[33m[WARN] [1788847520.082869449]: [multi_patrol][A1 EXIT HORIZON] V1 target=B63 dwell_part=4.90s departure_window=10.10s total_horizon=15.00s[0m
[33m[WARN] [1788847520.124694539]: [multi_patrol][A1 EXIT HORIZON] V1 target=B63 dwell_part=2.90s departure_window=12.10s total_horizon=15.00s[0m
[33m[WARN] [1788847520.165629834]: [multi_patrol][A1 EXIT HORIZON] V1 target=B63 dwell_part=0.90s departure_window=14.10s total_horizon=15.00s[0m
s=20[0m
[0m[INFO] [1788847519.611744832]: [sim_plan] built plan=2748 start=4654.60 horizon=15.00 frames=150 commit_frames=20[0m
[0m[INFO] [1788847519.614800805]: [sim_plan] built plan=2749 start=4656.60 horizon=15.00 frames=150 commit_frames=20[0m
[0m[INFO] [1788847519.615251403]: [multi_patrol][A1] V1 pickup leg: B39 -> A1  wpts=535 len=6.102[0m
[0m[INFO] [1788847519.629669549]: [sim_plan] built plan=2750 start=4657.20 horizon=15.00 frames=150 commit_frames=20[0m
[0m[INFO] [1788847519.646945650]: [sim_plan] built plan=2751 start=4659.20 horizon=15.00 frames=150 commit_frames=20[0m
[0m[INFO] [1788847519.657864296]: [sim_plan] built plan=2752 start=4661.20 horizon=15.00 frames=150 commit_frames=20[0m
[0m[INFO] [1788847519.668016469]: [sim_plan] built plan=2753 start=4663.20 horizon=15.00 frames=150 commit_frames=20[0m
[0m[INFO] [1788847519.677431621]: [sim_plan] built plan=2754 start=4665.20 horizon=15.00 frames=150 commit_frames=20[0m
[0m[INFO] [1788847519.685823518]: [sim_plan] built plan=2755 start=4667.20 horizon=15.00 frames=150 commit_frames=20[0m
[0m[INFO] [1788847519.691655401]: [sim_plan] built plan=2756 start=4669.20 horizon=15.00 frames=150 commit_frames=20[0m
[0m[INFO] [1788847519.696777552]: [sim_plan] built plan=2757 start=4671.20 horizon=15.00 frames=150 commit_frames=20[0m
[0m[INFO] [1788847519.701303786]: [sim_plan] built plan=2758 start=4673.20 horizon=15.00 frames=150 commit_frames=20[0m
[0m[INFO] [1788847519.706335399]: [sim_plan] built plan=2759 start=4675.20 horizon=15.00 frames=150 commit_frames=20[0m
[0m[INFO] [1788847519.713408297]: [sim_plan] built plan=2760 start=4677.20 horizon=15.00 frames=150 commit_frames=20[0m
[0m[INFO] [1788847519.726113971]: [sim_plan] built plan=2761 start=4679.20 horizon=15.00 frames=150 commit_frames=20[0m
[0m[INFO] [1788847519.743954463]: [multi_patrol][A1] V0 pickup leg: B13 -> A1  wpts=295 len=3.541[0m
[0m[INFO] [1788847519.763199215]: [sim_plan] built plan=2762 start=4679.60 horizon=15.00 frames=150 commit_frames=20[0m
[0m[INFO] [1788847519.800421051]: [sim_plan] built plan=2763 start=4681.60 horizon=15.00 frames=150 commit_frames=20[0m
[0m[INFO] [1788847519.836554826]: [sim_plan] built plan=2764 start=4683.60 horizon=15.00 frames=150 commit_frames=20[0m
[0m[INFO] [1788847519.871030089]: [sim_plan] built plan=2765 start=4685.60 horizon=15.00 frames=150 commit_frames=20[0m
[0m[INFO] [1788847519.908307411]: [sim_plan] built plan=2766 start=4687.60 horizon=15.00 frames=150 commit_frames=20[0m
[0m[INFO] [1788847519.956405143]: [sim_plan] built plan=2767 start=4689.60 horizon=15.00 frames=150 commit_frames=20[0m
[0m[INFO] [1788847519.999507835]: [sim_plan] built plan=2768 start=4691.60 horizon=15.00 frames=150 commit_frames=20[0m
[0m[INFO] [1788847520.041201618]: [sim_plan] built plan=2769 start=4693.60 horizon=15.00 frames=150 commit_frames=20[0m
[0m[INFO] [1788847520.082798910]: [sim_plan] built plan=2770 start=4693.90 horizon=15.00 frames=150 commit_frames=20[0m
[0m[INFO] [1788847520.124631584]: [sim_plan] built plan=2771 start=4695.90 horizon=15.00 frames=150 commit_frames=20[0m
[0m[INFO] [1788847520.165582374]: [sim_plan] built plan=2772 start=4697.90 horizon=15.00 frames=150 commit_frames=20[0m
[0m[INFO] [1788847520.166869736]: [multi_patrol][A1] V1 activate prepared dropoff: A1 -> B63 len=6.551 priority_until_s=0.758[0m
[0m[INFO] [1788847520.203056702]: [sim_plan] built plan=2773 start=4698.80 horizon=15.00 frames=150 commit_frames=20[0m
[0m[INFO] [1788847520.237595346]: [sim_plan] built plan=2774 start=4700.80 horizon=15.00 frames=150 commit_frames=20[0m
[0m[INFO] [1788847520.261551273]: [sim_plan] built plan=2775 start=4702.80 horizon=15.00 frames=150 commit_frames=20[0m
[0m[INFO] [1788847520.262988555]: [multi_patrol][A1 EXIT PRIORITY RELEASE] V1 s=0.771 threshold=0.758[0m
[0m[INFO] [1788847520.279815548]: [sim_plan] built plan=2776 start=4704.80 horizon=15.00 frames=150 commit_frames=20[0m
[0m[INFO] [1788847520.292042770]: [sim_plan] built plan=2777 start=4706.80 horizon=15.00 frames=150 comm[33m[WARN] [1788847520.336707173]: [multi_patrol][A1 EXIT HORIZON] V0 target=B33 dwell_part=4.90s departure_window=10.10s total_horizon=15.00s[0m
[33m[WARN] [1788847520.349701187]: [multi_patrol][A1 EXIT HORIZON] V0 target=B33 dwell_part=2.90s departure_window=12.10s total_horizon=15.00s[0m
[33m[WARN] [1788847520.364643124]: [multi_patrol][A1 EXIT HORIZON] V0 target=B33 dwell_part=0.90s departure_window=14.10s total_horizon=15.00s[0m
[33m[WARN] [1788847520.496719527]: [SLOT_DEPARTURE] time=79min3.0s vehicle=V1 owner=none result=ALLOW reason=no_service_owner candidate_path_gen=117 slot_departure_clear_s=0.346 vehicle_mode=ACTIVE vehicle_speed=0.000 vehicle_path_s=0.000 blocker=none a1_prefix_conflict=0 ordinary_road_conflict=0[0m
[33m[WARN] [1788847520.497181867]: [multi_patrol][A1 EXIT PREPARED] V1 target=B31 pickup_dwell=5.00s exit_len=6.891 priority_until_s=0.758 horizon_refresh=IMMEDIATE[0m
it_frames=20[0m
[0m[INFO] [1788847520.302880060]: [sim_plan] built plan=2778 start=4708.80 horizon=15.00 frames=150 commit_frames=20[0m
[0m[INFO] [1788847520.312142620]: [sim_plan] built plan=2779 start=4710.80 horizon=15.00 frames=150 commit_frames=20[0m
[0m[INFO] [1788847520.320528999]: [sim_plan] built plan=2780 start=4712.80 horizon=15.00 frames=150 commit_frames=20[0m
[0m[INFO] [1788847520.328564051]: [sim_plan] built plan=2781 start=4714.80 horizon=15.00 frames=150 commit_frames=20[0m
[0m[INFO] [1788847520.336664766]: [sim_plan] built plan=2782 start=4715.50 horizon=15.00 frames=150 commit_frames=20[0m
[0m[INFO] [1788847520.349636994]: [sim_plan] built plan=2783 start=4717.50 horizon=15.00 frames=150 commit_frames=20[0m
[0m[INFO] [1788847520.364590518]: [sim_plan] built plan=2784 start=4719.50 horizon=15.00 frames=150 commit_frames=20[0m
[0m[INFO] [1788847520.365935308]: [multi_patrol][A1] V0 activate prepared dropoff: A1 -> B33 len=7.111 priority_until_s=0.758[0m
[0m[INFO] [1788847520.381851828]: [sim_plan] built plan=2785 start=4720.40 horizon=15.00 frames=150 commit_frames=20[0m
[0m[INFO] [1788847520.412981629]: [sim_plan] built plan=2786 start=4722.40 horizon=15.00 frames=150 commit_frames=20[0m
[0m[INFO] [1788847520.428938462]: [sim_plan] built plan=2787 start=4724.40 horizon=15.00 frames=150 commit_frames=20[0m
[0m[INFO] [1788847520.430186841]: [multi_patrol][A1 EXIT PRIORITY RELEASE] V0 s=0.771 threshold=0.758[0m
[0m[INFO] [1788847520.444662488]: [sim_plan] built plan=2788 start=4726.40 horizon=15.00 frames=150 commit_frames=20[0m
[0m[INFO] [1788847520.457611525]: [sim_plan] built plan=2789 start=4728.40 horizon=15.00 frames=150 commit_frames=20[0m
[0m[INFO] [1788847520.467258550]: [sim_plan] built plan=2790 start=4730.40 horizon=15.00 frames=150 commit_frames=20[0m
[0m[INFO] [1788847520.475411565]: [sim_plan] built plan=2791 start=4732.40 horizon=15.00 frames=150 commit_frames=20[0m
[0m[INFO] [1788847520.482350584]: [sim_plan] built plan=2792 start=4734.40 horizon=15.00 frames=150 commit_frames=20[0m
[0m[INFO] [1788847520.487432456]: [sim_plan] built plan=2793 start=4736.40 horizon=15.00 frames=150 commit_frames=20[0m
[0m[INFO] [1788847520.490642814]: [sim_plan] built plan=2794 start=4738.40 horizon=15.00 frames=150 commit_frames=20[0m
[0m[INFO] [1788847520.493542102]: [sim_plan] built plan=2795 start=4740.40 horizon=15.00 frames=150 commit_frames=20[0m
[0m[INFO] [1788847520.496194905]: [sim_plan] built plan=2796 start=4742.40 horizon=15.00 frames=150 commit_frames=20[0m
[0m[INFO] [1788847520.496682862]: [multi_patrol][A1] V1 pickup leg: B63 -> A1  wpts=523 len=6.245[0m
[0m[INFO] [1788847520.513314905]: [sim_plan] built plan=2797 start=4743.00 horizon=15.00 frames=150 commit_frames=20[0m
[0m[INFO] [1788847520.537434524]: [sim_plan] built plan=2798 start=4745.00 horizon=15.00 frames=150 commit_frames=20[0m
[0m[INFO] [1788847520.555820780]: [sim_plan] built plan=2799 start=4747.00 horizon=15.00 frames=150 commit_frames=20[0m
[0m[INFO] [1788847520.569921257]: [sim_plan] built plan=2800 start=4749.00 horizon=15.00 frames=150 commit_frames=20[0m
[0m[INFO] [1788847520.581928776]: [sim_plan] built plan=2801 start=4751.00 horizon=15.00 frames=150 commit_frames=20[0m
[0m[INFO] [1788847520.593075898]: [sim_plan] built plan=2802 start=4753.00 horizon=15.00 frames=150 commit_frames=20[0m
[0m[INFO] [1788847520.602855225]: [sim_plan] built plan=2803 start=4755.00 horizon=15.00 frames=150 commit_frames=20[0m
[0m[INFO] [1788847520.612223640]: [sim_plan] built plan=2804 start=4757.00 horizon=15.00 frames=150 commit_frames=20[0m
[0m[INFO] [1788847520.617842734]: [sim_plan] built plan=2805 start=4759.00 horizon=15.00 frames=150 commit_frames=20[0m
[0m[INFO] [1788847520.622403670]: [sim_plan] built plan=2806 start=4761.00 horizon=15.00 frames=150 commit_frames=20[0m
[0m[INFO] [1788847520.626013916]: [sim_plan] built plan=2807 start=4763.00 horizon=15.00 frames=150 commit_frames=20[0m
[0m[INFO] [1788847520.630040252]: [sim_plan] built plan=2808 start=4765.00 ho[33m[WARN] [1788847520.630788636]: [SLOT_DEPARTURE] time=79min26.9s vehicle=V0 owner=none result=ALLOW reason=no_service_owner candidate_path_gen=121 slot_departure_clear_s=0.327 vehicle_mode=ACTIVE vehicle_speed=0.000 vehicle_path_s=0.000 blocker=none a1_prefix_conflict=0 ordinary_road_conflict=0[0m
[33m[WARN] [1788847520.631199585]: [multi_patrol][A1 EXIT PREPARED] V0 target=B32 pickup_dwell=5.00s exit_len=4.055 priority_until_s=0.758 horizon_refresh=IMMEDIATE[0m
[33m[WARN] [1788847520.804993035]: [multi_patrol][A1 EXIT HORIZON] V1 target=B31 dwell_part=4.90s departure_window=10.10s total_horizon=15.00s[0m
[33m[WARN] [1788847520.837641283]: [multi_patrol][A1 EXIT HORIZON] V1 target=B31 dwell_part=2.90s departure_window=12.10s total_horizon=15.00s[0m
[33m[WARN] [1788847520.870710587]: [multi_patrol][A1 EXIT HORIZON] V1 target=B31 dwell_part=0.90s departure_window=14.10s total_horizon=15.00s[0m
[33m[WARN] [1788847521.052527207]: [multi_patrol][A1 EXIT HORIZON] V0 target=B32 dwell_part=4.90s departure_window=10.10s total_horizon=15.00s[0m
[33m[WARN] [1788847521.064180449]: [multi_patrol][A1 EXIT HORIZON] V0 target=B32 dwell_part=2.90s departure_window=12.10s total_horizon=15.00s[0m
[33m[WARN] [1788847521.079564279]: [multi_patrol][A1 EXIT HORIZON] V0 target=B32 dwell_part=0.90s departure_window=14.10s total_horizon=15.00s[0m
rizon=15.00 frames=150 commit_frames=20[0m
[0m[INFO] [1788847520.630754725]: [multi_patrol][A1] V0 pickup leg: B33 -> A1  wpts=469 len=5.444[0m
[0m[INFO] [1788847520.651247684]: [sim_plan] built plan=2809 start=4766.90 horizon=15.00 frames=150 commit_frames=20[0m
[0m[INFO] [1788847520.672668175]: [sim_plan] built plan=2810 start=4768.90 horizon=15.00 frames=150 commit_frames=20[0m
[0m[INFO] [1788847520.685737258]: [sim_plan] built plan=2811 start=4770.90 horizon=15.00 frames=150 commit_frames=20[0m
[0m[INFO] [1788847520.697886414]: [sim_plan] built plan=2812 start=4772.90 horizon=15.00 frames=150 commit_frames=20[0m
[0m[INFO] [1788847520.708658338]: [sim_plan] built plan=2813 start=4774.90 horizon=15.00 frames=150 commit_frames=20[0m
[0m[INFO] [1788847520.722117917]: [sim_plan] built plan=2814 start=4776.90 horizon=15.00 frames=150 commit_frames=20[0m
[0m[INFO] [1788847520.744932372]: [sim_plan] built plan=2815 start=4778.90 horizon=15.00 frames=150 commit_frames=20[0m
[0m[INFO] [1788847520.773998778]: [sim_plan] built plan=2816 start=4780.90 horizon=15.00 frames=150 commit_frames=20[0m
[0m[INFO] [1788847520.804932584]: [sim_plan] built plan=2817 start=4781.30 horizon=15.00 frames=150 commit_frames=20[0m
[0m[INFO] [1788847520.837587895]: [sim_plan] built plan=2818 start=4783.30 horizon=15.00 frames=150 commit_frames=20[0m
[0m[INFO] [1788847520.870667222]: [sim_plan] built plan=2819 start=4785.30 horizon=15.00 frames=150 commit_frames=20[0m
[0m[INFO] [1788847520.871934465]: [multi_patrol][A1] V1 activate prepared dropoff: A1 -> B31 len=6.891 priority_until_s=0.758[0m
[0m[INFO] [1788847520.902433165]: [sim_plan] built plan=2820 start=4786.20 horizon=15.00 frames=150 commit_frames=20[0m
[0m[INFO] [1788847520.938941967]: [sim_plan] built plan=2821 start=4788.20 horizon=15.00 frames=150 commit_frames=20[0m
[0m[INFO] [1788847520.959790590]: [sim_plan] built plan=2822 start=4790.20 horizon=15.00 frames=150 commit_frames=20[0m
[0m[INFO] [1788847520.961045049]: [multi_patrol][A1 EXIT PRIORITY RELEASE] V1 s=0.771 threshold=0.758[0m
[0m[INFO] [1788847520.980337747]: [sim_plan] built plan=2823 start=4792.20 horizon=15.00 frames=150 commit_frames=20[0m
[0m[INFO] [1788847520.992964204]: [sim_plan] built plan=2824 start=4794.20 horizon=15.00 frames=150 commit_frames=20[0m
[0m[INFO] [1788847521.005532780]: [sim_plan] built plan=2825 start=4796.20 horizon=15.00 frames=150 commit_frames=20[0m
[0m[INFO] [1788847521.017541301]: [sim_plan] built plan=2826 start=4798.20 horizon=15.00 frames=150 commit_frames=20[0m
[0m[INFO] [1788847521.026033918]: [sim_plan] built plan=2827 start=4800.20 horizon=15.00 frames=150 commit_frames=20[0m
[0m[INFO] [1788847521.033938565]: [sim_plan] built plan=2828 start=4802.20 horizon=15.00 frames=150 commit_frames=20[0m
[0m[INFO] [1788847521.043721699]: [sim_plan] built plan=2829 start=4804.20 horizon=15.00 frames=150 commit_frames=20[0m
[0m[INFO] [1788847521.052495650]: [sim_plan] built plan=2830 start=4804.60 horizon=15.00 frames=150 commit_frames=20[0m
[0m[INFO] [1788847521.064131147]: [sim_plan] built plan=2831 start=4806.60 horizon=15.00 frames=150 commit_frames=20[0m
[0m[INFO] [1788847521.079519229]: [sim_plan] built plan=2832 start=4808.60 horizon=15.00 frames=150 commit_frames=20[0m
[0m[INFO] [1788847521.080613252]: [multi_patrol][A1] V0 activate prepared dropoff: A1 -> B32 len=4.055 priority_until_s=0.758[0m
[0m[INFO] [1788847521.097730553]: [sim_plan] built plan=2833 start=4809.50 horizon=15.00 frames=150 commit_frames=20[0m
[0m[INFO] [1788847521.118391801]: [sim_plan] built plan=2834 start=4811.50 horizon=15.00 frames=150 commit_frames=20[0m
[0m[INFO] [1788847521.132625093]: [sim_plan] built plan=2835 start=4813.50 horizon=15.00 frames=150 commit_frames=20[0m
[0m[INFO] [1788847521.133990190]: [multi_patrol][A1 EXIT PRIORITY RELEASE] V0 s=0.771 threshold=0.758[0m
[0m[INFO] [1788847521.145194011]: [sim_plan] built plan=2836 start=4815.50 horizon=15.00 frames=150 commit_frames=20[0m
[0m[INFO] [1788847521.155225287]: [sim_plan] built plan=[33m[WARN] [1788847521.182373251]: [SLOT_DEPARTURE] time=80min31.6s vehicle=V1 owner=none result=ALLOW reason=no_service_owner candidate_path_gen=119 slot_departure_clear_s=0.327 vehicle_mode=ACTIVE vehicle_speed=0.000 vehicle_path_s=0.000 blocker=none a1_prefix_conflict=0 ordinary_road_conflict=0[0m
[33m[WARN] [1788847521.182857094]: [multi_patrol][A1 EXIT PREPARED] V1 target=B20 pickup_dwell=5.00s exit_len=4.313 priority_until_s=0.758 horizon_refresh=IMMEDIATE[0m
[33m[WARN] [1788847521.202793651]: [SLOT_DEPARTURE] time=80min39.1s vehicle=V0 owner=none result=ALLOW reason=no_service_owner candidate_path_gen=123 slot_departure_clear_s=0.327 vehicle_mode=ACTIVE vehicle_speed=0.000 vehicle_path_s=0.000 blocker=none a1_prefix_conflict=0 ordinary_road_conflict=0[0m
[33m[WARN] [1788847521.203128711]: [multi_patrol][A1 EXIT PREPARED] V0 target=B13 pickup_dwell=5.00s exit_len=4.333 priority_until_s=0.758 horizon_refresh=IMMEDIATE[0m
[33m[WARN] [1788847521.643915580]: [multi_patrol][A1 EXIT HORIZON] V0 target=B13 dwell_part=4.90s departure_window=10.10s total_horizon=15.00s[0m
[33m[WARN] [1788847521.689373279]: [multi_patrol][A1 EXIT HORIZON] V0 target=B13 dwell_part=2.90s departure_window=12.10s total_horizon=15.00s[0m
[33m[WARN] [1788847521.729160120]: [multi_patrol][A1 EXIT HORIZON] V0 target=B13 dwell_part=0.90s departure_window=14.10s total_horizon=15.00s[0m
2837 start=4817.50 horizon=15.00 frames=150 commit_frames=20[0m
[0m[INFO] [1788847521.164190243]: [sim_plan] built plan=2838 start=4819.50 horizon=15.00 frames=150 commit_frames=20[0m
[0m[INFO] [1788847521.170987477]: [sim_plan] built plan=2839 start=4821.50 horizon=15.00 frames=150 commit_frames=20[0m
[0m[INFO] [1788847521.175296437]: [sim_plan] built plan=2840 start=4823.50 horizon=15.00 frames=150 commit_frames=20[0m
[0m[INFO] [1788847521.177904916]: [sim_plan] built plan=2841 start=4825.50 horizon=15.00 frames=150 commit_frames=20[0m
[0m[INFO] [1788847521.179546751]: [sim_plan] built plan=2842 start=4827.50 horizon=15.00 frames=150 commit_frames=20[0m
[0m[INFO] [1788847521.180990204]: [sim_plan] built plan=2843 start=4829.50 horizon=15.00 frames=150 commit_frames=20[0m
[0m[INFO] [1788847521.181939324]: [sim_plan] built plan=2844 start=4831.50 horizon=15.00 frames=150 commit_frames=20[0m
[0m[INFO] [1788847521.182341155]: [multi_patrol][A1] V1 pickup leg: B31 -> A1  wpts=447 len=5.225[0m
[0m[INFO] [1788847521.188116922]: [sim_plan] built plan=2845 start=4831.60 horizon=15.00 frames=150 commit_frames=20[0m
[0m[INFO] [1788847521.195350818]: [sim_plan] built plan=2846 start=4833.60 horizon=15.00 frames=150 commit_frames=20[0m
[0m[INFO] [1788847521.199360863]: [sim_plan] built plan=2847 start=4835.60 horizon=15.00 frames=150 commit_frames=20[0m
[0m[INFO] [1788847521.202266461]: [sim_plan] built plan=2848 start=4837.60 horizon=15.00 frames=150 commit_frames=20[0m
[0m[INFO] [1788847521.202763127]: [multi_patrol][A1] V0 pickup leg: B32 -> A1  wpts=286 len=3.302[0m
[0m[INFO] [1788847521.217674058]: [sim_plan] built plan=2849 start=4839.10 horizon=15.00 frames=150 commit_frames=20[0m
[0m[INFO] [1788847521.237171703]: [sim_plan] built plan=2850 start=4841.10 horizon=15.00 frames=150 commit_frames=20[0m
[0m[INFO] [1788847521.254792436]: [sim_plan] built plan=2851 start=4843.10 horizon=15.00 frames=150 commit_frames=20[0m
[0m[INFO] [1788847521.295693439]: [sim_plan] built plan=2852 start=4845.10 horizon=15.00 frames=150 commit_frames=20[0m
[0m[INFO] [1788847521.332533271]: [sim_plan] built plan=2853 start=4847.10 horizon=15.00 frames=150 commit_frames=20[0m
[0m[INFO] [1788847521.374956677]: [sim_plan] built plan=2854 start=4849.10 horizon=15.00 frames=150 commit_frames=20[0m
[0m[INFO] [1788847521.418594896]: [sim_plan] built plan=2855 start=4851.10 horizon=15.00 frames=150 commit_frames=20[0m
[0m[INFO] [1788847521.466869737]: [sim_plan] built plan=2856 start=4853.10 horizon=15.00 frames=150 commit_frames=20[0m
[0m[INFO] [1788847521.511026512]: [sim_plan] built plan=2857 start=4855.10 horizon=15.00 frames=150 commit_frames=20[0m
[0m[INFO] [1788847521.556031635]: [sim_plan] built plan=2858 start=4857.10 horizon=15.00 frames=150 commit_frames=20[0m
[0m[INFO] [1788847521.598393659]: [sim_plan] built plan=2859 start=4859.10 horizon=15.00 frames=150 commit_frames=20[0m
[0m[INFO] [1788847521.643853463]: [sim_plan] built plan=2860 start=4860.00 horizon=15.00 frames=150 commit_frames=20[0m
[0m[INFO] [1788847521.689315117]: [sim_plan] built plan=2861 start=4862.00 horizon=15.00 frames=150 commit_frames=20[0m
[0m[INFO] [1788847521.729105560]: [sim_plan] built plan=2862 start=4864.00 horizon=15.00 frames=150 commit_frames=20[0m
[0m[INFO] [1788847521.730667782]: [multi_patrol][A1] V0 activate prepared dropoff: A1 -> B13 len=4.333 priority_until_s=0.758[0m
[0m[INFO] [1788847521.763080795]: [sim_plan] built plan=2863 start=4864.90 horizon=15.00 frames=150 commit_frames=20[0m
[0m[INFO] [1788847521.793880131]: [sim_plan] built plan=2864 start=4866.90 horizon=15.00 frames=150 commit_frames=20[0m
[0m[INFO] [1788847521.815820534]: [sim_plan] built plan=2865 start=4868.90 horizon=15.00 frames=150 commit_frames=20[0m
[0m[INFO] [1788847521.817221631]: [multi_patrol][A1 EXIT PRIORITY RELEASE] V0 s=0.771 threshold=0.758[0m
[0m[INFO] [1788847521.831222019]: [sim_plan] built plan=2866 start=4870.90 horizon=15.00 frames=150 commit_frames=20[0m
[0m[INFO] [1788847521.842490676]: [sim_plan] bui[33m[WARN] [1788847521.878094243]: [multi_patrol][A1 EXIT HORIZON] V1 target=B20 dwell_part=4.90s departure_window=10.10s total_horizon=15.00s[0m
[33m[WARN] [1788847521.884633508]: [multi_patrol][A1 EXIT HORIZON] V1 target=B20 dwell_part=2.90s departure_window=12.10s total_horizon=15.00s[0m
[33m[WARN] [1788847521.892122143]: [multi_patrol][A1 EXIT HORIZON] V1 target=B20 dwell_part=0.90s departure_window=14.10s total_horizon=15.00s[0m
[33m[WARN] [1788847521.909988917]: [SOURCE=REAL] [plan=2876] [frame=5] [rollout_step=-1] [multi_patrol][A1 EXIT INTRUSION ENTER] owner=V1 target=B20 blocker=V0 dwell_remaining=0.00s visible_exit_t=15.00s owner_exit_s=2.815 blocker_phase=4 blocker_s=4.039 action=DIAG_ONLY[0m
[33m[WARN] [1788847521.914462749]: [SOURCE=REAL] [plan=2877] [frame=0] [rollout_step=-1] [multi_patrol][A1 EXIT INTRUSION CLEAR] owner=V1 blocker=V0[0m
[33m[WARN] [1788847521.922608672]: [SLOT_DEPARTURE] time=81min35.5s vehicle=V0 owner=none result=ALLOW reason=no_service_owner candidate_path_gen=125 slot_departure_clear_s=0.327 vehicle_mode=ACTIVE vehicle_speed=0.000 vehicle_path_s=0.000 blocker=none a1_prefix_conflict=0 ordinary_road_conflict=0[0m
[33m[WARN] [1788847521.923008627]: [multi_patrol][A1 EXIT PREPARED] V0 target=B46 pickup_dwell=5.00s exit_len=7.160 priority_until_s=0.758 horizon_refresh=IMMEDIATE[0m
[33m[WARN] [1788847522.040181827]: [SLOT_DEPARTURE] time=81min57.1s vehicle=V1 owner=V0 result=ALLOW reason=slot_departure_clear candidate_path_gen=121 slot_departure_clear_s=0.327 vehicle_mode=ACTIVE vehicle_speed=0.000 vehicle_path_s=0.000 blocker=none a1_prefix_conflict=0 ordinary_road_conflict=0 owner_phase=TO_A1 owner_path_gen=125 geometry=pending_preview protected_zones=0 actual_occupancy_priority=0[0m
[33m[WARN] [1788847522.040579898]: [multi_patrol][A1 EXIT PREPARED] V1 target=B26 pickup_dwell=5.00s exit_len=3.655 priority_until_s=0.758 horizon_refresh=IMMEDIATE[0m
[33m[WARN] [1788847522.216449816]: [multi_patrol][A1 EXIT HORIZON] V0 target=B46 dwell_part=4.90s departure_window=10.10s total_horizon=15.00s[0m
[33m[WARN] [1788847522.257604315]: [multi_patrol][A1 EXIT HORIZON] V0 target=B46 dwell_part=2.90s departure_window=12.10s total_horizon=15.00s[0m
lt plan=2867 start=4872.90 horizon=15.00 frames=150 commit_frames=20[0m
[0m[INFO] [1788847521.852761700]: [sim_plan] built plan=2868 start=4874.90 horizon=15.00 frames=150 commit_frames=20[0m
[0m[INFO] [1788847521.860975741]: [sim_plan] built plan=2869 start=4876.90 horizon=15.00 frames=150 commit_frames=20[0m
[0m[INFO] [1788847521.867453326]: [sim_plan] built plan=2870 start=4878.90 horizon=15.00 frames=150 commit_frames=20[0m
[0m[INFO] [1788847521.872771664]: [sim_plan] built plan=2871 start=4880.90 horizon=15.00 frames=150 commit_frames=20[0m
[0m[INFO] [1788847521.878036016]: [sim_plan] built plan=2872 start=4881.40 horizon=15.00 frames=150 commit_frames=20[0m
[0m[INFO] [1788847521.884597792]: [sim_plan] built plan=2873 start=4883.40 horizon=15.00 frames=150 commit_frames=20[0m
[0m[INFO] [1788847521.892078796]: [sim_plan] built plan=2874 start=4885.40 horizon=15.00 frames=150 commit_frames=20[0m
[0m[INFO] [1788847521.893076522]: [multi_patrol][A1] V1 activate prepared dropoff: A1 -> B20 len=4.313 priority_until_s=0.758[0m
[0m[INFO] [1788847521.899502375]: [sim_plan] built plan=2875 start=4886.30 horizon=15.00 frames=150 commit_frames=20[0m
[0m[INFO] [1788847521.909259529]: [sim_plan] built plan=2876 start=4888.30 horizon=15.00 frames=150 commit_frames=20[0m
[0m[INFO] [1788847521.913979913]: [sim_plan] built plan=2877 start=4890.30 horizon=15.00 frames=150 commit_frames=20[0m
[0m[INFO] [1788847521.915869407]: [multi_patrol][A1 EXIT PRIORITY RELEASE] V1 s=0.771 threshold=0.758[0m
[0m[INFO] [1788847521.918704026]: [sim_plan] built plan=2878 start=4892.30 horizon=15.00 frames=150 commit_frames=20[0m
[0m[INFO] [1788847521.922099499]: [sim_plan] built plan=2879 start=4894.30 horizon=15.00 frames=150 commit_frames=20[0m
[0m[INFO] [1788847521.922572258]: [multi_patrol][A1] V0 pickup leg: B13 -> A1  wpts=295 len=3.541[0m
[0m[INFO] [1788847521.935703580]: [sim_plan] built plan=2880 start=4895.50 horizon=15.00 frames=150 commit_frames=20[0m
[0m[INFO] [1788847521.953933448]: [sim_plan] built plan=2881 start=4897.50 horizon=15.00 frames=150 commit_frames=20[0m
[0m[INFO] [1788847521.967452168]: [sim_plan] built plan=2882 start=4899.50 horizon=15.00 frames=150 commit_frames=20[0m
[0m[INFO] [1788847521.979924024]: [sim_plan] built plan=2883 start=4901.50 horizon=15.00 frames=150 commit_frames=20[0m
[0m[INFO] [1788847521.991530198]: [sim_plan] built plan=2884 start=4903.50 horizon=15.00 frames=150 commit_frames=20[0m
[0m[INFO] [1788847522.003767618]: [sim_plan] built plan=2885 start=4905.50 horizon=15.00 frames=150 commit_frames=20[0m
[0m[INFO] [1788847522.011495363]: [sim_plan] built plan=2886 start=4907.50 horizon=15.00 frames=150 commit_frames=20[0m
[0m[INFO] [1788847522.023743404]: [sim_plan] built plan=2887 start=4909.50 horizon=15.00 frames=150 commit_frames=20[0m
[0m[INFO] [1788847522.028763893]: [sim_plan] built plan=2888 start=4911.50 horizon=15.00 frames=150 commit_frames=20[0m
[0m[INFO] [1788847522.032663933]: [sim_plan] built plan=2889 start=4913.50 horizon=15.00 frames=150 commit_frames=20[0m
[0m[INFO] [1788847522.035831651]: [sim_plan] built plan=2890 start=4915.50 horizon=15.00 frames=150 commit_frames=20[0m
[0m[INFO] [1788847522.040135623]: [multi_patrol][A1] V1 pickup leg: B20 -> A1  wpts=304 len=3.391[0m
[0m[INFO] [1788847522.076667769]: [sim_plan] built plan=2891 start=4917.10 horizon=15.00 frames=150 commit_frames=20[0m
[0m[INFO] [1788847522.116411771]: [sim_plan] built plan=2892 start=4919.10 horizon=15.00 frames=150 commit_frames=20[0m
[0m[INFO] [1788847522.150509229]: [sim_plan] built plan=2893 start=4921.10 horizon=15.00 frames=150 commit_frames=20[0m
[0m[INFO] [1788847522.182882655]: [sim_plan] built plan=2894 start=4923.10 horizon=15.00 frames=150 commit_frames=20[0m
[0m[INFO] [1788847522.216406701]: [sim_plan] built plan=2895 start=4923.30 horizon=15.00 frames=150 commit_frames=20[0m
[0m[INFO] [1788847522.257557181]: [sim_plan] built plan=2896 start=4925.30 horizon=15.00 frames=150 commit_frames=20[0m
[0m[INFO] [1788847522.306227344]: [sim_p[33m[WARN] [1788847522.306430158]: [multi_patrol][A1 EXIT HORIZON] V0 target=B46 dwell_part=0.90s departure_window=14.10s total_horizon=15.00s[0m
[33m[WARN] [1788847522.898076222]: [multi_patrol][A1 EXIT HORIZON] V1 target=B26 dwell_part=4.90s departure_window=10.10s total_horizon=15.00s[0m
[33m[WARN] [1788847522.902190857]: [multi_patrol][A1 EXIT HORIZON] V1 target=B26 dwell_part=2.90s departure_window=12.10s total_horizon=15.00s[0m
[33m[WARN] [1788847522.907223873]: [multi_patrol][A1 EXIT HORIZON] V1 target=B26 dwell_part=0.90s departure_window=14.10s total_horizon=15.00s[0m
[33m[WARN] [1788847522.915449882]: [SLOT_DEPARTURE] time=82min55.0s vehicle=V0 owner=V1 result=ALLOW reason=slot_departure_clear candidate_path_gen=127 slot_departure_clear_s=0.327 vehicle_mode=ACTIVE vehicle_speed=0.000 vehicle_path_s=0.000 blocker=none a1_prefix_conflict=0 ordinary_road_conflict=0 owner_phase=TO_B owner_path_gen=122 geometry=actual_to_b protected_zones=0 actual_occupancy_priority=0[0m
[33m[WARN] [1788847522.916083551]: [multi_patrol][A1 EXIT PREPARED] V0 target=B28 pickup_dwell=5.00s exit_len=3.444 priority_until_s=0.758 horizon_refresh=IMMEDIATE[0m
lan] built plan=2897 start=4927.30 horizon=15.00 frames=150 commit_frames=20[0m
[0m[INFO] [1788847522.307412593]: [multi_patrol][A1] V0 activate prepared dropoff: A1 -> B46 len=7.160 priority_until_s=0.758[0m
[0m[INFO] [1788847522.360510444]: [sim_plan] built plan=2898 start=4928.20 horizon=15.00 frames=150 commit_frames=20[0m
[0m[INFO] [1788847522.431988422]: [sim_plan] built plan=2899 start=4930.20 horizon=15.00 frames=150 commit_frames=20[0m
[0m[INFO] [1788847522.498810735]: [sim_plan] built plan=2900 start=4932.20 horizon=15.00 frames=150 commit_frames=20[0m
[0m[INFO] [1788847522.500109732]: [multi_patrol][A1 EXIT PRIORITY RELEASE] V0 s=0.771 threshold=0.758[0m
[0m[INFO] [1788847522.559298423]: [sim_plan] built plan=2901 start=4934.20 horizon=15.00 frames=150 commit_frames=20[0m
[0m[INFO] [1788847522.610920224]: [sim_plan] built plan=2902 start=4936.20 horizon=15.00 frames=150 commit_frames=20[0m
[0m[INFO] [1788847522.655847321]: [sim_plan] built plan=2903 start=4938.20 horizon=15.00 frames=150 commit_frames=20[0m
[0m[INFO] [1788847522.694239224]: [sim_plan] built plan=2904 start=4940.20 horizon=15.00 frames=150 commit_frames=20[0m
[0m[INFO] [1788847522.724674578]: [sim_plan] built plan=2905 start=4942.20 horizon=15.00 frames=150 commit_frames=20[0m
[0m[INFO] [1788847522.751844000]: [sim_plan] built plan=2906 start=4944.20 horizon=15.00 frames=150 commit_frames=20[0m
[0m[INFO] [1788847522.773323509]: [sim_plan] built plan=2907 start=4946.20 horizon=15.00 frames=150 commit_frames=20[0m
[0m[INFO] [1788847522.789725136]: [sim_plan] built plan=2908 start=4948.20 horizon=15.00 frames=150 commit_frames=20[0m
[0m[INFO] [1788847522.804865858]: [sim_plan] built plan=2909 start=4950.20 horizon=15.00 frames=150 commit_frames=20[0m
[0m[INFO] [1788847522.821038114]: [sim_plan] built plan=2910 start=4952.20 horizon=15.00 frames=150 commit_frames=20[0m
[0m[INFO] [1788847522.836524337]: [sim_plan] built plan=2911 start=4954.20 horizon=15.00 frames=150 commit_frames=20[0m
[0m[INFO] [1788847522.853381912]: [sim_plan] built plan=2912 start=4956.20 horizon=15.00 frames=150 commit_frames=20[0m
[0m[INFO] [1788847522.864812946]: [sim_plan] built plan=2913 start=4958.20 horizon=15.00 frames=150 commit_frames=20[0m
[0m[INFO] [1788847522.873567513]: [sim_plan] built plan=2914 start=4960.20 horizon=15.00 frames=150 commit_frames=20[0m
[0m[INFO] [1788847522.880828666]: [sim_plan] built plan=2915 start=4962.20 horizon=15.00 frames=150 commit_frames=20[0m
[0m[INFO] [1788847522.887068717]: [sim_plan] built plan=2916 start=4964.20 horizon=15.00 frames=150 commit_frames=20[0m
[0m[INFO] [1788847522.891432814]: [sim_plan] built plan=2917 start=4966.20 horizon=15.00 frames=150 commit_frames=20[0m
[0m[INFO] [1788847522.894968862]: [sim_plan] built plan=2918 start=4968.20 horizon=15.00 frames=150 commit_frames=20[0m
[0m[INFO] [1788847522.898041232]: [sim_plan] built plan=2919 start=4969.40 horizon=15.00 frames=150 commit_frames=20[0m
[0m[INFO] [1788847522.902153866]: [sim_plan] built plan=2920 start=4971.40 horizon=15.00 frames=150 commit_frames=20[0m
[0m[INFO] [1788847522.907164036]: [sim_plan] built plan=2921 start=4973.40 horizon=15.00 frames=150 commit_frames=20[0m
[0m[INFO] [1788847522.908450459]: [multi_patrol][A1] V1 activate prepared dropoff: A1 -> B26 len=3.655 priority_until_s=0.758[0m
[0m[INFO] [1788847522.911769119]: [sim_plan] built plan=2922 start=4974.30 horizon=15.00 frames=150 commit_frames=20[0m
[0m[INFO] [1788847522.915393032]: [multi_patrol][A1] V0 pickup leg: B46 -> A1  wpts=462 len=5.089[0m
[0m[INFO] [1788847522.934530557]: [sim_plan] built plan=2923 start=4975.00 horizon=15.00 frames=150 commit_frames=20[0m
[0m[INFO] [1788847522.956813902]: [sim_plan] built plan=2924 start=4977.00 horizon=15.00 frames=150 commit_frames=20[0m
[0m[INFO] [1788847522.976251346]: [sim_plan] built plan=2925 start=4979.00 horizon=15.00 frames=150 commit_frames=20[0m
[0m[INFO] [1788847522.977338101]: [multi_patrol][A1 EXIT PRIORITY RELEASE] V1 s=0.771 threshold=0.758[0m
[0m[INFO] [17888475[31m[ERROR] [1788847523.063710489]: [multi_patrol] hard collision guard: V0 vs V1; minimal stop applied[0m
[31m[ERROR] [1788847523.082348117]: [stress] FAIL seed=2025 type=HARD_GUARD tick=49910 sim_t=4991.000[0m
22.993007018]: [sim_plan] built plan=2926 start=4981.00 horizon=15.00 frames=150 commit_frames=20[0m
[0m[INFO] [1788847523.006515835]: [sim_plan] built plan=2927 start=4983.00 horizon=15.00 frames=150 commit_frames=20[0m
[0m[INFO] [1788847523.020462290]: [sim_plan] built plan=2928 start=4985.00 horizon=15.00 frames=150 commit_frames=20[0m
[0m[INFO] [1788847523.030997770]: [sim_plan] built plan=2929 start=4987.00 horizon=15.00 frames=150 commit_frames=20[0m
[0m[INFO] [1788847523.047983001]: [sim_plan] built plan=2930 start=4989.00 horizon=15.00 frames=150 commit_frames=20[0m
[0m[INFO] [1788847523.063082814]: [sim_plan] built plan=2931 start=4991.00 horizon=15.00 frames=150 commit_frames=20[0m
