[33m[WARN] [1788611566.172360395]: [multi_patrol] coordination log: /mnt/d/desktop/叉车/src/forklift_planner/docs/experiments/EXP-033-A1-COORDINATOR-120min-coord.log[0m
[33m[WARN] [1788611566.175420282]: [planner][row1-debug] route=B_TO_A1 debug_rev=row1_aux_lane_to_a1_v2 src=0 tgt=101 src_corr=1 tgt_corr=1 target=(1.250,4.100 th=90.0deg) mode=auto terminal_reverse=0 near_gap=0.584 far_gap=0.304 horiz=0.000 min_x=0.676[0m
[33m[WARN] [1788611566.176390370]: [planner][row1-debug] initial_reverse tgt=101 same_corr=1 start_to_right=0 start_lane_y=3.791 forward_heading=180.0deg reverse_end_dir=(0.0deg) desired_end_x=1.848 actual_end=(1.848,3.791) reverse_origin=(0.124,4.375) curve_start=(0.124,4.129) curve_pts=56 direct_ok=1[0m
[33m[WARN] [1788611566.177907452]: [planner][row1-debug] skeleton tgt=101 points=3 terminal_reverse=0 goal_lane_y=3.791 terminal_stop_y=4.100 final_ref_x=1.250[0m
[33m[WARN] [1788611566.178069972]: [planner][row1-debug] skeleton[0]=(1.848,3.791)[0m
[33m[WARN] [1788611566.178255202]: [planner][row1-debug] skeleton[1]=(1.250,3.791)[0m
[33m[WARN] [1788611566.178430124]: [planner][row1-debug] skeleton[2]=(1.250,4.301)[0m
[33m[WARN] [1788611566.178686219]: [planner][row1-debug] prepend enter src=0 row1_upper=0 raw_pts=212 a_rev=(0.124,4.301) b=(1.848,3.791) path_front=(1.848,3.791 180.0deg type=0)[0m
[33m[WARN] [1788611566.179135750]: [planner][row1-debug] route=B_TO_A1 debug_rev=row1_aux_lane_to_a1_v2 src=1 tgt=101 src_corr=1 tgt_corr=1 target=(1.250,4.100 th=90.0deg) mode=auto terminal_reverse=0 near_gap=0.584 far_gap=0.304 horiz=0.000 min_x=0.676[0m
[33m[WARN] [1788611566.179295262]: [planner][row1-debug] initial_reverse tgt=101 same_corr=1 start_to_right=0 start_lane_y=3.791 forward_heading=180.0deg reverse_end_dir=(0.0deg) desired_end_x=1.848 actual_end=(1.848,3.791) reverse_origin=(0.343,4.375) curve_start=(0.343,4.129) curve_pts=56 direct_ok=1[0m
[33m[WARN] [1788611566.179471384]: [planner][row1-debug] skeleton tgt=101 points=3 terminal_reverse=0 goal_lane_y=3.791 terminal_stop_y=4.100 final_ref_x=1.250[0m
[33m[WARN] [1788611566.179633593]: [planner][row1-debug] skeleton[0]=(1.848,3.791)[0m
[33m[WARN] [1788611566.179796131]: [planner][row1-debug] skeleton[1]=(1.250,3.791)[0m
[33m[WARN] [1788611566.179950061]: [planner][row1-debug] skeleton[2]=(1.250,4.301)[0m
[33m[WARN] [1788611566.180177492]: [planner][row1-debug] prepend enter src=1 row1_upper=0 raw_pts=190 a_rev=(0.343,4.301) b=(1.848,3.791) path_front=(1.848,3.791 180.0deg type=0)[0m
[33m[WARN] [1788611566.180521435]: [planner][row1-debug] route=B_TO_A1 debug_rev=row1_aux_lane_to_a1_v2 src=2 tgt=101 src_corr=1 tgt_corr=1 target=(1.250,4.100 th=90.0deg) mode=auto terminal_reverse=0 near_gap=0.584 far_gap=0.304 horiz=0.000 min_x=0.676[0m
[33m[WARN] [1788611566.180680597]: [planner][row1-debug] initial_reverse tgt=101 same_corr=1 start_to_right=1 start_lane_y=3.791 forward_heading=0.0deg reverse_end_dir=(180.0deg) desired_end_x=0.204 actual_end=(0.204,3.791) reverse_origin=(0.562,4.375) curve_start=(0.562,4.129) curve_pts=56 direct_ok=1[0m
[33m[WARN] [1788611566.180846771]: [planner][row1-debug] skeleton tgt=101 points=3 terminal_reverse=0 goal_lane_y=3.791 terminal_stop_y=4.100 final_ref_x=1.250[0m
[33m[WARN] [1788611566.181015459]: [planner][row1-debug] skeleton[0]=(0.204,3.791)[0m
[33m[WARN] [1788611566.181172597]: [planner][row1-debug] skeleton[1]=(1.250,3.791)[0m
[33m[WARN] [1788611566.181327873]: [planner][row1-debug] skeleton[2]=(1.250,4.301)[0m
[33m[WARN] [1788611566.181557628]: [planner][row1-debug] prepend enter src=2 row1_upper=0 raw_pts=76 a_rev=(0.562,4.301) b=(0.204,3.791) path_front=(0.204,3.791 0.0deg type=0)[0m
[33m[WARN] [1788611566.181846435]: [planner][row1-debug] route=B_TO_A1 debug_rev=row1_aux_lane_to_a1_v2 src=3 tgt=101 src_corr=1 tgt_corr=1 target=(1.250,4.100 th=90.0deg) mode=auto terminal_reverse=0 near_gap=0.584 far_gap=0.304 horiz=0.000 min_x=0.676[0m
[33m[WARN] [1788611566.182011678]: [planner][row1-debug] initial_reverse tgt=101 same_corr=1 start_to_right=1 start_lane_y=3.791 forward_heading=0.0deg reverse_end_dir=(180.0deg) desired_end_x=0.422 actual_end=(0.422,3.791) reverse_origin=(0.782,4.375) curve_start=(0.782,4.129) curve_pts=56 direct_ok=1[0m
[33m[WARN] [1788611566.182192570]: [planner][row1-debug] skeleton tgt=101 points=3 terminal_reverse=0 goal_lane_y=3.791 terminal_stop_y=4.100 final_ref_x=1.250[0m
[33m[WARN] [1788611566.182353245]: [planner][row1-debug] skeleton[0]=(0.422,3.791)[0m
[33m[WARN] [1788611566.182510422]: [planner][row1-debug] skeleton[1]=(1.250,3.791)[0m
[33m[WARN] [1788611566.182675423]: [planner][row1-debug] skeleton[2]=(1.250,4.301)[0m
[33m[WARN] [1788611566.182916440]: [planner][row1-debug] prepend enter src=3 row1_upper=0 raw_pts=76 a_rev=(0.782,4.301) b=(0.422,3.791) path_front=(0.422,3.791 0.0deg type=0)[0m
[33m[WARN] [1788611566.183198436]: [planner][row1-debug] route=B_TO_A1 debug_rev=row1_aux_lane_to_a1_v2 src=4 tgt=101 src_corr=1 tgt_corr=1 target=(1.250,4.100 th=90.0deg) mode=auto terminal_reverse=0 near_gap=0.584 far_gap=0.304 horiz=0.000 min_x=0.676[0m
[33m[WARN] [1788611566.183364691]: [planner][row1-debug] initial_reverse tgt=101 same_corr=1 start_to_right=1 start_lane_y=3.791 forward_heading=0.0deg reverse_end_dir=(180.0deg) desired_end_x=0.641 actual_end=(0.641,3.791) reverse_origin=(1.001,4.375) curve_start=(1.001,4.129) curve_pts=56 direct_ok=1[0m
[33m[WARN] [1788611566.183523620]: [planner][row1-debug] skeleton tgt=101 points=3 terminal_reverse=0 goal_lane_y=3.791 terminal_stop_y=4.100 final_ref_x=1.250[0m
[33m[WARN] [1788611566.183678956]: [planner][row1-debug] skeleton[0]=(0.641,3.791)[0m
[33m[WARN] [1788611566.183833297]: [planner][row1-debug] skeleton[1]=(1.250,3.791)[0m
[33m[WARN] [1788611566.183985967]: [planner][row1-debug] skeleton[2]=(1.250,4.301)[0m
[33m[WARN] [1788611566.184211303]: [planner][row1-debug] prepend enter src=4 row1_upper=0 raw_pts=76 a_rev=(1.001,4.301) b=(0.641,3.791) path_front=(0.641,3.791 0.0deg type=0)[0m
[33m[WARN] [1788611566.184490142]: [planner][row1-debug] route=B_TO_A1 debug_rev=row1_aux_lane_to_a1_v2 src=5 tgt=101 src_corr=1 tgt_corr=1 target=(1.250,4.100 th=90.0deg) mode=auto terminal_reverse=0 near_gap=0.584 far_gap=0.304 horiz=0.000 min_x=0.676[0m
[33m[WARN] [1788611566.184644784]: [planner][row1-debug] initial_reverse tgt=101 same_corr=1 start_to_right=0 start_lane_y=3.791 forward_heading=180.0deg reverse_end_dir=(0.0deg) desired_end_x=1.859 actual_end=(1.859,3.791) reverse_origin=(1.499,4.375) curve_start=(1.499,4.129) curve_pts=56 direct_ok=1[0m
[33m[WARN] [1788611566.184857909]: [planner][row1-debug] skeleton tgt=101 points=3 terminal_reverse=0 goal_lane_y=3.791 terminal_stop_y=4.100 final_ref_x=1.250[0m
[33m[WARN] [1788611566.185008943]: [planner][row1-debug] skeleton[0]=(1.859,3.791)[0m
[33m[WARN] [1788611566.185164179]: [planner][row1-debug] skeleton[1]=(1.250,3.791)[0m
[33m[WARN] [1788611566.185315574]: [planner][row1-debug] skeleton[2]=(1.250,4.301)[0m
[33m[WARN] [1788611566.185543107]: [planner][row1-debug] prepend enter src=5 row1_upper=0 raw_pts=76 a_rev=(1.499,4.301) b=(1.859,3.791) path_front=(1.859,3.791 180.0deg type=0)[0m
[33m[WARN] [1788611566.185815872]: [planner][row1-debug] route=B_TO_A1 debug_rev=row1_aux_lane_to_a1_v2 src=6 tgt=101 src_corr=1 tgt_corr=1 target=(1.250,4.100 th=90.0deg) mode=auto terminal_reverse=0 near_gap=0.584 far_gap=0.304 horiz=0.000 min_x=0.676[0m
[33m[WARN] [1788611566.185968954]: [planner][row1-debug] initial_reverse tgt=101 same_corr=1 start_to_right=0 start_lane_y=3.791 forward_heading=180.0deg reverse_end_dir=(0.0deg) desired_end_x=2.078 actual_end=(2.078,3.791) reverse_origin=(1.718,4.375) curve_start=(1.718,4.129) curve_pts=56 direct_ok=1[0m
[33m[WARN] [1788611566.186128604]: [planner][row1-debug] skeleton tgt=101 points=3 terminal_reverse=0 goal_lane_y=3.791 terminal_stop_y=4.100 final_ref_x=1.250[0m
[33m[WARN] [1788611566.186285283]: [planner][row1-debug] skeleton[0]=(2.078,3.791)[0m
[33m[WARN] [1788611566.186446006]: [planner][row1-debug] skeleton[1]=(1.250,3.791)[0m
[33m[WARN] [1788611566.186597134]: [planner][row1-debug] skeleton[2]=(1.250,4.301)[0m
[33m[WARN] [1788611566.186840012]: [planner][row1-debug] prepend enter src=6 row1_upper=0 raw_pts=76 a_rev=(1.718,4.301) b=(2.078,3.791) path_front=(2.078,3.791 180.0deg type=0)[0m
[33m[WARN] [1788611566.187123150]: [planner][row1-debug] route=B_TO_A1 debug_rev=row1_aux_lane_to_a1_v2 src=7 tgt=101 src_corr=1 tgt_corr=1 target=(1.250,4.100 th=90.0deg) mode=auto terminal_reverse=0 near_gap=0.584 far_gap=0.304 horiz=0.000 min_x=0.676[0m
[33m[WARN] [1788611566.187278483]: [planner][row1-debug] initial_reverse tgt=101 same_corr=1 start_to_right=0 start_lane_y=3.791 forward_heading=180.0deg reverse_end_dir=(0.0deg) desired_end_x=2.296 actual_end=(2.296,3.791) reverse_origin=(1.938,4.375) curve_start=(1.938,4.129) curve_pts=56 direct_ok=1[0m
[33m[WARN] [1788611566.187434129]: [planner][row1-debug] skeleton tgt=101 points=3 terminal_reverse=0 goal_lane_y=3.791 terminal_stop_y=4.100 final_ref_x=1.250[0m
[33m[WARN] [1788611566.187581837]: [planner][row1-debug] skeleton[0]=(2.296,3.791)[0m
[33m[WARN] [1788611566.187732484]: [planner][row1-debug] skeleton[1]=(1.250,3.791)[0m
[33m[WARN] [1788611566.187883759]: [planner][row1-debug] skeleton[2]=(1.250,4.301)[0m
[33m[WARN] [1788611566.188112725]: [planner][row1-debug] prepend enter src=7 row1_upper=0 raw_pts=76 a_rev=(1.938,4.301) b=(2.296,3.791) path_front=(2.296,3.791 180.0deg type=0)[0m
[33m[WARN] [1788611566.188385460]: [planner][row1-debug] route=B_TO_A1 debug_rev=row1_aux_lane_to_a1_v2 src=8 tgt=101 src_corr=1 tgt_corr=1 target=(1.250,4.100 th=90.0deg) mode=auto terminal_reverse=0 near_gap=0.584 far_gap=0.304 horiz=0.000 min_x=0.676[0m
[33m[WARN] [1788611566.188540375]: [planner][row1-debug] initial_reverse tgt=101 same_corr=1 start_to_right=1 start_lane_y=3.791 forward_heading=0.0deg reverse_end_dir=(180.0deg) desired_end_x=0.652 actual_end=(0.652,3.791) reverse_origin=(2.157,4.375) curve_start=(2.157,4.129) curve_pts=56 direct_ok=1[0m
[33m[WARN] [1788611566.188694725]: [planner][row1-debug] skeleton tgt=101 points=3 terminal_reverse=0 goal_lane_y=3.791 terminal_stop_y=4.100 final_ref_x=1.250[0m
[33m[WARN] [1788611566.188848048]: [planner][row1-debug] skeleton[0]=(0.652,3.791)[0m
[33m[WARN] [1788611566.189016856]: [planner][row1-debug] skeleton[1]=(1.250,3.791)[0m
[33m[WARN] [1788611566.189199223]: [planner][row1-debug] skeleton[2]=(1.250,4.301)[0m
[33m[WARN] [1788611566.189469473]: [planner][row1-debug] prepend enter src=8 row1_upper=0 raw_pts=190 a_rev=(2.157,4.301) b=(0.652,3.791) path_front=(0.652,3.791 0.0deg type=0)[0m
[33m[WARN] [1788611566.189780384]: [planner][row1-debug] route=B_TO_A1 debug_rev=row1_aux_lane_to_a1_v2 src=9 tgt=101 src_corr=1 tgt_corr=1 target=(1.250,4.100 th=90.0deg) mode=auto terminal_reverse=0 near_gap=0.584 far_gap=0.304 horiz=0.000 min_x=0.676[0m
[33m[WARN] [1788611566.189959433]: [planner][row1-debug] initial_reverse tgt=101 same_corr=1 start_to_right=1 start_lane_y=3.791 forward_heading=0.0deg reverse_end_dir=(180.0deg) desired_end_x=0.652 actual_end=(0.652,3.791) reverse_origin=(2.376,4.375) curve_start=(2.376,4.129) curve_pts=56 direct_ok=1[0m
[33m[WARN] [1788611566.190123814]: [planner][row1-debug] skeleton tgt=101 points=3 terminal_reverse=0 goal_lane_y=3.791 terminal_stop_y=4.100 final_ref_x=1.250[0m
[33m[WARN] [1788611566.190329692]: [planner][row1-debug] skeleton[0]=(0.652,3.791)[0m
[33m[WARN] [1788611566.190489547]: [planner][row1-debug] skeleton[1]=(1.250,3.791)[0m
[33m[WARN] [1788611566.190647905]: [planner][row1-debug] skeleton[2]=(1.250,4.301)[0m
[33m[WARN] [1788611566.190888502]: [planner][row1-debug] prepend enter src=9 row1_upper=0 raw_pts=212 a_rev=(2.376,4.301) b=(0.652,3.791) path_front=(0.652,3.791 0.0deg type=0)[0m
[33m[WARN] [1788611566.191171397]: [planner][row1-debug] route=B_TO_A1 debug_rev=row1_aux_lane_to_a1_v2 src=10 tgt=101 src_corr=1 tgt_corr=1 target=(1.250,4.100 th=90.0deg) mode=auto terminal_reverse=0 near_gap=0.584 far_gap=0.304 horiz=0.000 min_x=0.676[0m
[33m[WARN] [1788611566.191331131]: [planner][row1-debug] row1-upper first lane to A1 src=10 lower=3.791 upper=4.071 start_lane_y=4.071 source_rear_y=3.579[0m
[33m[WARN] [1788611566.191499919]: [planner][row1-debug] initial_reverse tgt=101 same_corr=1 start_to_right=1 start_lane_y=4.071 forward_heading=0.0deg reverse_end_dir=(180.0deg) desired_end_x=0.706 actual_end=(0.353,4.071) reverse_origin=(0.706,3.579) curve_start=(0.706,3.717) curve_pts=52 direct_ok=0[0m
[33m[WARN] [1788611566.191665194]: [planner][row1-debug] skeleton tgt=101 points=3 terminal_reverse=0 goal_lane_y=4.071 terminal_stop_y=4.100 final_ref_x=1.250[0m
[33m[WARN] [1788611566.191819695]: [planner][row1-debug] skeleton[0]=(0.353,4.071)[0m
[33m[WARN] [1788611566.191980932]: [planner][row1-debug] skeleton[1]=(1.250,4.071)[0m
[33m[WARN] [1788611566.192140863]: [planner][row1-debug] skeleton[2]=(1.250,4.301)[0m
[33m[WARN] [1788611566.192340763]: [planner][row1-debug] exact A1 lane using terminal-constrained G2 fallback src=10 din=-1 t_in=0.300 t_out=0.300 mt_port=0.300 available_out=0.300 rear_stop_y=4.301 max_safe_rear_y=4.311[0m
[33m[WARN] [1788611566.192511124]: [planner][row1-debug] row1-upper full road to A1 S0=(0.706,3.579) S1=(0.706,4.071) S2=(1.865,4.071) S3=(1.865,3.370) S4=(1.865,3.791) S5=(1.250,3.791) S6=(1.250,4.301) r=(0.221,0.189) pts=360[0m
[33m[WARN] [1788611566.192722976]: [planner][row1-debug] route=A1_TO_B src=101 tgt=10 src_corr=1 tgt_corr=1 target=(0.706,3.761 th=-90.0deg) mode=auto terminal_reverse=0 near_gap=0.491 far_gap=0.211 horiz=0.544 min_x=0.676[0m
[33m[WARN] [1788611566.192880716]: [planner][row1-debug] row1-upper direct lane tgt=10 lower=3.791 upper=4.071 connector_mid_y=3.370[0m
[33m[WARN] [1788611566.193055146]: [planner][row1-debug] initial_reverse tgt=10 same_corr=1 start_to_right=0 start_lane_y=3.370 forward_heading=180.0deg reverse_end_dir=(0.0deg) desired_end_x=1.865 actual_end=(1.865,3.370) curve_start=(1.250,3.709) curve_pts=56 direct_ok=1[0m
[33m[WARN] [1788611566.193216430]: [planner][row1-debug] skeleton tgt=10 points=4 terminal_reverse=0 goal_lane_y=4.071 terminal_stop_y=3.761 final_ref_x=1.250[0m
[33m[WARN] [1788611566.193371375]: [planner][row1-debug] skeleton[0]=(1.865,3.370)[0m
[33m[WARN] [1788611566.193525826]: [planner][row1-debug] skeleton[1]=(1.865,4.071)[0m
[33m[WARN] [1788611566.193683056]: [planner][row1-debug] skeleton[2]=(0.706,4.071)[0m
[33m[WARN] [1788611566.193838178]: [planner][row1-debug] skeleton[3]=(0.706,3.579)[0m
[33m[WARN] [1788611566.194046003]: [planner][row1-debug] row1-upper reverse road a_rev=(1.250,4.301) second=(1.250,3.791)->(1.865,3.791) s0=(1.865,3.370) r=0.189 len=(0.511,0.615,0.420) pts=142 front_theta=90.0deg[0m
[33m[WARN] [1788611566.194258484]: [planner][row1-debug] route=B_TO_A1 debug_rev=row1_aux_lane_to_a1_v2 src=11 tgt=101 src_corr=2 tgt_corr=1 target=(1.250,4.100 th=90.0deg) mode=auto terminal_reverse=0 near_gap=0.584 far_gap=0.304 horiz=0.000 min_x=0.676[0m
[33m[WARN] [1788611566.194412215]: [planner][row1-debug] initial_reverse tgt=101 same_corr=0 start_to_right=0 start_lane_y=2.670 forward_heading=180.0deg reverse_end_dir=(0.0deg) desired_end_x=1.066 actual_end=(1.066,2.670) reverse_origin=(0.706,3.235) curve_start=(0.706,3.009) curve_pts=56 direct_ok=1[0m
[33m[WARN] [1788611566.194562630]: [planner][row1-debug] skeleton tgt=101 points=5 terminal_reverse=0 goal_lane_y=3.791 terminal_stop_y=4.100 final_ref_x=1.250[0m
[33m[WARN] [1788611566.194721202]: [planner][row1-debug] skeleton[0]=(1.066,2.670)[0m
[33m[WARN] [1788611566.194880132]: [planner][row1-debug] skeleton[1]=(0.435,2.670)[0m
[33m[WARN] [1788611566.195035708]: [planner][row1-debug] skeleton[2]=(0.435,3.791)[0m
[33m[WARN] [1788611566.195189309]: [planner][row1-debug] skeleton[3]=(1.250,3.791)[0m
[33m[WARN] [1788611566.195336676]: [planner][row1-debug] skeleton[4]=(1.250,4.301)[0m
[33m[WARN] [1788611566.195487464]: [planner][row1-debug] lane_shift skipped tgt=101 j=2 terminal A1 connector keeps full vertical segment[0m
[33m[WARN] [1788611566.195790216]: [planner][row1-debug] prepend enter src=11 row1_upper=0 raw_pts=74 a_rev=(0.706,3.161) b=(1.066,2.670) path_front=(1.066,2.670 180.0deg type=0)[0m
[33m[WARN] [1788611566.196212758]: [planner][row1-debug] route=B_TO_A1 debug_rev=row1_aux_lane_to_a1_v2 src=12 tgt=101 src_corr=1 tgt_corr=1 target=(1.250,4.100 th=90.0deg) mode=auto terminal_reverse=0 near_gap=0.584 far_gap=0.304 horiz=0.000 min_x=0.676[0m
[33m[WARN] [1788611566.196375706]: [planner][row1-debug] row1-upper first lane to A1 src=12 lower=3.791 upper=4.071 start_lane_y=4.071 source_rear_y=3.579[0m
[33m[WARN] [1788611566.196542781]: [planner][row1-debug] initial_reverse tgt=101 same_corr=1 start_to_right=1 start_lane_y=4.071 forward_heading=0.0deg reverse_end_dir=(180.0deg) desired_end_x=0.928 actual_end=(0.574,4.071) reverse_origin=(0.928,3.579) curve_start=(0.928,3.717) curve_pts=52 direct_ok=0[0m
[33m[WARN] [1788611566.196717404]: [planner][row1-debug] skeleton tgt=101 points=3 terminal_reverse=0 goal_lane_y=4.071 terminal_stop_y=4.100 final_ref_x=1.250[0m
[33m[WARN] [1788611566.196877335]: [planner][row1-debug] skeleton[0]=(0.574,4.071)[0m
[33m[WARN] [1788611566.197048190]: [planner][row1-debug] skeleton[1]=(1.250,4.071)[0m
[33m[WARN] [1788611566.197207731]: [planner][row1-debug] skeleton[2]=(1.250,4.301)[0m
[33m[WARN] [1788611566.197405475]: [planner][row1-debug] exact A1 lane using terminal-constrained G2 fallback src=12 din=-1 t_in=0.300 t_out=0.300 mt_port=0.300 available_out=0.300 rear_stop_y=4.301 max_safe_rear_y=4.311[0m
[33m[WARN] [1788611566.197600104]: [planner][row1-debug] row1-upper full road to A1 S0=(0.928,3.579) S1=(0.928,4.071) S2=(1.865,4.071) S3=(1.865,3.370) S4=(1.865,3.791) S5=(1.250,3.791) S6=(1.250,4.301) r=(0.221,0.189) pts=338[0m
[33m[WARN] [1788611566.197827124]: [planner][row1-debug] route=A1_TO_B src=101 tgt=12 src_corr=1 tgt_corr=1 target=(0.928,3.761 th=-90.0deg) mode=auto terminal_reverse=0 near_gap=0.491 far_gap=0.211 horiz=0.358 min_x=0.676[0m
[33m[WARN] [1788611566.197977919]: [planner][row1-debug] row1-upper direct lane tgt=12 lower=3.791 upper=4.071 connector_mid_y=3.370[0m
[33m[WARN] [1788611566.198129717]: [planner][row1-debug] initial_reverse tgt=12 same_corr=1 start_to_right=0 start_lane_y=3.370 forward_heading=180.0deg reverse_end_dir=(0.0deg) desired_end_x=1.865 actual_end=(1.865,3.370) curve_start=(1.250,3.709) curve_pts=56 direct_ok=1[0m
[33m[WARN] [1788611566.198285071]: [planner][row1-debug] skeleton tgt=12 points=4 terminal_reverse=0 goal_lane_y=4.071 terminal_stop_y=3.761 final_ref_x=1.286[0m
[33m[WARN] [1788611566.198439644]: [planner][row1-debug] skeleton[0]=(1.865,3.370)[0m
[33m[WARN] [1788611566.198587093]: [planner][row1-debug] skeleton[1]=(1.865,4.071)[0m
[33m[WARN] [1788611566.198741516]: [planner][row1-debug] skeleton[2]=(0.928,4.071)[0m
[33m[WARN] [1788611566.198888715]: [planner][row1-debug] skeleton[3]=(0.928,3.579)[0m
[33m[WARN] [1788611566.199232055]: [planner][row1-debug] row1-upper reverse road a_rev=(1.250,4.301) second=(1.250,3.791)->(1.865,3.791) s0=(1.865,3.370) r=0.189 len=(0.511,0.615,0.420) pts=142 front_theta=90.0deg[0m
[33m[WARN] [1788611566.199444427]: [planner][row1-debug] route=B_TO_A1 debug_rev=row1_aux_lane_to_a1_v2 src=13 tgt=101 src_corr=2 tgt_corr=1 target=(1.250,4.100 th=90.0deg) mode=auto terminal_reverse=0 near_gap=0.584 far_gap=0.304 horiz=0.000 min_x=0.676[0m
[33m[WARN] [1788611566.199609931]: [planner][row1-debug] initial_reverse tgt=101 same_corr=0 start_to_right=0 start_lane_y=2.670 forward_heading=180.0deg reverse_end_dir=(0.0deg) desired_end_x=1.288 actual_end=(1.288,2.670) reverse_origin=(0.928,3.235) curve_start=(0.928,3.009) curve_pts=56 direct_ok=1[0m
[33m[WARN] [1788611566.199756398]: [planner][row1-debug] skeleton tgt=101 points=5 terminal_reverse=0 goal_lane_y=3.791 terminal_stop_y=4.100 final_ref_x=1.250[0m
[33m[WARN] [1788611566.199911442]: [planner][row1-debug] skeleton[0]=(1.288,2.670)[0m
[33m[WARN] [1788611566.200056216]: [planner][row1-debug] skeleton[1]=(0.435,2.670)[0m
[33m[WARN] [1788611566.200209967]: [planner][row1-debug] skeleton[2]=(0.435,3.791)[0m
[33m[WARN] [1788611566.200354681]: [planner][row1-debug] skeleton[3]=(1.250,3.791)[0m
[33m[WARN] [1788611566.200503293]: [planner][row1-debug] skeleton[4]=(1.250,4.301)[0m
[33m[WARN] [1788611566.200650622]: [planner][row1-debug] lane_shift skipped tgt=101 j=2 terminal A1 connector keeps full vertical segment[0m
[33m[WARN] [1788611566.200967823]: [planner][row1-debug] prepend enter src=13 row1_upper=0 raw_pts=74 a_rev=(0.928,3.161) b=(1.288,2.670) path_front=(1.288,2.670 180.0deg type=0)[0m
[33m[WARN] [1788611566.201310342]: [planner][row1-debug] route=B_TO_A1 debug_rev=row1_aux_lane_to_a1_v2 src=14 tgt=101 src_corr=1 tgt_corr=1 target=(1.250,4.100 th=90.0deg) mode=auto terminal_reverse=0 near_gap=0.584 far_gap=0.304 horiz=0.000 min_x=0.676[0m
[33m[WARN] [1788611566.201460125]: [planner][row1-debug] row1-upper first lane to A1 src=14 lower=3.791 upper=4.071 start_lane_y=4.071 source_rear_y=3.579[0m
[33m[WARN] [1788611566.201621102]: [planner][row1-debug] initial_reverse tgt=101 same_corr=1 start_to_right=1 start_lane_y=4.071 forward_heading=0.0deg reverse_end_dir=(180.0deg) desired_end_x=1.150 actual_end=(0.796,4.071) reverse_origin=(1.150,3.579) curve_start=(1.150,3.717) curve_pts=52 direct_ok=0[0m
[33m[WARN] [1788611566.201771355]: [planner][row1-debug] skeleton tgt=101 points=3 terminal_reverse=0 goal_lane_y=4.071 terminal_stop_y=4.100 final_ref_x=1.250[0m
[33m[WARN] [1788611566.201925448]: [planner][row1-debug] skeleton[0]=(0.796,4.071)[0m
[33m[WARN] [1788611566.202075251]: [planner][row1-debug] skeleton[1]=(1.250,4.071)[0m
[33m[WARN] [1788611566.202227549]: [planner][row1-debug] skeleton[2]=(1.250,4.301)[0m
[33m[WARN] [1788611566.202420605]: [planner][row1-debug] exact A1 lane using terminal-constrained G2 fallback src=14 din=-1 t_in=0.300 t_out=0.300 mt_port=0.300 available_out=0.300 rear_stop_y=4.301 max_safe_rear_y=4.311[0m
[33m[WARN] [1788611566.202603471]: [planner][row1-debug] row1-upper full road to A1 S0=(1.150,3.579) S1=(1.150,4.071) S2=(1.865,4.071) S3=(1.865,3.370) S4=(1.865,3.791) S5=(1.250,3.791) S6=(1.250,4.301) r=(0.221,0.189) pts=316[0m
[33m[WARN] [1788611566.202814862]: [planner][row1-debug] route=A1_TO_B src=101 tgt=14 src_corr=1 tgt_corr=1 target=(1.150,3.761 th=-90.0deg) mode=auto terminal_reverse=0 near_gap=0.491 far_gap=0.211 horiz=0.358 min_x=0.676[0m
[33m[WARN] [1788611566.202963183]: [planner][row1-debug] row1-upper direct lane tgt=14 lower=3.791 upper=4.071 connector_mid_y=3.370[0m
[33m[WARN] [1788611566.203128586]: [planner][row1-debug] initial_reverse tgt=14 same_corr=1 start_to_right=0 start_lane_y=3.370 forward_heading=180.0deg reverse_end_dir=(0.0deg) desired_end_x=1.865 actual_end=(1.865,3.370) curve_start=(1.250,3.709) curve_pts=56 direct_ok=1[0m
[33m[WARN] [1788611566.203273901]: [planner][row1-debug] skeleton tgt=14 points=4 terminal_reverse=0 goal_lane_y=4.071 terminal_stop_y=3.761 final_ref_x=1.508[0m
[33m[WARN] [1788611566.203424767]: [planner][row1-debug] skeleton[0]=(1.865,3.370)[0m
[33m[WARN] [1788611566.203570513]: [planner][row1-debug] skeleton[1]=(1.865,4.071)[0m
[33m[WARN] [1788611566.203717111]: [planner][row1-debug] skeleton[2]=(1.150,4.071)[0m
[33m[WARN] [1788611566.203859971]: [planner][row1-debug] skeleton[3]=(1.150,3.579)[0m
[33m[WARN] [1788611566.204130133]: [planner][row1-debug] clothoid infeasible tgt=14 j=1 p=(1.865, 4.071) prev=(1.865, 3.370) next=(1.150, 4.071) prev_len=0.700 next_len=0.715 limit=0.309[0m
[33m[WARN] [1788611566.204275428]: [planner] slot 14: using local arc fallback only at infeasible turns; accepted lane shifts and clothoids are preserved[0m
[33m[WARN] [1788611566.204431223]: [planner][row1-debug] local arc fallback tgt=14 j=1 radius=0.300 max_radius=0.300 pts=49[0m
[33m[WARN] [1788611566.204603071]: [planner][row1-debug] row1-upper reverse road a_rev=(1.250,4.301) second=(1.250,3.791)->(1.865,3.791) s0=(1.865,3.370) r=0.189 len=(0.511,0.615,0.420) pts=142 front_theta=90.0deg[0m
[33m[WARN] [1788611566.204810742]: [planner][row1-debug] route=B_TO_A1 debug_rev=row1_aux_lane_to_a1_v2 src=15 tgt=101 src_corr=2 tgt_corr=1 target=(1.250,4.100 th=90.0deg) mode=auto terminal_reverse=0 near_gap=0.584 far_gap=0.304 horiz=0.000 min_x=0.676[0m
[33m[WARN] [1788611566.205004140]: [planner][row1-debug] initial_reverse tgt=101 same_corr=0 start_to_right=0 start_lane_y=2.670 forward_heading=180.0deg reverse_end_dir=(0.0deg) desired_end_x=1.510 actual_end=(1.510,2.670) reverse_origin=(1.150,3.235) curve_start=(1.150,3.009) curve_pts=56 direct_ok=1[0m
[33m[WARN] [1788611566.205162178]: [planner][row1-debug] skeleton tgt=101 points=5 terminal_reverse=0 goal_lane_y=3.791 terminal_stop_y=4.100 final_ref_x=1.250[0m
[33m[WARN] [1788611566.205311651]: [planner][row1-debug] skeleton[0]=(1.510,2.670)[0m
[33m[WARN] [1788611566.205466054]: [planner][row1-debug] skeleton[1]=(0.435,2.670)[0m
[33m[WARN] [1788611566.205613303]: [planner][row1-debug] skeleton[2]=(0.435,3.791)[0m
[33m[WARN] [1788611566.205754470]: [planner][row1-debug] skeleton[3]=(1.250,3.791)[0m
[33m[WARN] [1788611566.205963177]: [planner][row1-debug] skeleton[4]=(1.250,4.301)[0m
[33m[WARN] [1788611566.206141874]: [planner][row1-debug] lane_shift skipped tgt=101 j=2 terminal A1 connector keeps full vertical segment[0m
[33m[WARN] [1788611566.206437734]: [planner][row1-debug] prepend enter src=15 row1_upper=0 raw_pts=74 a_rev=(1.150,3.161) b=(1.510,2.670) path_front=(1.510,2.670 180.0deg type=0)[0m
[33m[WARN] [1788611566.206785924]: [planner][row1-debug] route=B_TO_A1 debug_rev=row1_aux_lane_to_a1_v2 src=16 tgt=101 src_corr=1 tgt_corr=1 target=(1.250,4.100 th=90.0deg) mode=auto terminal_reverse=0 near_gap=0.584 far_gap=0.304 horiz=0.000 min_x=0.676[0m
[33m[WARN] [1788611566.206949283]: [planner][row1-debug] row1-upper first lane to A1 src=16 lower=3.791 upper=4.071 start_lane_y=4.071 source_rear_y=3.579[0m
[33m[WARN] [1788611566.207103936]: [planner][row1-debug] initial_reverse tgt=101 same_corr=1 start_to_right=0 start_lane_y=4.071 forward_heading=180.0deg reverse_end_dir=(0.0deg) desired_end_x=1.372 actual_end=(1.726,4.071) reverse_origin=(1.372,3.579) curve_start=(1.372,3.717) curve_pts=52 direct_ok=0[0m
[33m[WARN] [1788611566.207252407]: [planner][row1-debug] skeleton tgt=101 points=3 terminal_reverse=0 goal_lane_y=4.071 terminal_stop_y=4.100 final_ref_x=1.250[0m
[33m[WARN] [1788611566.207409595]: [planner][row1-debug] skeleton[0]=(1.726,4.071)[0m
[33m[WARN] [1788611566.207552275]: [planner][row1-debug] skeleton[1]=(1.250,4.071)[0m
[33m[WARN] [1788611566.207699805]: [planner][row1-debug] skeleton[2]=(1.250,4.301)[0m
[33m[WARN] [1788611566.207882972]: [planner][row1-debug] exact A1 lane using terminal-constrained G2 fallback src=16 din=1 t_in=0.300 t_out=0.300 mt_port=0.300 available_out=0.300 rear_stop_y=4.301 max_safe_rear_y=4.311[0m
[33m[WARN] [1788611566.208059085]: [planner][row1-debug] row1-upper full road to A1 S0=(1.372,3.579) S1=(1.372,4.071) S2=(0.435,4.071) S3=(0.435,3.370) S4=(0.435,3.791) S5=(1.250,3.791) S6=(1.250,4.301) r=(0.221,0.189) pts=358[0m
[33m[WARN] [1788611566.208265657]: [planner][row1-debug] route=A1_TO_B src=101 tgt=16 src_corr=1 tgt_corr=1 target=(1.372,3.761 th=-90.0deg) mode=auto terminal_reverse=0 near_gap=0.211 far_gap=0.491 horiz=0.358 min_x=0.676[0m
[33m[WARN] [1788611566.208418426]: [planner][row1-debug] row1-upper direct lane tgt=16 lower=3.791 upper=4.071 connector_mid_y=3.370[0m
[33m[WARN] [1788611566.208564422]: [planner][row1-debug] initial_reverse tgt=16 same_corr=1 start_to_right=1 start_lane_y=3.370 forward_heading=0.0deg reverse_end_dir=(180.0deg) desired_end_x=0.435 actual_end=(0.435,3.370) curve_start=(1.250,3.709) curve_pts=56 direct_ok=1[0m
[33m[WARN] [1788611566.208716641]: [planner][row1-debug] skeleton tgt=16 points=4 terminal_reverse=0 goal_lane_y=4.071 terminal_stop_y=3.761 final_ref_x=1.014[0m
[33m[WARN] [1788611566.208858710]: [planner][row1-debug] skeleton[0]=(0.435,3.370)[0m
[33m[WARN] [1788611566.209008393]: [planner][row1-debug] skeleton[1]=(0.435,4.071)[0m
[33m[WARN] [1788611566.209156043]: [planner][row1-debug] skeleton[2]=(1.372,4.071)[0m
[33m[WARN] [1788611566.209307841]: [planner][row1-debug] skeleton[3]=(1.372,3.579)[0m
[33m[WARN] [1788611566.209639629]: [planner][row1-debug] row1-upper reverse road a_rev=(1.250,4.301) second=(1.250,3.791)->(0.435,3.791) s0=(0.435,3.370) r=0.189 len=(0.511,0.815,0.420) pts=162 front_theta=90.0deg[0m
[33m[WARN] [1788611566.209860589]: [planner][row1-debug] route=B_TO_A1 debug_rev=row1_aux_lane_to_a1_v2 src=17 tgt=101 src_corr=2 tgt_corr=1 target=(1.250,4.100 th=90.0deg) mode=auto terminal_reverse=0 near_gap=0.584 far_gap=0.304 horiz=0.000 min_x=0.676[0m
[33m[WARN] [1788611566.210015070]: [planner][row1-debug] initial_reverse tgt=101 same_corr=0 start_to_right=1 start_lane_y=2.670 forward_heading=0.0deg reverse_end_dir=(180.0deg) desired_end_x=1.012 actual_end=(1.012,2.670) reverse_origin=(1.372,3.235) curve_start=(1.372,3.009) curve_pts=56 direct_ok=1[0m
[33m[WARN] [1788611566.210175334]: [planner][row1-debug] skeleton tgt=101 points=5 terminal_reverse=0 goal_lane_y=3.791 terminal_stop_y=4.100 final_ref_x=1.250[0m
[33m[WARN] [1788611566.210322633]: [planner][row1-debug] skeleton[0]=(1.012,2.670)[0m
[33m[WARN] [1788611566.210472016]: [planner][row1-debug] skeleton[1]=(1.865,2.670)[0m
[33m[WARN] [1788611566.210614466]: [planner][row1-debug] skeleton[2]=(1.865,3.791)[0m
[33m[WARN] [1788611566.210761204]: [planner][row1-debug] skeleton[3]=(1.250,3.791)[0m
[33m[WARN] [1788611566.210903162]: [planner][row1-debug] skeleton[4]=(1.250,4.301)[0m
[33m[WARN] [1788611566.211056733]: [planner][row1-debug] lane_shift skipped tgt=101 j=2 terminal A1 connector keeps full vertical segment[0m
[33m[WARN] [1788611566.212507443]: [planner][row1-debug] clothoid infeasible tgt=101 j=2 p=(1.865, 3.791) prev=(1.865, 2.670) next=(1.250, 3.791) prev_len=1.120 next_len=0.615 limit=0.260[0m
[33m[WARN] [1788611566.212669518]: [planner][row1-debug] clothoid infeasible tgt=101 j=3 p=(1.250, 3.791) prev=(1.865, 3.791) next=(1.250, 4.301) prev_len=0.615 next_len=0.511 limit=0.345[0m
[33m[WARN] [1788611566.212830094]: [planner] slot 101: using local arc fallback only at infeasible turns; accepted lane shifts and clothoids are preserved[0m
[33m[WARN] [1788611566.212999445]: [planner][row1-debug] local arc fallback tgt=101 j=2 radius=0.277 max_radius=0.277 pts=45[0m
[33m[WARN] [1788611566.213150922]: [planner][row1-debug] local arc fallback tgt=101 j=3 radius=0.230 max_radius=0.230 pts=41[0m
[33m[WARN] [1788611566.213303911]: [planner][row1-debug] prepend enter src=17 row1_upper=0 raw_pts=74 a_rev=(1.372,3.161) b=(1.012,2.670) path_front=(1.012,2.670 0.0deg type=0)[0m
[33m[WARN] [1788611566.213641650]: [planner][row1-debug] route=B_TO_A1 debug_rev=row1_aux_lane_to_a1_v2 src=18 tgt=101 src_corr=1 tgt_corr=1 target=(1.250,4.100 th=90.0deg) mode=auto terminal_reverse=0 near_gap=0.584 far_gap=0.304 horiz=0.000 min_x=0.676[0m
[33m[WARN] [1788611566.213794040]: [planner][row1-debug] row1-upper first lane to A1 src=18 lower=3.791 upper=4.071 start_lane_y=4.071 source_rear_y=3.579[0m
[33m[WARN] [1788611566.213946218]: [planner][row1-debug] initial_reverse tgt=101 same_corr=1 start_to_right=0 start_lane_y=4.071 forward_heading=180.0deg reverse_end_dir=(0.0deg) desired_end_x=1.594 actual_end=(1.947,4.071) reverse_origin=(1.594,3.579) curve_start=(1.594,3.717) curve_pts=52 direct_ok=0[0m
[33m[WARN] [1788611566.214106712]: [planner][row1-debug] skeleton tgt=101 points=3 terminal_reverse=0 goal_lane_y=4.071 terminal_stop_y=4.100 final_ref_x=1.250[0m
[33m[WARN] [1788611566.214261323]: [planner][row1-debug] skeleton[0]=(1.947,4.071)[0m
[33m[WARN] [1788611566.214411299]: [planner][row1-debug] skeleton[1]=(1.250,4.071)[0m
[33m[WARN] [1788611566.214556945]: [planner][row1-debug] skeleton[2]=(1.250,4.301)[0m
[33m[WARN] [1788611566.214747847]: [planner][row1-debug] exact A1 lane using terminal-constrained G2 fallback src=18 din=1 t_in=0.300 t_out=0.300 mt_port=0.300 available_out=0.300 rear_stop_y=4.301 max_safe_rear_y=4.311[0m
[33m[WARN] [1788611566.214919532]: [planner][row1-debug] row1-upper full road to A1 S0=(1.594,3.579) S1=(1.594,4.071) S2=(0.435,4.071) S3=(0.435,3.370) S4=(0.435,3.791) S5=(1.250,3.791) S6=(1.250,4.301) r=(0.221,0.189) pts=380[0m
[33m[WARN] [1788611566.215167029]: [planner][row1-debug] route=A1_TO_B src=101 tgt=18 src_corr=1 tgt_corr=1 target=(1.594,3.761 th=-90.0deg) mode=auto terminal_reverse=0 near_gap=0.211 far_gap=0.491 horiz=0.358 min_x=0.676[0m
[33m[WARN] [1788611566.215327204]: [planner][row1-debug] row1-upper direct lane tgt=18 lower=3.791 upper=4.071 connector_mid_y=3.370[0m
[33m[WARN] [1788611566.215483931]: [planner][row1-debug] initial_reverse tgt=18 same_corr=1 start_to_right=1 start_lane_y=3.370 forward_heading=0.0deg reverse_end_dir=(180.0deg) desired_end_x=0.435 actual_end=(0.435,3.370) curve_start=(1.250,3.709) curve_pts=56 direct_ok=1[0m
[33m[WARN] [1788611566.215637921]: [planner][row1-debug] skeleton tgt=18 points=4 terminal_reverse=0 goal_lane_y=4.071 terminal_stop_y=3.761 final_ref_x=1.235[0m
[33m[WARN] [1788611566.215784280]: [planner][row1-debug] skeleton[0]=(0.435,3.370)[0m
[33m[WARN] [1788611566.215926880]: [planner][row1-debug] skeleton[1]=(0.435,4.071)[0m
[33m[WARN] [1788611566.216082705]: [planner][row1-debug] skeleton[2]=(1.594,4.071)[0m
[33m[WARN] [1788611566.216224304]: [planner][row1-debug] skeleton[3]=(1.594,3.579)[0m
[33m[WARN] [1788611566.216419563]: [planner][row1-debug] row1-upper reverse road a_rev=(1.250,4.301) second=(1.250,3.791)->(0.435,3.791) s0=(0.435,3.370) r=0.189 len=(0.511,0.815,0.420) pts=162 front_theta=90.0deg[0m
[33m[WARN] [1788611566.216628199]: [planner][row1-debug] route=B_TO_A1 debug_rev=row1_aux_lane_to_a1_v2 src=19 tgt=101 src_corr=2 tgt_corr=1 target=(1.250,4.100 th=90.0deg) mode=auto terminal_reverse=0 near_gap=0.584 far_gap=0.304 horiz=0.000 min_x=0.676[0m
[33m[WARN] [1788611566.216780718]: [planner][row1-debug] initial_reverse tgt=101 same_corr=0 start_to_right=1 start_lane_y=2.670 forward_heading=0.0deg reverse_end_dir=(180.0deg) desired_end_x=1.234 actual_end=(1.234,2.670) reverse_origin=(1.594,3.235) curve_start=(1.594,3.009) curve_pts=56 direct_ok=1[0m
[33m[WARN] [1788611566.216978551]: [planner][row1-debug] skeleton tgt=101 points=5 terminal_reverse=0 goal_lane_y=3.791 terminal_stop_y=4.100 final_ref_x=1.250[0m
[33m[WARN] [1788611566.217129007]: [planner][row1-debug] skeleton[0]=(1.234,2.670)[0m
[33m[WARN] [1788611566.217269964]: [planner][row1-debug] skeleton[1]=(1.865,2.670)[0m
[33m[WARN] [1788611566.217416191]: [planner][row1-debug] skeleton[2]=(1.865,3.791)[0m
[33m[WARN] [1788611566.217562989]: [planner][row1-debug] skeleton[3]=(1.250,3.791)[0m
[33m[WARN] [1788611566.217711451]: [planner][row1-debug] skeleton[4]=(1.250,4.301)[0m
[33m[WARN] [1788611566.217851285]: [planner][row1-debug] lane_shift skipped tgt=101 j=2 terminal A1 connector keeps full vertical segment[0m
[33m[WARN] [1788611566.219253582]: [planner][row1-debug] clothoid infeasible tgt=101 j=2 p=(1.865, 3.791) prev=(1.865, 2.670) next=(1.250, 3.791) prev_len=1.120 next_len=0.615 limit=0.260[0m
[33m[WARN] [1788611566.219439071]: [planner][row1-debug] clothoid infeasible tgt=101 j=3 p=(1.250, 3.791) prev=(1.865, 3.791) next=(1.250, 4.301) prev_len=0.615 next_len=0.511 limit=0.345[0m
[33m[WARN] [1788611566.219593696]: [planner][row1-debug] local arc fallback tgt=101 j=2 radius=0.277 max_radius=0.277 pts=45[0m
[33m[WARN] [1788611566.219749429]: [planner][row1-debug] local arc fallback tgt=101 j=3 radius=0.230 max_radius=0.230 pts=41[0m
[33m[WARN] [1788611566.219904054]: [planner][row1-debug] prepend enter src=19 row1_upper=0 raw_pts=74 a_rev=(1.594,3.161) b=(1.234,2.670) path_front=(1.234,2.670 0.0deg type=0)[0m
[33m[WARN] [1788611566.220278241]: [planner][row1-debug] route=B_TO_A1 debug_rev=row1_aux_lane_to_a1_v2 src=20 tgt=101 src_corr=2 tgt_corr=1 target=(1.250,4.100 th=90.0deg) mode=auto terminal_reverse=0 near_gap=0.584 far_gap=0.304 horiz=0.000 min_x=0.676[0m
[33m[WARN] [1788611566.220433466]: [planner][row1-debug] initial_reverse tgt=101 same_corr=0 start_to_right=0 start_lane_y=2.950 forward_heading=180.0deg reverse_end_dir=(0.0deg) desired_end_x=0.643 actual_end=(0.643,2.950) reverse_origin=(0.124,2.385) curve_start=(0.124,2.612) curve_pts=56 direct_ok=1[0m
[33m[WARN] [1788611566.220583661]: [planner][row1-debug] skeleton tgt=101 points=5 terminal_reverse=0 goal_lane_y=3.791 terminal_stop_y=4.100 final_ref_x=1.250[0m
[33m[WARN] [1788611566.220739025]: [planner][row1-debug] skeleton[0]=(0.643,2.950)[0m
[33m[WARN] [1788611566.220881525]: [planner][row1-debug] skeleton[1]=(0.145,2.950)[0m
[33m[WARN] [1788611566.221031828]: [planner][row1-debug] skeleton[2]=(0.145,3.791)[0m
[33m[WARN] [1788611566.221183187]: [planner][row1-debug] skeleton[3]=(1.250,3.791)[0m
[33m[WARN] [1788611566.221330506]: [planner][row1-debug] skeleton[4]=(1.250,4.301)[0m
[33m[WARN] [1788611566.221470841]: [planner][row1-debug] lane_shift skipped tgt=101 j=2 terminal A1 connector keeps full vertical segment[0m
[33m[WARN] [1788611566.222419729]: [planner][row1-debug] clothoid infeasible tgt=101 j=1 p=(0.145, 2.950) prev=(0.643, 2.950) next=(0.145, 3.791) prev_len=0.498 next_len=0.840 limit=0.347[0m
[33m[WARN] [1788611566.222605561]: [planner][row1-debug] local arc fallback tgt=101 j=1 radius=0.224 max_radius=0.224 pts=41[0m
[33m[WARN] [1788611566.222794760]: [planner][row1-debug] prepend enter src=20 row1_upper=0 raw_pts=90 a_rev=(0.124,2.459) b=(0.643,2.950) path_front=(0.643,2.950 180.0deg type=0)[0m
[33m[WARN] [1788611566.223044683]: [planner][row1-debug] route=A1_TO_B src=101 tgt=20 src_corr=1 tgt_corr=2 target=(0.124,2.641 th=-90.0deg) mode=auto terminal_reverse=0 near_gap=0.491 far_gap=0.211 horiz=1.126 min_x=0.676[0m
[33m[WARN] [1788611566.223207211]: [planner][row1-debug] initial_reverse tgt=20 same_corr=0 start_to_right=1 start_lane_y=3.791 forward_heading=0.0deg reverse_end_dir=(180.0deg) desired_end_x=0.890 actual_end=(0.890,3.791) curve_start=(1.250,4.129) curve_pts=56 direct_ok=1[0m
[33m[WARN] [1788611566.223357816]: [planner][row1-debug] skeleton tgt=20 points=5 terminal_reverse=0 goal_lane_y=2.950 terminal_stop_y=2.641 final_ref_x=1.250[0m
[33m[WARN] [1788611566.223521907]: [planner][row1-debug] skeleton[0]=(0.890,3.791)[0m
[33m[WARN] [1788611566.223658405]: [planner][row1-debug] skeleton[1]=(1.865,3.791)[0m
[33m[WARN] [1788611566.223808720]: [planner][row1-debug] skeleton[2]=(1.865,2.950)[0m
[33m[WARN] [1788611566.223950950]: [planner][row1-debug] skeleton[3]=(0.124,2.950)[0m
[33m[WARN] [1788611566.224096425]: [planner][row1-debug] skeleton[4]=(0.124,2.459)[0m
[33m[WARN] [1788611566.224738642]: [planner][row1-debug] route=B_TO_A1 debug_rev=row1_aux_lane_to_a1_v2 src=21 tgt=101 src_corr=3 tgt_corr=1 target=(1.250,4.100 th=90.0deg) mode=auto terminal_reverse=0 near_gap=0.584 far_gap=0.304 horiz=0.000 min_x=0.676[0m
[33m[WARN] [1788611566.224891842]: [planner][row1-debug] initial_reverse tgt=101 same_corr=0 start_to_right=0 start_lane_y=1.550 forward_heading=180.0deg reverse_end_dir=(0.0deg) desired_end_x=1.748 actual_end=(1.748,1.550) reverse_origin=(0.124,2.115) curve_start=(0.124,1.888) curve_pts=56 direct_ok=1[0m
[33m[WARN] [1788611566.225041565]: [planner][row1-debug] skeleton tgt=101 points=7 terminal_reverse=0 goal_lane_y=3.791 terminal_stop_y=4.100 final_ref_x=1.250[0m
[33m[WARN] [1788611566.225192070]: [planner][row1-debug] skeleton[0]=(1.748,1.550)[0m
[33m[WARN] [1788611566.225330533]: [planner][row1-debug] skeleton[1]=(1.250,1.550)[0m
[33m[WARN] [1788611566.225473343]: [planner][row1-debug] skeleton[2]=(1.250,2.950)[0m
[33m[WARN] [1788611566.225609511]: [planner][row1-debug] skeleton[3]=(0.435,2.950)[0m
[33m[WARN] [1788611566.225752151]: [planner][row1-debug] skeleton[4]=(0.435,3.791)[0m
[33m[WARN] [1788611566.225889401]: [planner][row1-debug] skeleton[5]=(1.250,3.791)[0m
[33m[WARN] [1788611566.226031120]: [planner][row1-debug] skeleton[6]=(1.250,4.301)[0m
[33m[WARN] [1788611566.226197906]: [planner][row1-debug] lane_shift rejected tgt=101 j=2 terminal=0 lateral=0.815 lead_in=0.643 lead_out=0.643[0m
[33m[WARN] [1788611566.226385967]: [planner][row1-debug] lane_shift skipped tgt=101 j=4 terminal A1 connector keeps full vertical segment[0m
[33m[WARN] [1788611566.228841704]: [planner][row1-debug] clothoid infeasible tgt=101 j=4 p=(0.435, 3.791) prev=(0.435, 2.950) next=(1.250, 3.791) prev_len=0.840 next_len=0.815 limit=0.332[0m
[33m[WARN] [1788611566.229092459]: [planner][row1-debug] local arc fallback tgt=101 j=4 radius=0.338 max_radius=0.367 pts=55[0m
[33m[WARN] [1788611566.229281798]: [planner][row1-debug] prepend enter src=21 row1_upper=0 raw_pts=200 a_rev=(0.124,2.041) b=(1.748,1.550) path_front=(1.748,1.550 180.0deg type=0)[0m
[33m[WARN] [1788611566.230159330]: [planner][row1-debug] route=B_TO_A1 debug_rev=row1_aux_lane_to_a1_v2 src=22 tgt=101 src_corr=2 tgt_corr=1 target=(1.250,4.100 th=90.0deg) mode=auto terminal_reverse=0 near_gap=0.584 far_gap=0.304 horiz=0.000 min_x=0.676[0m
[33m[WARN] [1788611566.230320565]: [planner][row1-debug] initial_reverse tgt=101 same_corr=0 start_to_right=0 start_lane_y=2.950 forward_heading=180.0deg reverse_end_dir=(0.0deg) desired_end_x=0.703 actual_end=(0.703,2.950) reverse_origin=(0.343,2.385) curve_start=(0.343,2.612) curve_pts=56 direct_ok=1[0m
[33m[WARN] [1788611566.230478434]: [planner][row1-debug] skeleton tgt=101 points=5 terminal_reverse=0 goal_lane_y=3.791 terminal_stop_y=4.100 final_ref_x=1.250[0m
[33m[WARN] [1788611566.230641393]: [planner][row1-debug] skeleton[0]=(0.703,2.950)[0m
[33m[WARN] [1788611566.230791417]: [planner][row1-debug] skeleton[1]=(0.145,2.950)[0m
[33m[WARN] [1788611566.230945639]: [planner][row1-debug] skeleton[2]=(0.145,3.791)[0m
[33m[WARN] [1788611566.231094962]: [planner][row1-debug] skeleton[3]=(1.250,3.791)[0m
[33m[WARN] [1788611566.231256648]: [planner][row1-debug] skeleton[4]=(1.250,4.301)[0m
[33m[WARN] [1788611566.231409939]: [planner][row1-debug] lane_shift skipped tgt=101 j=2 terminal A1 connector keeps full vertical segment[0m
[33m[WARN] [1788611566.232413289]: [planner][row1-debug] clothoid infeasible tgt=101 j=1 p=(0.145, 2.950) prev=(0.703, 2.950) next=(0.145, 3.791) prev_len=0.558 next_len=0.840 limit=0.342[0m
[33m[WARN] [1788611566.232557532]: [planner][row1-debug] local arc fallback tgt=101 j=1 radius=0.251 max_radius=0.251 pts=41[0m
[33m[WARN] [1788611566.232721122]: [planner][row1-debug] prepend enter src=22 row1_upper=0 raw_pts=74 a_rev=(0.343,2.459) b=(0.703,2.950) path_front=(0.703,2.950 180.0deg type=0)[0m
[33m[WARN] [1788611566.232966477]: [planner][row1-debug] route=A1_TO_B src=101 tgt=22 src_corr=1 tgt_corr=2 target=(0.343,2.641 th=-90.0deg) mode=auto terminal_reverse=0 near_gap=0.491 far_gap=0.211 horiz=0.907 min_x=0.676[0m
[33m[WARN] [1788611566.233111933]: [planner][row1-debug] initial_reverse tgt=22 same_corr=0 start_to_right=1 start_lane_y=3.791 forward_heading=0.0deg reverse_end_dir=(180.0deg) desired_end_x=0.890 actual_end=(0.890,3.791) curve_start=(1.250,4.129) curve_pts=56 direct_ok=1[0m
[33m[WARN] [1788611566.233263880]: [planner][row1-debug] skeleton tgt=22 points=5 terminal_reverse=0 goal_lane_y=2.950 terminal_stop_y=2.641 final_ref_x=1.250[0m
[33m[WARN] [1788611566.233421669]: [planner][row1-debug] skeleton[0]=(0.890,3.791)[0m
[33m[WARN] [1788611566.233569740]: [planner][row1-debug] skeleton[1]=(1.865,3.791)[0m
[33m[WARN] [1788611566.233724894]: [planner][row1-debug] skeleton[2]=(1.865,2.950)[0m
[33m[WARN] [1788611566.233876391]: [planner][row1-debug] skeleton[3]=(0.343,2.950)[0m
[33m[WARN] [1788611566.234023148]: [planner][row1-debug] skeleton[4]=(0.343,2.459)[0m
[33m[WARN] [1788611566.234697626]: [planner][row1-debug] route=B_TO_A1 debug_rev=row1_aux_lane_to_a1_v2 src=23 tgt=101 src_corr=3 tgt_corr=1 target=(1.250,4.100 th=90.0deg) mode=auto terminal_reverse=0 near_gap=0.584 far_gap=0.304 horiz=0.000 min_x=0.676[0m
[33m[WARN] [1788611566.234844023]: [planner][row1-debug] initial_reverse tgt=101 same_corr=0 start_to_right=0 start_lane_y=1.550 forward_heading=180.0deg reverse_end_dir=(0.0deg) desired_end_x=1.748 actual_end=(1.748,1.550) reverse_origin=(0.343,2.115) curve_start=(0.343,1.888) curve_pts=56 direct_ok=1[0m
[33m[WARN] [1788611566.234994188]: [planner][row1-debug] skeleton tgt=101 points=7 terminal_reverse=0 goal_lane_y=3.791 terminal_stop_y=4.100 final_ref_x=1.250[0m
[33m[WARN] [1788611566.235150474]: [planner][row1-debug] skeleton[0]=(1.748,1.550)[0m
[33m[WARN] [1788611566.235307692]: [planner][row1-debug] skeleton[1]=(1.250,1.550)[0m
[33m[WARN] [1788611566.235458738]: [planner][row1-debug] skeleton[2]=(1.250,2.950)[0m
[33m[WARN] [1788611566.235613932]: [planner][row1-debug] skeleton[3]=(0.435,2.950)[0m
[33m[WARN] [1788611566.235765058]: [planner][row1-debug] skeleton[4]=(0.435,3.791)[0m
[33m[WARN] [1788611566.235921264]: [planner][row1-debug] skeleton[5]=(1.250,3.791)[0m
[33m[WARN] [1788611566.236071729]: [planner][row1-debug] skeleton[6]=(1.250,4.301)[0m
[33m[WARN] [1788611566.236232724]: [planner][row1-debug] lane_shift rejected tgt=101 j=2 terminal=0 lateral=0.815 lead_in=0.643 lead_out=0.643[0m
[33m[WARN] [1788611566.236381786]: [planner][row1-debug] lane_shift skipped tgt=101 j=4 terminal A1 connector keeps full vertical segment[0m
[33m[WARN] [1788611566.238704706]: [planner][row1-debug] clothoid infeasible tgt=101 j=4 p=(0.435, 3.791) prev=(0.435, 2.950) next=(1.250, 3.791) prev_len=0.840 next_len=0.815 limit=0.332[0m
[33m[WARN] [1788611566.238881191]: [planner][row1-debug] local arc fallback tgt=101 j=4 radius=0.338 max_radius=0.367 pts=55[0m
[33m[WARN] [1788611566.239050261]: [planner][row1-debug] prepend enter src=23 row1_upper=0 raw_pts=178 a_rev=(0.343,2.041) b=(1.748,1.550) path_front=(1.748,1.550 180.0deg type=0)[0m
[33m[WARN] [1788611566.240002585]: [planner][row1-debug] route=B_TO_A1 debug_rev=row1_aux_lane_to_a1_v2 src=24 tgt=101 src_corr=2 tgt_corr=1 target=(1.250,4.100 th=90.0deg) mode=auto terminal_reverse=0 near_gap=0.584 far_gap=0.304 horiz=0.000 min_x=0.676[0m
[33m[WARN] [1788611566.240198626]: [planner][row1-debug] initial_reverse tgt=101 same_corr=0 start_to_right=0 start_lane_y=2.950 forward_heading=180.0deg reverse_end_dir=(0.0deg) desired_end_x=0.922 actual_end=(0.922,2.950) reverse_origin=(0.562,2.385) curve_start=(0.562,2.612) curve_pts=56 direct_ok=1[0m
[33m[WARN] [1788611566.240355864]: [planner][row1-debug] skeleton tgt=101 points=5 terminal_reverse=0 goal_lane_y=3.791 terminal_stop_y=4.100 final_ref_x=1.250[0m
[33m[WARN] [1788611566.240514234]: [planner][row1-debug] skeleton[0]=(0.922,2.950)[0m
[33m[WARN] [1788611566.240678435]: [planner][row1-debug] skeleton[1]=(0.145,2.950)[0m
[33m[WARN] [1788611566.240832357]: [planner][row1-debug] skeleton[2]=(0.145,3.791)[0m
[33m[WARN] [1788611566.240996057]: [planner][row1-debug] skeleton[3]=(1.250,3.791)[0m
[33m[WARN] [1788611566.241155198]: [planner][row1-debug] skeleton[4]=(1.250,4.301)[0m
[33m[WARN] [1788611566.241303609]: [planner][row1-debug] lane_shift skipped tgt=101 j=2 terminal A1 connector keeps full vertical segment[0m
[33m[WARN] [1788611566.241761817]: [planner][row1-debug] prepend enter src=24 row1_upper=0 raw_pts=74 a_rev=(0.562,2.459) b=(0.922,2.950) path_front=(0.922,2.950 180.0deg type=0)[0m
[33m[WARN] [1788611566.241992685]: [planner][row1-debug] route=A1_TO_B src=101 tgt=24 src_corr=1 tgt_corr=2 target=(0.562,2.641 th=-90.0deg) mode=auto terminal_reverse=0 near_gap=0.491 far_gap=0.211 horiz=0.688 min_x=0.676[0m
[33m[WARN] [1788611566.242155723]: [planner][row1-debug] initial_reverse tgt=24 same_corr=0 start_to_right=1 start_lane_y=3.791 forward_heading=0.0deg reverse_end_dir=(180.0deg) desired_end_x=0.890 actual_end=(0.890,3.791) curve_start=(1.250,4.129) curve_pts=56 direct_ok=1[0m
[33m[WARN] [1788611566.242309184]: [planner][row1-debug] skeleton tgt=24 points=5 terminal_reverse=0 goal_lane_y=2.950 terminal_stop_y=2.641 final_ref_x=1.250[0m
[33m[WARN] [1788611566.242477052]: [planner][row1-debug] skeleton[0]=(0.890,3.791)[0m
[33m[WARN] [1788611566.242633789]: [planner][row1-debug] skeleton[1]=(1.865,3.791)[0m
[33m[WARN] [1788611566.242788702]: [planner][row1-debug] skeleton[2]=(1.865,2.950)[0m
[33m[WARN] [1788611566.242938336]: [planner][row1-debug] skeleton[3]=(0.562,2.950)[0m
[33m[WARN] [1788611566.243083351]: [planner][row1-debug] skeleton[4]=(0.562,2.459)[0m
[33m[WARN] [1788611566.243735426]: [planner][row1-debug] route=B_TO_A1 debug_rev=row1_aux_lane_to_a1_v2 src=25 tgt=101 src_corr=3 tgt_corr=1 target=(1.250,4.100 th=90.0deg) mode=auto terminal_reverse=0 near_gap=0.584 far_gap=0.304 horiz=0.000 min_x=0.676[0m
[33m[WARN] [1788611566.243890840]: [planner][row1-debug] initial_reverse tgt=101 same_corr=0 start_to_right=0 start_lane_y=1.550 forward_heading=180.0deg reverse_end_dir=(0.0deg) desired_end_x=1.748 actual_end=(1.748,1.550) reverse_origin=(0.562,2.115) curve_start=(0.562,1.888) curve_pts=56 direct_ok=1[0m
[33m[WARN] [1788611566.244036887]: [planner][row1-debug] skeleton tgt=101 points=7 terminal_reverse=0 goal_lane_y=3.791 terminal_stop_y=4.100 final_ref_x=1.250[0m
[33m[WARN] [1788611566.244188023]: [planner][row1-debug] skeleton[0]=(1.748,1.550)[0m
[33m[WARN] [1788611566.244332907]: [planner][row1-debug] skeleton[1]=(1.250,1.550)[0m
[33m[WARN] [1788611566.244476580]: [planner][row1-debug] skeleton[2]=(1.250,2.950)[0m
[33m[WARN] [1788611566.244620723]: [planner][row1-debug] skeleton[3]=(0.435,2.950)[0m
[33m[WARN] [1788611566.244776518]: [planner][row1-debug] skeleton[4]=(0.435,3.791)[0m
[33m[WARN] [1788611566.244925089]: [planner][row1-debug] skeleton[5]=(1.250,3.791)[0m
[33m[WARN] [1788611566.245080243]: [planner][row1-debug] skeleton[6]=(1.250,4.301)[0m
[33m[WARN] [1788611566.245232321]: [planner][row1-debug] lane_shift rejected tgt=101 j=2 terminal=0 lateral=0.815 lead_in=0.643 lead_out=0.643[0m
[33m[WARN] [1788611566.245383507]: [planner][row1-debug] lane_shift skipped tgt=101 j=4 terminal A1 connector keeps full vertical segment[0m
[33m[WARN] [1788611566.247723560]: [planner][row1-debug] clothoid infeasible tgt=101 j=4 p=(0.435, 3.791) prev=(0.435, 2.950) next=(1.250, 3.791) prev_len=0.840 next_len=0.815 limit=0.332[0m
[33m[WARN] [1788611566.247897419]: [planner][row1-debug] local arc fallback tgt=101 j=4 radius=0.338 max_radius=0.367 pts=55[0m
[33m[WARN] [1788611566.248074755]: [planner][row1-debug] prepend enter src=25 row1_upper=0 raw_pts=156 a_rev=(0.562,2.041) b=(1.748,1.550) path_front=(1.748,1.550 180.0deg type=0)[0m
[33m[WARN] [1788611566.248965622]: [planner][row1-debug] route=B_TO_A1 debug_rev=row1_aux_lane_to_a1_v2 src=26 tgt=101 src_corr=2 tgt_corr=1 target=(1.250,4.100 th=90.0deg) mode=auto terminal_reverse=0 near_gap=0.584 far_gap=0.304 horiz=0.000 min_x=0.676[0m
[33m[WARN] [1788611566.249114164]: [planner][row1-debug] initial_reverse tgt=101 same_corr=0 start_to_right=0 start_lane_y=2.950 forward_heading=180.0deg reverse_end_dir=(0.0deg) desired_end_x=1.142 actual_end=(1.142,2.950) reverse_origin=(0.782,2.385) curve_start=(0.782,2.612) curve_pts=56 direct_ok=1[0m
[33m[WARN] [1788611566.249279768]: [planner][row1-debug] skeleton tgt=101 points=5 terminal_reverse=0 goal_lane_y=3.791 terminal_stop_y=4.100 final_ref_x=1.250[0m
[33m[WARN] [1788611566.249423039]: [planner][row1-debug] skeleton[0]=(1.142,2.950)[0m
[33m[WARN] [1788611566.249570699]: [planner][row1-debug] skeleton[1]=(0.145,2.950)[0m
[33m[WARN] [1788611566.249720893]: [planner][row1-debug] skeleton[2]=(0.145,3.791)[0m
[33m[WARN] [1788611566.249866980]: [planner][row1-debug] skeleton[3]=(1.250,3.791)[0m
[33m[WARN] [1788611566.250013077]: [planner][row1-debug] skeleton[4]=(1.250,4.301)[0m
[33m[WARN] [1788611566.250159163]: [planner][row1-debug] lane_shift skipped tgt=101 j=2 terminal A1 connector keeps full vertical segment[0m
[33m[WARN] [1788611566.250568228]: [planner][row1-debug] prepend enter src=26 row1_upper=0 raw_pts=74 a_rev=(0.782,2.459) b=(1.142,2.950) path_front=(1.142,2.950 180.0deg type=0)[0m
[33m[WARN] [1788611566.250784438]: [planner][row1-debug] route=A1_TO_B src=101 tgt=26 src_corr=1 tgt_corr=2 target=(0.782,2.641 th=-90.0deg) mode=auto terminal_reverse=0 near_gap=0.491 far_gap=0.211 horiz=0.468 min_x=0.676[0m
[33m[WARN] [1788611566.250933360]: [planner][row1-debug] initial_reverse tgt=26 same_corr=0 start_to_right=1 start_lane_y=3.791 forward_heading=0.0deg reverse_end_dir=(180.0deg) desired_end_x=0.890 actual_end=(0.890,3.791) curve_start=(1.250,4.129) curve_pts=56 direct_ok=1[0m
[33m[WARN] [1788611566.251084747]: [planner][row1-debug] skeleton tgt=26 points=5 terminal_reverse=0 goal_lane_y=2.950 terminal_stop_y=2.641 final_ref_x=1.250[0m
[33m[WARN] [1788611566.251233809]: [planner][row1-debug] skeleton[0]=(0.890,3.791)[0m
[33m[WARN] [1788611566.251379926]: [planner][row1-debug] skeleton[1]=(1.865,3.791)[0m
[33m[WARN] [1788611566.251526554]: [planner][row1-debug] skeleton[2]=(1.865,2.950)[0m
[33m[WARN] [1788611566.251673111]: [planner][row1-debug] skeleton[3]=(0.782,2.950)[0m
[33m[WARN] [1788611566.251819779]: [planner][row1-debug] skeleton[4]=(0.782,2.459)[0m
[33m[WARN] [1788611566.251968260]: [planner][row1-debug] lane_shift skipped tgt=26 j=2 terminal=1 lateral=1.083: row3 keeps aisle turn into slot[0m
[33m[WARN] [1788611566.252313605]: [planner][row1-debug] route=B_TO_A1 debug_rev=row1_aux_lane_to_a1_v2 src=27 tgt=101 src_corr=3 tgt_corr=1 target=(1.250,4.100 th=90.0deg) mode=auto terminal_reverse=0 near_gap=0.584 far_gap=0.304 horiz=0.000 min_x=0.676[0m
[33m[WARN] [1788611566.252464410]: [planner][row1-debug] initial_reverse tgt=101 same_corr=0 start_to_right=0 start_lane_y=1.550 forward_heading=180.0deg reverse_end_dir=(0.0deg) desired_end_x=1.748 actual_end=(1.748,1.550) reverse_origin=(0.782,2.115) curve_start=(0.782,1.888) curve_pts=56 direct_ok=1[0m
[33m[WARN] [1788611566.252613122]: [planner][row1-debug] skeleton tgt=101 points=7 terminal_reverse=0 goal_lane_y=3.791 terminal_stop_y=4.100 final_ref_x=1.250[0m
[33m[WARN] [1788611566.252767334]: [planner][row1-debug] skeleton[0]=(1.748,1.550)[0m
[33m[WARN] [1788611566.252923410]: [planner][row1-debug] skeleton[1]=(1.250,1.550)[0m
[33m[WARN] [1788611566.253071330]: [planner][row1-debug] skeleton[2]=(1.250,2.950)[0m
[33m[WARN] [1788611566.253221144]: [planner][row1-debug] skeleton[3]=(0.435,2.950)[0m
[33m[WARN] [1788611566.253367681]: [planner][row1-debug] skeleton[4]=(0.435,3.791)[0m
[33m[WARN] [1788611566.253513247]: [planner][row1-debug] skeleton[5]=(1.250,3.791)[0m
[33m[WARN] [1788611566.253659073]: [planner][row1-debug] skeleton[6]=(1.250,4.301)[0m
[33m[WARN] [1788611566.253807144]: [planner][row1-debug] lane_shift rejected tgt=101 j=2 terminal=0 lateral=0.815 lead_in=0.643 lead_out=0.643[0m
[33m[WARN] [1788611566.253962137]: [planner][row1-debug] lane_shift skipped tgt=101 j=4 terminal A1 connector keeps full vertical segment[0m
[33m[WARN] [1788611566.256302901]: [planner][row1-debug] clothoid infeasible tgt=101 j=4 p=(0.435, 3.791) prev=(0.435, 2.950) next=(1.250, 3.791) prev_len=0.840 next_len=0.815 limit=0.332[0m
[33m[WARN] [1788611566.256530342]: [planner][row1-debug] local arc fallback tgt=101 j=4 radius=0.338 max_radius=0.367 pts=55[0m
[33m[WARN] [1788611566.256759696]: [planner][row1-debug] prepend enter src=27 row1_upper=0 raw_pts=134 a_rev=(0.782,2.041) b=(1.748,1.550) path_front=(1.748,1.550 180.0deg type=0)[0m
[33m[WARN] [1788611566.257696471]: [planner][row1-debug] route=B_TO_A1 debug_rev=row1_aux_lane_to_a1_v2 src=28 tgt=101 src_corr=2 tgt_corr=1 target=(1.250,4.100 th=90.0deg) mode=auto terminal_reverse=0 near_gap=0.584 far_gap=0.304 horiz=0.000 min_x=0.676[0m
[33m[WARN] [1788611566.257855542]: [planner][row1-debug] initial_reverse tgt=101 same_corr=0 start_to_right=0 start_lane_y=2.950 forward_heading=180.0deg reverse_end_dir=(0.0deg) desired_end_x=1.361 actual_end=(1.361,2.950) reverse_origin=(1.001,2.385) curve_start=(1.001,2.612) curve_pts=56 direct_ok=1[0m
[33m[WARN] [1788611566.258006748]: [planner][row1-debug] skeleton tgt=101 points=5 terminal_reverse=0 goal_lane_y=3.791 terminal_stop_y=4.100 final_ref_x=1.250[0m
[33m[WARN] [1788611566.258157073]: [planner][row1-debug] skeleton[0]=(1.361,2.950)[0m
[33m[WARN] [1788611566.258329420]: [planner][row1-debug] skeleton[1]=(0.145,2.950)[0m
[33m[WARN] [1788611566.258482309]: [planner][row1-debug] skeleton[2]=(0.145,3.791)[0m
[33m[WARN] [1788611566.258642793]: [planner][row1-debug] skeleton[3]=(1.250,3.791)[0m
[33m[WARN] [1788611566.258789661]: [planner][row1-debug] skeleton[4]=(1.250,4.301)[0m
[33m[WARN] [1788611566.258954243]: [planner][row1-debug] lane_shift skipped tgt=101 j=2 terminal A1 connector keeps full vertical segment[0m
[33m[WARN] [1788611566.259384318]: [planner][row1-debug] prepend enter src=28 row1_upper=0 raw_pts=74 a_rev=(1.001,2.459) b=(1.361,2.950) path_front=(1.361,2.950 180.0deg type=0)[0m
[33m[WARN] [1788611566.259587503]: [planner][row1-debug] route=A1_TO_B src=101 tgt=28 src_corr=1 tgt_corr=2 target=(1.001,2.641 th=-90.0deg) mode=auto terminal_reverse=0 near_gap=0.491 far_gap=0.211 horiz=0.358 min_x=0.676[0m
[33m[WARN] [1788611566.259747636]: [planner][row1-debug] initial_reverse tgt=28 same_corr=0 start_to_right=1 start_lane_y=3.791 forward_heading=0.0deg reverse_end_dir=(180.0deg) desired_end_x=0.890 actual_end=(0.890,3.791) curve_start=(1.250,4.129) curve_pts=56 direct_ok=1[0m
[33m[WARN] [1788611566.259897921]: [planner][row1-debug] skeleton tgt=28 points=5 terminal_reverse=0 goal_lane_y=2.950 terminal_stop_y=2.641 final_ref_x=1.359[0m
[33m[WARN] [1788611566.260050269]: [planner][row1-debug] skeleton[0]=(0.890,3.791)[0m
[33m[WARN] [1788611566.260202688]: [planner][row1-debug] skeleton[1]=(1.865,3.791)[0m
[33m[WARN] [1788611566.260346891]: [planner][row1-debug] skeleton[2]=(1.865,2.950)[0m
[33m[WARN] [1788611566.260490774]: [planner][row1-debug] skeleton[3]=(1.001,2.950)[0m
[33m[WARN] [1788611566.260636029]: [planner][row1-debug] skeleton[4]=(1.001,2.459)[0m
[33m[WARN] [1788611566.260782256]: [planner][row1-debug] lane_shift skipped tgt=28 j=2 terminal=1 lateral=0.864: row3 keeps aisle turn into slot[0m
[33m[WARN] [1788611566.261152557]: [planner][row1-debug] clothoid infeasible tgt=28 j=2 p=(1.865, 2.950) prev=(1.865, 3.791) next=(1.001, 2.950) prev_len=0.840 next_len=0.864 limit=0.342[0m
[33m[WARN] [1788611566.261310566]: [planner][row1-debug] local arc fallback tgt=28 j=2 radius=0.311 max_radius=0.311 pts=50[0m
[33m[WARN] [1788611566.261532487]: [planner][row1-debug] route=B_TO_A1 debug_rev=row1_aux_lane_to_a1_v2 src=29 tgt=101 src_corr=3 tgt_corr=1 target=(1.250,4.100 th=90.0deg) mode=auto terminal_reverse=0 near_gap=0.584 far_gap=0.304 horiz=0.000 min_x=0.676[0m
[33m[WARN] [1788611566.261701287]: [planner][row1-debug] initial_reverse tgt=101 same_corr=0 start_to_right=0 start_lane_y=1.550 forward_heading=180.0deg reverse_end_dir=(0.0deg) desired_end_x=1.748 actual_end=(1.748,1.550) reverse_origin=(1.001,2.115) curve_start=(1.001,1.888) curve_pts=56 direct_ok=1[0m
[33m[WARN] [1788611566.261846311]: [planner][row1-debug] skeleton tgt=101 points=7 terminal_reverse=0 goal_lane_y=3.791 terminal_stop_y=4.100 final_ref_x=1.250[0m
[33m[WARN] [1788611566.262004461]: [planner][row1-debug] skeleton[0]=(1.748,1.550)[0m
[33m[WARN] [1788611566.262145999]: [planner][row1-debug] skeleton[1]=(1.250,1.550)[0m
[33m[WARN] [1788611566.262297636]: [planner][row1-debug] skeleton[2]=(1.250,2.950)[0m
[33m[WARN] [1788611566.262443102]: [planner][row1-debug] skeleton[3]=(0.435,2.950)[0m
[33m[WARN] [1788611566.262588617]: [planner][row1-debug] skeleton[4]=(0.435,3.791)[0m
[33m[WARN] [1788611566.262737960]: [planner][row1-debug] skeleton[5]=(1.250,3.791)[0m
[33m[WARN] [1788611566.262888836]: [planner][row1-debug] skeleton[6]=(1.250,4.301)[0m
[33m[WARN] [1788611566.263039732]: [planner][row1-debug] lane_shift rejected tgt=101 j=2 terminal=0 lateral=0.815 lead_in=0.643 lead_out=0.643[0m
[33m[WARN] [1788611566.263195828]: [planner][row1-debug] lane_shift skipped tgt=101 j=4 terminal A1 connector keeps full vertical segment[0m
[33m[WARN] [1788611566.265593860]: [planner][row1-debug] clothoid infeasible tgt=101 j=4 p=(0.435, 3.791) prev=(0.435, 2.950) next=(1.250, 3.791) prev_len=0.840 next_len=0.815 limit=0.332[0m
[33m[WARN] [1788611566.265782858]: [planner][row1-debug] local arc fallback tgt=101 j=4 radius=0.338 max_radius=0.367 pts=55[0m
[33m[WARN] [1788611566.265963230]: [planner][row1-debug] prepend enter src=29 row1_upper=0 raw_pts=112 a_rev=(1.001,2.041) b=(1.748,1.550) path_front=(1.748,1.550 180.0deg type=0)[0m
[33m[WARN] [1788611566.266859367]: [planner][row1-debug] route=B_TO_A1 debug_rev=row1_aux_lane_to_a1_v2 src=30 tgt=101 src_corr=2 tgt_corr=1 target=(1.250,4.100 th=90.0deg) mode=auto terminal_reverse=0 near_gap=0.584 far_gap=0.304 horiz=0.000 min_x=0.676[0m
[33m[WARN] [1788611566.267021214]: [planner][row1-debug] initial_reverse tgt=101 same_corr=0 start_to_right=1 start_lane_y=2.950 forward_heading=0.0deg reverse_end_dir=(180.0deg) desired_end_x=1.139 actual_end=(1.139,2.950) reverse_origin=(1.499,2.385) curve_start=(1.499,2.612) curve_pts=56 direct_ok=1[0m
[33m[WARN] [1788611566.267185635]: [planner][row1-debug] skeleton tgt=101 points=5 terminal_reverse=0 goal_lane_y=3.791 terminal_stop_y=4.100 final_ref_x=1.250[0m
[33m[WARN] [1788611566.267336972]: [planner][row1-debug] skeleton[0]=(1.139,2.950)[0m
[33m[WARN] [1788611566.267483469]: [planner][row1-debug] skeleton[1]=(2.155,2.950)[0m
[33m[WARN] [1788611566.267629496]: [planner][row1-debug] skeleton[2]=(2.155,3.791)[0m
[33m[WARN] [1788611566.267776735]: [planner][row1-debug] skeleton[3]=(1.250,3.791)[0m
[33m[WARN] [1788611566.267922992]: [planner][row1-debug] skeleton[4]=(1.250,4.301)[0m
[33m[WARN] [1788611566.268068668]: [planner][row1-debug] lane_shift skipped tgt=101 j=2 terminal A1 connector keeps full vertical segment[0m
[33m[WARN] [1788611566.269046931]: [planner][row1-debug] clothoid infeasible tgt=101 j=2 p=(2.155, 3.791) prev=(2.155, 2.950) next=(1.250, 3.791) prev_len=0.840 next_len=0.905 limit=0.340[0m
[33m[WARN] [1788611566.269205201]: [planner][row1-debug] local arc fallback tgt=101 j=2 radius=0.311 max_radius=0.311 pts=50[0m
[33m[WARN] [1788611566.269365795]: [planner][row1-debug] prepend enter src=30 row1_upper=0 raw_pts=74 a_rev=(1.499,2.459) b=(1.139,2.950) path_front=(1.139,2.950 0.0deg type=0)[0m
[33m[WARN] [1788611566.269584038]: [planner][row1-debug] route=A1_TO_B src=101 tgt=30 src_corr=1 tgt_corr=2 target=(1.499,2.641 th=-90.0deg) mode=auto terminal_reverse=0 near_gap=0.211 far_gap=0.491 horiz=0.358 min_x=0.676[0m
[33m[WARN] [1788611566.269735605]: [planner][row1-debug] initial_reverse tgt=30 same_corr=0 start_to_right=0 start_lane_y=3.791 forward_heading=180.0deg reverse_end_dir=(0.0deg) desired_end_x=1.610 actual_end=(1.610,3.791) curve_start=(1.250,4.129) curve_pts=56 direct_ok=1[0m
[33m[WARN] [1788611566.269885179]: [planner][row1-debug] skeleton tgt=30 points=5 terminal_reverse=0 goal_lane_y=2.950 terminal_stop_y=2.641 final_ref_x=1.141[0m
[33m[WARN] [1788611566.270035163]: [planner][row1-debug] skeleton[0]=(1.610,3.791)[0m
[33m[WARN] [1788611566.270185227]: [planner][row1-debug] skeleton[1]=(0.435,3.791)[0m
[33m[WARN] [1788611566.270358345]: [planner][row1-debug] skeleton[2]=(0.435,2.950)[0m
[33m[WARN] [1788611566.270505013]: [planner][row1-debug] skeleton[3]=(1.499,2.950)[0m
[33m[WARN] [1788611566.270652021]: [planner][row1-debug] skeleton[4]=(1.499,2.459)[0m
[33m[WARN] [1788611566.270795423]: [planner][row1-debug] lane_shift skipped tgt=30 j=2 terminal=1 lateral=1.064: row3 keeps aisle turn into slot[0m
[33m[WARN] [1788611566.271259923]: [planner][row1-debug] route=B_TO_A1 debug_rev=row1_aux_lane_to_a1_v2 src=31 tgt=101 src_corr=3 tgt_corr=1 target=(1.250,4.100 th=90.0deg) mode=auto terminal_reverse=0 near_gap=0.584 far_gap=0.304 horiz=0.000 min_x=0.676[0m
[33m[WARN] [1788611566.271414696]: [planner][row1-debug] initial_reverse tgt=101 same_corr=0 start_to_right=1 start_lane_y=1.550 forward_heading=0.0deg reverse_end_dir=(180.0deg) desired_end_x=0.752 actual_end=(0.752,1.550) reverse_origin=(1.499,2.115) curve_start=(1.499,1.888) curve_pts=56 direct_ok=1[0m
[33m[WARN] [1788611566.271566383]: [planner][row1-debug] skeleton tgt=101 points=7 terminal_reverse=0 goal_lane_y=3.791 terminal_stop_y=4.100 final_ref_x=1.250[0m
[33m[WARN] [1788611566.271715946]: [planner][row1-debug] skeleton[0]=(0.752,1.550)[0m
[33m[WARN] [1788611566.271857675]: [planner][row1-debug] skeleton[1]=(1.250,1.550)[0m
[33m[WARN] [1788611566.272002810]: [planner][row1-debug] skeleton[2]=(1.250,2.950)[0m
[33m[WARN] [1788611566.272142434]: [planner][row1-debug] skeleton[3]=(0.435,2.950)[0m
[33m[WARN] [1788611566.272312556]: [planner][row1-debug] skeleton[4]=(0.435,3.791)[0m
[33m[WARN] [1788611566.272459956]: [planner][row1-debug] skeleton[5]=(1.250,3.791)[0m
[33m[WARN] [1788611566.272603978]: [planner][row1-debug] skeleton[6]=(1.250,4.301)[0m
[33m[WARN] [1788611566.272832100]: [planner][row1-debug] lane_shift rejected tgt=101 j=2 terminal=0 lateral=0.815 lead_in=0.643 lead_out=0.643[0m
[33m[WARN] [1788611566.273061846]: [planner][row1-debug] lane_shift skipped tgt=101 j=4 terminal A1 connector keeps full vertical segment[0m
[33m[WARN] [1788611566.275528578]: [planner][row1-debug] clothoid infeasible tgt=101 j=4 p=(0.435, 3.791) prev=(0.435, 2.950) next=(1.250, 3.791) prev_len=0.840 next_len=0.815 limit=0.332[0m
[33m[WARN] [1788611566.275712657]: [planner][row1-debug] local arc fallback tgt=101 j=4 radius=0.338 max_radius=0.367 pts=55[0m
[33m[WARN] [1788611566.275885184]: [planner][row1-debug] prepend enter src=31 row1_upper=0 raw_pts=112 a_rev=(1.499,2.041) b=(0.752,1.550) path_front=(0.752,1.550 0.0deg type=0)[0m
[33m[WARN] [1788611566.276557999]: [planner][row1-debug] route=B_TO_A1 debug_rev=row1_aux_lane_to_a1_v2 src=32 tgt=101 src_corr=2 tgt_corr=1 target=(1.250,4.100 th=90.0deg) mode=auto terminal_reverse=0 near_gap=0.584 far_gap=0.304 horiz=0.000 min_x=0.676[0m
[33m[WARN] [1788611566.276736948]: [planner][row1-debug] initial_reverse tgt=101 same_corr=0 start_to_right=1 start_lane_y=2.950 forward_heading=0.0deg reverse_end_dir=(180.0deg) desired_end_x=1.358 actual_end=(1.358,2.950) reverse_origin=(1.718,2.385) curve_start=(1.718,2.612) curve_pts=56 direct_ok=1[0m
[33m[WARN] [1788611566.276908482]: [planner][row1-debug] skeleton tgt=101 points=5 terminal_reverse=0 goal_lane_y=3.791 terminal_stop_y=4.100 final_ref_x=1.250[0m
[33m[WARN] [1788611566.277096408]: [planner][row1-debug] skeleton[0]=(1.358,2.950)[0m
[33m[WARN] [1788611566.277253977]: [planner][row1-debug] skeleton[1]=(2.155,2.950)[0m
[33m[WARN] [1788611566.277414812]: [planner][row1-debug] skeleton[2]=(2.155,3.791)[0m
[33m[WARN] [1788611566.277565857]: [planner][row1-debug] skeleton[3]=(1.250,3.791)[0m
[33m[WARN] [1788611566.277736361]: [planner][row1-debug] skeleton[4]=(1.250,4.301)[0m
[33m[WARN] [1788611566.277891024]: [planner][row1-debug] lane_shift skipped tgt=101 j=2 terminal A1 connector keeps full vertical segment[0m
[33m[WARN] [1788611566.278938197]: [planner][row1-debug] clothoid infeasible tgt=101 j=2 p=(2.155, 3.791) prev=(2.155, 2.950) next=(1.250, 3.791) prev_len=0.840 next_len=0.905 limit=0.341[0m
[33m[WARN] [1788611566.279558582]: [planner][row1-debug] local arc fallback tgt=101 j=2 radius=0.326 max_radius=0.326 pts=53[0m
[33m[WARN] [1788611566.279743763]: [planner][row1-debug] prepend enter src=32 row1_upper=0 raw_pts=74 a_rev=(1.718,2.459) b=(1.358,2.950) path_front=(1.358,2.950 0.0deg type=0)[0m
[33m[WARN] [1788611566.279969150]: [planner][row1-debug] route=A1_TO_B src=101 tgt=32 src_corr=1 tgt_corr=2 target=(1.718,2.641 th=-90.0deg) mode=auto terminal_reverse=0 near_gap=0.211 far_gap=0.491 horiz=0.468 min_x=0.676[0m
[33m[WARN] [1788611566.280130756]: [planner][row1-debug] initial_reverse tgt=32 same_corr=0 start_to_right=0 start_lane_y=3.791 forward_heading=180.0deg reverse_end_dir=(0.0deg) desired_end_x=1.610 actual_end=(1.610,3.791) curve_start=(1.250,4.129) curve_pts=56 direct_ok=1[0m
[33m[WARN] [1788611566.280299155]: [planner][row1-debug] skeleton tgt=32 points=5 terminal_reverse=0 goal_lane_y=2.950 terminal_stop_y=2.641 final_ref_x=1.250[0m
[33m[WARN] [1788611566.280462154]: [planner][row1-debug] skeleton[0]=(1.610,3.791)[0m
[33m[WARN] [1788611566.280622833]: [planner][row1-debug] skeleton[1]=(0.435,3.791)[0m
[33m[WARN] [1788611566.280779244]: [planner][row1-debug] skeleton[2]=(0.435,2.950)[0m
[33m[WARN] [1788611566.280964255]: [planner][row1-debug] skeleton[3]=(1.718,2.950)[0m
[33m[WARN] [1788611566.281131572]: [planner][row1-debug] skeleton[4]=(1.718,2.459)[0m
[33m[WARN] [1788611566.281794973]: [planner][row1-debug] route=B_TO_A1 debug_rev=row1_aux_lane_to_a1_v2 src=33 tgt=101 src_corr=3 tgt_corr=1 target=(1.250,4.100 th=90.0deg) mode=auto terminal_reverse=0 near_gap=0.584 far_gap=0.304 horiz=0.000 min_x=0.676[0m
[33m[WARN] [1788611566.281963347]: [planner][row1-debug] initial_reverse tgt=101 same_corr=0 start_to_right=1 start_lane_y=1.550 forward_heading=0.0deg reverse_end_dir=(180.0deg) desired_end_x=0.752 actual_end=(0.752,1.550) reverse_origin=(1.718,2.115) curve_start=(1.718,1.888) curve_pts=56 direct_ok=1[0m
[33m[WARN] [1788611566.282128590]: [planner][row1-debug] skeleton tgt=101 points=7 terminal_reverse=0 goal_lane_y=3.791 terminal_stop_y=4.100 final_ref_x=1.250[0m
[33m[WARN] [1788611566.282360910]: [planner][row1-debug] skeleton[0]=(0.752,1.550)[0m
[33m[WARN] [1788611566.282524420]: [planner][row1-debug] skeleton[1]=(1.250,1.550)[0m
[33m[WARN] [1788611566.282693561]: [planner][row1-debug] skeleton[2]=(1.250,2.950)[0m
[33m[WARN] [1788611566.282851960]: [planner][row1-debug] skeleton[3]=(0.435,2.950)[0m
[33m[WARN] [1788611566.283010551]: [planner][row1-debug] skeleton[4]=(0.435,3.791)[0m
[33m[WARN] [1788611566.283179571]: [planner][row1-debug] skeleton[5]=(1.250,3.791)[0m
[33m[WARN] [1788611566.283331809]: [planner][row1-debug] skeleton[6]=(1.250,4.301)[0m
[33m[WARN] [1788611566.283502292]: [planner][row1-debug] lane_shift rejected tgt=101 j=2 terminal=0 lateral=0.815 lead_in=0.643 lead_out=0.643[0m
[33m[WARN] [1788611566.283684537]: [planner][row1-debug] lane_shift skipped tgt=101 j=4 terminal A1 connector keeps full vertical segment[0m
[33m[WARN] [1788611566.286097648]: [planner][row1-debug] clothoid infeasible tgt=101 j=4 p=(0.435, 3.791) prev=(0.435, 2.950) next=(1.250, 3.791) prev_len=0.840 next_len=0.815 limit=0.332[0m
[33m[WARN] [1788611566.286270325]: [planner][row1-debug] local arc fallback tgt=101 j=4 radius=0.338 max_radius=0.367 pts=55[0m
[33m[WARN] [1788611566.286452120]: [planner][row1-debug] prepend enter src=33 row1_upper=0 raw_pts=134 a_rev=(1.718,2.041) b=(0.752,1.550) path_front=(0.752,1.550 0.0deg type=0)[0m
[33m[WARN] [1788611566.287127209]: [planner][row1-debug] route=B_TO_A1 debug_rev=row1_aux_lane_to_a1_v2 src=34 tgt=101 src_corr=2 tgt_corr=1 target=(1.250,4.100 th=90.0deg) mode=auto terminal_reverse=0 near_gap=0.584 far_gap=0.304 horiz=0.000 min_x=0.676[0m
[33m[WARN] [1788611566.287291670]: [planner][row1-debug] initial_reverse tgt=101 same_corr=0 start_to_right=1 start_lane_y=2.950 forward_heading=0.0deg reverse_end_dir=(180.0deg) desired_end_x=1.578 actual_end=(1.578,2.950) reverse_origin=(1.938,2.385) curve_start=(1.938,2.612) curve_pts=56 direct_ok=1[0m
[33m[WARN] [1788611566.287443448]: [planner][row1-debug] skeleton tgt=101 points=5 terminal_reverse=0 goal_lane_y=3.791 terminal_stop_y=4.100 final_ref_x=1.250[0m
[33m[WARN] [1788611566.287604793]: [planner][row1-debug] skeleton[0]=(1.578,2.950)[0m
[33m[WARN] [1788611566.287759657]: [planner][row1-debug] skeleton[1]=(2.155,2.950)[0m
[33m[WARN] [1788611566.287925381]: [planner][row1-debug] skeleton[2]=(2.155,3.791)[0m
[33m[WARN] [1788611566.288091966]: [planner][row1-debug] skeleton[3]=(1.250,3.791)[0m
[33m[WARN] [1788611566.288253673]: [planner][row1-debug] skeleton[4]=(1.250,4.301)[0m
[33m[WARN] [1788611566.288409588]: [planner][row1-debug] lane_shift skipped tgt=101 j=2 terminal A1 connector keeps full vertical segment[0m
[33m[WARN] [1788611566.288696772]: [planner][row1-debug] prepend enter src=34 row1_upper=0 raw_pts=74 a_rev=(1.938,2.459) b=(1.578,2.950) path_front=(1.578,2.950 0.0deg type=0)[0m
[33m[WARN] [1788611566.288997712]: [planner][row1-debug] route=A1_TO_B src=101 tgt=34 src_corr=1 tgt_corr=2 target=(1.938,2.641 th=-90.0deg) mode=auto terminal_reverse=0 near_gap=0.211 far_gap=0.491 horiz=0.688 min_x=0.676[0m
[33m[WARN] [1788611566.289183153]: [planner][row1-debug] initial_reverse tgt=34 same_corr=0 start_to_right=0 start_lane_y=3.791 forward_heading=180.0deg reverse_end_dir=(0.0deg) desired_end_x=1.610 actual_end=(1.610,3.791) curve_start=(1.250,4.129) curve_pts=56 direct_ok=1[0m
[33m[WARN] [1788611566.289353346]: [planner][row1-debug] skeleton tgt=34 points=5 terminal_reverse=0 goal_lane_y=2.950 terminal_stop_y=2.641 final_ref_x=1.250[0m
[33m[WARN] [1788611566.289520773]: [planner][row1-debug] skeleton[0]=(1.610,3.791)[0m
[33m[WARN] [1788611566.289693320]: [planner][row1-debug] skeleton[1]=(0.435,3.791)[0m
[33m[WARN] [1788611566.289867259]: [planner][row1-debug] skeleton[2]=(0.435,2.950)[0m
[33m[WARN] [1788611566.290029256]: [planner][row1-debug] skeleton[3]=(1.938,2.950)[0m
[33m[WARN] [1788611566.290196463]: [planner][row1-debug] skeleton[4]=(1.938,2.459)[0m
[33m[WARN] [1788611566.290885305]: [planner][row1-debug] route=B_TO_A1 debug_rev=row1_aux_lane_to_a1_v2 src=35 tgt=101 src_corr=3 tgt_corr=1 target=(1.250,4.100 th=90.0deg) mode=auto terminal_reverse=0 near_gap=0.584 far_gap=0.304 horiz=0.000 min_x=0.676[0m
[33m[WARN] [1788611566.291066511]: [planner][row1-debug] initial_reverse tgt=101 same_corr=0 start_to_right=1 start_lane_y=1.550 forward_heading=0.0deg reverse_end_dir=(180.0deg) desired_end_x=0.752 actual_end=(0.752,1.550) reverse_origin=(1.938,2.115) curve_start=(1.938,1.888) curve_pts=56 direct_ok=1[0m
[33m[WARN] [1788611566.291226874]: [planner][row1-debug] skeleton tgt=101 points=7 terminal_reverse=0 goal_lane_y=3.791 terminal_stop_y=4.100 final_ref_x=1.250[0m
[33m[WARN] [1788611566.291406324]: [planner][row1-debug] skeleton[0]=(0.752,1.550)[0m
[33m[WARN] [1788611566.291575304]: [planner][row1-debug] skeleton[1]=(1.250,1.550)[0m
[33m[WARN] [1788611566.291732903]: [planner][row1-debug] skeleton[2]=(1.250,2.950)[0m
[33m[WARN] [1788611566.291896102]: [planner][row1-debug] skeleton[3]=(0.435,2.950)[0m
[33m[WARN] [1788611566.292059932]: [planner][row1-debug] skeleton[4]=(0.435,3.791)[0m
[33m[WARN] [1788611566.292216659]: [planner][row1-debug] skeleton[5]=(1.250,3.791)[0m
[33m[WARN] [1788611566.292395418]: [planner][row1-debug] skeleton[6]=(1.250,4.301)[0m
[33m[WARN] [1788611566.292556473]: [planner][row1-debug] lane_shift rejected tgt=101 j=2 terminal=0 lateral=0.815 lead_in=0.643 lead_out=0.643[0m
[33m[WARN] [1788611566.292726054]: [planner][row1-debug] lane_shift skipped tgt=101 j=4 terminal A1 connector keeps full vertical segment[0m
[33m[WARN] [1788611566.295225949]: [planner][row1-debug] clothoid infeasible tgt=101 j=4 p=(0.435, 3.791) prev=(0.435, 2.950) next=(1.250, 3.791) prev_len=0.840 next_len=0.815 limit=0.332[0m
[33m[WARN] [1788611566.295417763]: [planner][row1-debug] local arc fallback tgt=101 j=4 radius=0.338 max_radius=0.367 pts=55[0m
[33m[WARN] [1788611566.295609526]: [planner][row1-debug] prepend enter src=35 row1_upper=0 raw_pts=156 a_rev=(1.938,2.041) b=(0.752,1.550) path_front=(0.752,1.550 0.0deg type=0)[0m
[33m[WARN] [1788611566.296293912]: [planner][row1-debug] route=B_TO_A1 debug_rev=row1_aux_lane_to_a1_v2 src=36 tgt=101 src_corr=2 tgt_corr=1 target=(1.250,4.100 th=90.0deg) mode=auto terminal_reverse=0 near_gap=0.584 far_gap=0.304 horiz=0.000 min_x=0.676[0m
[33m[WARN] [1788611566.296452813]: [planner][row1-debug] initial_reverse tgt=101 same_corr=0 start_to_right=1 start_lane_y=2.950 forward_heading=0.0deg reverse_end_dir=(180.0deg) desired_end_x=1.657 actual_end=(1.657,2.950) reverse_origin=(2.157,2.385) curve_start=(2.157,2.612) curve_pts=56 direct_ok=1[0m
[33m[WARN] [1788611566.296620065]: [planner][row1-debug] skeleton tgt=101 points=5 terminal_reverse=0 goal_lane_y=3.791 terminal_stop_y=4.100 final_ref_x=1.250[0m
[33m[WARN] [1788611566.296787657]: [planner][row1-debug] skeleton[0]=(1.657,2.950)[0m
[33m[WARN] [1788611566.297002234]: [planner][row1-debug] skeleton[1]=(2.155,2.950)[0m
[33m[WARN] [1788611566.297161295]: [planner][row1-debug] skeleton[2]=(2.155,3.791)[0m
[33m[WARN] [1788611566.297337669]: [planner][row1-debug] skeleton[3]=(1.250,3.791)[0m
[33m[WARN] [1788611566.297501309]: [planner][row1-debug] skeleton[4]=(1.250,4.301)[0m
[33m[WARN] [1788611566.297668053]: [planner][row1-debug] lane_shift skipped tgt=101 j=2 terminal A1 connector keeps full vertical segment[0m
[33m[WARN] [1788611566.298006095]: [planner][row1-debug] prepend enter src=36 row1_upper=0 raw_pts=88 a_rev=(2.157,2.459) b=(1.657,2.950) path_front=(1.657,2.950 0.0deg type=0)[0m
[33m[WARN] [1788611566.298237043]: [planner][row1-debug] route=A1_TO_B src=101 tgt=36 src_corr=1 tgt_corr=2 target=(2.157,2.641 th=-90.0deg) mode=auto terminal_reverse=0 near_gap=0.211 far_gap=0.491 horiz=0.907 min_x=0.676[0m
[33m[WARN] [1788611566.298398699]: [planner][row1-debug] initial_reverse tgt=36 same_corr=0 start_to_right=0 start_lane_y=3.791 forward_heading=180.0deg reverse_end_dir=(0.0deg) desired_end_x=1.610 actual_end=(1.610,3.791) curve_start=(1.250,4.129) curve_pts=56 direct_ok=1[0m
[33m[WARN] [1788611566.298562339]: [planner][row1-debug] skeleton tgt=36 points=5 terminal_reverse=0 goal_lane_y=2.950 terminal_stop_y=2.641 final_ref_x=1.250[0m
[33m[WARN] [1788611566.298734756]: [planner][row1-debug] skeleton[0]=(1.610,3.791)[0m
[33m[WARN] [1788611566.298913023]: [planner][row1-debug] skeleton[1]=(0.435,3.791)[0m
[33m[WARN] [1788611566.299068869]: [planner][row1-debug] skeleton[2]=(0.435,2.950)[0m
[33m[WARN] [1788611566.299230274]: [planner][row1-debug] skeleton[3]=(2.157,2.950)[0m
[33m[WARN] [1788611566.299385599]: [planner][row1-debug] skeleton[4]=(2.157,2.459)[0m
[33m[WARN] [1788611566.300064284]: [planner][row1-debug] route=B_TO_A1 debug_rev=row1_aux_lane_to_a1_v2 src=37 tgt=101 src_corr=3 tgt_corr=1 target=(1.250,4.100 th=90.0deg) mode=auto terminal_reverse=0 near_gap=0.584 far_gap=0.304 horiz=0.000 min_x=0.676[0m
[33m[WARN] [1788611566.300236170]: [planner][row1-debug] initial_reverse tgt=101 same_corr=0 start_to_right=1 start_lane_y=1.550 forward_heading=0.0deg reverse_end_dir=(180.0deg) desired_end_x=0.752 actual_end=(0.752,1.550) reverse_origin=(2.157,2.115) curve_start=(2.157,1.888) curve_pts=56 direct_ok=1[0m
[33m[WARN] [1788611566.300394019]: [planner][row1-debug] skeleton tgt=101 points=7 terminal_reverse=0 goal_lane_y=3.791 terminal_stop_y=4.100 final_ref_x=1.250[0m
[33m[WARN] [1788611566.300552349]: [planner][row1-debug] skeleton[0]=(0.752,1.550)[0m
[33m[WARN] [1788611566.300712462]: [planner][row1-debug] skeleton[1]=(1.250,1.550)[0m
[33m[WARN] [1788611566.300871944]: [planner][row1-debug] skeleton[2]=(1.250,2.950)[0m
[33m[WARN] [1788611566.301036486]: [planner][row1-debug] skeleton[3]=(0.435,2.950)[0m
[33m[WARN] [1788611566.301198623]: [planner][row1-debug] skeleton[4]=(0.435,3.791)[0m
[33m[WARN] [1788611566.301358095]: [planner][row1-debug] skeleton[5]=(1.250,3.791)[0m
[33m[WARN] [1788611566.301519128]: [planner][row1-debug] skeleton[6]=(1.250,4.301)[0m
[33m[WARN] [1788611566.301691507]: [planner][row1-debug] lane_shift rejected tgt=101 j=2 terminal=0 lateral=0.815 lead_in=0.643 lead_out=0.643[0m
[33m[WARN] [1788611566.301853674]: [planner][row1-debug] lane_shift skipped tgt=101 j=4 terminal A1 connector keeps full vertical segment[0m
[33m[WARN] [1788611566.304283827]: [planner][row1-debug] clothoid infeasible tgt=101 j=4 p=(0.435, 3.791) prev=(0.435, 2.950) next=(1.250, 3.791) prev_len=0.840 next_len=0.815 limit=0.332[0m
[33m[WARN] [1788611566.304467735]: [planner][row1-debug] local arc fallback tgt=101 j=4 radius=0.338 max_radius=0.367 pts=55[0m
[33m[WARN] [1788611566.304640783]: [planner][row1-debug] prepend enter src=37 row1_upper=0 raw_pts=178 a_rev=(2.157,2.041) b=(0.752,1.550) path_front=(0.752,1.550 0.0deg type=0)[0m
[33m[WARN] [1788611566.305362009]: [planner][row1-debug] route=B_TO_A1 debug_rev=row1_aux_lane_to_a1_v2 src=38 tgt=101 src_corr=2 tgt_corr=1 target=(1.250,4.100 th=90.0deg) mode=auto terminal_reverse=0 near_gap=0.584 far_gap=0.304 horiz=0.000 min_x=0.676[0m
[33m[WARN] [1788611566.305530268]: [planner][row1-debug] initial_reverse tgt=101 same_corr=0 start_to_right=1 start_lane_y=2.950 forward_heading=0.0deg reverse_end_dir=(180.0deg) desired_end_x=1.657 actual_end=(1.657,2.950) reverse_origin=(2.376,2.385) curve_start=(2.376,2.612) curve_pts=56 direct_ok=1[0m
[33m[WARN] [1788611566.305690992]: [planner][row1-debug] skeleton tgt=101 points=5 terminal_reverse=0 goal_lane_y=3.791 terminal_stop_y=4.100 final_ref_x=1.250[0m
[33m[WARN] [1788611566.305868088]: [planner][row1-debug] skeleton[0]=(1.657,2.950)[0m
[33m[WARN] [1788611566.306072084]: [planner][row1-debug] skeleton[1]=(2.155,2.950)[0m
[33m[WARN] [1788611566.306254369]: [planner][row1-debug] skeleton[2]=(2.155,3.791)[0m
[33m[WARN] [1788611566.306426516]: [planner][row1-debug] skeleton[3]=(1.250,3.791)[0m
[33m[WARN] [1788611566.306605813]: [planner][row1-debug] skeleton[4]=(1.250,4.301)[0m
[33m[WARN] [1788611566.306771058]: [planner][row1-debug] lane_shift skipped tgt=101 j=2 terminal A1 connector keeps full vertical segment[0m
[33m[WARN] [1788611566.307166267]: [planner][row1-debug] prepend enter src=38 row1_upper=0 raw_pts=110 a_rev=(2.376,2.459) b=(1.657,2.950) path_front=(1.657,2.950 0.0deg type=0)[0m
[33m[WARN] [1788611566.307392295]: [planner][row1-debug] route=A1_TO_B src=101 tgt=38 src_corr=1 tgt_corr=2 target=(2.376,2.641 th=-90.0deg) mode=auto terminal_reverse=0 near_gap=0.211 far_gap=0.491 horiz=1.126 min_x=0.676[0m
[33m[WARN] [1788611566.307553831]: [planner][row1-debug] initial_reverse tgt=38 same_corr=0 start_to_right=0 start_lane_y=3.791 forward_heading=180.0deg reverse_end_dir=(0.0deg) desired_end_x=1.610 actual_end=(1.610,3.791) curve_start=(1.250,4.129) curve_pts=56 direct_ok=1[0m
[33m[WARN] [1788611566.307711539]: [planner][row1-debug] skeleton tgt=38 points=5 terminal_reverse=0 goal_lane_y=2.950 terminal_stop_y=2.641 final_ref_x=1.250[0m
[33m[WARN] [1788611566.307875129]: [planner][row1-debug] skeleton[0]=(1.610,3.791)[0m
[33m[WARN] [1788611566.308036014]: [planner][row1-debug] skeleton[1]=(0.435,3.791)[0m
[33m[WARN] [1788611566.308197209]: [planner][row1-debug] skeleton[2]=(0.435,2.950)[0m
[33m[WARN] [1788611566.308364215]: [planner][row1-debug] skeleton[3]=(2.376,2.950)[0m
[33m[WARN] [1788611566.308524640]: [planner][row1-debug] skeleton[4]=(2.376,2.459)[0m
[33m[WARN] [1788611566.309221520]: [planner][row1-debug] route=B_TO_A1 debug_rev=row1_aux_lane_to_a1_v2 src=39 tgt=101 src_corr=3 tgt_corr=1 target=(1.250,4.100 th=90.0deg) mode=auto terminal_reverse=0 near_gap=0.584 far_gap=0.304 horiz=0.000 min_x=0.676[0m
[33m[WARN] [1788611566.309386873]: [planner][row1-debug] initial_reverse tgt=101 same_corr=0 start_to_right=1 start_lane_y=1.550 forward_heading=0.0deg reverse_end_dir=(180.0deg) desired_end_x=0.752 actual_end=(0.752,1.550) reverse_origin=(2.376,2.115) curve_start=(2.376,1.888) curve_pts=56 direct_ok=1[0m
[33m[WARN] [1788611566.309540334]: [planner][row1-debug] skeleton tgt=101 points=7 terminal_reverse=0 goal_lane_y=3.791 terminal_stop_y=4.100 final_ref_x=1.250[0m
[33m[WARN] [1788611566.309701098]: [planner][row1-debug] skeleton[0]=(0.752,1.550)[0m
[33m[WARN] [1788611566.309859969]: [planner][row1-debug] skeleton[1]=(1.250,1.550)[0m
[33m[WARN] [1788611566.310013871]: [planner][row1-debug] skeleton[2]=(1.250,2.950)[0m
[33m[WARN] [1788611566.310166460]: [planner][row1-debug] skeleton[3]=(0.435,2.950)[0m
[33m[WARN] [1788611566.310325361]: [planner][row1-debug] skeleton[4]=(0.435,3.791)[0m
[33m[WARN] [1788611566.310484272]: [planner][row1-debug] skeleton[5]=(1.250,3.791)[0m
[33m[WARN] [1788611566.310643734]: [planner][row1-debug] skeleton[6]=(1.250,4.301)[0m
[33m[WARN] [1788611566.310814337]: [planner][row1-debug] lane_shift rejected tgt=101 j=2 terminal=0 lateral=0.815 lead_in=0.643 lead_out=0.643[0m
[33m[WARN] [1788611566.310968559]: [planner][row1-debug] lane_shift skipped tgt=101 j=4 terminal A1 connector keeps full vertical segment[0m
[33m[WARN] [1788611566.313437766]: [planner][row1-debug] clothoid infeasible tgt=101 j=4 p=(0.435, 3.791) prev=(0.435, 2.950) next=(1.250, 3.791) prev_len=0.840 next_len=0.815 limit=0.332[0m
[33m[WARN] [1788611566.313612067]: [planner][row1-debug] local arc fallback tgt=101 j=4 radius=0.338 max_radius=0.367 pts=55[0m
[33m[WARN] [1788611566.313790545]: [planner][row1-debug] prepend enter src=39 row1_upper=0 raw_pts=200 a_rev=(2.376,2.041) b=(0.752,1.550) path_front=(0.752,1.550 0.0deg type=0)[0m
[33m[WARN] [1788611566.314398737]: [planner][row1-debug] route=B_TO_A1 debug_rev=row1_aux_lane_to_a1_v2 src=40 tgt=101 src_corr=3 tgt_corr=1 target=(1.250,4.100 th=90.0deg) mode=auto terminal_reverse=0 near_gap=0.584 far_gap=0.304 horiz=0.000 min_x=0.676[0m
[33m[WARN] [1788611566.314562317]: [planner][row1-debug] initial_reverse tgt=101 same_corr=0 start_to_right=0 start_lane_y=1.830 forward_heading=180.0deg reverse_end_dir=(0.0deg) desired_end_x=1.748 actual_end=(1.748,1.830) reverse_origin=(0.143,1.265) curve_start=(0.143,1.491) curve_pts=56 direct_ok=1[0m
[33m[WARN] [1788611566.314722861]: [planner][row1-debug] skeleton tgt=101 points=7 terminal_reverse=0 goal_lane_y=3.791 terminal_stop_y=4.100 final_ref_x=1.250[0m
[33m[WARN] [1788611566.314874969]: [planner][row1-debug] skeleton[0]=(1.748,1.830)[0m
[33m[WARN] [1788611566.315035894]: [planner][row1-debug] skeleton[1]=(1.250,1.830)[0m
[33m[WARN] [1788611566.315187511]: [planner][row1-debug] skeleton[2]=(1.250,2.950)[0m
[33m[WARN] [1788611566.315340731]: [planner][row1-debug] skeleton[3]=(0.435,2.950)[0m
[33m[WARN] [1788611566.315513889]: [planner][row1-debug] skeleton[4]=(0.435,3.791)[0m
[33m[WARN] [1788611566.315671367]: [planner][row1-debug] skeleton[5]=(1.250,3.791)[0m
[33m[WARN] [1788611566.315829587]: [planner][row1-debug] skeleton[6]=(1.250,4.301)[0m
[33m[WARN] [1788611566.315984320]: [planner][row1-debug] lane_shift too short tgt=101 j=1 terminal=0 lateral=1.121 need=1.508 avail=1.287[0m
[33m[WARN] [1788611566.316140285]: [planner][row1-debug] lane_shift rejected tgt=101 j=2 terminal=0 lateral=0.815 lead_in=0.643 lead_out=0.643[0m
[33m[WARN] [1788611566.316291562]: [planner][row1-debug] lane_shift skipped tgt=101 j=4 terminal A1 connector keeps full vertical segment[0m
[33m[WARN] [1788611566.318986356]: [planner][row1-debug] clothoid infeasible tgt=101 j=4 p=(0.435, 3.791) prev=(0.435, 2.950) next=(1.250, 3.791) prev_len=0.840 next_len=0.815 limit=0.332[0m
[33m[WARN] [1788611566.319228996]: [planner][row1-debug] local arc fallback tgt=101 j=4 radius=0.338 max_radius=0.367 pts=55[0m
[33m[WARN] [1788611566.319439655]: [planner][row1-debug] prepend enter src=40 row1_upper=0 raw_pts=198 a_rev=(0.143,1.338) b=(1.748,1.830) path_front=(1.748,1.830 180.0deg type=0)[0m
[33m[WARN] [1788611566.319731979]: [planner][row1-debug] route=A1_TO_B src=101 tgt=40 src_corr=1 tgt_corr=3 target=(0.143,1.520 th=-90.0deg) mode=auto terminal_reverse=0 near_gap=0.491 far_gap=0.211 horiz=1.107 min_x=0.676[0m
[33m[WARN] [1788611566.319933060]: [planner][row1-debug] initial_reverse tgt=40 same_corr=0 start_to_right=0 start_lane_y=3.791 forward_heading=180.0deg reverse_end_dir=(0.0deg) desired_end_x=1.610 actual_end=(1.610,3.791) curve_start=(1.250,4.129) curve_pts=56 direct_ok=1[0m
[33m[WARN] [1788611566.320127668]: [planner][row1-debug] skeleton tgt=40 points=7 terminal_reverse=0 goal_lane_y=1.830 terminal_stop_y=1.520 final_ref_x=1.250[0m
[33m[WARN] [1788611566.320303662]: [planner][row1-debug] skeleton[0]=(1.610,3.791)[0m
[33m[WARN] [1788611566.320462011]: [planner][row1-debug] skeleton[1]=(0.145,3.791)[0m
[33m[WARN] [1788611566.320620201]: [planner][row1-debug] skeleton[2]=(0.145,2.950)[0m
[33m[WARN] [1788611566.320786115]: [planner][row1-debug] skeleton[3]=(1.250,2.950)[0m
[33m[WARN] [1788611566.320999575]: [planner][row1-debug] skeleton[4]=(1.250,1.830)[0m
[33m[WARN] [1788611566.321172157]: [planner][row1-debug] skeleton[5]=(0.143,1.830)[0m
[33m[WARN] [1788611566.321332390]: [planner][row1-debug] skeleton[6]=(0.143,1.338)[0m
[33m[WARN] [1788611566.321504516]: [planner][row1-debug] lane_shift rejected tgt=40 j=2 terminal=0 lateral=1.105 lead_in=0.472 lead_out=1.025[0m
[33m[WARN] [1788611566.321669739]: [planner][row1-debug] lane_shift skipped tgt=40 j=4 terminal=1 lateral=1.107: row5 keeps transition-lane turn[0m
[33m[WARN] [1788611566.322443745]: [planner][row1-debug] route=B_TO_A1 debug_rev=row1_aux_lane_to_a1_v2 src=41 tgt=101 src_corr=4 tgt_corr=1 target=(1.250,4.100 th=90.0deg) mode=auto terminal_reverse=0 near_gap=0.584 far_gap=0.304 horiz=0.000 min_x=0.676[0m
[33m[WARN] [1788611566.322617905]: [planner][row1-debug] initial_reverse tgt=101 same_corr=0 start_to_right=0 start_lane_y=0.429 forward_heading=180.0deg reverse_end_dir=(0.0deg) desired_end_x=1.543 actual_end=(1.543,0.429) reverse_origin=(0.143,0.994) curve_start=(0.143,0.768) curve_pts=56 direct_ok=1[0m
[33m[WARN] [1788611566.322854894]: [planner][row1-debug] row3lower 3to2 staged shift src=41 side=left lower=(1.125,1.550) upper=(1.125,1.830) bridge=(1.250,1.830) next=(1.250,2.670)[0m
[33m[WARN] [1788611566.323024586]: [planner][row1-debug] skeleton tgt=101 points=9 terminal_reverse=0 goal_lane_y=3.791 terminal_stop_y=4.100 final_ref_x=1.250[0m
[33m[WARN] [1788611566.323188216]: [planner][row1-debug] skeleton[0]=(1.543,0.429)[0m
[33m[WARN] [1788611566.323353028]: [planner][row1-debug] skeleton[1]=(1.125,0.429)[0m
[33m[WARN] [1788611566.323531416]: [planner][row1-debug] skeleton[2]=(1.125,1.830)[0m
[33m[WARN] [1788611566.323700436]: [planner][row1-debug] skeleton[3]=(1.250,1.830)[0m
[33m[WARN] [1788611566.323857423]: [planner][row1-debug] skeleton[4]=(1.250,2.950)[0m
[33m[WARN] [1788611566.324031994]: [planner][row1-debug] skeleton[5]=(0.435,2.950)[0m
[33m[WARN] [1788611566.324196716]: [planner][row1-debug] skeleton[6]=(0.435,3.791)[0m
[33m[WARN] [1788611566.324370626]: [planner][row1-debug] skeleton[7]=(1.250,3.791)[0m
[33m[WARN] [1788611566.324532532]: [planner][row1-debug] skeleton[8]=(1.250,4.301)[0m
[33m[WARN] [1788611566.324698947]: [planner][row1-debug] lane_shift accepted tgt=101 j=2 terminal=0 lateral=0.125 lead_in=0.600 lead_out=0.600 row3lower_3to2=1[0m
[33m[WARN] [1788611566.324862127]: [planner][row1-debug] lane_shift rejected tgt=101 j=4 terminal=0 lateral=0.815 lead_in=0.643 lead_out=0.643[0m
[33m[WARN] [1788611566.325005526]: [planner][row1-debug] lane_shift skipped tgt=101 j=6 terminal A1 connector keeps full vertical segment[0m
[33m[WARN] [1788611566.327550599]: [planner][row1-debug] clothoid infeasible tgt=101 j=6 p=(0.435, 3.791) prev=(0.435, 2.950) next=(1.250, 3.791) prev_len=0.840 next_len=0.815 limit=0.332[0m
[33m[WARN] [1788611566.327738315]: [planner][row1-debug] local arc fallback tgt=101 j=6 radius=0.338 max_radius=0.367 pts=55[0m
[33m[WARN] [1788611566.327955306]: [planner][row1-debug] prepend enter src=41 row1_upper=0 raw_pts=178 a_rev=(0.143,0.920) b=(1.543,0.429) path_front=(1.543,0.429 180.0deg type=0)[0m
[33m[WARN] [1788611566.329011115]: [planner][row1-debug] route=B_TO_A1 debug_rev=row1_aux_lane_to_a1_v2 src=42 tgt=101 src_corr=3 tgt_corr=1 target=(1.250,4.100 th=90.0deg) mode=auto terminal_reverse=0 near_gap=0.584 far_gap=0.304 horiz=0.000 min_x=0.676[0m
[33m[WARN] [1788611566.329181117]: [planner][row1-debug] initial_reverse tgt=101 same_corr=0 start_to_right=0 start_lane_y=1.830 forward_heading=180.0deg reverse_end_dir=(0.0deg) desired_end_x=1.748 actual_end=(1.748,1.830) reverse_origin=(0.381,1.265) curve_start=(0.381,1.491) curve_pts=56 direct_ok=1[0m
[33m[WARN] [1788611566.329365887]: [planner][row1-debug] skeleton tgt=101 points=7 terminal_reverse=0 goal_lane_y=3.791 terminal_stop_y=4.100 final_ref_x=1.250[0m
[33m[WARN] [1788611566.329547632]: [planner][row1-debug] skeleton[0]=(1.748,1.830)[0m
[33m[WARN] [1788611566.329717213]: [planner][row1-debug] skeleton[1]=(1.250,1.830)[0m
[33m[WARN] [1788611566.329872557]: [planner][row1-debug] skeleton[2]=(1.250,2.950)[0m
[33m[WARN] [1788611566.330037500]: [planner][row1-debug] skeleton[3]=(0.435,2.950)[0m
[33m[WARN] [1788611566.330199697]: [planner][row1-debug] skeleton[4]=(0.435,3.791)[0m
[33m[WARN] [1788611566.330389607]: [planner][row1-debug] skeleton[5]=(1.250,3.791)[0m
[33m[WARN] [1788611566.330553958]: [planner][row1-debug] skeleton[6]=(1.250,4.301)[0m
[33m[WARN] [1788611566.330710184]: [planner][row1-debug] lane_shift too short tgt=101 j=1 terminal=0 lateral=1.121 need=1.508 avail=1.287[0m
[33m[WARN] [1788611566.330876599]: [planner][row1-debug] lane_shift rejected tgt=101 j=2 terminal=0 lateral=0.815 lead_in=0.643 lead_out=0.643[0m
[33m[WARN] [1788611566.331056740]: [planner][row1-debug] lane_shift skipped tgt=101 j=4 terminal A1 connector keeps full vertical segment[0m
[33m[WARN] [1788611566.333536267]: [planner][row1-debug] clothoid infeasible tgt=101 j=4 p=(0.435, 3.791) prev=(0.435, 2.950) next=(1.250, 3.791) prev_len=0.840 next_len=0.815 limit=0.332[0m
[33m[WARN] [1788611566.333702562]: [planner][row1-debug] local arc fallback tgt=101 j=4 radius=0.338 max_radius=0.367 pts=55[0m
[33m[WARN] [1788611566.333928039]: [planner][row1-debug] prepend enter src=42 row1_upper=0 raw_pts=174 a_rev=(0.381,1.338) b=(1.748,1.830) path_front=(1.748,1.830 180.0deg type=0)[0m
[33m[WARN] [1788611566.334229169]: [planner][row1-debug] route=A1_TO_B src=101 tgt=42 src_corr=1 tgt_corr=3 target=(0.381,1.520 th=-90.0deg) mode=auto terminal_reverse=0 near_gap=0.491 far_gap=0.211 horiz=0.869 min_x=0.676[0m
[33m[WARN] [1788611566.334406485]: [planner][row1-debug] initial_reverse tgt=42 same_corr=0 start_to_right=0 start_lane_y=3.791 forward_heading=180.0deg reverse_end_dir=(0.0deg) desired_end_x=1.610 actual_end=(1.610,3.791) curve_start=(1.250,4.129) curve_pts=56 direct_ok=1[0m
[33m[WARN] [1788611566.334581577]: [planner][row1-debug] skeleton tgt=42 points=7 terminal_reverse=0 goal_lane_y=1.830 terminal_stop_y=1.520 final_ref_x=1.250[0m
[33m[WARN] [1788611566.334770305]: [planner][row1-debug] skeleton[0]=(1.610,3.791)[0m
[33m[WARN] [1788611566.334945406]: [planner][row1-debug] skeleton[1]=(0.145,3.791)[0m
[33m[WARN] [1788611566.335112352]: [planner][row1-debug] skeleton[2]=(0.145,2.950)[0m
[33m[WARN] [1788611566.335277105]: [planner][row1-debug] skeleton[3]=(1.250,2.950)[0m
[33m[WARN] [1788611566.335437188]: [planner][row1-debug] skeleton[4]=(1.250,1.830)[0m
[33m[WARN] [1788611566.335596449]: [planner][row1-debug] skeleton[5]=(0.381,1.830)[0m
[33m[WARN] [1788611566.335758717]: [planner][row1-debug] skeleton[6]=(0.381,1.338)[0m
[33m[WARN] [1788611566.335928178]: [planner][row1-debug] lane_shift rejected tgt=42 j=2 terminal=0 lateral=1.105 lead_in=0.472 lead_out=1.025[0m
[33m[WARN] [1788611566.336098410]: [planner][row1-debug] lane_shift skipped tgt=42 j=4 terminal=1 lateral=0.869: row5 keeps transition-lane turn[0m
[33m[WARN] [1788611566.337111499]: [planner][row1-debug] route=B_TO_A1 debug_rev=row1_aux_lane_to_a1_v2 src=43 tgt=101 src_corr=4 tgt_corr=1 target=(1.250,4.100 th=90.0deg) mode=auto terminal_reverse=0 near_gap=0.584 far_gap=0.304 horiz=0.000 min_x=0.676[0m
[33m[WARN] [1788611566.337293815]: [planner][row1-debug] initial_reverse tgt=101 same_corr=0 start_to_right=0 start_lane_y=0.429 forward_heading=180.0deg reverse_end_dir=(0.0deg) desired_end_x=1.543 actual_end=(1.543,0.429) reverse_origin=(0.381,0.994) curve_start=(0.381,0.768) curve_pts=56 direct_ok=1[0m
[33m[WARN] [1788611566.337454940]: [planner][row1-debug] row3lower 3to2 staged shift src=43 side=left lower=(1.125,1.550) upper=(1.125,1.830) bridge=(1.250,1.830) next=(1.250,2.670)[0m
[33m[WARN] [1788611566.337614923]: [planner][row1-debug] skeleton tgt=101 points=9 terminal_reverse=0 goal_lane_y=3.791 terminal_stop_y=4.100 final_ref_x=1.250[0m
[33m[WARN] [1788611566.337765909]: [planner][row1-debug] skeleton[0]=(1.543,0.429)[0m
[33m[WARN] [1788611566.337923528]: [planner][row1-debug] skeleton[1]=(1.125,0.429)[0m
[33m[WARN] [1788611566.338084382]: [planner][row1-debug] skeleton[2]=(1.125,1.830)[0m
[33m[WARN] [1788611566.338240999]: [planner][row1-debug] skeleton[3]=(1.250,1.830)[0m
[33m[WARN] [1788611566.338409779]: [planner][row1-debug] skeleton[4]=(1.250,2.950)[0m
[33m[WARN] [1788611566.338569541]: [planner][row1-debug] skeleton[5]=(0.435,2.950)[0m
[33m[WARN] [1788611566.338727550]: [planner][row1-debug] skeleton[6]=(0.435,3.791)[0m
[33m[WARN] [1788611566.338881101]: [planner][row1-debug] skeleton[7]=(1.250,3.791)[0m
[33m[WARN] [1788611566.339037948]: [planner][row1-debug] skeleton[8]=(1.250,4.301)[0m
[33m[WARN] [1788611566.339203442]: [planner][row1-debug] lane_shift accepted tgt=101 j=2 terminal=0 lateral=0.125 lead_in=0.600 lead_out=0.600 row3lower_3to2=1[0m
[33m[WARN] [1788611566.339366340]: [planner][row1-debug] lane_shift rejected tgt=101 j=4 terminal=0 lateral=0.815 lead_in=0.643 lead_out=0.643[0m
[33m[WARN] [1788611566.339578462]: [planner][row1-debug] lane_shift skipped tgt=101 j=6 terminal A1 connector keeps full vertical segment[0m
[33m[WARN] [1788611566.342264089]: [planner][row1-debug] clothoid infeasible tgt=101 j=6 p=(0.435, 3.791) prev=(0.435, 2.950) next=(1.250, 3.791) prev_len=0.840 next_len=0.815 limit=0.332[0m
[33m[WARN] [1788611566.342506538]: [planner][row1-debug] local arc fallback tgt=101 j=6 radius=0.338 max_radius=0.367 pts=55[0m
[33m[WARN] [1788611566.342735412]: [planner][row1-debug] prepend enter src=43 row1_upper=0 raw_pts=154 a_rev=(0.381,0.920) b=(1.543,0.429) path_front=(1.543,0.429 180.0deg type=0)[0m
[33m[WARN] [1788611566.343707513]: [planner][row1-debug] route=B_TO_A1 debug_rev=row1_aux_lane_to_a1_v2 src=44 tgt=101 src_corr=3 tgt_corr=1 target=(1.250,4.100 th=90.0deg) mode=auto terminal_reverse=0 near_gap=0.584 far_gap=0.304 horiz=0.000 min_x=0.676[0m
[33m[WARN] [1788611566.343875431]: [planner][row1-debug] initial_reverse tgt=101 same_corr=0 start_to_right=0 start_lane_y=1.830 forward_heading=180.0deg reverse_end_dir=(0.0deg) desired_end_x=1.748 actual_end=(1.748,1.830) reverse_origin=(0.619,1.265) curve_start=(0.619,1.491) curve_pts=56 direct_ok=1[0m
[33m[WARN] [1788611566.344041546]: [planner][row1-debug] skeleton tgt=101 points=7 terminal_reverse=0 goal_lane_y=3.791 terminal_stop_y=4.100 final_ref_x=1.250[0m
[33m[WARN] [1788611566.344207160]: [planner][row1-debug] skeleton[0]=(1.748,1.830)[0m
[33m[WARN] [1788611566.344371251]: [planner][row1-debug] skeleton[1]=(1.250,1.830)[0m
[33m[WARN] [1788611566.344530011]: [planner][row1-debug] skeleton[2]=(1.250,2.950)[0m
[33m[WARN] [1788611566.344681719]: [planner][row1-debug] skeleton[3]=(0.435,2.950)[0m
[33m[WARN] [1788611566.344855558]: [planner][row1-debug] skeleton[4]=(0.435,3.791)[0m
[33m[WARN] [1788611566.345056929]: [planner][row1-debug] skeleton[5]=(1.250,3.791)[0m
[33m[WARN] [1788611566.345240046]: [planner][row1-debug] skeleton[6]=(1.250,4.301)[0m
[33m[WARN] [1788611566.345407674]: [planner][row1-debug] lane_shift too short tgt=101 j=1 terminal=0 lateral=1.121 need=1.508 avail=1.287[0m
[33m[WARN] [1788611566.345570202]: [planner][row1-debug] lane_shift rejected tgt=101 j=2 terminal=0 lateral=0.815 lead_in=0.643 lead_out=0.643[0m
[33m[WARN] [1788611566.345751079]: [planner][row1-debug] lane_shift skipped tgt=101 j=4 terminal A1 connector keeps full vertical segment[0m
[33m[WARN] [1788611566.348230160]: [planner][row1-debug] clothoid infeasible tgt=101 j=4 p=(0.435, 3.791) prev=(0.435, 2.950) next=(1.250, 3.791) prev_len=0.840 next_len=0.815 limit=0.332[0m
[33m[WARN] [1788611566.348416343]: [planner][row1-debug] local arc fallback tgt=101 j=4 radius=0.338 max_radius=0.367 pts=55[0m
[33m[WARN] [1788611566.348617985]: [planner][row1-debug] prepend enter src=44 row1_upper=0 raw_pts=151 a_rev=(0.619,1.338) b=(1.748,1.830) path_front=(1.748,1.830 180.0deg type=0)[0m
[33m[WARN] [1788611566.348972156]: [planner][row1-debug] route=A1_TO_B src=101 tgt=44 src_corr=1 tgt_corr=3 target=(0.619,1.520 th=-90.0deg) mode=auto terminal_reverse=0 near_gap=0.491 far_gap=0.211 horiz=0.631 min_x=0.676[0m
[33m[WARN] [1788611566.349174870]: [planner][row1-debug] initial_reverse tgt=44 same_corr=0 start_to_right=0 start_lane_y=3.791 forward_heading=180.0deg reverse_end_dir=(0.0deg) desired_end_x=1.610 actual_end=(1.610,3.791) curve_start=(1.250,4.129) curve_pts=56 direct_ok=1[0m
[33m[WARN] [1788611566.349394496]: [planner][row1-debug] center detour tgt=44 aux=(1.708,1.830) stage=(0.181,1.830) heading=0.0deg turn_pts=71[0m
[33m[WARN] [1788611566.349565029]: [planner][row1-debug] skeleton tgt=44 points=6 terminal_reverse=0 goal_lane_y=1.830 terminal_stop_y=1.520 final_ref_x=1.250[0m
[33m[WARN] [1788611566.349718780]: [planner][row1-debug] skeleton[0]=(1.610,3.791)[0m
[33m[WARN] [1788611566.349880967]: [planner][row1-debug] skeleton[1]=(0.145,3.791)[0m
[33m[WARN] [1788611566.350057492]: [planner][row1-debug] skeleton[2]=(0.145,2.950)[0m
[33m[WARN] [1788611566.350220741]: [planner][row1-debug] skeleton[3]=(1.250,2.950)[0m
[33m[WARN] [1788611566.350374031]: [planner][row1-debug] skeleton[4]=(1.250,1.830)[0m
[33m[WARN] [1788611566.350528384]: [planner][row1-debug] skeleton[5]=(1.708,1.830)[0m
[33m[WARN] [1788611566.350682395]: [planner][row1-debug] lane_shift rejected tgt=44 j=2 terminal=0 lateral=1.105 lead_in=0.472 lead_out=1.025[0m
[33m[WARN] [1788611566.350870321]: [planner][row1-debug] lane_shift skipped tgt=44 j=3 terminal=1 lateral=1.121: row5 keeps transition-lane turn[0m
[33m[WARN] [1788611566.351688832]: [planner][row1-debug] route=B_TO_A1 debug_rev=row1_aux_lane_to_a1_v2 src=45 tgt=101 src_corr=4 tgt_corr=1 target=(1.250,4.100 th=90.0deg) mode=auto terminal_reverse=0 near_gap=0.584 far_gap=0.304 horiz=0.000 min_x=0.676[0m
[33m[WARN] [1788611566.351849396]: [planner][row1-debug] initial_reverse tgt=101 same_corr=0 start_to_right=0 start_lane_y=0.429 forward_heading=180.0deg reverse_end_dir=(0.0deg) desired_end_x=1.543 actual_end=(1.543,0.429) reverse_origin=(0.619,0.994) curve_start=(0.619,0.768) curve_pts=56 direct_ok=1[0m
[33m[WARN] [1788611566.352013387]: [planner][row1-debug] row3lower 3to2 staged shift src=45 side=left lower=(1.125,1.550) upper=(1.125,1.830) bridge=(1.250,1.830) next=(1.250,2.670)[0m
[33m[WARN] [1788611566.352178209]: [planner][row1-debug] skeleton tgt=101 points=9 terminal_reverse=0 goal_lane_y=3.791 terminal_stop_y=4.100 final_ref_x=1.250[0m
[33m[WARN] [1788611566.352336939]: [planner][row1-debug] skeleton[0]=(1.543,0.429)[0m
[33m[WARN] [1788611566.352490370]: [planner][row1-debug] skeleton[1]=(1.125,0.429)[0m
[33m[WARN] [1788611566.352662937]: [planner][row1-debug] skeleton[2]=(1.125,1.830)[0m
[33m[WARN] [1788611566.352829733]: [planner][row1-debug] skeleton[3]=(1.250,1.830)[0m
[33m[WARN] [1788611566.353008782]: [planner][row1-debug] skeleton[4]=(1.250,2.950)[0m
[33m[WARN] [1788611566.353171961]: [planner][row1-debug] skeleton[5]=(0.435,2.950)[0m
[33m[WARN] [1788611566.353325151]: [planner][row1-debug] skeleton[6]=(0.435,3.791)[0m
[33m[WARN] [1788611566.353480646]: [planner][row1-debug] skeleton[7]=(1.250,3.791)[0m
[33m[WARN] [1788611566.353639176]: [planner][row1-debug] skeleton[8]=(1.250,4.301)[0m
[33m[WARN] [1788611566.353802125]: [planner][row1-debug] lane_shift accepted tgt=101 j=2 terminal=0 lateral=0.125 lead_in=0.600 lead_out=0.600 row3lower_3to2=1[0m
[33m[WARN] [1788611566.353965384]: [planner][row1-debug] lane_shift rejected tgt=101 j=4 terminal=0 lateral=0.815 lead_in=0.643 lead_out=0.643[0m
[33m[WARN] [1788611566.354121169]: [planner][row1-debug] lane_shift skipped tgt=101 j=6 terminal A1 connector keeps full vertical segment[0m
[33m[WARN] [1788611566.356626204]: [planner][row1-debug] clothoid infeasible tgt=101 j=6 p=(0.435, 3.791) prev=(0.435, 2.950) next=(1.250, 3.791) prev_len=0.840 next_len=0.815 limit=0.332[0m
[33m[WARN] [1788611566.356803810]: [planner][row1-debug] local arc fallback tgt=101 j=6 radius=0.338 max_radius=0.367 pts=55[0m
[33m[WARN] [1788611566.357023697]: [planner][row1-debug] prepend enter src=45 row1_upper=0 raw_pts=130 a_rev=(0.619,0.920) b=(1.543,0.429) path_front=(1.543,0.429 180.0deg type=0)[0m
[33m[WARN] [1788611566.357887603]: [planner][row1-debug] route=B_TO_A1 debug_rev=row1_aux_lane_to_a1_v2 src=46 tgt=101 src_corr=3 tgt_corr=1 target=(1.250,4.100 th=90.0deg) mode=auto terminal_reverse=0 near_gap=0.584 far_gap=0.304 horiz=0.000 min_x=0.676[0m
[33m[WARN] [1788611566.358050282]: [planner][row1-debug] initial_reverse tgt=101 same_corr=0 start_to_right=0 start_lane_y=1.830 forward_heading=180.0deg reverse_end_dir=(0.0deg) desired_end_x=1.748 actual_end=(1.748,1.830) reverse_origin=(0.857,1.265) curve_start=(0.857,1.491) curve_pts=56 direct_ok=1[0m
[33m[WARN] [1788611566.358209734]: [planner][row1-debug] skeleton tgt=101 points=7 terminal_reverse=0 goal_lane_y=3.791 terminal_stop_y=4.100 final_ref_x=1.250[0m
[33m[WARN] [1788611566.358378433]: [planner][row1-debug] skeleton[0]=(1.748,1.830)[0m
[33m[WARN] [1788611566.358532826]: [planner][row1-debug] skeleton[1]=(1.250,1.830)[0m
[33m[WARN] [1788611566.358692708]: [planner][row1-debug] skeleton[2]=(1.250,2.950)[0m
[33m[WARN] [1788611566.358848714]: [planner][row1-debug] skeleton[3]=(0.435,2.950)[0m
[33m[WARN] [1788611566.358999660]: [planner][row1-debug] skeleton[4]=(0.435,3.791)[0m
[33m[WARN] [1788611566.359157810]: [planner][row1-debug] skeleton[5]=(1.250,3.791)[0m
[33m[WARN] [1788611566.359312022]: [planner][row1-debug] skeleton[6]=(1.250,4.301)[0m
[33m[WARN] [1788611566.359470572]: [planner][row1-debug] lane_shift too short tgt=101 j=1 terminal=0 lateral=1.121 need=1.508 avail=1.287[0m
[33m[WARN] [1788611566.359643660]: [planner][row1-debug] lane_shift rejected tgt=101 j=2 terminal=0 lateral=0.815 lead_in=0.643 lead_out=0.643[0m
[33m[WARN] [1788611566.359804424]: [planner][row1-debug] lane_shift skipped tgt=101 j=4 terminal A1 connector keeps full vertical segment[0m
[33m[WARN] [1788611566.362323035]: [planner][row1-debug] clothoid infeasible tgt=101 j=4 p=(0.435, 3.791) prev=(0.435, 2.950) next=(1.250, 3.791) prev_len=0.840 next_len=0.815 limit=0.332[0m
[33m[WARN] [1788611566.362522653]: [planner][row1-debug] local arc fallback tgt=101 j=4 radius=0.338 max_radius=0.367 pts=55[0m
[33m[WARN] [1788611566.362722822]: [planner][row1-debug] prepend enter src=46 row1_upper=0 raw_pts=127 a_rev=(0.857,1.338) b=(1.748,1.830) path_front=(1.748,1.830 180.0deg type=0)[0m
[33m[WARN] [1788611566.362968588]: [planner][row1-debug] route=A1_TO_B src=101 tgt=46 src_corr=1 tgt_corr=3 target=(0.857,1.520 th=-90.0deg) mode=auto terminal_reverse=0 near_gap=0.491 far_gap=0.211 horiz=0.393 min_x=0.676[0m
[33m[WARN] [1788611566.363133961]: [planner][row1-debug] initial_reverse tgt=46 same_corr=0 start_to_right=0 start_lane_y=3.791 forward_heading=180.0deg reverse_end_dir=(0.0deg) desired_end_x=1.610 actual_end=(1.610,3.791) curve_start=(1.250,4.129) curve_pts=56 direct_ok=1[0m
[33m[WARN] [1788611566.363339961]: [planner][row1-debug] center detour tgt=46 aux=(1.708,1.830) stage=(0.419,1.830) heading=0.0deg turn_pts=71[0m
[33m[WARN] [1788611566.363510044]: [planner][row1-debug] skeleton tgt=46 points=6 terminal_reverse=0 goal_lane_y=1.830 terminal_stop_y=1.520 final_ref_x=1.250[0m
[33m[WARN] [1788611566.363667181]: [planner][row1-debug] skeleton[0]=(1.610,3.791)[0m
[33m[WARN] [1788611566.363836091]: [planner][row1-debug] skeleton[1]=(0.145,3.791)[0m
[33m[WARN] [1788611566.363996114]: [planner][row1-debug] skeleton[2]=(0.145,2.950)[0m
[33m[WARN] [1788611566.364163842]: [planner][row1-debug] skeleton[3]=(1.250,2.950)[0m
[33m[WARN] [1788611566.364323755]: [planner][row1-debug] skeleton[4]=(1.250,1.830)[0m
[33m[WARN] [1788611566.364509777]: [planner][row1-debug] skeleton[5]=(1.708,1.830)[0m
[33m[WARN] [1788611566.364676433]: [planner][row1-debug] lane_shift rejected tgt=46 j=2 terminal=0 lateral=1.105 lead_in=0.472 lead_out=1.025[0m
[33m[WARN] [1788611566.364839973]: [planner][row1-debug] lane_shift skipped tgt=46 j=3 terminal=1 lateral=1.121: row5 keeps transition-lane turn[0m
[33m[WARN] [1788611566.365653353]: [planner][row1-debug] route=B_TO_A1 debug_rev=row1_aux_lane_to_a1_v2 src=47 tgt=101 src_corr=4 tgt_corr=1 target=(1.250,4.100 th=90.0deg) mode=auto terminal_reverse=0 near_gap=0.584 far_gap=0.304 horiz=0.000 min_x=0.676[0m
[33m[WARN] [1788611566.365818446]: [planner][row1-debug] initial_reverse tgt=101 same_corr=0 start_to_right=0 start_lane_y=0.429 forward_heading=180.0deg reverse_end_dir=(0.0deg) desired_end_x=1.543 actual_end=(1.543,0.429) reverse_origin=(0.857,0.994) curve_start=(0.857,0.768) curve_pts=56 direct_ok=1[0m
[33m[WARN] [1788611566.366005766]: [planner][row1-debug] row3lower 3to2 staged shift src=47 side=left lower=(1.125,1.550) upper=(1.125,1.830) bridge=(1.250,1.830) next=(1.250,2.670)[0m
[33m[WARN] [1788611566.366191493]: [planner][row1-debug] skeleton tgt=101 points=9 terminal_reverse=0 goal_lane_y=3.791 terminal_stop_y=4.100 final_ref_x=1.250[0m
[33m[WARN] [1788611566.366352838]: [planner][row1-debug] skeleton[0]=(1.543,0.429)[0m
[33m[WARN] [1788611566.366513553]: [planner][row1-debug] skeleton[1]=(1.125,0.429)[0m
[33m[WARN] [1788611566.366665501]: [planner][row1-debug] skeleton[2]=(1.125,1.830)[0m
[33m[WARN] [1788611566.366830884]: [planner][row1-debug] skeleton[3]=(1.250,1.830)[0m
[33m[WARN] [1788611566.366982782]: [planner][row1-debug] skeleton[4]=(1.250,2.950)[0m
[33m[WARN] [1788611566.367141662]: [planner][row1-debug] skeleton[5]=(0.435,2.950)[0m
[33m[WARN] [1788611566.367297367]: [planner][row1-debug] skeleton[6]=(0.435,3.791)[0m
[33m[WARN] [1788611566.367455597]: [planner][row1-debug] skeleton[7]=(1.250,3.791)[0m
[33m[WARN] [1788611566.367616642]: [planner][row1-debug] skeleton[8]=(1.250,4.301)[0m
[33m[WARN] [1788611566.367782076]: [planner][row1-debug] lane_shift accepted tgt=101 j=2 terminal=0 lateral=0.125 lead_in=0.600 lead_out=0.600 row3lower_3to2=1[0m
[33m[WARN] [1788611566.367945174]: [planner][row1-debug] lane_shift rejected tgt=101 j=4 terminal=0 lateral=0.815 lead_in=0.643 lead_out=0.643[0m
[33m[WARN] [1788611566.368118443]: [planner][row1-debug] lane_shift skipped tgt=101 j=6 terminal A1 connector keeps full vertical segment[0m
[33m[WARN] [1788611566.370596206]: [planner][row1-debug] clothoid infeasible tgt=101 j=6 p=(0.435, 3.791) prev=(0.435, 2.950) next=(1.250, 3.791) prev_len=0.840 next_len=0.815 limit=0.332[0m
[33m[WARN] [1788611566.370778351]: [planner][row1-debug] local arc fallback tgt=101 j=6 radius=0.338 max_radius=0.367 pts=55[0m
[33m[WARN] [1788611566.371023365]: [planner][row1-debug] prepend enter src=47 row1_upper=0 raw_pts=106 a_rev=(0.857,0.920) b=(1.543,0.429) path_front=(1.543,0.429 180.0deg type=0)[0m
[33m[WARN] [1788611566.371854370]: [planner][row1-debug] route=B_TO_A1 debug_rev=row1_aux_lane_to_a1_v2 src=48 tgt=101 src_corr=3 tgt_corr=1 target=(1.250,4.100 th=90.0deg) mode=auto terminal_reverse=0 near_gap=0.584 far_gap=0.304 horiz=0.000 min_x=0.676[0m
[33m[WARN] [1788611566.372021236]: [planner][row1-debug] initial_reverse tgt=101 same_corr=0 start_to_right=1 start_lane_y=1.830 forward_heading=0.0deg reverse_end_dir=(180.0deg) desired_end_x=0.752 actual_end=(0.752,1.830) reverse_origin=(1.643,1.265) curve_start=(1.643,1.491) curve_pts=56 direct_ok=1[0m
[33m[WARN] [1788611566.372182792]: [planner][row1-debug] skeleton tgt=101 points=7 terminal_reverse=0 goal_lane_y=3.791 terminal_stop_y=4.100 final_ref_x=1.250[0m
[33m[WARN] [1788611566.372345981]: [planner][row1-debug] skeleton[0]=(0.752,1.830)[0m
[33m[WARN] [1788611566.372521613]: [planner][row1-debug] skeleton[1]=(1.250,1.830)[0m
[33m[WARN] [1788611566.372682458]: [planner][row1-debug] skeleton[2]=(1.250,2.950)[0m
[33m[WARN] [1788611566.372862880]: [planner][row1-debug] skeleton[3]=(1.865,2.950)[0m
[33m[WARN] [1788611566.373050165]: [planner][row1-debug] skeleton[4]=(1.865,3.791)[0m
[33m[WARN] [1788611566.373229374]: [planner][row1-debug] skeleton[5]=(1.250,3.791)[0m
[33m[WARN] [1788611566.373408744]: [planner][row1-debug] skeleton[6]=(1.250,4.301)[0m
[33m[WARN] [1788611566.373585990]: [planner][row1-debug] lane_shift too short tgt=101 j=1 terminal=0 lateral=1.121 need=1.508 avail=1.091[0m
[33m[WARN] [1788611566.373754088]: [planner][row1-debug] lane_shift skipped tgt=101 j=2 row12 right-inner keeps clothoid/local-arc middle connector lateral=0.615[0m
[33m[WARN] [1788611566.373926024]: [planner][row1-debug] lane_shift skipped tgt=101 j=4 terminal A1 connector keeps full vertical segment[0m
[33m[WARN] [1788611566.376648541]: [planner][row1-debug] clothoid infeasible tgt=101 j=2 p=(1.250, 2.950) prev=(1.250, 1.830) next=(1.865, 2.950) prev_len=1.121 next_len=0.615 limit=0.329[0m
[33m[WARN] [1788611566.376808714]: [planner][row1-debug] clothoid infeasible tgt=101 j=3 p=(1.865, 2.950) prev=(1.250, 2.950) next=(1.865, 3.791) prev_len=0.615 next_len=0.840 limit=0.309[0m
[33m[WARN] [1788611566.377003473]: [planner][row1-debug] clothoid infeasible tgt=101 j=4 p=(1.865, 3.791) prev=(1.865, 2.950) next=(1.250, 3.791) prev_len=0.840 next_len=0.615 limit=0.245[0m
[33m[WARN] [1788611566.377190998]: [planner][row1-debug] clothoid infeasible tgt=101 j=5 p=(1.250, 3.791) prev=(1.865, 3.791) next=(1.250, 4.301) prev_len=0.615 next_len=0.511 limit=0.345[0m
[33m[WARN] [1788611566.377369707]: [planner][row1-debug] local arc fallback tgt=101 j=2 radius=0.277 max_radius=0.277 pts=45[0m
[33m[WARN] [1788611566.377544037]: [planner][row1-debug] local arc fallback tgt=101 j=3 radius=0.277 max_radius=0.277 pts=45[0m
[33m[WARN] [1788611566.377717646]: [planner][row1-debug] local arc fallback tgt=101 j=4 radius=0.277 max_radius=0.277 pts=45[0m
[33m[WARN] [1788611566.377889982]: [planner][row1-debug] local arc fallback tgt=101 j=5 radius=0.230 max_radius=0.230 pts=41[0m
[33m[WARN] [1788611566.378061958]: [planner][row1-debug] prepend enter src=48 row1_upper=0 raw_pts=127 a_rev=(1.643,1.338) b=(0.752,1.830) path_front=(0.752,1.830 0.0deg type=0)[0m
[33m[WARN] [1788611566.378293066]: [planner][row1-debug] route=A1_TO_B src=101 tgt=48 src_corr=1 tgt_corr=3 target=(1.643,1.520 th=-90.0deg) mode=auto terminal_reverse=0 near_gap=0.211 far_gap=0.491 horiz=0.393 min_x=0.676[0m
[33m[WARN] [1788611566.378469570]: [planner][row1-debug] initial_reverse tgt=48 same_corr=0 start_to_right=1 start_lane_y=3.791 forward_heading=0.0deg reverse_end_dir=(180.0deg) desired_end_x=0.890 actual_end=(0.890,3.791) curve_start=(1.250,4.129) curve_pts=56 direct_ok=1[0m
[33m[WARN] [1788611566.378658949]: [planner][row1-debug] center detour tgt=48 aux=(0.792,1.830) stage=(2.081,1.830) heading=180.0deg turn_pts=71[0m
[33m[WARN] [1788611566.378815896]: [planner][row1-debug] skeleton tgt=48 points=6 terminal_reverse=0 goal_lane_y=1.830 terminal_stop_y=1.520 final_ref_x=1.250[0m
[33m[WARN] [1788611566.379125562]: [planner][row1-debug] skeleton[0]=(0.890,3.791)[0m
[33m[WARN] [1788611566.379288641]: [planner][row1-debug] skeleton[1]=(2.155,3.791)[0m
[33m[WARN] [1788611566.379480434]: [planner][row1-debug] skeleton[2]=(2.155,2.950)[0m
[33m[WARN] [1788611566.379636881]: [planner][row1-debug] skeleton[3]=(1.250,2.950)[0m
[33m[WARN] [1788611566.379809533]: [planner][row1-debug] skeleton[4]=(1.250,1.830)[0m
[33m[WARN] [1788611566.379966210]: [planner][row1-debug] skeleton[5]=(0.792,1.830)[0m
[33m[WARN] [1788611566.380135065]: [planner][row1-debug] lane_shift rejected tgt=48 j=2 terminal=0 lateral=0.905 lead_in=0.472 lead_out=0.883[0m
[33m[WARN] [1788611566.380294266]: [planner][row1-debug] lane_shift skipped tgt=48 j=3 terminal=1 lateral=1.121: row5 keeps transition-lane turn[0m
[33m[WARN] [1788611566.380835301]: [planner][row1-debug] route=B_TO_A1 debug_rev=row1_aux_lane_to_a1_v2 src=49 tgt=101 src_corr=4 tgt_corr=1 target=(1.250,4.100 th=90.0deg) mode=auto terminal_reverse=0 near_gap=0.584 far_gap=0.304 horiz=0.000 min_x=0.676[0m
[33m[WARN] [1788611566.381002969]: [planner][row1-debug] initial_reverse tgt=101 same_corr=0 start_to_right=1 start_lane_y=0.429 forward_heading=0.0deg reverse_end_dir=(180.0deg) desired_end_x=0.957 actual_end=(0.957,0.429) reverse_origin=(1.643,0.994) curve_start=(1.643,0.768) curve_pts=56 direct_ok=1[0m
[33m[WARN] [1788611566.381165737]: [planner][row1-debug] row3lower 3to2 staged shift src=49 side=right lower=(1.375,1.550) upper=(1.375,1.830) bridge=(1.250,1.830) next=(1.250,2.670)[0m
[33m[WARN] [1788611566.381320330]: [planner][row1-debug] skeleton tgt=101 points=9 terminal_reverse=0 goal_lane_y=3.791 terminal_stop_y=4.100 final_ref_x=1.250[0m
[33m[WARN] [1788611566.381477518]: [planner][row1-debug] skeleton[0]=(0.957,0.429)[0m
[33m[WARN] [1788611566.381635241]: [planner][row1-debug] skeleton[1]=(1.375,0.429)[0m
[33m[WARN] [1788611566.382401999]: [planner][row1-debug] skeleton[2]=(1.375,1.830)[0m
[33m[WARN] [1788611566.382573699]: [planner][row1-debug] skeleton[3]=(1.250,1.830)[0m
[33m[WARN] [1788611566.382734669]: [planner][row1-debug] skeleton[4]=(1.250,2.950)[0m
[33m[WARN] [1788611566.382908649]: [planner][row1-debug] skeleton[5]=(1.865,2.950)[0m
[33m[WARN] [1788611566.383068802]: [planner][row1-debug] skeleton[6]=(1.865,3.791)[0m
[33m[WARN] [1788611566.383240086]: [planner][row1-debug] skeleton[7]=(1.250,3.791)[0m
[33m[WARN] [1788611566.383393021]: [planner][row1-debug] skeleton[8]=(1.250,4.301)[0m
[33m[WARN] [1788611566.383559722]: [planner][row1-debug] lane_shift accepted tgt=101 j=2 terminal=0 lateral=0.125 lead_in=0.600 lead_out=0.600 row3lower_3to2=1[0m
[33m[WARN] [1788611566.383728001]: [planner][row1-debug] lane_shift skipped tgt=101 j=4 row12 right-inner keeps clothoid/local-arc middle connector lateral=0.615[0m
[33m[WARN] [1788611566.383897361]: [planner][row1-debug] lane_shift skipped tgt=101 j=6 terminal A1 connector keeps full vertical segment[0m
[33m[WARN] [1788611566.386742631]: [planner][row1-debug] clothoid infeasible tgt=101 j=4 p=(1.250, 2.950) prev=(1.250, 1.830) next=(1.865, 2.950) prev_len=1.121 next_len=0.615 limit=0.329[0m
[33m[WARN] [1788611566.386900039]: [planner][row1-debug] clothoid infeasible tgt=101 j=5 p=(1.865, 2.950) prev=(1.250, 2.950) next=(1.865, 3.791) prev_len=0.615 next_len=0.840 limit=0.309[0m
[33m[WARN] [1788611566.387076493]: [planner][row1-debug] clothoid infeasible tgt=101 j=6 p=(1.865, 3.791) prev=(1.865, 2.950) next=(1.250, 3.791) prev_len=0.840 next_len=0.615 limit=0.245[0m
[33m[WARN] [1788611566.387251876]: [planner][row1-debug] clothoid infeasible tgt=101 j=7 p=(1.250, 3.791) prev=(1.865, 3.791) next=(1.250, 4.301) prev_len=0.615 next_len=0.511 limit=0.345[0m
[33m[WARN] [1788611566.387436535]: [planner][row1-debug] local arc fallback tgt=101 j=4 radius=0.277 max_radius=0.277 pts=45[0m
[33m[WARN] [1788611566.387601007]: [planner][row1-debug] local arc fallback tgt=101 j=5 radius=0.277 max_radius=0.277 pts=45[0m
[33m[WARN] [1788611566.387754638]: [planner][row1-debug] local arc fallback tgt=101 j=6 radius=0.277 max_radius=0.277 pts=45[0m
[33m[WARN] [1788611566.387909842]: [planner][row1-debug] local arc fallback tgt=101 j=7 radius=0.230 max_radius=0.230 pts=41[0m
[33m[WARN] [1788611566.388075575]: [planner][row1-debug] prepend enter src=49 row1_upper=0 raw_pts=106 a_rev=(1.643,0.920) b=(0.957,0.429) path_front=(0.957,0.429 0.0deg type=0)[0m
[33m[WARN] [1788611566.388657117]: [planner][row1-debug] route=B_TO_A1 debug_rev=row1_aux_lane_to_a1_v2 src=50 tgt=101 src_corr=3 tgt_corr=1 target=(1.250,4.100 th=90.0deg) mode=auto terminal_reverse=0 near_gap=0.584 far_gap=0.304 horiz=0.000 min_x=0.676[0m
[33m[WARN] [1788611566.388816740]: [planner][row1-debug] initial_reverse tgt=101 same_corr=0 start_to_right=1 start_lane_y=1.830 forward_heading=0.0deg reverse_end_dir=(180.0deg) desired_end_x=0.752 actual_end=(0.752,1.830) reverse_origin=(1.881,1.265) curve_start=(1.881,1.491) curve_pts=56 direct_ok=1[0m
[33m[WARN] [1788611566.388973266]: [planner][row1-debug] skeleton tgt=101 points=7 terminal_reverse=0 goal_lane_y=3.791 terminal_stop_y=4.100 final_ref_x=1.250[0m
[33m[WARN] [1788611566.389132969]: [planner][row1-debug] skeleton[0]=(0.752,1.830)[0m
[33m[WARN] [1788611566.389283093]: [planner][row1-debug] skeleton[1]=(1.250,1.830)[0m
[33m[WARN] [1788611566.389440070]: [planner][row1-debug] skeleton[2]=(1.250,2.950)[0m
[33m[WARN] [1788611566.389601676]: [planner][row1-debug] skeleton[3]=(1.865,2.950)[0m
[33m[WARN] [1788611566.389795814]: [planner][row1-debug] skeleton[4]=(1.865,3.791)[0m
[33m[WARN] [1788611566.389977298]: [planner][row1-debug] skeleton[5]=(1.250,3.791)[0m
[33m[WARN] [1788611566.390136980]: [planner][row1-debug] skeleton[6]=(1.250,4.301)[0m
[33m[WARN] [1788611566.390291553]: [planner][row1-debug] lane_shift too short tgt=101 j=1 terminal=0 lateral=1.121 need=1.508 avail=1.091[0m
[33m[WARN] [1788611566.390454412]: [planner][row1-debug] lane_shift skipped tgt=101 j=2 row12 right-inner keeps clothoid/local-arc middle connector lateral=0.615[0m
[33m[WARN] [1788611566.390623742]: [planner][row1-debug] lane_shift skipped tgt=101 j=4 terminal A1 connector keeps full vertical segment[0m
[33m[WARN] [1788611566.393370716]: [planner][row1-debug] clothoid infeasible tgt=101 j=2 p=(1.250, 2.950) prev=(1.250, 1.830) next=(1.865, 2.950) prev_len=1.121 next_len=0.615 limit=0.329[0m
[33m[WARN] [1788611566.393527382]: [planner][row1-debug] clothoid infeasible tgt=101 j=3 p=(1.865, 2.950) prev=(1.250, 2.950) next=(1.865, 3.791) prev_len=0.615 next_len=0.840 limit=0.309[0m
[33m[WARN] [1788611566.393696433]: [planner][row1-debug] clothoid infeasible tgt=101 j=4 p=(1.865, 3.791) prev=(1.865, 2.950) next=(1.250, 3.791) prev_len=0.840 next_len=0.615 limit=0.245[0m
[33m[WARN] [1788611566.393869691]: [planner][row1-debug] clothoid infeasible tgt=101 j=5 p=(1.250, 3.791) prev=(1.865, 3.791) next=(1.250, 4.301) prev_len=0.615 next_len=0.511 limit=0.345[0m
[33m[WARN] [1788611566.394049722]: [planner][row1-debug] local arc fallback tgt=101 j=2 radius=0.277 max_radius=0.277 pts=45[0m
[33m[WARN] [1788611566.394216969]: [planner][row1-debug] local arc fallback tgt=101 j=3 radius=0.277 max_radius=0.277 pts=45[0m
[33m[WARN] [1788611566.394398693]: [planner][row1-debug] local arc fallback tgt=101 j=4 radius=0.277 max_radius=0.277 pts=45[0m
[33m[WARN] [1788611566.394567212]: [planner][row1-debug] local arc fallback tgt=101 j=5 radius=0.230 max_radius=0.230 pts=41[0m
[33m[WARN] [1788611566.394729930]: [planner][row1-debug] prepend enter src=50 row1_upper=0 raw_pts=151 a_rev=(1.881,1.338) b=(0.752,1.830) path_front=(0.752,1.830 0.0deg type=0)[0m
[33m[WARN] [1788611566.394969108]: [planner][row1-debug] route=A1_TO_B src=101 tgt=50 src_corr=1 tgt_corr=3 target=(1.881,1.520 th=-90.0deg) mode=auto terminal_reverse=0 near_gap=0.211 far_gap=0.491 horiz=0.631 min_x=0.676[0m
[33m[WARN] [1788611566.395148172]: [planner][row1-debug] initial_reverse tgt=50 same_corr=0 start_to_right=1 start_lane_y=3.791 forward_heading=0.0deg reverse_end_dir=(180.0deg) desired_end_x=0.890 actual_end=(0.890,3.791) curve_start=(1.250,4.129) curve_pts=56 direct_ok=1[0m
[33m[WARN] [1788611566.395411682]: [planner][row1-debug] center detour tgt=50 aux=(0.792,1.830) stage=(2.319,1.830) heading=180.0deg turn_pts=71[0m
[33m[WARN] [1788611566.395581303]: [planner][row1-debug] skeleton tgt=50 points=6 terminal_reverse=0 goal_lane_y=1.830 terminal_stop_y=1.520 final_ref_x=1.250[0m
[33m[WARN] [1788611566.395736276]: [planner][row1-debug] skeleton[0]=(0.890,3.791)[0m
[33m[WARN] [1788611566.395888635]: [planner][row1-debug] skeleton[1]=(2.155,3.791)[0m
[33m[WARN] [1788611566.396050241]: [planner][row1-debug] skeleton[2]=(2.155,2.950)[0m
[33m[WARN] [1788611566.396237125]: [planner][row1-debug] skeleton[3]=(1.250,2.950)[0m
[33m[WARN] [1788611566.396411415]: [planner][row1-debug] skeleton[4]=(1.250,1.830)[0m
[33m[WARN] [1788611566.396565206]: [planner][row1-debug] skeleton[5]=(0.792,1.830)[0m
[33m[WARN] [1788611566.396729698]: [planner][row1-debug] lane_shift rejected tgt=50 j=2 terminal=0 lateral=0.905 lead_in=0.472 lead_out=0.883[0m
[33m[WARN] [1788611566.396889751]: [planner][row1-debug] lane_shift skipped tgt=50 j=3 terminal=1 lateral=1.121: row5 keeps transition-lane turn[0m
[33m[WARN] [1788611566.397458729]: [planner][row1-debug] route=B_TO_A1 debug_rev=row1_aux_lane_to_a1_v2 src=51 tgt=101 src_corr=4 tgt_corr=1 target=(1.250,4.100 th=90.0deg) mode=auto terminal_reverse=0 near_gap=0.584 far_gap=0.304 horiz=0.000 min_x=0.676[0m
[33m[WARN] [1788611566.397665591]: [planner][row1-debug] initial_reverse tgt=101 same_corr=0 start_to_right=1 start_lane_y=0.429 forward_heading=0.0deg reverse_end_dir=(180.0deg) desired_end_x=0.957 actual_end=(0.957,0.429) reverse_origin=(1.881,0.994) curve_start=(1.881,0.768) curve_pts=56 direct_ok=1[0m
[33m[WARN] [1788611566.397921335]: [planner][row1-debug] row3lower 3to2 staged shift src=51 side=right lower=(1.375,1.550) upper=(1.375,1.830) bridge=(1.250,1.830) next=(1.250,2.670)[0m
[33m[WARN] [1788611566.398078273]: [planner][row1-debug] skeleton tgt=101 points=9 terminal_reverse=0 goal_lane_y=3.791 terminal_stop_y=4.100 final_ref_x=1.250[0m
[33m[WARN] [1788611566.398246161]: [planner][row1-debug] skeleton[0]=(0.957,0.429)[0m
[33m[WARN] [1788611566.398409680]: [planner][row1-debug] skeleton[1]=(1.375,0.429)[0m
[33m[WARN] [1788611566.398573631]: [planner][row1-debug] skeleton[2]=(1.375,1.830)[0m
[33m[WARN] [1788611566.398737031]: [planner][row1-debug] skeleton[3]=(1.250,1.830)[0m
[33m[WARN] [1788611566.398894639]: [planner][row1-debug] skeleton[4]=(1.250,2.950)[0m
[33m[WARN] [1788611566.399056345]: [planner][row1-debug] skeleton[5]=(1.865,2.950)[0m
[33m[WARN] [1788611566.399217992]: [planner][row1-debug] skeleton[6]=(1.865,3.791)[0m
[33m[WARN] [1788611566.399383114]: [planner][row1-debug] skeleton[7]=(1.250,3.791)[0m
[33m[WARN] [1788611566.399543538]: [planner][row1-debug] skeleton[8]=(1.250,4.301)[0m
[33m[WARN] [1788611566.399705505]: [planner][row1-debug] lane_shift accepted tgt=101 j=2 terminal=0 lateral=0.125 lead_in=0.600 lead_out=0.600 row3lower_3to2=1[0m
[33m[WARN] [1788611566.399870207]: [planner][row1-debug] lane_shift skipped tgt=101 j=4 row12 right-inner keeps clothoid/local-arc middle connector lateral=0.615[0m
[33m[WARN] [1788611566.400028717]: [planner][row1-debug] lane_shift skipped tgt=101 j=6 terminal A1 connector keeps full vertical segment[0m
[33m[WARN] [1788611566.402817229]: [planner][row1-debug] clothoid infeasible tgt=101 j=4 p=(1.250, 2.950) prev=(1.250, 1.830) next=(1.865, 2.950) prev_len=1.121 next_len=0.615 limit=0.329[0m
[33m[WARN] [1788611566.403039430]: [planner][row1-debug] clothoid infeasible tgt=101 j=5 p=(1.865, 2.950) prev=(1.250, 2.950) next=(1.865, 3.791) prev_len=0.615 next_len=0.840 limit=0.309[0m
[33m[WARN] [1788611566.403277466]: [planner][row1-debug] clothoid infeasible tgt=101 j=6 p=(1.865, 3.791) prev=(1.865, 2.950) next=(1.250, 3.791) prev_len=0.840 next_len=0.615 limit=0.245[0m
[33m[WARN] [1788611566.403474554]: [planner][row1-debug] clothoid infeasible tgt=101 j=7 p=(1.250, 3.791) prev=(1.865, 3.791) next=(1.250, 4.301) prev_len=0.615 next_len=0.511 limit=0.345[0m
[33m[WARN] [1788611566.403650979]: [planner][row1-debug] local arc fallback tgt=101 j=4 radius=0.277 max_radius=0.277 pts=45[0m
[33m[WARN] [1788611566.403814829]: [planner][row1-debug] local arc fallback tgt=101 j=5 radius=0.277 max_radius=0.277 pts=45[0m
[33m[WARN] [1788611566.403976125]: [planner][row1-debug] local arc fallback tgt=101 j=6 radius=0.277 max_radius=0.277 pts=45[0m
[33m[WARN] [1788611566.404142219]: [planner][row1-debug] local arc fallback tgt=101 j=7 radius=0.230 max_radius=0.230 pts=41[0m
[33m[WARN] [1788611566.404311800]: [planner][row1-debug] prepend enter src=51 row1_upper=0 raw_pts=130 a_rev=(1.881,0.920) b=(0.957,0.429) path_front=(0.957,0.429 0.0deg type=0)[0m
[33m[WARN] [1788611566.404938207]: [planner][row1-debug] route=B_TO_A1 debug_rev=row1_aux_lane_to_a1_v2 src=52 tgt=101 src_corr=3 tgt_corr=1 target=(1.250,4.100 th=90.0deg) mode=auto terminal_reverse=0 near_gap=0.584 far_gap=0.304 horiz=0.000 min_x=0.676[0m
[33m[WARN] [1788611566.405097579]: [planner][row1-debug] initial_reverse tgt=101 same_corr=0 start_to_right=1 start_lane_y=1.830 forward_heading=0.0deg reverse_end_dir=(180.0deg) desired_end_x=0.752 actual_end=(0.752,1.830) reverse_origin=(2.119,1.265) curve_start=(2.119,1.491) curve_pts=56 direct_ok=1[0m
[33m[WARN] [1788611566.405256630]: [planner][row1-debug] skeleton tgt=101 points=7 terminal_reverse=0 goal_lane_y=3.791 terminal_stop_y=4.100 final_ref_x=1.250[0m
[33m[WARN] [1788611566.405408057]: [planner][row1-debug] skeleton[0]=(0.752,1.830)[0m
[33m[WARN] [1788611566.405563822]: [planner][row1-debug] skeleton[1]=(1.250,1.830)[0m
[33m[WARN] [1788611566.405726630]: [planner][row1-debug] skeleton[2]=(1.250,2.950)[0m
[33m[WARN] [1788611566.405882015]: [planner][row1-debug] skeleton[3]=(1.865,2.950)[0m
[33m[WARN] [1788611566.406037860]: [planner][row1-debug] skeleton[4]=(1.865,3.791)[0m
[33m[WARN] [1788611566.406209425]: [planner][row1-debug] skeleton[5]=(1.250,3.791)[0m
[33m[WARN] [1788611566.406373325]: [planner][row1-debug] skeleton[6]=(1.250,4.301)[0m
[33m[WARN] [1788611566.406564596]: [planner][row1-debug] lane_shift too short tgt=101 j=1 terminal=0 lateral=1.121 need=1.508 avail=1.091[0m
[33m[WARN] [1788611566.406732465]: [planner][row1-debug] lane_shift skipped tgt=101 j=2 row12 right-inner keeps clothoid/local-arc middle connector lateral=0.615[0m
[33m[WARN] [1788611566.406943976]: [planner][row1-debug] lane_shift skipped tgt=101 j=4 terminal A1 connector keeps full vertical segment[0m
[33m[WARN] [1788611566.409729743]: [planner][row1-debug] clothoid infeasible tgt=101 j=2 p=(1.250, 2.950) prev=(1.250, 1.830) next=(1.865, 2.950) prev_len=1.121 next_len=0.615 limit=0.329[0m
[33m[WARN] [1788611566.409908762]: [planner][row1-debug] clothoid infeasible tgt=101 j=3 p=(1.865, 2.950) prev=(1.250, 2.950) next=(1.865, 3.791) prev_len=0.615 next_len=0.840 limit=0.309[0m
[33m[WARN] [1788611566.410073544]: [planner][row1-debug] clothoid infeasible tgt=101 j=4 p=(1.865, 3.791) prev=(1.865, 2.950) next=(1.250, 3.791) prev_len=0.840 next_len=0.615 limit=0.245[0m
[33m[WARN] [1788611566.410254457]: [planner][row1-debug] clothoid infeasible tgt=101 j=5 p=(1.250, 3.791) prev=(1.865, 3.791) next=(1.250, 4.301) prev_len=0.615 next_len=0.511 limit=0.345[0m
[33m[WARN] [1788611566.410441822]: [planner][row1-debug] local arc fallback tgt=101 j=2 radius=0.277 max_radius=0.277 pts=45[0m
[33m[WARN] [1788611566.410601645]: [planner][row1-debug] local arc fallback tgt=101 j=3 radius=0.277 max_radius=0.277 pts=45[0m
[33m[WARN] [1788611566.410765425]: [planner][row1-debug] local arc fallback tgt=101 j=4 radius=0.277 max_radius=0.277 pts=45[0m
[33m[WARN] [1788611566.410942410]: [planner][row1-debug] local arc fallback tgt=101 j=5 radius=0.230 max_radius=0.230 pts=41[0m
[33m[WARN] [1788611566.411115378]: [planner][row1-debug] prepend enter src=52 row1_upper=0 raw_pts=174 a_rev=(2.119,1.338) b=(0.752,1.830) path_front=(0.752,1.830 0.0deg type=0)[0m
[33m[WARN] [1788611566.411353699]: [planner][row1-debug] route=A1_TO_B src=101 tgt=52 src_corr=1 tgt_corr=3 target=(2.119,1.520 th=-90.0deg) mode=auto terminal_reverse=0 near_gap=0.211 far_gap=0.491 horiz=0.869 min_x=0.676[0m
[33m[WARN] [1788611566.411524513]: [planner][row1-debug] initial_reverse tgt=52 same_corr=0 start_to_right=1 start_lane_y=3.791 forward_heading=0.0deg reverse_end_dir=(180.0deg) desired_end_x=0.890 actual_end=(0.890,3.791) curve_start=(1.250,4.129) curve_pts=56 direct_ok=1[0m
[33m[WARN] [1788611566.411722147]: [planner][row1-debug] skeleton tgt=52 points=7 terminal_reverse=0 goal_lane_y=1.830 terminal_stop_y=1.520 final_ref_x=1.250[0m
[33m[WARN] [1788611566.411890336]: [planner][row1-debug] skeleton[0]=(0.890,3.791)[0m
[33m[WARN] [1788611566.412080836]: [planner][row1-debug] skeleton[1]=(2.155,3.791)[0m
[33m[WARN] [1788611566.412267620]: [planner][row1-debug] skeleton[2]=(2.155,2.950)[0m
[33m[WARN] [1788611566.412450347]: [planner][row1-debug] skeleton[3]=(1.250,2.950)[0m
[33m[WARN] [1788611566.412605641]: [planner][row1-debug] skeleton[4]=(1.250,1.830)[0m
[33m[WARN] [1788611566.412775152]: [planner][row1-debug] skeleton[5]=(2.119,1.830)[0m
[33m[WARN] [1788611566.412962537]: [planner][row1-debug] skeleton[6]=(2.119,1.338)[0m
[33m[WARN] [1788611566.413129563]: [planner][row1-debug] lane_shift rejected tgt=52 j=2 terminal=0 lateral=0.905 lead_in=0.472 lead_out=0.883[0m
[33m[WARN] [1788611566.413300988]: [planner][row1-debug] lane_shift skipped tgt=52 j=4 terminal=1 lateral=0.869: row5 keeps transition-lane turn[0m
[33m[WARN] [1788611566.413931322]: [planner][row1-debug] route=B_TO_A1 debug_rev=row1_aux_lane_to_a1_v2 src=53 tgt=101 src_corr=4 tgt_corr=1 target=(1.250,4.100 th=90.0deg) mode=auto terminal_reverse=0 near_gap=0.584 far_gap=0.304 horiz=0.000 min_x=0.676[0m
[33m[WARN] [1788611566.414098859]: [planner][row1-debug] initial_reverse tgt=101 same_corr=0 start_to_right=1 start_lane_y=0.429 forward_heading=0.0deg reverse_end_dir=(180.0deg) desired_end_x=0.957 actual_end=(0.957,0.429) reverse_origin=(2.119,0.994) curve_start=(2.119,0.768) curve_pts=56 direct_ok=1[0m
[33m[WARN] [1788611566.414271256]: [planner][row1-debug] row3lower 3to2 staged shift src=53 side=right lower=(1.375,1.550) upper=(1.375,1.830) bridge=(1.250,1.830) next=(1.250,2.670)[0m
[33m[WARN] [1788611566.414435056]: [planner][row1-debug] skeleton tgt=101 points=9 terminal_reverse=0 goal_lane_y=3.791 terminal_stop_y=4.100 final_ref_x=1.250[0m
[33m[WARN] [1788611566.414623283]: [planner][row1-debug] skeleton[0]=(0.957,0.429)[0m
[33m[WARN] [1788611566.414793826]: [planner][row1-debug] skeleton[1]=(1.375,0.429)[0m
[33m[WARN] [1788611566.414951224]: [planner][row1-debug] skeleton[2]=(1.375,1.830)[0m
[33m[WARN] [1788611566.415118731]: [planner][row1-debug] skeleton[3]=(1.250,1.830)[0m
[33m[WARN] [1788611566.415287731]: [planner][row1-debug] skeleton[4]=(1.250,2.950)[0m
[33m[WARN] [1788611566.415445510]: [planner][row1-debug] skeleton[5]=(1.865,2.950)[0m
[33m[WARN] [1788611566.415617906]: [planner][row1-debug] skeleton[6]=(1.865,3.791)[0m
[33m[WARN] [1788611566.415778561]: [planner][row1-debug] skeleton[7]=(1.250,3.791)[0m
[33m[WARN] [1788611566.415940768]: [planner][row1-debug] skeleton[8]=(1.250,4.301)[0m
[33m[WARN] [1788611566.416109438]: [planner][row1-debug] lane_shift accepted tgt=101 j=2 terminal=0 lateral=0.125 lead_in=0.600 lead_out=0.600 row3lower_3to2=1[0m
[33m[WARN] [1788611566.416266735]: [planner][row1-debug] lane_shift skipped tgt=101 j=4 row12 right-inner keeps clothoid/local-arc middle connector lateral=0.615[0m
[33m[WARN] [1788611566.416426468]: [planner][row1-debug] lane_shift skipped tgt=101 j=6 terminal A1 connector keeps full vertical segment[0m
[33m[WARN] [1788611566.419169474]: [planner][row1-debug] clothoid infeasible tgt=101 j=4 p=(1.250, 2.950) prev=(1.250, 1.830) next=(1.865, 2.950) prev_len=1.121 next_len=0.615 limit=0.329[0m
[33m[WARN] [1788611566.419327172]: [planner][row1-debug] clothoid infeasible tgt=101 j=5 p=(1.865, 2.950) prev=(1.250, 2.950) next=(1.865, 3.791) prev_len=0.615 next_len=0.840 limit=0.309[0m
[33m[WARN] [1788611566.419506883]: [planner][row1-debug] clothoid infeasible tgt=101 j=6 p=(1.865, 3.791) prev=(1.865, 2.950) next=(1.250, 3.791) prev_len=0.840 next_len=0.615 limit=0.245[0m
[33m[WARN] [1788611566.419709707]: [planner][row1-debug] clothoid infeasible tgt=101 j=7 p=(1.250, 3.791) prev=(1.865, 3.791) next=(1.250, 4.301) prev_len=0.615 next_len=0.511 limit=0.345[0m
[33m[WARN] [1788611566.419925335]: [planner][row1-debug] local arc fallback tgt=101 j=4 radius=0.277 max_radius=0.277 pts=45[0m
[33m[WARN] [1788611566.420101960]: [planner][row1-debug] local arc fallback tgt=101 j=5 radius=0.277 max_radius=0.277 pts=45[0m
[33m[WARN] [1788611566.420310505]: [planner][row1-debug] local arc fallback tgt=101 j=6 radius=0.277 max_radius=0.277 pts=45[0m
[33m[WARN] [1788611566.420488693]: [planner][row1-debug] local arc fallback tgt=101 j=7 radius=0.230 max_radius=0.230 pts=41[0m
[33m[WARN] [1788611566.420653775]: [planner][row1-debug] prepend enter src=53 row1_upper=0 raw_pts=154 a_rev=(2.119,0.920) b=(0.957,0.429) path_front=(0.957,0.429 0.0deg type=0)[0m
[33m[WARN] [1788611566.421594828]: [planner][row1-debug] route=B_TO_A1 debug_rev=row1_aux_lane_to_a1_v2 src=54 tgt=101 src_corr=3 tgt_corr=1 target=(1.250,4.100 th=90.0deg) mode=auto terminal_reverse=0 near_gap=0.584 far_gap=0.304 horiz=0.000 min_x=0.676[0m
[33m[WARN] [1788611566.421758277]: [planner][row1-debug] initial_reverse tgt=101 same_corr=0 start_to_right=1 start_lane_y=1.830 forward_heading=0.0deg reverse_end_dir=(180.0deg) desired_end_x=0.752 actual_end=(0.752,1.830) reverse_origin=(2.357,1.265) curve_start=(2.357,1.491) curve_pts=56 direct_ok=1[0m
[33m[WARN] [1788611566.421918551]: [planner][row1-debug] skeleton tgt=101 points=7 terminal_reverse=0 goal_lane_y=3.791 terminal_stop_y=4.100 final_ref_x=1.250[0m
[33m[WARN] [1788611566.422079426]: [planner][row1-debug] skeleton[0]=(0.752,1.830)[0m
[33m[WARN] [1788611566.422237585]: [planner][row1-debug] skeleton[1]=(1.250,1.830)[0m
[33m[WARN] [1788611566.422400905]: [planner][row1-debug] skeleton[2]=(1.250,2.950)[0m
[33m[WARN] [1788611566.422568983]: [planner][row1-debug] skeleton[3]=(1.865,2.950)[0m
[33m[WARN] [1788611566.422732293]: [planner][row1-debug] skeleton[4]=(1.865,3.791)[0m
[33m[WARN] [1788611566.422895852]: [planner][row1-debug] skeleton[5]=(1.250,3.791)[0m
[33m[WARN] [1788611566.423115293]: [planner][row1-debug] skeleton[6]=(1.250,4.301)[0m
[33m[WARN] [1788611566.423307051]: [planner][row1-debug] lane_shift too short tgt=101 j=1 terminal=0 lateral=1.121 need=1.508 avail=1.091[0m
[33m[WARN] [1788611566.423482003]: [planner][row1-debug] lane_shift skipped tgt=101 j=2 row12 right-inner keeps clothoid/local-arc middle connector lateral=0.615[0m
[33m[WARN] [1788611566.423652906]: [planner][row1-debug] lane_shift skipped tgt=101 j=4 terminal A1 connector keeps full vertical segment[0m
[33m[WARN] [1788611566.426520438]: [planner][row1-debug] clothoid infeasible tgt=101 j=2 p=(1.250, 2.950) prev=(1.250, 1.830) next=(1.865, 2.950) prev_len=1.121 next_len=0.615 limit=0.329[0m
[33m[WARN] [1788611566.426723974]: [planner][row1-debug] clothoid infeasible tgt=101 j=3 p=(1.865, 2.950) prev=(1.250, 2.950) next=(1.865, 3.791) prev_len=0.615 next_len=0.840 limit=0.309[0m
[33m[WARN] [1788611566.426891782]: [planner][row1-debug] clothoid infeasible tgt=101 j=4 p=(1.865, 3.791) prev=(1.865, 2.950) next=(1.250, 3.791) prev_len=0.840 next_len=0.615 limit=0.245[0m
[33m[WARN] [1788611566.427078836]: [planner][row1-debug] clothoid infeasible tgt=101 j=5 p=(1.250, 3.791) prev=(1.865, 3.791) next=(1.250, 4.301) prev_len=0.615 next_len=0.511 limit=0.345[0m
[33m[WARN] [1788611566.427248147]: [planner][row1-debug] local arc fallback tgt=101 j=2 radius=0.277 max_radius=0.277 pts=45[0m
[33m[WARN] [1788611566.427435251]: [planner][row1-debug] local arc fallback tgt=101 j=3 radius=0.277 max_radius=0.277 pts=45[0m
[33m[WARN] [1788611566.427640595]: [planner][row1-debug] local arc fallback tgt=101 j=4 radius=0.277 max_radius=0.277 pts=45[0m
[33m[WARN] [1788611566.427801765]: [planner][row1-debug] local arc fallback tgt=101 j=5 radius=0.230 max_radius=0.230 pts=41[0m
[33m[WARN] [1788611566.427977388]: [planner][row1-debug] prepend enter src=54 row1_upper=0 raw_pts=198 a_rev=(2.357,1.338) b=(0.752,1.830) path_front=(0.752,1.830 0.0deg type=0)[0m
[33m[WARN] [1788611566.428232080]: [planner][row1-debug] route=A1_TO_B src=101 tgt=54 src_corr=1 tgt_corr=3 target=(2.357,1.520 th=-90.0deg) mode=auto terminal_reverse=0 near_gap=0.211 far_gap=0.491 horiz=1.107 min_x=0.676[0m
[33m[WARN] [1788611566.428454241]: [planner][row1-debug] initial_reverse tgt=54 same_corr=0 start_to_right=1 start_lane_y=3.791 forward_heading=0.0deg reverse_end_dir=(180.0deg) desired_end_x=0.890 actual_end=(0.890,3.791) curve_start=(1.250,4.129) curve_pts=56 direct_ok=1[0m
[33m[WARN] [1788611566.428616589]: [planner][row1-debug] skeleton tgt=54 points=7 terminal_reverse=0 goal_lane_y=1.830 terminal_stop_y=1.520 final_ref_x=1.250[0m
[33m[WARN] [1788611566.428781882]: [planner][row1-debug] skeleton[0]=(0.890,3.791)[0m
[33m[WARN] [1788611566.428939430]: [planner][row1-debug] skeleton[1]=(2.155,3.791)[0m
[33m[WARN] [1788611566.429102499]: [planner][row1-debug] skeleton[2]=(2.155,2.950)[0m
[33m[WARN] [1788611566.429259306]: [planner][row1-debug] skeleton[3]=(1.250,2.950)[0m
[33m[WARN] [1788611566.429422515]: [planner][row1-debug] skeleton[4]=(1.250,1.830)[0m
[33m[WARN] [1788611566.429595012]: [planner][row1-debug] skeleton[5]=(2.357,1.830)[0m
[33m[WARN] [1788611566.429758812]: [planner][row1-debug] skeleton[6]=(2.357,1.338)[0m
[33m[WARN] [1788611566.429926770]: [planner][row1-debug] lane_shift rejected tgt=54 j=2 terminal=0 lateral=0.905 lead_in=0.472 lead_out=0.883[0m
[33m[WARN] [1788611566.430095079]: [planner][row1-debug] lane_shift skipped tgt=54 j=4 terminal=1 lateral=1.107: row5 keeps transition-lane turn[0m
[33m[WARN] [1788611566.430630032]: [planner][row1-debug] route=B_TO_A1 debug_rev=row1_aux_lane_to_a1_v2 src=55 tgt=101 src_corr=4 tgt_corr=1 target=(1.250,4.100 th=90.0deg) mode=auto terminal_reverse=0 near_gap=0.584 far_gap=0.304 horiz=0.000 min_x=0.676[0m
[33m[WARN] [1788611566.430794624]: [planner][row1-debug] initial_reverse tgt=101 same_corr=0 start_to_right=1 start_lane_y=0.429 forward_heading=0.0deg reverse_end_dir=(180.0deg) desired_end_x=0.957 actual_end=(0.957,0.429) reverse_origin=(2.357,0.994) curve_start=(2.357,0.768) curve_pts=56 direct_ok=1[0m
[33m[WARN] [1788611566.430964666]: [planner][row1-debug] row3lower 3to2 staged shift src=55 side=right lower=(1.375,1.550) upper=(1.375,1.830) bridge=(1.250,1.830) next=(1.250,2.670)[0m
[33m[WARN] [1788611566.431134398]: [planner][row1-debug] skeleton tgt=101 points=9 terminal_reverse=0 goal_lane_y=3.791 terminal_stop_y=4.100 final_ref_x=1.250[0m
[33m[WARN] [1788611566.431293599]: [planner][row1-debug] skeleton[0]=(0.957,0.429)[0m
[33m[WARN] [1788611566.431451408]: [planner][row1-debug] skeleton[1]=(1.375,0.429)[0m
[33m[WARN] [1788611566.431612844]: [planner][row1-debug] skeleton[2]=(1.375,1.830)[0m
[33m[WARN] [1788611566.431770022]: [planner][row1-debug] skeleton[3]=(1.250,1.830)[0m
[33m[WARN] [1788611566.431930556]: [planner][row1-debug] skeleton[4]=(1.250,2.950)[0m
[33m[WARN] [1788611566.432093555]: [planner][row1-debug] skeleton[5]=(1.865,2.950)[0m
[33m[WARN] [1788611566.432250822]: [planner][row1-debug] skeleton[6]=(1.865,3.791)[0m
[33m[WARN] [1788611566.432405075]: [planner][row1-debug] skeleton[7]=(1.250,3.791)[0m
[33m[WARN] [1788611566.432565138]: [planner][row1-debug] skeleton[8]=(1.250,4.301)[0m
[33m[WARN] [1788611566.432736843]: [planner][row1-debug] lane_shift accepted tgt=101 j=2 terminal=0 lateral=0.125 lead_in=0.600 lead_out=0.600 row3lower_3to2=1[0m
[33m[WARN] [1788611566.432901054]: [planner][row1-debug] lane_shift skipped tgt=101 j=4 row12 right-inner keeps clothoid/local-arc middle connector lateral=0.615[0m
[33m[WARN] [1788611566.433077619]: [planner][row1-debug] lane_shift skipped tgt=101 j=6 terminal A1 connector keeps full vertical segment[0m
[33m[WARN] [1788611566.435847896]: [planner][row1-debug] clothoid infeasible tgt=101 j=4 p=(1.250, 2.950) prev=(1.250, 1.830) next=(1.865, 2.950) prev_len=1.121 next_len=0.615 limit=0.329[0m
[33m[WARN] [1788611566.436060178]: [planner][row1-debug] clothoid infeasible tgt=101 j=5 p=(1.865, 2.950) prev=(1.250, 2.950) next=(1.865, 3.791) prev_len=0.615 next_len=0.840 limit=0.309[0m
[33m[WARN] [1788611566.436239829]: [planner][row1-debug] clothoid infeasible tgt=101 j=6 p=(1.865, 3.791) prev=(1.865, 2.950) next=(1.250, 3.791) prev_len=0.840 next_len=0.615 limit=0.245[0m
[33m[WARN] [1788611566.436416884]: [planner][row1-debug] clothoid infeasible tgt=101 j=7 p=(1.250, 3.791) prev=(1.865, 3.791) next=(1.250, 4.301) prev_len=0.615 next_len=0.511 limit=0.345[0m
[33m[WARN] [1788611566.436613837]: [planner][row1-debug] local arc fallback tgt=101 j=4 radius=0.277 max_radius=0.277 pts=45[0m
[33m[WARN] [1788611566.436778940]: [planner][row1-debug] local arc fallback tgt=101 j=5 radius=0.277 max_radius=0.277 pts=45[0m
[33m[WARN] [1788611566.436959973]: [planner][row1-debug] local arc fallback tgt=101 j=6 radius=0.277 max_radius=0.277 pts=45[0m
[33m[WARN] [1788611566.437141928]: [planner][row1-debug] local arc fallback tgt=101 j=7 radius=0.230 max_radius=0.230 pts=41[0m
[33m[WARN] [1788611566.437311369]: [planner][row1-debug] prepend enter src=55 row1_upper=0 raw_pts=178 a_rev=(2.357,0.920) b=(0.957,0.429) path_front=(0.957,0.429 0.0deg type=0)[0m
[33m[WARN] [1788611566.438067521]: [planner][row1-debug] route=B_TO_A1 debug_rev=row1_aux_lane_to_a1_v2 src=56 tgt=101 src_corr=4 tgt_corr=1 target=(1.250,4.100 th=90.0deg) mode=auto terminal_reverse=0 near_gap=0.584 far_gap=0.304 horiz=0.000 min_x=0.676[0m
[33m[WARN] [1788611566.438236601]: [planner][row1-debug] initial_reverse tgt=101 same_corr=0 start_to_right=0 start_lane_y=0.709 forward_heading=180.0deg reverse_end_dir=(0.0deg) desired_end_x=1.793 actual_end=(1.793,0.709) reverse_origin=(0.124,0.125) curve_start=(0.124,0.371) curve_pts=56 direct_ok=1[0m
[33m[WARN] [1788611566.438397506]: [planner][row1-debug] row3lower 3to2 staged shift src=56 side=left lower=(1.375,1.550) upper=(1.375,1.830) bridge=(1.250,1.830) next=(1.250,2.670)[0m
[33m[WARN] [1788611566.438555625]: [planner][row1-debug] skeleton tgt=101 points=9 terminal_reverse=0 goal_lane_y=3.791 terminal_stop_y=4.100 final_ref_x=1.250[0m
[33m[WARN] [1788611566.438725437]: [planner][row1-debug] skeleton[0]=(1.793,0.709)[0m
[33m[WARN] [1788611566.438893646]: [planner][row1-debug] skeleton[1]=(1.375,0.709)[0m
[33m[WARN] [1788611566.439052146]: [planner][row1-debug] skeleton[2]=(1.375,1.830)[0m
[33m[WARN] [1788611566.439232507]: [planner][row1-debug] skeleton[3]=(1.250,1.830)[0m
[33m[WARN] [1788611566.439391809]: [planner][row1-debug] skeleton[4]=(1.250,2.950)[0m
[33m[WARN] [1788611566.439560443]: [planner][row1-debug] skeleton[5]=(0.435,2.950)[0m
[33m[WARN] [1788611566.439777580]: [planner][row1-debug] skeleton[6]=(0.435,3.791)[0m
[33m[WARN] [1788611566.439979277]: [planner][row1-debug] skeleton[7]=(1.250,3.791)[0m
[33m[WARN] [1788611566.440154744]: [planner][row1-debug] skeleton[8]=(1.250,4.301)[0m
[33m[WARN] [1788611566.440331068]: [planner][row1-debug] lane_shift too short tgt=101 j=1 terminal=0 lateral=1.120 need=1.508 avail=0.532[0m
[33m[WARN] [1788611566.440503565]: [planner][row1-debug] lane_shift accepted tgt=101 j=2 terminal=0 lateral=0.125 lead_in=0.600 lead_out=0.600 row3lower_3to2=1[0m
[33m[WARN] [1788611566.440664560]: [planner][row1-debug] lane_shift rejected tgt=101 j=4 terminal=0 lateral=0.815 lead_in=0.643 lead_out=0.643[0m
[33m[WARN] [1788611566.440824733]: [planner][row1-debug] lane_shift skipped tgt=101 j=6 terminal A1 connector keeps full vertical segment[0m
[33m[WARN] [1788611566.443251169]: [planner][row1-debug] clothoid infeasible tgt=101 j=6 p=(0.435, 3.791) prev=(0.435, 2.950) next=(1.250, 3.791) prev_len=0.840 next_len=0.815 limit=0.332[0m
[33m[WARN] [1788611566.443492997]: [planner][row1-debug] local arc fallback tgt=101 j=6 radius=0.338 max_radius=0.367 pts=55[0m
[33m[WARN] [1788611566.443685001]: [planner][row1-debug] prepend enter src=56 row1_upper=0 raw_pts=207 a_rev=(0.124,0.199) b=(1.793,0.709) path_front=(1.793,0.709 180.0deg type=0)[0m
[33m[WARN] [1788611566.443971113]: [planner][row1-debug] route=A1_TO_B src=101 tgt=56 src_corr=1 tgt_corr=4 target=(0.124,0.400 th=-90.0deg) mode=auto terminal_reverse=0 near_gap=0.584 far_gap=0.304 horiz=1.251 min_x=0.676[0m
[33m[WARN] [1788611566.444138580]: [planner][row1-debug] initial_reverse tgt=56 same_corr=0 start_to_right=0 start_lane_y=3.791 forward_heading=180.0deg reverse_end_dir=(0.0deg) desired_end_x=1.610 actual_end=(1.610,3.791) curve_start=(1.250,4.129) curve_pts=56 direct_ok=1[0m
[33m[WARN] [1788611566.444319448]: [planner][row1-debug] skeleton tgt=56 points=9 terminal_reverse=0 goal_lane_y=0.709 terminal_stop_y=0.400 final_ref_x=1.375[0m
[33m[WARN] [1788611566.444494399]: [planner][row1-debug] skeleton[0]=(1.610,3.791)[0m
[33m[WARN] [1788611566.444655540]: [planner][row1-debug] skeleton[1]=(0.145,3.791)[0m
[33m[WARN] [1788611566.444831503]: [planner][row1-debug] skeleton[2]=(0.145,2.950)[0m
[33m[WARN] [1788611566.445031542]: [planner][row1-debug] skeleton[3]=(1.250,2.950)[0m
[33m[WARN] [1788611566.445199956]: [planner][row1-debug] skeleton[4]=(1.250,1.550)[0m
[33m[WARN] [1788611566.445369752]: [planner][row1-debug] skeleton[5]=(1.375,1.550)[0m
[33m[WARN] [1788611566.445536187]: [planner][row1-debug] skeleton[6]=(1.375,0.709)[0m
[33m[WARN] [1788611566.445720978]: [planner][row1-debug] skeleton[7]=(0.124,0.709)[0m
[33m[WARN] [1788611566.445883997]: [planner][row1-debug] skeleton[8]=(0.124,0.199)[0m
[33m[WARN] [1788611566.446050672]: [planner][row1-debug] lane_shift rejected tgt=56 j=2 terminal=0 lateral=1.105 lead_in=0.472 lead_out=1.025[0m
[33m[WARN] [1788611566.446230222]: [planner][row1-debug] lane_shift accepted tgt=56 j=4 terminal=0 lateral=0.125 lead_in=0.252 lead_out=0.252[0m
[33m[WARN] [1788611566.446968110]: [planner][row1-debug] route=B_TO_A1 debug_rev=row1_aux_lane_to_a1_v2 src=57 tgt=101 src_corr=4 tgt_corr=1 target=(1.250,4.100 th=90.0deg) mode=auto terminal_reverse=0 near_gap=0.584 far_gap=0.304 horiz=0.000 min_x=0.676[0m
[33m[WARN] [1788611566.447131610]: [planner][row1-debug] initial_reverse tgt=101 same_corr=0 start_to_right=0 start_lane_y=0.709 forward_heading=180.0deg reverse_end_dir=(0.0deg) desired_end_x=1.793 actual_end=(1.793,0.709) reverse_origin=(0.343,0.125) curve_start=(0.343,0.371) curve_pts=56 direct_ok=1[0m
[33m[WARN] [1788611566.447301512]: [planner][row1-debug] row3lower 3to2 staged shift src=57 side=left lower=(1.375,1.550) upper=(1.375,1.830) bridge=(1.250,1.830) next=(1.250,2.670)[0m
[33m[WARN] [1788611566.447472947]: [planner][row1-debug] skeleton tgt=101 points=9 terminal_reverse=0 goal_lane_y=3.791 terminal_stop_y=4.100 final_ref_x=1.250[0m
[33m[WARN] [1788611566.447635054]: [planner][row1-debug] skeleton[0]=(1.793,0.709)[0m
[33m[WARN] [1788611566.447823571]: [planner][row1-debug] skeleton[1]=(1.375,0.709)[0m
[33m[WARN] [1788611566.447990717]: [planner][row1-debug] skeleton[2]=(1.375,1.830)[0m
[33m[WARN] [1788611566.448162653]: [planner][row1-debug] skeleton[3]=(1.250,1.830)[0m
[33m[WARN] [1788611566.448325612]: [planner][row1-debug] skeleton[4]=(1.250,2.950)[0m
[33m[WARN] [1788611566.448497367]: [planner][row1-debug] skeleton[5]=(0.435,2.950)[0m
[33m[WARN] [1788611566.448654665]: [planner][row1-debug] skeleton[6]=(0.435,3.791)[0m
[33m[WARN] [1788611566.448827547]: [planner][row1-debug] skeleton[7]=(1.250,3.791)[0m
[33m[WARN] [1788611566.449024380]: [planner][row1-debug] skeleton[8]=(1.250,4.301)[0m
[33m[WARN] [1788611566.449201702]: [planner][row1-debug] lane_shift too short tgt=101 j=1 terminal=0 lateral=1.120 need=1.508 avail=0.532[0m
[33m[WARN] [1788611566.449369299]: [planner][row1-debug] lane_shift accepted tgt=101 j=2 terminal=0 lateral=0.125 lead_in=0.600 lead_out=0.600 row3lower_3to2=1[0m
[33m[WARN] [1788611566.449546835]: [planner][row1-debug] lane_shift rejected tgt=101 j=4 terminal=0 lateral=0.815 lead_in=0.643 lead_out=0.643[0m
[33m[WARN] [1788611566.449706528]: [planner][row1-debug] lane_shift skipped tgt=101 j=6 terminal A1 connector keeps full vertical segment[0m
[33m[WARN] [1788611566.452155176]: [planner][row1-debug] clothoid infeasible tgt=101 j=6 p=(0.435, 3.791) prev=(0.435, 2.950) next=(1.250, 3.791) prev_len=0.840 next_len=0.815 limit=0.332[0m
[33m[WARN] [1788611566.452340136]: [planner][row1-debug] local arc fallback tgt=101 j=6 radius=0.338 max_radius=0.367 pts=55[0m
[33m[WARN] [1788611566.452590410]: [planner][row1-debug] prepend enter src=57 row1_upper=0 raw_pts=185 a_rev=(0.343,0.199) b=(1.793,0.709) path_front=(1.793,0.709 180.0deg type=0)[0m
[33m[WARN] [1788611566.452969979]: [planner][row1-debug] route=A1_TO_B src=101 tgt=57 src_corr=1 tgt_corr=4 target=(0.343,0.400 th=-90.0deg) mode=auto terminal_reverse=0 near_gap=0.584 far_gap=0.304 horiz=1.032 min_x=0.676[0m
[33m[WARN] [1788611566.453136444]: [planner][row1-debug] initial_reverse tgt=57 same_corr=0 start_to_right=0 start_lane_y=3.791 forward_heading=180.0deg reverse_end_dir=(0.0deg) desired_end_x=1.610 actual_end=(1.610,3.791) curve_start=(1.250,4.129) curve_pts=56 direct_ok=1[0m
[33m[WARN] [1788611566.453345380]: [planner][row1-debug] skeleton tgt=57 points=9 terminal_reverse=0 goal_lane_y=0.709 terminal_stop_y=0.400 final_ref_x=1.375[0m
[33m[WARN] [1788611566.453528557]: [planner][row1-debug] skeleton[0]=(1.610,3.791)[0m
[33m[WARN] [1788611566.453707075]: [planner][row1-debug] skeleton[1]=(0.145,3.791)[0m
[33m[WARN] [1788611566.453865585]: [planner][row1-debug] skeleton[2]=(0.145,2.950)[0m
[33m[WARN] [1788611566.454026260]: [planner][row1-debug] skeleton[3]=(1.250,2.950)[0m
[33m[WARN] [1788611566.454180863]: [planner][row1-debug] skeleton[4]=(1.250,1.550)[0m
[33m[WARN] [1788611566.454356545]: [planner][row1-debug] skeleton[5]=(1.375,1.550)[0m
[33m[WARN] [1788611566.454516088]: [planner][row1-debug] skeleton[6]=(1.375,0.709)[0m
[33m[WARN] [1788611566.454675930]: [planner][row1-debug] skeleton[7]=(0.343,0.709)[0m
[33m[WARN] [1788611566.454831876]: [planner][row1-debug] skeleton[8]=(0.343,0.199)[0m
[33m[WARN] [1788611566.454990496]: [planner][row1-debug] lane_shift rejected tgt=57 j=2 terminal=0 lateral=1.105 lead_in=0.472 lead_out=1.025[0m
[33m[WARN] [1788611566.455149818]: [planner][row1-debug] lane_shift accepted tgt=57 j=4 terminal=0 lateral=0.125 lead_in=0.252 lead_out=0.252[0m
[33m[WARN] [1788611566.455323156]: [planner][row1-debug] lane_shift skipped tgt=57 j=6 terminal=1 lateral=1.032: row7 keeps first-lane terminal turn[0m
[33m[WARN] [1788611566.456067895]: [planner][row1-debug] route=B_TO_A1 debug_rev=row1_aux_lane_to_a1_v2 src=58 tgt=101 src_corr=4 tgt_corr=1 target=(1.250,4.100 th=90.0deg) mode=auto terminal_reverse=0 near_gap=0.584 far_gap=0.304 horiz=0.000 min_x=0.676[0m
[33m[WARN] [1788611566.456234412]: [planner][row1-debug] initial_reverse tgt=101 same_corr=0 start_to_right=0 start_lane_y=0.709 forward_heading=180.0deg reverse_end_dir=(0.0deg) desired_end_x=1.793 actual_end=(1.793,0.709) reverse_origin=(0.562,0.125) curve_start=(0.562,0.371) curve_pts=56 direct_ok=1[0m
[33m[WARN] [1788611566.456442657]: [planner][row1-debug] row3lower 3to2 staged shift src=58 side=left lower=(1.375,1.550) upper=(1.375,1.830) bridge=(1.250,1.830) next=(1.250,2.670)[0m
[33m[WARN] [1788611566.456618570]: [planner][row1-debug] skeleton tgt=101 points=9 terminal_reverse=0 goal_lane_y=3.791 terminal_stop_y=4.100 final_ref_x=1.250[0m
[33m[WARN] [1788611566.456790245]: [planner][row1-debug] skeleton[0]=(1.793,0.709)[0m
[33m[WARN] [1788611566.457002417]: [planner][row1-debug] skeleton[1]=(1.375,0.709)[0m
[33m[WARN] [1788611566.457170325]: [planner][row1-debug] skeleton[2]=(1.375,1.830)[0m
[33m[WARN] [1788611566.457388328]: [planner][row1-debug] skeleton[3]=(1.250,1.830)[0m
[33m[WARN] [1788611566.457544965]: [planner][row1-debug] skeleton[4]=(1.250,2.950)[0m
[33m[WARN] [1788611566.457702123]: [planner][row1-debug] skeleton[5]=(0.435,2.950)[0m
[33m[WARN] [1788611566.457863829]: [planner][row1-debug] skeleton[6]=(0.435,3.791)[0m
[33m[WARN] [1788611566.458035975]: [planner][row1-debug] skeleton[7]=(1.250,3.791)[0m
[33m[WARN] [1788611566.458195497]: [planner][row1-debug] skeleton[8]=(1.250,4.301)[0m
[33m[WARN] [1788611566.458361131]: [planner][row1-debug] lane_shift too short tgt=101 j=1 terminal=0 lateral=1.120 need=1.508 avail=0.532[0m
[33m[WARN] [1788611566.458543536]: [planner][row1-debug] lane_shift accepted tgt=101 j=2 terminal=0 lateral=0.125 lead_in=0.600 lead_out=0.600 row3lower_3to2=1[0m
[33m[WARN] [1788611566.458741902]: [planner][row1-debug] lane_shift rejected tgt=101 j=4 terminal=0 lateral=0.815 lead_in=0.643 lead_out=0.643[0m
[33m[WARN] [1788611566.458919939]: [planner][row1-debug] lane_shift skipped tgt=101 j=6 terminal A1 connector keeps full vertical segment[0m
[33m[WARN] [1788611566.461409355]: [planner][row1-debug] clothoid infeasible tgt=101 j=6 p=(0.435, 3.791) prev=(0.435, 2.950) next=(1.250, 3.791) prev_len=0.840 next_len=0.815 limit=0.332[0m
[33m[WARN] [1788611566.461603823]: [planner][row1-debug] local arc fallback tgt=101 j=6 radius=0.338 max_radius=0.367 pts=55[0m
[33m[WARN] [1788611566.461803973]: [planner][row1-debug] prepend enter src=58 row1_upper=0 raw_pts=163 a_rev=(0.562,0.199) b=(1.793,0.709) path_front=(1.793,0.709 180.0deg type=0)[0m
[33m[WARN] [1788611566.462089503]: [planner][row1-debug] route=A1_TO_B src=101 tgt=58 src_corr=1 tgt_corr=4 target=(0.562,0.400 th=-90.0deg) mode=auto terminal_reverse=0 near_gap=0.584 far_gap=0.304 horiz=0.812 min_x=0.676[0m
[33m[WARN] [1788611566.462253063]: [planner][row1-debug] initial_reverse tgt=58 same_corr=0 start_to_right=0 start_lane_y=3.791 forward_heading=180.0deg reverse_end_dir=(0.0deg) desired_end_x=1.610 actual_end=(1.610,3.791) curve_start=(1.250,4.129) curve_pts=56 direct_ok=1[0m
[33m[WARN] [1788611566.462422454]: [planner][row1-debug] skeleton tgt=58 points=9 terminal_reverse=0 goal_lane_y=0.709 terminal_stop_y=0.400 final_ref_x=1.375[0m
[33m[WARN] [1788611566.462604945]: [planner][row1-debug] skeleton[0]=(1.610,3.791)[0m
[33m[WARN] [1788611566.462801332]: [planner][row1-debug] skeleton[1]=(0.145,3.791)[0m
[33m[WARN] [1788611566.462985831]: [planner][row1-debug] skeleton[2]=(0.145,2.950)[0m
[33m[WARN] [1788611566.463146425]: [planner][row1-debug] skeleton[3]=(1.250,2.950)[0m
[33m[WARN] [1788611566.463309835]: [planner][row1-debug] skeleton[4]=(1.250,1.550)[0m
[33m[WARN] [1788611566.463469768]: [planner][row1-debug] skeleton[5]=(1.375,1.550)[0m
[33m[WARN] [1788611566.463633177]: [planner][row1-debug] skeleton[6]=(1.375,0.709)[0m
[33m[WARN] [1788611566.463803320]: [planner][row1-debug] skeleton[7]=(0.562,0.709)[0m
[33m[WARN] [1788611566.463965847]: [planner][row1-debug] skeleton[8]=(0.562,0.199)[0m
[33m[WARN] [1788611566.464134256]: [planner][row1-debug] lane_shift rejected tgt=58 j=2 terminal=0 lateral=1.105 lead_in=0.472 lead_out=1.025[0m
[33m[WARN] [1788611566.464293308]: [planner][row1-debug] lane_shift accepted tgt=58 j=4 terminal=0 lateral=0.125 lead_in=0.252 lead_out=0.252[0m
[33m[WARN] [1788611566.464461637]: [planner][row1-debug] lane_shift skipped tgt=58 j=6 terminal=1 lateral=0.812: row7 keeps first-lane terminal turn[0m
[33m[WARN] [1788611566.465574064]: [planner][row1-debug] route=B_TO_A1 debug_rev=row1_aux_lane_to_a1_v2 src=59 tgt=101 src_corr=4 tgt_corr=1 target=(1.250,4.100 th=90.0deg) mode=auto terminal_reverse=0 near_gap=0.584 far_gap=0.304 horiz=0.000 min_x=0.676[0m
[33m[WARN] [1788611566.465740840]: [planner][row1-debug] initial_reverse tgt=101 same_corr=0 start_to_right=0 start_lane_y=0.709 forward_heading=180.0deg reverse_end_dir=(0.0deg) desired_end_x=1.793 actual_end=(1.793,0.709) reverse_origin=(0.782,0.125) curve_start=(0.782,0.371) curve_pts=56 direct_ok=1[0m
[33m[WARN] [1788611566.465906203]: [planner][row1-debug] row3lower 3to2 staged shift src=59 side=left lower=(1.375,1.550) upper=(1.375,1.830) bridge=(1.250,1.830) next=(1.250,2.670)[0m
[33m[WARN] [1788611566.466067408]: [planner][row1-debug] skeleton tgt=101 points=9 terminal_reverse=0 goal_lane_y=3.791 terminal_stop_y=4.100 final_ref_x=1.250[0m
[33m[WARN] [1788611566.466235446]: [planner][row1-debug] skeleton[0]=(1.793,0.709)[0m
[33m[WARN] [1788611566.466396361]: [planner][row1-debug] skeleton[1]=(1.375,0.709)[0m
[33m[WARN] [1788611566.466549722]: [planner][row1-debug] skeleton[2]=(1.375,1.830)[0m
[33m[WARN] [1788611566.466724593]: [planner][row1-debug] skeleton[3]=(1.250,1.830)[0m
[33m[WARN] [1788611566.466886450]: [planner][row1-debug] skeleton[4]=(1.250,2.950)[0m
[33m[WARN] [1788611566.467044138]: [planner][row1-debug] skeleton[5]=(0.435,2.950)[0m
[33m[WARN] [1788611566.467205283]: [planner][row1-debug] skeleton[6]=(0.435,3.791)[0m
[33m[WARN] [1788611566.467359335]: [planner][row1-debug] skeleton[7]=(1.250,3.791)[0m
[33m[WARN] [1788611566.467515351]: [planner][row1-debug] skeleton[8]=(1.250,4.301)[0m
[33m[WARN] [1788611566.467669373]: [planner][row1-debug] lane_shift too short tgt=101 j=1 terminal=0 lateral=1.120 need=1.508 avail=0.532[0m
[33m[WARN] [1788611566.467831770]: [planner][row1-debug] lane_shift accepted tgt=101 j=2 terminal=0 lateral=0.125 lead_in=0.600 lead_out=0.600 row3lower_3to2=1[0m
[33m[WARN] [1788611566.467989930]: [planner][row1-debug] lane_shift rejected tgt=101 j=4 terminal=0 lateral=0.815 lead_in=0.643 lead_out=0.643[0m
[33m[WARN] [1788611566.468142108]: [planner][row1-debug] lane_shift skipped tgt=101 j=6 terminal A1 connector keeps full vertical segment[0m
[33m[WARN] [1788611566.470528508]: [planner][row1-debug] clothoid infeasible tgt=101 j=6 p=(0.435, 3.791) prev=(0.435, 2.950) next=(1.250, 3.791) prev_len=0.840 next_len=0.815 limit=0.332[0m
[33m[WARN] [1788611566.470752112]: [planner][row1-debug] local arc fallback tgt=101 j=6 radius=0.338 max_radius=0.367 pts=55[0m
[33m[WARN] [1788611566.470991726]: [planner][row1-debug] prepend enter src=59 row1_upper=0 raw_pts=141 a_rev=(0.782,0.199) b=(1.793,0.709) path_front=(1.793,0.709 180.0deg type=0)[0m
[33m[WARN] [1788611566.471350526]: [planner][row1-debug] route=A1_TO_B src=101 tgt=59 src_corr=1 tgt_corr=4 target=(0.782,0.400 th=-90.0deg) mode=auto terminal_reverse=0 near_gap=0.584 far_gap=0.304 horiz=0.593 min_x=0.676[0m
[33m[WARN] [1788611566.471532540]: [planner][row1-debug] initial_reverse tgt=59 same_corr=0 start_to_right=0 start_lane_y=3.791 forward_heading=180.0deg reverse_end_dir=(0.0deg) desired_end_x=1.610 actual_end=(1.610,3.791) curve_start=(1.250,4.129) curve_pts=56 direct_ok=1[0m
[33m[WARN] [1788611566.471724524]: [planner][row1-debug] center detour tgt=59 aux=(2.070,0.709) stage=(0.322,0.709) heading=0.0deg turn_pts=75[0m
[33m[WARN] [1788611566.471879227]: [planner][row1-debug] skeleton tgt=59 points=8 terminal_reverse=0 goal_lane_y=0.709 terminal_stop_y=0.400 final_ref_x=1.375[0m
[33m[WARN] [1788611566.472033720]: [planner][row1-debug] skeleton[0]=(1.610,3.791)[0m
[33m[WARN] [1788611566.472183473]: [planner][row1-debug] skeleton[1]=(0.145,3.791)[0m
[33m[WARN] [1788611566.472338888]: [planner][row1-debug] skeleton[2]=(0.145,2.950)[0m
[33m[WARN] [1788611566.472500344]: [planner][row1-debug] skeleton[3]=(1.250,2.950)[0m
[33m[WARN] [1788611566.472656149]: [planner][row1-debug] skeleton[4]=(1.250,1.550)[0m
[33m[WARN] [1788611566.472809379]: [planner][row1-debug] skeleton[5]=(1.375,1.550)[0m
[33m[WARN] [1788611566.472981866]: [planner][row1-debug] skeleton[6]=(1.375,0.709)[0m
[33m[WARN] [1788611566.473173379]: [planner][row1-debug] skeleton[7]=(2.070,0.709)[0m
[33m[WARN] [1788611566.473374720]: [planner][row1-debug] lane_shift rejected tgt=59 j=2 terminal=0 lateral=1.105 lead_in=0.472 lead_out=1.025[0m
[33m[WARN] [1788611566.473558538]: [planner][row1-debug] lane_shift accepted tgt=59 j=4 terminal=0 lateral=0.125 lead_in=0.252 lead_out=0.252[0m
[33m[WARN] [1788611566.474268102]: [planner][row1-debug] route=B_TO_A1 debug_rev=row1_aux_lane_to_a1_v2 src=60 tgt=101 src_corr=4 tgt_corr=1 target=(1.250,4.100 th=90.0deg) mode=auto terminal_reverse=0 near_gap=0.584 far_gap=0.304 horiz=0.000 min_x=0.676[0m
[33m[WARN] [1788611566.474454866]: [planner][row1-debug] initial_reverse tgt=101 same_corr=0 start_to_right=0 start_lane_y=0.709 forward_heading=180.0deg reverse_end_dir=(0.0deg) desired_end_x=1.793 actual_end=(1.793,0.709) reverse_origin=(1.001,0.125) curve_start=(1.001,0.371) curve_pts=56 direct_ok=1[0m
[33m[WARN] [1788611566.474610801]: [planner][row1-debug] row3lower 3to2 staged shift src=60 side=left lower=(1.375,1.550) upper=(1.375,1.830) bridge=(1.250,1.830) next=(1.250,2.670)[0m
[33m[WARN] [1788611566.474779150]: [planner][row1-debug] skeleton tgt=101 points=9 terminal_reverse=0 goal_lane_y=3.791 terminal_stop_y=4.100 final_ref_x=1.250[0m
[33m[WARN] [1788611566.474933653]: [planner][row1-debug] skeleton[0]=(1.793,0.709)[0m
[33m[WARN] [1788611566.475099717]: [planner][row1-debug] skeleton[1]=(1.375,0.709)[0m
[33m[WARN] [1788611566.475256855]: [planner][row1-debug] skeleton[2]=(1.375,1.830)[0m
[33m[WARN] [1788611566.475423982]: [planner][row1-debug] skeleton[3]=(1.250,1.830)[0m
[33m[WARN] [1788611566.475590978]: [planner][row1-debug] skeleton[4]=(1.250,2.950)[0m
[33m[WARN] [1788611566.475751081]: [planner][row1-debug] skeleton[5]=(0.435,2.950)[0m
[33m[WARN] [1788611566.475914821]: [planner][row1-debug] skeleton[6]=(0.435,3.791)[0m
[33m[WARN] [1788611566.476067911]: [planner][row1-debug] skeleton[7]=(1.250,3.791)[0m
[33m[WARN] [1788611566.476222394]: [planner][row1-debug] skeleton[8]=(1.250,4.301)[0m
[33m[WARN] [1788611566.476446088]: [planner][row1-debug] lane_shift too short tgt=101 j=1 terminal=0 lateral=1.120 need=1.508 avail=0.532[0m
[33m[WARN] [1788611566.476619524]: [planner][row1-debug] lane_shift accepted tgt=101 j=2 terminal=0 lateral=0.125 lead_in=0.600 lead_out=0.600 row3lower_3to2=1[0m
[33m[WARN] [1788611566.476782815]: [planner][row1-debug] lane_shift rejected tgt=101 j=4 terminal=0 lateral=0.815 lead_in=0.643 lead_out=0.643[0m
[33m[WARN] [1788611566.476969148]: [planner][row1-debug] lane_shift skipped tgt=101 j=6 terminal A1 connector keeps full vertical segment[0m
[33m[WARN] [1788611566.479604200]: [planner][row1-debug] clothoid infeasible tgt=101 j=6 p=(0.435, 3.791) prev=(0.435, 2.950) next=(1.250, 3.791) prev_len=0.840 next_len=0.815 limit=0.332[0m
[33m[WARN] [1788611566.480181283]: [planner][row1-debug] local arc fallback tgt=101 j=6 radius=0.338 max_radius=0.367 pts=55[0m
[33m[WARN] [1788611566.480367495]: [planner][row1-debug] prepend enter src=60 row1_upper=0 raw_pts=119 a_rev=(1.001,0.199) b=(1.793,0.709) path_front=(1.793,0.709 180.0deg type=0)[0m
[33m[WARN] [1788611566.480623941]: [planner][row1-debug] route=A1_TO_B src=101 tgt=60 src_corr=1 tgt_corr=4 target=(1.001,0.400 th=-90.0deg) mode=auto terminal_reverse=0 near_gap=0.584 far_gap=0.304 horiz=0.374 min_x=0.676[0m
[33m[WARN] [1788611566.480792831]: [planner][row1-debug] initial_reverse tgt=60 same_corr=0 start_to_right=0 start_lane_y=3.791 forward_heading=180.0deg reverse_end_dir=(0.0deg) desired_end_x=1.610 actual_end=(1.610,3.791) curve_start=(1.250,4.129) curve_pts=56 direct_ok=1[0m
[33m[WARN] [1788611566.481001035]: [planner][row1-debug] center detour tgt=60 aux=(2.070,0.709) stage=(0.541,0.709) heading=0.0deg turn_pts=75[0m
[33m[WARN] [1788611566.481163533]: [planner][row1-debug] skeleton tgt=60 points=8 terminal_reverse=0 goal_lane_y=0.709 terminal_stop_y=0.400 final_ref_x=1.375[0m
[33m[WARN] [1788611566.481326712]: [planner][row1-debug] skeleton[0]=(1.610,3.791)[0m
[33m[WARN] [1788611566.481488218]: [planner][row1-debug] skeleton[1]=(0.145,3.791)[0m
[33m[WARN] [1788611566.481643773]: [planner][row1-debug] skeleton[2]=(0.145,2.950)[0m
[33m[WARN] [1788611566.481807568]: [planner][row1-debug] skeleton[3]=(1.250,2.950)[0m
[33m[WARN] [1788611566.481970928]: [planner][row1-debug] skeleton[4]=(1.250,1.550)[0m
[33m[WARN] [1788611566.482134923]: [planner][row1-debug] skeleton[5]=(1.375,1.550)[0m
[33m[WARN] [1788611566.482300116]: [planner][row1-debug] skeleton[6]=(1.375,0.709)[0m
[33m[WARN] [1788611566.482458236]: [planner][row1-debug] skeleton[7]=(2.070,0.709)[0m
[33m[WARN] [1788611566.482627196]: [planner][row1-debug] lane_shift rejected tgt=60 j=2 terminal=0 lateral=1.105 lead_in=0.472 lead_out=1.025[0m
[33m[WARN] [1788611566.482793972]: [planner][row1-debug] lane_shift accepted tgt=60 j=4 terminal=0 lateral=0.125 lead_in=0.252 lead_out=0.252[0m
[33m[WARN] [1788611566.483457819]: [planner][row1-debug] route=B_TO_A1 debug_rev=row1_aux_lane_to_a1_v2 src=61 tgt=101 src_corr=4 tgt_corr=1 target=(1.250,4.100 th=90.0deg) mode=auto terminal_reverse=0 near_gap=0.584 far_gap=0.304 horiz=0.000 min_x=0.676[0m
[33m[WARN] [1788611566.483619175]: [planner][row1-debug] initial_reverse tgt=101 same_corr=0 start_to_right=1 start_lane_y=0.709 forward_heading=0.0deg reverse_end_dir=(180.0deg) desired_end_x=0.707 actual_end=(0.707,0.709) reverse_origin=(1.499,0.125) curve_start=(1.499,0.371) curve_pts=56 direct_ok=1[0m
[33m[WARN] [1788611566.483776794]: [planner][row1-debug] row3lower 3to2 staged shift src=61 side=right lower=(1.125,1.550) upper=(1.125,1.830) bridge=(1.250,1.830) next=(1.250,2.670)[0m
[33m[WARN] [1788611566.483937668]: [planner][row1-debug] skeleton tgt=101 points=9 terminal_reverse=0 goal_lane_y=3.791 terminal_stop_y=4.100 final_ref_x=1.250[0m
[33m[WARN] [1788611566.484109544]: [planner][row1-debug] skeleton[0]=(0.707,0.709)[0m
[33m[WARN] [1788611566.484262043]: [planner][row1-debug] skeleton[1]=(1.125,0.709)[0m
[33m[WARN] [1788611566.484427767]: [planner][row1-debug] skeleton[2]=(1.125,1.830)[0m
[33m[WARN] [1788611566.484586698]: [planner][row1-debug] skeleton[3]=(1.250,1.830)[0m
[33m[WARN] [1788611566.484746931]: [planner][row1-debug] skeleton[4]=(1.250,2.950)[0m
[33m[WARN] [1788611566.484898869]: [planner][row1-debug] skeleton[5]=(1.865,2.950)[0m
[33m[WARN] [1788611566.485067318]: [planner][row1-debug] skeleton[6]=(1.865,3.791)[0m
[33m[WARN] [1788611566.485226349]: [planner][row1-debug] skeleton[7]=(1.250,3.791)[0m
[33m[WARN] [1788611566.485385621]: [planner][row1-debug] skeleton[8]=(1.250,4.301)[0m
[33m[WARN] [1788611566.485545424]: [planner][row1-debug] lane_shift too short tgt=101 j=1 terminal=0 lateral=1.120 need=1.508 avail=0.532[0m
[33m[WARN] [1788611566.485699265]: [planner][row1-debug] lane_shift accepted tgt=101 j=2 terminal=0 lateral=0.125 lead_in=0.600 lead_out=0.600 row3lower_3to2=1[0m
[33m[WARN] [1788611566.485846424]: [planner][row1-debug] lane_shift skipped tgt=101 j=4 row12 right-inner keeps clothoid/local-arc middle connector lateral=0.615[0m
[33m[WARN] [1788611566.486012959]: [planner][row1-debug] lane_shift skipped tgt=101 j=6 terminal A1 connector keeps full vertical segment[0m
[33m[WARN] [1788611566.488775422]: [planner][row1-debug] clothoid infeasible tgt=101 j=4 p=(1.250, 2.950) prev=(1.250, 1.830) next=(1.865, 2.950) prev_len=1.121 next_len=0.615 limit=0.329[0m
[33m[WARN] [1788611566.488972896]: [planner][row1-debug] clothoid infeasible tgt=101 j=5 p=(1.865, 2.950) prev=(1.250, 2.950) next=(1.865, 3.791) prev_len=0.615 next_len=0.840 limit=0.309[0m
[33m[WARN] [1788611566.489124273]: [planner][row1-debug] clothoid infeasible tgt=101 j=6 p=(1.865, 3.791) prev=(1.865, 2.950) next=(1.250, 3.791) prev_len=0.840 next_len=0.615 limit=0.245[0m
[33m[WARN] [1788611566.489322238]: [planner][row1-debug] clothoid infeasible tgt=101 j=7 p=(1.250, 3.791) prev=(1.865, 3.791) next=(1.250, 4.301) prev_len=0.615 next_len=0.511 limit=0.345[0m
[33m[WARN] [1788611566.489502980]: [planner][row1-debug] local arc fallback tgt=101 j=4 radius=0.277 max_radius=0.277 pts=45[0m
[33m[WARN] [1788611566.489678943]: [planner][row1-debug] local arc fallback tgt=101 j=5 radius=0.277 max_radius=0.277 pts=45[0m
[33m[WARN] [1788611566.489928607]: [planner][row1-debug] local arc fallback tgt=101 j=6 radius=0.277 max_radius=0.277 pts=45[0m
[33m[WARN] [1788611566.490127924]: [planner][row1-debug] local arc fallback tgt=101 j=7 radius=0.230 max_radius=0.230 pts=41[0m
[33m[WARN] [1788611566.490301583]: [planner][row1-debug] prepend enter src=61 row1_upper=0 raw_pts=119 a_rev=(1.499,0.199) b=(0.707,0.709) path_front=(0.707,0.709 0.0deg type=0)[0m
[33m[WARN] [1788611566.490560173]: [planner][row1-debug] route=A1_TO_B src=101 tgt=61 src_corr=1 tgt_corr=4 target=(1.499,0.400 th=-90.0deg) mode=auto terminal_reverse=0 near_gap=0.304 far_gap=0.584 horiz=0.374 min_x=0.676[0m
[33m[WARN] [1788611566.490734583]: [planner][row1-debug] initial_reverse tgt=61 same_corr=0 start_to_right=1 start_lane_y=3.791 forward_heading=0.0deg reverse_end_dir=(180.0deg) desired_end_x=0.890 actual_end=(0.890,3.791) curve_start=(1.250,4.129) curve_pts=56 direct_ok=1[0m
[33m[WARN] [1788611566.490928831]: [planner][row1-debug] center detour tgt=61 aux=(0.430,0.709) stage=(1.959,0.709) heading=180.0deg turn_pts=75[0m
[33m[WARN] [1788611566.491084816]: [planner][row1-debug] skeleton tgt=61 points=8 terminal_reverse=0 goal_lane_y=0.709 terminal_stop_y=0.400 final_ref_x=1.125[0m
[33m[WARN] [1788611566.491245370]: [planner][row1-debug] skeleton[0]=(0.890,3.791)[0m
[33m[WARN] [1788611566.491399222]: [planner][row1-debug] skeleton[1]=(2.155,3.791)[0m
[33m[WARN] [1788611566.491556009]: [planner][row1-debug] skeleton[2]=(2.155,2.950)[0m
[33m[WARN] [1788611566.491715451]: [planner][row1-debug] skeleton[3]=(1.250,2.950)[0m
[33m[WARN] [1788611566.491874662]: [planner][row1-debug] skeleton[4]=(1.250,1.550)[0m
[33m[WARN] [1788611566.492036589]: [planner][row1-debug] skeleton[5]=(1.125,1.550)[0m
[33m[WARN] [1788611566.492186754]: [planner][row1-debug] skeleton[6]=(1.125,0.709)[0m
[33m[WARN] [1788611566.492344282]: [planner][row1-debug] skeleton[7]=(0.430,0.709)[0m
[33m[WARN] [1788611566.492503674]: [planner][row1-debug] lane_shift rejected tgt=61 j=2 terminal=0 lateral=0.905 lead_in=0.472 lead_out=0.883[0m
[33m[WARN] [1788611566.492659218]: [planner][row1-debug] lane_shift accepted tgt=61 j=4 terminal=0 lateral=0.125 lead_in=0.252 lead_out=0.252[0m
[33m[WARN] [1788611566.493184363]: [planner][row1-debug] route=B_TO_A1 debug_rev=row1_aux_lane_to_a1_v2 src=62 tgt=101 src_corr=4 tgt_corr=1 target=(1.250,4.100 th=90.0deg) mode=auto terminal_reverse=0 near_gap=0.584 far_gap=0.304 horiz=0.000 min_x=0.676[0m
[33m[WARN] [1788611566.493345979]: [planner][row1-debug] initial_reverse tgt=101 same_corr=0 start_to_right=1 start_lane_y=0.709 forward_heading=0.0deg reverse_end_dir=(180.0deg) desired_end_x=0.707 actual_end=(0.707,0.709) reverse_origin=(1.718,0.125) curve_start=(1.718,0.371) curve_pts=56 direct_ok=1[0m
[33m[WARN] [1788611566.493500352]: [planner][row1-debug] row3lower 3to2 staged shift src=62 side=right lower=(1.125,1.550) upper=(1.125,1.830) bridge=(1.250,1.830) next=(1.250,2.670)[0m
[33m[WARN] [1788611566.493660515]: [planner][row1-debug] skeleton tgt=101 points=9 terminal_reverse=0 goal_lane_y=3.791 terminal_stop_y=4.100 final_ref_x=1.250[0m
[33m[WARN] [1788611566.493838001]: [planner][row1-debug] skeleton[0]=(0.707,0.709)[0m
[33m[WARN] [1788611566.493988106]: [planner][row1-debug] skeleton[1]=(1.125,0.709)[0m
[33m[WARN] [1788611566.494145855]: [planner][row1-debug] skeleton[2]=(1.125,1.830)[0m
[33m[WARN] [1788611566.494305066]: [planner][row1-debug] skeleton[3]=(1.250,1.830)[0m
[33m[WARN] [1788611566.494462735]: [planner][row1-debug] skeleton[4]=(1.250,2.950)[0m
[33m[WARN] [1788611566.494608751]: [planner][row1-debug] skeleton[5]=(1.865,2.950)[0m
[33m[WARN] [1788611566.494766781]: [planner][row1-debug] skeleton[6]=(1.865,3.791)[0m
[33m[WARN] [1788611566.494927515]: [planner][row1-debug] skeleton[7]=(1.250,3.791)[0m
[33m[WARN] [1788611566.495090254]: [planner][row1-debug] skeleton[8]=(1.250,4.301)[0m
[33m[WARN] [1788611566.495251158]: [planner][row1-debug] lane_shift too short tgt=101 j=1 terminal=0 lateral=1.120 need=1.508 avail=0.532[0m
[33m[WARN] [1788611566.495407284]: [planner][row1-debug] lane_shift accepted tgt=101 j=2 terminal=0 lateral=0.125 lead_in=0.600 lead_out=0.600 row3lower_3to2=1[0m
[33m[WARN] [1788611566.495561406]: [planner][row1-debug] lane_shift skipped tgt=101 j=4 row12 right-inner keeps clothoid/local-arc middle connector lateral=0.615[0m
[33m[WARN] [1788611566.495721599]: [planner][row1-debug] lane_shift skipped tgt=101 j=6 terminal A1 connector keeps full vertical segment[0m
[33m[WARN] [1788611566.498563312]: [planner][row1-debug] clothoid infeasible tgt=101 j=4 p=(1.250, 2.950) prev=(1.250, 1.830) next=(1.865, 2.950) prev_len=1.121 next_len=0.615 limit=0.329[0m
[33m[WARN] [1788611566.498720851]: [planner][row1-debug] clothoid infeasible tgt=101 j=5 p=(1.865, 2.950) prev=(1.250, 2.950) next=(1.865, 3.791) prev_len=0.615 next_len=0.840 limit=0.309[0m
[33m[WARN] [1788611566.498886735]: [planner][row1-debug] clothoid infeasible tgt=101 j=6 p=(1.865, 3.791) prev=(1.865, 2.950) next=(1.250, 3.791) prev_len=0.840 next_len=0.615 limit=0.245[0m
[33m[WARN] [1788611566.499035146]: [planner][row1-debug] clothoid infeasible tgt=101 j=7 p=(1.250, 3.791) prev=(1.865, 3.791) next=(1.250, 4.301) prev_len=0.615 next_len=0.511 limit=0.345[0m
[33m[WARN] [1788611566.499203084]: [planner][row1-debug] local arc fallback tgt=101 j=4 radius=0.277 max_radius=0.277 pts=45[0m
[33m[WARN] [1788611566.499365001]: [planner][row1-debug] local arc fallback tgt=101 j=5 radius=0.277 max_radius=0.277 pts=45[0m
[33m[WARN] [1788611566.499530735]: [planner][row1-debug] local arc fallback tgt=101 j=6 radius=0.277 max_radius=0.277 pts=45[0m
[33m[WARN] [1788611566.499699434]: [planner][row1-debug] local arc fallback tgt=101 j=7 radius=0.230 max_radius=0.230 pts=41[0m
[33m[WARN] [1788611566.499860600]: [planner][row1-debug] prepend enter src=62 row1_upper=0 raw_pts=141 a_rev=(1.718,0.199) b=(0.707,0.709) path_front=(0.707,0.709 0.0deg type=0)[0m
[33m[WARN] [1788611566.500120101]: [planner][row1-debug] route=A1_TO_B src=101 tgt=62 src_corr=1 tgt_corr=4 target=(1.718,0.400 th=-90.0deg) mode=auto terminal_reverse=0 near_gap=0.304 far_gap=0.584 horiz=0.593 min_x=0.676[0m
[33m[WARN] [1788611566.500287057]: [planner][row1-debug] initial_reverse tgt=62 same_corr=0 start_to_right=1 start_lane_y=3.791 forward_heading=0.0deg reverse_end_dir=(180.0deg) desired_end_x=0.890 actual_end=(0.890,3.791) curve_start=(1.250,4.129) curve_pts=56 direct_ok=1[0m
[33m[WARN] [1788611566.500475815]: [planner][row1-debug] center detour tgt=62 aux=(0.430,0.709) stage=(2.178,0.709) heading=180.0deg turn_pts=75[0m
[33m[WARN] [1788611566.500628234]: [planner][row1-debug] skeleton tgt=62 points=8 terminal_reverse=0 goal_lane_y=0.709 terminal_stop_y=0.400 final_ref_x=1.125[0m
[33m[WARN] [1788611566.500790731]: [planner][row1-debug] skeleton[0]=(0.890,3.791)[0m
[33m[WARN] [1788611566.500962787]: [planner][row1-debug] skeleton[1]=(2.155,3.791)[0m
[33m[WARN] [1788611566.501124704]: [planner][row1-debug] skeleton[2]=(2.155,2.950)[0m
[33m[WARN] [1788611566.501287943]: [planner][row1-debug] skeleton[3]=(1.250,2.950)[0m
[33m[WARN] [1788611566.501441424]: [planner][row1-debug] skeleton[4]=(1.250,1.550)[0m
[33m[WARN] [1788611566.501593772]: [planner][row1-debug] skeleton[5]=(1.125,1.550)[0m
[33m[WARN] [1788611566.501761009]: [planner][row1-debug] skeleton[6]=(1.125,0.709)[0m
[33m[WARN] [1788611566.501909661]: [planner][row1-debug] skeleton[7]=(0.430,0.709)[0m
[33m[WARN] [1788611566.502068381]: [planner][row1-debug] lane_shift rejected tgt=62 j=2 terminal=0 lateral=0.905 lead_in=0.472 lead_out=0.883[0m
[33m[WARN] [1788611566.502225539]: [planner][row1-debug] lane_shift accepted tgt=62 j=4 terminal=0 lateral=0.125 lead_in=0.252 lead_out=0.252[0m
[33m[WARN] [1788611566.502712652]: [planner][row1-debug] route=B_TO_A1 debug_rev=row1_aux_lane_to_a1_v2 src=63 tgt=101 src_corr=4 tgt_corr=1 target=(1.250,4.100 th=90.0deg) mode=auto terminal_reverse=0 near_gap=0.584 far_gap=0.304 horiz=0.000 min_x=0.676[0m
[33m[WARN] [1788611566.502873617]: [planner][row1-debug] initial_reverse tgt=101 same_corr=0 start_to_right=1 start_lane_y=0.709 forward_heading=0.0deg reverse_end_dir=(180.0deg) desired_end_x=0.707 actual_end=(0.707,0.709) reverse_origin=(1.938,0.125) curve_start=(1.938,0.371) curve_pts=56 direct_ok=1[0m
[33m[WARN] [1788611566.503028179]: [planner][row1-debug] row3lower 3to2 staged shift src=63 side=right lower=(1.125,1.550) upper=(1.125,1.830) bridge=(1.250,1.830) next=(1.250,2.670)[0m
[33m[WARN] [1788611566.503182001]: [planner][row1-debug] skeleton tgt=101 points=9 terminal_reverse=0 goal_lane_y=3.791 terminal_stop_y=4.100 final_ref_x=1.250[0m
[33m[WARN] [1788611566.503336954]: [planner][row1-debug] skeleton[0]=(0.707,0.709)[0m
[33m[WARN] [1788611566.503495845]: [planner][row1-debug] skeleton[1]=(1.125,0.709)[0m
[33m[WARN] [1788611566.503645970]: [planner][row1-debug] skeleton[2]=(1.125,1.830)[0m
[33m[WARN] [1788611566.503796505]: [planner][row1-debug] skeleton[3]=(1.250,1.830)[0m
[33m[WARN] [1788611566.503949895]: [planner][row1-debug] skeleton[4]=(1.250,2.950)[0m
[33m[WARN] [1788611566.504108586]: [planner][row1-debug] skeleton[5]=(1.865,2.950)[0m
[33m[WARN] [1788611566.504268028]: [planner][row1-debug] skeleton[6]=(1.865,3.791)[0m
[33m[WARN] [1788611566.504419415]: [planner][row1-debug] skeleton[7]=(1.250,3.791)[0m
[33m[WARN] [1788611566.504587643]: [planner][row1-debug] skeleton[8]=(1.250,4.301)[0m
[33m[WARN] [1788611566.504740533]: [planner][row1-debug] lane_shift too short tgt=101 j=1 terminal=0 lateral=1.120 need=1.508 avail=0.532[0m
[33m[WARN] [1788611566.504896168]: [planner][row1-debug] lane_shift accepted tgt=101 j=2 terminal=0 lateral=0.125 lead_in=0.600 lead_out=0.600 row3lower_3to2=1[0m
[33m[WARN] [1788611566.505054337]: [planner][row1-debug] lane_shift skipped tgt=101 j=4 row12 right-inner keeps clothoid/local-arc middle connector lateral=0.615[0m
[33m[WARN] [1788611566.505217496]: [planner][row1-debug] lane_shift skipped tgt=101 j=6 terminal A1 connector keeps full vertical segment[0m
[33m[WARN] [1788611566.508056274]: [planner][row1-debug] clothoid infeasible tgt=101 j=4 p=(1.250, 2.950) prev=(1.250, 1.830) next=(1.865, 2.950) prev_len=1.121 next_len=0.615 limit=0.329[0m
[33m[WARN] [1788611566.508223441]: [planner][row1-debug] clothoid infeasible tgt=101 j=5 p=(1.865, 2.950) prev=(1.250, 2.950) next=(1.865, 3.791) prev_len=0.615 next_len=0.840 limit=0.309[0m
[33m[WARN] [1788611566.508382622]: [planner][row1-debug] clothoid infeasible tgt=101 j=6 p=(1.865, 3.791) prev=(1.865, 2.950) next=(1.250, 3.791) prev_len=0.840 next_len=0.615 limit=0.245[0m
[33m[WARN] [1788611566.508555399]: [planner][row1-debug] clothoid infeasible tgt=101 j=7 p=(1.250, 3.791) prev=(1.865, 3.791) next=(1.250, 4.301) prev_len=0.615 next_len=0.511 limit=0.345[0m
[33m[WARN] [1788611566.508719691]: [planner][row1-debug] local arc fallback tgt=101 j=4 radius=0.277 max_radius=0.277 pts=45[0m
[33m[WARN] [1788611566.508889041]: [planner][row1-debug] local arc fallback tgt=101 j=5 radius=0.277 max_radius=0.277 pts=45[0m
[33m[WARN] [1788611566.509060426]: [planner][row1-debug] local arc fallback tgt=101 j=6 radius=0.277 max_radius=0.277 pts=45[0m
[33m[WARN] [1788611566.509217934]: [planner][row1-debug] local arc fallback tgt=101 j=7 radius=0.230 max_radius=0.230 pts=41[0m
[33m[WARN] [1788611566.509382105]: [planner][row1-debug] prepend enter src=63 row1_upper=0 raw_pts=163 a_rev=(1.938,0.199) b=(0.707,0.709) path_front=(0.707,0.709 0.0deg type=0)[0m
[33m[WARN] [1788611566.509639212]: [planner][row1-debug] route=A1_TO_B src=101 tgt=63 src_corr=1 tgt_corr=4 target=(1.938,0.400 th=-90.0deg) mode=auto terminal_reverse=0 near_gap=0.304 far_gap=0.584 horiz=0.812 min_x=0.676[0m
[33m[WARN] [1788611566.509800558]: [planner][row1-debug] initial_reverse tgt=63 same_corr=0 start_to_right=1 start_lane_y=3.791 forward_heading=0.0deg reverse_end_dir=(180.0deg) desired_end_x=0.890 actual_end=(0.890,3.791) curve_start=(1.250,4.129) curve_pts=56 direct_ok=1[0m
[33m[WARN] [1788611566.509961383]: [planner][row1-debug] skeleton tgt=63 points=9 terminal_reverse=0 goal_lane_y=0.709 terminal_stop_y=0.400 final_ref_x=1.125[0m
[33m[WARN] [1788611566.510117148]: [planner][row1-debug] skeleton[0]=(0.890,3.791)[0m
[33m[WARN] [1788611566.510271801]: [planner][row1-debug] skeleton[1]=(2.155,3.791)[0m
[33m[WARN] [1788611566.510424740]: [planner][row1-debug] skeleton[2]=(2.155,2.950)[0m
[33m[WARN] [1788611566.510582870]: [planner][row1-debug] skeleton[3]=(1.250,2.950)[0m
[33m[WARN] [1788611566.510737312]: [planner][row1-debug] skeleton[4]=(1.250,1.550)[0m
[33m[WARN] [1788611566.510894510]: [planner][row1-debug] skeleton[5]=(1.125,1.550)[0m
[33m[WARN] [1788611566.511048442]: [planner][row1-debug] skeleton[6]=(1.125,0.709)[0m
[33m[WARN] [1788611566.511206291]: [planner][row1-debug] skeleton[7]=(1.938,0.709)[0m
[33m[WARN] [1788611566.511367446]: [planner][row1-debug] skeleton[8]=(1.938,0.199)[0m
[33m[WARN] [1788611566.511534593]: [planner][row1-debug] lane_shift rejected tgt=63 j=2 terminal=0 lateral=0.905 lead_in=0.472 lead_out=0.883[0m
[33m[WARN] [1788611566.511764498]: [planner][row1-debug] lane_shift accepted tgt=63 j=4 terminal=0 lateral=0.125 lead_in=0.252 lead_out=0.252[0m
[33m[WARN] [1788611566.511936774]: [planner][row1-debug] lane_shift skipped tgt=63 j=6 terminal=1 lateral=0.812: row7 keeps first-lane terminal turn[0m
[33m[WARN] [1788611566.512639946]: [planner][row1-debug] route=B_TO_A1 debug_rev=row1_aux_lane_to_a1_v2 src=64 tgt=101 src_corr=4 tgt_corr=1 target=(1.250,4.100 th=90.0deg) mode=auto terminal_reverse=0 near_gap=0.584 far_gap=0.304 horiz=0.000 min_x=0.676[0m
[33m[WARN] [1788611566.512812223]: [planner][row1-debug] initial_reverse tgt=101 same_corr=0 start_to_right=1 start_lane_y=0.709 forward_heading=0.0deg reverse_end_dir=(180.0deg) desired_end_x=0.707 actual_end=(0.707,0.709) reverse_origin=(2.157,0.125) curve_start=(2.157,0.371) curve_pts=56 direct_ok=1[0m
[33m[WARN] [1788611566.512995530]: [planner][row1-debug] row3lower 3to2 staged shift src=64 side=right lower=(1.125,1.550) upper=(1.125,1.830) bridge=(1.250,1.830) next=(1.250,2.670)[0m
[33m[WARN] [1788611566.513177454]: [planner][row1-debug] skeleton tgt=101 points=9 terminal_reverse=0 goal_lane_y=3.791 terminal_stop_y=4.100 final_ref_x=1.250[0m
[33m[WARN] [1788611566.513337738]: [planner][row1-debug] skeleton[0]=(0.707,0.709)[0m
[33m[WARN] [1788611566.513494014]: [planner][row1-debug] skeleton[1]=(1.125,0.709)[0m
[33m[WARN] [1788611566.513652715]: [planner][row1-debug] skeleton[2]=(1.125,1.830)[0m
[33m[WARN] [1788611566.513814732]: [planner][row1-debug] skeleton[3]=(1.250,1.830)[0m
[33m[WARN] [1788611566.513973212]: [planner][row1-debug] skeleton[4]=(1.250,2.950)[0m
[33m[WARN] [1788611566.514141420]: [planner][row1-debug] skeleton[5]=(1.865,2.950)[0m
[33m[WARN] [1788611566.514305261]: [planner][row1-debug] skeleton[6]=(1.865,3.791)[0m
[33m[WARN] [1788611566.514455756]: [planner][row1-debug] skeleton[7]=(1.250,3.791)[0m
[33m[WARN] [1788611566.514618654]: [planner][row1-debug] skeleton[8]=(1.250,4.301)[0m
[33m[WARN] [1788611566.514771734]: [planner][row1-debug] lane_shift too short tgt=101 j=1 terminal=0 lateral=1.120 need=1.508 avail=0.532[0m
[33m[WARN] [1788611566.514931577]: [planner][row1-debug] lane_shift accepted tgt=101 j=2 terminal=0 lateral=0.125 lead_in=0.600 lead_out=0.600 row3lower_3to2=1[0m
[33m[WARN] [1788611566.515084467]: [planner][row1-debug] lane_shift skipped tgt=101 j=4 row12 right-inner keeps clothoid/local-arc middle connector lateral=0.615[0m
[33m[WARN] [1788611566.515235242]: [planner][row1-debug] lane_shift skipped tgt=101 j=6 terminal A1 connector keeps full vertical segment[0m
[33m[WARN] [1788611566.517970543]: [planner][row1-debug] clothoid infeasible tgt=101 j=4 p=(1.250, 2.950) prev=(1.250, 1.830) next=(1.865, 2.950) prev_len=1.121 next_len=0.615 limit=0.329[0m
[33m[WARN] [1788611566.518136909]: [planner][row1-debug] clothoid infeasible tgt=101 j=5 p=(1.865, 2.950) prev=(1.250, 2.950) next=(1.865, 3.791) prev_len=0.615 next_len=0.840 limit=0.309[0m
[33m[WARN] [1788611566.518324694]: [planner][row1-debug] clothoid infeasible tgt=101 j=6 p=(1.865, 3.791) prev=(1.865, 2.950) next=(1.250, 3.791) prev_len=0.840 next_len=0.615 limit=0.245[0m
[33m[WARN] [1788611566.518484798]: [planner][row1-debug] clothoid infeasible tgt=101 j=7 p=(1.250, 3.791) prev=(1.865, 3.791) next=(1.250, 4.301) prev_len=0.615 next_len=0.511 limit=0.345[0m
[33m[WARN] [1788611566.518665941]: [planner][row1-debug] local arc fallback tgt=101 j=4 radius=0.277 max_radius=0.277 pts=45[0m
[33m[WARN] [1788611566.518815785]: [planner][row1-debug] local arc fallback tgt=101 j=5 radius=0.277 max_radius=0.277 pts=45[0m
[33m[WARN] [1788611566.518988532]: [planner][row1-debug] local arc fallback tgt=101 j=6 radius=0.277 max_radius=0.277 pts=45[0m
[33m[WARN] [1788611566.519154346]: [planner][row1-debug] local arc fallback tgt=101 j=7 radius=0.230 max_radius=0.230 pts=41[0m
[33m[WARN] [1788611566.519319819]: [planner][row1-debug] prepend enter src=64 row1_upper=0 raw_pts=185 a_rev=(2.157,0.199) b=(0.707,0.709) path_front=(0.707,0.709 0.0deg type=0)[0m
[33m[WARN] [1788611566.519556408]: [planner][row1-debug] route=A1_TO_B src=101 tgt=64 src_corr=1 tgt_corr=4 target=(2.157,0.400 th=-90.0deg) mode=auto terminal_reverse=0 near_gap=0.304 far_gap=0.584 horiz=1.032 min_x=0.676[0m
[33m[WARN] [1788611566.519725177]: [planner][row1-debug] initial_reverse tgt=64 same_corr=0 start_to_right=1 start_lane_y=3.791 forward_heading=0.0deg reverse_end_dir=(180.0deg) desired_end_x=0.890 actual_end=(0.890,3.791) curve_start=(1.250,4.129) curve_pts=56 direct_ok=1[0m
[33m[WARN] [1788611566.519879610]: [planner][row1-debug] skeleton tgt=64 points=9 terminal_reverse=0 goal_lane_y=0.709 terminal_stop_y=0.400 final_ref_x=1.125[0m
[33m[WARN] [1788611566.520039908]: [planner][row1-debug] skeleton[0]=(0.890,3.791)[0m
[33m[WARN] [1788611566.520204315]: [planner][row1-debug] skeleton[1]=(2.155,3.791)[0m
[33m[WARN] [1788611566.520453777]: [planner][row1-debug] skeleton[2]=(2.155,2.950)[0m
[33m[WARN] [1788611566.520685396]: [planner][row1-debug] skeleton[3]=(1.250,2.950)[0m
[33m[WARN] [1788611566.520842394]: [planner][row1-debug] skeleton[4]=(1.250,1.550)[0m
[33m[WARN] [1788611566.521018936]: [planner][row1-debug] skeleton[5]=(1.125,1.550)[0m
[33m[WARN] [1788611566.521182297]: [planner][row1-debug] skeleton[6]=(1.125,0.709)[0m
[33m[WARN] [1788611566.521346929]: [planner][row1-debug] skeleton[7]=(2.157,0.709)[0m
[33m[WARN] [1788611566.521507544]: [planner][row1-debug] skeleton[8]=(2.157,0.199)[0m
[33m[WARN] [1788611566.521666685]: [planner][row1-debug] lane_shift rejected tgt=64 j=2 terminal=0 lateral=0.905 lead_in=0.472 lead_out=0.883[0m
[33m[WARN] [1788611566.521830265]: [planner][row1-debug] lane_shift accepted tgt=64 j=4 terminal=0 lateral=0.125 lead_in=0.252 lead_out=0.252[0m
[33m[WARN] [1788611566.521994426]: [planner][row1-debug] lane_shift skipped tgt=64 j=6 terminal=1 lateral=1.032: row7 keeps first-lane terminal turn[0m
[33m[WARN] [1788611566.522518268]: [planner][row1-debug] route=B_TO_A1 debug_rev=row1_aux_lane_to_a1_v2 src=65 tgt=101 src_corr=4 tgt_corr=1 target=(1.250,4.100 th=90.0deg) mode=auto terminal_reverse=0 near_gap=0.584 far_gap=0.304 horiz=0.000 min_x=0.676[0m
[33m[WARN] [1788611566.522740389]: [planner][row1-debug] initial_reverse tgt=101 same_corr=0 start_to_right=1 start_lane_y=0.709 forward_heading=0.0deg reverse_end_dir=(180.0deg) desired_end_x=0.707 actual_end=(0.707,0.709) reverse_origin=(2.376,0.125) curve_start=(2.376,0.371) curve_pts=56 direct_ok=1[0m
[33m[WARN] [1788611566.522915080]: [planner][row1-debug] row3lower 3to2 staged shift src=65 side=right lower=(1.125,1.550) upper=(1.125,1.830) bridge=(1.250,1.830) next=(1.250,2.670)[0m
[33m[WARN] [1788611566.523116221]: [planner][row1-debug] skeleton tgt=101 points=9 terminal_reverse=0 goal_lane_y=3.791 terminal_stop_y=4.100 final_ref_x=1.250[0m
[33m[WARN] [1788611566.523284990]: [planner][row1-debug] skeleton[0]=(0.707,0.709)[0m
[33m[WARN] [1788611566.523464134]: [planner][row1-debug] skeleton[1]=(1.125,0.709)[0m
[33m[WARN] [1788611566.523649881]: [planner][row1-debug] skeleton[2]=(1.125,1.830)[0m
[33m[WARN] [1788611566.523814553]: [planner][row1-debug] skeleton[3]=(1.250,1.830)[0m
[33m[WARN] [1788611566.523971861]: [planner][row1-debug] skeleton[4]=(1.250,2.950)[0m
[33m[WARN] [1788611566.524128368]: [planner][row1-debug] skeleton[5]=(1.865,2.950)[0m
[33m[WARN] [1788611566.524280867]: [planner][row1-debug] skeleton[6]=(1.865,3.791)[0m
[33m[WARN] [1788611566.524442302]: [planner][row1-debug] skeleton[7]=(1.250,3.791)[0m
[33m[WARN] [1788611566.524611087]: [planner][row1-debug] skeleton[8]=(1.250,4.301)[0m
[33m[WARN] [1788611566.524781795]: [planner][row1-debug] lane_shift too short tgt=101 j=1 terminal=0 lateral=1.120 need=1.508 avail=0.532[0m
[33m[WARN] [1788611566.524946237]: [planner][row1-debug] lane_shift accepted tgt=101 j=2 terminal=0 lateral=0.125 lead_in=0.600 lead_out=0.600 row3lower_3to2=1[0m
[33m[WARN] [1788611566.525104807]: [planner][row1-debug] lane_shift skipped tgt=101 j=4 row12 right-inner keeps clothoid/local-arc middle connector lateral=0.615[0m
[33m[WARN] [1788611566.525265326]: [planner][row1-debug] lane_shift skipped tgt=101 j=6 terminal A1 connector keeps full vertical segment[0m
[33m[WARN] [1788611566.528017304]: [planner][row1-debug] clothoid infeasible tgt=101 j=4 p=(1.250, 2.950) prev=(1.250, 1.830) next=(1.865, 2.950) prev_len=1.121 next_len=0.615 limit=0.329[0m
[33m[WARN] [1788611566.528171636]: [planner][row1-debug] clothoid infeasible tgt=101 j=5 p=(1.865, 2.950) prev=(1.250, 2.950) next=(1.865, 3.791) prev_len=0.615 next_len=0.840 limit=0.309[0m
[33m[WARN] [1788611566.528358791]: [planner][row1-debug] clothoid infeasible tgt=101 j=6 p=(1.865, 3.791) prev=(1.865, 2.950) next=(1.250, 3.791) prev_len=0.840 next_len=0.615 limit=0.245[0m
[33m[WARN] [1788611566.528539673]: [planner][row1-debug] clothoid infeasible tgt=101 j=7 p=(1.250, 3.791) prev=(1.865, 3.791) next=(1.250, 4.301) prev_len=0.615 next_len=0.511 limit=0.345[0m
[33m[WARN] [1788611566.528710968]: [planner][row1-debug] local arc fallback tgt=101 j=4 radius=0.277 max_radius=0.277 pts=45[0m
[33m[WARN] [1788611566.528965159]: [planner][row1-debug] local arc fallback tgt=101 j=5 radius=0.277 max_radius=0.277 pts=45[0m
[33m[WARN] [1788611566.529146423]: [planner][row1-debug] local arc fallback tgt=101 j=6 radius=0.277 max_radius=0.277 pts=45[0m
[33m[WARN] [1788611566.529318489]: [planner][row1-debug] local arc fallback tgt=101 j=7 radius=0.230 max_radius=0.230 pts=41[0m
[33m[WARN] [1788611566.529482920]: [planner][row1-debug] prepend enter src=65 row1_upper=0 raw_pts=207 a_rev=(2.376,0.199) b=(0.707,0.709) path_front=(0.707,0.709 0.0deg type=0)[0m
[33m[WARN] [1788611566.529757901]: [planner][row1-debug] route=A1_TO_B src=101 tgt=65 src_corr=1 tgt_corr=4 target=(2.376,0.400 th=-90.0deg) mode=auto terminal_reverse=0 near_gap=0.304 far_gap=0.584 horiz=1.251 min_x=0.676[0m
[33m[WARN] [1788611566.529959503]: [planner][row1-debug] initial_reverse tgt=65 same_corr=0 start_to_right=1 start_lane_y=3.791 forward_heading=0.0deg reverse_end_dir=(180.0deg) desired_end_x=0.890 actual_end=(0.890,3.791) curve_start=(1.250,4.129) curve_pts=56 direct_ok=1[0m
[33m[WARN] [1788611566.530123353]: [planner][row1-debug] skeleton tgt=65 points=9 terminal_reverse=0 goal_lane_y=0.709 terminal_stop_y=0.400 final_ref_x=1.125[0m
[33m[WARN] [1788611566.530282775]: [planner][row1-debug] skeleton[0]=(0.890,3.791)[0m
[33m[WARN] [1788611566.530457687]: [planner][row1-debug] skeleton[1]=(2.155,3.791)[0m
[33m[WARN] [1788611566.530621076]: [planner][row1-debug] skeleton[2]=(2.155,2.950)[0m
[33m[WARN] [1788611566.530777663]: [planner][row1-debug] skeleton[3]=(1.250,2.950)[0m
[33m[WARN] [1788611566.530925914]: [planner][row1-debug] skeleton[4]=(1.250,1.550)[0m
[33m[WARN] [1788611566.531088412]: [planner][row1-debug] skeleton[5]=(1.125,1.550)[0m
[33m[WARN] [1788611566.531247313]: [planner][row1-debug] skeleton[6]=(1.125,0.709)[0m
[33m[WARN] [1788611566.531409279]: [planner][row1-debug] skeleton[7]=(2.376,0.709)[0m
[33m[WARN] [1788611566.531567850]: [planner][row1-debug] skeleton[8]=(2.376,0.199)[0m
[33m[WARN] [1788611566.531724977]: [planner][row1-debug] lane_shift rejected tgt=65 j=2 terminal=0 lateral=0.905 lead_in=0.472 lead_out=0.883[0m
[33m[WARN] [1788611566.531884349]: [planner][row1-debug] lane_shift accepted tgt=65 j=4 terminal=0 lateral=0.125 lead_in=0.252 lead_out=0.252[0m
[33m[WARN] [1788611566.783555805]: [batch] 无头快速回归模式:将狂跑 72000 拍(≈120 仿真分钟),不发 marker、不按实时。[0m
[33m[WARN] [1788611566.785735996]: [multi_patrol][A1 EXIT PREPARED] V0 target=B9 pickup_dwell=5.00s exit_len=2.555 priority_until_s=0.756 horizon_refresh=IMMEDIATE[0m
[33m[WARN] [1788611566.786109935]: [multi_patrol][A1 EXIT PREPARED] V1 target=B10 pickup_dwell=5.00s exit_len=3.406 priority_until_s=1.416 horizon_refresh=IMMEDIATE[0m
[33m[WARN] [1788611566.814288789]: [DIAG cycle] 等待图检测到环 V0->V1 —— 严格全序下本不该出现,疑为 slot 资源前置约束成环(循环占位)。暂由破环逃生兜底。[0m
[0m[INFO] [1788611566.173584685]: [multi_patrol][TASK RNG] mode=REPRODUCIBLE_PSEUDO seed=2026[0m
[0m[INFO] [1788611566.532339171]: [multi_patrol] A1 leg cache built: slots=66 B->A1 ok=66 arc=42, A1->B ok=66 arc=2[0m
[0m[INFO] [1788611566.671928782]: [multi_patrol] task cache built: slots=66 pairs=4356 valid=4290 same=66 empty=0 curvature=0 boundary=0 shelf=0 kink=0 valid_target_rows=[650,325,325,650,650,520,520,650][0m
[0m[INFO] [1788611566.782035096]: [spin-check] 0 valid paths have mid-path heading jumps >52deg (0 jump points). worst=0deg at -->-[0m
[0m[INFO] [1788611566.782450613]: [multi_patrol][A1] V0 pickup leg: B38 -> A1  wpts=320 len=3.368[0m
[0m[INFO] [1788611566.782499696]: [multi_patrol][A1] V1 pickup leg: B20 -> A1  wpts=304 len=3.391[0m
[0m[INFO] [1788611566.782506749]: [multi_patrol][A1] initial pickup legs assigned: 2/2[0m
[0m[INFO] [1788611566.782513622]: [res_map] resources built: 152[0m
[0m[INFO] [1788611566.782549290]: [res_map] V0 uses SLOT_DOCK_16 s=[2.800,2.880] (len=3.368)[0m
[0m[INFO] [1788611566.782570029]: [res_map] V0 uses SLOT_DOCK_18 s=[2.580,2.780] (len=3.368)[0m
[0m[INFO] [1788611566.782575750]: [res_map] V0 uses SLOT_DOCK_19 s=[1.040,1.100] (len=3.368)[0m
[0m[INFO] [1788611566.782579287]: [res_map] V0 uses SLOT_BODY_38 s=[0.000,0.040] (len=3.368)[0m
[0m[INFO] [1788611566.782582312]: [res_map] V0 uses SLOT_DOCK_38 s=[0.000,0.300] (len=3.368)[0m
[0m[INFO] [1788611566.782585428]: [res_map] V0 uses NARROW_top_gap s=[3.320,3.368] (len=3.368)[0m
[0m[INFO] [1788611566.782591229]: [res_map] V0 uses LANE_C2_lo s=[0.040,0.380] (len=3.368)[0m
[0m[INFO] [1788611566.782594125]: [res_map] V0 uses LANE_C2_hi s=[0.380,1.600] (len=3.368)[0m
[0m[INFO] [1788611566.782596860]: [res_map] V0 uses LANE_C1_lo s=[2.100,3.000] (len=3.368)[0m
[0m[INFO] [1788611566.782599525]: [res_map] V0 uses LANE_C1_hi s=[3.000,3.320] (len=3.368)[0m
[0m[INFO] [1788611566.782602911]: [res_map] V0 uses XING_C1_x1250 s=[2.840,3.320] (len=3.368)[0m
[0m[INFO] [1788611566.782605677]: [res_map] V0 uses XING_C2_x2009 s=[0.520,1.600] (len=3.368)[0m
[0m[INFO] [1788611566.782608492]: [res_map] V0 uses XING_C1_x2009 s=[2.100,2.460] (len=3.368)[0m
[0m[INFO] [1788611566.782637747]: [res_map] V1 uses SLOT_DOCK_10 s=[2.420,2.600] (len=3.391)[0m
[0m[INFO] [1788611566.782657755]: [res_map] V1 uses SLOT_DOCK_11 s=[0.840,0.900] (len=3.391)[0m
[0m[INFO] [1788611566.782662995]: [res_map] V1 uses SLOT_DOCK_12 s=[2.640,2.840] (len=3.391)[0m
[0m[INFO] [1788611566.782665971]: [res_map] V1 uses SLOT_DOCK_14 s=[2.860,2.900] (len=3.391)[0m
[0m[INFO] [1788611566.782668886]: [res_map] V1 uses SLOT_BODY_20 s=[0.000,0.040] (len=3.391)[0m
[0m[INFO] [1788611566.782671862]: [res_map] V1 uses SLOT_DOCK_20 s=[0.000,0.300] (len=3.391)[0m
[0m[INFO] [1788611566.782674597]: [res_map] V1 uses NARROW_top_gap s=[3.340,3.391] (len=3.391)[0m
[0m[INFO] [1788611566.782677583]: [res_map] V1 uses LANE_C2_lo s=[0.040,0.380] (len=3.391)[0m
[0m[INFO] [1788611566.782680228]: [res_map] V1 uses LANE_C2_hi s=[0.380,1.460] (len=3.391)[0m
[0m[INFO] [1788611566.782682843]: [res_map] V1 uses LANE_C1_lo s=[1.940,3.020] (len=3.391)[0m
[0m[INFO] [1788611566.782685398]: [res_map] V1 uses LANE_C1_hi s=[3.020,3.340] (len=3.391)[0m
[0m[INFO] [1788611566.782688043]: [res_map] V1 uses XING_C1_x1250 s=[2.880,3.340] (len=3.391)[0m
[0m[INFO] [1788611566.782694615]: [res_map] V1 uses XING_C2_x290 s=[0.040,1.460] (len=3.391)[0m
[0m[INFO] [1788611566.782697210]: [res_map] V1 uses XING_C1_x290 s=[1.940,2.280] (len=3.391)[0m
[0m[INFO] [1788611566.793129850]: [sim_plan] built plan=1 start=0.10 horizon=15.00 frames=150 commit_frames=20[0m
[0m[INFO] [1788611566.804803903]: [sim_plan] built plan=2 start=2.10 horizon=15.00 frames=150 commit_frames=20[0m
[0m[INFO] [1788611566.814636379]: [sim_plan] built plan=3 start=4.10 horizon=15.00 frames=150 commit_frames=20[0m
[0m[INFO] [1788611566.825703733]: [sim_plan] built plan=4 start=6.10 horizon=15.00 frames=150 commit_frames=20[0m
[0m[INFO] [1788611566.857123858]: [sim_plan] built plan=5 s[33m[WARN] [1788611567.010343157]: [multi_patrol][A1 EXIT HORIZON] V0 target=B9 dwell_part=4.90s departure_window=10.10s total_horizon=15.00s[0m
[33m[WARN] [1788611567.029040644]: [multi_patrol][A1 EXIT HORIZON] V0 target=B9 dwell_part=2.90s departure_window=12.10s total_horizon=15.00s[0m
[33m[WARN] [1788611567.048511287]: [multi_patrol][A1 EXIT HORIZON] V0 target=B9 dwell_part=0.90s departure_window=14.10s total_horizon=15.00s[0m
[33m[WARN] [1788611567.106496543]: [multi_patrol][A1 EXIT HORIZON] V1 target=B10 dwell_part=4.90s departure_window=10.10s total_horizon=15.00s[0m
[33m[WARN] [1788611567.109426191]: [multi_patrol][A1 EXIT HORIZON] V1 target=B10 dwell_part=2.90s departure_window=12.10s total_horizon=15.00s[0m
[33m[WARN] [1788611567.113008987]: [multi_patrol][A1 EXIT HORIZON] V1 target=B10 dwell_part=0.90s departure_window=14.10s total_horizon=15.00s[0m
[33m[WARN] [1788611567.117565690]: [SLOT_DEPARTURE] time=0min46.3s vehicle=V0 owner=none result=ALLOW reason=no_service_owner candidate_path_gen=3 slot_departure_clear_s=0.346 vehicle_mode=ACTIVE vehicle_speed=0.000 vehicle_path_s=0.000 blocker=none a1_prefix_conflict=0 ordinary_road_conflict=0[0m
[33m[WARN] [1788611567.117864554]: [multi_patrol][A1 EXIT PREPARED] V0 target=B28 pickup_dwell=5.00s exit_len=3.444 priority_until_s=0.758 horizon_refresh=IMMEDIATE[0m
tart=8.10 horizon=15.00 frames=150 commit_frames=20[0m
[0m[INFO] [1788611566.882074960]: [sim_plan] built plan=6 start=10.10 horizon=15.00 frames=150 commit_frames=20[0m
[0m[INFO] [1788611566.903006078]: [sim_plan] built plan=7 start=12.10 horizon=15.00 frames=150 commit_frames=20[0m
[0m[INFO] [1788611566.927123133]: [sim_plan] built plan=8 start=14.10 horizon=15.00 frames=150 commit_frames=20[0m
[0m[INFO] [1788611566.949417473]: [sim_plan] built plan=9 start=16.10 horizon=15.00 frames=150 commit_frames=20[0m
[0m[INFO] [1788611566.971394882]: [sim_plan] built plan=10 start=18.10 horizon=15.00 frames=150 commit_frames=20[0m
[0m[INFO] [1788611566.992415490]: [sim_plan] built plan=11 start=20.10 horizon=15.00 frames=150 commit_frames=20[0m
[0m[INFO] [1788611567.010305115]: [sim_plan] built plan=12 start=21.20 horizon=15.00 frames=150 commit_frames=20[0m
[0m[INFO] [1788611567.029008873]: [sim_plan] built plan=13 start=23.20 horizon=15.00 frames=150 commit_frames=20[0m
[0m[INFO] [1788611567.048484035]: [sim_plan] built plan=14 start=25.20 horizon=15.00 frames=150 commit_frames=20[0m
[0m[INFO] [1788611567.049406152]: [multi_patrol][A1] V0 activate prepared dropoff: A1 -> B9 len=2.555 priority_until_s=0.756[0m
[0m[INFO] [1788611567.065721697]: [sim_plan] built plan=15 start=26.10 horizon=15.00 frames=150 commit_frames=20[0m
[0m[INFO] [1788611567.079388192]: [sim_plan] built plan=16 start=28.10 horizon=15.00 frames=150 commit_frames=20[0m
[0m[INFO] [1788611567.089366314]: [sim_plan] built plan=17 start=30.10 horizon=15.00 frames=150 commit_frames=20[0m
[0m[INFO] [1788611567.090077361]: [multi_patrol][A1 EXIT PRIORITY RELEASE] V0 s=0.768 threshold=0.756[0m
[0m[INFO] [1788611567.096275420]: [sim_plan] built plan=18 start=32.10 horizon=15.00 frames=150 commit_frames=20[0m
[0m[INFO] [1788611567.099686672]: [sim_plan] built plan=19 start=34.10 horizon=15.00 frames=150 commit_frames=20[0m
[0m[INFO] [1788611567.102231652]: [sim_plan] built plan=20 start=36.10 horizon=15.00 frames=150 commit_frames=20[0m
[0m[INFO] [1788611567.104425409]: [sim_plan] built plan=21 start=38.10 horizon=15.00 frames=150 commit_frames=20[0m
[0m[INFO] [1788611567.106468299]: [sim_plan] built plan=22 start=40.00 horizon=15.00 frames=150 commit_frames=20[0m
[0m[INFO] [1788611567.109399280]: [sim_plan] built plan=23 start=42.00 horizon=15.00 frames=150 commit_frames=20[0m
[0m[INFO] [1788611567.112977948]: [sim_plan] built plan=24 start=44.00 horizon=15.00 frames=150 commit_frames=20[0m
[0m[INFO] [1788611567.113932358]: [multi_patrol][A1] V1 activate prepared dropoff: A1 -> B10 len=3.406 priority_until_s=1.416[0m
[0m[INFO] [1788611567.116433423]: [sim_plan] built plan=25 start=44.90 horizon=15.00 frames=150 commit_frames=20[0m
[0m[INFO] [1788611567.117532718]: [multi_patrol][A1] V0 pickup leg: B9 -> A1  wpts=298 len=3.034[0m
[0m[INFO] [1788611567.125967303]: [sim_plan] built plan=26 start=46.30 horizon=15.00 frames=150 commit_frames=20[0m
[0m[INFO] [1788611567.134482983]: [sim_plan] built plan=27 start=48.30 horizon=15.00 frames=150 commit_frames=20[0m
[0m[INFO] [1788611567.143172383]: [sim_plan] built plan=28 start=50.30 horizon=15.00 frames=150 commit_frames=20[0m
[0m[INFO] [1788611567.151813531]: [sim_plan] built plan=29 start=52.30 horizon=15.00 frames=150 commit_frames=20[0m
[0m[INFO] [1788611567.158533511]: [sim_plan] built plan=30 start=54.30 horizon=15.00 frames=150 commit_frames=20[0m
[0m[INFO] [1788611567.159000205]: [multi_patrol][A1 EXIT PRIORITY RELEASE] V1 s=1.419 threshold=1.416[0m
[0m[INFO] [1788611567.164510663]: [sim_plan] built plan=31 start=56.30 horizon=15.00 frames=150 commit_frames=20[0m
[0m[INFO] [1788611567.169312277]: [sim_plan] built plan=32 start=58.30 horizon=15.00 frames=150 commit_frames=20[0m
[0m[INFO] [1788611567.173401454]: [sim_plan] built plan=33 start=60.30 horizon=15.00 frames=150 commit_frames=20[0m
[0m[INFO] [1788611567.176291739]: [sim_plan] built plan=34 start=62.30 horizon=15.00 frames=150 commit_frames=20[0m
[0m[INFO] [1788611567.178517906]: [sim_plan][33m[WARN] [1788611567.185630589]: [SLOT_DEPARTURE] time=1min11.4s vehicle=V1 owner=V0 result=ALLOW reason=slot_departure_clear candidate_path_gen=3 slot_departure_clear_s=0.320 vehicle_mode=ACTIVE vehicle_speed=0.000 vehicle_path_s=0.000 blocker=none a1_prefix_conflict=0 ordinary_road_conflict=0 owner_phase=TO_A1 owner_path_gen=3 geometry=pending_preview protected_zones=0 actual_occupancy_priority=0[0m
[33m[WARN] [1788611567.185963710]: [multi_patrol][A1 EXIT PREPARED] V1 target=B63 pickup_dwell=5.00s exit_len=6.551 priority_until_s=0.758 horizon_refresh=IMMEDIATE[0m
[33m[WARN] [1788611567.220851794]: [multi_patrol][A1 EXIT HORIZON] V0 target=B28 dwell_part=4.90s departure_window=10.10s total_horizon=15.00s[0m
[33m[WARN] [1788611567.238199275]: [multi_patrol][A1 EXIT HORIZON] V0 target=B28 dwell_part=2.90s departure_window=12.10s total_horizon=15.00s[0m
[33m[WARN] [1788611567.258253190]: [multi_patrol][A1 EXIT HORIZON] V0 target=B28 dwell_part=0.90s departure_window=14.10s total_horizon=15.00s[0m
[33m[WARN] [1788611567.348996095]: [SLOT_DEPARTURE] time=1min44.6s vehicle=V0 owner=V1 result=ALLOW reason=slot_departure_clear candidate_path_gen=5 slot_departure_clear_s=0.327 vehicle_mode=ACTIVE vehicle_speed=0.000 vehicle_path_s=0.000 blocker=none a1_prefix_conflict=0 ordinary_road_conflict=0 owner_phase=TO_A1 owner_path_gen=3 geometry=pending_preview protected_zones=0 actual_occupancy_priority=0[0m
[33m[WARN] [1788611567.349371428]: [multi_patrol][A1 EXIT PREPARED] V0 target=B64 pickup_dwell=5.00s exit_len=6.737 priority_until_s=0.758 horizon_refresh=IMMEDIATE[0m
[33m[WARN] [1788611567.399979167]: [multi_patrol][A1 EXIT HORIZON] V1 target=B63 dwell_part=4.90s departure_window=10.10s total_horizon=15.00s[0m
[33m[WARN] [1788611567.412176391]: [multi_patrol][A1 EXIT HORIZON] V1 target=B63 dwell_part=2.90s departure_window=12.10s total_horizon=15.00s[0m
[33m[WARN] [1788611567.425054627]: [multi_patrol][A1 EXIT HORIZON] V1 target=B63 dwell_part=0.90s departure_window=14.10s total_horizon=15.00s[0m
 built plan=35 start=64.30 horizon=15.00 frames=150 commit_frames=20[0m
[0m[INFO] [1788611567.180311864]: [sim_plan] built plan=36 start=66.30 horizon=15.00 frames=150 commit_frames=20[0m
[0m[INFO] [1788611567.181813066]: [sim_plan] built plan=37 start=68.30 horizon=15.00 frames=150 commit_frames=20[0m
[0m[INFO] [1788611567.183166632]: [sim_plan] built plan=38 start=70.30 horizon=15.00 frames=150 commit_frames=20[0m
[0m[INFO] [1788611567.185585874]: [multi_patrol][A1] V1 pickup leg: B10 -> A1  wpts=360 len=3.544[0m
[0m[INFO] [1788611567.203793623]: [sim_plan] built plan=39 start=71.40 horizon=15.00 frames=150 commit_frames=20[0m
[0m[INFO] [1788611567.220817779]: [sim_plan] built plan=40 start=73.10 horizon=15.00 frames=150 commit_frames=20[0m
[0m[INFO] [1788611567.238164509]: [sim_plan] built plan=41 start=75.10 horizon=15.00 frames=150 commit_frames=20[0m
[0m[INFO] [1788611567.258214386]: [sim_plan] built plan=42 start=77.10 horizon=15.00 frames=150 commit_frames=20[0m
[0m[INFO] [1788611567.259223548]: [multi_patrol][A1] V0 activate prepared dropoff: A1 -> B28 len=3.444 priority_until_s=0.758[0m
[0m[INFO] [1788611567.273196856]: [sim_plan] built plan=43 start=78.00 horizon=15.00 frames=150 commit_frames=20[0m
[0m[INFO] [1788611567.286580889]: [sim_plan] built plan=44 start=80.00 horizon=15.00 frames=150 commit_frames=20[0m
[0m[INFO] [1788611567.295547663]: [sim_plan] built plan=45 start=82.00 horizon=15.00 frames=150 commit_frames=20[0m
[0m[INFO] [1788611567.296670400]: [multi_patrol][A1 EXIT PRIORITY RELEASE] V0 s=0.771 threshold=0.758[0m
[0m[INFO] [1788611567.304187210]: [sim_plan] built plan=46 start=84.00 horizon=15.00 frames=150 commit_frames=20[0m
[0m[INFO] [1788611567.311346070]: [sim_plan] built plan=47 start=86.00 horizon=15.00 frames=150 commit_frames=20[0m
[0m[INFO] [1788611567.317991588]: [sim_plan] built plan=48 start=88.00 horizon=15.00 frames=150 commit_frames=20[0m
[0m[INFO] [1788611567.323866326]: [sim_plan] built plan=49 start=90.00 horizon=15.00 frames=150 commit_frames=20[0m
[0m[INFO] [1788611567.328777718]: [sim_plan] built plan=50 start=92.00 horizon=15.00 frames=150 commit_frames=20[0m
[0m[INFO] [1788611567.333714991]: [sim_plan] built plan=51 start=94.00 horizon=15.00 frames=150 commit_frames=20[0m
[0m[INFO] [1788611567.337310540]: [sim_plan] built plan=52 start=96.00 horizon=15.00 frames=150 commit_frames=20[0m
[0m[INFO] [1788611567.339872043]: [sim_plan] built plan=53 start=98.00 horizon=15.00 frames=150 commit_frames=20[0m
[0m[INFO] [1788611567.341825705]: [sim_plan] built plan=54 start=100.00 horizon=15.00 frames=150 commit_frames=20[0m
[0m[INFO] [1788611567.343604454]: [sim_plan] built plan=55 start=102.00 horizon=15.00 frames=150 commit_frames=20[0m
[0m[INFO] [1788611567.345275840]: [sim_plan] built plan=56 start=104.00 horizon=15.00 frames=150 commit_frames=20[0m
[0m[INFO] [1788611567.348962491]: [multi_patrol][A1] V0 pickup leg: B28 -> A1  wpts=298 len=3.913[0m
[0m[INFO] [1788611567.364529951]: [sim_plan] built plan=57 start=104.60 horizon=15.00 frames=150 commit_frames=20[0m
[0m[INFO] [1788611567.378653061]: [sim_plan] built plan=58 start=106.60 horizon=15.00 frames=150 commit_frames=20[0m
[0m[INFO] [1788611567.389289541]: [sim_plan] built plan=59 start=108.60 horizon=15.00 frames=150 commit_frames=20[0m
[0m[INFO] [1788611567.399948870]: [sim_plan] built plan=60 start=109.30 horizon=15.00 frames=150 commit_frames=20[0m
[0m[INFO] [1788611567.412146044]: [sim_plan] built plan=61 start=111.30 horizon=15.00 frames=150 commit_frames=20[0m
[0m[INFO] [1788611567.425028287]: [sim_plan] built plan=62 start=113.30 horizon=15.00 frames=150 commit_frames=20[0m
[0m[INFO] [1788611567.425944351]: [multi_patrol][A1] V1 activate prepared dropoff: A1 -> B63 len=6.551 priority_until_s=0.758[0m
[0m[INFO] [1788611567.432452500]: [sim_plan] built plan=63 start=114.20 horizon=15.00 frames=150 commit_frames=20[0m
[0m[INFO] [1788611567.439394570]: [sim_plan] built plan=64 start=116.20 horizon=15.00 frames=150 commit_frames=20[0m
[0m[INFO] [178[33m[WARN] [1788611567.473776707]: [multi_patrol][A1 EXIT HORIZON] V0 target=B64 dwell_part=4.90s departure_window=10.10s total_horizon=15.00s[0m
[33m[WARN] [1788611567.479498175]: [multi_patrol][A1 EXIT HORIZON] V0 target=B64 dwell_part=2.90s departure_window=12.10s total_horizon=15.00s[0m
[33m[WARN] [1788611567.486329555]: [multi_patrol][A1 EXIT HORIZON] V0 target=B64 dwell_part=0.90s departure_window=14.10s total_horizon=15.00s[0m
[33m[WARN] [1788611567.569292462]: [SLOT_DEPARTURE] time=2min38.4s vehicle=V1 owner=none result=ALLOW reason=no_service_owner candidate_path_gen=5 slot_departure_clear_s=0.346 vehicle_mode=ACTIVE vehicle_speed=0.000 vehicle_path_s=0.000 blocker=none a1_prefix_conflict=0 ordinary_road_conflict=0[0m
[33m[WARN] [1788611567.569911065]: [multi_patrol][A1 EXIT PREPARED] V1 target=B61 pickup_dwell=5.00s exit_len=8.398 priority_until_s=0.758 horizon_refresh=IMMEDIATE[0m
8611567.446051359]: [sim_plan] built plan=65 start=118.20 horizon=15.00 frames=150 commit_frames=20[0m
[0m[INFO] [1788611567.447133760]: [multi_patrol][A1 EXIT PRIORITY RELEASE] V1 s=0.771 threshold=0.758[0m
[0m[INFO] [1788611567.452011189]: [sim_plan] built plan=66 start=120.20 horizon=15.00 frames=150 commit_frames=20[0m
[0m[INFO] [1788611567.456733813]: [sim_plan] built plan=67 start=122.20 horizon=15.00 frames=150 commit_frames=20[0m
[0m[INFO] [1788611567.461064177]: [sim_plan] built plan=68 start=124.20 horizon=15.00 frames=150 commit_frames=20[0m
[0m[INFO] [1788611567.465243612]: [sim_plan] built plan=69 start=126.20 horizon=15.00 frames=150 commit_frames=20[0m
[0m[INFO] [1788611567.469321638]: [sim_plan] built plan=70 start=128.20 horizon=15.00 frames=150 commit_frames=20[0m
[0m[INFO] [1788611567.473748884]: [sim_plan] built plan=71 start=128.50 horizon=15.00 frames=150 commit_frames=20[0m
[0m[INFO] [1788611567.479470252]: [sim_plan] built plan=72 start=130.50 horizon=15.00 frames=150 commit_frames=20[0m
[0m[INFO] [1788611567.486301802]: [sim_plan] built plan=73 start=132.50 horizon=15.00 frames=150 commit_frames=20[0m
[0m[INFO] [1788611567.487588880]: [multi_patrol][A1] V0 activate prepared dropoff: A1 -> B64 len=6.737 priority_until_s=0.758[0m
[0m[INFO] [1788611567.493381813]: [sim_plan] built plan=74 start=133.40 horizon=15.00 frames=150 commit_frames=20[0m
[0m[INFO] [1788611567.500756523]: [sim_plan] built plan=75 start=135.40 horizon=15.00 frames=150 commit_frames=20[0m
[0m[INFO] [1788611567.509736302]: [sim_plan] built plan=76 start=137.40 horizon=15.00 frames=150 commit_frames=20[0m
[0m[INFO] [1788611567.510898103]: [multi_patrol][A1 EXIT PRIORITY RELEASE] V0 s=0.771 threshold=0.758[0m
[0m[INFO] [1788611567.518951798]: [sim_plan] built plan=77 start=139.40 horizon=15.00 frames=150 commit_frames=20[0m
[0m[INFO] [1788611567.527523263]: [sim_plan] built plan=78 start=141.40 horizon=15.00 frames=150 commit_frames=20[0m
[0m[INFO] [1788611567.534345880]: [sim_plan] built plan=79 start=143.40 horizon=15.00 frames=150 commit_frames=20[0m
[0m[INFO] [1788611567.540141786]: [sim_plan] built plan=80 start=145.40 horizon=15.00 frames=150 commit_frames=20[0m
[0m[INFO] [1788611567.545258789]: [sim_plan] built plan=81 start=147.40 horizon=15.00 frames=150 commit_frames=20[0m
[0m[INFO] [1788611567.549807996]: [sim_plan] built plan=82 start=149.40 horizon=15.00 frames=150 commit_frames=20[0m
[0m[INFO] [1788611567.554280237]: [sim_plan] built plan=83 start=151.40 horizon=15.00 frames=150 commit_frames=20[0m
[0m[INFO] [1788611567.559416747]: [sim_plan] built plan=84 start=153.40 horizon=15.00 frames=150 commit_frames=20[0m
[0m[INFO] [1788611567.563716695]: [sim_plan] built plan=85 start=155.40 horizon=15.00 frames=150 commit_frames=20[0m
[0m[INFO] [1788611567.568370011]: [sim_plan] built plan=86 start=157.40 horizon=15.00 frames=150 commit_frames=20[0m
[0m[INFO] [1788611567.569227228]: [multi_patrol][A1] V1 pickup leg: B63 -> A1  wpts=523 len=6.245[0m
[0m[INFO] [1788611567.593020013]: [sim_plan] built plan=87 start=158.40 horizon=15.00 frames=150 commit_frames=20[0m
[0m[INFO] [1788611567.608211402]: [sim_plan] built plan=88 start=160.40 horizon=15.00 frames=150 commit_frames=20[0m
[0m[INFO] [1788611567.618119312]: [sim_plan] built plan=89 start=162.40 horizon=15.00 frames=150 commit_frames=20[0m
[0m[INFO] [1788611567.625043969]: [sim_plan] built plan=90 start=164.40 horizon=15.00 frames=150 commit_frames=20[0m
[0m[INFO] [1788611567.630990172]: [sim_plan] built plan=91 start=166.40 horizon=15.00 frames=150 commit_frames=20[0m
[0m[INFO] [1788611567.635781668]: [sim_plan] built plan=92 start=168.40 horizon=15.00 frames=150 commit_frames=20[0m
[0m[INFO] [1788611567.639659864]: [sim_plan] built plan=93 start=170.40 horizon=15.00 frames=150 commit_frames=20[0m
[0m[INFO] [1788611567.642949034]: [sim_plan] built plan=94 start=172.40 horizon=15.00 frames=150 commit_frames=20[0m
[0m[INFO] [1788611567.645869566]: [sim_plan] built plan=95 start=174.40 horizon=15.00 frames[33m[WARN] [1788611567.649513950]: [SLOT_DEPARTURE] time=2min58.1s vehicle=V0 owner=none result=ALLOW reason=no_service_owner candidate_path_gen=7 slot_departure_clear_s=0.346 vehicle_mode=ACTIVE vehicle_speed=0.000 vehicle_path_s=0.000 blocker=none a1_prefix_conflict=0 ordinary_road_conflict=0[0m
[33m[WARN] [1788611567.650339323]: [multi_patrol][A1 EXIT PREPARED] V0 target=B5 pickup_dwell=5.00s exit_len=1.681 priority_until_s=0.758 horizon_refresh=IMMEDIATE[0m
[31m[ERROR] [1788611567.848011335]: [FIRST-WEDGE] @tick=2210 sim_t=221.0s 最久=V0 wait=25.0s —— 回放前 80 拍历史 + 卡死车几何 ===[0m
[33m[WARN] [1788611567.848280855]: [WHIST]
tick=2131
  V0 mode=1 act=0 reason=a1_admission_invariant_violation blk=1 brkr=0 task=3 slot=64->-1 s=3.168/6.464 rem=3.296 spd=0.000 wait=17.1 gen=7
  V1 mode=1 act=0 reason=a1_admission_invariant_violation blk=0 brkr=0 task=2 slot=63->-1 s=4.113/6.245 rem=2.132 spd=0.000 wait=17.1 gen=5[0m
[33m[WARN] [1788611567.848446659]: [WHIST]
tick=2132
  V0 mode=1 act=0 reason=a1_admission_invariant_violation blk=1 brkr=0 task=3 slot=64->-1 s=3.168/6.464 rem=3.296 spd=0.000 wait=17.2 gen=7
  V1 mode=1 act=0 reason=a1_admission_invariant_violation blk=0 brkr=0 task=2 slot=63->-1 s=4.113/6.245 rem=2.132 spd=0.000 wait=17.2 gen=5[0m
[33m[WARN] [1788611567.848609758]: [WHIST]
tick=2133
  V0 mode=1 act=0 reason=a1_admission_invariant_violation blk=1 brkr=0 task=3 slot=64->-1 s=3.168/6.464 rem=3.296 spd=0.000 wait=17.3 gen=7
  V1 mode=1 act=0 reason=a1_admission_invariant_violation blk=0 brkr=0 task=2 slot=63->-1 s=4.113/6.245 rem=2.132 spd=0.000 wait=17.3 gen=5[0m
[33m[WARN] [1788611567.848782385]: [WHIST]
tick=2134
  V0 mode=1 act=0 reason=a1_admission_invariant_violation blk=1 brkr=0 task=3 slot=64->-1 s=3.168/6.464 rem=3.296 spd=0.000 wait=17.4 gen=7
  V1 mode=1 act=0 reason=a1_admission_invariant_violation blk=0 brkr=0 task=2 slot=63->-1 s=4.113/6.245 rem=2.132 spd=0.000 wait=17.4 gen=5[0m
[33m[WARN] [1788611567.848985430]: [WHIST]
tick=2135
  V0 mode=1 act=0 reason=a1_admission_invariant_violation blk=1 brkr=0 task=3 slot=64->-1 s=3.168/6.464 rem=3.296 spd=0.000 wait=17.5 gen=7
  V1 mode=1 act=0 reason=a1_admission_invariant_violation blk=0 brkr=0 task=2 slot=63->-1 s=4.113/6.245 rem=2.132 spd=0.000 wait=17.5 gen=5[0m
[33m[WARN] [1788611567.849146715]: [WHIST]
tick=2136
  V0 mode=1 act=0 reason=a1_admission_invariant_violation blk=1 brkr=0 task=3 slot=64->-1 s=3.168/6.464 rem=3.296 spd=0.000 wait=17.6 gen=7
  V1 mode=1 act=0 reason=a1_admission_invariant_violation blk=0 brkr=0 task=2 slot=63->-1 s=4.113/6.245 rem=2.132 spd=0.000 wait=17.6 gen=5[0m
[33m[WARN] [1788611567.849334479]: [WHIST]
tick=2137
  V0 mode=1 act=0 reason=a1_admission_invariant_violation blk=1 brkr=0 task=3 slot=64->-1 s=3.168/6.464 rem=3.296 spd=0.000 wait=17.7 gen=7
  V1 mode=1 act=0 reason=a1_admission_invariant_violation blk=0 brkr=0 task=2 slot=63->-1 s=4.113/6.245 rem=2.132 spd=0.000 wait=17.7 gen=5[0m
[33m[WARN] [1788611567.849502970]: [WHIST]
tick=2138
  V0 mode=1 act=0 reason=a1_admission_invariant_violation blk=1 brkr=0 task=3 slot=64->-1 s=3.168/6.464 rem=3.296 spd=0.000 wait=17.8 gen=7
  V1 mode=1 act=0 reason=a1_admission_invariant_violation blk=0 brkr=0 task=2 slot=63->-1 s=4.113/6.245 rem=2.132 spd=0.000 wait=17.8 gen=5[0m
[33m[WARN] [1788611567.849680928]: [WHIST]
tick=2139
  V0 mode=1 act=0 reason=a1_admission_invariant_violation blk=1 brkr=0 task=3 slot=64->-1 s=3.168/6.464 rem=3.296 spd=0.000 wait=17.9 gen=7
  V1 mode=1 act=0 reason=a1_admission_invariant_violation blk=0 brkr=0 task=2 slot=63->-1 s=4.113/6.245 rem=2.132 spd=0.000 wait=17.9 gen=5[0m
[33m[WARN] [1788611567.849862081]: [WHIST]
tick=2140
  V0 mode=1 act=0 reason=a1_admission_invariant_violation blk=1 brkr=0 task=3 slot=64->-1 s=3.168/6.464 rem=3.296 spd=0.000 wait=18.0 gen=7
  V1 mode=1 act=0 reason=a1_admission_invariant_violation blk=0 brkr=0 task=2 slot=63->-1 s=4.113/6.245 rem=2.132 spd=0.000 wait=18.0 gen=5[0m
[33m[WARN] [1788611567.850026431]: [WHIST]
tick=2141
  V0 mode=1 act=0 reason=a1_admission_invariant_violation blk=1 brkr=0 task=3 slot=64->-1 s=3.168/6.464 rem=3.296 spd=0.000 wait=18.1 gen=7
  V1 mode=1 act=0 reason=a1_admission_invariant_violation blk=0 brkr=0 task=2 slot=63->-1 s=4.113/6.245 rem=2.132 spd=0.000 wait=18.1 gen=5[0m
[33m[WARN] [1788611567.850201313]: [WHIST]
tick=2142
  V0 mode=1 act=0 reason=a1_admission_invariant_violation blk=1 brkr=0 task=3 slot=64->-1 s=3.168/6.464 rem=3.296 spd=0.000 wait=18.2 gen=7
  V1 mode=1 act=0 reason=a1_admission_invariant_violation blk=0 brkr=0 task=2 slot=63->-1 s=4.113/6.245 rem=2.132 spd=0.000 wait=18.2 gen=5[0m
[33m[WARN] [1788611567.850358601]: [WHIST]
tick=2143
  V0 mode=1 act=0 reason=a1_admission_invariant_violation blk=1 brkr=0 task=3 slot=64->-1 s=3.168/6.464 rem=3.296 spd=0.000 wait=18.3 gen=7
  V1 mode=1 act=0 reason=a1_admission_invariant_violation blk=0 brkr=0 task=2 slot=63->-1 s=4.113/6.245 rem=2.132 spd=0.000 wait=18.3 gen=5[0m
[33m[WARN] [1788611567.850516801]: [WHIST]
tick=2144
  V0 mode=1 act=0 reason=a1_admission_invariant_violation blk=1 brkr=0 task=3 slot=64->-1 s=3.168/6.464 rem=3.296 spd=0.000 wait=18.4 gen=7
  V1 mode=1 act=0 reason=a1_admission_invariant_violation blk=0 brkr=0 task=2 slot=63->-1 s=4.113/6.245 rem=2.132 spd=0.000 wait=18.4 gen=5[0m
[33m[WARN] [1788611567.850680009]: [WHIST]
tick=2145
  V0 mode=1 act=0 reason=a1_admission_invariant_violation blk=1 brkr=0 task=3 slot=64->-1 s=3.168/6.464 rem=3.296 spd=0.000 wait=18.5 gen=7
  V1 mode=1 act=0 reason=a1_admission_invariant_violation blk=0 brkr=0 task=2 slot=63->-1 s=4.113/6.245 rem=2.132 spd=0.000 wait=18.5 gen=5[0m
[33m[WARN] [1788611567.850829361]: [WHIST]
tick=2146
  V0 mode=1 act=0 reason=a1_admission_invariant_violation blk=1 brkr=0 task=3 slot=64->-1 s=3.168/6.464 rem=3.296 spd=0.000 wait=18.6 gen=7
  V1 mode=1 act=0 reason=a1_admission_invariant_violation blk=0 brkr=0 task=2 slot=63->-1 s=4.113/6.245 rem=2.132 spd=0.000 wait=18.6 gen=5[0m
[33m[WARN] [1788611567.851007660]: [WHIST]
tick=2147
  V0 mode=1 act=0 reason=a1_admission_invariant_violation blk=1 brkr=0 task=3 slot=64->-1 s=3.168/6.464 rem=3.296 spd=0.000 wait=18.7 gen=7
  V1 mode=1 act=0 reason=a1_admission_invariant_violation blk=0 brkr=0 task=2 slot=63->-1 s=4.113/6.245 rem=2.132 spd=0.000 wait=18.7 gen=5[0m
[33m[WARN] [1788611567.851172893]: [WHIST]
tick=2148
  V0 mode=1 act=0 reason=a1_admission_invariant_violation blk=1 brkr=0 task=3 slot=64->-1 s=3.168/6.464 rem=3.296 spd=0.000 wait=18.8 gen=7
  V1 mode=1 act=0 reason=a1_admission_invariant_violation blk=0 brkr=0 task=2 slot=63->-1 s=4.113/6.245 rem=2.132 spd=0.000 wait=18.8 gen=5[0m
[33m[WARN] [1788611567.851351201]: [WHIST]
tick=2149
  V0 mode=1 act=0 reason=a1_admission_invariant_violation blk=1 brkr=0 task=3 slot=64->-1 s=3.168/6.464 rem=3.296 spd=0.000 wait=18.9 gen=7
  V1 mode=1 act=0 reason=a1_admission_invariant_violation blk=0 brkr=0 task=2 slot=63->-1 s=4.113/6.245 rem=2.132 spd=0.000 wait=18.9 gen=5[0m
[33m[WARN] [1788611567.851520081]: [WHIST]
tick=2150
  V0 mode=1 act=0 reason=a1_admission_invariant_violation blk=1 brkr=0 task=3 slot=64->-1 s=3.168/6.464 rem=3.296 spd=0.000 wait=19.0 gen=7
  V1 mode=1 act=0 reason=a1_admission_invariant_violation blk=0 brkr=0 task=2 slot=63->-1 s=4.113/6.245 rem=2.132 spd=0.000 wait=19.0 gen=5[0m
[33m[WARN] [1788611567.851681877]: [WHIST]
tick=2151
  V0 mode=1 act=0 reason=a1_admission_invariant_violation blk=1 brkr=0 task=3 slot=64->-1 s=3.168/6.464 rem=3.296 spd=0.000 wait=19.1 gen=7
  V1 mode=1 act=0 reason=a1_admission_invariant_violation blk=0 brkr=0 task=2 slot=63->-1 s=4.113/6.245 rem=2.132 spd=0.000 wait=19.1 gen=5[0m
[33m[WARN] [1788611567.851842441]: [WHIST]
tick=2152
  V0 mode=1 act=0 reason=a1_admission_invariant_violation blk=1 brkr=0 task=3 slot=64->-1 s=3.168/6.464 rem=3.296 spd=0.000 wait=19.2 gen=7
  V1 mode=1 act=0 reason=a1_admission_invariant_violation blk=0 brkr=0 task=2 slot=63->-1 s=4.113/6.245 rem=2.132 spd=0.000 wait=19.2 gen=5[0m
[33m[WARN] [1788611567.852006883]: [WHIST]
tick=2153
  V0 mode=1 act=0 reason=a1_admission_invariant_violation blk=1 brkr=0 task=3 slot=64->-1 s=3.168/6.464 rem=3.296 spd=0.000 wait=19.3 gen=7
  V1 mode=1 act=0 reason=a1_admission_invariant_violation blk=0 brkr=0 task=2 slot=63->-1 s=4.113/6.245 rem=2.132 spd=0.000 wait=19.3 gen=5[0m
[33m[WARN] [1788611567.852170593]: [WHIST]
tick=2154
  V0 mode=1 act=0 reason=a1_admission_invariant_violation blk=1 brkr=0 task=3 slot=64->-1 s=3.168/6.464 rem=3.296 spd=0.000 wait=19.4 gen=7
  V1 mode=1 act=0 reason=a1_admission_invariant_violation blk=0 brkr=0 task=2 slot=63->-1 s=4.113/6.245 rem=2.132 spd=0.000 wait=19.4 gen=5[0m
[33m[WARN] [1788611567.852332960]: [WHIST]
tick=2155
  V0 mode=1 act=0 reason=a1_admission_invariant_violation blk=1 brkr=0 task=3 slot=64->-1 s=3.168/6.464 rem=3.296 spd=0.000 wait=19.5 gen=7
  V1 mode=1 act=0 reason=a1_admission_invariant_violation blk=0 brkr=0 task=2 slot=63->-1 s=4.113/6.245 rem=2.132 spd=0.000 wait=19.5 gen=5[0m
[33m[WARN] [1788611567.852500428]: [WHIST]
tick=2156
  V0 mode=1 act=0 reason=a1_admission_invariant_violation blk=1 brkr=0 task=3 slot=64->-1 s=3.168/6.464 rem=3.296 spd=0.000 wait=19.6 gen=7
  V1 mode=1 act=0 reason=a1_admission_invariant_violation blk=0 brkr=0 task=2 slot=63->-1 s=4.113/6.245 rem=2.132 spd=0.000 wait=19.6 gen=5[0m
[33m[WARN] [1788611567.852657094]: [WHIST]
tick=2157
  V0 mode=1 act=0 reason=a1_admission_invariant_violation blk=1 brkr=0 task=3 slot=64->-1 s=3.168/6.464 rem=3.296 spd=0.000 wait=19.7 gen=7
  V1 mode=1 act=0 reason=a1_admission_invariant_violation blk=0 brkr=0 task=2 slot=63->-1 s=4.113/6.245 rem=2.132 spd=0.000 wait=19.7 gen=5[0m
[33m[WARN] [1788611567.852818999]: [WHIST]
tick=2158
  V0 mode=1 act=0 reason=a1_admission_invariant_violation blk=1 brkr=0 task=3 slot=64->-1 s=3.168/6.464 rem=3.296 spd=0.000 wait=19.8 gen=7
  V1 mode=1 act=0 reason=a1_admission_invariant_violation blk=0 brkr=0 task=2 slot=63->-1 s=4.113/6.245 rem=2.132 spd=0.000 wait=19.8 gen=5[0m
[33m[WARN] [1788611567.852998661]: [WHIST]
tick=2159
  V0 mode=1 act=0 reason=a1_admission_invariant_violation blk=1 brkr=0 task=3 slot=64->-1 s=3.168/6.464 rem=3.296 spd=0.000 wait=19.9 gen=7
  V1 mode=1 act=0 reason=a1_admission_invariant_violation blk=0 brkr=0 task=2 slot=63->-1 s=4.113/6.245 rem=2.132 spd=0.000 wait=19.9 gen=5[0m
[33m[WARN] [1788611567.853164596]: [WHIST]
tick=2160
  V0 mode=1 act=0 reason=a1_admission_invariant_violation blk=1 brkr=0 task=3 slot=64->-1 s=3.168/6.464 rem=3.296 spd=0.000 wait=20.0 gen=7
  V1 mode=1 act=0 reason=a1_admission_invariant_violation blk=0 brkr=0 task=2 slot=63->-1 s=4.113/6.245 rem=2.132 spd=0.000 wait=20.0 gen=5[0m
[33m[WARN] [1788611567.853323796]: [WHIST]
tick=2161
  V0 mode=1 act=0 reason=a1_admission_invariant_violation blk=1 brkr=0 task=3 slot=64->-1 s=3.168/6.464 rem=3.296 spd=0.000 wait=20.1 gen=7
  V1 mode=1 act=0 reason=a1_admission_invariant_violation blk=0 brkr=0 task=2 slot=63->-1 s=4.113/6.245 rem=2.132 spd=0.000 wait=20.1 gen=5[0m
[33m[WARN] [1788611567.853489692]: [WHIST]
tick=2162
  V0 mode=1 act=0 reason=a1_admission_invariant_violation blk=1 brkr=0 task=3 slot=64->-1 s=3.168/6.464 rem=3.296 spd=0.000 wait=20.2 gen=7
  V1 mode=1 act=0 reason=a1_admission_invariant_violation blk=0 brkr=0 task=2 slot=63->-1 s=4.113/6.245 rem=2.132 spd=0.000 wait=20.2 gen=5[0m
[33m[WARN] [1788611567.853650286]: [WHIST]
tick=2163
  V0 mode=1 act=0 reason=a1_admission_invariant_violation blk=1 brkr=0 task=3 slot=64->-1 s=3.168/6.464 rem=3.296 spd=0.000 wait=20.3 gen=7
  V1 mode=1 act=0 reason=a1_admission_invariant_violation blk=0 brkr=0 task=2 slot=63->-1 s=4.113/6.245 rem=2.132 spd=0.000 wait=20.3 gen=5[0m
[33m[WARN] [1788611567.853799078]: [WHIST]
tick=2164
  V0 mode=1 act=0 reason=a1_admission_invariant_violation blk=1 brkr=0 task=3 slot=64->-1 s=3.168/6.464 rem=3.296 spd=0.000 wait=20.4 gen=7
  V1 mode=1 act=0 reason=a1_admission_invariant_violation blk=0 brkr=0 task=2 slot=63->-1 s=4.113/6.245 rem=2.132 spd=0.000 wait=20.4 gen=5[0m
[33m[WARN] [1788611567.853964650]: [WHIST]
tick=2165
  V0 mode=1 act=0 reason=a1_admission_invariant_violation blk=1 brkr=0 task=3 slot=64->-1 s=3.168/6.464 rem=3.296 spd=0.000 wait=20.5 gen=7
  V1 mode=1 act=0 reason=a1_admission_invariant_violation blk=0 brkr=0 task=2 slot=63->-1 s=4.113/6.245 rem=2.132 spd=0.000 wait=20.5 gen=5[0m
[33m[WARN] [1788611567.854114544]: [WHIST]
tick=2166
  V0 mode=1 act=0 reason=a1_admission_invariant_violation blk=1 brkr=0 task=3 slot=64->-1 s=3.168/6.464 rem=3.296 spd=0.000 wait=20.6 gen=7
  V1 mode=1 act=0 reason=a1_admission_invariant_violation blk=0 brkr=0 task=2 slot=63->-1 s=4.113/6.245 rem=2.132 spd=0.000 wait=20.6 gen=5[0m
[33m[WARN] [1788611567.854275841]: [WHIST]
tick=2167
  V0 mode=1 act=0 reason=a1_admission_invariant_violation blk=1 brkr=0 task=3 slot=64->-1 s=3.168/6.464 rem=3.296 spd=0.000 wait=20.7 gen=7
  V1 mode=1 act=0 reason=a1_admission_invariant_violation blk=0 brkr=0 task=2 slot=63->-1 s=4.113/6.245 rem=2.132 spd=0.000 wait=20.7 gen=5[0m
[33m[WARN] [1788611567.854434820]: [WHIST]
tick=2168
  V0 mode=1 act=0 reason=a1_admission_invariant_violation blk=1 brkr=0 task=3 slot=64->-1 s=3.168/6.464 rem=3.296 spd=0.000 wait=20.8 gen=7
  V1 mode=1 act=0 reason=a1_admission_invariant_violation blk=0 brkr=0 task=2 slot=63->-1 s=4.113/6.245 rem=2.132 spd=0.000 wait=20.8 gen=5[0m
[33m[WARN] [1788611567.854603903]: [WHIST]
tick=2169
  V0 mode=1 act=0 reason=a1_admission_invariant_violation blk=1 brkr=0 task=3 slot=64->-1 s=3.168/6.464 rem=3.296 spd=0.000 wait=20.9 gen=7
  V1 mode=1 act=0 reason=a1_admission_invariant_violation blk=0 brkr=0 task=2 slot=63->-1 s=4.113/6.245 rem=2.132 spd=0.000 wait=20.9 gen=5[0m
[33m[WARN] [1788611567.854764916]: [WHIST]
tick=2170
  V0 mode=1 act=0 reason=a1_admission_invariant_violation blk=1 brkr=0 task=3 slot=64->-1 s=3.168/6.464 rem=3.296 spd=0.000 wait=21.0 gen=7
  V1 mode=1 act=0 reason=a1_admission_invariant_violation blk=0 brkr=0 task=2 slot=63->-1 s=4.113/6.245 rem=2.132 spd=0.000 wait=21.0 gen=5[0m
[33m[WARN] [1788611567.854932094]: [WHIST]
tick=2171
  V0 mode=1 act=0 reason=a1_admission_invariant_violation blk=1 brkr=0 task=3 slot=64->-1 s=3.168/6.464 rem=3.296 spd=0.000 wait=21.1 gen=7
  V1 mode=1 act=0 reason=a1_admission_invariant_violation blk=0 brkr=0 task=2 slot=63->-1 s=4.113/6.245 rem=2.132 spd=0.000 wait=21.1 gen=5[0m
[33m[WARN] [1788611567.855099020]: [WHIST]
tick=2172
  V0 mode=1 act=0 reason=a1_admission_invariant_violation blk=1 brkr=0 task=3 slot=64->-1 s=3.168/6.464 rem=3.296 spd=0.000 wait=21.2 gen=7
  V1 mode=1 act=0 reason=a1_admission_invariant_violation blk=0 brkr=0 task=2 slot=63->-1 s=4.113/6.245 rem=2.132 spd=0.000 wait=21.2 gen=5[0m
[33m[WARN] [1788611567.855255116]: [WHIST]
tick=2173
  V0 mode=1 act=0 reason=a1_admission_invariant_violation blk=1 brkr=0 task=3 slot=64->-1 s=3.168/6.464 rem=3.296 spd=0.000 wait=21.3 gen=7
  V1 mode=1 act=0 reason=a1_admission_invariant_violation blk=0 brkr=0 task=2 slot=63->-1 s=4.113/6.245 rem=2.132 spd=0.000 wait=21.3 gen=5[0m
[33m[WARN] [1788611567.855414226]: [WHIST]
tick=2174
  V0 mode=1 act=0 reason=a1_admission_invariant_violation blk=1 brkr=0 task=3 slot=64->-1 s=3.168/6.464 rem=3.296 spd=0.000 wait=21.4 gen=7
  V1 mode=1 act=0 reason=a1_admission_invariant_violation blk=0 brkr=0 task=2 slot=63->-1 s=4.113/6.245 rem=2.132 spd=0.000 wait=21.4 gen=5[0m
[33m[WARN] [1788611567.855573728]: [WHIST]
tick=2175
  V0 mode=1 act=0 reason=a1_admission_invariant_violation blk=1 brkr=0 task=3 slot=64->-1 s=3.168/6.464 rem=3.296 spd=0.000 wait=21.5 gen=7
  V1 mode=1 act=0 reason=a1_admission_invariant_violation blk=0 brkr=0 task=2 slot=63->-1 s=4.113/6.245 rem=2.132 spd=0.000 wait=21.5 gen=5[0m
[33m[WARN] [1788611567.855722530]: [WHIST]
tick=2176
  V0 mode=1 act=0 reason=a1_admission_invariant_violation blk=1 brkr=0 task=3 slot=64->-1 s=3.168/6.464 rem=3.296 spd=0.000 wait=21.6 gen=7
  V1 mode=1 act=0 reason=a1_admission_invariant_violation blk=0 brkr=0 task=2 slot=63->-1 s=4.113/6.245 rem=2.132 spd=0.000 wait=21.6 gen=5[0m
[33m[WARN] [1788611567.855874539]: [WHIST]
tick=2177
  V0 mode=1 act=0 reason=a1_admission_invariant_violation blk=1 brkr=0 task=3 slot=64->-1 s=3.168/6.464 rem=3.296 spd=0.000 wait=21.7 gen=7
  V1 mode=1 act=0 reason=a1_admission_invariant_violation blk=0 brkr=0 task=2 slot=63->-1 s=4.113/6.245 rem=2.132 spd=0.000 wait=21.7 gen=5[0m
[33m[WARN] [1788611567.856036595]: [WHIST]
tick=2178
  V0 mode=1 act=0 reason=a1_admission_invariant_violation blk=1 brkr=0 task=3 slot=64->-1 s=3.168/6.464 rem=3.296 spd=0.000 wait=21.8 gen=7
  V1 mode=1 act=0 reason=a1_admission_invariant_violation blk=0 brkr=0 task=2 slot=63->-1 s=4.113/6.245 rem=2.132 spd=0.000 wait=21.8 gen=5[0m
[33m[WARN] [1788611567.856188895]: [WHIST]
tick=2179
  V0 mode=1 act=0 reason=a1_admission_invariant_violation blk=1 brkr=0 task=3 slot=64->-1 s=3.168/6.464 rem=3.296 spd=0.000 wait=21.9 gen=7
  V1 mode=1 act=0 reason=a1_admission_invariant_violation blk=0 brkr=0 task=2 slot=63->-1 s=4.113/6.245 rem=2.132 spd=0.000 wait=21.9 gen=5[0m
[33m[WARN] [1788611567.856351461]: [WHIST]
tick=2180
  V0 mode=1 act=0 reason=a1_admission_invariant_violation blk=1 brkr=0 task=3 slot=64->-1 s=3.168/6.464 rem=3.296 spd=0.000 wait=22.0 gen=7
  V1 mode=1 act=0 reason=a1_admission_invariant_violation blk=0 brkr=0 task=2 slot=63->-1 s=4.113/6.245 rem=2.132 spd=0.000 wait=22.0 gen=5[0m
[33m[WARN] [1788611567.856508710]: [WHIST]
tick=2181
  V0 mode=1 act=0 reason=a1_admission_invariant_violation blk=1 brkr=0 task=3 slot=64->-1 s=3.168/6.464 rem=3.296 spd=0.000 wait=22.1 gen=7
  V1 mode=1 act=0 reason=a1_admission_invariant_violation blk=0 brkr=0 task=2 slot=63->-1 s=4.113/6.245 rem=2.132 spd=0.000 wait=22.1 gen=5[0m
[33m[WARN] [1788611567.856667700]: [WHIST]
tick=2182
  V0 mode=1 act=0 reason=a1_admission_invariant_violation blk=1 brkr=0 task=3 slot=64->-1 s=3.168/6.464 rem=3.296 spd=0.000 wait=22.2 gen=7
  V1 mode=1 act=0 reason=a1_admission_invariant_violation blk=0 brkr=0 task=2 slot=63->-1 s=4.113/6.245 rem=2.132 spd=0.000 wait=22.2 gen=5[0m
[33m[WARN] [1788611567.856840098]: [WHIST]
tick=2183
  V0 mode=1 act=0 reason=a1_admission_invariant_violation blk=1 brkr=0 task=3 slot=64->-1 s=3.168/6.464 rem=3.296 spd=0.000 wait=22.3 gen=7
  V1 mode=1 act=0 reason=a1_admission_invariant_violation blk=0 brkr=0 task=2 slot=63->-1 s=4.113/6.245 rem=2.132 spd=0.000 wait=22.3 gen=5[0m
[33m[WARN] [1788611567.857031861]: [WHIST]
tick=2184
  V0 mode=1 act=0 reason=a1_admission_invariant_violation blk=1 brkr=0 task=3 slot=64->-1 s=3.168/6.464 rem=3.296 spd=0.000 wait=22.4 gen=7
  V1 mode=1 act=0 reason=a1_admission_invariant_violation blk=0 brkr=0 task=2 slot=63->-1 s=4.113/6.245 rem=2.132 spd=0.000 wait=22.4 gen=5[0m
[33m[WARN] [1788611567.857193237]: [WHIST]
tick=2185
  V0 mode=1 act=0 reason=a1_admission_invariant_violation blk=1 brkr=0 task=3 slot=64->-1 s=3.168/6.464 rem=3.296 spd=0.000 wait=22.5 gen=7
  V1 mode=1 act=0 reason=a1_admission_invariant_violation blk=0 brkr=0 task=2 slot=63->-1 s=4.113/6.245 rem=2.132 spd=0.000 wait=22.5 gen=5[0m
[33m[WARN] [1788611567.857356715]: [WHIST]
tick=2186
  V0 mode=1 act=0 reason=a1_admission_invariant_violation blk=1 brkr=0 task=3 slot=64->-1 s=3.168/6.464 rem=3.296 spd=0.000 wait=22.6 gen=7
  V1 mode=1 act=0 reason=a1_admission_invariant_violation blk=0 brkr=0 task=2 slot=63->-1 s=4.113/6.245 rem=2.132 spd=0.000 wait=22.6 gen=5[0m
[33m[WARN] [1788611567.857514947]: [WHIST]
tick=2187
  V0 mode=1 act=0 reason=a1_admission_invariant_violation blk=1 brkr=0 task=3 slot=64->-1 s=3.168/6.464 rem=3.296 spd=0.000 wait=22.7 gen=7
  V1 mode=1 act=0 reason=a1_admission_invariant_violation blk=0 brkr=0 task=2 slot=63->-1 s=4.113/6.245 rem=2.132 spd=0.000 wait=22.7 gen=5[0m
[33m[WARN] [1788611567.857702532]: [WHIST]
tick=2188
  V0 mode=1 act=0 reason=a1_admission_invariant_violation blk=1 brkr=0 task=3 slot=64->-1 s=3.168/6.464 rem=3.296 spd=0.000 wait=22.8 gen=7
  V1 mode=1 act=0 reason=a1_admission_invariant_violation blk=0 brkr=0 task=2 slot=63->-1 s=4.113/6.245 rem=2.132 spd=0.000 wait=22.8 gen=5[0m
[33m[WARN] [1788611567.857859948]: [WHIST]
tick=2189
  V0 mode=1 act=0 reason=a1_admission_invariant_violation blk=1 brkr=0 task=3 slot=64->-1 s=3.168/6.464 rem=3.296 spd=0.000 wait=22.9 gen=7
  V1 mode=1 act=0 reason=a1_admission_invariant_violation blk=0 brkr=0 task=2 slot=63->-1 s=4.113/6.245 rem=2.132 spd=0.000 wait=22.9 gen=5[0m
[33m[WARN] [1788611567.858015323]: [WHIST]
tick=2190
  V0 mode=1 act=0 reason=a1_admission_invariant_violation blk=1 brkr=0 task=3 slot=64->-1 s=3.168/6.464 rem=3.296 spd=0.000 wait=23.0 gen=7
  V1 mode=1 act=0 reason=a1_admission_invariant_violation blk=0 brkr=0 task=2 slot=63->-1 s=4.113/6.245 rem=2.132 spd=0.000 wait=23.0 gen=5[0m
[33m[WARN] [1788611567.858183042]: [WHIST]
tick=2191
  V0 mode=1 act=0 reason=a1_admission_invariant_violation blk=1 brkr=0 task=3 slot=64->-1 s=3.168/6.464 rem=3.296 spd=0.000 wait=23.1 gen=7
  V1 mode=1 act=0 reason=a1_admission_invariant_violation blk=0 brkr=0 task=2 slot=63->-1 s=4.113/6.245 rem=2.132 spd=0.000 wait=23.1 gen=5[0m
[33m[WARN] [1788611567.858347191]: [WHIST]
tick=2192
  V0 mode=1 act=0 reason=a1_admission_invariant_violation blk=1 brkr=0 task=3 slot=64->-1 s=3.168/6.464 rem=3.296 spd=0.000 wait=23.2 gen=7
  V1 mode=1 act=0 reason=a1_admission_invariant_violation blk=0 brkr=0 task=2 slot=63->-1 s=4.113/6.245 rem=2.132 spd=0.000 wait=23.2 gen=5[0m
[33m[WARN] [1788611567.858503838]: [WHIST]
tick=2193
  V0 mode=1 act=0 reason=a1_admission_invariant_violation blk=1 brkr=0 task=3 slot=64->-1 s=3.168/6.464 rem=3.296 spd=0.000 wait=23.3 gen=7
  V1 mode=1 act=0 reason=a1_admission_invariant_violation blk=0 brkr=0 task=2 slot=63->-1 s=4.113/6.245 rem=2.132 spd=0.000 wait=23.3 gen=5[0m
[33m[WARN] [1788611567.858657088]: [WHIST]
tick=2194
  V0 mode=1 act=0 reason=a1_admission_invariant_violation blk=1 brkr=0 task=3 slot=64->-1 s=3.168/6.464 rem=3.296 spd=0.000 wait=23.4 gen=7
  V1 mode=1 act=0 reason=a1_admission_invariant_violation blk=0 brkr=0 task=2 slot=63->-1 s=4.113/6.245 rem=2.132 spd=0.000 wait=23.4 gen=5[0m
[33m[WARN] [1788611567.858827192]: [WHIST]
tick=2195
  V0 mode=1 act=0 reason=a1_admission_invariant_violation blk=1 brkr=0 task=3 slot=64->-1 s=3.168/6.464 rem=3.296 spd=0.000 wait=23.5 gen=7
  V1 mode=1 act=0 reason=a1_admission_invariant_violation blk=0 brkr=0 task=2 slot=63->-1 s=4.113/6.245 rem=2.132 spd=0.000 wait=23.5 gen=5[0m
[33m[WARN] [1788611567.859004799]: [WHIST]
tick=2196
  V0 mode=1 act=0 reason=a1_admission_invariant_violation blk=1 brkr=0 task=3 slot=64->-1 s=3.168/6.464 rem=3.296 spd=0.000 wait=23.6 gen=7
  V1 mode=1 act=0 reason=a1_admission_invariant_violation blk=0 brkr=0 task=2 slot=63->-1 s=4.113/6.245 rem=2.132 spd=0.000 wait=23.6 gen=5[0m
[33m[WARN] [1788611567.859188737]: [WHIST]
tick=2197
  V0 mode=1 act=0 reason=a1_admission_invariant_violation blk=1 brkr=0 task=3 slot=64->-1 s=3.168/6.464 rem=3.296 spd=0.000 wait=23.7 gen=7
  V1 mode=1 act=0 reason=a1_admission_invariant_violation blk=0 brkr=0 task=2 slot=63->-1 s=4.113/6.245 rem=2.132 spd=0.000 wait=23.7 gen=5[0m
[33m[WARN] [1788611567.859379087]: [WHIST]
tick=2198
  V0 mode=1 act=0 reason=a1_admission_invariant_violation blk=1 brkr=0 task=3 slot=64->-1 s=3.168/6.464 rem=3.296 spd=0.000 wait=23.8 gen=7
  V1 mode=1 act=0 reason=a1_admission_invariant_violation blk=0 brkr=0 task=2 slot=63->-1 s=4.113/6.245 rem=2.132 spd=0.000 wait=23.8 gen=5[0m
[33m[WARN] [1788611567.859558137]: [WHIST]
tick=2199
  V0 mode=1 act=0 reason=a1_admission_invariant_violation blk=1 brkr=0 task=3 slot=64->-1 s=3.168/6.464 rem=3.296 spd=0.000 wait=23.9 gen=7
  V1 mode=1 act=0 reason=a1_admission_invariant_violation blk=0 brkr=0 task=2 slot=63->-1 s=4.113/6.245 rem=2.132 spd=0.000 wait=23.9 gen=5[0m
[33m[WARN] [1788611567.859729171]: [WHIST]
tick=2200
  V0 mode=1 act=0 reason=a1_admission_invariant_violation blk=1 brkr=0 task=3 slot=64->-1 s=3.168/6.464 rem=3.296 spd=0.000 wait=24.0 gen=7
  V1 mode=1 act=0 reason=a1_admission_invariant_violation blk=0 brkr=0 task=2 slot=63->-1 s=4.113/6.245 rem=2.132 spd=0.000 wait=24.0 gen=5[0m
[33m[WARN] [1788611567.859879774]: [WHIST]
tick=2201
  V0 mode=1 act=0 reason=a1_admission_invariant_violation blk=1 brkr=0 task=3 slot=64->-1 s=3.168/6.464 rem=3.296 spd=0.000 wait=24.1 gen=7
  V1 mode=1 act=0 reason=a1_admission_invariant_violation blk=0 brkr=0 task=2 slot=63->-1 s=4.113/6.245 rem=2.132 spd=0.000 wait=24.1 gen=5[0m
[33m[WARN] [1788611567.860053395]: [WHIST]
tick=2202
  V0 mode=1 act=0 reason=a1_admission_invariant_violation blk=1 brkr=0 task=3 slot=64->-1 s=3.168/6.464 rem=3.296 spd=0.000 wait=24.2 gen=7
  V1 mode=1 act=0 reason=a1_admission_invariant_violation blk=0 brkr=0 task=2 slot=63->-1 s=4.113/6.245 rem=2.132 spd=0.000 wait=24.2 gen=5[0m
[33m[WARN] [1788611567.860217345]: [WHIST]
tick=2203
  V0 mode=1 act=0 reason=a1_admission_invariant_violation blk=1 brkr=0 task=3 slot=64->-1 s=3.168/6.464 rem=3.296 spd=0.000 wait=24.3 gen=7
  V1 mode=1 act=0 reason=a1_admission_invariant_violation blk=0 brkr=0 task=2 slot=63->-1 s=4.113/6.245 rem=2.132 spd=0.000 wait=24.3 gen=5[0m
[33m[WARN] [1788611567.860387979]: [WHIST]
tick=2204
  V0 mode=1 act=0 reason=a1_admission_invariant_violation blk=1 brkr=0 task=3 slot=64->-1 s=3.168/6.464 rem=3.296 spd=0.000 wait=24.4 gen=7
  V1 mode=1 act=0 reason=a1_admission_invariant_violation blk=0 brkr=0 task=2 slot=63->-1 s=4.113/6.245 rem=2.132 spd=0.000 wait=24.4 gen=5[0m
[33m[WARN] [1788611567.860550065]: [WHIST]
tick=2205
  V0 mode=1 act=0 reason=a1_admission_invariant_violation blk=1 brkr=0 task=3 slot=64->-1 s=3.168/6.464 rem=3.296 spd=0.000 wait=24.5 gen=7
  V1 mode=1 act=0 reason=a1_admission_invariant_violation blk=0 brkr=0 task=2 slot=63->-1 s=4.113/6.245 rem=2.132 spd=0.000 wait=24.5 gen=5[0m
[33m[WARN] [1788611567.860709257]: [WHIST]
tick=2206
  V0 mode=1 act=0 reason=a1_admission_invariant_violation blk=1 brkr=0 task=3 slot=64->-1 s=3.168/6.464 rem=3.296 spd=0.000 wait=24.6 gen=7
  V1 mode=1 act=0 reason=a1_admission_invariant_violation blk=0 brkr=0 task=2 slot=63->-1 s=4.113/6.245 rem=2.132 spd=0.000 wait=24.6 gen=5[0m
[33m[WARN] [1788611567.860868419]: [WHIST]
tick=2207
  V0 mode=1 act=0 reason=a1_admission_invariant_violation blk=1 brkr=0 task=3 slot=64->-1 s=3.168/6.464 rem=3.296 spd=0.000 wait=24.7 gen=7
  V1 mode=1 act=0 reason=a1_admission_invariant_violation blk=0 brkr=0 task=2 slot=63->-1 s=4.113/6.245 rem=2.132 spd=0.000 wait=24.7 gen=5[0m
[33m[WARN] [1788611567.861041056]: [WHIST]
tick=2208
  V0 mode=1 act=0 reason=a1_admission_invariant_violation blk=1 brkr=0 task=3 slot=64->-1 s=3.168/6.464 rem=3.296 spd=0.000 wait=24.8 gen=7
  V1 mode=1 act=0 reason=a1_admission_invariant_violation blk=0 brkr=0 task=2 slot=63->-1 s=4.113/6.245 rem=2.132 spd=0.000 wait=24.8 gen=5[0m
[33m[WARN] [1788611567.861200668]: [WHIST]
tick=2209
  V0 mode=1 act=0 reason=a1_admission_invariant_violation blk=1 brkr=0 task=3 slot=64->-1 s=3.168/6.464 rem=3.296 spd=0.000 wait=24.9 gen=7
  V1 mode=1 act=0 reason=a1_admission_invariant_violation blk=0 brkr=0 task=2 slot=63->-1 s=4.113/6.245 rem=2.132 spd=0.000 wait=24.9 gen=5[0m
[33m[WARN] [1788611567.861371882]: [WHIST]
tick=2210
  V0 mode=1 act=0 reason=a1_admission_invariant_violation blk=1 brkr=0 task=3 slot=64->-1 s=3.168/6.464 rem=3.296 spd=0.000 wait=25.0 gen=7
  V1 mode=1 act=0 reason=a1_admission_invariant_violation blk=0 brkr=0 task=2 slot=63->-1 s=4.113/6.245 rem=2.132 spd=0.000 wait=25.0 gen=5[0m
[33m[WARN] [1788611567.861545872]: [SOURCE=REAL] [plan=118] [frame=9] [rollout_step=-1] [CONFLICT] V0(s=3.168 rem=3.296 act=0 blk=1) vs V1(s=4.113 rem=2.132 act=0 blk=0) | owner=V-1 following=0 nzones=1 all_same_dir=1[0m
[33m[WARN] [1788611567.861711175]: [SOURCE=REAL] [plan=118] [frame=9] [rollout_step=-1] [CONFLICT]   zone0 same_dir=1 | A[0.100,6.450] stopA=-0.079 committedA=1 | B[0.275,6.225] stopB=0.096 committedB=1 | @(1.25,4.26)[0m
[31m[ERROR] [1788611567.861991424]: [DEADLOCK] @tick=2211 sim_t=221.1s 环成员=[V0 V1 ] 首个受害车=V0[0m
[31m[ERROR] [1788611567.862156408]: [CLUSTER-CATALOG] 第 1 种 @tick=2211 sim_t=221.1s[0m
[31m[ERROR] [1788611567.862325098]: [CLUSTER-DUMP] ===== 死锁簇 2 车,逐车路径 + 两两冲突几何 =====[0m
[31m[ERROR] [1788611567.862498587]: [CLUSTER-DUMP] V0 slot=64->-1 mode=1 act=0 reason=a1_admission_invariant_violation blk=1 s=3.168/6.464 cur(1.18,1.79,79deg) start(2.16,0.20) end(1.25,4.30)[0m
[31m[ERROR] [1788611567.862659299]: [CLUSTER-DUMP]   V0 path: (2.16,0.20R)->(1.88,0.70R)->(1.23,0.71R)->(0.83,0.71)->(1.12,1.21)->(1.19,1.85)->(1.25,2.49)->(1.56,2.95)->(1.86,3.41)->(1.48,3.79)->(1.25,4.30)[0m
[31m[ERROR] [1788611567.862821949]: [CLUSTER-DUMP] V1 slot=63->-1 mode=1 act=0 reason=a1_admission_invariant_violation blk=0 s=4.113/6.245 cur(1.37,2.90,34deg) start(1.94,0.20) end(1.25,4.30)[0m
[31m[ERROR] [1788611567.862998453]: [CLUSTER-DUMP]   V1 path: (1.94,0.20R)->(1.68,0.70R)->(1.05,0.71R)->(0.97,0.77)->(1.13,1.34)->(1.21,1.96)->(1.25,2.58)->(1.62,2.95)->(1.86,3.45)->(1.46,3.79)->(1.25,4.30)[0m
[33m[WARN] [1788611567.863157735]: [SOURCE=REAL] [plan=118] [frame=10] [rollout_step=-1] [CONFLICT] V0(s=3.168 rem=3.296 act=0 blk=1) vs V1(s=4.113 rem=2.132 act=0 blk=0) | owner=V-1 following=0 nzones=1 all_same_dir=1[0m
[33m[WARN] [1788611567.863340441]: [SOURCE=REAL] [plan=118] [frame=10] [rollout_step=-1] [CONFLICT]   zone0 same_dir=1 | A[0.100,6.450] stopA=-0.079 committedA=1 | B[0.275,6.225] stopB=0.096 committedB=1 | @(1.25,4.26)[0m
[31m[ERROR] [1788611567.863513948]: [CLUSTER-DUMP] ===== 簇 dump 结束 =====[0m
=150 commit_frames=20[0m
[0m[INFO] [1788611567.649007158]: [sim_plan] built plan=96 start=176.40 horizon=15.00 frames=150 commit_frames=20[0m
[0m[INFO] [1788611567.649466310]: [multi_patrol][A1] V0 pickup leg: B64 -> A1  wpts=545 len=6.464[0m
[0m[INFO] [1788611567.658334147]: [sim_plan] built plan=97 start=178.10 horizon=15.00 frames=150 commit_frames=20[0m
[0m[INFO] [1788611567.665481255]: [sim_plan] built plan=98 start=180.10 horizon=15.00 frames=150 commit_frames=20[0m
[0m[INFO] [1788611567.672573189]: [sim_plan] built plan=99 start=182.10 horizon=15.00 frames=150 commit_frames=20[0m
[0m[INFO] [1788611567.679947147]: [sim_plan] built plan=100 start=184.10 horizon=15.00 frames=150 commit_frames=20[0m
[0m[INFO] [1788611567.687246722]: [sim_plan] built plan=101 start=186.10 horizon=15.00 frames=150 commit_frames=20[0m
[0m[INFO] [1788611567.694383079]: [sim_plan] built plan=102 start=188.10 horizon=15.00 frames=150 commit_frames=20[0m
[0m[INFO] [1788611567.701742752]: [sim_plan] built plan=103 start=190.10 horizon=15.00 frames=150 commit_frames=20[0m
[0m[INFO] [1788611567.709270331]: [sim_plan] built plan=104 start=192.10 horizon=15.00 frames=150 commit_frames=20[0m
[0m[INFO] [1788611567.716574185]: [sim_plan] built plan=105 start=194.10 horizon=15.00 frames=150 commit_frames=20[0m
[0m[INFO] [1788611567.740511346]: [sim_plan] built plan=106 start=196.10 horizon=15.00 frames=150 commit_frames=20[0m
[0m[INFO] [1788611567.753816288]: [sim_plan] built plan=107 start=198.10 horizon=15.00 frames=150 commit_frames=20[0m
[0m[INFO] [1788611567.762354904]: [sim_plan] built plan=108 start=200.10 horizon=15.00 frames=150 commit_frames=20[0m
[0m[INFO] [1788611567.770774582]: [sim_plan] built plan=109 start=202.10 horizon=15.00 frames=150 commit_frames=20[0m
[0m[INFO] [1788611567.779325237]: [sim_plan] built plan=110 start=204.10 horizon=15.00 frames=150 commit_frames=20[0m
[0m[INFO] [1788611567.787824717]: [sim_plan] built plan=111 start=206.10 horizon=15.00 frames=150 commit_frames=20[0m
[0m[INFO] [1788611567.796448324]: [sim_plan] built plan=112 start=208.10 horizon=15.00 frames=150 commit_frames=20[0m
[0m[INFO] [1788611567.804721112]: [sim_plan] built plan=113 start=210.10 horizon=15.00 frames=150 commit_frames=20[0m
[0m[INFO] [1788611567.813113619]: [sim_plan] built plan=114 start=212.10 horizon=15.00 frames=150 commit_frames=20[0m
[0m[INFO] [1788611567.821247116]: [sim_plan] built plan=115 start=214.10 horizon=15.00 frames=150 commit_frames=20[0m
[0m[INFO] [1788611567.830238888]: [sim_plan] built plan=116 start=216.10 horizon=15.00 frames=150 commit_frames=20[0m
[0m[INFO] [1788611567.838825663]: [sim_plan] built plan=117 start=218.10 horizon=15.00 frames=150 commit_frames=20[0m
[0m[INFO] [1788611567.847716757]: [sim_plan] built plan=118 start=220.10 horizon=15.00 frames=150 commit_frames=20[0m
[0m[INFO] [1788611567.872080355]: [sim_plan] built plan=119 start=222.10 horizon=15.00 frames=150 commit_frames=20[0m
[0m[INFO] [1788611567.880604171]: [sim_plan] built plan=120 start=224.10 horizon=15.00 frames=150 commit_frames=20[0m
[0m[INFO] [1788611567.889171108]: [sim_plan] built plan=121 start=226.10 horizon=15.00 frames=150 commit_frames=20[0m
[0m[INFO] [1788611567.897835019]: [sim_plan] built plan=122 start=228.10 horizon=15.00 frames=150 commit_frames=20[0m
[0m[INFO] [1788611567.906308981]: [sim_plan] built plan=123 start=230.10 horizon=15.00 frames=150 commit_frames=20[0m
[0m[INFO] [1788611567.914499956]: [sim_plan] built plan=124 start=232.10 horizon=15.00 frames=150 commit_frames=20[0m
[0m[INFO] [1788611567.922729585]: [sim_plan] built plan=125 start=234.10 horizon=15.00 frames=150 commit_frames=20[0m
[0m[INFO] [1788611567.930796306]: [sim_plan] built plan=126 start=236.10 horizon=15.00 frames=150 commit_frames=20[0m
[0m[INFO] [1788611567.939016084]: [sim_plan] built plan=127 start=238.10 horizon=15.00 frames=150 commit_frames=20[0m
[0m[INFO] [1788611567.947156364]: [sim_plan] built plan=128 start=240.10 horizon=15.00 frames=150 commit_frames=20[0m
[0m[INFO] [1788611567.955258802]: [sim_plan] built plan=129 start=242.10 horizon=15.00 frames=150 commit_frames=20[0m
[0m[INFO] [1788611567.963786374]: [sim_plan] built plan=130 start=244.10 horizon=15.00 frames=150 commit_frames=20[0m
[0m[INFO] [1788611567.972423515]: [sim_plan] built plan=131 start=246.10 horizon=15.00 frames=150 commit_frames=20[0m
[0m[INFO] [1788611567.980271122]: [sim_plan] built plan=132 start=248.10 horizon=15.00 frames=150 commit_frames=20[0m
[0m[INFO] [1788611567.988567725]: [sim_plan] built plan=133 start=250.10 horizon=15.00 frames=150 commit_frames=20[0m
[0m[INFO] [1788611567.997146536]: [sim_plan] built plan=134 start=252.10 horizon=15.00 frames=150 commit_frames=20[0m
[0m[INFO] [1788611568.005832861]: [sim_plan] built plan=135 start=254.10 horizon=15.00 frames=150 commit_frames=20[0m
[0m[INFO] [1788611568.014042159]: [sim_plan] built plan=136 start=256.10 horizon=15.00 frames=150 commit_frames=20[0m
[0m[INFO] [1788611568.022411934]: [sim_plan] built plan=137 start=258.10 horizon=15.00 frames=150 commit_frames=20[0m
[0m[INFO] [1788611568.031360316]: [sim_plan] built plan=138 start=260.10 horizon=15.00 frames=150 commit_frames=20[0m
[0m[INFO] [1788611568.040154143]: [sim_plan] built plan=139 start=262.10 horizon=15.00 frames=150 commit_frames=20[0m
[0m[INFO] [1788611568.048456459]: [sim_plan] built plan=140 start=264.10 horizon=15.00 frames=150 commit_frames=20[0m
[0m[INFO] [1788611568.056649759]: [sim_plan] built plan=141 start=266.10 horizon=15.00 frames=150 commit_frames=20[0m
[0m[INFO] [1788611568.064691171]: [sim_plan] built plan=142 start=268.10 horizon=15.00 frames=150 commit_frames=20[0m
[0m[INFO] [1788611568.072551640]: [sim_plan] built plan=143 start=270.10 horizon=15.00 frames=150 commit_frames=20[0m
[0m[INFO] [1788611568.080630404]: [sim_plan] built plan=144 start=272.10 horizon=15.00 frames=150 commit_frames=20[0m
[0m[INFO] [1788611568.088710800]: [sim_plan] built plan=145 start=274.10 horizon=15.00 frames=150 commit_frames=20[0m
[0m[INFO] [1788611568.097347269]: [sim_plan] built plan=146 start=276.10 horizon=15.00 frames=150 commit_frames=20[0m
[0m[INFO] [1788611568.105373392]: [sim_plan] built plan=147 start=278.10 horizon=15.00 frames=150 commit_frames=20[0m
[0m[INFO] [1788611568.114043364]: [sim_plan] built plan=148 start=280.10 horizon=15.00 frames=150 commit_frames=20[0m
[0m[INFO] [1788611568.122555057]: [sim_plan] built plan=149 start=282.10 horizon=15.00 frames=150 commit_frames=20[0m
[0m[INFO] [1788611568.131971414]: [sim_plan] built plan=150 start=284.10 horizon=15.00 frames=150 commit_frames=20[0m
[0m[INFO] [1788611568.140405810]: [sim_plan] built plan=151 start=286.10 horizon=15.00 frames=150 commit_frames=20[0m
[0m[INFO] [1788611568.148417065]: [sim_plan] built plan=152 start=288.10 horizon=15.00 frames=150 commit_frames=20[0m
[0m[INFO] [1788611568.156504284]: [sim_plan] built plan=153 start=290.10 horizon=15.00 frames=150 commit_frames=20[0m
[0m[INFO] [1788611568.165073646]: [sim_plan] built plan=154 start=292.10 horizon=15.00 frames=150 commit_frames=20[0m
[0m[INFO] [1788611568.173191303]: [sim_plan] built plan=155 start=294.10 horizon=15.00 frames=150 commit_frames=20[0m
[0m[INFO] [1788611568.181773038]: [sim_plan] built plan=156 start=296.10 horizon=15.00 frames=150 commit_frames=20[0m
[0m[INFO] [1788611568.189705234]: [sim_plan] built plan=157 start=298.10 horizon=15.00 frames=150 commit_frames=20[0m
[0m[INFO] [1788611568.197545725]: [sim_plan] built plan=158 start=300.10 horizon=15.00 frames=150 commit_frames=20[0m
[0m[INFO] [1788611568.205776416]: [sim_plan] built plan=159 start=302.10 horizon=15.00 frames=150 commit_frames=20[0m
[0m[INFO] [1788611568.214278841]: [sim_plan] built plan=160 start=304.10 horizon=15.00 frames=150 commit_frames=20[0m
[0m[INFO] [1788611568.222513319]: [sim_plan] built plan=161 start=306.10 horizon=15.00 frames=150 commit_frames=20[0m
[0m[INFO] [1788611568.230978864]: [sim_plan] built plan=162 start=308.10 horizon=15.00 frames=150 commit_frames=20[0m
[0m[INFO] [1788611568.238934915]: [sim_plan] built plan=163 start=310.10 horizon=15.00 frames=150 commit_frames=20[0m
[0m[INFO] [1788611568.247928861]: [sim_plan] built plan=164 start=312.10 horizon=15.00 frames=150 commit_frames=20[0m
[0m[INFO] [1788611568.256068650]: [sim_plan] built plan=165 start=314.10 horizon=15.00 frames=150 commit_frames=20[0m
[0m[INFO] [1788611568.265698511]: [sim_plan] built plan=166 start=316.10 horizon=15.00 frames=150 commit_frames=20[0m
[0m[INFO] [1788611568.274043368]: [sim_plan] built plan=167 start=318.10 horizon=15.00 frames=150 commit_frames=20[0m
[0m[INFO] [1788611568.283598086]: [sim_plan] built plan=168 start=320.10 horizon=15.00 frames=150 commit_frames=20[0m
[0m[INFO] [1788611568.292296523]: [sim_plan] built plan=169 start=322.10 horizon=15.00 frames=150 commit_frames=20[0m
[0m[INFO] [1788611568.302544755]: [sim_plan] built plan=170 start=324.10 horizon=15.00 frames=150 commit_frames=20[0m
[0m[INFO] [1788611568.310721974]: [sim_plan] built plan=171 start=326.10 horizon=15.00 frames=150 commit_frames=20[0m
[0m[INFO] [1788611568.318762184]: [sim_plan] built plan=172 start=328.10 horizon=15.00 frames=150 commit_frames=20[0m
[0m[INFO] [1788611568.327485468]: [sim_plan] built plan=173 start=330.10 horizon=15.00 frames=150 commit_frames=20[0m
[0m[INFO] [1788611568.336030634]: [sim_plan] built plan=174 start=332.10 horizon=15.00 frames=150 commit_frames=20[0m
[0m[INFO] [1788611568.344371323]: [sim_plan] built plan=175 start=334.10 horizon=15.00 frames=150 commit_frames=20[0m
[0m[INFO] [1788611568.352663731]: [sim_plan] built plan=176 start=336.10 horizon=15.00 frames=150 commit_frames=20[0m
[0m[INFO] [1788611568.361076757]: [sim_plan] built plan=177 start=338.10 horizon=15.00 frames=150 commit_frames=20[0m
[0m[INFO] [1788611568.369641079]: [sim_plan] built plan=178 start=340.10 horizon=15.00 frames=150 commit_frames=20[0m
[0m[INFO] [1788611568.378796501]: [sim_plan] built plan=179 start=342.10 horizon=15.00 frames=150 commit_frames=20[0m
[0m[INFO] [1788611568.387517621]: [sim_plan] built plan=180 start=344.10 horizon=15.00 frames=150 commit_frames=20[0m
[0m[INFO] [1788611568.396373256]: [sim_plan] built plan=181 start=346.10 horizon=15.00 frames=150 commit_frames=20[0m
[0m[INFO] [1788611568.406305008]: [sim_plan] built plan=182 start=348.10 horizon=15.00 frames=150 commit_frames=20[0m
[0m[INFO] [1788611568.416012486]: [sim_plan] built plan=183 start=350.10 horizon=15.00 frames=150 commit_frames=20[0m
[0m[INFO] [1788611568.425016452]: [sim_plan] built plan=184 start=352.10 horizon=15.00 frames=150 commit_frames=20[0m
[0m[INFO] [1788611568.433194242]: [sim_plan] built plan=185 start=354.10 horizon=15.00 frames=150 commit_frames=20[0m
[0m[INFO] [1788611568.441867230]: [sim_plan] built plan=186 start=356.10 horizon=15.00 frames=150 commit_frames=20[0m
[0m[INFO] [1788611568.449718873]: [sim_plan] built plan=187 start=358.10 horizon=15.00 frames=150 commit_frames=20[0m
[0m[INFO] [1788611568.458126068]: [sim_plan] built plan=188 start=360.10 horizon=15.00 frames=150 commit_frames=20[0m
[0m[INFO] [1788611568.465987830]: [sim_plan] built plan=189 start=362.10 horizon=15.00 frames=150 commit_frames=20[0m
[0m[INFO] [1788611568.473829744]: [sim_plan] built plan=190 start=364.10 horizon=15.00 frames=150 commit_frames=20[0m
[0m[INFO] [1788611568.482086114]: [sim_plan] built plan=191 start=366.10 horizon=15.00 frames=150 commit_frames=20[0m
[0m[INFO] [1788611568.490259515]: [sim_plan] built plan=192 start=368.10 horizon=15.00 frames=150 commit_frames=20[0m
[0m[INFO] [1788611568.498755388]: [sim_plan] built plan=193 start=370.10 horizon=15.00 frames=150 commit_frames=20[0m
[0m[INFO] [1788611568.506769428]: [sim_plan] built plan=194 start=372.10 horizon=15.00 frames=150 commit_frames=20[0m
[0m[INFO] [1788611568.514807264]: [sim_plan] built plan=195 start=374.10 horizon=15.00 frames=150 commit_frames=20[0m
[0m[INFO] [1788611568.522669206]: [sim_plan] built plan=196 start=376.10 horizon=15.00 frames=150 commit_frames=20[0m
[0m[INFO] [1788611568.530735726]: [sim_plan] built plan=197 start=378.10 horizon=15.00 frames=150 commit_frames=20[0m
[0m[INFO] [1788611568.538842511]: [sim_plan] built plan=198 start=380.10 horizon=15.00 frames=150 commit_frames=20[0m
[0m[INFO] [1788611568.547031433]: [sim_plan] built plan=199 start=382.10 horizon=15.00 frames=150 commit_frames=20[0m
[0m[INFO] [1788611568.555285598]: [sim_plan] built plan=200 start=384.10 horizon=15.00 frames=150 commit_frames=20[0m
[0m[INFO] [1788611568.563876070]: [sim_plan] built plan=201 start=386.10 horizon=15.00 frames=150 commit_frames=20[0m
[0m[INFO] [1788611568.572280019]: [sim_plan] built plan=202 start=388.10 horizon=15.00 frames=150 commit_frames=20[0m
[0m[INFO] [1788611568.580204279]: [sim_plan] built plan=203 start=390.10 horizon=15.00 frames=150 commit_frames=20[0m
[0m[INFO] [1788611568.587950462]: [sim_plan] built plan=204 start=392.10 horizon=15.00 frames=150 commit_frames=20[0m
[0m[INFO] [1788611568.595825800]: [sim_plan] built plan=205 start=394.10 horizon=15.00 frames=150 commit_frames=20[0m
[0m[INFO] [1788611568.604117426]: [sim_plan] built plan=206 start=396.10 horizon=15.00 frames=150 commit_frames=20[0m
[0m[INFO] [1788611568.612260210]: [sim_plan] built plan=207 start=398.10 horizon=15.00 frames=150 commit_frames=20[0m
[0m[INFO] [1788611568.629462144]: [sim_plan] built plan=208 start=400.10 horizon=15.00 frames=150 commit_frames=20[0m
[0m[INFO] [1788611568.638241644]: [sim_plan] built plan=209 start=402.10 horizon=15.00 frames=150 commit_frames=20[0m
[0m[INFO] [1788611568.647233837]: [sim_plan] built plan=210 start=404.10 horizon=15.00 frames=150 commit_frames=20[0m
[0m[INFO] [1788611568.655772902]: [sim_plan] built plan=211 start=406.10 horizon=15.00 frames=150 commit_frames=20[0m
[0m[INFO] [1788611568.663784728]: [sim_plan] built plan=212 start=408.10 horizon=15.00 frames=150 commit_frames=20[0m
[0m[INFO] [1788611568.672136788]: [sim_plan] built plan=213 start=410.10 horizon=15.00 frames=150 commit_frames=20[0m
[0m[INFO] [1788611568.681074829]: [sim_plan] built plan=214 start=412.10 horizon=15.00 frames=150 commit_frames=20[0m
[0m[INFO] [1788611568.689972753]: [sim_plan] built plan=215 start=414.10 horizon=15.00 frames=150 commit_frames=20[0m
[0m[INFO] [1788611568.698165452]: [sim_plan] built plan=216 start=416.10 horizon=15.00 frames=150 commit_frames=20[0m
[0m[INFO] [1788611568.706055678]: [sim_plan] built plan=217 start=418.10 horizon=15.00 frames=150 commit_frames=20[0m
[0m[INFO] [1788611568.714669624]: [sim_plan] built plan=218 start=420.10 horizon=15.00 frames=150 commit_frames=20[0m
[0m[INFO] [1788611568.723573310]: [sim_plan] built plan=219 start=422.10 horizon=15.00 frames=150 commit_frames=20[0m
[0m[INFO] [1788611568.731560078]: [sim_plan] built plan=220 start=424.10 horizon=15.00 frames=150 commit_frames=20[0m
[0m[INFO] [1788611568.739514396]: [sim_plan] built plan=221 start=426.10 horizon=15.00 frames=150 commit_frames=20[0m
[0m[INFO] [1788611568.748113554]: [sim_plan] built plan=222 start=428.10 horizon=15.00 frames=150 commit_frames=20[0m
[0m[INFO] [1788611568.756188019]: [sim_plan] built plan=223 start=430.10 horizon=15.00 frames=150 commit_frames=20[0m
[0m[INFO] [1788611568.764461531]: [sim_plan] built plan=224 start=432.10 horizon=15.00 frames=150 commit_frames=20[0m
[0m[INFO] [1788611568.772982771]: [sim_plan] built plan=225 start=434.10 horizon=15.00 frames=150 commit_frames=20[0m
[0m[INFO] [1788611568.782091395]: [sim_plan] built plan=226 start=436.10 horizon=15.00 frames=150 commit_frames=20[0m
[0m[INFO] [1788611568.790952149]: [sim_plan] built plan=227 start=438.10 horizon=15.00 frames=150 commit_frames=20[0m
[0m[INFO] [1788611568.800060162]: [sim_plan] built plan=228 start=440.10 horizon=15.00 frames=150 commit_frames=20[0m
[0m[INFO] [1788611568.809772429]: [sim_plan] built plan=229 start=442.10 horizon=15.00 frames=150 commit_frames=20[0m
[0m[INFO] [1788611568.818612484]: [sim_plan] built plan=230 start=444.10 horizon=15.00 frames=150 commit_frames=20[0m
[0m[INFO] [1788611568.826643656]: [sim_plan] built plan=231 start=446.10 horizon=15.00 frames=150 commit_frames=20[0m
[0m[INFO] [1788611568.836011241]: [sim_plan] built plan=232 start=448.10 horizon=15.00 frames=150 commit_frames=20[0m
[0m[INFO] [1788611568.844575803]: [sim_plan] built plan=233 start=450.10 horizon=15.00 frames=150 commit_frames=20[0m
[0m[INFO] [1788611568.854891263]: [sim_plan] built plan=234 start=452.10 horizon=15.00 frames=150 commit_frames=20[0m
[0m[INFO] [1788611568.865977533]: [sim_plan] built plan=235 start=454.10 horizon=15.00 frames=150 commit_frames=20[0m
[0m[INFO] [1788611568.875424908]: [sim_plan] built plan=236 start=456.10 horizon=15.00 frames=150 commit_frames=20[0m
[0m[INFO] [1788611568.883044481]: [sim_plan] built plan=237 start=458.10 horizon=15.00 frames=150 commit_frames=20[0m
[0m[INFO] [1788611568.893282364]: [sim_plan] built plan=238 start=460.10 horizon=15.00 frames=150 commit_frames=20[0m
[0m[INFO] [1788611568.901159956]: [sim_plan] built plan=239 start=462.10 horizon=15.00 frames=150 commit_frames=20[0m
[0m[INFO] [1788611568.908793685]: [sim_plan] built plan=240 start=464.10 horizon=15.00 frames=150 commit_frames=20[0m
[0m[INFO] [1788611568.916532274]: [sim_plan] built plan=241 start=466.10 horizon=15.00 frames=150 commit_frames=20[0m
[0m[INFO] [1788611568.925325540]: [sim_plan] built plan=242 start=468.10 horizon=15.00 frames=150 commit_frames=20[0m
[0m[INFO] [1788611568.933359688]: [sim_plan] built plan=243 start=470.10 horizon=15.00 frames=150 commit_frames=20[0m
[0m[INFO] [1788611568.941729873]: [sim_plan] built plan=244 start=472.10 horizon=15.00 frames=150 commit_frames=20[0m
[0m[INFO] [1788611568.949671366]: [sim_plan] built plan=245 start=474.10 horizon=15.00 frames=150 commit_frames=20[0m
[0m[INFO] [1788611568.957724801]: [sim_plan] built plan=246 start=476.10 horizon=15.00 frames=150 commit_frames=20[0m
[0m[INFO] [1788611568.965738921]: [sim_plan] built plan=247 start=478.10 horizon=15.00 frames=150 commit_frames=20[0m
[0m[INFO] [1788611568.973464796]: [sim_plan] built plan=248 start=480.10 horizon=15.00 frames=150 commit_frames=20[0m
[0m[INFO] [1788611568.981504735]: [sim_plan] built plan=249 start=482.10 horizon=15.00 frames=150 commit_frames=20[0m
[0m[INFO] [1788611568.991065786]: [sim_plan] built plan=250 start=484.10 horizon=15.00 frames=150 commit_frames=20[0m
[0m[INFO] [1788611568.998743449]: [sim_plan] built plan=251 start=486.10 horizon=15.00 frames=150 commit_frames=20[0m
[0m[INFO] [1788611569.006507996]: [sim_plan] built plan=252 start=488.10 horizon=15.00 frames=150 commit_frames=20[0m
[0m[INFO] [1788611569.015143053]: [sim_plan] built plan=253 start=490.10 horizon=15.00 frames=150 commit_frames=20[0m
[0m[INFO] [1788611569.023017729]: [sim_plan] built plan=254 start=492.10 horizon=15.00 frames=150 commit_frames=20[0m
[0m[INFO] [1788611569.031069972]: [sim_plan] built plan=255 start=494.10 horizon=15.00 frames=150 commit_frames=20[0m
[0m[INFO] [1788611569.039064044]: [sim_plan] built plan=256 start=496.10 horizon=15.00 frames=150 commit_frames=20[0m
[0m[INFO] [1788611569.046761735]: [sim_plan] built plan=257 start=498.10 horizon=15.00 frames=150 commit_frames=20[0m
[0m[INFO] [1788611569.056920498]: [sim_plan] built plan=258 start=500.10 horizon=15.00 frames=150 commit_frames=20[0m
[0m[INFO] [1788611569.064733277]: [sim_plan] built plan=259 start=502.10 horizon=15.00 frames=150 commit_frames=20[0m
[0m[INFO] [1788611569.072681773]: [sim_plan] built plan=260 start=504.10 horizon=15.00 frames=150 commit_frames=20[0m
[0m[INFO] [1788611569.081225657]: [sim_plan] built plan=261 start=506.10 horizon=15.00 frames=150 commit_frames=20[0m
[0m[INFO] [1788611569.089822982]: [sim_plan] built plan=262 start=508.10 horizon=15.00 frames=150 commit_frames=20[0m
[0m[INFO] [1788611569.097484865]: [sim_plan] built plan=263 start=510.10 horizon=15.00 frames=150 commit_frames=20[0m
[0m[INFO] [1788611569.105678656]: [sim_plan] built plan=264 start=512.10 horizon=15.00 frames=150 commit_frames=20[0m
[0m[INFO] [1788611569.113526632]: [sim_plan] built plan=265 start=514.10 horizon=15.00 frames=150 commit_frames=20[0m
[0m[INFO] [1788611569.122215059]: [sim_plan] built plan=266 start=516.10 horizon=15.00 frames=150 commit_frames=20[0m
[0m[INFO] [1788611569.130569013]: [sim_plan] built plan=267 start=518.10 horizon=15.00 frames=150 commit_frames=20[0m
[0m[INFO] [1788611569.138607921]: [sim_plan] built plan=268 start=520.10 horizon=15.00 frames=150 commit_frames=20[0m
[0m[INFO] [1788611569.146927800]: [sim_plan] built plan=269 start=522.10 horizon=15.00 frames=150 commit_frames=20[0m
[0m[INFO] [1788611569.154574004]: [sim_plan] built plan=270 start=524.10 horizon=15.00 frames=150 commit_frames=20[0m
[0m[INFO] [1788611569.162305389]: [sim_plan] built plan=271 start=526.10 horizon=15.00 frames=150 commit_frames=20[0m
[0m[INFO] [1788611569.170502336]: [sim_plan] built plan=272 start=528.10 horizon=15.00 frames=150 commit_frames=20[0m
[0m[INFO] [1788611569.178458847]: [sim_plan] built plan=273 start=530.10 horizon=15.00 frames=150 commit_frames=20[0m
[0m[INFO] [1788611569.186327321]: [sim_plan] built plan=274 start=532.10 horizon=15.00 frames=150 commit_frames=20[0m
[0m[INFO] [1788611569.194582929]: [sim_plan] built plan=275 start=534.10 horizon=15.00 frames=150 commit_frames=20[0m
[0m[INFO] [1788611569.202973523]: [sim_plan] built plan=276 start=536.10 horizon=15.00 frames=150 commit_frames=20[0m
[0m[INFO] [1788611569.210863367]: [sim_plan] built plan=277 start=538.10 horizon=15.00 frames=150 commit_frames=20[0m
[0m[INFO] [1788611569.219322922]: [sim_plan] built plan=278 start=540.10 horizon=15.00 frames=150 commit_frames=20[0m
[0m[INFO] [1788611569.227295634]: [sim_plan] built plan=279 start=542.10 horizon=15.00 frames=150 commit_frames=20[0m
[0m[INFO] [1788611569.235601727]: [sim_plan] built plan=280 start=544.10 horizon=15.00 frames=150 commit_frames=20[0m
[0m[INFO] [1788611569.243389449]: [sim_plan] built plan=281 start=546.10 horizon=15.00 frames=150 commit_frames=20[0m
[0m[INFO] [1788611569.252790897]: [sim_plan] built plan=282 start=548.10 horizon=15.00 frames=150 commit_frames=20[0m
[0m[INFO] [1788611569.260854641]: [sim_plan] built plan=283 start=550.10 horizon=15.00 frames=150 commit_frames=20[0m
[0m[INFO] [1788611569.269236609]: [sim_plan] built plan=284 start=552.10 horizon=15.00 frames=150 commit_frames=20[0m
[0m[INFO] [1788611569.277055359]: [sim_plan] built plan=285 start=554.10 horizon=15.00 frames=150 commit_frames=20[0m
[0m[INFO] [1788611569.285906224]: [sim_plan] built plan=286 start=556.10 horizon=15.00 frames=150 commit_frames=20[0m
[0m[INFO] [1788611569.294109403]: [sim_plan] built plan=287 start=558.10 horizon=15.00 frames=150 commit_frames=20[0m
[0m[INFO] [1788611569.302306389]: [sim_plan] built plan=288 start=560.10 horizon=15.00 frames=150 commit_frames=20[0m
[0m[INFO] [1788611569.310127294]: [sim_plan] built plan=289 start=562.10 horizon=15.00 frames=150 commit_frames=20[0m
[0m[INFO] [1788611569.318668282]: [sim_plan] built plan=290 start=564.10 horizon=15.00 frames=150 commit_frames=20[0m
[0m[INFO] [1788611569.327897144]: [sim_plan] built plan=291 start=566.10 horizon=15.00 frames=150 commit_frames=20[0m
[0m[INFO] [1788611569.336678988]: [sim_plan] built plan=292 start=568.10 horizon=15.00 frames=150 commit_frames=20[0m
[0m[INFO] [1788611569.345098306]: [sim_plan] built plan=293 start=570.10 horizon=15.00 frames=150 commit_frames=20[0m
[0m[INFO] [1788611569.353585503]: [sim_plan] built plan=294 start=572.10 horizon=15.00 frames=150 commit_frames=20[0m
[0m[INFO] [1788611569.361955166]: [sim_plan] built plan=295 start=574.10 horizon=15.00 frames=150 commit_frames=20[0m
[0m[INFO] [1788611569.370510372]: [sim_plan] built plan=296 start=576.10 horizon=15.00 frames=150 commit_frames=20[0m
[0m[INFO] [1788611569.378606428]: [sim_plan] built plan=297 start=578.10 horizon=15.00 frames=150 commit_frames=20[0m
[0m[INFO] [1788611569.386701411]: [sim_plan] built plan=298 start=580.10 horizon=15.00 frames=150 commit_frames=20[0m
[0m[INFO] [1788611569.394573272]: [sim_plan] built plan=299 start=582.10 horizon=15.00 frames=150 commit_frames=20[0m
[0m[INFO] [1788611569.403315832]: [sim_plan] built plan=300 start=584.10 horizon=15.00 frames=150 commit_frames=20[0m
[0m[INFO] [1788611569.410972315]: [sim_plan] built plan=301 start=586.10 horizon=15.00 frames=150 commit_frames=20[0m
[0m[INFO] [1788611569.419539202]: [sim_plan] built plan=302 start=588.10 horizon=15.00 frames=150 commit_frames=20[0m
[0m[INFO] [1788611569.427520010]: [sim_plan] built plan=303 start=590.10 horizon=15.00 frames=150 commit_frames=20[0m
[0m[INFO] [1788611569.436139738]: [sim_plan] built plan=304 start=592.10 horizon=15.00 frames=150 commit_frames=20[0m
[0m[INFO] [1788611569.444134140]: [sim_plan] built plan=305 start=594.10 horizon=15.00 frames=150 commit_frames=20[0m
[0m[INFO] [1788611569.452222121]: [sim_plan] built plan=306 start=596.10 horizon=15.00 frames=150 commit_frames=20[0m
[0m[INFO] [1788611569.460209550]: [sim_plan] built plan=307 start=598.10 horizon=15.00 frames=150 commit_frames=20[0m
[0m[INFO] [1788611569.468698240]: [sim_plan] built plan=308 start=600.10 horizon=15.00 frames=150 commit_frames=20[0m
[0m[INFO] [1788611569.476494317]: [sim_plan] built plan=309 start=602.10 horizon=15.00 frames=150 commit_frames=20[0m
[0m[INFO] [1788611569.484829075]: [sim_plan] built plan=310 start=604.10 horizon=15.00 frames=150 commit_frames=20[0m
[0m[INFO] [1788611569.492854817]: [sim_plan] built plan=311 start=606.10 horizon=15.00 frames=150 commit_frames=20[0m
[0m[INFO] [1788611569.500782204]: [sim_plan] built plan=312 start=608.10 horizon=15.00 frames=150 commit_frames=20[0m
[0m[INFO] [1788611569.509177846]: [sim_plan] built plan=313 start=610.10 horizon=15.00 frames=150 commit_frames=20[0m
[0m[INFO] [1788611569.517059205]: [sim_plan] built plan=314 start=612.10 horizon=15.00 frames=150 commit_frames=20[0m
[0m[INFO] [1788611569.525495386]: [sim_plan] built plan=315 start=614.10 horizon=15.00 frames=150 commit_frames=20[0m
[0m[INFO] [1788611569.533321550]: [sim_plan] built plan=316 start=616.10 horizon=15.00 frames=150 commit_frames=20[0m
[0m[INFO] [1788611569.541276408]: [sim_plan] built plan=317 start=618.10 horizon=15.00 frames=150 commit_frames=20[0m
[0m[INFO] [1788611569.549058619]: [sim_plan] built plan=318 start=620.10 horizon=15.00 frames=150 commit_frames=20[0m
[0m[INFO] [1788611569.557532079]: [sim_plan] built plan=319 start=622.10 horizon=15.00 frames=150 commit_frames=20[0m
[0m[INFO] [1788611569.565827132]: [sim_plan] built plan=320 start=624.10 horizon=15.00 frames=150 commit_frames=20[0m
[0m[INFO] [1788611569.574012948]: [sim_plan] built plan=321 start=626.10 horizon=15.00 frames=150 commit_frames=20[0m
[0m[INFO] [1788611569.582335582]: [sim_plan] built plan=322 start=628.10 horizon=15.00 frames=150 commit_frames=20[0m
[0m[INFO] [1788611569.590421799]: [sim_plan] built plan=323 start=630.10 horizon=15.00 frames=150 commit_frames=20[0m
[0m[INFO] [1788611569.598513477]: [sim_plan] built plan=324 start=632.10 horizon=15.00 frames=150 commit_frames=20[0m
[0m[INFO] [1788611569.606773062]: [sim_plan] built plan=325 start=634.10 horizon=15.00 frames=150 commit_frames=20[0m
[0m[INFO] [1788611569.614897632]: [sim_plan] built plan=326 start=636.10 horizon=15.00 frames=150 commit_frames=20[0m
[0m[INFO] [1788611569.622569414]: [sim_plan] built plan=327 start=638.10 horizon=15.00 frames=150 commit_frames=20[0m
[0m[INFO] [1788611569.630715895]: [sim_plan] built plan=328 start=640.10 horizon=15.00 frames=150 commit_frames=20[0m
[0m[INFO] [1788611569.638929794]: [sim_plan] built plan=329 start=642.10 horizon=15.00 frames=150 commit_frames=20[0m
[0m[INFO] [1788611569.647221640]: [sim_plan] built plan=330 start=644.10 horizon=15.00 frames=150 commit_frames=20[0m
[0m[INFO] [1788611569.655742690]: [sim_plan] built plan=331 start=646.10 horizon=15.00 frames=150 commit_frames=20[0m
[0m[INFO] [1788611569.663761640]: [sim_plan] built plan=332 start=648.10 horizon=15.00 frames=150 commit_frames=20[0m
[0m[INFO] [1788611569.671642638]: [sim_plan] built plan=333 start=650.10 horizon=15.00 frames=150 commit_frames=20[0m
[0m[INFO] [1788611569.679650898]: [sim_plan] built plan=334 start=652.10 horizon=15.00 frames=150 commit_frames=20[0m
[0m[INFO] [1788611569.687448618]: [sim_plan] built plan=335 start=654.10 horizon=15.00 frames=150 commit_frames=20[0m
[0m[INFO] [1788611569.695310270]: [sim_plan] built plan=336 start=656.10 horizon=15.00 frames=150 commit_frames=20[0m
[0m[INFO] [1788611569.703552963]: [sim_plan] built plan=337 start=658.10 horizon=15.00 frames=150 commit_frames=20[0m
[0m[INFO] [1788611569.711849108]: [sim_plan] built plan=338 start=660.10 horizon=15.00 frames=150 commit_frames=20[0m
[0m[INFO] [1788611569.720009275]: [sim_plan] built plan=339 start=662.10 horizon=15.00 frames=150 commit_frames=20[0m
[0m[INFO] [1788611569.728421249]: [sim_plan] built plan=340 start=664.10 horizon=15.00 frames=150 commit_frames=20[0m
[0m[INFO] [1788611569.736899659]: [sim_plan] built plan=341 start=666.10 horizon=15.00 frames=150 commit_frames=20[0m
[0m[INFO] [1788611569.744692300]: [sim_plan] built plan=342 start=668.10 horizon=15.00 frames=150 commit_frames=20[0m
[0m[INFO] [1788611569.753363064]: [sim_plan] built plan=343 start=670.10 horizon=15.00 frames=150 commit_frames=20[0m
[0m[INFO] [1788611569.761529593]: [sim_plan] built plan=344 start=672.10 horizon=15.00 frames=150 commit_frames=20[0m
[0m[INFO] [1788611569.769958800]: [sim_plan] built plan=345 start=674.10 horizon=15.00 frames=150 commit_frames=20[0m
[0m[INFO] [1788611569.778213205]: [sim_plan] built plan=346 start=676.10 horizon=15.00 frames=150 commit_frames=20[0m
[0m[INFO] [1788611569.787823188]: [sim_plan] built plan=347 start=678.10 horizon=15.00 frames=150 commit_frames=20[0m
[0m[INFO] [1788611569.796057115]: [sim_plan] built plan=348 start=680.10 horizon=15.00 frames=150 commit_frames=20[0m
[0m[INFO] [1788611569.804311611]: [sim_plan] built plan=349 start=682.10 horizon=15.00 frames=150 commit_frames=20[0m
[0m[INFO] [1788611569.812239909]: [sim_plan] built plan=350 start=684.10 horizon=15.00 frames=150 commit_frames=20[0m
[0m[INFO] [1788611569.820580047]: [sim_plan] built plan=351 start=686.10 horizon=15.00 frames=150 commit_frames=20[0m
[0m[INFO] [1788611569.828569140]: [sim_plan] built plan=352 start=688.10 horizon=15.00 frames=150 commit_frames=20[0m
[0m[INFO] [1788611569.837307271]: [sim_plan] built plan=353 start=690.10 horizon=15.00 frames=150 commit_frames=20[0m
[0m[INFO] [1788611569.845506472]: [sim_plan] built plan=354 start=692.10 horizon=15.00 frames=150 commit_frames=20[0m
[0m[INFO] [1788611569.854681812]: [sim_plan] built plan=355 start=694.10 horizon=15.00 frames=150 commit_frames=20[0m
[0m[INFO] [1788611569.862356470]: [sim_plan] built plan=356 start=696.10 horizon=15.00 frames=150 commit_frames=20[0m
[0m[INFO] [1788611569.870189046]: [sim_plan] built plan=357 start=698.10 horizon=15.00 frames=150 commit_frames=20[0m
[0m[INFO] [1788611569.877973932]: [sim_plan] built plan=358 start=700.10 horizon=15.00 frames=150 commit_frames=20[0m
[0m[INFO] [1788611569.885929832]: [sim_plan] built plan=359 start=702.10 horizon=15.00 frames=150 commit_frames=20[0m
[0m[INFO] [1788611569.894272145]: [sim_plan] built plan=360 start=704.10 horizon=15.00 frames=150 commit_frames=20[0m
[0m[INFO] [1788611569.902299700]: [sim_plan] built plan=361 start=706.10 horizon=15.00 frames=150 commit_frames=20[0m
[0m[INFO] [1788611569.910385737]: [sim_plan] built plan=362 start=708.10 horizon=15.00 frames=150 commit_frames=20[0m
[0m[INFO] [1788611569.918580770]: [sim_plan] built plan=363 start=710.10 horizon=15.00 frames=150 commit_frames=20[0m
[0m[INFO] [1788611569.926814687]: [sim_plan] built plan=364 start=712.10 horizon=15.00 frames=150 commit_frames=20[0m
[0m[INFO] [1788611569.934581368]: [sim_plan] built plan=365 start=714.10 horizon=15.00 frames=150 commit_frames=20[0m
[0m[INFO] [1788611569.942660232]: [sim_plan] built plan=366 start=716.10 horizon=15.00 frames=150 commit_frames=20[0m
[0m[INFO] [1788611569.950686916]: [sim_plan] built plan=367 start=718.10 horizon=15.00 frames=150 commit_frames=20[0m
[0[33m[WARN] [1788611582.148956753]: [DIAG cycle] 等待图检测到环 V0->V1 —— 严格全序下本不该出现,疑为 slot 资源前置约束成环(循环占位)。暂由破环逃生兜底。[0m
m[INFO] [1788611569.951019927]: [batch] 7200/72000 ticks (sim_t=720s) hard_guard=0[0m
[0m[INFO] [1788611569.959031392]: [sim_plan] built plan=368 start=720.10 horizon=15.00 frames=150 commit_frames=20[0m
[0m[INFO] [1788611569.967785634]: [sim_plan] built plan=369 start=722.10 horizon=15.00 frames=150 commit_frames=20[0m
[0m[INFO] [1788611569.975979375]: [sim_plan] built plan=370 start=724.10 horizon=15.00 frames=150 commit_frames=20[0m
[0m[INFO] [1788611569.983874269]: [sim_plan] built plan=371 start=726.10 horizon=15.00 frames=150 commit_frames=20[0m
[0m[INFO] [1788611569.991891516]: [sim_plan] built plan=372 start=728.10 horizon=15.00 frames=150 commit_frames=20[0m
[0m[INFO] [1788611569.999768897]: [sim_plan] built plan=373 start=730.10 horizon=15.00 frames=150 commit_frames=20[0m
[0m[INFO] [1788611570.007812744]: [sim_plan] built plan=374 start=732.10 horizon=15.00 frames=150 commit_frames=20[0m
[0m[INFO] [1788611570.016309428]: [sim_plan] built plan=375 start=734.10 horizon=15.00 frames=150 commit_frames=20[0m
[0m[INFO] [1788611570.024499582]: [sim_plan] built plan=376 start=736.10 horizon=15.00 frames=150 commit_frames=20[0m
[0m[INFO] [1788611570.032470130]: [sim_plan] built plan=377 start=738.10 horizon=15.00 frames=150 commit_frames=20[0m
[0m[INFO] [1788611570.040323787]: [sim_plan] built plan=378 start=740.10 horizon=15.00 frames=150 commit_frames=20[0m
[0m[INFO] [1788611570.048275438]: [sim_plan] built plan=379 start=742.10 horizon=15.00 frames=150 commit_frames=20[0m
[0m[INFO] [1788611570.056198997]: [sim_plan] built plan=380 start=744.10 horizon=15.00 frames=150 commit_frames=20[0m
[0m[INFO] [1788611570.064119651]: [sim_plan] built plan=381 start=746.10 horizon=15.00 frames=150 commit_frames=20[0m
[0m[INFO] [1788611570.072273355]: [sim_plan] built plan=382 start=748.10 horizon=15.00 frames=150 commit_frames=20[0m
[0m[INFO] [1788611570.080284921]: [sim_plan] built plan=383 start=750.10 horizon=15.00 frames=150 commit_frames=20[0m
[0m[INFO] [1788611570.088304893]: [sim_plan] built plan=384 start=752.10 horizon=15.00 frames=150 commit_frames=20[0m
[0m[INFO] [1788611570.096264740]: [sim_plan] built plan=385 start=754.10 horizon=15.00 frames=150 commit_frames=20[0m
[0m[INFO] [1788611570.104512032]: [sim_plan] built plan=386 start=756.10 horizon=15.00 frames=150 commit_frames=20[0m
[0m[INFO] [1788611570.112348937]: [sim_plan] built plan=387 start=758.10 horizon=15.00 frames=150 commit_frames=20[0m
[0m[INFO] [1788611570.120905705]: [sim_plan] built plan=388 start=760.10 horizon=15.00 frames=150 commit_frames=20[0m
[0m[INFO] [1788611570.129281972]: [sim_plan] built plan=389 start=762.10 horizon=15.00 frames=150 commit_frames=20[0m
[0m[INFO] [1788611570.137992331]: [sim_plan] built plan=390 start=764.10 horizon=15.00 frames=150 commit_frames=20[0m
[0m[INFO] [1788611570.146410246]: [sim_plan] built plan=391 start=766.10 horizon=15.00 frames=150 commit_frames=20[0m
[0m[INFO] [1788611570.154515489]: [sim_plan] built plan=392 start=768.10 horizon=15.00 frames=150 commit_frames=20[0m
[0m[INFO] [1788611570.162860116]: [sim_plan] built plan=393 start=770.10 horizon=15.00 frames=150 commit_frames=20[0m
[0m[INFO] [1788611582.149329339]: [sim_plan] built plan=394 start=772.10 horizon=15.00 frames=150 commit_frames=20[0m
[0m[INFO] [1788611582.157648748]: [sim_plan] built plan=395 start=774.10 horizon=15.00 frames=150 commit_frames=20[0m
[0m[INFO] [1788611582.165429656]: [sim_plan] built plan=396 start=776.10 horizon=15.00 frames=150 commit_frames=20[0m
[0m[INFO] [1788611582.173923135]: [sim_plan] built plan=397 start=778.10 horizon=15.00 frames=150 commit_frames=20[0m
[0m[INFO] [1788611582.182589320]: [sim_plan] built plan=398 start=780.10 horizon=15.00 frames=150 commit_frames=20[0m
[0m[INFO] [1788611582.190579455]: [sim_plan] built plan=399 start=782.10 horizon=15.00 frames=150 commit_frames=20[0m
[0m[INFO] [1788611582.199138708]: [sim_plan] built plan=400 start=784.10 horizon=15.00 frames=150 commit_frames=20[0m
[0m[INFO] [1788611582.207388545]: [sim_plan] bui[33m[WARN] [1788611570.452621519]: [DIAG cycle] 等待图检测到环 V0->V1 —— 严格全序下本不该出现,疑为 slot 资源前置约束成环(循环占位)。暂由破环逃生兜底。[0m
lt plan=401 start=786.10 horizon=15.00 frames=150 commit_frames=20[0m
[0m[INFO] [1788611582.216064719]: [sim_plan] built plan=402 start=788.10 horizon=15.00 frames=150 commit_frames=20[0m
[0m[INFO] [1788611582.224142490]: [sim_plan] built plan=403 start=790.10 horizon=15.00 frames=150 commit_frames=20[0m
[0m[INFO] [1788611582.233332388]: [sim_plan] built plan=404 start=792.10 horizon=15.00 frames=150 commit_frames=20[0m
[0m[INFO] [1788611582.241079703]: [sim_plan] built plan=405 start=794.10 horizon=15.00 frames=150 commit_frames=20[0m
[0m[INFO] [1788611582.248932347]: [sim_plan] built plan=406 start=796.10 horizon=15.00 frames=150 commit_frames=20[0m
[0m[INFO] [1788611582.256674353]: [sim_plan] built plan=407 start=798.10 horizon=15.00 frames=150 commit_frames=20[0m
[0m[INFO] [1788611582.265676294]: [sim_plan] built plan=408 start=800.10 horizon=15.00 frames=150 commit_frames=20[0m
[0m[INFO] [1788611582.273986876]: [sim_plan] built plan=409 start=802.10 horizon=15.00 frames=150 commit_frames=20[0m
[0m[INFO] [1788611582.282405623]: [sim_plan] built plan=410 start=804.10 horizon=15.00 frames=150 commit_frames=20[0m
[0m[INFO] [1788611582.291371466]: [sim_plan] built plan=411 start=806.10 horizon=15.00 frames=150 commit_frames=20[0m
[0m[INFO] [1788611582.299820160]: [sim_plan] built plan=412 start=808.10 horizon=15.00 frames=150 commit_frames=20[0m
[0m[INFO] [1788611582.308168954]: [sim_plan] built plan=413 start=810.10 horizon=15.00 frames=150 commit_frames=20[0m
[0m[INFO] [1788611582.316644488]: [sim_plan] built plan=414 start=812.10 horizon=15.00 frames=150 commit_frames=20[0m
[0m[INFO] [1788611582.325177642]: [sim_plan] built plan=415 start=814.10 horizon=15.00 frames=150 commit_frames=20[0m
[0m[INFO] [1788611582.333596409]: [sim_plan] built plan=416 start=816.10 horizon=15.00 frames=150 commit_frames=20[0m
[0m[INFO] [1788611582.341433544]: [sim_plan] built plan=417 start=818.10 horizon=15.00 frames=150 commit_frames=20[0m
[0m[INFO] [1788611582.349691165]: [sim_plan] built plan=418 start=820.10 horizon=15.00 frames=150 commit_frames=20[0m
[0m[INFO] [1788611582.358721701]: [sim_plan] built plan=419 start=822.10 horizon=15.00 frames=150 commit_frames=20[0m
[0m[INFO] [1788611582.367259163]: [sim_plan] built plan=420 start=824.10 horizon=15.00 frames=150 commit_frames=20[0m
[0m[INFO] [1788611582.375821171]: [sim_plan] built plan=421 start=826.10 horizon=15.00 frames=150 commit_frames=20[0m
[0m[INFO] [1788611582.384602635]: [sim_plan] built plan=422 start=828.10 horizon=15.00 frames=150 commit_frames=20[0m
[0m[INFO] [1788611582.392279697]: [sim_plan] built plan=423 start=830.10 horizon=15.00 frames=150 commit_frames=20[0m
[0m[INFO] [1788611582.400054183]: [sim_plan] built plan=424 start=832.10 horizon=15.00 frames=150 commit_frames=20[0m
[0m[INFO] [1788611582.408103951]: [sim_plan] built plan=425 start=834.10 horizon=15.00 frames=150 commit_frames=20[0m
[0m[INFO] [1788611582.416616135]: [sim_plan] built plan=426 start=836.10 horizon=15.00 frames=150 commit_frames=20[0m
[0m[INFO] [1788611582.424747367]: [sim_plan] built plan=427 start=838.10 horizon=15.00 frames=150 commit_frames=20[0m
[0m[INFO] [1788611582.433306380]: [sim_plan] built plan=428 start=840.10 horizon=15.00 frames=150 commit_frames=20[0m
[0m[INFO] [1788611570.460033448]: [sim_plan] built plan=429 start=842.10 horizon=15.00 frames=150 commit_frames=20[0m
[0m[INFO] [1788611570.468680217]: [sim_plan] built plan=430 start=844.10 horizon=15.00 frames=150 commit_frames=20[0m
[0m[INFO] [1788611570.476640315]: [sim_plan] built plan=431 start=846.10 horizon=15.00 frames=150 commit_frames=20[0m
[0m[INFO] [1788611570.485214316]: [sim_plan] built plan=432 start=848.10 horizon=15.00 frames=150 commit_frames=20[0m
[0m[INFO] [1788611570.493325310]: [sim_plan] built plan=433 start=850.10 horizon=15.00 frames=150 commit_frames=20[0m
[0m[INFO] [1788611570.501525643]: [sim_plan] built plan=434 start=852.10 horizon=15.00 frames=150 commit_frames=20[0m
[0m[INFO] [1788611570.509370072]: [sim_plan] built plan=435 start=854.10 horizon=15.00 frames=150 commit_frames=20[0m
[0m[INFO] [1788611570.518334042]: [sim_plan] built plan=436 start=856.10 horizon=15.00 frames=150 commit_frames=20[0m
[0m[INFO] [1788611570.526400651]: [sim_plan] built plan=437 start=858.10 horizon=15.00 frames=150 commit_frames=20[0m
[0m[INFO] [1788611570.534500404]: [sim_plan] built plan=438 start=860.10 horizon=15.00 frames=150 commit_frames=20[0m
[0m[INFO] [1788611570.542671051]: [sim_plan] built plan=439 start=862.10 horizon=15.00 frames=150 commit_frames=20[0m
[0m[INFO] [1788611570.550328295]: [sim_plan] built plan=440 start=864.10 horizon=15.00 frames=150 commit_frames=20[0m
[0m[INFO] [1788611570.558094767]: [sim_plan] built plan=441 start=866.10 horizon=15.00 frames=150 commit_frames=20[0m
[0m[INFO] [1788611570.566280171]: [sim_plan] built plan=442 start=868.10 horizon=15.00 frames=150 commit_frames=20[0m
[0m[INFO] [1788611570.574281858]: [sim_plan] built plan=443 start=870.10 horizon=15.00 frames=150 commit_frames=20[0m
[0m[INFO] [1788611570.582607669]: [sim_plan] built plan=444 start=872.10 horizon=15.00 frames=150 commit_frames=20[0m
[0m[INFO] [1788611570.591227587]: [sim_plan] built plan=445 start=874.10 horizon=15.00 frames=150 commit_frames=20[0m
[0m[INFO] [1788611570.599727137]: [sim_plan] built plan=446 start=876.10 horizon=15.00 frames=150 commit_frames=20[0m
[0m[INFO] [1788611570.607932580]: [sim_plan] built plan=447 start=878.10 horizon=15.00 frames=150 commit_frames=20[0m
[0m[INFO] [1788611570.616360494]: [sim_plan] built plan=448 start=880.10 horizon=15.00 frames=150 commit_frames=20[0m
[0m[INFO] [1788611570.624270537]: [sim_plan] built plan=449 start=882.10 horizon=15.00 frames=150 commit_frames=20[0m
[0m[INFO] [1788611570.632688833]: [sim_plan] built plan=450 start=884.10 horizon=15.00 frames=150 commit_frames=20[0m
[0m[INFO] [1788611570.641081431]: [sim_plan] built plan=451 start=886.10 horizon=15.00 frames=150 commit_frames=20[0m
[0m[INFO] [1788611570.649845952]: [sim_plan] built plan=452 start=888.10 horizon=15.00 frames=150 commit_frames=20[0m
[0m[INFO] [1788611570.658170060]: [sim_plan] built plan=453 start=890.10 horizon=15.00 frames=150 commit_frames=20[0m
[0m[INFO] [1788611570.666538511]: [sim_plan] built plan=454 start=892.10 horizon=15.00 frames=150 commit_frames=20[0m
[0m[INFO] [1788611570.674780534]: [sim_plan] built plan=455 start=894.10 horizon=15.00 frames=150 commit_frames=20[0m
[0m[INFO] [1788611570.683407665]: [sim_plan] built plan=456 start=896.10 horizon=15.00 frames=150 commit_frames=20[0m
[0m[INFO] [1788611570.691703279]: [sim_plan] built plan=457 start=898.10 horizon=15.00 frames=150 commit_frames=20[0m
[0m[INFO] [1788611570.700377069]: [sim_plan] built plan=458 start=900.10 horizon=15.00 frames=150 commit_frames=20[0m
[0m[INFO] [1788611570.708467975]: [sim_plan] built plan=459 start=902.10 horizon=15.00 frames=150 commit_frames=20[0m
[0m[INFO] [1788611570.716476655]: [sim_plan] built plan=460 start=904.10 horizon=15.00 frames=150 commit_frames=20[0m
[0m[INFO] [1788611570.724794761]: [sim_plan] built plan=461 start=906.10 horizon=15.00 frames=150 commit_frames=20[0m
[0m[INFO] [1788611570.733504519]: [sim_plan] built plan=462 start=908.10 horizon=15.00 frames=150 commit_frames=20[0m
[0m[INFO] [1788611570.741653154]: [sim_plan] built plan=463 start=910.10 horizon=15.00 frames=150 commit_frames=20[0m
[0m[INFO] [1788611570.749934260]: [sim_plan] built plan=464 start=912.10 horizon=15.00 frames=150 commit_frames=20[0m
[0m[INFO] [1788611570.757812022]: [sim_plan] built plan=465 start=914.10 horizon=15.00 frames=150 commit_frames=20[0m
[0m[INFO] [1788611570.766437872]: [sim_plan] built plan=466 start=916.10 horizon=15.00 frames=150 commit_frames=20[0m
[0m[INFO] [1788611570.774739066]: [sim_plan] built plan=467 start=918.10 horizon=15.00 frames=150 commit_frames=20[0m
[0m[INFO] [1788611570.783882385]: [sim_plan] built plan=468 start=920.10 horizon=15.00 frames=150 commit_frames=20[0m
[0m[INFO] [1788611570.792427481]: [sim_plan] built plan=469 start=922.10 horizon=15.00 frames=150 commit_frames=20[0m
[0m[INFO] [1788611570.800831250]: [sim_plan] built plan=470 start=924.10 horizon=15.00 frames=150 commit_frames=20[0m
[0m[INFO] [1788611570.808894593]: [sim_plan] built plan=471 start=926.10 horizon=15.00 frames=150 commit_frames=20[0m
[0m[INFO] [1788611570.818026872]: [sim_plan] built plan=472 start=928.10 horizon=15.00 frames=150 commit_frames=20[0m
[0m[INFO] [1788611570.826311124]: [sim_plan] built plan=473 start=930.10 horizon=15.00 frames=150 commit_frames=20[0m
[0m[INFO] [1788611570.834337578]: [sim_plan] built plan=474 start=932.10 horizon=15.00 frames=150 commit_frames=20[0m
[0m[INFO] [1788611570.842576714]: [sim_plan] built plan=475 start=934.10 horizon=15.00 frames=150 commit_frames=20[0m
[0m[INFO] [1788611570.850556810]: [sim_plan] built plan=476 start=936.10 horizon=15.00 frames=150 commit_frames=20[0m
[0m[INFO] [1788611570.859208628]: [sim_plan] built plan=477 start=938.10 horizon=15.00 frames=150 commit_frames=20[0m
[0m[INFO] [1788611570.868517261]: [sim_plan] built plan=478 start=940.10 horizon=15.00 frames=150 commit_frames=20[0m
[0m[INFO] [1788611570.876782076]: [sim_plan] built plan=479 start=942.10 horizon=15.00 frames=150 commit_frames=20[0m
[0m[INFO] [1788611570.885014119]: [sim_plan] built plan=480 start=944.10 horizon=15.00 frames=150 commit_frames=20[0m
[0m[INFO] [1788611570.893822154]: [sim_plan] built plan=481 start=946.10 horizon=15.00 frames=150 commit_frames=20[0m
[0m[INFO] [1788611570.902224269]: [sim_plan] built plan=482 start=948.10 horizon=15.00 frames=150 commit_frames=20[0m
[0m[INFO] [1788611570.910084438]: [sim_plan] built plan=483 start=950.10 horizon=15.00 frames=150 commit_frames=20[0m
[0m[INFO] [1788611570.917902106]: [sim_plan] built plan=484 start=952.10 horizon=15.00 frames=150 commit_frames=20[0m
[0m[INFO] [1788611570.925804605]: [sim_plan] built plan=485 start=954.10 horizon=15.00 frames=150 commit_frames=20[0m
[0m[INFO] [1788611570.933997744]: [sim_plan] built plan=486 start=956.10 horizon=15.00 frames=150 commit_frames=20[0m
[0m[INFO] [1788611570.942027895]: [sim_plan] built plan=487 start=958.10 horizon=15.00 frames=150 commit_frames=20[0m
[0m[INFO] [1788611570.949964669]: [sim_plan] built plan=488 start=960.10 horizon=15.00 frames=150 commit_frames=20[0m
[0m[INFO] [1788611570.957981885]: [sim_plan] built plan=489 start=962.10 horizon=15.00 frames=150 commit_frames=20[0m
[0m[INFO] [1788611570.965759628]: [sim_plan] built plan=490 start=964.10 horizon=15.00 frames=150 commit_frames=20[0m
[0m[INFO] [1788611570.973981662]: [sim_plan] built plan=491 start=966.10 horizon=15.00 frames=150 commit_frames=20[0m
[0m[INFO] [1788611570.983112147]: [sim_plan] built plan=492 start=968.10 horizon=15.00 frames=150 commit_frames=20[0m
[0m[INFO] [1788611570.992092818]: [sim_plan] built plan=493 start=970.10 horizon=15.00 frames=150 commit_frames=20[0m
[0m[INFO] [1788611570.999756315]: [sim_plan] built plan=494 start=972.10 horizon=15.00 frames=150 commit_frames=20[0m
[0m[INFO] [1788611571.008161706]: [sim_plan] built plan=495 start=974.10 horizon=15.00 frames=150 commit_frames=20[0m
[0m[INFO] [1788611571.016372810]: [sim_plan] built plan=496 start=976.10 horizon=15.00 frames=150 commit_frames=20[0m
[0m[INFO] [1788611571.024298834]: [sim_plan] built plan=497 start=978.10 horizon=15.00 frames=150 commit_frames=20[0m
[0m[INFO] [1788611571.032486773]: [sim_plan] built plan=498 start=980.10 horizon=15.00 frames=150 commit_frames=20[0m
[0m[INFO] [1788611571.040562350]: [sim_plan] built plan=499 start=982.10 horizon=15.00 frames=150 commit_frames=20[0m
[0m[INFO] [1788611571.050338949]: [sim_plan] built plan=500 start=984.10 horizon=15.00 frames=150 commit_frames=20[0m
[0m[INFO] [1788611571.058447648]: [sim_plan] built plan=501 start=986.10 horizon=15.00 frames=150 commit_frames=20[0m
[0m[INFO] [1788611571.066573891]: [sim_plan] built plan=502 start=988.10 horizon=15.00 frames=150 commit_frames=20[0m
[0m[INFO] [1788611571.074795224]: [sim_plan] built plan=503 start=990.10 horizon=15.00 frames=150 commit_frames=20[0m
[0m[INFO] [1788611571.083401145]: [sim_plan] built plan=504 start=992.10 horizon=15.00 frames=150 commit_frames=20[0m
[0m[INFO] [1788611571.091540954]: [sim_plan] built plan=505 start=994.10 horizon=15.00 frames=150 commit_frames=20[0m
[0m[INFO] [1788611571.099674711]: [sim_plan] built plan=506 start=996.10 horizon=15.00 frames=150 commit_frames=20[0m
[0m[INFO] [1788611571.107681157]: [sim_plan] built plan=507 start=998.10 horizon=15.00 frames=150 commit_frames=20[0m
[0m[INFO] [1788611571.115779647]: [sim_plan] built plan=508 start=1000.10 horizon=15.00 frames=150 commit_frames=20[0m
[0m[INFO] [1788611571.123772627]: [sim_plan] built plan=509 start=1002.10 horizon=15.00 frames=150 commit_frames=20[0m
[0m[INFO] [1788611571.132037422]: [sim_plan] built plan=510 start=1004.10 horizon=15.00 frames=150 commit_frames=20[0m
[0m[INFO] [1788611571.140094995]: [sim_plan] built plan=511 start=1006.10 horizon=15.00 frames=150 commit_frames=20[0m
[0m[INFO] [1788611571.148240154]: [sim_plan] built plan=512 start=1008.10 horizon=15.00 frames=150 commit_frames=20[0m
[0m[INFO] [1788611571.156479010]: [sim_plan] built plan=513 start=1010.10 horizon=15.00 frames=150 commit_frames=20[0m
[0m[INFO] [1788611571.164676037]: [sim_plan] built plan=514 start=1012.10 horizon=15.00 frames=150 commit_frames=20[0m
[0m[INFO] [1788611571.172895867]: [sim_plan] built plan=515 start=1014.10 horizon=15.00 frames=150 commit_frames=20[0m
[0m[INFO] [1788611571.181007232]: [sim_plan] built plan=516 start=1016.10 horizon=15.00 frames=150 commit_frames=20[0m
[0m[INFO] [1788611571.189059644]: [sim_plan] built plan=517 start=1018.10 horizon=15.00 frames=150 commit_frames=20[0m
[0m[INFO] [1788611571.197305243]: [sim_plan] built plan=518 start=1020.10 horizon=15.00 frames=150 commit_frames=20[0m
[0m[INFO] [1788611571.205467494]: [sim_plan] built plan=519 start=1022.10 horizon=15.00 frames=150 commit_frames=20[0m
[0m[INFO] [1788611571.213711750]: [sim_plan] built plan=520 start=1024.10 horizon=15.00 frames=150 commit_frames=20[0m
[0m[INFO] [1788611571.221834787]: [sim_plan] built plan=521 start=1026.10 horizon=15.00 frames=150 commit_frames=20[0m
[0m[INFO] [1788611571.230175977]: [sim_plan] built plan=522 start=1028.10 horizon=15.00 frames=150 commit_frames=20[0m
[0m[INFO] [1788611571.238165461]: [sim_plan] built plan=523 start=1030.10 horizon=15.00 frames=150 commit_frames=20[0m
[0m[INFO] [1788611571.246413955]: [sim_plan] built plan=524 start=1032.10 horizon=15.00 frames=150 commit_frames=20[0m
[0m[INFO] [1788611571.254381678]: [sim_plan] built plan=525 start=1034.10 horizon=15.00 frames=150 commit_frames=20[0m
[0m[INFO] [1788611571.262250072]: [sim_plan] built plan=526 start=1036.10 horizon=15.00 frames=150 commit_frames=20[0m
[0m[INFO] [1788611571.270188269]: [sim_plan] built plan=527 start=1038.10 horizon=15.00 frames=150 commit_frames=20[0m
[0m[INFO] [1788611571.277974798]: [sim_plan] built plan=528 start=1040.10 horizon=15.00 frames=150 commit_frames=20[0m
[0m[INFO] [1788611571.285886073]: [sim_plan] built plan=529 start=1042.10 horizon=15.00 frames=150 commit_frames=20[0m
[0m[INFO] [1788611571.293981759]: [sim_plan] built plan=530 start=1044.10 horizon=15.00 frames=150 commit_frames=20[0m
[0m[INFO] [1788611571.302210896]: [sim_plan] built plan=531 start=1046.10 horizon=15.00 frames=150 commit_frames=20[0m
[0m[INFO] [1788611571.310167347]: [sim_plan] built plan=532 start=1048.10 horizon=15.00 frames=150 commit_frames=20[0m
[0m[INFO] [1788611571.319058389]: [sim_plan] built plan=533 start=1050.10 horizon=15.00 frames=150 commit_frames=20[0m
[0m[INFO] [1788611571.326957371]: [sim_plan] built plan=534 start=1052.10 horizon=15.00 frames=150 commit_frames=20[0m
[0m[INFO] [1788611571.335250009]: [sim_plan] built plan=535 start=1054.10 horizon=15.00 frames=150 commit_frames=20[0m
[0m[INFO] [1788611571.345629460]: [sim_plan] built plan=536 start=1056.10 horizon=15.00 frames=150 commit_frames=20[0m
[0m[INFO] [1788611571.354086039]: [sim_plan] built plan=537 start=1058.10 horizon=15.00 frames=150 commit_frames=20[0m
[0m[INFO] [1788611571.362157878]: [sim_plan] built plan=538 start=1060.10 horizon=15.00 frames=150 commit_frames=20[0m
[0m[INFO] [1788611571.370299821]: [sim_plan] built plan=539 start=1062.10 horizon=15.00 frames=150 commit_frames=20[0m
[0m[INFO] [1788611571.378110205]: [sim_plan] built plan=540 start=1064.10 horizon=15.00 frames=150 commit_frames=20[0m
[0m[INFO] [1788611571.387088913]: [sim_plan] built plan=541 start=1066.10 horizon=15.00 frames=150 commit_frames=20[0m
[0m[INFO] [1788611571.394896271]: [sim_plan] built plan=542 start=1068.10 horizon=15.00 frames=150 commit_frames=20[0m
[0m[INFO] [1788611571.402865427]: [sim_plan] built plan=543 start=1070.10 horizon=15.00 frames=150 commit_frames=20[0m
[0m[INFO] [1788611571.410764719]: [sim_plan] built plan=544 start=1072.10 horizon=15.00 frames=150 commit_frames=20[0m
[0m[INFO] [1788611571.419002524]: [sim_plan] built plan=545 start=1074.10 horizon=15.00 frames=150 commit_frames=20[0m
[0m[INFO] [1788611571.427176727]: [sim_plan] built plan=546 start=1076.10 horizon=15.00 frames=150 commit_frames=20[0m
[0m[INFO] [1788611571.435502598]: [sim_plan] built plan=547 start=1078.10 horizon=15.00 frames=150 commit_frames=20[0m
[0m[INFO] [1788611571.443236287]: [sim_plan] built plan=548 start=1080.10 horizon=15.00 frames=150 commit_frames=20[0m
[0m[INFO] [1788611571.451383890]: [sim_plan] built plan=549 start=1082.10 horizon=15.00 frames=150 commit_frames=20[0m
[0m[INFO] [1788611571.459188083]: [sim_plan] built plan=550 start=1084.10 horizon=15.00 frames=150 commit_frames=20[0m
[0m[INFO] [1788611571.467203506]: [sim_plan] built plan=551 start=1086.10 horizon=15.00 frames=150 commit_frames=20[0m
[0m[INFO] [1788611571.475264996]: [sim_plan] built plan=552 start=1088.10 horizon=15.00 frames=150 commit_frames=20[0m
[0m[INFO] [1788611571.483306679]: [sim_plan] built plan=553 start=1090.10 horizon=15.00 frames=150 commit_frames=20[0m
[0m[INFO] [1788611571.491437380]: [sim_plan] built plan=554 start=1092.10 horizon=15.00 frames=150 commit_frames=20[0m
[0m[INFO] [1788611571.499538716]: [sim_plan] built plan=555 start=1094.10 horizon=15.00 frames=150 commit_frames=20[0m
[0m[INFO] [1788611571.507694735]: [sim_plan] built plan=556 start=1096.10 horizon=15.00 frames=150 commit_frames=20[0m
[0m[INFO] [1788611571.515618113]: [sim_plan] built plan=557 start=1098.10 horizon=15.00 frames=150 commit_frames=20[0m
[0m[INFO] [1788611571.523677920]: [sim_plan] built plan=558 start=1100.10 horizon=15.00 frames=150 commit_frames=20[0m
[0m[INFO] [1788611571.531627308]: [sim_plan] built plan=559 start=1102.10 horizon=15.00 frames=150 commit_frames=20[0m
[0m[INFO] [1788611571.539499931]: [sim_plan] built plan=560 start=1104.10 horizon=15.00 frames=150 commit_frames=20[0m
[0m[INFO] [1788611571.547557203]: [sim_plan] built plan=561 start=1106.10 horizon=15.00 frames=150 commit_frames=20[0m
[0m[INFO] [1788611571.555439904]: [sim_plan] built plan=562 start=1108.10 horizon=15.00 frames=150 commit_frames=20[0m
[0m[INFO] [1788611571.563053937]: [sim_plan] built plan=563 start=1110.10 horizon=15.00 frames=150 commit_frames=20[0m
[0m[INFO] [1788611571.570911621]: [sim_plan] built plan=564 start=1112.10 horizon=15.00 frames=150 commit_frames=20[0m
[0m[INFO] [1788611571.578847833]: [sim_plan] built plan=565 start=1114.10 horizon=15.00 frames=150 commit_frames=20[0m
[0m[INFO] [1788611571.587565607]: [sim_plan] built plan=566 start=1116.10 horizon=15.00 frames=150 commit_frames=20[0m
[0m[INFO] [1788611571.595445353]: [sim_plan] built plan=567 start=1118.10 horizon=15.00 frames=150 commit_frames=20[0m
[0m[INFO] [1788611571.603557429]: [sim_plan] built plan=568 start=1120.10 horizon=15.00 frames=150 commit_frames=20[0m
[0m[INFO] [1788611571.611423178]: [sim_plan] built plan=569 start=1122.10 horizon=15.00 frames=150 commit_frames=20[0m
[0m[INFO] [1788611571.619734972]: [sim_plan] built plan=570 start=1124.10 horizon=15.00 frames=150 commit_frames=20[0m
[0m[INFO] [1788611571.627501544]: [sim_plan] built plan=571 start=1126.10 horizon=15.00 frames=150 commit_frames=20[0m
[0m[INFO] [1788611571.635969834]: [sim_plan] built plan=572 start=1128.10 horizon=15.00 frames=150 commit_frames=20[0m
[0m[INFO] [1788611571.643650242]: [sim_plan] built plan=573 start=1130.10 horizon=15.00 frames=150 commit_frames=20[0m
[0m[INFO] [1788611571.652589445]: [sim_plan] built plan=574 start=1132.10 horizon=15.00 frames=150 commit_frames=20[0m
[0m[INFO] [1788611571.660756223]: [sim_plan] built plan=575 start=1134.10 horizon=15.00 frames=150 commit_frames=20[0m
[0m[INFO] [1788611571.668817903]: [sim_plan] built plan=576 start=1136.10 horizon=15.00 frames=150 commit_frames=20[0m
[0m[INFO] [1788611571.676789583]: [sim_plan] built plan=577 start=1138.10 horizon=15.00 frames=150 commit_frames=20[0m
[0m[INFO] [1788611571.684814424]: [sim_plan] built plan=578 start=1140.10 horizon=15.00 frames=150 commit_frames=20[0m
[0m[INFO] [1788611571.692903777]: [sim_plan] built plan=579 start=1142.10 horizon=15.00 frames=150 commit_frames=20[0m
[0m[INFO] [1788611571.700945379]: [sim_plan] built plan=580 start=1144.10 horizon=15.00 frames=150 commit_frames=20[0m
[0m[INFO] [1788611571.708761747]: [sim_plan] built plan=581 start=1146.10 horizon=15.00 frames=150 commit_frames=20[0m
[0m[INFO] [1788611571.716701745]: [sim_plan] built plan=582 start=1148.10 horizon=15.00 frames=150 commit_frames=20[0m
[0m[INFO] [1788611571.724818811]: [sim_plan] built plan=583 start=1150.10 horizon=15.00 frames=150 commit_frames=20[0m
[0m[INFO] [1788611571.733236696]: [sim_plan] built plan=584 start=1152.10 horizon=15.00 frames=150 commit_frames=20[0m
[0m[INFO] [1788611571.741626788]: [sim_plan] built plan=585 start=1154.10 horizon=15.00 frames=150 commit_frames=20[0m
[0m[INFO] [1788611571.749826390]: [sim_plan] built plan=586 start=1156.10 horizon=15.00 frames=150 commit_frames=20[0m
[0m[INFO] [1788611571.758273721]: [sim_plan] built plan=587 start=1158.10 horizon=15.00 frames=150 commit_frames=20[0m
[0m[INFO] [1788611571.766653133]: [sim_plan] built plan=588 start=1160.10 horizon=15.00 frames=150 commit_frames=20[0m
[0m[INFO] [1788611571.774723282]: [sim_plan] built plan=589 start=1162.10 horizon=15.00 frames=150 commit_frames=20[0m
[0m[INFO] [1788611571.782888799]: [sim_plan] built plan=590 start=1164.10 horizon=15.00 frames=150 commit_frames=20[0m
[0m[INFO] [1788611571.790731374]: [sim_plan] built plan=591 start=1166.10 horizon=15.00 frames=150 commit_frames=20[0m
[0m[INFO] [1788611571.799055711]: [sim_plan] built plan=592 start=1168.10 horizon=15.00 frames=150 commit_frames=20[0m
[0m[INFO] [1788611571.807214415]: [sim_plan] built plan=593 start=1170.10 horizon=15.00 frames=150 commit_frames=20[0m
[0m[INFO] [1788611571.815497715]: [sim_plan] built plan=594 start=1172.10 horizon=15.00 frames=150 commit_frames=20[0m
[0m[INFO] [1788611571.824052650]: [sim_plan] built plan=595 start=1174.10 horizon=15.00 frames=150 commit_frames=20[0m
[0m[INFO] [1788611571.833900865]: [sim_plan] built plan=596 start=1176.10 horizon=15.00 frames=150 commit_frames=20[0m
[0m[INFO] [1788611571.842327386]: [sim_plan] built plan=597 start=1178.10 horizon=15.00 frames=150 commit_frames=20[0m
[0m[INFO] [1788611571.850898602]: [sim_plan] built plan=598 start=1180.10 horizon=15.00 frames=150 commit_frames=20[0m
[0m[INFO] [1788611571.859472202]: [sim_plan] built plan=599 start=1182.10 horizon=15.00 frames=150 commit_frames=20[0m
[0m[INFO] [1788611571.867904807]: [sim_plan] built plan=600 start=1184.10 horizon=15.00 frames=150 commit_frames=20[0m
[0m[INFO] [1788611571.876136808]: [sim_plan] built plan=601 start=1186.10 horizon=15.00 frames=150 commit_frames=20[0m
[0m[INFO] [1788611571.884330440]: [sim_plan] built plan=602 start=1188.10 horizon=15.00 frames=150 commit_frames=20[0m
[0m[INFO] [1788611571.892643817]: [sim_plan] built plan=603 start=1190.10 horizon=15.00 frames=150 commit_frames=20[0m
[0m[INFO] [1788611571.900870929]: [sim_plan] built plan=604 start=1192.10 horizon=15.00 frames=150 commit_frames=20[0m
[0m[INFO] [1788611571.909260992]: [sim_plan] built plan=605 start=1194.10 horizon=15.00 frames=150 commit_frames=20[0m
[0m[INFO] [1788611571.917967604]: [sim_plan] built plan=606 start=1196.10 horizon=15.00 frames=150 commit_frames=20[0m
[0m[INFO] [1788611571.927405952]: [sim_plan] built plan=607 start=1198.10 horizon=15.00 frames=150 commit_frames=20[0m
[0m[INFO] [1788611571.936038995]: [sim_plan] built plan=608 start=1200.10 horizon=15.00 frames=150 commit_frames=20[0m
[0m[INFO] [1788611571.944669343]: [sim_plan] built plan=609 start=1202.10 horizon=15.00 frames=150 commit_frames=20[0m
[0m[INFO] [1788611571.953235589]: [sim_plan] built plan=610 start=1204.10 horizon=15.00 frames=150 commit_frames=20[0m
[0m[INFO] [1788611571.961944816]: [sim_plan] built plan=611 start=1206.10 horizon=15.00 frames=150 commit_frames=20[0m
[0m[INFO] [1788611571.969989917]: [sim_plan] built plan=612 start=1208.10 horizon=15.00 frames=150 commit_frames=20[0m
[0m[INFO] [1788611571.978200830]: [sim_plan] built plan=613 start=1210.10 horizon=15.00 frames=150 commit_frames=20[0m
[0m[INFO] [1788611571.986176027]: [sim_plan] built plan=614 start=1212.10 horizon=15.00 frames=150 commit_frames=20[0m
[0m[INFO] [1788611571.994448406]: [sim_plan] built plan=615 start=1214.10 horizon=15.00 frames=150 commit_frames=20[0m
[0m[INFO] [1788611572.002596039]: [sim_plan] built plan=616 start=1216.10 horizon=15.00 frames=150 commit_frames=20[0m
[0m[INFO] [1788611572.010701373]: [sim_plan] built plan=617 start=1218.10 horizon=15.00 frames=150 commit_frames=20[0m
[0m[INFO] [1788611572.018571560]: [sim_plan] built plan=618 start=1220.10 horizon=15.00 frames=150 commit_frames=20[0m
[0m[INFO] [1788611572.026627810]: [sim_plan] built plan=619 start=1222.10 horizon=15.00 frames=150 commit_frames=20[0m
[0m[INFO] [1788611572.034580024]: [sim_plan] built plan=620 start=1224.10 horizon=15.00 frames=150 commit_frames=20[0m
[0m[INFO] [1788611572.042568586]: [sim_plan] built plan=621 start=1226.10 horizon=15.00 frames=150 commit_frames=20[0m
[0m[INFO] [1788611572.050526860]: [sim_plan] built plan=622 start=1228.10 horizon=15.00 frames=150 commit_frames=20[0m
[0m[INFO] [1788611572.058541672]: [sim_plan] built plan=623 start=1230.10 horizon=15.00 frames=150 commit_frames=20[0m
[0m[INFO] [1788611572.066469349]: [sim_plan] built plan=624 start=1232.10 horizon=15.00 frames=150 commit_frames=20[0m
[0m[INFO] [1788611572.074624125]: [sim_plan] built plan=625 start=1234.10 horizon=15.00 frames=150 commit_frames=20[0m
[0m[INFO] [1788611572.083111751]: [sim_plan] built plan=626 start=1236.10 horizon=15.00 frames=150 commit_frames=20[0m
[0m[INFO] [1788611572.091179214]: [sim_plan] built plan=627 start=1238.10 horizon=15.00 frames=150 commit_frames=20[0m
[0m[INFO] [1788611572.099966478]: [sim_plan] built plan=628 start=1240.10 horizon=15.00 frames=150 commit_frames=20[0m
[0m[INFO] [1788611572.108045703]: [sim_plan] built plan=629 start=1242.10 horizon=15.00 frames=150 commit_frames=20[0m
[0m[INFO] [1788611572.115989570]: [sim_plan] built plan=630 start=1244.10 horizon=15.00 frames=150 commit_frames=20[0m
[0m[INFO] [1788611572.123944609]: [sim_plan] built plan=631 start=1246.10 horizon=15.00 frames=150 commit_frames=20[0m
[0m[INFO] [1788611572.132243938]: [sim_plan] built plan=632 start=1248.10 horizon=15.00 frames=150 commit_frames=20[0m
[0m[INFO] [1788611572.139937112]: [sim_plan] built plan=633 start=1250.10 horizon=15.00 frames=150 commit_frames=20[0m
[0m[INFO] [1788611572.148160377]: [sim_plan] built plan=634 start=1252.10 horizon=15.00 frames=150 commit_frames=20[0m
[0m[INFO] [1788611572.156132017]: [sim_plan] built plan=635 start=1254.10 horizon=15.00 frames=150 commit_frames=20[0m
[0m[INFO] [1788611572.164412974]: [sim_plan] built plan=636 start=1256.10 horizon=15.00 frames=150 commit_frames=20[0m
[0m[INFO] [1788611572.172500272]: [sim_plan] built plan=637 start=1258.10 horizon=15.00 frames=150 commit_frames=20[0m
[0m[INFO] [1788611572.180757152]: [sim_plan] built plan=638 start=1260.10 horizon=15.00 frames=150 commit_frames=20[0m
[0m[INFO] [1788611572.188839872]: [sim_plan] built plan=639 start=1262.10 horizon=15.00 frames=150 commit_frames=20[0m
[0m[INFO] [1788611572.197140455]: [sim_plan] built plan=640 start=1264.10 horizon=15.00 frames=150 commit_frames=20[0m
[0m[INFO] [1788611572.205337592]: [sim_plan] built plan=641 start=1266.10 horizon=15.00 frames=150 commit_frames=20[0m
[0m[INFO] [1788611572.212961475]: [sim_plan] built plan=642 start=1268.10 horizon=15.00 frames=150 commit_frames=20[0m
[0m[INFO] [1788611572.220965636]: [sim_plan] built plan=643 start=1270.10 horizon=15.00 frames=150 commit_frames=20[0m
[0m[INFO] [1788611572.228901016]: [sim_plan] built plan=644 start=1272.10 horizon=15.00 frames=150 commit_frames=20[0m
[0m[INFO] [1788611572.237199515]: [sim_plan] built plan=645 start=1274.10 horizon=15.00 frames=150 commit_frames=20[0m
[0m[INFO] [1788611572.244910242]: [sim_plan] built plan=646 start=1276.10 horizon=15.00 frames=150 commit_frames=20[0m
[0m[INFO] [1788611572.253333358]: [sim_plan] built plan=647 start=1278.10 horizon=15.00 frames=150 commit_frames=20[0m
[0m[INFO] [1788611572.261623469]: [sim_plan] built plan=648 start=1280.10 horizon=15.00 frames=150 commit_frames=20[0m
[0m[INFO] [1788611572.269789307]: [sim_plan] built plan=649 start=1282.10 horizon=15.00 frames=150 commit_frames=20[0m
[0m[INFO] [1788611572.277903908]: [sim_plan] built plan=650 start=1284.10 horizon=15.00 frames=150 commit_frames=20[0m
[0m[INFO] [1788611572.286140089]: [sim_plan] built plan=651 start=1286.10 horizon=15.00 frames=150 commit_frames=20[0m
[0m[INFO] [1788611572.294192231]: [sim_plan] built plan=652 start=1288.10 horizon=15.00 frames=150 commit_frames=20[0m
[0m[INFO] [1788611572.302346537]: [sim_plan] built plan=653 start=1290.10 horizon=15.00 frames=150 commit_frames=20[0m
[0m[INFO] [1788611572.310575855]: [sim_plan] built plan=654 start=1292.10 horizon=15.00 frames=150 commit_frames=20[0m
[0m[INFO] [1788611572.318994291]: [sim_plan] built plan=655 start=1294.10 horizon=15.00 frames=150 commit_frames=20[0m
[0m[INFO] [1788611572.327369426]: [sim_plan] built plan=656 start=1296.10 horizon=15.00 frames=150 commit_frames=20[0m
[0m[INFO] [1788611572.335731074]: [sim_plan] built plan=657 start=1298.10 horizon=15.00 frames=150 commit_frames=20[0m
[0m[INFO] [1788611572.344471200]: [sim_plan] built plan=658 start=1300.10 horizon=15.00 frames=150 commit_frames=20[0m
[0m[INFO] [1788611572.352440016]: [sim_plan] built plan=659 start=1302.10 horizon=15.00 frames=150 commit_frames=20[0m
[0m[INFO] [1788611572.360455979]: [sim_plan] built plan=660 start=1304.10 horizon=15.00 frames=150 commit_frames=20[0m
[0m[INFO] [1788611572.368505536]: [sim_plan] built plan=661 start=1306.10 horizon=15.00 frames=150 commit_frames=20[0m
[0m[INFO] [1788611572.376554162]: [sim_plan] built plan=662 start=1308.10 horizon=15.00 frames=150 commit_frames=20[0m
[0m[INFO] [1788611572.384750567]: [sim_plan] built plan=663 start=1310.10 horizon=15.00 frames=150 commit_frames=20[0m
[0m[INFO] [1788611572.392906186]: [sim_plan] built plan=664 start=1312.10 horizon=15.00 frames=150 commit_frames=20[0m
[0m[INFO] [1788611572.401292180]: [sim_plan] built plan=665 start=1314.10 horizon=15.00 frames=150 commit_frames=20[0m
[0m[INFO] [1788611572.409213858]: [sim_plan] built plan=666 start=1316.10 horizon=15.00 frames=150 commit_frames=20[0m
[0m[INFO] [1788611572.417504580]: [sim_plan] built plan=667 start=1318.10 horizon=15.00 frames=150 commit_frames=20[0m
[0m[INFO] [1788611572.425943595]: [sim_plan] built plan=668 start=1320.10 horizon=15.00 frames=150 commit_frames=20[0m
[0m[INFO] [1788611572.434160670]: [sim_plan] built plan=669 start=1322.10 horizon=15.00 frames=150 commit_frames=20[0m
[0m[INFO] [1788611572.442080894]: [sim_plan] built plan=670 start=1324.10 horizon=15.00 frames=150 commit_frames=20[0m
[0m[INFO] [1788611572.450055760]: [sim_plan] built plan=671 start=1326.10 horizon=15.00 frames=150 commit_frames=20[0m
[0m[INFO] [1788611572.458124835]: [sim_plan] built plan=672 start=1328.10 horizon=15.00 frames=150 commit_frames=20[0m
[0m[INFO] [1788611572.466101142]: [sim_plan] built plan=673 start=1330.10 horizon=15.00 frames=150 commit_frames=20[0m
[0m[INFO] [1788611572.474232505]: [sim_plan] built plan=674 start=1332.10 horizon=15.00 frames=150 commit_frames=20[0m
[0m[INFO] [1788611572.482255803]: [sim_plan] built plan=675 start=1334.10 horizon=15.00 frames=150 commit_frames=20[0m
[0m[INFO] [1788611572.490111284]: [sim_plan] built plan=676 start=1336.10 horizon=15.00 frames=150 commit_frames=20[0m
[0m[INFO] [1788611572.498168835]: [sim_plan] built plan=677 start=1338.10 horizon=15.00 frames=150 commit_frames=20[0m
[0m[INFO] [1788611572.506200358]: [sim_plan] built plan=678 start=1340.10 horizon=15.00 frames=150 commit_frames=20[0m
[0m[INFO] [1788611572.514185474]: [sim_plan] built plan=679 start=1342.10 horizon=15.00 frames=150 commit_frames=20[0m
[0m[INFO] [1788611572.522471108]: [sim_plan] built plan=680 start=1344.10 horizon=15.00 frames=150 commit_frames=20[0m
[0m[INFO] [1788611572.530571573]: [sim_plan] built plan=681 start=1346.10 horizon=15.00 frames=150 commit_frames=20[0m
[0m[INFO] [1788611572.538645626]: [sim_plan] built plan=682 start=1348.10 horizon=15.00 frames=150 commit_frames=20[0m
[0m[INFO] [1788611572.546963934]: [sim_plan] built plan=683 start=1350.10 horizon=15.00 frames=150 commit_frames=20[0m
[0m[INFO] [1788611572.554722190]: [sim_plan] built plan=684 start=1352.10 horizon=15.00 frames=150 commit_frames=20[0m
[0m[INFO] [1788611572.562748913]: [sim_plan] built plan=685 start=1354.10 horizon=15.00 frames=150 commit_frames=20[0m
[0m[INFO] [1788611572.570784484]: [sim_plan] built plan=686 start=1356.10 horizon=15.00 frames=150 commit_frames=20[0m
[0m[INFO] [1788611572.579065760]: [sim_plan] built plan=687 start=1358.10 horizon=15.00 frames=150 commit_frames=20[0m
[0m[INFO] [1788611572.587598132]: [sim_plan] built plan=688 start=1360.10 horizon=15.00 frames=150 commit_frames=20[0m
[0m[INFO] [1788611572.595911972]: [sim_plan] built plan=689 start=1362.10 horizon=15.00 frames=150 commit_frames=20[0m
[0m[INFO] [1788611572.604241418]: [sim_plan] built plan=690 start=1364.10 horizon=15.00 frames=150 commit_frames=20[0m
[0m[INFO] [1788611572.612512006]: [sim_plan] built plan=691 start=1366.10 horizon=15.00 frames=150 commit_frames=20[0m
[0m[INFO] [1788611572.621330188]: [sim_plan] built plan=692 start=1368.10 horizon=15.00 frames=150 commit_frames=20[0m
[0m[INFO] [1788611572.629767009]: [sim_plan] built plan=693 start=1370.10 horizon=15.00 frames=150 commit_frames=20[0m
[0m[INFO] [1788611572.638242994]: [sim_plan] built plan=694 start=1372.10 horizon=15.00 frames=150 commit_frames=20[0m
[0m[INFO] [1788611572.646639639]: [sim_plan] built plan=695 start=1374.10 horizon=15.00 frames=150 commit_frames=20[0m
[0m[INFO] [1788611572.655650267]: [sim_plan] built plan=696 start=1376.10 horizon=15.00 frames=150 commit_frames=20[0m
[0m[INFO] [1788611572.664048946]: [sim_plan] built plan=697 start=1378.10 horizon=15.00 frames=150 commit_frames=20[0m
[0m[INFO] [1788611572.672498621]: [sim_plan] built plan=698 start=1380.10 horizon=15.00 frames=150 commit_frames=20[0m
[0m[INFO] [1788611572.680579450]: [sim_plan] built plan=699 start=1382.10 horizon=15.00 frames=150 commit_frames=20[0m
[0m[INFO] [1788611572.689045987]: [sim_plan] built plan=700 start=1384.10 horizon=15.00 frames=150 commit_frames=20[0m
[0m[INFO] [1788611572.697603245]: [sim_plan] built plan=701 start=1386.10 horizon=15.00 frames=150 commit_frames=20[0m
[0m[INFO] [1788611572.705753805]: [sim_plan] built plan=702 start=1388.10 horizon=15.00 frames=150 commit_frames=20[0m
[0m[INFO] [1788611572.714346620]: [sim_plan] built plan=703 start=1390.10 horizon=15.00 frames=150 commit_frames=20[0m
[0m[INFO] [1788611572.722576882]: [sim_plan] built plan=704 start=1392.10 horizon=15.00 frames=150 commit_frames=20[0m
[0m[INFO] [1788611572.730790891]: [sim_plan] built plan=705 start=1394.10 horizon=15.00 frames=150 commit_frames=20[0m
[0m[INFO] [1788611572.739126168]: [sim_plan] built plan=706 start=1396.10 horizon=15.00 frames=150 commit_frames=20[0m
[0m[INFO] [1788611572.747516913]: [sim_plan] built plan=707 start=1398.10 horizon=15.00 frames=150 commit_frames=20[0m
[0m[INFO] [1788611572.755989883]: [sim_plan] built plan=708 start=1400.10 horizon=15.00 frames=150 commit_frames=20[0m
[0m[INFO] [1788611572.764421142]: [sim_plan] built plan=709 start=1402.10 horizon=15.00 frames=150 commit_frames=20[0m
[0m[INFO] [1788611572.772758075]: [sim_plan] built plan=710 start=1404.10 horizon=15.00 frames=150 commit_frames=20[0m
[0m[INFO] [1788611572.780693947]: [sim_plan] built plan=711 start=1406.10 horizon=15.00 frames=150 commit_frames=20[0m
[0m[INFO] [1788611572.789082115]: [sim_plan] built plan=712 start=1408.10 horizon=15.00 frames=150 commit_frames=20[0m
[0m[INFO] [1788611572.797079865]: [sim_plan] built plan=713 start=1410.10 horizon=15.00 frames=150 commit_frames=20[0m
[0m[INFO] [1788611572.805113002]: [sim_plan] built plan=714 start=1412.10 horizon=15.00 frames=150 commit_frames=20[0m
[0m[INFO] [1788611572.813446506]: [sim_plan] built plan=715 start=1414.10 horizon=15.00 frames=150 commit_frames=20[0m
[0m[INFO] [1788611572.821480625]: [sim_plan] built plan=716 start=1416.10 horizon=15.00 frames=150 commit_frames=20[0m
[0m[INFO] [1788611572.829426597]: [sim_plan] built plan=717 start=1418.10 horizon=15.00 frames=150 commit_frames=20[0m
[0m[INFO] [1788611572.837399359]: [sim_plan] built plan=718 start=1420.10 horizon=15.00 frames=150 commit_frames=20[0m
[0m[INFO] [1788611572.845481759]: [sim_plan] built plan=719 start=1422.10 horizon=15.00 frames=150 commit_frames=20[0m
[0m[INFO] [1788611572.853931483]: [sim_plan] built plan=720 start=1424.10 horizon=15.00 frames=150 commit_frames=20[0m
[0m[INFO] [1788611572.862129572]: [sim_plan] built plan=721 start=1426.10 horizon=15.00 frames=150 commit_frames=20[0m
[0m[INFO] [1788611572.870521588]: [sim_plan] built plan=722 start=1428.10 horizon=15.00 frames=150 commit_frames=20[0m
[0m[INFO] [1788611572.878724598]: [sim_plan] built plan=723 start=1430.10 horizon=15.00 frames=150 commit_frames=20[0m
[0m[INFO] [1788611572.886677350]: [sim_plan] built plan=724 start=1432.10 horizon=15.00 frames=150 commit_frames=20[0m
[0m[INFO] [1788611572.895078664]: [sim_plan] built plan=725 start=1434.10 horizon=15.00 frames=150 commit_frames=20[0m
[0m[INFO] [1788611572.903002856]: [sim_plan] built plan=726 start=1436.10 horizon=15.00 frames=150 commit_frames=20[0m
[0m[INFO] [1788611572.910988021]: [sim_plan] built plan=727 start=1438.10 horizon=15.00 frames=150 commit_frames=20[0m
[0m[INFO] [1788611572.911313678]: [batch] 14400/72000 ticks (sim_t=1440s) hard_guard=0[0m
[0m[INFO] [1788611572.919105267]: [sim_plan] built plan=728 start=1440.10 horizon=15.00 frames=150 commit_frames=20[0m
[0m[INFO] [1788611572.927310339]: [sim_plan] built plan=729 start=1442.10 horizon=15.00 frames=150 commit_frames=20[0m
[0m[INFO] [1788611572.935803696]: [sim_plan] built plan=730 start=1444.10 horizon=15.00 frames=150 commit_frames=20[0m
[0m[INFO] [1788611572.943819581]: [sim_plan] built plan=731 start=1446.10 horizon=15.00 frames=150 commit_frames=20[0m
[0m[INFO] [1788611572.951718363]: [sim_plan] built plan=732 start=1448.10 horizon=15.00 frames=150 commit_frames=20[0m
[0m[INFO] [1788611572.959673732]: [sim_plan] built plan=733 start=1450.10 horizon=15.00 frames=150 commit_frames=20[0m
[0m[INFO] [1788611572.967590277]: [sim_plan] built plan=734 start=1452.10 horizon=15.00 frames=150 commit_frames=20[0m
[0m[INFO] [1788611572.975533181]: [sim_plan] built plan=735 start=1454.10 horizon=15.00 frames=150 commit_frames=20[0m
[0m[INFO] [1788611572.983525823]: [sim_plan] built plan=736 start=1456.10 horizon=15.00 frames=150 commit_frames=20[0m
[0m[INFO] [1788611572.991716145]: [sim_plan] built plan=737 start=1458.10 horizon=15.00 frames=150 commit_frames=20[0m
[0m[INFO] [1788611572.999980790]: [sim_plan] built plan=738 start=1460.10 horizon=15.00 frames=150 commit_frames=20[0m
[0m[INFO] [1788611573.007831892]: [sim_plan] built plan=739 start=1462.10 horizon=15.00 frames=150 commit_frames=20[0m
[0m[INFO] [1788611573.016018861]: [sim_plan] built plan=740 start=1464.10 horizon=15.00 frames=150 commit_frames=20[0m
[0m[INFO] [1788611573.023907504]: [sim_plan] built plan=741 start=1466.10 horizon=15.00 frames=150 commit_frames=20[0m
[0m[INFO] [1788611573.031604293]: [sim_plan] built plan=742 start=1468.10 horizon=15.00 frames=150 commit_frames=20[0m
[0m[INFO] [1788611573.039449043]: [sim_plan] built plan=743 start=1470.10 horizon=15.00 frames=150 commit_frames=20[0m
[0m[INFO] [1788611573.047390876]: [sim_plan] built plan=744 start=1472.10 horizon=15.00 frames=150 commit_frames=20[0m
[0m[INFO] [1788611573.055717106]: [sim_plan] built plan=745 start=1474.10 horizon=15.00 frames=150 commit_frames=20[0m
[0m[INFO] [1788611573.063613535]: [sim_plan] built plan=746 start=1476.10 horizon=15.00 frames=150 commit_frames=20[0m
[0m[INFO] [1788611573.071419942]: [sim_plan] built plan=747 start=1478.10 horizon=15.00 frames=150 commit_frames=20[0m
[0m[INFO] [1788611573.079460501]: [sim_plan] built plan=748 start=1480.10 horizon=15.00 frames=150 commit_frames=20[0m
[0m[INFO] [1788611573.087374814]: [sim_plan] built plan=749 start=1482.10 horizon=15.00 frames=150 commit_frames=20[0m
[0m[INFO] [1788611573.095206958]: [sim_plan] built plan=750 start=1484.10 horizon=15.00 frames=150 commit_frames=20[0m
[0m[INFO] [1788611573.103205900]: [sim_plan] built plan=751 start=1486.10 horizon=15.00 frames=150 commit_frames=20[0m
[0m[INFO] [1788611573.110795548]: [sim_plan] built plan=752 start=1488.10 horizon=15.00 frames=150 commit_frames=20[0m
[0m[INFO] [1788611573.118535409]: [sim_plan] built plan=753 start=1490.10 horizon=15.00 frames=150 commit_frames=20[0m
[0m[INFO] [1788611573.126276412]: [sim_plan] built plan=754 start=1492.10 horizon=15.00 frames=150 commit_frames=20[0m
[0m[INFO] [1788611573.134094371]: [sim_plan] built plan=755 start=1494.10 horizon=15.00 frames=150 commit_frames=20[0m
[0m[INFO] [1788611573.141759039]: [sim_plan] built plan=756 start=1496.10 horizon=15.00 frames=150 commit_frames=20[0m
[0m[INFO] [1788611573.149471177]: [sim_plan] built plan=757 start=1498.10 horizon=15.00 frames=150 commit_frames=20[0m
[0m[INFO] [1788611573.157399796]: [sim_plan] built plan=758 start=1500.10 horizon=15.00 frames=150 commit_frames=20[0m
[0m[INFO] [1788611573.165347941]: [sim_plan] built plan=759 start=1502.10 horizon=15.00 frames=150 commit_frames=20[0m
[0m[INFO] [1788611573.173486125]: [sim_plan] built plan=760 start=1504.10 horizon=15.00 frames=150 commit_frames=20[0m
[0m[INFO] [1788611573.181509633]: [sim_plan] built plan=761 start=1506.10 horizon=15.00 frames=150 commit_frames=20[0m
[0m[INFO] [1788611573.189155598]: [sim_plan] built plan=762 start=1508.10 horizon=15.00 frames=150 commit_frames=20[0m
[0m[INFO] [1788611573.197208590]: [sim_plan] built plan=763 start=1510.10 horizon=15.00 frames=150 commit_frames=20[0m
[0m[INFO] [1788611573.205025278]: [sim_plan] built plan=764 start=1512.10 horizon=15.00 frames=150 commit_frames=20[0m
[0m[INFO] [1788611573.212902469]: [sim_plan] built plan=765 start=1514.10 horizon=15.00 frames=150 commit_frames=20[0m
[0m[INFO] [1788611573.220970029]: [sim_plan] built plan=766 start=1516.10 horizon=15.00 frames=150 commit_frames=20[0m
[0m[INFO] [1788611573.228902936]: [sim_plan] built plan=767 start=1518.10 horizon=15.00 frames=150 commit_frames=20[0m
[0m[INFO] [1788611573.237011826]: [sim_plan] built plan=768 start=1520.10 horizon=15.00 frames=150 commit_frames=20[0m
[0m[INFO] [1788611573.245051045]: [sim_plan] built plan=769 start=1522.10 horizon=15.00 frames=150 commit_frames=20[0m
[0m[INFO] [1788611573.252717267]: [sim_plan] built plan=770 start=1524.10 horizon=15.00 frames=150 commit_frames=20[0m
[0m[INFO] [1788611573.260476033]: [sim_plan] built plan=771 start=1526.10 horizon=15.00 frames=150 commit_frames=20[0m
[0m[INFO] [1788611573.268226725]: [sim_plan] built plan=772 start=1528.10 horizon=15.00 frames=150 commit_frames=20[0m
[0m[INFO] [1788611573.275903226]: [sim_plan] built plan=773 start=1530.10 horizon=15.00 frames=150 commit_frames=20[0m
[0m[INFO] [1788611573.283980796]: [sim_plan] built plan=774 start=1532.10 horizon=15.00 frames=150 commit_frames=20[0m
[0m[INFO] [1788611573.291658560]: [sim_plan] built plan=775 start=1534.10 horizon=15.00 frames=150 commit_frames=20[0m
[0m[INFO] [1788611573.299533525]: [sim_plan] built plan=776 start=1536.10 horizon=15.00 frames=150 commit_frames=20[0m
[0m[INFO] [1788611573.307382683]: [sim_plan] built plan=777 start=1538.10 horizon=15.00 frames=150 commit_frames=20[0m
[0m[INFO] [1788611573.315368700]: [sim_plan] built plan=778 start=1540.10 horizon=15.00 frames=150 commit_frames=20[0m
[0m[INFO] [1788611573.323199895]: [sim_plan] built plan=779 start=1542.10 horizon=15.00 frames=150 commit_frames=20[0m
[0m[INFO] [1788611573.330905321]: [sim_plan] built plan=780 start=1544.10 horizon=15.00 frames=150 commit_frames=20[0m
[0m[INFO] [1788611573.338670730]: [sim_plan] built plan=781 start=1546.10 horizon=15.00 frames=150 commit_frames=20[0m
[0m[INFO] [1788611573.346491134]: [sim_plan] built plan=782 start=1548.10 horizon=15.00 frames=150 commit_frames=20[0m
[0m[INFO] [1788611573.354314202]: [sim_plan] built plan=783 start=1550.10 horizon=15.00 frames=150 commit_frames=20[0m
[0m[INFO] [1788611573.362108987]: [sim_plan] built plan=784 start=1552.10 horizon=15.00 frames=150 commit_frames=20[0m
[0m[INFO] [1788611573.370159795]: [sim_plan] built plan=785 start=1554.10 horizon=15.00 frames=150 commit_frames=20[0m
[0m[INFO] [1788611573.377908054]: [sim_plan] built plan=786 start=1556.10 horizon=15.00 frames=150 commit_frames=20[0m
[0m[INFO] [1788611573.385888160]: [sim_plan] built plan=787 start=1558.10 horizon=15.00 frames=150 commit_frames=20[0m
[0m[INFO] [1788611573.394066830]: [sim_plan] built plan=788 start=1560.10 horizon=15.00 frames=150 commit_frames=20[0m
[0m[INFO] [1788611573.402120516]: [sim_plan] built plan=789 start=1562.10 horizon=15.00 frames=150 commit_frames=20[0m
[0m[INFO] [1788611573.410004600]: [sim_plan] built plan=790 start=1564.10 horizon=15.00 frames=150 commit_frames=20[0m
[0m[INFO] [1788611573.417868447]: [sim_plan] built plan=791 start=1566.10 horizon=15.00 frames=150 commit_frames=20[0m
[0m[INFO] [1788611573.425428838]: [sim_plan] built plan=792 start=1568.10 horizon=15.00 frames=150 commit_frames=20[0m
[0m[INFO] [1788611573.433106852]: [sim_plan] built plan=793 start=1570.10 horizon=15.00 frames=150 commit_frames=20[0m
[0m[INFO] [1788611573.441359663]: [sim_plan] built plan=794 start=1572.10 horizon=15.00 frames=150 commit_frames=20[0m
[0m[INFO] [1788611573.449957749]: [sim_plan] built plan=795 start=1574.10 horizon=15.00 frames=150 commit_frames=20[0m
[0m[INFO] [1788611573.458320310]: [sim_plan] built plan=796 start=1576.10 horizon=15.00 frames=150 commit_frames=20[0m
[0m[INFO] [1788611573.466548667]: [sim_plan] built plan=797 start=1578.10 horizon=15.00 frames=150 commit_frames=20[0m
[0m[INFO] [1788611573.474758407]: [sim_plan] built plan=798 start=1580.10 horizon=15.00 frames=150 commit_frames=20[0m
[0m[INFO] [1788611573.483037812]: [sim_plan] built plan=799 start=1582.10 horizon=15.00 frames=150 commit_frames=20[0m
[0m[INFO] [1788611573.491301375]: [sim_plan] built plan=800 start=1584.10 horizon=15.00 frames=150 commit_frames=20[0m
[0m[INFO] [1788611573.499175490]: [sim_plan] built plan=801 start=1586.10 horizon=15.00 frames=150 commit_frames=20[0m
[0m[INFO] [1788611573.507193558]: [sim_plan] built plan=802 start=1588.10 horizon=15.00 frames=150 commit_frames=20[0m
[0m[INFO] [1788611573.514993502]: [sim_plan] built plan=803 start=1590.10 horizon=15.00 frames=150 commit_frames=20[0m
[0m[INFO] [1788611573.523361824]: [sim_plan] built plan=804 start=1592.10 horizon=15.00 frames=150 commit_frames=20[0m
[0m[INFO] [1788611573.531501371]: [sim_plan] built plan=805 start=1594.10 horizon=15.00 frames=150 commit_frames=20[0m
[0m[INFO] [1788611573.539847832]: [sim_plan] built plan=806 start=1596.10 horizon=15.00 frames=150 commit_frames=20[0m
[0m[INFO] [1788611573.547888462]: [sim_plan] built plan=807 start=1598.10 horizon=15.00 frames=150 commit_frames=20[0m
[0m[INFO] [1788611573.556506055]: [sim_plan] built plan=808 start=1600.10 horizon=15.00 frames=150 commit_frames=20[0m
[0m[INFO] [1788611573.564424345]: [sim_plan] built plan=809 start=1602.10 horizon=15.00 frames=150 commit_frames=20[0m
[0m[INFO] [1788611573.572801683]: [sim_plan] built plan=810 start=1604.10 horizon=15.00 frames=150 commit_frames=20[0m
[0m[INFO] [1788611573.580836552]: [sim_plan] built plan=811 start=1606.10 horizon=15.00 frames=150 commit_frames=20[0m
[0m[INFO] [1788611573.590216330]: [sim_plan] built plan=812 start=1608.10 horizon=15.00 frames=150 commit_frames=20[0m
[0m[INFO] [1788611573.598207016]: [sim_plan] built plan=813 start=1610.10 horizon=15.00 frames=150 commit_frames=20[0m
[0m[INFO] [1788611573.606451222]: [sim_plan] built plan=814 start=1612.10 horizon=15.00 frames=150 commit_frames=20[0m
[0m[INFO] [1788611573.614512462]: [sim_plan] built plan=815 start=1614.10 horizon=15.00 frames=150 commit_frames=20[0m
[0m[INFO] [1788611573.622796213]: [sim_plan] built plan=816 start=1616.10 horizon=15.00 frames=150 commit_frames=20[0m
[0m[INFO] [1788611573.630802859]: [sim_plan] built plan=817 start=1618.10 horizon=15.00 frames=150 commit_frames=20[0m
[0m[INFO] [1788611573.639001509]: [sim_plan] built plan=818 start=1620.10 horizon=15.00 frames=150 commit_frames=20[0m
[0m[INFO] [1788611573.647110549]: [sim_plan] built plan=819 start=1622.10 horizon=15.00 frames=150 commit_frames=20[0m
[0m[INFO] [1788611573.655445678]: [sim_plan] built plan=820 start=1624.10 horizon=15.00 frames=150 commit_frames=20[0m
[0m[INFO] [1788611573.663595175]: [sim_plan] built plan=821 start=1626.10 horizon=15.00 frames=150 commit_frames=20[0m
[0m[INFO] [1788611573.672091969]: [sim_plan] built plan=822 start=1628.10 horizon=15.00 frames=150 commit_frames=20[0m
[0m[INFO] [1788611573.680147328]: [sim_plan] built plan=823 start=1630.10 horizon=15.00 frames=150 commit_frames=20[0m
[0m[INFO] [1788611573.688248152]: [sim_plan] built plan=824 start=1632.10 horizon=15.00 frames=150 commit_frames=20[0m
[0m[INFO] [1788611573.696191629]: [sim_plan] built plan=825 start=1634.10 horizon=15.00 frames=150 commit_frames=20[0m
[0m[INFO] [1788611573.704260423]: [sim_plan] built plan=826 start=1636.10 horizon=15.00 frames=150 commit_frames=20[0m
[0m[INFO] [1788611573.713079117]: [sim_plan] built plan=827 start=1638.10 horizon=15.00 frames=150 commit_frames=20[0m
[0m[INFO] [1788611573.721371916]: [sim_plan] built plan=828 start=1640.10 horizon=15.00 frames=150 commit_frames=20[0m
[0m[INFO] [1788611573.729386016]: [sim_plan] built plan=829 start=1642.10 horizon=15.00 frames=150 commit_frames=20[0m
[0m[INFO] [1788611573.737808951]: [sim_plan] built plan=830 start=1644.10 horizon=15.00 frames=150 commit_frames=20[0m
[0m[INFO] [1788611573.745799016]: [sim_plan] built plan=831 start=1646.10 horizon=15.00 frames=150 commit_frames=20[0m
[0m[INFO] [1788611573.753973439]: [sim_plan] built plan=832 start=1648.10 horizon=15.00 frames=150 commit_frames=20[0m
[0m[INFO] [1788611573.762239407]: [sim_plan] built plan=833 start=1650.10 horizon=15.00 frames=150 commit_frames=20[0m
[0m[INFO] [1788611573.770353517]: [sim_plan] built plan=834 start=1652.10 horizon=15.00 frames=150 commit_frames=20[0m
[0m[INFO] [1788611573.778242570]: [sim_plan] built plan=835 start=1654.10 horizon=15.00 frames=150 commit_frames=20[0m
[0m[INFO] [1788611573.786483961]: [sim_plan] built plan=836 start=1656.10 horizon=15.00 frames=150 commit_frames=20[0m
[0m[INFO] [1788611573.795249215]: [sim_plan] built plan=837 start=1658.10 horizon=15.00 frames=150 commit_frames=20[0m
[0m[INFO] [1788611573.803390095]: [sim_plan] built plan=838 start=1660.10 horizon=15.00 frames=150 commit_frames=20[0m
[0m[INFO] [1788611573.811666873]: [sim_plan] built plan=839 start=1662.10 horizon=15.00 frames=150 commit_frames=20[0m
[0m[INFO] [1788611573.819780001]: [sim_plan] built plan=840 start=1664.10 horizon=15.00 frames=150 commit_frames=20[0m
[0m[INFO] [1788611573.828201012]: [sim_plan] built plan=841 start=1666.10 horizon=15.00 frames=150 commit_frames=20[0m
[0m[INFO] [1788611573.836363724]: [sim_plan] built plan=842 start=1668.10 horizon=15.00 frames=150 commit_frames=20[0m
[0m[INFO] [1788611573.844386962]: [sim_plan] built plan=843 start=1670.10 horizon=15.00 frames=150 commit_frames=20[0m
[0m[INFO] [1788611573.852851084]: [sim_plan] built plan=844 start=1672.10 horizon=15.00 frames=150 commit_frames=20[0m
[0m[INFO] [1788611573.860650989]: [sim_plan] built plan=845 start=1674.10 horizon=15.00 frames=150 commit_frames=20[0m
[0m[INFO] [1788611573.869136422]: [sim_plan] built plan=846 start=1676.10 horizon=15.00 frames=150 commit_frames=20[0m
[0m[INFO] [1788611573.877080330]: [sim_plan] built plan=847 start=1678.10 horizon=15.00 frames=150 commit_frames=20[0m
[0m[INFO] [1788611573.885378889]: [sim_plan] built plan=848 start=1680.10 horizon=15.00 frames=150 commit_frames=20[0m
[0m[INFO] [1788611573.893422786]: [sim_plan] built plan=849 start=1682.10 horizon=15.00 frames=150 commit_frames=20[0m
[0m[INFO] [1788611573.901947403]: [sim_plan] built plan=850 start=1684.10 horizon=15.00 frames=150 commit_frames=20[0m
[0m[INFO] [1788611573.909892502]: [sim_plan] built plan=851 start=1686.10 horizon=15.00 frames=150 commit_frames=20[0m
[0m[INFO] [1788611573.918469259]: [sim_plan] built plan=852 start=1688.10 horizon=15.00 frames=150 commit_frames=20[0m
[0m[INFO] [1788611573.927228090]: [sim_plan] built plan=853 start=1690.10 horizon=15.00 frames=150 commit_frames=20[0m
[0m[INFO] [1788611573.935388206]: [sim_plan] built plan=854 start=1692.10 horizon=15.00 frames=150 commit_frames=20[0m
[0m[INFO] [1788611573.943618226]: [sim_plan] built plan=855 start=1694.10 horizon=15.00 frames=150 commit_frames=20[0m
[0m[INFO] [1788611573.951732526]: [sim_plan] built plan=856 start=1696.10 horizon=15.00 frames=150 commit_frames=20[0m
[0m[INFO] [1788611573.959909084]: [sim_plan] built plan=857 start=1698.10 horizon=15.00 frames=150 commit_frames=20[0m
[0m[INFO] [1788611573.967842341]: [sim_plan] built plan=858 start=1700.10 horizon=15.00 frames=150 commit_frames=20[0m
[0m[INFO] [1788611573.975733068]: [sim_plan] built plan=859 start=1702.10 horizon=15.00 frames=150 commit_frames=20[0m
[0m[INFO] [1788611573.983344075]: [sim_plan] built plan=860 start=1704.10 horizon=15.00 frames=150 commit_frames=20[0m
[0m[INFO] [1788611573.991427657]: [sim_plan] built plan=861 start=1706.10 horizon=15.00 frames=150 commit_frames=20[0m
[0m[INFO] [1788611573.999237320]: [sim_plan] built plan=862 start=1708.10 horizon=15.00 frames=150 commit_frames=20[0m
[0m[INFO] [1788611574.009321111]: [sim_plan] built plan=863 start=1710.10 horizon=15.00 frames=150 commit_frames=20[0m
[0m[INFO] [1788611574.017415042]: [sim_plan] built plan=864 start=1712.10 horizon=15.00 frames=150 commit_frames=20[0m
[0m[INFO] [1788611574.025338421]: [sim_plan] built plan=865 start=1714.10 horizon=15.00 frames=150 commit_frames=20[0m
[0m[INFO] [1788611574.033416472]: [sim_plan] built plan=866 start=1716.10 horizon=15.00 frames=150 commit_frames=20[0m
[0m[INFO] [1788611574.042192035]: [sim_plan] built plan=867 start=1718.10 horizon=15.00 frames=150 commit_frames=20[0m
[0m[INFO] [1788611574.050248877]: [sim_plan] built plan=868 start=1720.10 horizon=15.00 frames=150 commit_frames=20[0m
[0m[INFO] [1788611574.061252470]: [sim_plan] built plan=869 start=1722.10 horizon=15.00 frames=150 commit_frames=20[0m
[0m[INFO] [1788611574.069462851]: [sim_plan] built plan=870 start=1724.10 horizon=15.00 frames=150 commit_frames=20[0m
[0m[INFO] [1788611574.077666140]: [sim_plan] built plan=871 start=1726.10 horizon=15.00 frames=150 commit_frames=20[0m
[0m[INFO] [1788611574.085802883]: [sim_plan] built plan=872 start=1728.10 horizon=15.00 frames=150 commit_frames=20[0m
[0m[INFO] [1788611574.094012323]: [sim_plan] built plan=873 start=1730.10 horizon=15.00 frames=150 commit_frames=20[0m
[0m[INFO] [1788611574.102062843]: [sim_plan] built plan=874 start=1732.10 horizon=15.00 frames=150 commit_frames=20[0m
[0m[INFO] [1788611574.110100878]: [sim_plan] built plan=875 start=1734.10 horizon=15.00 frames=150 commit_frames=20[0m
[0m[INFO] [1788611574.118552207]: [sim_plan] built plan=876 start=1736.10 horizon=15.00 frames=150 commit_frames=20[0m
[0m[INFO] [1788611574.126819697]: [sim_plan] built plan=877 start=1738.10 horizon=15.00 frames=150 commit_frames=20[0m
[0m[INFO] [1788611574.134906625]: [sim_plan] built plan=878 start=1740.10 horizon=15.00 frames=150 commit_frames=20[0m
[0m[INFO] [1788611574.143024372]: [sim_plan] built plan=879 start=1742.10 horizon=15.00 frames=150 commit_frames=20[0m
[0m[INFO] [1788611574.151109788]: [sim_plan] built plan=880 start=1744.10 horizon=15.00 frames=150 commit_frames=20[0m
[0m[INFO] [1788611574.159242923]: [sim_plan] built plan=881 start=1746.10 horizon=15.00 frames=150 commit_frames=20[0m
[0m[INFO] [1788611574.167308902]: [sim_plan] built plan=882 start=1748.10 horizon=15.00 frames=150 commit_frames=20[0m
[0m[INFO] [1788611574.175371715]: [sim_plan] built plan=883 start=1750.10 horizon=15.00 frames=150 commit_frames=20[0m
[0m[INFO] [1788611574.183912533]: [sim_plan] built plan=884 start=1752.10 horizon=15.00 frames=150 commit_frames=20[0m
[0m[INFO] [1788611574.192487155]: [sim_plan] built plan=885 start=1754.10 horizon=15.00 frames=150 commit_frames=20[0m
[0m[INFO] [1788611574.201287044]: [sim_plan] built plan=886 start=1756.10 horizon=15.00 frames=150 commit_frames=20[0m
[0m[INFO] [1788611574.209738683]: [sim_plan] built plan=887 start=1758.10 horizon=15.00 frames=150 commit_frames=20[0m
[0m[INFO] [1788611574.217880595]: [sim_plan] built plan=888 start=1760.10 horizon=15.00 frames=150 commit_frames=20[0m
[0m[INFO] [1788611574.226387339]: [sim_plan] built plan=889 start=1762.10 horizon=15.00 frames=150 commit_frames=20[0m
[0m[INFO] [1788611574.234551654]: [sim_plan] built plan=890 start=1764.10 horizon=15.00 frames=150 commit_frames=20[0m
[0m[INFO] [1788611574.242575422]: [sim_plan] built plan=891 start=1766.10 horizon=15.00 frames=150 commit_frames=20[0m
[0m[INFO] [1788611574.250604151]: [sim_plan] built plan=892 start=1768.10 horizon=15.00 frames=150 commit_frames=20[0m
[0m[INFO] [1788611574.259069145]: [sim_plan] built plan=893 start=1770.10 horizon=15.00 frames=150 commit_frames=20[0m
[0m[INFO] [1788611574.267083937]: [sim_plan] built plan=894 start=1772.10 horizon=15.00 frames=150 commit_frames=20[0m
[0m[INFO] [1788611574.275270434]: [sim_plan] built plan=895 start=1774.10 horizon=15.00 frames=150 commit_frames=20[0m
[0m[INFO] [1788611574.283332685]: [sim_plan] built plan=896 start=1776.10 horizon=15.00 frames=150 commit_frames=20[0m
[0m[INFO] [1788611574.291553627]: [sim_plan] built plan=897 start=1778.10 horizon=15.00 frames=150 commit_frames=20[0m
[0m[INFO] [1788611574.299628603]: [sim_plan] built plan=898 start=1780.10 horizon=15.00 frames=150 commit_frames=20[0m
[0m[INFO] [1788611574.308334764]: [sim_plan] built plan=899 start=1782.10 horizon=15.00 frames=150 commit_frames=20[0m
[0m[INFO] [1788611574.316717412]: [sim_plan] built plan=900 start=1784.10 horizon=15.00 frames=150 commit_frames=20[0m
[0m[INFO] [1788611574.325126611]: [sim_plan] built plan=901 start=1786.10 horizon=15.00 frames=150 commit_frames=20[0m
[0m[INFO] [1788611574.334003496]: [sim_plan] built plan=902 start=1788.10 horizon=15.00 frames=150 commit_frames=20[0m
[0m[INFO] [1788611574.342724575]: [sim_plan] built plan=903 start=1790.10 horizon=15.00 frames=150 commit_frames=20[0m
[0m[INFO] [1788611574.350809540]: [sim_plan] built plan=904 start=1792.10 horizon=15.00 frames=150 commit_frames=20[0m
[0m[INFO] [1788611574.359162452]: [sim_plan] built plan=905 start=1794.10 horizon=15.00 frames=150 commit_frames=20[0m
[0m[INFO] [1788611574.367753706]: [sim_plan] built plan=906 start=1796.10 horizon=15.00 frames=150 commit_frames=20[0m
[0m[INFO] [1788611574.376721743]: [sim_plan] built plan=907 start=1798.10 horizon=15.00 frames=150 commit_frames=20[0m
[0m[INFO] [1788611574.385966364]: [sim_plan] built plan=908 start=1800.10 horizon=15.00 frames=150 commit_frames=20[0m
[0m[INFO] [1788611574.394259373]: [sim_plan] built plan=909 start=1802.10 horizon=15.00 frames=150 commit_frames=20[0m
[0m[INFO] [1788611574.402617445]: [sim_plan] built plan=910 start=1804.10 horizon=15.00 frames=150 commit_frames=20[0m
[0m[INFO] [1788611574.411131573]: [sim_plan] built plan=911 start=1806.10 horizon=15.00 frames=150 commit_frames=20[0m
[0m[INFO] [1788611574.419034342]: [sim_plan] built plan=912 start=1808.10 horizon=15.00 frames=150 commit_frames=20[0m
[0m[INFO] [1788611574.426866508]: [sim_plan] built plan=913 start=1810.10 horizon=15.00 frames=150 commit_frames=20[0m
[0m[INFO] [1788611574.434793613]: [sim_plan] built plan=914 start=1812.10 horizon=15.00 frames=150 commit_frames=20[0m
[0m[INFO] [1788611574.442929975]: [sim_plan] built plan=915 start=1814.10 horizon=15.00 frames=150 commit_frames=20[0m
[0m[INFO] [1788611574.450855157]: [sim_plan] built plan=916 start=1816.10 horizon=15.00 frames=150 commit_frames=20[0m
[0m[INFO] [1788611574.458622049]: [sim_plan] built plan=917 start=1818.10 horizon=15.00 frames=150 commit_frames=20[0m
[0m[INFO] [1788611574.466544697]: [sim_plan] built plan=918 start=1820.10 horizon=15.00 frames=150 commit_frames=20[0m
[0m[INFO] [1788611574.475009491]: [sim_plan] built plan=919 start=1822.10 horizon=15.00 frames=150 commit_frames=20[0m
[0m[INFO] [1788611574.482902051]: [sim_plan] built plan=920 start=1824.10 horizon=15.00 frames=150 commit_frames=20[0m
[0m[INFO] [1788611574.491330526]: [sim_plan] built plan=921 start=1826.10 horizon=15.00 frames=150 commit_frames=20[0m
[0m[INFO] [1788611574.499255257]: [sim_plan] built plan=922 start=1828.10 horizon=15.00 frames=150 commit_frames=20[0m
[0m[INFO] [1788611574.507488332]: [sim_plan] built plan=923 start=1830.10 horizon=15.00 frames=150 commit_frames=20[0m
[0m[INFO] [1788611574.515519485]: [sim_plan] built plan=924 start=1832.10 horizon=15.00 frames=150 commit_frames=20[0m
[0m[INFO] [1788611574.523399060]: [sim_plan] built plan=925 start=1834.10 horizon=15.00 frames=150 commit_frames=20[0m
[0m[INFO] [1788611574.531202251]: [sim_plan] built plan=926 start=1836.10 horizon=15.00 frames=150 commit_frames=20[0m
[0m[INFO] [1788611574.539540736]: [sim_plan] built plan=927 start=1838.10 horizon=15.00 frames=150 commit_frames=20[0m
[0m[INFO] [1788611574.547696024]: [sim_plan] built plan=928 start=1840.10 horizon=15.00 frames=150 commit_frames=20[0m
[0m[INFO] [1788611574.556475995]: [sim_plan] built plan=929 start=1842.10 horizon=15.00 frames=150 commit_frames=20[0m
[0m[INFO] [1788611574.564610453]: [sim_plan] built plan=930 start=1844.10 horizon=15.00 frames=150 commit_frames=20[0m
[0m[INFO] [1788611574.572962363]: [sim_plan] built plan=931 start=1846.10 horizon=15.00 frames=150 commit_frames=20[0m
[0m[INFO] [1788611574.581202241]: [sim_plan] built plan=932 start=1848.10 horizon=15.00 frames=150 commit_frames=20[0m
[0m[INFO] [1788611574.589544273]: [sim_plan] built plan=933 start=1850.10 horizon=15.00 frames=150 commit_frames=20[0m
[0m[INFO] [1788611574.597600022]: [sim_plan] built plan=934 start=1852.10 horizon=15.00 frames=150 commit_frames=20[0m
[0m[INFO] [1788611574.605854538]: [sim_plan] built plan=935 start=1854.10 horizon=15.00 frames=150 commit_frames=20[0m
[0m[INFO] [1788611574.613937048]: [sim_plan] built plan=936 start=1856.10 horizon=15.00 frames=150 commit_frames=20[0m
[0m[INFO] [1788611574.622039325]: [sim_plan] built plan=937 start=1858.10 horizon=15.00 frames=150 commit_frames=20[0m
[0m[INFO] [1788611574.630142975]: [sim_plan] built plan=938 start=1860.10 horizon=15.00 frames=150 commit_frames=20[0m
[0m[INFO] [1788611574.638409614]: [sim_plan] built plan=939 start=1862.10 horizon=15.00 frames=150 commit_frames=20[0m
[0m[INFO] [1788611574.646711680]: [sim_plan] built plan=940 start=1864.10 horizon=15.00 frames=150 commit_frames=20[0m
[0m[INFO] [1788611574.654825168]: [sim_plan] built plan=941 start=1866.10 horizon=15.00 frames=150 commit_frames=20[0m
[0m[INFO] [1788611574.663221253]: [sim_plan] built plan=942 start=1868.10 horizon=15.00 frames=150 commit_frames=20[0m
[0m[INFO] [1788611574.671398201]: [sim_plan] built plan=943 start=1870.10 horizon=15.00 frames=150 commit_frames=20[0m
[0m[INFO] [1788611574.679965499]: [sim_plan] built plan=944 start=1872.10 horizon=15.00 frames=150 commit_frames=20[0m
[0m[INFO] [1788611574.688231116]: [sim_plan] built plan=945 start=1874.10 horizon=15.00 frames=150 commit_frames=20[0m
[0m[INFO] [1788611574.696793154]: [sim_plan] built plan=946 start=1876.10 horizon=15.00 frames=150 commit_frames=20[0m
[0m[INFO] [1788611574.705063029]: [sim_plan] built plan=947 start=1878.10 horizon=15.00 frames=150 commit_frames=20[0m
[0m[INFO] [1788611574.713210773]: [sim_plan] built plan=948 start=1880.10 horizon=15.00 frames=150 commit_frames=20[0m
[0m[INFO] [1788611574.721305886]: [sim_plan] built plan=949 start=1882.10 horizon=15.00 frames=150 commit_frames=20[0m
[0m[INFO] [1788611574.729930634]: [sim_plan] built plan=950 start=1884.10 horizon=15.00 frames=150 commit_frames=20[0m
[0m[INFO] [1788611574.738039143]: [sim_plan] built plan=951 start=1886.10 horizon=15.00 frames=150 commit_frames=20[0m
[0m[INFO] [1788611574.746074022]: [sim_plan] built plan=952 start=1888.10 horizon=15.00 frames=150 commit_frames=20[0m
[0m[INFO] [1788611574.754241554]: [sim_plan] built plan=953 start=1890.10 horizon=15.00 frames=150 commit_frames=20[0m
[0m[INFO] [1788611574.762408253]: [sim_plan] built plan=954 start=1892.10 horizon=15.00 frames=150 commit_frames=20[0m
[0m[INFO] [1788611574.770557088]: [sim_plan] built plan=955 start=1894.10 horizon=15.00 frames=150 commit_frames=20[0m
[0m[INFO] [1788611574.778858984]: [sim_plan] built plan=956 start=1896.10 horizon=15.00 frames=150 commit_frames=20[0m
[0m[INFO] [1788611574.787723055]: [sim_plan] built plan=957 start=1898.10 horizon=15.00 frames=150 commit_frames=20[0m
[0m[INFO] [1788611574.796056770]: [sim_plan] built plan=958 start=1900.10 horizon=15.00 frames=150 commit_frames=20[0m
[0m[INFO] [1788611574.804460859]: [sim_plan] built plan=959 start=1902.10 horizon=15.00 frames=150 commit_frames=20[0m
[0m[INFO] [1788611574.813779040]: [sim_plan] built plan=960 start=1904.10 horizon=15.00 frames=150 commit_frames=20[0m
[0m[INFO] [1788611574.823063156]: [sim_plan] built plan=961 start=1906.10 horizon=15.00 frames=150 commit_frames=20[0m
[0m[INFO] [1788611574.831322070]: [sim_plan] built plan=962 start=1908.10 horizon=15.00 frames=150 commit_frames=20[0m
[0m[INFO] [1788611574.839436400]: [sim_plan] built plan=963 start=1910.10 horizon=15.00 frames=150 commit_frames=20[0m
[0m[INFO] [1788611574.850245936]: [sim_plan] built plan=964 start=1912.10 horizon=15.00 frames=150 commit_frames=20[0m
[0m[INFO] [1788611574.858219530]: [sim_plan] built plan=965 start=1914.10 horizon=15.00 frames=150 commit_frames=20[0m
[0m[INFO] [1788611574.866111268]: [sim_plan] built plan=966 start=1916.10 horizon=15.00 frames=150 commit_frames=20[0m
[0m[INFO] [1788611574.874521469]: [sim_plan] built plan=967 start=1918.10 horizon=15.00 frames=150 commit_frames=20[0m
[0m[INFO] [1788611574.882500022]: [sim_plan] built plan=968 start=1920.10 horizon=15.00 frames=150 commit_frames=20[0m
[0m[INFO] [1788611574.890890074]: [sim_plan] built plan=969 start=1922.10 horizon=15.00 frames=150 commit_frames=20[0m
[0m[INFO] [1788611574.899004445]: [sim_plan] built plan=970 start=1924.10 horizon=15.00 frames=150 commit_frames=20[0m
[0m[INFO] [1788611574.907208615]: [sim_plan] built plan=971 start=1926.10 horizon=15.00 frames=150 commit_frames=20[0m
[0m[INFO] [1788611574.915145619]: [sim_plan] built plan=972 start=1928.10 horizon=15.00 frames=150 commit_frames=20[0m
[0m[INFO] [1788611574.923099055]: [sim_plan] built plan=973 start=1930.10 horizon=15.00 frames=150 commit_frames=20[0m
[0m[INFO] [1788611574.931936855]: [sim_plan] built plan=974 start=1932.10 horizon=15.00 frames=150 commit_frames=20[0m
[0m[INFO] [1788611574.939985641]: [sim_plan] built plan=975 start=1934.10 horizon=15.00 frames=150 commit_frames=20[0m
[0m[INFO] [1788611574.948145939]: [sim_plan] built plan=976 start=1936.10 horizon=15.00 frames=150 commit_frames=20[0m
[33m[WARN] [1788611587.150628611]: [DIAG cycle] 等待图检测到环 V0->V1 —— 严格全序下本不该出现,疑为 slot 资源前置约束成环(循环占位)。暂由破环逃生兜底。[0m
[0m[INFO] [1788611574.956122668]: [sim_plan] built plan=977 start=1938.10 horizon=15.00 frames=150 commit_frames=20[0m
[0m[INFO] [1788611574.964237810]: [sim_plan] built plan=978 start=1940.10 horizon=15.00 frames=150 commit_frames=20[0m
[0m[INFO] [1788611574.972175726]: [sim_plan] built plan=979 start=1942.10 horizon=15.00 frames=150 commit_frames=20[0m
[0m[INFO] [1788611574.980032007]: [sim_plan] built plan=980 start=1944.10 horizon=15.00 frames=150 commit_frames=20[0m
[0m[INFO] [1788611574.988063691]: [sim_plan] built plan=981 start=1946.10 horizon=15.00 frames=150 commit_frames=20[0m
[0m[INFO] [1788611574.996951927]: [sim_plan] built plan=982 start=1948.10 horizon=15.00 frames=150 commit_frames=20[0m
[0m[INFO] [1788611575.005096264]: [sim_plan] built plan=983 start=1950.10 horizon=15.00 frames=150 commit_frames=20[0m
[0m[INFO] [1788611575.013191889]: [sim_plan] built plan=984 start=1952.10 horizon=15.00 frames=150 commit_frames=20[0m
[0m[INFO] [1788611575.020970393]: [sim_plan] built plan=985 start=1954.10 horizon=15.00 frames=150 commit_frames=20[0m
[0m[INFO] [1788611575.028661001]: [sim_plan] built plan=986 start=1956.10 horizon=15.00 frames=150 commit_frames=20[0m
[0m[INFO] [1788611575.036400701]: [sim_plan] built plan=987 start=1958.10 horizon=15.00 frames=150 commit_frames=20[0m
[0m[INFO] [1788611575.044457002]: [sim_plan] built plan=988 start=1960.10 horizon=15.00 frames=150 commit_frames=20[0m
[0m[INFO] [1788611575.053033207]: [sim_plan] built plan=989 start=1962.10 horizon=15.00 frames=150 commit_frames=20[0m
[0m[INFO] [1788611575.061361322]: [sim_plan] built plan=990 start=1964.10 horizon=15.00 frames=150 commit_frames=20[0m
[0m[INFO] [1788611575.069139075]: [sim_plan] built plan=991 start=1966.10 horizon=15.00 frames=150 commit_frames=20[0m
[0m[INFO] [1788611575.077116896]: [sim_plan] built plan=992 start=1968.10 horizon=15.00 frames=150 commit_frames=20[0m
[0m[INFO] [1788611575.085270912]: [sim_plan] built plan=993 start=1970.10 horizon=15.00 frames=150 commit_frames=20[0m
[0m[INFO] [1788611575.093124568]: [sim_plan] built plan=994 start=1972.10 horizon=15.00 frames=150 commit_frames=20[0m
[0m[INFO] [1788611575.101343356]: [sim_plan] built plan=995 start=1974.10 horizon=15.00 frames=150 commit_frames=20[0m
[0m[INFO] [1788611575.109360592]: [sim_plan] built plan=996 start=1976.10 horizon=15.00 frames=150 commit_frames=20[0m
[0m[INFO] [1788611575.117284642]: [sim_plan] built plan=997 start=1978.10 horizon=15.00 frames=150 commit_frames=20[0m
[0m[INFO] [1788611575.125318059]: [sim_plan] built plan=998 start=1980.10 horizon=15.00 frames=150 commit_frames=20[0m
[0m[INFO] [1788611575.133281043]: [sim_plan] built plan=999 start=1982.10 horizon=15.00 frames=150 commit_frames=20[0m
[0m[INFO] [1788611575.141192188]: [sim_plan] built plan=1000 start=1984.10 horizon=15.00 frames=150 commit_frames=20[0m
[0m[INFO] [1788611575.149863964]: [sim_plan] built plan=1001 start=1986.10 horizon=15.00 frames=150 commit_frames=20[0m
[0m[INFO] [1788611575.157638350]: [sim_plan] built plan=1002 start=1988.10 horizon=15.00 frames=150 commit_frames=20[0m
[0m[INFO] [1788611575.165610902]: [sim_plan] built plan=1003 start=1990.10 horizon=15.00 frames=150 commit_frames=20[0m
[0m[INFO] [1788611587.156358484]: [sim_plan] built plan=1004 start=1992.10 horizon=15.00 frames=150 commit_frames=20[0m
[0m[INFO] [1788611587.164367124]: [sim_plan] built plan=1005 start=1994.10 horizon=15.00 frames=150 commit_frames=20[0m
[0m[INFO] [1788611587.174520347]: [sim_plan] built plan=1006 start=1996.10 horizon=15.00 frames=150 commit_frames=20[0m
[0m[INFO] [1788611587.182560647]: [sim_plan] built plan=1007 start=1998.10 horizon=15.00 frames=150 commit_frames=20[0m
[0m[INFO] [1788611587.191508255]: [sim_plan] built plan=1008 start=2000.10 horizon=15.00 frames=150 commit_frames=20[0m
[0m[INFO] [1788611587.199494904]: [sim_plan] built plan=1009 start=2002.10 horizon=15.00 frames=150 commit_frames=20[0m
[0m[INFO] [1788611587.208443644]: [sim_plan] built plan=1010 start=2004.10 horizon=15.00 fra[33m[WARN] [1788611575.447081847]: [DIAG cycle] 等待图检测到环 V0->V1 —— 严格全序下本不该出现,疑为 slot 资源前置约束成环(循环占位)。暂由破环逃生兜底。[0m
mes=150 commit_frames=20[0m
[0m[INFO] [1788611587.216959154]: [sim_plan] built plan=1011 start=2006.10 horizon=15.00 frames=150 commit_frames=20[0m
[0m[INFO] [1788611587.225554796]: [sim_plan] built plan=1012 start=2008.10 horizon=15.00 frames=150 commit_frames=20[0m
[0m[INFO] [1788611587.234644033]: [sim_plan] built plan=1013 start=2010.10 horizon=15.00 frames=150 commit_frames=20[0m
[0m[INFO] [1788611587.243293317]: [sim_plan] built plan=1014 start=2012.10 horizon=15.00 frames=150 commit_frames=20[0m
[0m[INFO] [1788611587.251957879]: [sim_plan] built plan=1015 start=2014.10 horizon=15.00 frames=150 commit_frames=20[0m
[0m[INFO] [1788611587.260643471]: [sim_plan] built plan=1016 start=2016.10 horizon=15.00 frames=150 commit_frames=20[0m
[0m[INFO] [1788611587.269331509]: [sim_plan] built plan=1017 start=2018.10 horizon=15.00 frames=150 commit_frames=20[0m
[0m[INFO] [1788611587.278103515]: [sim_plan] built plan=1018 start=2020.10 horizon=15.00 frames=150 commit_frames=20[0m
[0m[INFO] [1788611587.286782654]: [sim_plan] built plan=1019 start=2022.10 horizon=15.00 frames=150 commit_frames=20[0m
[0m[INFO] [1788611587.296018890]: [sim_plan] built plan=1020 start=2024.10 horizon=15.00 frames=150 commit_frames=20[0m
[0m[INFO] [1788611587.304060523]: [sim_plan] built plan=1021 start=2026.10 horizon=15.00 frames=150 commit_frames=20[0m
[0m[INFO] [1788611587.312268710]: [sim_plan] built plan=1022 start=2028.10 horizon=15.00 frames=150 commit_frames=20[0m
[0m[INFO] [1788611587.320254006]: [sim_plan] built plan=1023 start=2030.10 horizon=15.00 frames=150 commit_frames=20[0m
[0m[INFO] [1788611587.328194437]: [sim_plan] built plan=1024 start=2032.10 horizon=15.00 frames=150 commit_frames=20[0m
[0m[INFO] [1788611587.336320830]: [sim_plan] built plan=1025 start=2034.10 horizon=15.00 frames=150 commit_frames=20[0m
[0m[INFO] [1788611587.344309001]: [sim_plan] built plan=1026 start=2036.10 horizon=15.00 frames=150 commit_frames=20[0m
[0m[INFO] [1788611587.352438741]: [sim_plan] built plan=1027 start=2038.10 horizon=15.00 frames=150 commit_frames=20[0m
[0m[INFO] [1788611587.360392457]: [sim_plan] built plan=1028 start=2040.10 horizon=15.00 frames=150 commit_frames=20[0m
[0m[INFO] [1788611587.368630151]: [sim_plan] built plan=1029 start=2042.10 horizon=15.00 frames=150 commit_frames=20[0m
[0m[INFO] [1788611587.377640007]: [sim_plan] built plan=1030 start=2044.10 horizon=15.00 frames=150 commit_frames=20[0m
[0m[INFO] [1788611587.385799052]: [sim_plan] built plan=1031 start=2046.10 horizon=15.00 frames=150 commit_frames=20[0m
[0m[INFO] [1788611587.393758639]: [sim_plan] built plan=1032 start=2048.10 horizon=15.00 frames=150 commit_frames=20[0m
[0m[INFO] [1788611587.401860646]: [sim_plan] built plan=1033 start=2050.10 horizon=15.00 frames=150 commit_frames=20[0m
[0m[INFO] [1788611587.413473583]: [sim_plan] built plan=1034 start=2052.10 horizon=15.00 frames=150 commit_frames=20[0m
[0m[INFO] [1788611587.421676281]: [sim_plan] built plan=1035 start=2054.10 horizon=15.00 frames=150 commit_frames=20[0m
[0m[INFO] [1788611575.449736766]: [sim_plan] built plan=1036 start=2056.10 horizon=15.00 frames=150 commit_frames=20[0m
[0m[INFO] [1788611575.458486941]: [sim_plan] built plan=1037 start=2058.10 horizon=15.00 frames=150 commit_frames=20[0m
[0m[INFO] [1788611575.466503405]: [sim_plan] built plan=1038 start=2060.10 horizon=15.00 frames=150 commit_frames=20[0m
[0m[INFO] [1788611575.474781305]: [sim_plan] built plan=1039 start=2062.10 horizon=15.00 frames=150 commit_frames=20[0m
[0m[INFO] [1788611575.482679276]: [sim_plan] built plan=1040 start=2064.10 horizon=15.00 frames=150 commit_frames=20[0m
[0m[INFO] [1788611575.490726258]: [sim_plan] built plan=1041 start=2066.10 horizon=15.00 frames=150 commit_frames=20[0m
[0m[INFO] [1788611575.498747853]: [sim_plan] built plan=1042 start=2068.10 horizon=15.00 frames=150 commit_frames=20[0m
[0m[INFO] [1788611575.506747877]: [sim_plan] built plan=1043 start=2070.10 horizon=15.00 frames=150 commit_frames=20[0m
[0m[INFO] [1788611575.514865022]: [sim_plan] built plan=1044 start=2072.10 horizon=15.00 frames=150 commit_frames=20[0m
[0m[INFO] [1788611575.523450635]: [sim_plan] built plan=1045 start=2074.10 horizon=15.00 frames=150 commit_frames=20[0m
[0m[INFO] [1788611575.531191057]: [sim_plan] built plan=1046 start=2076.10 horizon=15.00 frames=150 commit_frames=20[0m
[0m[INFO] [1788611575.539445783]: [sim_plan] built plan=1047 start=2078.10 horizon=15.00 frames=150 commit_frames=20[0m
[0m[INFO] [1788611575.547536178]: [sim_plan] built plan=1048 start=2080.10 horizon=15.00 frames=150 commit_frames=20[0m
[0m[INFO] [1788611575.555386849]: [sim_plan] built plan=1049 start=2082.10 horizon=15.00 frames=150 commit_frames=20[0m
[0m[INFO] [1788611575.563310267]: [sim_plan] built plan=1050 start=2084.10 horizon=15.00 frames=150 commit_frames=20[0m
[0m[INFO] [1788611575.571129278]: [sim_plan] built plan=1051 start=2086.10 horizon=15.00 frames=150 commit_frames=20[0m
[0m[INFO] [1788611575.579071633]: [sim_plan] built plan=1052 start=2088.10 horizon=15.00 frames=150 commit_frames=20[0m
[0m[INFO] [1788611575.587480962]: [sim_plan] built plan=1053 start=2090.10 horizon=15.00 frames=150 commit_frames=20[0m
[0m[INFO] [1788611575.595972436]: [sim_plan] built plan=1054 start=2092.10 horizon=15.00 frames=150 commit_frames=20[0m
[0m[INFO] [1788611575.604150007]: [sim_plan] built plan=1055 start=2094.10 horizon=15.00 frames=150 commit_frames=20[0m
[0m[INFO] [1788611575.613095992]: [sim_plan] built plan=1056 start=2096.10 horizon=15.00 frames=150 commit_frames=20[0m
[0m[INFO] [1788611575.621422224]: [sim_plan] built plan=1057 start=2098.10 horizon=15.00 frames=150 commit_frames=20[0m
[0m[INFO] [1788611575.629780817]: [sim_plan] built plan=1058 start=2100.10 horizon=15.00 frames=150 commit_frames=20[0m
[0m[INFO] [1788611575.637842307]: [sim_plan] built plan=1059 start=2102.10 horizon=15.00 frames=150 commit_frames=20[0m
[0m[INFO] [1788611575.646654679]: [sim_plan] built plan=1060 start=2104.10 horizon=15.00 frames=150 commit_frames=20[0m
[0m[INFO] [1788611575.654863408]: [sim_plan] built plan=1061 start=2106.10 horizon=15.00 frames=150 commit_frames=20[0m
[0m[INFO] [1788611575.662811574]: [sim_plan] built plan=1062 start=2108.10 horizon=15.00 frames=150 commit_frames=20[0m
[0m[INFO] [1788611575.671355708]: [sim_plan] built plan=1063 start=2110.10 horizon=15.00 frames=150 commit_frames=20[0m
[0m[INFO] [1788611575.679454529]: [sim_plan] built plan=1064 start=2112.10 horizon=15.00 frames=150 commit_frames=20[0m
[0m[INFO] [1788611575.688281840]: [sim_plan] built plan=1065 start=2114.10 horizon=15.00 frames=150 commit_frames=20[0m
[0m[INFO] [1788611575.697462339]: [sim_plan] built plan=1066 start=2116.10 horizon=15.00 frames=150 commit_frames=20[0m
[0m[INFO] [1788611575.705626053]: [sim_plan] built plan=1067 start=2118.10 horizon=15.00 frames=150 commit_frames=20[0m
[0m[INFO] [1788611575.714283212]: [sim_plan] built plan=1068 start=2120.10 horizon=15.00 frames=150 commit_frames=20[0m
[0m[INFO] [1788611575.723117566]: [sim_plan] built plan=1069 start=2122.10 horizon=15.00 frames=150 commit_frames=20[0m
[0m[INFO] [1788611575.731816473]: [sim_plan] built plan=1070 start=2124.10 horizon=15.00 frames=150 commit_frames=20[0m
[0m[INFO] [1788611575.740361890]: [sim_plan] built plan=1071 start=2126.10 horizon=15.00 frames=150 commit_frames=20[0m
[0m[INFO] [1788611575.748959546]: [sim_plan] built plan=1072 start=2128.10 horizon=15.00 frames=150 commit_frames=20[0m
[0m[INFO] [1788611575.757146273]: [sim_plan] built plan=1073 start=2130.10 horizon=15.00 frames=150 commit_frames=20[0m
[0m[INFO] [1788611575.766153525]: [sim_plan] built plan=1074 start=2132.10 horizon=15.00 frames=150 commit_frames=20[0m
[0m[INFO] [1788611575.774830982]: [sim_plan] built plan=1075 start=2134.10 horizon=15.00 frames=150 commit_frames=20[0m
[0m[INFO] [1788611575.783704069]: [sim_plan] built plan=1076 start=2136.10 horizon=15.00 frames=150 commit_frames=20[0m
[0m[INFO] [1788611575.792386455]: [sim_plan] built plan=1077 start=2138.10 horizon=15.00 frames=150 commit_frames=20[0m
[0m[INFO] [1788611575.801082638]: [sim_plan] built plan=1078 start=2140.10 horizon=15.00 frames=150 commit_frames=20[0m
[0m[INFO] [1788611575.809895511]: [sim_plan] built plan=1079 start=2142.10 horizon=15.00 frames=150 commit_frames=20[0m
[0m[INFO] [1788611575.817837595]: [sim_plan] built plan=1080 start=2144.10 horizon=15.00 frames=150 commit_frames=20[0m
[0m[INFO] [1788611575.826225984]: [sim_plan] built plan=1081 start=2146.10 horizon=15.00 frames=150 commit_frames=20[0m
[0m[INFO] [1788611575.834178428]: [sim_plan] built plan=1082 start=2148.10 horizon=15.00 frames=150 commit_frames=20[0m
[0m[INFO] [1788611575.842752970]: [sim_plan] built plan=1083 start=2150.10 horizon=15.00 frames=150 commit_frames=20[0m
[0m[INFO] [1788611575.851224286]: [sim_plan] built plan=1084 start=2152.10 horizon=15.00 frames=150 commit_frames=20[0m
[0m[INFO] [1788611575.859187129]: [sim_plan] built plan=1085 start=2154.10 horizon=15.00 frames=150 commit_frames=20[0m
[0m[INFO] [1788611575.867320365]: [sim_plan] built plan=1086 start=2156.10 horizon=15.00 frames=150 commit_frames=20[0m
[0m[INFO] [1788611575.875507243]: [sim_plan] built plan=1087 start=2158.10 horizon=15.00 frames=150 commit_frames=20[0m
[0m[INFO] [1788611575.875806670]: [batch] 21600/72000 ticks (sim_t=2160s) hard_guard=0[0m
[0m[INFO] [1788611575.883616955]: [sim_plan] built plan=1088 start=2160.10 horizon=15.00 frames=150 commit_frames=20[0m
[0m[INFO] [1788611575.891554730]: [sim_plan] built plan=1089 start=2162.10 horizon=15.00 frames=150 commit_frames=20[0m
[0m[INFO] [1788611575.899572588]: [sim_plan] built plan=1090 start=2164.10 horizon=15.00 frames=150 commit_frames=20[0m
[0m[INFO] [1788611575.907821413]: [sim_plan] built plan=1091 start=2166.10 horizon=15.00 frames=150 commit_frames=20[0m
[0m[INFO] [1788611575.915915935]: [sim_plan] built plan=1092 start=2168.10 horizon=15.00 frames=150 commit_frames=20[0m
[0m[INFO] [1788611575.924590066]: [sim_plan] built plan=1093 start=2170.10 horizon=15.00 frames=150 commit_frames=20[0m
[0m[INFO] [1788611575.932393457]: [sim_plan] built plan=1094 start=2172.10 horizon=15.00 frames=150 commit_frames=20[0m
[0m[INFO] [1788611575.940530240]: [sim_plan] built plan=1095 start=2174.10 horizon=15.00 frames=150 commit_frames=20[0m
[0m[INFO] [1788611575.948374850]: [sim_plan] built plan=1096 start=2176.10 horizon=15.00 frames=150 commit_frames=20[0m
[0m[INFO] [1788611575.956622953]: [sim_plan] built plan=1097 start=2178.10 horizon=15.00 frames=150 commit_frames=20[0m
[0m[INFO] [1788611575.964586327]: [sim_plan] built plan=1098 start=2180.10 horizon=15.00 frames=150 commit_frames=20[0m
[0m[INFO] [1788611575.972531377]: [sim_plan] built plan=1099 start=2182.10 horizon=15.00 frames=150 commit_frames=20[0m
[0m[INFO] [1788611575.980542782]: [sim_plan] built plan=1100 start=2184.10 horizon=15.00 frames=150 commit_frames=20[0m
[0m[INFO] [1788611575.988585707]: [sim_plan] built plan=1101 start=2186.10 horizon=15.00 frames=150 commit_frames=20[0m
[0m[INFO] [1788611575.996330898]: [sim_plan] built plan=1102 start=2188.10 horizon=15.00 frames=150 commit_frames=20[0m
[0m[INFO] [1788611576.004197980]: [sim_plan] built plan=1103 start=2190.10 horizon=15.00 frames=150 commit_frames=20[0m
[0m[INFO] [1788611576.012155964]: [sim_plan] built plan=1104 start=2192.10 horizon=15.00 frames=150 commit_frames=20[0m
[0m[INFO] [1788611576.020455165]: [sim_plan] built plan=1105 start=2194.10 horizon=15.00 frames=150 commit_frames=20[0m
[0m[INFO] [1788611576.028463764]: [sim_plan] built plan=1106 start=2196.10 horizon=15.00 frames=150 commit_frames=20[0m
[0m[INFO] [1788611576.036314676]: [sim_plan] built plan=1107 start=2198.10 horizon=15.00 frames=150 commit_frames=20[0m
[0m[INFO] [1788611576.044422203]: [sim_plan] built plan=1108 start=2200.10 horizon=15.00 frames=150 commit_frames=20[0m
[0m[INFO] [1788611576.052470989]: [sim_plan] built plan=1109 start=2202.10 horizon=15.00 frames=150 commit_frames=20[0m
[0m[INFO] [1788611576.060448280]: [sim_plan] built plan=1110 start=2204.10 horizon=15.00 frames=150 commit_frames=20[0m
[0m[INFO] [1788611576.068435699]: [sim_plan] built plan=1111 start=2206.10 horizon=15.00 frames=150 commit_frames=20[0m
[0m[INFO] [1788611576.076385568]: [sim_plan] built plan=1112 start=2208.10 horizon=15.00 frames=150 commit_frames=20[0m
[0m[INFO] [1788611576.084550244]: [sim_plan] built plan=1113 start=2210.10 horizon=15.00 frames=150 commit_frames=20[0m
[0m[INFO] [1788611576.092668622]: [sim_plan] built plan=1114 start=2212.10 horizon=15.00 frames=150 commit_frames=20[0m
[0m[INFO] [1788611576.100725052]: [sim_plan] built plan=1115 start=2214.10 horizon=15.00 frames=150 commit_frames=20[0m
[0m[INFO] [1788611576.109513479]: [sim_plan] built plan=1116 start=2216.10 horizon=15.00 frames=150 commit_frames=20[0m
[0m[INFO] [1788611576.117635394]: [sim_plan] built plan=1117 start=2218.10 horizon=15.00 frames=150 commit_frames=20[0m
[0m[INFO] [1788611576.125959872]: [sim_plan] built plan=1118 start=2220.10 horizon=15.00 frames=150 commit_frames=20[0m
[0m[INFO] [1788611576.133873232]: [sim_plan] built plan=1119 start=2222.10 horizon=15.00 frames=150 commit_frames=20[0m
[0m[INFO] [1788611576.142110435]: [sim_plan] built plan=1120 start=2224.10 horizon=15.00 frames=150 commit_frames=20[0m
[0m[INFO] [1788611576.150183977]: [sim_plan] built plan=1121 start=2226.10 horizon=15.00 frames=150 commit_frames=20[0m
[0m[INFO] [1788611576.158033406]: [sim_plan] built plan=1122 start=2228.10 horizon=15.00 frames=150 commit_frames=20[0m
[0m[INFO] [1788611576.166089155]: [sim_plan] built plan=1123 start=2230.10 horizon=15.00 frames=150 commit_frames=20[0m
[0m[INFO] [1788611576.174036299]: [sim_plan] built plan=1124 start=2232.10 horizon=15.00 frames=150 commit_frames=20[0m
[0m[INFO] [1788611576.182006586]: [sim_plan] built plan=1125 start=2234.10 horizon=15.00 frames=150 commit_frames=20[0m
[0m[INFO] [1788611576.190132579]: [sim_plan] built plan=1126 start=2236.10 horizon=15.00 frames=150 commit_frames=20[0m
[0m[INFO] [1788611576.198603584]: [sim_plan] built plan=1127 start=2238.10 horizon=15.00 frames=150 commit_frames=20[0m
[0m[INFO] [1788611576.206745036]: [sim_plan] built plan=1128 start=2240.10 horizon=15.00 frames=150 commit_frames=20[0m
[0m[INFO] [1788611576.214797740]: [sim_plan] built plan=1129 start=2242.10 horizon=15.00 frames=150 commit_frames=20[0m
[0m[INFO] [1788611576.223031365]: [sim_plan] built plan=1130 start=2244.10 horizon=15.00 frames=150 commit_frames=20[0m
[0m[INFO] [1788611576.230974722]: [sim_plan] built plan=1131 start=2246.10 horizon=15.00 frames=150 commit_frames=20[0m
[0m[INFO] [1788611576.239088631]: [sim_plan] built plan=1132 start=2248.10 horizon=15.00 frames=150 commit_frames=20[0m
[0m[INFO] [1788611576.247017580]: [sim_plan] built plan=1133 start=2250.10 horizon=15.00 frames=150 commit_frames=20[0m
[0m[INFO] [1788611576.255557206]: [sim_plan] built plan=1134 start=2252.10 horizon=15.00 frames=150 commit_frames=20[0m
[0m[INFO] [1788611576.263709889]: [sim_plan] built plan=1135 start=2254.10 horizon=15.00 frames=150 commit_frames=20[0m
[0m[INFO] [1788611576.271705815]: [sim_plan] built plan=1136 start=2256.10 horizon=15.00 frames=150 commit_frames=20[0m
[0m[INFO] [1788611576.279723131]: [sim_plan] built plan=1137 start=2258.10 horizon=15.00 frames=150 commit_frames=20[0m
[0m[INFO] [1788611576.287958761]: [sim_plan] built plan=1138 start=2260.10 horizon=15.00 frames=150 commit_frames=20[0m
[0m[INFO] [1788611576.296203098]: [sim_plan] built plan=1139 start=2262.10 horizon=15.00 frames=150 commit_frames=20[0m
[0m[INFO] [1788611576.304026337]: [sim_plan] built plan=1140 start=2264.10 horizon=15.00 frames=150 commit_frames=20[0m
[0m[INFO] [1788611576.312598895]: [sim_plan] built plan=1141 start=2266.10 horizon=15.00 frames=150 commit_frames=20[0m
[0m[INFO] [1788611576.320352682]: [sim_plan] built plan=1142 start=2268.10 horizon=15.00 frames=150 commit_frames=20[0m
[0m[INFO] [1788611576.328545762]: [sim_plan] built plan=1143 start=2270.10 horizon=15.00 frames=150 commit_frames=20[0m
[0m[INFO] [1788611576.336654100]: [sim_plan] built plan=1144 start=2272.10 horizon=15.00 frames=150 commit_frames=20[0m
[0m[INFO] [1788611576.344958541]: [sim_plan] built plan=1145 start=2274.10 horizon=15.00 frames=150 commit_frames=20[0m
[0m[INFO] [1788611576.352858164]: [sim_plan] built plan=1146 start=2276.10 horizon=15.00 frames=150 commit_frames=20[0m
[0m[INFO] [1788611576.360904876]: [sim_plan] built plan=1147 start=2278.10 horizon=15.00 frames=150 commit_frames=20[0m
[0m[INFO] [1788611576.368626503]: [sim_plan] built plan=1148 start=2280.10 horizon=15.00 frames=150 commit_frames=20[0m
[0m[INFO] [1788611576.377396545]: [sim_plan] built plan=1149 start=2282.10 horizon=15.00 frames=150 commit_frames=20[0m
[0m[INFO] [1788611576.385497530]: [sim_plan] built plan=1150 start=2284.10 horizon=15.00 frames=150 commit_frames=20[0m
[0m[INFO] [1788611576.394115153]: [sim_plan] built plan=1151 start=2286.10 horizon=15.00 frames=150 commit_frames=20[0m
[0m[INFO] [1788611576.402230997]: [sim_plan] built plan=1152 start=2288.10 horizon=15.00 frames=150 commit_frames=20[0m
[0m[INFO] [1788611576.409997709]: [sim_plan] built plan=1153 start=2290.10 horizon=15.00 frames=150 commit_frames=20[0m
[0m[INFO] [1788611576.418124512]: [sim_plan] built plan=1154 start=2292.10 horizon=15.00 frames=150 commit_frames=20[0m
[0m[INFO] [1788611576.425780895]: [sim_plan] built plan=1155 start=2294.10 horizon=15.00 frames=150 commit_frames=20[0m
[0m[INFO] [1788611576.434058955]: [sim_plan] built plan=1156 start=2296.10 horizon=15.00 frames=150 commit_frames=20[0m
[0m[INFO] [1788611576.441994356]: [sim_plan] built plan=1157 start=2298.10 horizon=15.00 frames=150 commit_frames=20[0m
[0m[INFO] [1788611576.450324215]: [sim_plan] built plan=1158 start=2300.10 horizon=15.00 frames=150 commit_frames=20[0m
[0m[INFO] [1788611576.458554715]: [sim_plan] built plan=1159 start=2302.10 horizon=15.00 frames=150 commit_frames=20[0m
[0m[INFO] [1788611576.466786428]: [sim_plan] built plan=1160 start=2304.10 horizon=15.00 frames=150 commit_frames=20[0m
[0m[INFO] [1788611576.474597744]: [sim_plan] built plan=1161 start=2306.10 horizon=15.00 frames=150 commit_frames=20[0m
[0m[INFO] [1788611576.482997435]: [sim_plan] built plan=1162 start=2308.10 horizon=15.00 frames=150 commit_frames=20[0m
[0m[INFO] [1788611576.490870107]: [sim_plan] built plan=1163 start=2310.10 horizon=15.00 frames=150 commit_frames=20[0m
[0m[INFO] [1788611576.498846767]: [sim_plan] built plan=1164 start=2312.10 horizon=15.00 frames=150 commit_frames=20[0m
[0m[INFO] [1788611576.506873250]: [sim_plan] built plan=1165 start=2314.10 horizon=15.00 frames=150 commit_frames=20[0m
[0m[INFO] [1788611576.515115553]: [sim_plan] built plan=1166 start=2316.10 horizon=15.00 frames=150 commit_frames=20[0m
[0m[INFO] [1788611576.523008424]: [sim_plan] built plan=1167 start=2318.10 horizon=15.00 frames=150 commit_frames=20[0m
[0m[INFO] [1788611576.530866408]: [sim_plan] built plan=1168 start=2320.10 horizon=15.00 frames=150 commit_frames=20[0m
[0m[INFO] [1788611576.538668167]: [sim_plan] built plan=1169 start=2322.10 horizon=15.00 frames=150 commit_frames=20[0m
[0m[INFO] [1788611576.546442854]: [sim_plan] built plan=1170 start=2324.10 horizon=15.00 frames=150 commit_frames=20[0m
[0m[INFO] [1788611576.554349340]: [sim_plan] built plan=1171 start=2326.10 horizon=15.00 frames=150 commit_frames=20[0m
[0m[INFO] [1788611576.562722460]: [sim_plan] built plan=1172 start=2328.10 horizon=15.00 frames=150 commit_frames=20[0m
[0m[INFO] [1788611576.570550318]: [sim_plan] built plan=1173 start=2330.10 horizon=15.00 frames=150 commit_frames=20[0m
[0m[INFO] [1788611576.578898992]: [sim_plan] built plan=1174 start=2332.10 horizon=15.00 frames=150 commit_frames=20[0m
[0m[INFO] [1788611576.587184857]: [sim_plan] built plan=1175 start=2334.10 horizon=15.00 frames=150 commit_frames=20[0m
[0m[INFO] [1788611576.595023075]: [sim_plan] built plan=1176 start=2336.10 horizon=15.00 frames=150 commit_frames=20[0m
[0m[INFO] [1788611576.602780759]: [sim_plan] built plan=1177 start=2338.10 horizon=15.00 frames=150 commit_frames=20[0m
[0m[INFO] [1788611576.610688869]: [sim_plan] built plan=1178 start=2340.10 horizon=15.00 frames=150 commit_frames=20[0m
[0m[INFO] [1788611576.618491258]: [sim_plan] built plan=1179 start=2342.10 horizon=15.00 frames=150 commit_frames=20[0m
[0m[INFO] [1788611576.626215038]: [sim_plan] built plan=1180 start=2344.10 horizon=15.00 frames=150 commit_frames=20[0m
[0m[INFO] [1788611576.633930393]: [sim_plan] built plan=1181 start=2346.10 horizon=15.00 frames=150 commit_frames=20[0m
[0m[INFO] [1788611576.641873148]: [sim_plan] built plan=1182 start=2348.10 horizon=15.00 frames=150 commit_frames=20[0m
[0m[INFO] [1788611576.649662002]: [sim_plan] built plan=1183 start=2350.10 horizon=15.00 frames=150 commit_frames=20[0m
[0m[INFO] [1788611576.657536909]: [sim_plan] built plan=1184 start=2352.10 horizon=15.00 frames=150 commit_frames=20[0m
[0m[INFO] [1788611576.665373512]: [sim_plan] built plan=1185 start=2354.10 horizon=15.00 frames=150 commit_frames=20[0m
[0m[INFO] [1788611576.673047879]: [sim_plan] built plan=1186 start=2356.10 horizon=15.00 frames=150 commit_frames=20[0m
[0m[INFO] [1788611576.680675879]: [sim_plan] built plan=1187 start=2358.10 horizon=15.00 frames=150 commit_frames=20[0m
[0m[INFO] [1788611576.688781272]: [sim_plan] built plan=1188 start=2360.10 horizon=15.00 frames=150 commit_frames=20[0m
[0m[INFO] [1788611576.696514109]: [sim_plan] built plan=1189 start=2362.10 horizon=15.00 frames=150 commit_frames=20[0m
[0m[INFO] [1788611576.704305538]: [sim_plan] built plan=1190 start=2364.10 horizon=15.00 frames=150 commit_frames=20[0m
[0m[INFO] [1788611576.712130710]: [sim_plan] built plan=1191 start=2366.10 horizon=15.00 frames=150 commit_frames=20[0m
[0m[INFO] [1788611576.719911709]: [sim_plan] built plan=1192 start=2368.10 horizon=15.00 frames=150 commit_frames=20[0m
[0m[INFO] [1788611576.728030438]: [sim_plan] built plan=1193 start=2370.10 horizon=15.00 frames=150 commit_frames=20[0m
[0m[INFO] [1788611576.735713882]: [sim_plan] built plan=1194 start=2372.10 horizon=15.00 frames=150 commit_frames=20[0m
[0m[INFO] [1788611576.743298569]: [sim_plan] built plan=1195 start=2374.10 horizon=15.00 frames=150 commit_frames=20[0m
[0m[INFO] [1788611576.751105316]: [sim_plan] built plan=1196 start=2376.10 horizon=15.00 frames=150 commit_frames=20[0m
[0m[INFO] [1788611576.759115109]: [sim_plan] built plan=1197 start=2378.10 horizon=15.00 frames=150 commit_frames=20[0m
[0m[INFO] [1788611576.767166640]: [sim_plan] built plan=1198 start=2380.10 horizon=15.00 frames=150 commit_frames=20[0m
[0m[INFO] [1788611576.775309594]: [sim_plan] built plan=1199 start=2382.10 horizon=15.00 frames=150 commit_frames=20[0m
[0m[INFO] [1788611576.784736200]: [sim_plan] built plan=1200 start=2384.10 horizon=15.00 frames=150 commit_frames=20[0m
[0m[INFO] [1788611576.793450647]: [sim_plan] built plan=1201 start=2386.10 horizon=15.00 frames=150 commit_frames=20[0m
[0m[INFO] [1788611576.801243137]: [sim_plan] built plan=1202 start=2388.10 horizon=15.00 frames=150 commit_frames=20[0m
[0m[INFO] [1788611576.809347479]: [sim_plan] built plan=1203 start=2390.10 horizon=15.00 frames=150 commit_frames=20[0m
[0m[INFO] [1788611576.817743032]: [sim_plan] built plan=1204 start=2392.10 horizon=15.00 frames=150 commit_frames=20[0m
[0m[INFO] [1788611576.825954564]: [sim_plan] built plan=1205 start=2394.10 horizon=15.00 frames=150 commit_frames=20[0m
[0m[INFO] [1788611576.834180125]: [sim_plan] built plan=1206 start=2396.10 horizon=15.00 frames=150 commit_frames=20[0m
[0m[INFO] [1788611576.842265070]: [sim_plan] built plan=1207 start=2398.10 horizon=15.00 frames=150 commit_frames=20[0m
[0m[INFO] [1788611576.850640544]: [sim_plan] built plan=1208 start=2400.10 horizon=15.00 frames=150 commit_frames=20[0m
[0m[INFO] [1788611576.858782617]: [sim_plan] built plan=1209 start=2402.10 horizon=15.00 frames=150 commit_frames=20[0m
[0m[INFO] [1788611576.866764557]: [sim_plan] built plan=1210 start=2404.10 horizon=15.00 frames=150 commit_frames=20[0m
[0m[INFO] [1788611576.874865832]: [sim_plan] built plan=1211 start=2406.10 horizon=15.00 frames=150 commit_frames=20[0m
[0m[INFO] [1788611576.882952722]: [sim_plan] built plan=1212 start=2408.10 horizon=15.00 frames=150 commit_frames=20[0m
[0m[INFO] [1788611576.890795378]: [sim_plan] built plan=1213 start=2410.10 horizon=15.00 frames=150 commit_frames=20[0m
[0m[INFO] [1788611576.898577829]: [sim_plan] built plan=1214 start=2412.10 horizon=15.00 frames=150 commit_frames=20[0m
[0m[INFO] [1788611576.906435143]: [sim_plan] built plan=1215 start=2414.10 horizon=15.00 frames=150 commit_frames=20[0m
[0m[INFO] [1788611576.914369761]: [sim_plan] built plan=1216 start=2416.10 horizon=15.00 frames=150 commit_frames=20[0m
[0m[INFO] [1788611576.922295555]: [sim_plan] built plan=1217 start=2418.10 horizon=15.00 frames=150 commit_frames=20[0m
[0m[INFO] [1788611576.930020648]: [sim_plan] built plan=1218 start=2420.10 horizon=15.00 frames=150 commit_frames=20[0m
[0m[INFO] [1788611576.937755710]: [sim_plan] built plan=1219 start=2422.10 horizon=15.00 frames=150 commit_frames=20[0m
[0m[INFO] [1788611576.945953477]: [sim_plan] built plan=1220 start=2424.10 horizon=15.00 frames=150 commit_frames=20[0m
[0m[INFO] [1788611576.954274771]: [sim_plan] built plan=1221 start=2426.10 horizon=15.00 frames=150 commit_frames=20[0m
[0m[INFO] [1788611576.962018489]: [sim_plan] built plan=1222 start=2428.10 horizon=15.00 frames=150 commit_frames=20[0m
[0m[INFO] [1788611576.969786152]: [sim_plan] built plan=1223 start=2430.10 horizon=15.00 frames=150 commit_frames=20[0m
[0m[INFO] [1788611576.978164443]: [sim_plan] built plan=1224 start=2432.10 horizon=15.00 frames=150 commit_frames=20[0m
[0m[INFO] [1788611576.986020001]: [sim_plan] built plan=1225 start=2434.10 horizon=15.00 frames=150 commit_frames=20[0m
[0m[INFO] [1788611576.993822030]: [sim_plan] built plan=1226 start=2436.10 horizon=15.00 frames=150 commit_frames=20[0m
[0m[INFO] [1788611577.001686106]: [sim_plan] built plan=1227 start=2438.10 horizon=15.00 frames=150 commit_frames=20[0m
[0m[INFO] [1788611577.009416158]: [sim_plan] built plan=1228 start=2440.10 horizon=15.00 frames=150 commit_frames=20[0m
[0m[INFO] [1788611577.017082440]: [sim_plan] built plan=1229 start=2442.10 horizon=15.00 frames=150 commit_frames=20[0m
[0m[INFO] [1788611577.024665945]: [sim_plan] built plan=1230 start=2444.10 horizon=15.00 frames=150 commit_frames=20[0m
[0m[INFO] [1788611577.032339982]: [sim_plan] built plan=1231 start=2446.10 horizon=15.00 frames=150 commit_frames=20[0m
[0m[INFO] [1788611577.040006524]: [sim_plan] built plan=1232 start=2448.10 horizon=15.00 frames=150 commit_frames=20[0m
[0m[INFO] [1788611577.048600421]: [sim_plan] built plan=1233 start=2450.10 horizon=15.00 frames=150 commit_frames=20[0m
[0m[INFO] [1788611577.056336406]: [sim_plan] built plan=1234 start=2452.10 horizon=15.00 frames=150 commit_frames=20[0m
[0m[INFO] [1788611577.064040790]: [sim_plan] built plan=1235 start=2454.10 horizon=15.00 frames=150 commit_frames=20[0m
[0m[INFO] [1788611577.071915867]: [sim_plan] built plan=1236 start=2456.10 horizon=15.00 frames=150 commit_frames=20[0m
[0m[INFO] [1788611577.079800222]: [sim_plan] built plan=1237 start=2458.10 horizon=15.00 frames=150 commit_frames=20[0m
[0m[INFO] [1788611577.087415405]: [sim_plan] built plan=1238 start=2460.10 horizon=15.00 frames=150 commit_frames=20[0m
[0m[INFO] [1788611577.095143545]: [sim_plan] built plan=1239 start=2462.10 horizon=15.00 frames=150 commit_frames=20[0m
[0m[INFO] [1788611577.102774961]: [sim_plan] built plan=1240 start=2464.10 horizon=15.00 frames=150 commit_frames=20[0m
[0m[INFO] [1788611577.110460549]: [sim_plan] built plan=1241 start=2466.10 horizon=15.00 frames=150 commit_frames=20[0m
[0m[INFO] [1788611577.118111902]: [sim_plan] built plan=1242 start=2468.10 horizon=15.00 frames=150 commit_frames=20[0m
[0m[INFO] [1788611577.125782552]: [sim_plan] built plan=1243 start=2470.10 horizon=15.00 frames=150 commit_frames=20[0m
[0m[INFO] [1788611577.133475304]: [sim_plan] built plan=1244 start=2472.10 horizon=15.00 frames=150 commit_frames=20[0m
[0m[INFO] [1788611577.141425453]: [sim_plan] built plan=1245 start=2474.10 horizon=15.00 frames=150 commit_frames=20[0m
[0m[INFO] [1788611577.149340506]: [sim_plan] built plan=1246 start=2476.10 horizon=15.00 frames=150 commit_frames=20[0m
[0m[INFO] [1788611577.157025833]: [sim_plan] built plan=1247 start=2478.10 horizon=15.00 frames=150 commit_frames=20[0m
[0m[INFO] [1788611577.164582256]: [sim_plan] built plan=1248 start=2480.10 horizon=15.00 frames=150 commit_frames=20[0m
[0m[INFO] [1788611577.172408441]: [sim_plan] built plan=1249 start=2482.10 horizon=15.00 frames=150 commit_frames=20[0m
[0m[INFO] [1788611577.180056858]: [sim_plan] built plan=1250 start=2484.10 horizon=15.00 frames=150 commit_frames=20[0m
[0m[INFO] [1788611577.187976720]: [sim_plan] built plan=1251 start=2486.10 horizon=15.00 frames=150 commit_frames=20[0m
[0m[INFO] [1788611577.195707724]: [sim_plan] built plan=1252 start=2488.10 horizon=15.00 frames=150 commit_frames=20[0m
[0m[INFO] [1788611577.203391399]: [sim_plan] built plan=1253 start=2490.10 horizon=15.00 frames=150 commit_frames=20[0m
[0m[INFO] [1788611577.211203717]: [sim_plan] built plan=1254 start=2492.10 horizon=15.00 frames=150 commit_frames=20[0m
[0m[INFO] [1788611577.218944169]: [sim_plan] built plan=1255 start=2494.10 horizon=15.00 frames=150 commit_frames=20[0m
[0m[INFO] [1788611577.226762709]: [sim_plan] built plan=1256 start=2496.10 horizon=15.00 frames=150 commit_frames=20[0m
[0m[INFO] [1788611577.234682982]: [sim_plan] built plan=1257 start=2498.10 horizon=15.00 frames=150 commit_frames=20[0m
[0m[INFO] [1788611577.242551055]: [sim_plan] built plan=1258 start=2500.10 horizon=15.00 frames=150 commit_frames=20[0m
[0m[INFO] [1788611577.250386337]: [sim_plan] built plan=1259 start=2502.10 horizon=15.00 frames=150 commit_frames=20[0m
[0m[INFO] [1788611577.258131228]: [sim_plan] built plan=1260 start=2504.10 horizon=15.00 frames=150 commit_frames=20[0m
[0m[INFO] [1788611577.265867341]: [sim_plan] built plan=1261 start=2506.10 horizon=15.00 frames=150 commit_frames=20[0m
[0m[INFO] [1788611577.273588236]: [sim_plan] built plan=1262 start=2508.10 horizon=15.00 frames=150 commit_frames=20[0m
[0m[INFO] [1788611577.281438987]: [sim_plan] built plan=1263 start=2510.10 horizon=15.00 frames=150 commit_frames=20[0m
[0m[INFO] [1788611577.289332048]: [sim_plan] built plan=1264 start=2512.10 horizon=15.00 frames=150 commit_frames=20[0m
[0m[INFO] [1788611577.297141291]: [sim_plan] built plan=1265 start=2514.10 horizon=15.00 frames=150 commit_frames=20[0m
[0m[INFO] [1788611577.305051244]: [sim_plan] built plan=1266 start=2516.10 horizon=15.00 frames=150 commit_frames=20[0m
[0m[INFO] [1788611577.312808668]: [sim_plan] built plan=1267 start=2518.10 horizon=15.00 frames=150 commit_frames=20[0m
[0m[INFO] [1788611577.320740631]: [sim_plan] built plan=1268 start=2520.10 horizon=15.00 frames=150 commit_frames=20[0m
[0m[INFO] [1788611577.328673068]: [sim_plan] built plan=1269 start=2522.10 horizon=15.00 frames=150 commit_frames=20[0m
[0m[INFO] [1788611577.337497353]: [sim_plan] built plan=1270 start=2524.10 horizon=15.00 frames=150 commit_frames=20[0m
[0m[INFO] [1788611577.345435941]: [sim_plan] built plan=1271 start=2526.10 horizon=15.00 frames=150 commit_frames=20[0m
[0m[INFO] [1788611577.353591038]: [sim_plan] built plan=1272 start=2528.10 horizon=15.00 frames=150 commit_frames=20[0m
[0m[INFO] [1788611577.361571224]: [sim_plan] built plan=1273 start=2530.10 horizon=15.00 frames=150 commit_frames=20[0m
[0m[INFO] [1788611577.369615251]: [sim_plan] built plan=1274 start=2532.10 horizon=15.00 frames=150 commit_frames=20[0m
[0m[INFO] [1788611577.377859638]: [sim_plan] built plan=1275 start=2534.10 horizon=15.00 frames=150 commit_frames=20[0m
[0m[INFO] [1788611577.386195127]: [sim_plan] built plan=1276 start=2536.10 horizon=15.00 frames=150 commit_frames=20[0m
[0m[INFO] [1788611577.394231940]: [sim_plan] built plan=1277 start=2538.10 horizon=15.00 frames=150 commit_frames=20[0m
[0m[INFO] [1788611577.402369214]: [sim_plan] built plan=1278 start=2540.10 horizon=15.00 frames=150 commit_frames=20[0m
[0m[INFO] [1788611577.410648196]: [sim_plan] built plan=1279 start=2542.10 horizon=15.00 frames=150 commit_frames=20[0m
[0m[INFO] [1788611577.418654622]: [sim_plan] built plan=1280 start=2544.10 horizon=15.00 frames=150 commit_frames=20[0m
[0m[INFO] [1788611577.426854272]: [sim_plan] built plan=1281 start=2546.10 horizon=15.00 frames=150 commit_frames=20[0m
[0m[INFO] [1788611577.434762043]: [sim_plan] built plan=1282 start=2548.10 horizon=15.00 frames=150 commit_frames=20[0m
[0m[INFO] [1788611577.442813332]: [sim_plan] built plan=1283 start=2550.10 horizon=15.00 frames=150 commit_frames=20[0m
[0m[INFO] [1788611577.450500825]: [sim_plan] built plan=1284 start=2552.10 horizon=15.00 frames=150 commit_frames=20[0m
[0m[INFO] [1788611577.458753207]: [sim_plan] built plan=1285 start=2554.10 horizon=15.00 frames=150 commit_frames=20[0m
[0m[INFO] [1788611577.466604629]: [sim_plan] built plan=1286 start=2556.10 horizon=15.00 frames=150 commit_frames=20[0m
[0m[INFO] [1788611577.474649958]: [sim_plan] built plan=1287 start=2558.10 horizon=15.00 frames=150 commit_frames=20[0m
[0m[INFO] [1788611577.482535505]: [sim_plan] built plan=1288 start=2560.10 horizon=15.00 frames=150 commit_frames=20[0m
[0m[INFO] [1788611577.490560467]: [sim_plan] built plan=1289 start=2562.10 horizon=15.00 frames=150 commit_frames=20[0m
[0m[INFO] [1788611577.498606738]: [sim_plan] built plan=1290 start=2564.10 horizon=15.00 frames=150 commit_frames=20[0m
[0m[INFO] [1788611577.506416261]: [sim_plan] built plan=1291 start=2566.10 horizon=15.00 frames=150 commit_frames=20[0m
[0m[INFO] [1788611577.514485013]: [sim_plan] built plan=1292 start=2568.10 horizon=15.00 frames=150 commit_frames=20[0m
[0m[INFO] [1788611577.522441784]: [sim_plan] built plan=1293 start=2570.10 horizon=15.00 frames=150 commit_frames=20[0m
[0m[INFO] [1788611577.530395170]: [sim_plan] built plan=1294 start=2572.10 horizon=15.00 frames=150 commit_frames=20[0m
[0m[INFO] [1788611577.538240933]: [sim_plan] built plan=1295 start=2574.10 horizon=15.00 frames=150 commit_frames=20[0m
[0m[INFO] [1788611577.546482222]: [sim_plan] built plan=1296 start=2576.10 horizon=15.00 frames=150 commit_frames=20[0m
[0m[INFO] [1788611577.554397185]: [sim_plan] built plan=1297 start=2578.10 horizon=15.00 frames=150 commit_frames=20[0m
[0m[INFO] [1788611577.562584293]: [sim_plan] built plan=1298 start=2580.10 horizon=15.00 frames=150 commit_frames=20[0m
[0m[INFO] [1788611577.570769166]: [sim_plan] built plan=1299 start=2582.10 horizon=15.00 frames=150 commit_frames=20[0m
[0m[INFO] [1788611577.578814456]: [sim_plan] built plan=1300 start=2584.10 horizon=15.00 frames=150 commit_frames=20[0m
[0m[INFO] [1788611577.586751350]: [sim_plan] built plan=1301 start=2586.10 horizon=15.00 frames=150 commit_frames=20[0m
[0m[INFO] [1788611577.594710426]: [sim_plan] built plan=1302 start=2588.10 horizon=15.00 frames=150 commit_frames=20[0m
[0m[INFO] [1788611577.602845808]: [sim_plan] built plan=1303 start=2590.10 horizon=15.00 frames=150 commit_frames=20[0m
[0m[INFO] [1788611577.610692590]: [sim_plan] built plan=1304 start=2592.10 horizon=15.00 frames=150 commit_frames=20[0m
[0m[INFO] [1788611577.618598164]: [sim_plan] built plan=1305 start=2594.10 horizon=15.00 frames=150 commit_frames=20[0m
[0m[INFO] [1788611577.626491717]: [sim_plan] built plan=1306 start=2596.10 horizon=15.00 frames=150 commit_frames=20[0m
[0m[INFO] [1788611577.634347357]: [sim_plan] built plan=1307 start=2598.10 horizon=15.00 frames=150 commit_frames=20[0m
[0m[INFO] [1788611577.642300261]: [sim_plan] built plan=1308 start=2600.10 horizon=15.00 frames=150 commit_frames=20[0m
[0m[INFO] [1788611577.650360329]: [sim_plan] built plan=1309 start=2602.10 horizon=15.00 frames=150 commit_frames=20[0m
[0m[INFO] [1788611577.658346306]: [sim_plan] built plan=1310 start=2604.10 horizon=15.00 frames=150 commit_frames=20[0m
[0m[INFO] [1788611577.666294141]: [sim_plan] built plan=1311 start=2606.10 horizon=15.00 frames=150 commit_frames=20[0m
[0m[INFO] [1788611577.674209664]: [sim_plan] built plan=1312 start=2608.10 horizon=15.00 frames=150 commit_frames=20[0m
[0m[INFO] [1788611577.682418493]: [sim_plan] built plan=1313 start=2610.10 horizon=15.00 frames=150 commit_frames=20[0m
[0m[INFO] [1788611577.690335951]: [sim_plan] built plan=1314 start=2612.10 horizon=15.00 frames=150 commit_frames=20[0m
[0m[INFO] [1788611577.698355333]: [sim_plan] built plan=1315 start=2614.10 horizon=15.00 frames=150 commit_frames=20[0m
[0m[INFO] [1788611577.706322172]: [sim_plan] built plan=1316 start=2616.10 horizon=15.00 frames=150 commit_frames=20[0m
[0m[INFO] [1788611577.714679172]: [sim_plan] built plan=1317 start=2618.10 horizon=15.00 frames=150 commit_frames=20[0m
[0m[INFO] [1788611577.722579508]: [sim_plan] built plan=1318 start=2620.10 horizon=15.00 frames=150 commit_frames=20[0m
[0m[INFO] [1788611577.730525879]: [sim_plan] built plan=1319 start=2622.10 horizon=15.00 frames=150 commit_frames=20[0m
[0m[INFO] [1788611577.738390406]: [sim_plan] built plan=1320 start=2624.10 horizon=15.00 frames=150 commit_frames=20[0m
[0m[INFO] [1788611577.746239584]: [sim_plan] built plan=1321 start=2626.10 horizon=15.00 frames=150 commit_frames=20[0m
[0m[INFO] [1788611577.754303278]: [sim_plan] built plan=1322 start=2628.10 horizon=15.00 frames=150 commit_frames=20[0m
[0m[INFO] [1788611577.762182463]: [sim_plan] built plan=1323 start=2630.10 horizon=15.00 frames=150 commit_frames=20[0m
[0m[INFO] [1788611577.770407885]: [sim_plan] built plan=1324 start=2632.10 horizon=15.00 frames=150 commit_frames=20[0m
[0m[INFO] [1788611577.778177400]: [sim_plan] built plan=1325 start=2634.10 horizon=15.00 frames=150 commit_frames=20[0m
[0m[INFO] [1788611577.786097894]: [sim_plan] built plan=1326 start=2636.10 horizon=15.00 frames=150 commit_frames=20[0m
[0m[INFO] [1788611577.794040780]: [sim_plan] built plan=1327 start=2638.10 horizon=15.00 frames=150 commit_frames=20[0m
[0m[INFO] [1788611577.802257593]: [sim_plan] built plan=1328 start=2640.10 horizon=15.00 frames=150 commit_frames=20[0m
[0m[INFO] [1788611577.810208745]: [sim_plan] built plan=1329 start=2642.10 horizon=15.00 frames=150 commit_frames=20[0m
[0m[INFO] [1788611577.818197867]: [sim_plan] built plan=1330 start=2644.10 horizon=15.00 frames=150 commit_frames=20[0m
[0m[INFO] [1788611577.826534611]: [sim_plan] built plan=1331 start=2646.10 horizon=15.00 frames=150 commit_frames=20[0m
[0m[INFO] [1788611577.834545744]: [sim_plan] built plan=1332 start=2648.10 horizon=15.00 frames=150 commit_frames=20[0m
[0m[INFO] [1788611577.842430248]: [sim_plan] built plan=1333 start=2650.10 horizon=15.00 frames=150 commit_frames=20[0m
[0m[INFO] [1788611577.850394084]: [sim_plan] built plan=1334 start=2652.10 horizon=15.00 frames=150 commit_frames=20[0m
[0m[INFO] [1788611577.858408214]: [sim_plan] built plan=1335 start=2654.10 horizon=15.00 frames=150 commit_frames=20[0m
[0m[INFO] [1788611577.866394774]: [sim_plan] built plan=1336 start=2656.10 horizon=15.00 frames=150 commit_frames=20[0m
[0m[INFO] [1788611577.874470179]: [sim_plan] built plan=1337 start=2658.10 horizon=15.00 frames=150 commit_frames=20[0m
[0m[INFO] [1788611577.882594679]: [sim_plan] built plan=1338 start=2660.10 horizon=15.00 frames=150 commit_frames=20[0m
[0m[INFO] [1788611577.890666969]: [sim_plan] built plan=1339 start=2662.10 horizon=15.00 frames=150 commit_frames=20[0m
[0m[INFO] [1788611577.898572115]: [sim_plan] built plan=1340 start=2664.10 horizon=15.00 frames=150 commit_frames=20[0m
[0m[INFO] [1788611577.906823895]: [sim_plan] built plan=1341 start=2666.10 horizon=15.00 frames=150 commit_frames=20[0m
[0m[INFO] [1788611577.914929128]: [sim_plan] built plan=1342 start=2668.10 horizon=15.00 frames=150 commit_frames=20[0m
[0m[INFO] [1788611577.922888804]: [sim_plan] built plan=1343 start=2670.10 horizon=15.00 frames=150 commit_frames=20[0m
[0m[INFO] [1788611577.930699639]: [sim_plan] built plan=1344 start=2672.10 horizon=15.00 frames=150 commit_frames=20[0m
[0m[INFO] [1788611577.938640601]: [sim_plan] built plan=1345 start=2674.10 horizon=15.00 frames=150 commit_frames=20[0m
[0m[INFO] [1788611577.946807150]: [sim_plan] built plan=1346 start=2676.10 horizon=15.00 frames=150 commit_frames=20[0m
[0m[INFO] [1788611577.954731821]: [sim_plan] built plan=1347 start=2678.10 horizon=15.00 frames=150 commit_frames=20[0m
[0m[INFO] [1788611577.962632927]: [sim_plan] built plan=1348 start=2680.10 horizon=15.00 frames=150 commit_frames=20[0m
[0m[INFO] [1788611577.970409117]: [sim_plan] built plan=1349 start=2682.10 horizon=15.00 frames=150 commit_frames=20[0m
[0m[INFO] [1788611577.978534468]: [sim_plan] built plan=1350 start=2684.10 horizon=15.00 frames=150 commit_frames=20[0m
[0m[INFO] [1788611577.986435674]: [sim_plan] built plan=1351 start=2686.10 horizon=15.00 frames=150 commit_frames=20[0m
[0m[INFO] [1788611577.994622061]: [sim_plan] built plan=1352 start=2688.10 horizon=15.00 frames=150 commit_frames=20[0m
[0m[INFO] [1788611578.002734418]: [sim_plan] built plan=1353 start=2690.10 horizon=15.00 frames=150 commit_frames=20[0m
[0m[INFO] [1788611578.010849589]: [sim_plan] built plan=1354 start=2692.10 horizon=15.00 frames=150 commit_frames=20[0m
[0m[INFO] [1788611578.018919055]: [sim_plan] built plan=1355 start=2694.10 horizon=15.00 frames=150 commit_frames=20[0m
[0m[INFO] [1788611578.026888711]: [sim_plan] built plan=1356 start=2696.10 horizon=15.00 frames=150 commit_frames=20[0m
[0m[INFO] [1788611578.034987732]: [sim_plan] built plan=1357 start=2698.10 horizon=15.00 frames=150 commit_frames=20[0m
[0m[INFO] [1788611578.043090080]: [sim_plan] built plan=1358 start=2700.10 horizon=15.00 frames=150 commit_frames=20[0m
[0m[INFO] [1788611578.051211966]: [sim_plan] built plan=1359 start=2702.10 horizon=15.00 frames=150 commit_frames=20[0m
[0m[INFO] [1788611578.059261782]: [sim_plan] built plan=1360 start=2704.10 horizon=15.00 frames=150 commit_frames=20[0m
[0m[INFO] [1788611578.067506672]: [sim_plan] built plan=1361 start=2706.10 horizon=15.00 frames=150 commit_frames=20[0m
[0m[INFO] [1788611578.075446341]: [sim_plan] built plan=1362 start=2708.10 horizon=15.00 frames=150 commit_frames=20[0m
[0m[INFO] [1788611578.083458908]: [sim_plan] built plan=1363 start=2710.10 horizon=15.00 frames=150 commit_frames=20[0m
[0m[INFO] [1788611578.091407433]: [sim_plan] built plan=1364 start=2712.10 horizon=15.00 frames=150 commit_frames=20[0m
[0m[INFO] [1788611578.099577188]: [sim_plan] built plan=1365 start=2714.10 horizon=15.00 frames=150 commit_frames=20[0m
[0m[INFO] [1788611578.107419835]: [sim_plan] built plan=1366 start=2716.10 horizon=15.00 frames=150 commit_frames=20[0m
[0m[INFO] [1788611578.116260179]: [sim_plan] built plan=1367 start=2718.10 horizon=15.00 frames=150 commit_frames=20[0m
[0m[INFO] [1788611578.124090813]: [sim_plan] built plan=1368 start=2720.10 horizon=15.00 frames=150 commit_frames=20[0m
[0m[INFO] [1788611578.132062714]: [sim_plan] built plan=1369 start=2722.10 horizon=15.00 frames=150 commit_frames=20[0m
[0m[INFO] [1788611578.140005006]: [sim_plan] built plan=1370 start=2724.10 horizon=15.00 frames=150 commit_frames=20[0m
[0m[INFO] [1788611578.148102014]: [sim_plan] built plan=1371 start=2726.10 horizon=15.00 frames=150 commit_frames=20[0m
[0m[INFO] [1788611578.156195106]: [sim_plan] built plan=1372 start=2728.10 horizon=15.00 frames=150 commit_frames=20[0m
[0m[INFO] [1788611578.164286442]: [sim_plan] built plan=1373 start=2730.10 horizon=15.00 frames=150 commit_frames=20[0m
[0m[INFO] [1788611578.172336621]: [sim_plan] built plan=1374 start=2732.10 horizon=15.00 frames=150 commit_frames=20[0m
[0m[INFO] [1788611578.180244350]: [sim_plan] built plan=1375 start=2734.10 horizon=15.00 frames=150 commit_frames=20[0m
[0m[INFO] [1788611578.188655973]: [sim_plan] built plan=1376 start=2736.10 horizon=15.00 frames=150 commit_frames=20[0m
[0m[INFO] [1788611578.196679510]: [sim_plan] built plan=1377 start=2738.10 horizon=15.00 frames=150 commit_frames=20[0m
[0m[INFO] [1788611578.204690775]: [sim_plan] built plan=1378 start=2740.10 horizon=15.00 frames=150 commit_frames=20[0m
[0m[INFO] [1788611578.212595388]: [sim_plan] built plan=1379 start=2742.10 horizon=15.00 frames=150 commit_frames=20[0m
[0m[INFO] [1788611578.221118484]: [sim_plan] built plan=1380 start=2744.10 horizon=15.00 frames=150 commit_frames=20[0m
[0m[INFO] [1788611578.229766114]: [sim_plan] built plan=1381 start=2746.10 horizon=15.00 frames=150 commit_frames=20[0m
[0m[INFO] [1788611578.238061147]: [sim_plan] built plan=1382 start=2748.10 horizon=15.00 frames=150 commit_frames=20[0m
[0m[INFO] [1788611578.245969647]: [sim_plan] built plan=1383 start=2750.10 horizon=15.00 frames=150 commit_frames=20[0m
[0m[INFO] [1788611578.254051265]: [sim_plan] built plan=1384 start=2752.10 horizon=15.00 frames=150 commit_frames=20[0m
[0m[INFO] [1788611578.262229918]: [sim_plan] built plan=1385 start=2754.10 horizon=15.00 frames=150 commit_frames=20[0m
[0m[INFO] [1788611578.270317907]: [sim_plan] built plan=1386 start=2756.10 horizon=15.00 frames=150 commit_frames=20[0m
[0m[INFO] [1788611578.278820402]: [sim_plan] built plan=1387 start=2758.10 horizon=15.00 frames=150 commit_frames=20[0m
[0m[INFO] [1788611578.286923512]: [sim_plan] built plan=1388 start=2760.10 horizon=15.00 frames=150 commit_frames=20[0m
[0m[INFO] [1788611578.294943914]: [sim_plan] built plan=1389 start=2762.10 horizon=15.00 frames=150 commit_frames=20[0m
[0m[INFO] [1788611578.303041653]: [sim_plan] built plan=1390 start=2764.10 horizon=15.00 frames=150 commit_frames=20[0m
[0m[INFO] [1788611578.311022040]: [sim_plan] built plan=1391 start=2766.10 horizon=15.00 frames=150 commit_frames=20[0m
[0m[INFO] [1788611578.318926372]: [sim_plan] built plan=1392 start=2768.10 horizon=15.00 frames=150 commit_frames=20[0m
[0m[INFO] [1788611578.327171480]: [sim_plan] built plan=1393 start=2770.10 horizon=15.00 frames=150 commit_frames=20[0m
[0m[INFO] [1788611578.335176573]: [sim_plan] built plan=1394 start=2772.10 horizon=15.00 frames=150 commit_frames=20[0m
[0m[INFO] [1788611578.343148373]: [sim_plan] built plan=1395 start=2774.10 horizon=15.00 frames=150 commit_frames=20[0m
[0m[INFO] [1788611578.351080208]: [sim_plan] built plan=1396 start=2776.10 horizon=15.00 frames=150 commit_frames=20[0m
[0m[INFO] [1788611578.358912935]: [sim_plan] built plan=1397 start=2778.10 horizon=15.00 frames=150 commit_frames=20[0m
[0m[INFO] [1788611578.366710064]: [sim_plan] built plan=1398 start=2780.10 horizon=15.00 frames=150 commit_frames=20[0m
[0m[INFO] [1788611578.374776313]: [sim_plan] built plan=1399 start=2782.10 horizon=15.00 frames=150 commit_frames=20[0m
[0m[INFO] [1788611578.382885995]: [sim_plan] built plan=1400 start=2784.10 horizon=15.00 frames=150 commit_frames=20[0m
[0m[INFO] [1788611578.390635334]: [sim_plan] built plan=1401 start=2786.10 horizon=15.00 frames=150 commit_frames=20[0m
[0m[INFO] [1788611578.398566888]: [sim_plan] built plan=1402 start=2788.10 horizon=15.00 frames=150 commit_frames=20[0m
[0m[INFO] [1788611578.406861880]: [sim_plan] built plan=1403 start=2790.10 horizon=15.00 frames=150 commit_frames=20[0m
[0m[INFO] [1788611578.414785810]: [sim_plan] built plan=1404 start=2792.10 horizon=15.00 frames=150 commit_frames=20[0m
[0m[INFO] [1788611578.422544015]: [sim_plan] built plan=1405 start=2794.10 horizon=15.00 frames=150 commit_frames=20[0m
[0m[INFO] [1788611578.430403623]: [sim_plan] built plan=1406 start=2796.10 horizon=15.00 frames=150 commit_frames=20[0m
[0m[INFO] [1788611578.438332302]: [sim_plan] built plan=1407 start=2798.10 horizon=15.00 frames=150 commit_frames=20[0m
[0m[INFO] [1788611578.446271310]: [sim_plan] built plan=1408 start=2800.10 horizon=15.00 frames=150 commit_frames=20[0m
[0m[INFO] [1788611578.454373587]: [sim_plan] built plan=1409 start=2802.10 horizon=15.00 frames=150 commit_frames=20[0m
[0m[INFO] [1788611578.462542659]: [sim_plan] built plan=1410 start=2804.10 horizon=15.00 frames=150 commit_frames=20[0m
[0m[INFO] [1788611578.470509051]: [sim_plan] built plan=1411 start=2806.10 horizon=15.00 frames=150 commit_frames=20[0m
[0m[INFO] [1788611578.478697331]: [sim_plan] built plan=1412 start=2808.10 horizon=15.00 frames=150 commit_frames=20[0m
[0m[INFO] [1788611578.486938412]: [sim_plan] built plan=1413 start=2810.10 horizon=15.00 frames=150 commit_frames=20[0m
[0m[INFO] [1788611578.495192296]: [sim_plan] built plan=1414 start=2812.10 horizon=15.00 frames=150 commit_frames=20[0m
[0m[INFO] [1788611578.503380606]: [sim_plan] built plan=1415 start=2814.10 horizon=15.00 frames=150 commit_frames=20[0m
[0m[INFO] [1788611578.511336186]: [sim_plan] built plan=1416 start=2816.10 horizon=15.00 frames=150 commit_frames=20[0m
[0m[INFO] [1788611578.519650714]: [sim_plan] built plan=1417 start=2818.10 horizon=15.00 frames=150 commit_frames=20[0m
[0m[INFO] [1788611578.527732642]: [sim_plan] built plan=1418 start=2820.10 horizon=15.00 frames=150 commit_frames=20[0m
[0m[INFO] [1788611578.535835872]: [sim_plan] built plan=1419 start=2822.10 horizon=15.00 frames=150 commit_frames=20[0m
[0m[INFO] [1788611578.543808834]: [sim_plan] built plan=1420 start=2824.10 horizon=15.00 frames=150 commit_frames=20[0m
[0m[INFO] [1788611578.552115499]: [sim_plan] built plan=1421 start=2826.10 horizon=15.00 frames=150 commit_frames=20[0m
[0m[INFO] [1788611578.560135482]: [sim_plan] built plan=1422 start=2828.10 horizon=15.00 frames=150 commit_frames=20[0m
[0m[INFO] [1788611578.568744469]: [sim_plan] built plan=1423 start=2830.10 horizon=15.00 frames=150 commit_frames=20[0m
[0m[INFO] [1788611578.576762746]: [sim_plan] built plan=1424 start=2832.10 horizon=15.00 frames=150 commit_frames=20[0m
[0m[INFO] [1788611578.585226860]: [sim_plan] built plan=1425 start=2834.10 horizon=15.00 frames=150 commit_frames=20[0m
[0m[INFO] [1788611578.593625357]: [sim_plan] built plan=1426 start=2836.10 horizon=15.00 frames=150 commit_frames=20[0m
[0m[INFO] [1788611578.601557003]: [sim_plan] built plan=1427 start=2838.10 horizon=15.00 frames=150 commit_frames=20[0m
[0m[INFO] [1788611578.609538902]: [sim_plan] built plan=1428 start=2840.10 horizon=15.00 frames=150 commit_frames=20[0m
[0m[INFO] [1788611578.617641058]: [sim_plan] built plan=1429 start=2842.10 horizon=15.00 frames=150 commit_frames=20[0m
[0m[INFO] [1788611578.625954096]: [sim_plan] built plan=1430 start=2844.10 horizon=15.00 frames=150 commit_frames=20[0m
[0m[INFO] [1788611578.633937957]: [sim_plan] built plan=1431 start=2846.10 horizon=15.00 frames=150 commit_frames=20[0m
[0m[INFO] [1788611578.642091674]: [sim_plan] built plan=1432 start=2848.10 horizon=15.00 frames=150 commit_frames=20[0m
[0m[INFO] [1788611578.649909370]: [sim_plan] built plan=1433 start=2850.10 horizon=15.00 frames=150 commit_frames=20[0m
[0m[INFO] [1788611578.657807874]: [sim_plan] built plan=1434 start=2852.10 horizon=15.00 frames=150 commit_frames=20[0m
[0m[INFO] [1788611578.665651000]: [sim_plan] built plan=1435 start=2854.10 horizon=15.00 frames=150 commit_frames=20[0m
[0m[INFO] [1788611578.673533511]: [sim_plan] built plan=1436 start=2856.10 horizon=15.00 frames=150 commit_frames=20[0m
[0m[INFO] [1788611578.681620538]: [sim_plan] built plan=1437 start=2858.10 horizon=15.00 frames=150 commit_frames=20[0m
[0m[INFO] [1788611578.689541965]: [sim_plan] built plan=1438 start=2860.10 horizon=15.00 frames=150 commit_frames=20[0m
[0m[INFO] [1788611578.697345685]: [sim_plan] built plan=1439 start=2862.10 horizon=15.00 frames=150 commit_frames=20[0m
[0m[INFO] [1788611578.705290263]: [sim_plan] built plan=1440 start=2864.10 horizon=15.00 frames=150 commit_frames=20[0m
[0m[INFO] [1788611578.713195328]: [sim_plan] built plan=1441 start=2866.10 horizon=15.00 frames=150 commit_frames=20[0m
[0m[INFO] [1788611578.721337430]: [sim_plan] built plan=1442 start=2868.10 horizon=15.00 frames=150 commit_frames=20[0m
[0m[INFO] [1788611578.729238586]: [sim_plan] built plan=1443 start=2870.10 horizon=15.00 frames=150 commit_frames=20[0m
[0m[INFO] [1788611578.737360272]: [sim_plan] built plan=1444 start=2872.10 horizon=15.00 frames=150 commit_frames=20[0m
[0m[INFO] [1788611578.745136822]: [sim_plan] built plan=1445 start=2874.10 horizon=15.00 frames=150 commit_frames=20[0m
[0m[INFO] [1788611578.753179746]: [sim_plan] built plan=1446 start=2876.10 horizon=15.00 frames=150 commit_frames=20[0m
[0m[INFO] [1788611578.761179320]: [sim_plan] built plan=1447 start=2878.10 horizon=15.00 frames=150 commit_frames=20[0m
[0m[INFO] [1788611578.761451766]: [batch] 28800/72000 ticks (sim_t=2880s) hard_guard=0[0m
[0m[INFO] [1788611578.769114181]: [sim_plan] built plan=1448 start=2880.10 horizon=15.00 frames=150 commit_frames=20[0m
[0m[INFO] [1788611578.777063807]: [sim_plan] built plan=1449 start=2882.10 horizon=15.00 frames=150 commit_frames=20[0m
[0m[INFO] [1788611578.784905953]: [sim_plan] built plan=1450 start=2884.10 horizon=15.00 frames=150 commit_frames=20[0m
[0m[INFO] [1788611578.792735865]: [sim_plan] built plan=1451 start=2886.10 horizon=15.00 frames=150 commit_frames=20[0m
[0m[INFO] [1788611578.800684221]: [sim_plan] built plan=1452 start=2888.10 horizon=15.00 frames=150 commit_frames=20[0m
[0m[INFO] [1788611578.808639830]: [sim_plan] built plan=1453 start=2890.10 horizon=15.00 frames=150 commit_frames=20[0m
[0m[INFO] [1788611578.817036225]: [sim_plan] built plan=1454 start=2892.10 horizon=15.00 frames=150 commit_frames=20[0m
[0m[INFO] [1788611578.825073118]: [sim_plan] built plan=1455 start=2894.10 horizon=15.00 frames=150 commit_frames=20[0m
[0m[INFO] [1788611578.833222815]: [sim_plan] built plan=1456 start=2896.10 horizon=15.00 frames=150 commit_frames=20[0m
[0m[INFO] [1788611578.841310836]: [sim_plan] built plan=1457 start=2898.10 horizon=15.00 frames=150 commit_frames=20[0m
[0m[INFO] [1788611578.849243101]: [sim_plan] built plan=1458 start=2900.10 horizon=15.00 frames=150 commit_frames=20[0m
[0m[INFO] [1788611578.857222566]: [sim_plan] built plan=1459 start=2902.10 horizon=15.00 frames=150 commit_frames=20[0m
[0m[INFO] [1788611578.865082454]: [sim_plan] built plan=1460 start=2904.10 horizon=15.00 frames=150 commit_frames=20[0m
[0m[INFO] [1788611578.873194399]: [sim_plan] built plan=1461 start=2906.10 horizon=15.00 frames=150 commit_frames=20[0m
[0m[INFO] [1788611578.881381207]: [sim_plan] built plan=1462 start=2908.10 horizon=15.00 frames=150 commit_frames=20[0m
[0m[INFO] [1788611578.889426998]: [sim_plan] built plan=1463 start=2910.10 horizon=15.00 frames=150 commit_frames=20[0m
[0m[INFO] [1788611578.897488398]: [sim_plan] built plan=1464 start=2912.10 horizon=15.00 frames=150 commit_frames=20[0m
[0m[INFO] [1788611578.905634607]: [sim_plan] built plan=1465 start=2914.10 horizon=15.00 frames=150 commit_frames=20[0m
[0m[INFO] [1788611578.913557456]: [sim_plan] built plan=1466 start=2916.10 horizon=15.00 frames=150 commit_frames=20[0m
[0m[INFO] [1788611578.921525018]: [sim_plan] built plan=1467 start=2918.10 horizon=15.00 frames=150 commit_frames=20[0m
[0m[INFO] [1788611578.929557052]: [sim_plan] built plan=1468 start=2920.10 horizon=15.00 frames=150 commit_frames=20[0m
[0m[INFO] [1788611578.937720125]: [sim_plan] built plan=1469 start=2922.10 horizon=15.00 frames=150 commit_frames=20[0m
[0m[INFO] [1788611578.945651538]: [sim_plan] built plan=1470 start=2924.10 horizon=15.00 frames=150 commit_frames=20[0m
[0m[INFO] [1788611578.953820853]: [sim_plan] built plan=1471 start=2926.10 horizon=15.00 frames=150 commit_frames=20[0m
[0m[INFO] [1788611578.962013311]: [sim_plan] built plan=1472 start=2928.10 horizon=15.00 frames=150 commit_frames=20[0m
[0m[INFO] [1788611578.970286051]: [sim_plan] built plan=1473 start=2930.10 horizon=15.00 frames=150 commit_frames=20[0m
[0m[INFO] [1788611578.978448763]: [sim_plan] built plan=1474 start=2932.10 horizon=15.00 frames=150 commit_frames=20[0m
[0m[INFO] [1788611578.986824609]: [sim_plan] built plan=1475 start=2934.10 horizon=15.00 frames=150 commit_frames=20[0m
[0m[INFO] [1788611578.995659043]: [sim_plan] built plan=1476 start=2936.10 horizon=15.00 frames=150 commit_frames=20[0m
[0m[INFO] [1788611579.004063393]: [sim_plan] built plan=1477 start=2938.10 horizon=15.00 frames=150 commit_frames=20[0m
[0m[INFO] [1788611579.012577030]: [sim_plan] built plan=1478 start=2940.10 horizon=15.00 frames=150 commit_frames=20[0m
[0m[INFO] [1788611579.020708442]: [sim_plan] built plan=1479 start=2942.10 horizon=15.00 frames=150 commit_frames=20[0m
[0m[INFO] [1788611579.029195749]: [sim_plan] built plan=1480 start=2944.10 horizon=15.00 frames=150 commit_frames=20[0m
[0m[INFO] [1788611579.037322852]: [sim_plan] built plan=1481 start=2946.10 horizon=15.00 frames=150 commit_frames=20[0m
[0m[INFO] [1788611579.045653403]: [sim_plan] built plan=1482 start=2948.10 horizon=15.00 frames=150 commit_frames=20[0m
[0m[INFO] [1788611579.054091987]: [sim_plan] built plan=1483 start=2950.10 horizon=15.00 frames=150 commit_frames=20[0m
[0m[INFO] [1788611579.062470668]: [sim_plan] built plan=1484 start=2952.10 horizon=15.00 frames=150 commit_frames=20[0m
[0m[INFO] [1788611579.070699846]: [sim_plan] built plan=1485 start=2954.10 horizon=15.00 frames=150 commit_frames=20[0m
[0m[INFO] [1788611579.079052197]: [sim_plan] built plan=1486 start=2956.10 horizon=15.00 frames=150 commit_frames=20[0m
[0m[INFO] [1788611579.087709376]: [sim_plan] built plan=1487 start=2958.10 horizon=15.00 frames=150 commit_frames=20[0m
[0m[INFO] [1788611579.096321177]: [sim_plan] built plan=1488 start=2960.10 horizon=15.00 frames=150 commit_frames=20[0m
[0m[INFO] [1788611579.104634826]: [sim_plan] built plan=1489 start=2962.10 horizon=15.00 frames=150 commit_frames=20[0m
[0m[INFO] [1788611579.112870775]: [sim_plan] built plan=1490 start=2964.10 horizon=15.00 frames=150 commit_frames=20[0m
[0m[INFO] [1788611579.121143627]: [sim_plan] built plan=1491 start=2966.10 horizon=15.00 frames=150 commit_frames=20[0m
[0m[INFO] [1788611579.129291158]: [sim_plan] built plan=1492 start=2968.10 horizon=15.00 frames=150 commit_frames=20[0m
[0m[INFO] [1788611579.137338321]: [sim_plan] built plan=1493 start=2970.10 horizon=15.00 frames=150 commit_frames=20[0m
[0m[INFO] [1788611579.145355299]: [sim_plan] built plan=1494 start=2972.10 horizon=15.00 frames=150 commit_frames=20[0m
[0m[INFO] [1788611579.153518049]: [sim_plan] built plan=1495 start=2974.10 horizon=15.00 frames=150 commit_frames=20[0m
[0m[INFO] [1788611579.161651437]: [sim_plan] built plan=1496 start=2976.10 horizon=15.00 frames=150 commit_frames=20[0m
[0m[INFO] [1788611579.169698919]: [sim_plan] built plan=1497 start=2978.10 horizon=15.00 frames=150 commit_frames=20[0m
[0m[INFO] [1788611579.177791889]: [sim_plan] built plan=1498 start=2980.10 horizon=15.00 frames=150 commit_frames=20[0m
[0m[INFO] [1788611579.185771986]: [sim_plan] built plan=1499 start=2982.10 horizon=15.00 frames=150 commit_frames=20[0m
[0m[INFO] [1788611579.194004088]: [sim_plan] built plan=1500 start=2984.10 horizon=15.00 frames=150 commit_frames=20[0m
[0m[INFO] [1788611579.202089453]: [sim_plan] built plan=1501 start=2986.10 horizon=15.00 frames=150 commit_frames=20[0m
[0m[INFO] [1788611579.210427568]: [sim_plan] built plan=1502 start=2988.10 horizon=15.00 frames=150 commit_frames=20[0m
[0m[INFO] [1788611579.218367419]: [sim_plan] built plan=1503 start=2990.10 horizon=15.00 frames=150 commit_frames=20[0m
[0m[INFO] [1788611579.226322045]: [sim_plan] built plan=1504 start=2992.10 horizon=15.00 frames=150 commit_frames=20[0m
[0m[INFO] [1788611579.234349592]: [sim_plan] built plan=1505 start=2994.10 horizon=15.00 frames=150 commit_frames=20[0m
[0m[INFO] [1788611579.242423787]: [sim_plan] built plan=1506 start=2996.10 horizon=15.00 frames=150 commit_frames=20[0m
[0m[INFO] [1788611579.250468685]: [sim_plan] built plan=1507 start=2998.10 horizon=15.00 frames=150 commit_frames=20[0m
[0m[INFO] [1788611579.258662314]: [sim_plan] built plan=1508 start=3000.10 horizon=15.00 frames=150 commit_frames=20[0m
[0m[INFO] [1788611579.266786313]: [sim_plan] built plan=1509 start=3002.10 horizon=15.00 frames=150 commit_frames=20[0m
[0m[INFO] [1788611579.274582380]: [sim_plan] built plan=1510 start=3004.10 horizon=15.00 frames=150 commit_frames=20[0m
[0m[INFO] [1788611579.282717920]: [sim_plan] built plan=1511 start=3006.10 horizon=15.00 frames=150 commit_frames=20[0m
[0m[INFO] [1788611579.290953171]: [sim_plan] built plan=1512 start=3008.10 horizon=15.00 frames=150 commit_frames=20[0m
[0m[INFO] [1788611579.299029940]: [sim_plan] built plan=1513 start=3010.10 horizon=15.00 frames=150 commit_frames=20[0m
[0m[INFO] [1788611579.307023951]: [sim_plan] built plan=1514 start=3012.10 horizon=15.00 frames=150 commit_frames=20[0m
[0m[INFO] [1788611579.315209847]: [sim_plan] built plan=1515 start=3014.10 horizon=15.00 frames=150 commit_frames=20[0m
[0m[INFO] [1788611579.323311984]: [sim_plan] built plan=1516 start=3016.10 horizon=15.00 frames=150 commit_frames=20[0m
[0m[INFO] [1788611579.331245201]: [sim_plan] built plan=1517 start=3018.10 horizon=15.00 frames=150 commit_frames=20[0m
[0m[INFO] [1788611579.339570723]: [sim_plan] built plan=1518 start=3020.10 horizon=15.00 frames=150 commit_frames=20[0m
[0m[INFO] [1788611579.348026648]: [sim_plan] built plan=1519 start=3022.10 horizon=15.00 frames=150 commit_frames=20[0m
[0m[INFO] [1788611579.356289602]: [sim_plan] built plan=1520 start=3024.10 horizon=15.00 frames=150 commit_frames=20[0m
[0m[INFO] [1788611579.364283264]: [sim_plan] built plan=1521 start=3026.10 horizon=15.00 frames=150 commit_frames=20[0m
[0m[INFO] [1788611579.372605265]: [sim_plan] built plan=1522 start=3028.10 horizon=15.00 frames=150 commit_frames=20[0m
[0m[INFO] [1788611579.380857938]: [sim_plan] built plan=1523 start=3030.10 horizon=15.00 frames=150 commit_frames=20[0m
[0m[INFO] [1788611579.388890223]: [sim_plan] built plan=1524 start=3032.10 horizon=15.00 frames=150 commit_frames=20[0m
[0m[INFO] [1788611579.396849240]: [sim_plan] built plan=1525 start=3034.10 horizon=15.00 frames=150 commit_frames=20[0m
[0m[INFO] [1788611579.405591099]: [sim_plan] built plan=1526 start=3036.10 horizon=15.00 frames=150 commit_frames=20[0m
[0m[INFO] [1788611579.413525978]: [sim_plan] built plan=1527 start=3038.10 horizon=15.00 frames=150 commit_frames=20[0m
[0m[INFO] [1788611579.421829476]: [sim_plan] built plan=1528 start=3040.10 horizon=15.00 frames=150 commit_frames=20[0m
[0m[INFO] [1788611579.429838729]: [sim_plan] built plan=1529 start=3042.10 horizon=15.00 frames=150 commit_frames=20[0m
[0m[INFO] [1788611579.438189796]: [sim_plan] built plan=1530 start=3044.10 horizon=15.00 frames=150 commit_frames=20[0m
[0m[INFO] [1788611579.446428251]: [sim_plan] built plan=1531 start=3046.10 horizon=15.00 frames=150 commit_frames=20[0m
[0m[INFO] [1788611579.455816895]: [sim_plan] built plan=1532 start=3048.10 horizon=15.00 frames=150 commit_frames=20[0m
[0m[INFO] [1788611579.464061112]: [sim_plan] built plan=1533 start=3050.10 horizon=15.00 frames=150 commit_frames=20[0m
[0m[INFO] [1788611579.472363879]: [sim_plan] built plan=1534 start=3052.10 horizon=15.00 frames=150 commit_frames=20[0m
[0m[INFO] [1788611579.480768289]: [sim_plan] built plan=1535 start=3054.10 horizon=15.00 frames=150 commit_frames=20[0m
[0m[INFO] [1788611579.488713659]: [sim_plan] built plan=1536 start=3056.10 horizon=15.00 frames=150 commit_frames=20[0m
[0m[INFO] [1788611579.497166600]: [sim_plan] built plan=1537 start=3058.10 horizon=15.00 frames=150 commit_frames=20[0m
[0m[INFO] [1788611579.505316558]: [sim_plan] built plan=1538 start=3060.10 horizon=15.00 frames=150 commit_frames=20[0m
[0m[INFO] [1788611579.513533823]: [sim_plan] built plan=1539 start=3062.10 horizon=15.00 frames=150 commit_frames=20[0m
[0m[INFO] [1788611579.523836779]: [sim_plan] built plan=1540 start=3064.10 horizon=15.00 frames=150 commit_frames=20[0m
[0m[INFO] [1788611579.531929709]: [sim_plan] built plan=1541 start=3066.10 horizon=15.00 frames=150 commit_frames=20[0m
[0m[INFO] [1788611579.540118582]: [sim_plan] built plan=1542 start=3068.10 horizon=15.00 frames=150 commit_frames=20[0m
[0m[INFO] [1788611579.548421017]: [sim_plan] built plan=1543 start=3070.10 horizon=15.00 frames=150 commit_frames=20[0m
[0m[INFO] [1788611579.556408497]: [sim_plan] built plan=1544 start=3072.10 horizon=15.00 frames=150 commit_frames=20[0m
[0m[INFO] [1788611579.564385036]: [sim_plan] built plan=1545 start=3074.10 horizon=15.00 frames=150 commit_frames=20[0m
[0m[INFO] [1788611579.572288066]: [sim_plan] built plan=1546 start=3076.10 horizon=15.00 frames=150 commit_frames=20[0m
[0m[INFO] [1788611579.580738042]: [sim_plan] built plan=1547 start=3078.10 horizon=15.00 frames=150 commit_frames=20[0m
[0m[INFO] [1788611579.588885785]: [sim_plan] built plan=1548 start=3080.10 horizon=15.00 frames=150 commit_frames=20[0m
[0m[INFO] [1788611579.597005356]: [sim_plan] built plan=1549 start=3082.10 horizon=15.00 frames=150 commit_frames=20[0m
[0m[INFO] [1788611579.605355713]: [sim_plan] built plan=1550 start=3084.10 horizon=15.00 frames=150 commit_frames=20[0m
[0m[INFO] [1788611579.613558501]: [sim_plan] built plan=1551 start=3086.10 horizon=15.00 frames=150 commit_frames=20[0m
[0m[INFO] [1788611579.621828027]: [sim_plan] built plan=1552 start=3088.10 horizon=15.00 frames=150 commit_frames=20[0m
[0m[INFO] [1788611579.629974416]: [sim_plan] built plan=1553 start=3090.10 horizon=15.00 frames=150 commit_frames=20[0m
[0m[INFO] [1788611579.637911009]: [sim_plan] built plan=1554 start=3092.10 horizon=15.00 frames=150 commit_frames=20[0m
[0m[INFO] [1788611579.645896836]: [sim_plan] built plan=1555 start=3094.10 horizon=15.00 frames=150 commit_frames=20[0m
[0m[INFO] [1788611579.653957296]: [sim_plan] built plan=1556 start=3096.10 horizon=15.00 frames=150 commit_frames=20[0m
[0m[INFO] [1788611579.662051829]: [sim_plan] built plan=1557 start=3098.10 horizon=15.00 frames=150 commit_frames=20[0m
[0m[INFO] [1788611579.670198739]: [sim_plan] built plan=1558 start=3100.10 horizon=15.00 frames=150 commit_frames=20[0m
[0m[INFO] [1788611579.678387590]: [sim_plan] built plan=1559 start=3102.10 horizon=15.00 frames=150 commit_frames=20[0m
[0m[INFO] [1788611579.686191374]: [sim_plan] built plan=1560 start=3104.10 horizon=15.00 frames=150 commit_frames=20[0m
[0m[INFO] [1788611579.694104212]: [sim_plan] built plan=1561 start=3106.10 horizon=15.00 frames=150 commit_frames=20[0m
[0m[INFO] [1788611579.702141607]: [sim_plan] built plan=1562 start=3108.10 horizon=15.00 frames=150 commit_frames=20[0m
[0m[INFO] [1788611579.710192115]: [sim_plan] built plan=1563 start=3110.10 horizon=15.00 frames=150 commit_frames=20[0m
[0m[INFO] [1788611579.718733333]: [sim_plan] built plan=1564 start=3112.10 horizon=15.00 frames=150 commit_frames=20[0m
[0m[INFO] [1788611579.726716266]: [sim_plan] built plan=1565 start=3114.10 horizon=15.00 frames=150 commit_frames=20[0m
[0m[INFO] [1788611579.734942418]: [sim_plan] built plan=1566 start=3116.10 horizon=15.00 frames=150 commit_frames=20[0m
[0m[INFO] [1788611579.742869993]: [sim_plan] built plan=1567 start=3118.10 horizon=15.00 frames=150 commit_frames=20[0m
[0m[INFO] [1788611579.750973815]: [sim_plan] built plan=1568 start=3120.10 horizon=15.00 frames=150 commit_frames=20[0m
[0m[INFO] [1788611579.758804537]: [sim_plan] built plan=1569 start=3122.10 horizon=15.00 frames=150 commit_frames=20[0m
[0m[INFO] [1788611579.766609642]: [sim_plan] built plan=1570 start=3124.10 horizon=15.00 frames=150 commit_frames=20[0m
[0m[INFO] [1788611579.774964038]: [sim_plan] built plan=1571 start=3126.10 horizon=15.00 frames=150 commit_frames=20[0m
[0m[INFO] [1788611579.783243389]: [sim_plan] built plan=1572 start=3128.10 horizon=15.00 frames=150 commit_frames=20[0m
[0m[INFO] [1788611579.791404599]: [sim_plan] built plan=1573 start=3130.10 horizon=15.00 frames=150 commit_frames=20[0m
[0m[INFO] [1788611579.799709591]: [sim_plan] built plan=1574 start=3132.10 horizon=15.00 frames=150 commit_frames=20[0m
[0m[INFO] [1788611579.808083762]: [sim_plan] built plan=1575 start=3134.10 horizon=15.00 frames=150 commit_frames=20[0m
[0m[INFO] [1788611579.816286660]: [sim_plan] built plan=1576 start=3136.10 horizon=15.00 frames=150 commit_frames=20[0m
[0m[INFO] [1788611579.824371946]: [sim_plan] built plan=1577 start=3138.10 horizon=15.00 frames=150 commit_frames=20[0m
[0m[INFO] [1788611579.832530891]: [sim_plan] built plan=1578 start=3140.10 horizon=15.00 frames=150 commit_frames=20[0m
[0m[INFO] [1788611579.841534524]: [sim_plan] built plan=1579 start=3142.10 horizon=15.00 frames=150 commit_frames=20[0m
[0m[INFO] [1788611579.849499413]: [sim_plan] built plan=1580 start=3144.10 horizon=15.00 frames=150 commit_frames=20[0m
[0m[INFO] [1788611579.857640895]: [sim_plan] built plan=1581 start=3146.10 horizon=15.00 frames=150 commit_frames=20[0m
[0m[INFO] [1788611579.865606974]: [sim_plan] built plan=1582 start=3148.10 horizon=15.00 frames=150 commit_frames=20[0m
[0m[INFO] [1788611579.873685085]: [sim_plan] built plan=1583 start=3150.10 horizon=15.00 frames=150 commit_frames=20[0m
[0m[INFO] [1788611579.882022799]: [sim_plan] built plan=1584 start=3152.10 horizon=15.00 frames=150 commit_frames=20[0m
[0m[INFO] [1788611579.890170823]: [sim_plan] built plan=1585 start=3154.10 horizon=15.00 frames=150 commit_frames=20[0m
[0m[INFO] [1788611579.898292255]: [sim_plan] built plan=1586 start=3156.10 horizon=15.00 frames=150 commit_frames=20[0m
[0m[INFO] [1788611579.906248347]: [sim_plan] built plan=1587 start=3158.10 horizon=15.00 frames=150 commit_frames=20[0m
[0m[INFO] [1788611579.914311310]: [sim_plan] built plan=1588 start=3160.10 horizon=15.00 frames=150 commit_frames=20[0m
[0m[INFO] [1788611579.922170036]: [sim_plan] built plan=1589 start=3162.10 horizon=15.00 frames=150 commit_frames=20[0m
[0m[INFO] [1788611579.930136326]: [sim_plan] built plan=1590 start=3164.10 horizon=15.00 frames=150 commit_frames=20[0m
[0m[INFO] [1788611579.938266324]: [sim_plan] built plan=1591 start=3166.10 horizon=15.00 frames=150 commit_frames=20[0m
[0m[INFO] [1788611579.946258194]: [sim_plan] built plan=1592 start=3168.10 horizon=15.00 frames=150 commit_frames=20[0m
[0m[INFO] [1788611579.953943872]: [sim_plan] built plan=1593 start=3170.10 horizon=15.00 frames=150 commit_frames=20[0m
[0m[INFO] [1788611579.961725472]: [sim_plan] built plan=1594 start=3172.10 horizon=15.00 frames=150 commit_frames=20[0m
[0m[INFO] [1788611579.969484229]: [sim_plan] built plan=1595 start=3174.10 horizon=15.00 frames=150 commit_frames=20[0m
[0m[INFO] [1788611579.977234710]: [sim_plan] built plan=1596 start=3176.10 horizon=15.00 frames=150 commit_frames=20[0m
[0m[INFO] [1788611579.985482603]: [sim_plan] built plan=1597 start=3178.10 horizon=15.00 frames=150 commit_frames=20[0m
[0m[INFO] [1788611579.993455836]: [sim_plan] built plan=1598 start=3180.10 horizon=15.00 frames=150 commit_frames=20[0m
[0m[INFO] [1788611580.001362443]: [sim_plan] built plan=1599 start=3182.10 horizon=15.00 frames=150 commit_frames=20[0m
[0m[INFO] [1788611580.009099949]: [sim_plan] built plan=1600 start=3184.10 horizon=15.00 frames=150 commit_frames=20[0m
[0m[INFO] [1788611580.017034709]: [sim_plan] built plan=1601 start=3186.10 horizon=15.00 frames=150 commit_frames=20[0m
[0m[INFO] [1788611580.024719024]: [sim_plan] built plan=1602 start=3188.10 horizon=15.00 frames=150 commit_frames=20[0m
[0m[INFO] [1788611580.032507436]: [sim_plan] built plan=1603 start=3190.10 horizon=15.00 frames=150 commit_frames=20[0m
[0m[INFO] [1788611580.040109576]: [sim_plan] built plan=1604 start=3192.10 horizon=15.00 frames=150 commit_frames=20[0m
[0m[INFO] [1788611580.047954025]: [sim_plan] built plan=1605 start=3194.10 horizon=15.00 frames=150 commit_frames=20[0m
[0m[INFO] [1788611580.055811449]: [sim_plan] built plan=1606 start=3196.10 horizon=15.00 frames=150 commit_frames=20[0m
[0m[INFO] [1788611580.063656128]: [sim_plan] built plan=1607 start=3198.10 horizon=15.00 frames=150 commit_frames=20[0m
[0m[INFO] [1788611580.071410647]: [sim_plan] built plan=1608 start=3200.10 horizon=15.00 frames=150 commit_frames=20[0m
[0m[INFO] [1788611580.079432684]: [sim_plan] built plan=1609 start=3202.10 horizon=15.00 frames=150 commit_frames=20[0m
[0m[INFO] [1788611580.087102231]: [sim_plan] built plan=1610 start=3204.10 horizon=15.00 frames=150 commit_frames=20[0m
[0m[INFO] [1788611580.095163391]: [sim_plan] built plan=1611 start=3206.10 horizon=15.00 frames=150 commit_frames=20[0m
[0m[INFO] [1788611580.102915766]: [sim_plan] built plan=1612 start=3208.10 horizon=15.00 frames=150 commit_frames=20[0m
[0m[INFO] [1788611580.111057778]: [sim_plan] built plan=1613 start=321[33m[WARN] [1788611592.163326484]: [DIAG cycle] 等待图检测到环 V0->V1 —— 严格全序下本不该出现,疑为 slot 资源前置约束成环(循环占位)。暂由破环逃生兜底。[0m
0.10 horizon=15.00 frames=150 commit_frames=20[0m
[0m[INFO] [1788611580.119977454]: [sim_plan] built plan=1614 start=3212.10 horizon=15.00 frames=150 commit_frames=20[0m
[0m[INFO] [1788611580.128046378]: [sim_plan] built plan=1615 start=3214.10 horizon=15.00 frames=150 commit_frames=20[0m
[0m[INFO] [1788611580.136078954]: [sim_plan] built plan=1616 start=3216.10 horizon=15.00 frames=150 commit_frames=20[0m
[0m[INFO] [1788611580.144415034]: [sim_plan] built plan=1617 start=3218.10 horizon=15.00 frames=150 commit_frames=20[0m
[0m[INFO] [1788611580.152923621]: [sim_plan] built plan=1618 start=3220.10 horizon=15.00 frames=150 commit_frames=20[0m
[0m[INFO] [1788611580.161117131]: [sim_plan] built plan=1619 start=3222.10 horizon=15.00 frames=150 commit_frames=20[0m
[0m[INFO] [1788611580.170253195]: [sim_plan] built plan=1620 start=3224.10 horizon=15.00 frames=150 commit_frames=20[0m
[0m[INFO] [1788611580.178430216]: [sim_plan] built plan=1621 start=3226.10 horizon=15.00 frames=150 commit_frames=20[0m
[0m[INFO] [1788611592.168294046]: [sim_plan] built plan=1622 start=3228.10 horizon=15.00 frames=150 commit_frames=20[0m
[0m[INFO] [1788611592.177198231]: [sim_plan] built plan=1623 start=3230.10 horizon=15.00 frames=150 commit_frames=20[0m
[0m[INFO] [1788611592.185339321]: [sim_plan] built plan=1624 start=3232.10 horizon=15.00 frames=150 commit_frames=20[0m
[0m[INFO] [1788611592.193451828]: [sim_plan] built plan=1625 start=3234.10 horizon=15.00 frames=150 commit_frames=20[0m
[0m[INFO] [1788611592.201664296]: [sim_plan] built plan=1626 start=3236.10 horizon=15.00 frames=150 commit_frames=20[0m
[0m[INFO] [1788611592.210003521]: [sim_plan] built plan=1627 start=3238.10 horizon=15.00 frames=150 commit_frames=20[0m
[0m[INFO] [1788611592.218118572]: [sim_plan] built plan=1628 start=3240.10 horizon=15.00 frames=150 commit_frames=20[0m
[0m[INFO] [1788611592.227568733]: [sim_plan] built plan=1629 start=3242.10 horizon=15.00 frames=150 commit_frames=20[0m
[0m[INFO] [1788611592.236855384]: [sim_plan] built plan=1630 start=3244.10 horizon=15.00 frames=150 commit_frames=20[0m
[0m[INFO] [1788611592.245029328]: [sim_plan] built plan=1631 start=3246.10 horizon=15.00 frames=150 commit_frames=20[0m
[0m[INFO] [1788611592.252976410]: [sim_plan] built plan=1632 start=3248.10 horizon=15.00 frames=150 commit_frames=20[0m
[0m[INFO] [1788611592.261328132]: [sim_plan] built plan=1633 start=3250.10 horizon=15.00 frames=150 commit_frames=20[0m
[0m[INFO] [1788611592.269477769]: [sim_plan] built plan=1634 start=3252.10 horizon=15.00 frames=150 commit_frames=20[0m
[0m[INFO] [1788611592.277617817]: [sim_plan] built plan=1635 start=3254.10 horizon=15.00 frames=150 commit_frames=20[0m
[0m[INFO] [1788611592.285695288]: [sim_plan] built plan=1636 start=3256.10 horizon=15.00 frames=150 commit_frames=20[0m
[0m[INFO] [1788611592.293786875]: [sim_plan] built plan=1637 start=3258.10 horizon=15.00 frames=150 commit_frames=20[0m
[0m[INFO] [1788611592.301752792]: [sim_plan] built plan=1638 start=3260.10 horizon=15.00 frames=150 commit_frames=20[0m
[0m[INFO] [1788611592.309933559]: [sim_plan] built plan=1639 start=3262.10 horizon=15.00 frames=150 commit_frames=20[0m
[0m[INFO] [1788611592.317932151]: [sim_plan] built plan=1640 start=3264.10 horizon=15.00 frames=150 commit_frames=20[0m
[0m[INFO] [1788611592.325798951]: [sim_plan] built plan=1641 start=3266.10 horizon=15.00 frames=150 commit_frames=20[0m
[0m[INFO] [1788611592.333919172]: [sim_plan] built plan=1642 start=3268.10 horizon=15.00 frames=150 commit_frames=20[0m
[0m[INFO] [1788611592.342173540]: [sim_plan] built plan=1643 start=3270.10 horizon=15.00 frames=150 commit_frames=20[0m
[0m[INFO] [1788611592.351160312]: [sim_plan] built plan=1644 start=3272.10 horizon=15.00 frames=150 commit_frames=20[0m
[0m[INFO] [1788611592.359340027]: [sim_plan] built plan=1645 start=3274.10 horizon=15.00 frames=150 commit_frames=20[0m
[0m[INFO] [1788611592.367600023]: [sim_plan] built plan=1646 start=3276.10 horizon=15.00 frames=150 commit_frames=20[0m
[0m[INFO] [1788611[33m[WARN] [1788611580.458911632]: [DIAG cycle] 等待图检测到环 V0->V1 —— 严格全序下本不该出现,疑为 slot 资源前置约束成环(循环占位)。暂由破环逃生兜底。[0m
592.376041773]: [sim_plan] built plan=1647 start=3278.10 horizon=15.00 frames=150 commit_frames=20[0m
[0m[INFO] [1788611592.384583934]: [sim_plan] built plan=1648 start=3280.10 horizon=15.00 frames=150 commit_frames=20[0m
[0m[INFO] [1788611592.392738350]: [sim_plan] built plan=1649 start=3282.10 horizon=15.00 frames=150 commit_frames=20[0m
[0m[INFO] [1788611592.400574132]: [sim_plan] built plan=1650 start=3284.10 horizon=15.00 frames=150 commit_frames=20[0m
[0m[INFO] [1788611592.408719842]: [sim_plan] built plan=1651 start=3286.10 horizon=15.00 frames=150 commit_frames=20[0m
[0m[INFO] [1788611592.416944301]: [sim_plan] built plan=1652 start=3288.10 horizon=15.00 frames=150 commit_frames=20[0m
[0m[INFO] [1788611592.424855166]: [sim_plan] built plan=1653 start=3290.10 horizon=15.00 frames=150 commit_frames=20[0m
[0m[INFO] [1788611592.433839414]: [sim_plan] built plan=1654 start=3292.10 horizon=15.00 frames=150 commit_frames=20[0m
[0m[INFO] [1788611592.441754447]: [sim_plan] built plan=1655 start=3294.10 horizon=15.00 frames=150 commit_frames=20[0m
[0m[INFO] [1788611592.450081800]: [sim_plan] built plan=1656 start=3296.10 horizon=15.00 frames=150 commit_frames=20[0m
[0m[INFO] [1788611580.463777279]: [sim_plan] built plan=1657 start=3298.10 horizon=15.00 frames=150 commit_frames=20[0m
[0m[INFO] [1788611580.472425791]: [sim_plan] built plan=1658 start=3300.10 horizon=15.00 frames=150 commit_frames=20[0m
[0m[INFO] [1788611580.480529832]: [sim_plan] built plan=1659 start=3302.10 horizon=15.00 frames=150 commit_frames=20[0m
[0m[INFO] [1788611580.489254207]: [sim_plan] built plan=1660 start=3304.10 horizon=15.00 frames=150 commit_frames=20[0m
[0m[INFO] [1788611580.497216530]: [sim_plan] built plan=1661 start=3306.10 horizon=15.00 frames=150 commit_frames=20[0m
[0m[INFO] [1788611580.506024835]: [sim_plan] built plan=1662 start=3308.10 horizon=15.00 frames=150 commit_frames=20[0m
[0m[INFO] [1788611580.514308135]: [sim_plan] built plan=1663 start=3310.10 horizon=15.00 frames=150 commit_frames=20[0m
[0m[INFO] [1788611580.522335761]: [sim_plan] built plan=1664 start=3312.10 horizon=15.00 frames=150 commit_frames=20[0m
[0m[INFO] [1788611580.531684499]: [sim_plan] built plan=1665 start=3314.10 horizon=15.00 frames=150 commit_frames=20[0m
[0m[INFO] [1788611580.540157840]: [sim_plan] built plan=1666 start=3316.10 horizon=15.00 frames=150 commit_frames=20[0m
[0m[INFO] [1788611580.548234368]: [sim_plan] built plan=1667 start=3318.10 horizon=15.00 frames=150 commit_frames=20[0m
[0m[INFO] [1788611580.556849978]: [sim_plan] built plan=1668 start=3320.10 horizon=15.00 frames=150 commit_frames=20[0m
[0m[INFO] [1788611580.565357172]: [sim_plan] built plan=1669 start=3322.10 horizon=15.00 frames=150 commit_frames=20[0m
[0m[INFO] [1788611580.574149767]: [sim_plan] built plan=1670 start=3324.10 horizon=15.00 frames=150 commit_frames=20[0m
[0m[INFO] [1788611580.582425713]: [sim_plan] built plan=1671 start=3326.10 horizon=15.00 frames=150 commit_frames=20[0m
[0m[INFO] [1788611580.592125046]: [sim_plan] built plan=1672 start=3328.10 horizon=15.00 frames=150 commit_frames=20[0m
[0m[INFO] [1788611580.600381436]: [sim_plan] built plan=1673 start=3330.10 horizon=15.00 frames=150 commit_frames=20[0m
[0m[INFO] [1788611580.609826677]: [sim_plan] built plan=1674 start=3332.10 horizon=15.00 frames=150 commit_frames=20[0m
[0m[INFO] [1788611580.618497571]: [sim_plan] built plan=1675 start=3334.10 horizon=15.00 frames=150 commit_frames=20[0m
[0m[INFO] [1788611580.627626423]: [sim_plan] built plan=1676 start=3336.10 horizon=15.00 frames=150 commit_frames=20[0m
[0m[INFO] [1788611580.635687843]: [sim_plan] built plan=1677 start=3338.10 horizon=15.00 frames=150 commit_frames=20[0m
[0m[INFO] [1788611580.643674321]: [sim_plan] built plan=1678 start=3340.10 horizon=15.00 frames=150 commit_frames=20[0m
[0m[INFO] [1788611580.651718529]: [sim_plan] built plan=1679 start=3342.10 horizon=15.00 frames=150 commit_frames=20[0m
[0m[INFO] [1788611580.660100996]: [sim_plan] built plan=1680 start=3344.10 horizon=15.00 frames=150 commit_frames=20[0m
[0m[INFO] [1788611580.668354681]: [sim_plan] built plan=1681 start=3346.10 horizon=15.00 frames=150 commit_frames=20[0m
[0m[INFO] [1788611580.676710599]: [sim_plan] built plan=1682 start=3348.10 horizon=15.00 frames=150 commit_frames=20[0m
[0m[INFO] [1788611580.685040297]: [sim_plan] built plan=1683 start=3350.10 horizon=15.00 frames=150 commit_frames=20[0m
[0m[INFO] [1788611580.693378361]: [sim_plan] built plan=1684 start=3352.10 horizon=15.00 frames=150 commit_frames=20[0m
[0m[INFO] [1788611580.701947673]: [sim_plan] built plan=1685 start=3354.10 horizon=15.00 frames=150 commit_frames=20[0m
[0m[INFO] [1788611580.710290696]: [sim_plan] built plan=1686 start=3356.10 horizon=15.00 frames=150 commit_frames=20[0m
[0m[INFO] [1788611580.718428681]: [sim_plan] built plan=1687 start=3358.10 horizon=15.00 frames=150 commit_frames=20[0m
[0m[INFO] [1788611580.726756736]: [sim_plan] built plan=1688 start=3360.10 horizon=15.00 frames=150 commit_frames=20[0m
[0m[INFO] [1788611580.734805833]: [sim_plan] built plan=1689 start=3362.10 horizon=15.00 frames=150 commit_frames=20[0m
[0m[INFO] [1788611580.742906507]: [sim_plan] built plan=1690 start=3364.10 horizon=15.00 frames=150 commit_frames=20[0m
[0m[INFO] [1788611580.750748732]: [sim_plan] built plan=1691 start=3366.10 horizon=15.00 frames=150 commit_frames=20[0m
[0m[INFO] [1788611580.758693401]: [sim_plan] built plan=1692 start=3368.10 horizon=15.00 frames=150 commit_frames=20[0m
[0m[INFO] [1788611580.767144609]: [sim_plan] built plan=1693 start=3370.10 horizon=15.00 frames=150 commit_frames=20[0m
[0m[INFO] [1788611580.775537577]: [sim_plan] built plan=1694 start=3372.10 horizon=15.00 frames=150 commit_frames=20[0m
[0m[INFO] [1788611580.783582416]: [sim_plan] built plan=1695 start=3374.10 horizon=15.00 frames=150 commit_frames=20[0m
[0m[INFO] [1788611580.791840668]: [sim_plan] built plan=1696 start=3376.10 horizon=15.00 frames=150 commit_frames=20[0m
[0m[INFO] [1788611580.799728841]: [sim_plan] built plan=1697 start=3378.10 horizon=15.00 frames=150 commit_frames=20[0m
[0m[INFO] [1788611580.808609062]: [sim_plan] built plan=1698 start=3380.10 horizon=15.00 frames=150 commit_frames=20[0m
[0m[INFO] [1788611580.817634167]: [sim_plan] built plan=1699 start=3382.10 horizon=15.00 frames=150 commit_frames=20[0m
[0m[INFO] [1788611580.826004863]: [sim_plan] built plan=1700 start=3384.10 horizon=15.00 frames=150 commit_frames=20[0m
[0m[INFO] [1788611580.836936620]: [sim_plan] built plan=1701 start=3386.10 horizon=15.00 frames=150 commit_frames=20[0m
[0m[INFO] [1788611580.845294652]: [sim_plan] built plan=1702 start=3388.10 horizon=15.00 frames=150 commit_frames=20[0m
[0m[INFO] [1788611580.853242747]: [sim_plan] built plan=1703 start=3390.10 horizon=15.00 frames=150 commit_frames=20[0m
[0m[INFO] [1788611580.865060552]: [sim_plan] built plan=1704 start=3392.10 horizon=15.00 frames=150 commit_frames=20[0m
[0m[INFO] [1788611580.873086275]: [sim_plan] built plan=1705 start=3394.10 horizon=15.00 frames=150 commit_frames=20[0m
[0m[INFO] [1788611580.880970028]: [sim_plan] built plan=1706 start=3396.10 horizon=15.00 frames=150 commit_frames=20[0m
[0m[INFO] [1788611580.888813515]: [sim_plan] built plan=1707 start=3398.10 horizon=15.00 frames=150 commit_frames=20[0m
[0m[INFO] [1788611580.897407254]: [sim_plan] built plan=1708 start=3400.10 horizon=15.00 frames=150 commit_frames=20[0m
[0m[INFO] [1788611580.906752806]: [sim_plan] built plan=1709 start=3402.10 horizon=15.00 frames=150 commit_frames=20[0m
[0m[INFO] [1788611580.914958930]: [sim_plan] built plan=1710 start=3404.10 horizon=15.00 frames=150 commit_frames=20[0m
[0m[INFO] [1788611580.922769906]: [sim_plan] built plan=1711 start=3406.10 horizon=15.00 frames=150 commit_frames=20[0m
[0m[INFO] [1788611580.930591361]: [sim_plan] built plan=1712 start=3408.10 horizon=15.00 frames=150 commit_frames=20[0m
[0m[INFO] [1788611580.938414019]: [sim_plan] built plan=1713 start=3410.10 horizon=15.00 frames=150 commit_frames=20[0m
[0m[INFO] [1788611580.946287333]: [sim_plan] built plan=1714 start=3412.10 horizon=15.00 frames=150 commit_frames=20[0m
[0m[INFO] [1788611580.954436018]: [sim_plan] built plan=1715 start=3414.10 horizon=15.00 frames=150 commit_frames=20[0m
[0m[INFO] [1788611580.962235091]: [sim_plan] built plan=1716 start=3416.10 horizon=15.00 frames=150 commit_frames=20[0m
[0m[INFO] [1788611580.970781259]: [sim_plan] built plan=1717 start=3418.10 horizon=15.00 frames=150 commit_frames=20[0m
[0m[INFO] [1788611580.978946907]: [sim_plan] built plan=1718 start=3420.10 horizon=15.00 frames=150 commit_frames=20[0m
[0m[INFO] [1788611580.986603991]: [sim_plan] built plan=1719 start=3422.10 horizon=15.00 frames=150 commit_frames=20[0m
[0m[INFO] [1788611580.994633521]: [sim_plan] built plan=1720 start=3424.10 horizon=15.00 frames=150 commit_frames=20[0m
[0m[INFO] [1788611581.002541049]: [sim_plan] built plan=1721 start=3426.10 horizon=15.00 frames=150 commit_frames=20[0m
[0m[INFO] [1788611581.010549569]: [sim_plan] built plan=1722 start=3428.10 horizon=15.00 frames=150 commit_frames=20[0m
[0m[INFO] [1788611581.018558239]: [sim_plan] built plan=1723 start=3430.10 horizon=15.00 frames=150 commit_frames=20[0m
[0m[INFO] [1788611581.026452412]: [sim_plan] built plan=1724 start=3432.10 horizon=15.00 frames=150 commit_frames=20[0m
[0m[INFO] [1788611581.036132257]: [sim_plan] built plan=1725 start=3434.10 horizon=15.00 frames=150 commit_frames=20[0m
[0m[INFO] [1788611581.044346808]: [sim_plan] built plan=1726 start=3436.10 horizon=15.00 frames=150 commit_frames=20[0m
[0m[INFO] [1788611581.052197598]: [sim_plan] built plan=1727 start=3438.10 horizon=15.00 frames=150 commit_frames=20[0m
[0m[INFO] [1788611581.060232338]: [sim_plan] built plan=1728 start=3440.10 horizon=15.00 frames=150 commit_frames=20[0m
[0m[INFO] [1788611581.068404047]: [sim_plan] built plan=1729 start=3442.10 horizon=15.00 frames=150 commit_frames=20[0m
[0m[INFO] [1788611581.076392408]: [sim_plan] built plan=1730 start=3444.10 horizon=15.00 frames=150 commit_frames=20[0m
[0m[INFO] [1788611581.084405818]: [sim_plan] built plan=1731 start=3446.10 horizon=15.00 frames=150 commit_frames=20[0m
[0m[INFO] [1788611581.092147733]: [sim_plan] built plan=1732 start=3448.10 horizon=15.00 frames=150 commit_frames=20[0m
[0m[INFO] [1788611581.099863738]: [sim_plan] built plan=1733 start=3450.10 horizon=15.00 frames=150 commit_frames=20[0m
[0m[INFO] [1788611581.107828645]: [sim_plan] built plan=1734 start=3452.10 horizon=15.00 frames=150 commit_frames=20[0m
[0m[INFO] [1788611581.115687752]: [sim_plan] built plan=1735 start=3454.10 horizon=15.00 frames=150 commit_frames=20[0m
[0m[INFO] [1788611581.123504609]: [sim_plan] built plan=1736 start=3456.10 horizon=15.00 frames=150 commit_frames=20[0m
[0m[INFO] [1788611581.131161813]: [sim_plan] built plan=1737 start=3458.10 horizon=15.00 frames=150 commit_frames=20[0m
[0m[INFO] [1788611581.139525005]: [sim_plan] built plan=1738 start=3460.10 horizon=15.00 frames=150 commit_frames=20[0m
[0m[INFO] [1788611581.147193350]: [sim_plan] built plan=1739 start=3462.10 horizon=15.00 frames=150 commit_frames=20[0m
[0m[INFO] [1788611581.155431214]: [sim_plan] built plan=1740 start=3464.10 horizon=15.00 frames=150 commit_frames=20[0m
[0m[INFO] [1788611581.163192195]: [sim_plan] built plan=1741 start=3466.10 horizon=15.00 frames=150 commit_frames=20[0m
[0m[INFO] [1788611581.170997079]: [sim_plan] built plan=1742 start=3468.10 horizon=15.00 frames=150 commit_frames=20[0m
[0m[INFO] [1788611581.178789029]: [sim_plan] built plan=1743 start=3470.10 horizon=15.00 frames=150 commit_frames=20[0m
[0m[INFO] [1788611581.186586519]: [sim_plan] built plan=1744 start=3472.10 horizon=15.00 frames=150 commit_frames=20[0m
[0m[INFO] [1788611581.194588566]: [sim_plan] built plan=1745 start=3474.10 horizon=15.00 frames=150 commit_frames=20[0m
[0m[INFO] [1788611581.202383512]: [sim_plan] built plan=1746 start=3476.10 horizon=15.00 frames=150 commit_frames=20[0m
[0m[INFO] [1788611581.210239162]: [sim_plan] built plan=1747 start=3478.10 horizon=15.00 frames=150 commit_frames=20[0m
[0m[INFO] [1788611581.218284381]: [sim_plan] built plan=1748 start=3480.10 horizon=15.00 frames=150 commit_frames=20[0m
[0m[INFO] [1788611581.226142025]: [sim_plan] built plan=1749 start=3482.10 horizon=15.00 frames=150 commit_frames=20[0m
[0m[INFO] [1788611581.234350133]: [sim_plan] built plan=1750 start=3484.10 horizon=15.00 frames=150 commit_frames=20[0m
[0m[INFO] [1788611581.241998370]: [sim_plan] built plan=1751 start=3486.10 horizon=15.00 frames=150 commit_frames=20[0m
[0m[INFO] [1788611581.249655124]: [sim_plan] built plan=1752 start=3488.10 horizon=15.00 frames=150 commit_frames=20[0m
[0m[INFO] [1788611581.257380397]: [sim_plan] built plan=1753 start=3490.10 horizon=15.00 frames=150 commit_frames=20[0m
[0m[INFO] [1788611581.265085723]: [sim_plan] built plan=1754 start=3492.10 horizon=15.00 frames=150 commit_frames=20[0m
[0m[INFO] [1788611581.273594079]: [sim_plan] built plan=1755 start=3494.10 horizon=15.00 frames=150 commit_frames=20[0m
[0m[INFO] [1788611581.281506116]: [sim_plan] built plan=1756 start=3496.10 horizon=15.00 frames=150 commit_frames=20[0m
[0m[INFO] [1788611581.289648239]: [sim_plan] built plan=1757 start=3498.10 horizon=15.00 frames=150 commit_frames=20[0m
[0m[INFO] [1788611581.298082666]: [sim_plan] built plan=1758 start=3500.10 horizon=15.00 frames=150 commit_frames=20[0m
[0m[INFO] [1788611581.306772826]: [sim_plan] built plan=1759 start=3502.10 horizon=15.00 frames=150 commit_frames=20[0m
[0m[INFO] [1788611581.314755928]: [sim_plan] built plan=1760 start=3504.10 horizon=15.00 frames=150 commit_frames=20[0m
[0m[INFO] [1788611581.322592813]: [sim_plan] built plan=1761 start=3506.10 horizon=15.00 frames=150 commit_frames=20[0m
[0m[INFO] [1788611581.330607204]: [sim_plan] built plan=1762 start=3508.10 horizon=15.00 frames=150 commit_frames=20[0m
[0m[INFO] [1788611581.339028295]: [sim_plan] built plan=1763 start=3510.10 horizon=15.00 frames=150 commit_frames=20[0m
[0m[INFO] [1788611581.347222216]: [sim_plan] built plan=1764 start=3512.10 horizon=15.00 frames=150 commit_frames=20[0m
[0m[INFO] [1788611581.355386811]: [sim_plan] built plan=1765 start=3514.10 horizon=15.00 frames=150 commit_frames=20[0m
[0m[INFO] [1788611581.363254194]: [sim_plan] built plan=1766 start=3516.10 horizon=15.00 frames=150 commit_frames=20[0m
[0m[INFO] [1788611581.371116286]: [sim_plan] built plan=1767 start=3518.10 horizon=15.00 frames=150 commit_frames=20[0m
[0m[INFO] [1788611581.379733158]: [sim_plan] built plan=1768 start=3520.10 horizon=15.00 frames=150 commit_frames=20[0m
[0m[INFO] [1788611581.387810639]: [sim_plan] built plan=1769 start=3522.10 horizon=15.00 frames=150 commit_frames=20[0m
[0m[INFO] [1788611581.396561375]: [sim_plan] built plan=1770 start=3524.10 horizon=15.00 frames=150 commit_frames=20[0m
[0m[INFO] [1788611581.404722634]: [sim_plan] built plan=1771 start=3526.10 horizon=15.00 frames=150 commit_frames=20[0m
[0m[INFO] [1788611581.412771089]: [sim_plan] built plan=1772 start=3528.10 horizon=15.00 frames=150 commit_frames=20[0m
[0m[INFO] [1788611581.420721980]: [sim_plan] built plan=1773 start=3530.10 horizon=15.00 frames=150 commit_frames=20[0m
[0m[INFO] [1788611581.429499025]: [sim_plan] built plan=1774 start=3532.10 horizon=15.00 frames=150 commit_frames=20[0m
[0m[INFO] [1788611581.437880221]: [sim_plan] built plan=1775 start=3534.10 horizon=15.00 frames=150 commit_frames=20[0m
[0m[INFO] [1788611581.445751811]: [sim_plan] built plan=1776 start=3536.10 horizon=15.00 frames=150 commit_frames=20[0m
[0m[INFO] [1788611581.453681672]: [sim_plan] built plan=1777 start=3538.10 horizon=15.00 frames=150 commit_frames=20[0m
[0m[INFO] [1788611581.461533736]: [sim_plan] built plan=1778 start=3540.10 horizon=15.00 frames=150 commit_frames=20[0m
[0m[INFO] [1788611581.469295057]: [sim_plan] built plan=1779 start=3542.10 horizon=15.00 frames=150 commit_frames=20[0m
[0m[INFO] [1788611581.477257339]: [sim_plan] built plan=1780 start=3544.10 horizon=15.00 frames=150 commit_frames=20[0m
[0m[INFO] [1788611581.484971542]: [sim_plan] built plan=1781 start=3546.10 horizon=15.00 frames=150 commit_frames=20[0m
[0m[INFO] [1788611581.492883318]: [sim_plan] built plan=1782 start=3548.10 horizon=15.00 frames=150 commit_frames=20[0m
[0m[INFO] [1788611581.500922195]: [sim_plan] built plan=1783 start=3550.10 horizon=15.00 frames=150 commit_frames=20[0m
[0m[INFO] [1788611581.509026016]: [sim_plan] built plan=1784 start=3552.10 horizon=15.00 frames=150 commit_frames=20[0m
[0m[INFO] [1788611581.516765796]: [sim_plan] built plan=1785 start=3554.10 horizon=15.00 frames=150 commit_frames=20[0m
[0m[INFO] [1788611581.524820504]: [sim_plan] built plan=1786 start=3556.10 horizon=15.00 frames=150 commit_frames=20[0m
[0m[INFO] [1788611581.532577457]: [sim_plan] built plan=1787 start=3558.10 horizon=15.00 frames=150 commit_frames=20[0m
[0m[INFO] [1788611581.540660598]: [sim_plan] built plan=1788 start=3560.10 horizon=15.00 frames=150 commit_frames=20[0m
[0m[INFO] [1788611581.548360934]: [sim_plan] built plan=1789 start=3562.10 horizon=15.00 frames=150 commit_frames=20[0m
[0m[INFO] [1788611581.556490293]: [sim_plan] built plan=1790 start=3564.10 horizon=15.00 frames=150 commit_frames=20[0m
[0m[INFO] [1788611581.564237999]: [sim_plan] built plan=1791 start=3566.10 horizon=15.00 frames=150 commit_frames=20[0m
[0m[INFO] [1788611581.573009183]: [sim_plan] built plan=1792 start=3568.10 horizon=15.00 frames=150 commit_frames=20[0m
[0m[INFO] [1788611581.581000330]: [sim_plan] built plan=1793 start=3570.10 horizon=15.00 frames=150 commit_frames=20[0m
[0m[INFO] [1788611581.588934329]: [sim_plan] built plan=1794 start=3572.10 horizon=15.00 frames=150 commit_frames=20[0m
[0m[INFO] [1788611581.596972104]: [sim_plan] built plan=1795 start=3574.10 horizon=15.00 frames=150 commit_frames=20[0m
[0m[INFO] [1788611581.605191784]: [sim_plan] built plan=1796 start=3576.10 horizon=15.00 frames=150 commit_frames=20[0m
[0m[INFO] [1788611581.613015854]: [sim_plan] built plan=1797 start=3578.10 horizon=15.00 frames=150 commit_frames=20[0m
[0m[INFO] [1788611581.622426059]: [sim_plan] built plan=1798 start=3580.10 horizon=15.00 frames=150 commit_frames=20[0m
[0m[INFO] [1788611581.630307338]: [sim_plan] built plan=1799 start=3582.10 horizon=15.00 frames=150 commit_frames=20[0m
[0m[INFO] [1788611581.638420225]: [sim_plan] built plan=1800 start=3584.10 horizon=15.00 frames=150 commit_frames=20[0m
[0m[INFO] [1788611581.646277328]: [sim_plan] built plan=1801 start=3586.10 horizon=15.00 frames=150 commit_frames=20[0m
[0m[INFO] [1788611581.654131746]: [sim_plan] built plan=1802 start=3588.10 horizon=15.00 frames=150 commit_frames=20[0m
[0m[INFO] [1788611581.661862079]: [sim_plan] built plan=1803 start=3590.10 horizon=15.00 frames=150 commit_frames=20[0m
[0m[INFO] [1788611581.669641485]: [sim_plan] built plan=1804 start=3592.10 horizon=15.00 frames=150 commit_frames=20[0m
[0m[INFO] [1788611581.677426661]: [sim_plan] built plan=1805 start=3594.10 horizon=15.00 frames=150 commit_frames=20[0m
[0m[INFO] [1788611581.685241153]: [sim_plan] built plan=1806 start=3596.10 horizon=15.00 frames=150 commit_frames=20[0m
[0m[INFO] [1788611581.693043773]: [sim_plan] built plan=1807 start=3598.10 horizon=15.00 frames=150 commit_frames=20[0m
[0m[INFO] [1788611581.693325707]: [batch] 36000/72000 ticks (sim_t=3600s) hard_guard=0[0m
[0m[INFO] [1788611581.700874596]: [sim_plan] built plan=1808 start=3600.10 horizon=15.00 frames=150 commit_frames=20[0m
[0m[INFO] [1788611581.708781173]: [sim_plan] built plan=1809 start=3602.10 horizon=15.00 frames=150 commit_frames=20[0m
[0m[INFO] [1788611581.717340016]: [sim_plan] built plan=1810 start=3604.10 horizon=15.00 frames=150 commit_frames=20[0m
[0m[INFO] [1788611581.725191247]: [sim_plan] built plan=1811 start=3606.10 horizon=15.00 frames=150 commit_frames=20[0m
[0m[INFO] [1788611581.732949753]: [sim_plan] built plan=1812 start=3608.10 horizon=15.00 frames=150 commit_frames=20[0m
[0m[INFO] [1788611581.740905984]: [sim_plan] built plan=1813 start=3610.10 horizon=15.00 frames=150 commit_frames=20[0m
[0m[INFO] [1788611581.748934852]: [sim_plan] built plan=1814 start=3612.10 horizon=15.00 frames=150 commit_frames=20[0m
[0m[INFO] [1788611581.757155284]: [sim_plan] built plan=1815 start=3614.10 horizon=15.00 frames=150 commit_frames=20[0m
[0m[INFO] [1788611581.765136953]: [sim_plan] built plan=1816 start=3616.10 horizon=15.00 frames=150 commit_frames=20[0m
[0m[INFO] [1788611581.773769685]: [sim_plan] built plan=1817 start=3618.10 horizon=15.00 frames=150 commit_frames=20[0m
[0m[INFO] [1788611581.781654330]: [sim_plan] built plan=1818 start=3620.10 horizon=15.00 frames=150 commit_frames=20[0m
[0m[INFO] [1788611581.789850776]: [sim_plan] built plan=1819 start=3622.10 horizon=15.00 frames=150 commit_frames=20[0m
[0m[INFO] [1788611581.797873823]: [sim_plan] built plan=1820 start=3624.10 horizon=15.00 frames=150 commit_frames=20[0m
[0m[INFO] [1788611581.806166902]: [sim_plan] built plan=1821 start=3626.10 horizon=15.00 frames=150 commit_frames=20[0m
[0m[INFO] [1788611581.814836544]: [sim_plan] built plan=1822 start=3628.10 horizon=15.00 frames=150 commit_frames=20[0m
[0m[INFO] [1788611581.823175239]: [sim_plan] built plan=1823 start=3630.10 horizon=15.00 frames=150 commit_frames=20[0m
[0m[INFO] [1788611581.830975014]: [sim_plan] built plan=1824 start=3632.10 horizon=15.00 frames=150 commit_frames=20[0m
[0m[INFO] [1788611581.839733504]: [sim_plan] built plan=1825 start=3634.10 horizon=15.00 frames=150 commit_frames=20[0m
[0m[INFO] [1788611581.848045588]: [sim_plan] built plan=1826 start=3636.10 horizon=15.00 frames=150 commit_frames=20[0m
[0m[INFO] [1788611581.856071531]: [sim_plan] built plan=1827 start=3638.10 horizon=15.00 frames=150 commit_frames=20[0m
[0m[INFO] [1788611581.863794651]: [sim_plan] built plan=1828 start=3640.10 horizon=15.00 frames=150 commit_frames=20[0m
[0m[INFO] [1788611581.871619392]: [sim_plan] built plan=1829 start=3642.10 horizon=15.00 frames=150 commit_frames=20[0m
[0m[INFO] [1788611581.879846596]: [sim_plan] built plan=1830 start=3644.10 horizon=15.00 frames=150 commit_frames=20[0m
[0m[INFO] [1788611581.887511105]: [sim_plan] built plan=1831 start=3646.10 horizon=15.00 frames=150 commit_frames=20[0m
[0m[INFO] [1788611581.895231729]: [sim_plan] built plan=1832 start=3648.10 horizon=15.00 frames=150 commit_frames=20[0m
[0m[INFO] [1788611581.902968394]: [sim_plan] built plan=1833 start=3650.10 horizon=15.00 frames=150 commit_frames=20[0m
[0m[INFO] [1788611581.910873227]: [sim_plan] built plan=1834 start=3652.10 horizon=15.00 frames=150 commit_frames=20[0m
[0m[INFO] [1788611581.918626053]: [sim_plan] built plan=1835 start=3654.10 horizon=15.00 frames=150 commit_frames=20[0m
[0m[INFO] [1788611581.926396592]: [sim_plan] built plan=1836 start=3656.10 horizon=15.00 frames=150 commit_frames=20[0m
[0m[INFO] [1788611581.934206455]: [sim_plan] built plan=1837 start=3658.10 horizon=15.00 frames=150 commit_frames=20[0m
[0m[INFO] [1788611581.942120085]: [sim_plan] built plan=1838 start=3660.10 horizon=15.00 frames=150 commit_frames=20[0m
[0m[INFO] [1788611581.949769675]: [sim_plan] built plan=1839 start=3662.10 horizon=15.00 frames=150 commit_frames=20[0m
[0m[INFO] [1788611581.957456886]: [sim_plan] built plan=1840 start=3664.10 horizon=15.00 frames=150 commit_frames=20[0m
[0m[INFO] [1788611581.965073904]: [sim_plan] built plan=1841 start=3666.10 horizon=15.00 frames=150 commit_frames=20[0m
[0m[INFO] [1788611581.972801082]: [sim_plan] built plan=1842 start=3668.10 horizon=15.00 frames=150 commit_frames=20[0m
[0m[INFO] [1788611581.981024107]: [sim_plan] built plan=1843 start=3670.10 horizon=15.00 frames=150 commit_frames=20[0m
[0m[INFO] [1788611581.988790759]: [sim_plan] built plan=1844 start=3672.10 horizon=15.00 frames=150 commit_frames=20[0m
[0m[INFO] [1788611581.996474143]: [sim_plan] built plan=1845 start=3674.10 horizon=15.00 frames=150 commit_frames=20[0m
[0m[INFO] [1788611582.004264169]: [sim_plan] built plan=1846 start=3676.10 horizon=15.00 frames=150 commit_frames=20[0m
[0m[INFO] [1788611582.012086676]: [sim_plan] built plan=1847 start=3678.10 horizon=15.00 frames=150 commit_frames=20[0m
[0m[INFO] [1788611582.019943759]: [sim_plan] built plan=1848 start=3680.10 horizon=15.00 frames=150 commit_frames=20[0m
[0m[INFO] [1788611582.027651329]: [sim_plan] built plan=1849 start=3682.10 horizon=15.00 frames=150 commit_frames=20[0m
[0m[INFO] [1788611582.035391190]: [sim_plan] built plan=1850 start=3684.10 horizon=15.00 frames=150 commit_frames=20[0m
[0m[INFO] [1788611582.043481464]: [sim_plan] built plan=1851 start=3686.10 horizon=15.00 frames=150 commit_frames=20[0m
[0m[INFO] [1788611582.051298912]: [sim_plan] built plan=1852 start=3688.10 horizon=15.00 frames=150 commit_frames=20[0m
[0m[INFO] [1788611582.059180903]: [sim_plan] built plan=1853 start=3690.10 horizon=15.00 frames=150 commit_frames=20[0m
[0m[INFO] [1788611582.067449625]: [sim_plan] built plan=1854 start=3692.10 horizon=15.00 frames=150 commit_frames=20[0m
[0m[INFO] [1788611582.075965205]: [sim_plan] built plan=1855 start=3694.10 horizon=15.00 frames=150 commit_frames=20[0m
[0m[INFO] [1788611582.083831396]: [sim_plan] built plan=1856 start=3696.10 horizon=15.00 frames=150 commit_frames=20[0m
[0m[INFO] [1788611582.091668220]: [sim_plan] built plan=1857 start=3698.10 horizon=15.00 frames=150 commit_frames=20[0m
[0m[INFO] [1788611582.099630032]: [sim_plan] built plan=1858 start=3700.10 horizon=15.00 frames=150 commit_frames=20[0m
[0m[INFO] [1788611582.109022363]: [sim_plan] built plan=1859 start=3702.10 horizon=15.00 frames=150 commit_frames=20[0m
[0m[INFO] [1788611582.117005905]: [sim_plan] built plan=1860 start=3704.10 horizon=15.00 frames=150 commit_frames=20[0m
[0m[INFO] [1788611582.125208863]: [sim_plan] built plan=1861 start=3706.10 horizon=15.00 frames=150 commit_frames=20[0m
[0m[INFO] [1788611582.133343803]: [sim_plan] built plan=1862 start=3708.10 horizon=15.00 frames=150 commit_frames=20[0m
[0m[INFO] [1788611582.142517900]: [sim_plan] built plan=1863 start=3710.10 horizon=15.00 frames=150 commit_frames=20[0m
[0m[INFO] [1788611582.151659516]: [sim_plan] built plan=1864 start=3712.10 horizon=15.00 frames=150 commit_frames=20[0m
[0m[INFO] [1788611582.160029100]: [sim_plan] built plan=1865 start=3714.10 horizon=15.00 frames=150 commit_frames=20[0m
[0m[INFO] [1788611582.168255533]: [sim_plan] built plan=1866 start=3716.10 horizon=15.00 frames=150 commit_frames=20[0m
[0m[INFO] [1788611582.176478649]: [sim_plan] built plan=1867 start=3718.10 horizon=15.00 frames=150 commit_frames=20[0m
[0m[INFO] [1788611582.184743584]: [sim_plan] built plan=1868 start=3720.10 horizon=15.00 frames=150 commit_frames=20[0m
[0m[INFO] [1788611582.193266708]: [sim_plan] built plan=1869 start=3722.10 horizon=15.00 frames=150 commit_frames=20[0m
[0m[INFO] [1788611582.201933856]: [sim_plan] built plan=1870 start=3724.10 horizon=15.00 frames=150 commit_frames=20[0m
[0m[INFO] [1788611582.210509921]: [sim_plan] built plan=1871 start=3726.10 horizon=15.00 frames=150 commit_frames=20[0m
[0m[INFO] [1788611582.218683253]: [sim_plan] built plan=1872 start=3728.10 horizon=15.00 frames=150 commit_frames=20[0m
[0m[INFO] [1788611582.227219472]: [sim_plan] built plan=1873 start=3730.10 horizon=15.00 frames=150 commit_frames=20[0m
[0m[INFO] [1788611582.235823720]: [sim_plan] built plan=1874 start=3732.10 horizon=15.00 frames=150 commit_frames=20[0m
[0m[INFO] [1788611582.244693742]: [sim_plan] built plan=1875 start=3734.10 horizon=15.00 frames=150 commit_frames=20[0m
[0m[INFO] [1788611582.252883004]: [sim_plan] built plan=1876 start=3736.10 horizon=15.00 frames=150 commit_frames=20[0m
[0m[INFO] [1788611582.261029535]: [sim_plan] built plan=1877 start=3738.10 horizon=15.00 frames=150 commit_frames=20[0m
[0m[INFO] [1788611582.269143976]: [sim_plan] built plan=1878 start=3740.10 horizon=15.00 frames=150 commit_frames=20[0m
[0m[INFO] [1788611582.277089807]: [sim_plan] built plan=1879 start=3742.10 horizon=15.00 frames=150 commit_frames=20[0m
[0m[INFO] [1788611582.285225648]: [sim_plan] built plan=1880 start=3744.10 horizon=15.00 frames=150 commit_frames=20[0m
[0m[INFO] [1788611582.293108640]: [sim_plan] built plan=1881 start=3746.10 horizon=15.00 frames=150 commit_frames=20[0m
[0m[INFO] [1788611582.301194887]: [sim_plan] built plan=1882 start=3748.10 horizon=15.00 frames=150 commit_frames=20[0m
[0m[INFO] [1788611582.309708463]: [sim_plan] built plan=1883 start=3750.10 horizon=15.00 frames=150 commit_frames=20[0m
[0m[INFO] [1788611582.317873860]: [sim_plan] built plan=1884 start=3752.10 horizon=15.00 frames=150 commit_frames=20[0m
[0m[INFO] [1788611582.325755159]: [sim_plan] built plan=1885 start=3754.10 horizon=15.00 frames=150 commit_frames=20[0m
[0m[INFO] [1788611582.333713133]: [sim_plan] built plan=1886 start=3756.10 horizon=15.00 frames=150 commit_frames=20[0m
[0m[INFO] [1788611582.341846991]: [sim_plan] built plan=1887 start=3758.10 horizon=15.00 frames=150 commit_frames=20[0m
[0m[INFO] [1788611582.349641274]: [sim_plan] built plan=1888 start=3760.10 horizon=15.00 frames=150 commit_frames=20[0m
[0m[INFO] [1788611582.357717683]: [sim_plan] built plan=1889 start=3762.10 horizon=15.00 frames=150 commit_frames=20[0m
[0m[INFO] [1788611582.365639118]: [sim_plan] built plan=1890 start=3764.10 horizon=15.00 frames=150 commit_frames=20[0m
[0m[INFO] [1788611582.373892872]: [sim_plan] built plan=1891 start=3766.10 horizon=15.00 frames=150 commit_frames=20[0m
[0m[INFO] [1788611582.381772167]: [sim_plan] built plan=1892 start=3768.10 horizon=15.00 frames=150 commit_frames=20[0m
[0m[INFO] [1788611582.389914109]: [sim_plan] built plan=1893 start=3770.10 horizon=15.00 frames=150 commit_frames=20[0m
[0m[INFO] [1788611582.397813081]: [sim_plan] built plan=1894 start=3772.10 horizon=15.00 frames=150 commit_frames=20[0m
[0m[INFO] [1788611582.406052940]: [sim_plan] built plan=1895 start=3774.10 horizon=15.00 frames=150 commit_frames=20[0m
[0m[INFO] [1788611582.414112015]: [sim_plan] built plan=1896 start=3776.10 horizon=15.00 frames=150 commit_frames=20[0m
[0m[INFO] [1788611582.422151103]: [sim_plan] built plan=1897 start=3778.10 horizon=15.00 frames=150 commit_frames=20[0m
[0m[INFO] [1788611582.430073640]: [sim_plan] built plan=1898 start=3780.10 horizon=15.00 frames=150 commit_frames=20[0m
[0m[INFO] [1788611582.438141241]: [sim_plan] built plan=1899 start=3782.10 horizon=15.00 frames=150 commit_frames=20[0m
[0m[INFO] [1788611582.446288043]: [sim_plan] built plan=1900 start=3784.10 horizon=15.00 frames=150 commit_frames=20[0m
[0m[INFO] [1788611582.454410900]: [sim_plan] built plan=1901 start=3786.10 horizon=15.00 frames=150 commit_frames=20[0m
[0m[INFO] [1788611582.462929666]: [sim_plan] built plan=1902 start=3788.10 horizon=15.00 frames=150 commit_frames=20[0m
[0m[INFO] [1788611582.471078742]: [sim_plan] built plan=1903 start=3790.10 horizon=15.00 frames=150 commit_frames=20[0m
[0m[INFO] [1788611582.479322527]: [sim_plan] built plan=1904 start=3792.10 horizon=15.00 frames=150 commit_frames=20[0m
[0m[INFO] [1788611582.487450704]: [sim_plan] built plan=1905 start=3794.10 horizon=15.00 frames=150 commit_frames=20[0m
[0m[INFO] [1788611582.495777065]: [sim_plan] built plan=1906 start=3796.10 horizon=15.00 frames=150 commit_frames=20[0m
[0m[INFO] [1788611582.504317022]: [sim_plan] built plan=1907 start=3798.10 horizon=15.00 frames=150 commit_frames=20[0m
[0m[INFO] [1788611582.512730058]: [sim_plan] built plan=1908 start=3800.10 horizon=15.00 frames=150 commit_frames=20[0m
[0m[INFO] [1788611582.520827937]: [sim_plan] built plan=1909 start=3802.10 horizon=15.00 frames=150 commit_frames=20[0m
[0m[INFO] [1788611582.529218871]: [sim_plan] built plan=1910 start=3804.10 horizon=15.00 frames=150 commit_frames=20[0m
[0m[INFO] [1788611582.537272497]: [sim_plan] built plan=1911 start=3806.10 horizon=15.00 frames=150 commit_frames=20[0m
[0m[INFO] [1788611582.545501013]: [sim_plan] built plan=1912 start=3808.10 horizon=15.00 frames=150 commit_frames=20[0m
[0m[INFO] [1788611582.553761139]: [sim_plan] built plan=1913 start=3810.10 horizon=15.00 frames=150 commit_frames=20[0m
[0m[INFO] [1788611582.561917159]: [sim_plan] built plan=1914 start=3812.10 horizon=15.00 frames=150 commit_frames=20[0m
[0m[INFO] [1788611582.570531596]: [sim_plan] built plan=1915 start=3814.10 horizon=15.00 frames=150 commit_frames=20[0m
[0m[INFO] [1788611582.578692845]: [sim_plan] built plan=1916 start=3816.10 horizon=15.00 frames=150 commit_frames=20[0m
[0m[INFO] [1788611582.586781898]: [sim_plan] built plan=1917 start=3818.10 horizon=15.00 frames=150 commit_frames=20[0m
[0m[INFO] [1788611582.594904443]: [sim_plan] built plan=1918 start=3820.10 horizon=15.00 frames=150 commit_frames=20[0m
[0m[INFO] [1788611582.603037519]: [sim_plan] built plan=1919 start=3822.10 horizon=15.00 frames=150 commit_frames=20[0m
[0m[INFO] [1788611582.610959765]: [sim_plan] built plan=1920 start=3824.10 horizon=15.00 frames=150 commit_frames=20[0m
[0m[INFO] [1788611582.618824443]: [sim_plan] built plan=1921 start=3826.10 horizon=15.00 frames=150 commit_frames=20[0m
[0m[INFO] [1788611582.626706112]: [sim_plan] built plan=1922 start=3828.10 horizon=15.00 frames=150 commit_frames=20[0m
[0m[INFO] [1788611582.634692540]: [sim_plan] built plan=1923 start=3830.10 horizon=15.00 frames=150 commit_frames=20[0m
[0m[INFO] [1788611582.642772355]: [sim_plan] built plan=1924 start=3832.10 horizon=15.00 frames=150 commit_frames=20[0m
[0m[INFO] [1788611582.650615351]: [sim_plan] built plan=1925 start=3834.10 horizon=15.00 frames=150 commit_frames=20[0m
[0m[INFO] [1788611582.658800836]: [sim_plan] built plan=1926 start=3836.10 horizon=15.00 frames=150 commit_frames=20[0m
[0m[INFO] [1788611582.666756075]: [sim_plan] built plan=1927 start=3838.10 horizon=15.00 frames=150 commit_frames=20[0m
[0m[INFO] [1788611582.674678812]: [sim_plan] built plan=1928 start=3840.10 horizon=15.00 frames=150 commit_frames=20[0m
[0m[INFO] [1788611582.682574168]: [sim_plan] built plan=1929 start=3842.10 horizon=15.00 frames=150 commit_frames=20[0m
[0m[INFO] [1788611582.690807183]: [sim_plan] built plan=1930 start=3844.10 horizon=15.00 frames=150 commit_frames=20[0m
[0m[INFO] [1788611582.698610043]: [sim_plan] built plan=1931 start=3846.10 horizon=15.00 frames=150 commit_frames=20[0m
[0m[INFO] [1788611582.706620877]: [sim_plan] built plan=1932 start=3848.10 horizon=15.00 frames=150 commit_frames=20[0m
[0m[INFO] [1788611582.714781174]: [sim_plan] built plan=1933 start=3850.10 horizon=15.00 frames=150 commit_frames=20[0m
[0m[INFO] [1788611582.722692801]: [sim_plan] built plan=1934 start=3852.10 horizon=15.00 frames=150 commit_frames=20[0m
[0m[INFO] [1788611582.730540937]: [sim_plan] built plan=1935 start=3854.10 horizon=15.00 frames=150 commit_frames=20[0m
[0m[INFO] [1788611582.738958461]: [sim_plan] built plan=1936 start=3856.10 horizon=15.00 frames=150 commit_frames=20[0m
[0m[INFO] [1788611582.746871641]: [sim_plan] built plan=1937 start=3858.10 horizon=15.00 frames=150 commit_frames=20[0m
[0m[INFO] [1788611582.755135184]: [sim_plan] built plan=1938 start=3860.10 horizon=15.00 frames=150 commit_frames=20[0m
[0m[INFO] [1788611582.763337410]: [sim_plan] built plan=1939 start=3862.10 horizon=15.00 frames=150 commit_frames=20[0m
[0m[INFO] [1788611582.771601053]: [sim_plan] built plan=1940 start=3864.10 horizon=15.00 frames=150 commit_frames=20[0m
[0m[INFO] [1788611582.779588783]: [sim_plan] built plan=1941 start=3866.10 horizon=15.00 frames=150 commit_frames=20[0m
[0m[INFO] [1788611582.787781131]: [sim_plan] built plan=1942 start=3868.10 horizon=15.00 frames=150 commit_frames=20[0m
[0m[INFO] [1788611582.795581748]: [sim_plan] built plan=1943 start=3870.10 horizon=15.00 frames=150 commit_frames=20[0m
[0m[INFO] [1788611582.803953625]: [sim_plan] built plan=1944 start=3872.10 horizon=15.00 frames=150 commit_frames=20[0m
[0m[INFO] [1788611582.811878807]: [sim_plan] built plan=1945 start=3874.10 horizon=15.00 frames=150 commit_frames=20[0m
[0m[INFO] [1788611582.819862250]: [sim_plan] built plan=1946 start=3876.10 horizon=15.00 frames=150 commit_frames=20[0m
[0m[INFO] [1788611582.827888463]: [sim_plan] built plan=1947 start=3878.10 horizon=15.00 frames=150 commit_frames=20[0m
[0m[INFO] [1788611582.838057235]: [sim_plan] built plan=1948 start=3880.10 horizon=15.00 frames=150 commit_frames=20[0m
[0m[INFO] [1788611582.846159071]: [sim_plan] built plan=1949 start=3882.10 horizon=15.00 frames=150 commit_frames=20[0m
[0m[INFO] [1788611582.853993331]: [sim_plan] built plan=1950 start=3884.10 horizon=15.00 frames=150 commit_frames=20[0m
[0m[INFO] [1788611582.862498762]: [sim_plan] built plan=1951 start=3886.10 horizon=15.00 frames=150 commit_frames=20[0m
[0m[INFO] [1788611582.870298627]: [sim_plan] built plan=1952 start=3888.10 horizon=15.00 frames=150 commit_frames=20[0m
[0m[INFO] [1788611582.878109322]: [sim_plan] built plan=1953 start=3890.10 horizon=15.00 frames=150 commit_frames=20[0m
[0m[INFO] [1788611582.886100739]: [sim_plan] built plan=1954 start=3892.10 horizon=15.00 frames=150 commit_frames=20[0m
[0m[INFO] [1788611582.894007005]: [sim_plan] built plan=1955 start=3894.10 horizon=15.00 frames=150 commit_frames=20[0m
[0m[INFO] [1788611582.902245200]: [sim_plan] built plan=1956 start=3896.10 horizon=15.00 frames=150 commit_frames=20[0m
[0m[INFO] [1788611582.910233952]: [sim_plan] built plan=1957 start=3898.10 horizon=15.00 frames=150 commit_frames=20[0m
[0m[INFO] [1788611582.918197257]: [sim_plan] built plan=1958 start=3900.10 horizon=15.00 frames=150 commit_frames=20[0m
[0m[INFO] [1788611582.926177934]: [sim_plan] built plan=1959 start=3902.10 horizon=15.00 frames=150 commit_frames=20[0m
[0m[INFO] [1788611582.934277786]: [sim_plan] built plan=1960 start=3904.10 horizon=15.00 frames=150 commit_frames=20[0m
[0m[INFO] [1788611582.942170617]: [sim_plan] built plan=1961 start=3906.10 horizon=15.00 frames=150 commit_frames=20[0m
[0m[INFO] [1788611582.949952307]: [sim_plan] built plan=1962 start=3908.10 horizon=15.00 frames=150 commit_frames=20[0m
[0m[INFO] [1788611582.957777590]: [sim_plan] built plan=1963 start=3910.10 horizon=15.00 frames=150 commit_frames=20[0m
[0m[INFO] [1788611582.965647277]: [sim_plan] built plan=1964 start=3912.10 horizon=15.00 frames=150 commit_frames=20[0m
[0m[INFO] [1788611582.974184528]: [sim_plan] built plan=1965 start=3914.10 horizon=15.00 frames=150 commit_frames=20[0m
[0m[INFO] [1788611582.982002066]: [sim_plan] built plan=1966 start=3916.10 horizon=15.00 frames=150 commit_frames=20[0m
[0m[INFO] [1788611582.989725205]: [sim_plan] built plan=1967 start=3918.10 horizon=15.00 frames=150 commit_frames=20[0m
[0m[INFO] [1788611582.997819708]: [sim_plan] built plan=1968 start=3920.10 horizon=15.00 frames=150 commit_frames=20[0m
[0m[INFO] [1788611583.005860168]: [sim_plan] built plan=1969 start=3922.10 horizon=15.00 frames=150 commit_frames=20[0m
[0m[INFO] [1788611583.013738541]: [sim_plan] built plan=1970 start=3924.10 horizon=15.00 frames=150 commit_frames=20[0m
[0m[INFO] [1788611583.021450279]: [sim_plan] built plan=1971 start=3926.10 horizon=15.00 frames=150 commit_frames=20[0m
[0m[INFO] [1788611583.029242129]: [sim_plan] built plan=1972 start=3928.10 horizon=15.00 frames=150 commit_frames=20[0m
[0m[INFO] [1788611583.037076358]: [sim_plan] built plan=1973 start=3930.10 horizon=15.00 frames=150 commit_frames=20[0m
[0m[INFO] [1788611583.044716560]: [sim_plan] built plan=1974 start=3932.10 horizon=15.00 frames=150 commit_frames=20[0m
[0m[INFO] [1788611583.052498962]: [sim_plan] built plan=1975 start=3934.10 horizon=15.00 frames=150 commit_frames=20[0m
[0m[INFO] [1788611583.060278828]: [sim_plan] built plan=1976 start=3936.10 horizon=15.00 frames=150 commit_frames=20[0m
[0m[INFO] [1788611583.068023158]: [sim_plan] built plan=1977 start=3938.10 horizon=15.00 frames=150 commit_frames=20[0m
[0m[INFO] [1788611583.075864070]: [sim_plan] built plan=1978 start=3940.10 horizon=15.00 frames=150 commit_frames=20[0m
[0m[INFO] [1788611583.083730991]: [sim_plan] built plan=1979 start=3942.10 horizon=15.00 frames=150 commit_frames=20[0m
[0m[INFO] [1788611583.091546796]: [sim_plan] built plan=1980 start=3944.10 horizon=15.00 frames=150 commit_frames=20[0m
[0m[INFO] [1788611583.100078377]: [sim_plan] built plan=1981 start=3946.10 horizon=15.00 frames=150 commit_frames=20[0m
[0m[INFO] [1788611583.108083500]: [sim_plan] built plan=1982 start=3948.10 horizon=15.00 frames=150 commit_frames=20[0m
[0m[INFO] [1788611583.116449116]: [sim_plan] built plan=1983 start=3950.10 horizon=15.00 frames=150 commit_frames=20[0m
[0m[INFO] [1788611583.125051040]: [sim_plan] built plan=1984 start=3952.10 horizon=15.00 frames=150 commit_frames=20[0m
[0m[INFO] [1788611583.132707223]: [sim_plan] built plan=1985 start=3954.10 horizon=15.00 frames=150 commit_frames=20[0m
[0m[INFO] [1788611583.141414726]: [sim_plan] built plan=1986 start=3956.10 horizon=15.00 frames=150 commit_frames=20[0m
[0m[INFO] [1788611583.149483911]: [sim_plan] built plan=1987 start=3958.10 horizon=15.00 frames=150 commit_frames=20[0m
[0m[INFO] [1788611583.157636373]: [sim_plan] built plan=1988 start=3960.10 horizon=15.00 frames=150 commit_frames=20[0m
[0m[INFO] [1788611583.165404107]: [sim_plan] built plan=1989 start=3962.10 horizon=15.00 frames=150 commit_frames=20[0m
[0m[INFO] [1788611583.173346612]: [sim_plan] built plan=1990 start=3964.10 horizon=15.00 frames=150 commit_frames=20[0m
[0m[INFO] [1788611583.181531706]: [sim_plan] built plan=1991 start=3966.10 horizon=15.00 frames=150 commit_frames=20[0m
[0m[INFO] [1788611583.189323085]: [sim_plan] built plan=1992 start=3968.10 horizon=15.00 frames=150 commit_frames=20[0m
[0m[INFO] [1788611583.197212519]: [sim_plan] built plan=1993 start=3970.10 horizon=15.00 frames=150 commit_frames=20[0m
[0m[INFO] [1788611583.205278778]: [sim_plan] built plan=1994 start=3972.10 horizon=15.00 frames=150 commit_frames=20[0m
[0m[INFO] [1788611583.213186337]: [sim_plan] built plan=1995 start=3974.10 horizon=15.00 frames=150 commit_frames=20[0m
[0m[INFO] [1788611583.221671680]: [sim_plan] built plan=1996 start=3976.10 horizon=15.00 frames=150 commit_frames=20[0m
[0m[INFO] [1788611583.230163365]: [sim_plan] built plan=1997 start=3978.10 horizon=15.00 frames=150 commit_frames=20[0m
[0m[INFO] [1788611583.238052078]: [sim_plan] built plan=1998 start=3980.10 horizon=15.00 frames=150 commit_frames=20[0m
[0m[INFO] [1788611583.246024930]: [sim_plan] built plan=1999 start=3982.10 horizon=15.00 frames=150 commit_frames=20[0m
[0m[INFO] [1788611583.253784899]: [sim_plan] built plan=2000 start=3984.10 horizon=15.00 frames=150 commit_frames=20[0m
[0m[INFO] [1788611583.261823405]: [sim_plan] built plan=2001 start=3986.10 horizon=15.00 frames=150 commit_frames=20[0m
[0m[INFO] [1788611583.269806567]: [sim_plan] built plan=2002 start=3988.10 horizon=15.00 frames=150 commit_frames=20[0m
[0m[INFO] [1788611583.277731098]: [sim_plan] built plan=2003 start=3990.10 horizon=15.00 frames=150 commit_frames=20[0m
[0m[INFO] [1788611583.285665347]: [sim_plan] built plan=2004 start=3992.10 horizon=15.00 frames=150 commit_frames=20[0m
[0m[INFO] [1788611583.293665902]: [sim_plan] built plan=2005 start=3994.10 horizon=15.00 frames=150 commit_frames=20[0m
[0m[INFO] [1788611583.301512394]: [sim_plan] built plan=2006 start=3996.10 horizon=15.00 frames=150 commit_frames=20[0m
[0m[INFO] [1788611583.309343218]: [sim_plan] built plan=2007 start=3998.10 horizon=15.00 frames=150 commit_frames=20[0m
[0m[INFO] [1788611583.317200170]: [sim_plan] built plan=2008 start=4000.10 horizon=15.00 frames=150 commit_frames=20[0m
[0m[INFO] [1788611583.324990647]: [sim_plan] built plan=2009 start=4002.10 horizon=15.00 frames=150 commit_frames=20[0m
[0m[INFO] [1788611583.332703066]: [sim_plan] built plan=2010 start=4004.10 horizon=15.00 frames=150 commit_frames=20[0m
[0m[INFO] [1788611583.340673584]: [sim_plan] built plan=2011 start=4006.10 horizon=15.00 frames=150 commit_frames=20[0m
[0m[INFO] [1788611583.348965330]: [sim_plan] built plan=2012 start=4008.10 horizon=15.00 frames=150 commit_frames=20[0m
[0m[INFO] [1788611583.356762018]: [sim_plan] built plan=2013 start=4010.10 horizon=15.00 frames=150 commit_frames=20[0m
[0m[INFO] [1788611583.364501208]: [sim_plan] built plan=2014 start=4012.10 horizon=15.00 frames=150 commit_frames=20[0m
[0m[INFO] [1788611583.372590461]: [sim_plan] built plan=2015 start=4014.10 horizon=15.00 frames=150 commit_frames=20[0m
[0m[INFO] [1788611583.380381689]: [sim_plan] built plan=2016 start=4016.10 horizon=15.00 frames=150 commit_frames=20[0m
[0m[INFO] [1788611583.388052309]: [sim_plan] built plan=2017 start=4018.10 horizon=15.00 frames=150 commit_frames=20[0m
[0m[INFO] [1788611583.395914141]: [sim_plan] built plan=2018 start=4020.10 horizon=15.00 frames=150 commit_frames=20[0m
[0m[INFO] [1788611583.403814966]: [sim_plan] built plan=2019 start=4022.10 horizon=15.00 frames=150 commit_frames=20[0m
[0m[INFO] [1788611583.411425482]: [sim_plan] built plan=2020 start=4024.10 horizon=15.00 frames=150 commit_frames=20[0m
[0m[INFO] [1788611583.419176575]: [sim_plan] built plan=2021 start=4026.10 horizon=15.00 frames=150 commit_frames=20[0m
[0m[INFO] [1788611583.426934109]: [sim_plan] built plan=2022 start=4028.10 horizon=15.00 frames=150 commit_frames=20[0m
[0m[INFO] [1788611583.435429681]: [sim_plan] built plan=2023 start=4030.10 horizon=15.00 frames=150 commit_frames=20[0m
[0m[INFO] [1788611583.443382536]: [sim_plan] built plan=2024 start=4032.10 horizon=15.00 frames=150 commit_frames=20[0m
[0m[INFO] [1788611583.451290335]: [sim_plan] built plan=2025 start=4034.10 horizon=15.00 frames=150 commit_frames=20[0m
[0m[INFO] [1788611583.459321017]: [sim_plan] built plan=2026 start=4036.10 horizon=15.00 frames=150 commit_frames=20[0m
[0m[INFO] [1788611583.467070285]: [sim_plan] built plan=2027 start=4038.10 horizon=15.00 frames=150 commit_frames=20[0m
[0m[INFO] [1788611583.475080298]: [sim_plan] built plan=2028 start=4040.10 horizon=15.00 frames=150 commit_frames=20[0m
[0m[INFO] [1788611583.483071735]: [sim_plan] built plan=2029 start=4042.10 horizon=15.00 frames=150 commit_frames=20[0m
[0m[INFO] [1788611583.490911646]: [sim_plan] built plan=2030 start=4044.10 horizon=15.00 frames=150 commit_frames=20[0m
[0m[INFO] [1788611583.499231405]: [sim_plan] built plan=2031 start=4046.10 horizon=15.00 frames=150 commit_frames=20[0m
[0m[INFO] [1788611583.507131469]: [sim_plan] built plan=2032 start=4048.10 horizon=15.00 frames=150 commit_frames=20[0m
[0m[INFO] [1788611583.515128778]: [sim_plan] built plan=2033 start=4050.10 horizon=15.00 frames=150 commit_frames=20[0m
[0m[INFO] [1788611583.522895289]: [sim_plan] built plan=2034 start=4052.10 horizon=15.00 frames=150 commit_frames=20[0m
[0m[INFO] [1788611583.530795935]: [sim_plan] built plan=2035 start=4054.10 horizon=15.00 frames=150 commit_frames=20[0m
[0m[INFO] [1788611583.538352288]: [sim_plan] built plan=2036 start=4056.10 horizon=15.00 frames=150 commit_frames=20[0m
[0m[INFO] [1788611583.546191387]: [sim_plan] built plan=2037 start=4058.10 horizon=15.00 frames=150 commit_frames=20[0m
[0m[INFO] [1788611583.554089487]: [sim_plan] built plan=2038 start=4060.10 horizon=15.00 frames=150 commit_frames=20[0m
[0m[INFO] [1788611583.562098187]: [sim_plan] built plan=2039 start=4062.10 horizon=15.00 frames=150 commit_frames=20[0m
[0m[INFO] [1788611583.569931175]: [sim_plan] built plan=2040 start=4064.10 horizon=15.00 frames=150 commit_frames=20[0m
[0m[INFO] [1788611583.578156265]: [sim_plan] built plan=2041 start=4066.10 horizon=15.00 frames=150 commit_frames=20[0m
[0m[INFO] [1788611583.585734419]: [sim_plan] built plan=2042 start=4068.10 horizon=15.00 frames=150 commit_frames=20[0m
[0m[INFO] [1788611583.597621025]: [sim_plan] built plan=2043 start=4070.10 horizon=15.00 frames=150 commit_frames=20[0m
[0m[INFO] [1788611583.605604047]: [sim_plan] built plan=2044 start=4072.10 horizon=15.00 frames=150 commit_frames=20[0m
[0m[INFO] [1788611583.613412487]: [sim_plan] built plan=2045 start=4074.10 horizon=15.00 frames=150 commit_frames=20[0m
[0m[INFO] [1788611583.621267887]: [sim_plan] built plan=2046 start=4076.10 horizon=15.00 frames=150 commit_frames=20[0m
[0m[INFO] [1788611583.629089092]: [sim_plan] built plan=2047 start=4078.10 horizon=15.00 frames=150 commit_frames=20[0m
[0m[INFO] [1788611583.637052647]: [sim_plan] built plan=2048 start=4080.10 horizon=15.00 frames=150 commit_frames=20[0m
[0m[INFO] [1788611583.645013296]: [sim_plan] built plan=2049 start=4082.10 horizon=15.00 frames=150 commit_frames=20[0m
[0m[INFO] [1788611583.652973835]: [sim_plan] built plan=2050 start=4084.10 horizon=15.00 frames=150 commit_frames=20[0m
[0m[INFO] [1788611583.660953310]: [sim_plan] built plan=2051 start=4086.10 horizon=15.00 frames=150 commit_frames=20[0m
[0m[INFO] [1788611583.669248252]: [sim_plan] built plan=2052 start=4088.10 horizon=15.00 frames=150 commit_frames=20[0m
[0m[INFO] [1788611583.677182581]: [sim_plan] built plan=2053 start=4090.10 horizon=15.00 frames=150 commit_frames=20[0m
[0m[INFO] [1788611583.685092394]: [sim_plan] built plan=2054 start=4092.10 horizon=15.00 frames=150 commit_frames=20[0m
[0m[INFO] [1788611583.692922446]: [sim_plan] built plan=2055 start=4094.10 horizon=15.00 frames=150 commit_frames=20[0m
[0m[INFO] [1788611583.701056253]: [sim_plan] built plan=2056 start=4096.10 horizon=15.00 frames=150 commit_frames=20[0m
[0m[INFO] [1788611583.709246316]: [sim_plan] built plan=2057 start=4098.10 horizon=15.00 frames=150 commit_frames=20[0m
[0m[INFO] [1788611583.717227224]: [sim_plan] built plan=2058 start=4100.10 horizon=15.00 frames=150 commit_frames=20[0m
[0m[INFO] [1788611583.725464016]: [sim_plan] built plan=2059 start=4102.10 horizon=15.00 frames=150 commit_frames=20[0m
[0m[INFO] [1788611583.733458569]: [sim_plan] built plan=2060 start=4104.10 horizon=15.00 frames=150 commit_frames=20[0m
[0m[INFO] [1788611583.741545778]: [sim_plan] built plan=2061 start=4106.10 horizon=15.00 frames=150 commit_frames=20[0m
[0m[INFO] [1788611583.749562033]: [sim_plan] built plan=2062 start=4108.10 horizon=15.00 frames=150 commit_frames=20[0m
[0m[INFO] [1788611583.757738020]: [sim_plan] built plan=2063 start=4110.10 horizon=15.00 frames=150 commit_frames=20[0m
[0m[INFO] [1788611583.766100370]: [sim_plan] built plan=2064 start=4112.10 horizon=15.00 frames=150 commit_frames=20[0m
[0m[INFO] [1788611583.774624817]: [sim_plan] built plan=2065 start=4114.10 horizon=15.00 frames=150 commit_frames=20[0m
[0m[INFO] [1788611583.782726082]: [sim_plan] built plan=2066 start=4116.10 horizon=15.00 frames=150 commit_frames=20[0m
[0m[INFO] [1788611583.791862619]: [sim_plan] built plan=2067 start=4118.10 horizon=15.00 frames=150 commit_frames=20[0m
[0m[INFO] [1788611583.800667597]: [sim_plan] built plan=2068 start=4120.10 horizon=15.00 frames=150 commit_frames=20[0m
[0m[INFO] [1788611583.808809900]: [sim_plan] built plan=2069 start=4122.10 horizon=15.00 frames=150 commit_frames=20[0m
[0m[INFO] [1788611583.816875318]: [sim_plan] built plan=2070 start=4124.10 horizon=15.00 frames=150 commit_frames=20[0m
[0m[INFO] [1788611583.824809758]: [sim_plan] built plan=2071 start=4126.10 horizon=15.00 frames=150 commit_frames=20[0m
[0m[INFO] [1788611583.832892127]: [sim_plan] built plan=2072 start=4128.10 horizon=15.00 frames=150 commit_frames=20[0m
[0m[INFO] [1788611583.841360147]: [sim_plan] built plan=2073 start=4130.10 horizon=15.00 frames=150 commit_frames=20[0m
[0m[INFO] [1788611583.849943656]: [sim_plan] built plan=2074 start=4132.10 horizon=15.00 frames=150 commit_frames=20[0m
[0m[INFO] [1788611583.858568373]: [sim_plan] built plan=2075 start=4134.10 horizon=15.00 frames=150 commit_frames=20[0m
[0m[INFO] [1788611583.866629272]: [sim_plan] built plan=2076 start=4136.10 horizon=15.00 frames=150 commit_frames=20[0m
[0m[INFO] [1788611583.874797715]: [sim_plan] built plan=2077 start=4138.10 horizon=15.00 frames=150 commit_frames=20[0m
[0m[INFO] [1788611583.882793761]: [sim_plan] built plan=2078 start=4140.10 horizon=15.00 frames=150 commit_frames=20[0m
[0m[INFO] [1788611583.890998412]: [sim_plan] built plan=2079 start=4142.10 horizon=15.00 frames=150 commit_frames=20[0m
[0m[INFO] [1788611583.899271153]: [sim_plan] built plan=2080 start=4144.10 horizon=15.00 frames=150 commit_frames=20[0m
[0m[INFO] [1788611583.907428555]: [sim_plan] built plan=2081 start=4146.10 horizon=15.00 frames=150 commit_frames=20[0m
[0m[INFO] [1788611583.915518078]: [sim_plan] built plan=2082 start=4148.10 horizon=15.00 frames=150 commit_frames=20[0m
[0m[INFO] [1788611583.923856162]: [sim_plan] built plan=2083 start=4150.10 horizon=15.00 frames=150 commit_frames=20[0m
[0m[INFO] [1788611583.931778478]: [sim_plan] built plan=2084 start=4152.10 horizon=15.00 frames=150 commit_frames=20[0m
[0m[INFO] [1788611583.939628598]: [sim_plan] built plan=2085 start=4154.10 horizon=15.00 frames=150 commit_frames=20[0m
[0m[INFO] [1788611583.947477005]: [sim_plan] built plan=2086 start=4156.10 horizon=15.00 frames=150 commit_frames=20[0m
[0m[INFO] [1788611583.955509009]: [sim_plan] built plan=2087 start=4158.10 horizon=15.00 frames=150 commit_frames=20[0m
[0m[INFO] [1788611583.963379928]: [sim_plan] built plan=2088 start=4160.10 horizon=15.00 frames=150 commit_frames=20[0m
[0m[INFO] [1788611583.971525137]: [sim_plan] built plan=2089 start=4162.10 horizon=15.00 frames=150 commit_frames=20[0m
[0m[INFO] [1788611583.979419588]: [sim_plan] built plan=2090 start=4164.10 horizon=15.00 frames=150 commit_frames=20[0m
[0m[INFO] [1788611583.987369116]: [sim_plan] built plan=2091 start=4166.10 horizon=15.00 frames=150 commit_frames=20[0m
[0m[INFO] [1788611583.995821838]: [sim_plan] built plan=2092 start=4168.10 horizon=15.00 frames=150 commit_frames=20[0m
[0m[INFO] [1788611584.003624056]: [sim_plan] built plan=2093 start=4170.10 horizon=15.00 frames=150 commit_frames=20[0m
[0m[INFO] [1788611584.011629190]: [sim_plan] built plan=2094 start=4172.10 horizon=15.00 frames=150 commit_frames=20[0m
[0m[INFO] [1788611584.019318686]: [sim_plan] built plan=2095 start=4174.10 horizon=15.00 frames=150 commit_frames=20[0m
[0m[INFO] [1788611584.027414853]: [sim_plan] built plan=2096 start=4176.10 horizon=15.00 frames=150 commit_frames=20[0m
[0m[INFO] [1788611584.035192816]: [sim_plan] built plan=2097 start=4178.10 horizon=15.00 frames=150 commit_frames=20[0m
[0m[INFO] [1788611584.043088322]: [sim_plan] built plan=2098 start=4180.10 horizon=15.00 frames=150 commit_frames=20[0m
[0m[INFO] [1788611584.051037998]: [sim_plan] built plan=2099 start=4182.10 horizon=15.00 frames=150 commit_frames=20[0m
[0m[INFO] [1788611584.058924487]: [sim_plan] built plan=2100 start=4184.10 horizon=15.00 frames=150 commit_frames=20[0m
[0m[INFO] [1788611584.066836364]: [sim_plan] built plan=2101 start=4186.10 horizon=15.00 frames=150 commit_frames=20[0m
[0m[INFO] [1788611584.074867667]: [sim_plan] built plan=2102 start=4188.10 horizon=15.00 frames=150 commit_frames=20[0m
[0m[INFO] [1788611584.082763052]: [sim_plan] built plan=2103 start=4190.10 horizon=15.00 frames=150 commit_frames=20[0m
[0m[INFO] [1788611584.090744691]: [sim_plan] built plan=2104 start=4192.10 horizon=15.00 frames=150 commit_frames=20[0m
[0m[INFO] [1788611584.098552190]: [sim_plan] built plan=2105 start=4194.10 horizon=15.00 frames=150 commit_frames=20[0m
[0m[INFO] [1788611584.106396759]: [sim_plan] built plan=2106 start=4196.10 horizon=15.00 frames=150 commit_frames=20[0m
[0m[INFO] [1788611584.114445214]: [sim_plan] built plan=2107 start=4198.10 horizon=15.00 frames=150 commit_frames=20[0m
[0m[INFO] [1788611584.122847661]: [sim_plan] built plan=2108 start=4200.10 horizon=15.00 frames=150 commit_frames=20[0m
[0m[INFO] [1788611584.130761541]: [sim_plan] built plan=2109 start=4202.10 horizon=15.00 frames=150 commit_frames=20[0m
[0m[INFO] [1788611584.138655404]: [sim_plan] built plan=2110 start=4204.10 horizon=15.00 frames=150 commit_frames=20[0m
[0m[INFO] [1788611584.146608879]: [sim_plan] built plan=2111 start=4206.10 horizon=15.00 frames=150 commit_frames=20[0m
[0m[INFO] [1788611584.154407501]: [sim_plan] built plan=2112 start=4208.10 horizon=15.00 frames=150 commit_frames=20[0m
[0m[INFO] [1788611584.162468621]: [sim_plan] built plan=2113 start=4210.10 horizon=15.00 frames=150 commit_frames=20[0m
[0m[INFO] [1788611584.170944536]: [sim_plan] built plan=2114 start=4212.10 horizon=15.00 frames=150 commit_frames=20[0m
[0m[INFO] [1788611584.178971621]: [sim_plan] built plan=2115 start=4214.10 horizon=15.00 frames=150 commit_frames=20[0m
[0m[INFO] [1788611584.187076685]: [sim_plan] built plan=2116 start=4216.10 horizon=15.00 frames=150 commit_frames=20[0m
[0m[INFO] [1788611584.195222816]: [sim_plan] built plan=2117 start=4218.10 horizon=15.00 frames=150 commit_frames=20[0m
[0m[INFO] [1788611584.203227537]: [sim_plan] built plan=2118 start=4220.10 horizon=15.00 frames=150 commit_frames=20[0m
[0m[INFO] [1788611584.211302101]: [sim_plan] built plan=2119 start=4222.10 horizon=15.00 frames=150 commit_frames=20[0m
[0m[INFO] [1788611584.219272499]: [sim_plan] built plan=2120 start=4224.10 horizon=15.00 frames=150 commit_frames=20[0m
[0m[INFO] [1788611584.227638718]: [sim_plan] built plan=2121 start=4226.10 horizon=15.00 frames=150 commit_frames=20[0m
[0m[INFO] [1788611584.235822478]: [sim_plan] built plan=2122 start=4228.10 horizon=15.00 frames=150 commit_frames=20[0m
[0m[INFO] [1788611584.243810018]: [sim_plan] built plan=2123 start=4230.10 horizon=15.00 frames=150 commit_frames=20[0m
[0m[INFO] [1788611584.252224397]: [sim_plan] built plan=2124 start=4232.10 horizon=15.00 frames=150 commit_frames=20[0m
[0m[INFO] [1788611584.260629678]: [sim_plan] built plan=2125 start=4234.10 horizon=15.00 frames=150 commit_frames=20[0m
[0m[INFO] [1788611584.269048766]: [sim_plan] built plan=2126 start=4236.10 horizon=15.00 frames=150 commit_frames=20[0m
[0m[INFO] [1788611584.277308081]: [sim_plan] built plan=2127 start=4238.10 horizon=15.00 frames=150 commit_frames=20[0m
[0m[INFO] [1788611584.285545205]: [sim_plan] built plan=2128 start=4240.10 horizon=15.00 frames=150 commit_frames=20[0m
[0m[INFO] [1788611584.293492497]: [sim_plan] built plan=2129 start=4242.10 horizon=15.00 frames=150 commit_frames=20[0m
[0m[INFO] [1788611584.301508132]: [sim_plan] built plan=2130 start=4244.10 horizon=15.00 frames=150 commit_frames=20[0m
[0m[INFO] [1788611584.309758979]: [sim_plan] built plan=2131 start=4246.10 horizon=15.00 frames=150 commit_frames=20[0m
[0m[INFO] [1788611584.317904069]: [sim_plan] built plan=2132 start=4248.10 horizon=15.00 frames=150 commit_frames=20[0m
[0m[INFO] [1788611584.326113308]: [sim_plan] built plan=2133 start=4250.10 horizon=15.00 frames=150 commit_frames=20[0m
[0m[INFO] [1788611584.334386238]: [sim_plan] built plan=2134 start=4252.10 horizon=15.00 frames=150 commit_frames=20[0m
[0m[INFO] [1788611584.342503576]: [sim_plan] built plan=2135 start=4254.10 horizon=15.00 frames=150 commit_frames=20[0m
[0m[INFO] [1788611584.350733964]: [sim_plan] built plan=2136 start=4256.10 horizon=15.00 frames=150 commit_frames=20[0m
[0m[INFO] [1788611584.358767171]: [sim_plan] built plan=2137 start=4258.10 horizon=15.00 frames=150 commit_frames=20[0m
[0m[INFO] [1788611584.366912951]: [sim_plan] built plan=2138 start=4260.10 horizon=15.00 frames=150 commit_frames=20[0m
[0m[INFO] [1788611584.375171815]: [sim_plan] built plan=2139 start=4262.10 horizon=15.00 frames=150 commit_frames=20[0m
[0m[INFO] [1788611584.383294901]: [sim_plan] built plan=2140 start=4264.10 horizon=15.00 frames=150 commit_frames=20[0m
[0m[INFO] [1788611584.391369346]: [sim_plan] built plan=2141 start=4266.10 horizon=15.00 frames=150 commit_frames=20[0m
[0m[INFO] [1788611584.399541506]: [sim_plan] built plan=2142 start=4268.10 horizon=15.00 frames=150 commit_frames=20[0m
[0m[INFO] [1788611584.407650756]: [sim_plan] built plan=2143 start=4270.10 horizon=15.00 frames=150 commit_frames=20[0m
[0m[INFO] [1788611584.415804141]: [sim_plan] built plan=2144 start=4272.10 horizon=15.00 frames=150 commit_frames=20[0m
[0m[INFO] [1788611584.423911538]: [sim_plan] built plan=2145 start=4274.10 horizon=15.00 frames=150 commit_frames=20[0m
[0m[INFO] [1788611584.432084839]: [sim_plan] built plan=2146 start=4276.10 horizon=15.00 frames=150 commit_frames=20[0m
[0m[INFO] [1788611584.440070847]: [sim_plan] built plan=2147 start=4278.10 horizon=15.00 frames=150 commit_frames=20[0m
[0m[INFO] [1788611584.448663074]: [sim_plan] built plan=2148 start=4280.10 horizon=15.00 frames=150 commit_frames=20[0m
[0m[INFO] [1788611584.456627660]: [sim_plan] built plan=2149 start=4282.10 horizon=15.00 frames=150 commit_frames=20[0m
[0m[INFO] [1788611584.464547091]: [sim_plan] built plan=2150 start=4284.10 horizon=15.00 frames=150 commit_frames=20[0m
[0m[INFO] [1788611584.472814130]: [sim_plan] built plan=2151 start=4286.10 horizon=15.00 frames=150 commit_frames=20[0m
[0m[INFO] [1788611584.480711088]: [sim_plan] built plan=2152 start=4288.10 horizon=15.00 frames=150 commit_frames=20[0m
[0m[INFO] [1788611584.488664934]: [sim_plan] built plan=2153 start=4290.10 horizon=15.00 frames=150 commit_frames=20[0m
[0m[INFO] [1788611584.496531565]: [sim_plan] built plan=2154 start=4292.10 horizon=15.00 frames=150 commit_frames=20[0m
[0m[INFO] [1788611584.504452910]: [sim_plan] built plan=2155 start=4294.10 horizon=15.00 frames=150 commit_frames=20[0m
[0m[INFO] [1788611584.512540980]: [sim_plan] built plan=2156 start=4296.10 horizon=15.00 frames=150 commit_frames=20[0m
[0m[INFO] [1788611584.520465060]: [sim_plan] built plan=2157 start=4298.10 horizon=15.00 frames=150 commit_frames=20[0m
[0m[INFO] [1788611584.528441920]: [sim_plan] built plan=2158 start=4300.10 horizon=15.00 frames=150 commit_frames=20[0m
[0m[INFO] [1788611584.536367132]: [sim_plan] built plan=2159 start=4302.10 horizon=15.00 frames=150 commit_frames=20[0m
[0m[INFO] [1788611584.544188186]: [sim_plan] built plan=2160 start=4304.10 horizon=15.00 frames=150 commit_frames=20[0m
[0m[INFO] [1788611584.552251460]: [sim_plan] built plan=2161 start=4306.10 horizon=15.00 frames=150 commit_frames=20[0m
[0m[INFO] [1788611584.560068798]: [sim_plan] built plan=2162 start=4308.10 horizon=15.00 frames=150 commit_frames=20[0m
[0m[INFO] [1788611584.568011102]: [sim_plan] built plan=2163 start=4310.10 horizon=15.00 frames=150 commit_frames=20[0m
[0m[INFO] [1788611584.576119623]: [sim_plan] built plan=2164 start=4312.10 horizon=15.00 frames=150 commit_frames=20[0m
[0m[INFO] [1788611584.584292825]: [sim_plan] built plan=2165 start=4314.10 horizon=15.00 frames=150 commit_frames=20[0m
[0m[INFO] [1788611584.592156911]: [sim_plan] built plan=2166 start=4316.10 horizon=15.00 frames=150 commit_frames=20[0m
[0m[INFO] [1788611584.600149991]: [sim_plan] built plan=2167 start=4318.10 horizon=15.00 frames=150 commit_frames=20[0m
[0m[INFO] [1788611584.600413230]: [batch] 43200/72000 ticks (sim_t=4320s) hard_guard=0[0m
[0m[INFO] [1788611584.608249612]: [sim_plan] built plan=2168 start=4320.10 horizon=15.00 frames=150 commit_frames=20[0m
[0m[INFO] [1788611584.616105563]: [sim_plan] built plan=2169 start=4322.10 horizon=15.00 frames=150 commit_frames=20[0m
[0m[INFO] [1788611584.624070660]: [sim_plan] built plan=2170 start=4324.10 horizon=15.00 frames=150 commit_frames=20[0m
[0m[INFO] [1788611584.632031480]: [sim_plan] built plan=2171 start=4326.10 horizon=15.00 frames=150 commit_frames=20[0m
[0m[INFO] [1788611584.640188140]: [sim_plan] built plan=2172 start=4328.10 horizon=15.00 frames=150 commit_frames=20[0m
[0m[INFO] [1788611584.648251295]: [sim_plan] built plan=2173 start=4330.10 horizon=15.00 frames=150 commit_frames=20[0m
[0m[INFO] [1788611584.656182156]: [sim_plan] built plan=2174 start=4332.10 horizon=15.00 frames=150 commit_frames=20[0m
[0m[INFO] [1788611584.663997991]: [sim_plan] built plan=2175 start=4334.10 horizon=15.00 frames=150 commit_frames=20[0m
[0m[INFO] [1788611584.672074930]: [sim_plan] built plan=2176 start=4336.10 horizon=15.00 frames=150 commit_frames=20[0m
[0m[INFO] [1788611584.679987849]: [sim_plan] built plan=2177 start=4338.10 horizon=15.00 frames=150 commit_frames=20[0m
[0m[INFO] [1788611584.687919784]: [sim_plan] built plan=2178 start=4340.10 horizon=15.00 frames=150 commit_frames=20[0m
[0m[INFO] [1788611584.696003837]: [sim_plan] built plan=2179 start=4342.10 horizon=15.00 frames=150 commit_frames=20[0m
[0m[INFO] [1788611584.704176527]: [sim_plan] built plan=2180 start=4344.10 horizon=15.00 frames=150 commit_frames=20[0m
[0m[INFO] [1788611584.712368695]: [sim_plan] built plan=2181 start=4346.10 horizon=15.00 frames=150 commit_frames=20[0m
[0m[INFO] [1788611584.720357149]: [sim_plan] built plan=2182 start=4348.10 horizon=15.00 frames=150 commit_frames=20[0m
[0m[INFO] [1788611584.728578479]: [sim_plan] built plan=2183 start=4350.10 horizon=15.00 frames=150 commit_frames=20[0m
[0m[INFO] [1788611584.736403081]: [sim_plan] built plan=2184 start=4352.10 horizon=15.00 frames=150 commit_frames=20[0m
[0m[INFO] [1788611584.744338392]: [sim_plan] built plan=2185 start=4354.10 horizon=15.00 frames=150 commit_frames=20[0m
[0m[INFO] [1788611584.752257713]: [sim_plan] built plan=2186 start=4356.10 horizon=15.00 frames=150 commit_frames=20[0m
[0m[INFO] [1788611584.760367855]: [sim_plan] built plan=2187 start=4358.10 horizon=15.00 frames=150 commit_frames=20[0m
[0m[INFO] [1788611584.768238715]: [sim_plan] built plan=2188 start=4360.10 horizon=15.00 frames=150 commit_frames=20[0m
[0m[INFO] [1788611584.776601094]: [sim_plan] built plan=2189 start=4362.10 horizon=15.00 frames=150 commit_frames=20[0m
[0m[INFO] [1788611584.784474138]: [sim_plan] built plan=2190 start=4364.10 horizon=15.00 frames=150 commit_frames=20[0m
[0m[INFO] [1788611584.792481345]: [sim_plan] built plan=2191 start=4366.10 horizon=15.00 frames=150 commit_frames=20[0m
[0m[INFO] [1788611584.800578362]: [sim_plan] built plan=2192 start=4368.10 horizon=15.00 frames=150 commit_frames=20[0m
[0m[INFO] [1788611584.808958205]: [sim_plan] built plan=2193 start=4370.10 horizon=15.00 frames=150 commit_frames=20[0m
[0m[INFO] [1788611584.816980623]: [sim_plan] built plan=2194 start=4372.10 horizon=15.00 frames=150 commit_frames=20[0m
[0m[INFO] [1788611584.825409588]: [sim_plan] built plan=2195 start=4374.10 horizon=15.00 frames=150 commit_frames=20[0m
[0m[INFO] [1788611584.833731732]: [sim_plan] built plan=2196 start=4376.10 horizon=15.00 frames=150 commit_frames=20[0m
[0m[INFO] [1788611584.841685768]: [sim_plan] built plan=2197 start=4378.10 horizon=15.00 frames=150 commit_frames=20[0m
[0m[INFO] [1788611584.849571757]: [sim_plan] built plan=2198 start=4380.10 horizon=15.00 frames=150 commit_frames=20[0m
[0m[INFO] [1788611584.857432776]: [sim_plan] built plan=2199 start=4382.10 horizon=15.00 frames=150 commit_frames=20[0m
[0m[INFO] [1788611584.865270583]: [sim_plan] built plan=2200 start=4384.10 horizon=15.00 frames=150 commit_frames=20[0m
[0m[INFO] [1788611584.873082139]: [sim_plan] built plan=2201 start=4386.10 horizon=15.00 frames=150 commit_frames=20[0m
[0m[INFO] [1788611584.881405906]: [sim_plan] built plan=2202 start=4388.10 horizon=15.00 frames=150 commit_frames=20[0m
[0m[INFO] [1788611584.889257340]: [sim_plan] built plan=2203 start=4390.10 horizon=15.00 frames=150 commit_frames=20[0m
[0m[INFO] [1788611584.896963636]: [sim_plan] built plan=2204 start=4392.10 horizon=15.00 frames=150 commit_frames=20[0m
[0m[INFO] [1788611584.904702186]: [sim_plan] built plan=2205 start=4394.10 horizon=15.00 frames=150 commit_frames=20[0m
[0m[INFO] [1788611584.912463766]: [sim_plan] built plan=2206 start=4396.10 horizon=15.00 frames=150 commit_frames=20[0m
[0m[INFO] [1788611584.920341799]: [sim_plan] built plan=2207 start=4398.10 horizon=15.00 frames=150 commit_frames=20[0m
[0m[INFO] [1788611584.928280388]: [sim_plan] built plan=2208 start=4400.10 horizon=15.00 frames=150 commit_frames=20[0m
[0m[INFO] [1788611584.937119431]: [sim_plan] built plan=2209 start=4402.10 horizon=15.00 frames=150 commit_frames=20[0m
[0m[INFO] [1788611584.945102701]: [sim_plan] built plan=2210 start=4404.10 horizon=15.00 frames=150 commit_frames=20[0m
[0m[INFO] [1788611584.953149744]: [sim_plan] built plan=2211 start=4406.10 horizon=15.00 frames=150 commit_frames=20[0m
[0m[INFO] [1788611584.960894394]: [sim_plan] built plan=2212 start=4408.10 horizon=15.00 frames=150 commit_frames=20[0m
[0m[INFO] [1788611584.968641378]: [sim_plan] built plan=2213 start=4410.10 horizon=15.00 frames=150 commit_frames=20[0m
[0m[INFO] [1788611584.977026622]: [sim_plan] built plan=2214 start=4412.10 horizon=15.00 frames=150 commit_frames=20[0m
[0m[INFO] [1788611584.985018319]: [sim_plan] built plan=2215 start=4414.10 horizon=15.00 frames=150 commit_frames=20[0m
[0m[INFO] [1788611584.993010839]: [sim_plan] bui[33m[WARN] [1788611597.169091156]: [DIAG cycle] 等待图检测到环 V0->V1 —— 严格全序下本不该出现,疑为 slot 资源前置约束成环(循环占位)。暂由破环逃生兜底。[0m
lt plan=2216 start=4416.10 horizon=15.00 frames=150 commit_frames=20[0m
[0m[INFO] [1788611585.000913039]: [sim_plan] built plan=2217 start=4418.10 horizon=15.00 frames=150 commit_frames=20[0m
[0m[INFO] [1788611585.008665823]: [sim_plan] built plan=2218 start=4420.10 horizon=15.00 frames=150 commit_frames=20[0m
[0m[INFO] [1788611585.016562262]: [sim_plan] built plan=2219 start=4422.10 horizon=15.00 frames=150 commit_frames=20[0m
[0m[INFO] [1788611585.024291892]: [sim_plan] built plan=2220 start=4424.10 horizon=15.00 frames=150 commit_frames=20[0m
[0m[INFO] [1788611585.031992488]: [sim_plan] built plan=2221 start=4426.10 horizon=15.00 frames=150 commit_frames=20[0m
[0m[INFO] [1788611585.040272112]: [sim_plan] built plan=2222 start=4428.10 horizon=15.00 frames=150 commit_frames=20[0m
[0m[INFO] [1788611585.048274311]: [sim_plan] built plan=2223 start=4430.10 horizon=15.00 frames=150 commit_frames=20[0m
[0m[INFO] [1788611585.056081239]: [sim_plan] built plan=2224 start=4432.10 horizon=15.00 frames=150 commit_frames=20[0m
[0m[INFO] [1788611585.063967457]: [sim_plan] built plan=2225 start=4434.10 horizon=15.00 frames=150 commit_frames=20[0m
[0m[INFO] [1788611585.071828868]: [sim_plan] built plan=2226 start=4436.10 horizon=15.00 frames=150 commit_frames=20[0m
[0m[INFO] [1788611585.079922508]: [sim_plan] built plan=2227 start=4438.10 horizon=15.00 frames=150 commit_frames=20[0m
[0m[INFO] [1788611585.087686035]: [sim_plan] built plan=2228 start=4440.10 horizon=15.00 frames=150 commit_frames=20[0m
[0m[INFO] [1788611585.095907917]: [sim_plan] built plan=2229 start=4442.10 horizon=15.00 frames=150 commit_frames=20[0m
[0m[INFO] [1788611585.103899445]: [sim_plan] built plan=2230 start=4444.10 horizon=15.00 frames=150 commit_frames=20[0m
[0m[INFO] [1788611585.111867438]: [sim_plan] built plan=2231 start=4446.10 horizon=15.00 frames=150 commit_frames=20[0m
[0m[INFO] [1788611585.119833487]: [sim_plan] built plan=2232 start=4448.10 horizon=15.00 frames=150 commit_frames=20[0m
[0m[INFO] [1788611585.127771604]: [sim_plan] built plan=2233 start=4450.10 horizon=15.00 frames=150 commit_frames=20[0m
[0m[INFO] [1788611585.135637363]: [sim_plan] built plan=2234 start=4452.10 horizon=15.00 frames=150 commit_frames=20[0m
[0m[INFO] [1788611585.143496089]: [sim_plan] built plan=2235 start=4454.10 horizon=15.00 frames=150 commit_frames=20[0m
[0m[INFO] [1788611585.151274463]: [sim_plan] built plan=2236 start=4456.10 horizon=15.00 frames=150 commit_frames=20[0m
[0m[INFO] [1788611585.159165059]: [sim_plan] built plan=2237 start=4458.10 horizon=15.00 frames=150 commit_frames=20[0m
[0m[INFO] [1788611585.167126129]: [sim_plan] built plan=2238 start=4460.10 horizon=15.00 frames=150 commit_frames=20[0m
[0m[INFO] [1788611597.170405135]: [sim_plan] built plan=2239 start=4462.10 horizon=15.00 frames=150 commit_frames=20[0m
[0m[INFO] [1788611597.178503654]: [sim_plan] built plan=2240 start=4464.10 horizon=15.00 frames=150 commit_frames=20[0m
[0m[INFO] [1788611597.186524839]: [sim_plan] built plan=2241 start=4466.10 horizon=15.00 frames=150 commit_frames=20[0m
[0m[INFO] [1788611597.194515153]: [sim_plan] built plan=2242 start=4468.10 horizon=15.00 frames=150 commit_frames=20[0m
[0m[INFO] [1788611597.202275562]: [sim_plan] built plan=2243 start=4470.10 horizon=15.00 frames=150 commit_frames=20[0m
[0m[INFO] [1788611597.210060358]: [sim_plan] built plan=2244 start=4472.10 horizon=15.00 frames=150 commit_frames=20[0m
[0m[INFO] [1788611597.218395417]: [sim_plan] built plan=2245 start=4474.10 horizon=15.00 frames=150 commit_frames=20[0m
[0m[INFO] [1788611597.226082418]: [sim_plan] built plan=2246 start=4476.10 horizon=15.00 frames=150 commit_frames=20[0m
[0m[INFO] [1788611597.233935412]: [sim_plan] built plan=2247 start=4478.10 horizon=15.00 frames=150 commit_frames=20[0m
[0m[INFO] [1788611597.241960374]: [sim_plan] built plan=2248 start=4480.10 horizon=15.00 frames=150 commit_frames=20[0m
[0m[INFO] [1788611597.249973312]: [sim_plan] built plan=2249 start=4482.10 horizon=15.00 frames=150 commit_frames=20[[33m[WARN] [1788611585.462500808]: [DIAG cycle] 等待图检测到环 V0->V1 —— 严格全序下本不该出现,疑为 slot 资源前置约束成环(循环占位)。暂由破环逃生兜底。[0m
0m
[0m[INFO] [1788611597.258114483]: [sim_plan] built plan=2250 start=4484.10 horizon=15.00 frames=150 commit_frames=20[0m
[0m[INFO] [1788611597.265770154]: [sim_plan] built plan=2251 start=4486.10 horizon=15.00 frames=150 commit_frames=20[0m
[0m[INFO] [1788611597.273732216]: [sim_plan] built plan=2252 start=4488.10 horizon=15.00 frames=150 commit_frames=20[0m
[0m[INFO] [1788611597.281727121]: [sim_plan] built plan=2253 start=4490.10 horizon=15.00 frames=150 commit_frames=20[0m
[0m[INFO] [1788611597.289840198]: [sim_plan] built plan=2254 start=4492.10 horizon=15.00 frames=150 commit_frames=20[0m
[0m[INFO] [1788611597.297808602]: [sim_plan] built plan=2255 start=4494.10 horizon=15.00 frames=150 commit_frames=20[0m
[0m[INFO] [1788611597.305729095]: [sim_plan] built plan=2256 start=4496.10 horizon=15.00 frames=150 commit_frames=20[0m
[0m[INFO] [1788611597.313622336]: [sim_plan] built plan=2257 start=4498.10 horizon=15.00 frames=150 commit_frames=20[0m
[0m[INFO] [1788611597.321438852]: [sim_plan] built plan=2258 start=4500.10 horizon=15.00 frames=150 commit_frames=20[0m
[0m[INFO] [1788611597.329401946]: [sim_plan] built plan=2259 start=4502.10 horizon=15.00 frames=150 commit_frames=20[0m
[0m[INFO] [1788611597.337081813]: [sim_plan] built plan=2260 start=4504.10 horizon=15.00 frames=150 commit_frames=20[0m
[0m[INFO] [1788611597.345154765]: [sim_plan] built plan=2261 start=4506.10 horizon=15.00 frames=150 commit_frames=20[0m
[0m[INFO] [1788611597.353026005]: [sim_plan] built plan=2262 start=4508.10 horizon=15.00 frames=150 commit_frames=20[0m
[0m[INFO] [1788611597.360701055]: [sim_plan] built plan=2263 start=4510.10 horizon=15.00 frames=150 commit_frames=20[0m
[0m[INFO] [1788611597.368398313]: [sim_plan] built plan=2264 start=4512.10 horizon=15.00 frames=150 commit_frames=20[0m
[0m[INFO] [1788611597.376082630]: [sim_plan] built plan=2265 start=4514.10 horizon=15.00 frames=150 commit_frames=20[0m
[0m[INFO] [1788611597.383817440]: [sim_plan] built plan=2266 start=4516.10 horizon=15.00 frames=150 commit_frames=20[0m
[0m[INFO] [1788611597.391412577]: [sim_plan] built plan=2267 start=4518.10 horizon=15.00 frames=150 commit_frames=20[0m
[0m[INFO] [1788611597.399208414]: [sim_plan] built plan=2268 start=4520.10 horizon=15.00 frames=150 commit_frames=20[0m
[0m[INFO] [1788611597.407001716]: [sim_plan] built plan=2269 start=4522.10 horizon=15.00 frames=150 commit_frames=20[0m
[0m[INFO] [1788611597.415075509]: [sim_plan] built plan=2270 start=4524.10 horizon=15.00 frames=150 commit_frames=20[0m
[0m[INFO] [1788611597.422817775]: [sim_plan] built plan=2271 start=4526.10 horizon=15.00 frames=150 commit_frames=20[0m
[0m[INFO] [1788611597.430669848]: [sim_plan] built plan=2272 start=4528.10 horizon=15.00 frames=150 commit_frames=20[0m
[0m[INFO] [1788611585.466288712]: [sim_plan] built plan=2273 start=4530.10 horizon=15.00 frames=150 commit_frames=20[0m
[0m[INFO] [1788611585.473927995]: [sim_plan] built plan=2274 start=4532.10 horizon=15.00 frames=150 commit_frames=20[0m
[0m[INFO] [1788611585.481758006]: [sim_plan] built plan=2275 start=4534.10 horizon=15.00 frames=150 commit_frames=20[0m
[0m[INFO] [1788611585.489394981]: [sim_plan] built plan=2276 start=4536.10 horizon=15.00 frames=150 commit_frames=20[0m
[0m[INFO] [1788611585.497007681]: [sim_plan] built plan=2277 start=4538.10 horizon=15.00 frames=150 commit_frames=20[0m
[0m[INFO] [1788611585.504677619]: [sim_plan] built plan=2278 start=4540.10 horizon=15.00 frames=150 commit_frames=20[0m
[0m[INFO] [1788611585.512425205]: [sim_plan] built plan=2279 start=4542.10 horizon=15.00 frames=150 commit_frames=20[0m
[0m[INFO] [1788611585.520114261]: [sim_plan] built plan=2280 start=4544.10 horizon=15.00 frames=150 commit_frames=20[0m
[0m[INFO] [1788611585.527721831]: [sim_plan] built plan=2281 start=4546.10 horizon=15.00 frames=150 commit_frames=20[0m
[0m[INFO] [1788611585.535539319]: [sim_plan] built plan=2282 start=4548.10 horizon=15.00 frames=150 commit_frames=20[0m
[0m[INFO] [1788611585.543409635]: [sim_plan] built plan=2283 start=4550.10 horizon=15.00 frames=150 commit_frames=20[0m
[0m[INFO] [1788611585.551580783]: [sim_plan] built plan=2284 start=4552.10 horizon=15.00 frames=150 commit_frames=20[0m
[0m[INFO] [1788611585.559538948]: [sim_plan] built plan=2285 start=4554.10 horizon=15.00 frames=150 commit_frames=20[0m
[0m[INFO] [1788611585.567469620]: [sim_plan] built plan=2286 start=4556.10 horizon=15.00 frames=150 commit_frames=20[0m
[0m[INFO] [1788611585.575368592]: [sim_plan] built plan=2287 start=4558.10 horizon=15.00 frames=150 commit_frames=20[0m
[0m[INFO] [1788611585.583372443]: [sim_plan] built plan=2288 start=4560.10 horizon=15.00 frames=150 commit_frames=20[0m
[0m[INFO] [1788611585.591396843]: [sim_plan] built plan=2289 start=4562.10 horizon=15.00 frames=150 commit_frames=20[0m
[0m[INFO] [1788611585.599281027]: [sim_plan] built plan=2290 start=4564.10 horizon=15.00 frames=150 commit_frames=20[0m
[0m[INFO] [1788611585.607291040]: [sim_plan] built plan=2291 start=4566.10 horizon=15.00 frames=150 commit_frames=20[0m
[0m[INFO] [1788611585.615313516]: [sim_plan] built plan=2292 start=4568.10 horizon=15.00 frames=150 commit_frames=20[0m
[0m[INFO] [1788611585.623443346]: [sim_plan] built plan=2293 start=4570.10 horizon=15.00 frames=150 commit_frames=20[0m
[0m[INFO] [1788611585.631435304]: [sim_plan] built plan=2294 start=4572.10 horizon=15.00 frames=150 commit_frames=20[0m
[0m[INFO] [1788611585.639502816]: [sim_plan] built plan=2295 start=4574.10 horizon=15.00 frames=150 commit_frames=20[0m
[0m[INFO] [1788611585.647567552]: [sim_plan] built plan=2296 start=4576.10 horizon=15.00 frames=150 commit_frames=20[0m
[0m[INFO] [1788611585.655657837]: [sim_plan] built plan=2297 start=4578.10 horizon=15.00 frames=150 commit_frames=20[0m
[0m[INFO] [1788611585.663566838]: [sim_plan] built plan=2298 start=4580.10 horizon=15.00 frames=150 commit_frames=20[0m
[0m[INFO] [1788611585.671680068]: [sim_plan] built plan=2299 start=4582.10 horizon=15.00 frames=150 commit_frames=20[0m
[0m[INFO] [1788611585.679520207]: [sim_plan] built plan=2300 start=4584.10 horizon=15.00 frames=150 commit_frames=20[0m
[0m[INFO] [1788611585.687499903]: [sim_plan] built plan=2301 start=4586.10 horizon=15.00 frames=150 commit_frames=20[0m
[0m[INFO] [1788611585.695641043]: [sim_plan] built plan=2302 start=4588.10 horizon=15.00 frames=150 commit_frames=20[0m
[0m[INFO] [1788611585.703549774]: [sim_plan] built plan=2303 start=4590.10 horizon=15.00 frames=150 commit_frames=20[0m
[0m[INFO] [1788611585.711452042]: [sim_plan] built plan=2304 start=4592.10 horizon=15.00 frames=150 commit_frames=20[0m
[0m[INFO] [1788611585.719315497]: [sim_plan] built plan=2305 start=4594.10 horizon=15.00 frames=150 commit_frames=20[0m
[0m[INFO] [1788611585.727196966]: [sim_plan] built plan=2306 start=4596.10 horizon=15.00 frames=150 commit_frames=20[0m
[0m[INFO] [1788611585.736242330]: [sim_plan] built plan=2307 start=4598.10 horizon=15.00 frames=150 commit_frames=20[0m
[0m[INFO] [1788611585.744375997]: [sim_plan] built plan=2308 start=4600.10 horizon=15.00 frames=150 commit_frames=20[0m
[0m[INFO] [1788611585.752431536]: [sim_plan] built plan=2309 start=4602.10 horizon=15.00 frames=150 commit_frames=20[0m
[0m[INFO] [1788611585.760325278]: [sim_plan] built plan=2310 start=4604.10 horizon=15.00 frames=150 commit_frames=20[0m
[0m[INFO] [1788611585.768247054]: [sim_plan] built plan=2311 start=4606.10 horizon=15.00 frames=150 commit_frames=20[0m
[0m[INFO] [1788611585.776322901]: [sim_plan] built plan=2312 start=4608.10 horizon=15.00 frames=150 commit_frames=20[0m
[0m[INFO] [1788611585.784177289]: [sim_plan] built plan=2313 start=4610.10 horizon=15.00 frames=150 commit_frames=20[0m
[0m[INFO] [1788611585.792219262]: [sim_plan] built plan=2314 start=4612.10 horizon=15.00 frames=150 commit_frames=20[0m
[0m[INFO] [1788611585.800311210]: [sim_plan] built plan=2315 start=4614.10 horizon=15.00 frames=150 commit_frames=20[0m
[0m[INFO] [1788611585.808117587]: [sim_plan] built plan=2316 start=4616.10 horizon=15.00 frames=150 commit_frames=20[0m
[0m[INFO] [1788611585.816232839]: [sim_plan] built plan=2317 start=4618.10 horizon=15.00 frames=150 commit_frames=20[0m
[0m[INFO] [1788611585.824687494]: [sim_plan] built plan=2318 start=4620.10 horizon=15.00 frames=150 commit_frames=20[0m
[0m[INFO] [1788611585.832898948]: [sim_plan] built plan=2319 start=4622.10 horizon=15.00 frames=150 commit_frames=20[0m
[0m[INFO] [1788611585.840958134]: [sim_plan] built plan=2320 start=4624.10 horizon=15.00 frames=150 commit_frames=20[0m
[0m[INFO] [1788611585.849082393]: [sim_plan] built plan=2321 start=4626.10 horizon=15.00 frames=150 commit_frames=20[0m
[0m[INFO] [1788611585.857140416]: [sim_plan] built plan=2322 start=4628.10 horizon=15.00 frames=150 commit_frames=20[0m
[0m[INFO] [1788611585.864941234]: [sim_plan] built plan=2323 start=4630.10 horizon=15.00 frames=150 commit_frames=20[0m
[0m[INFO] [1788611585.872888506]: [sim_plan] built plan=2324 start=4632.10 horizon=15.00 frames=150 commit_frames=20[0m
[0m[INFO] [1788611585.880750719]: [sim_plan] built plan=2325 start=4634.10 horizon=15.00 frames=150 commit_frames=20[0m
[0m[INFO] [1788611585.888501803]: [sim_plan] built plan=2326 start=4636.10 horizon=15.00 frames=150 commit_frames=20[0m
[0m[INFO] [1788611585.896377791]: [sim_plan] built plan=2327 start=4638.10 horizon=15.00 frames=150 commit_frames=20[0m
[0m[INFO] [1788611585.904254732]: [sim_plan] built plan=2328 start=4640.10 horizon=15.00 frames=150 commit_frames=20[0m
[0m[INFO] [1788611585.912151700]: [sim_plan] built plan=2329 start=4642.10 horizon=15.00 frames=150 commit_frames=20[0m
[0m[INFO] [1788611585.920882086]: [sim_plan] built plan=2330 start=4644.10 horizon=15.00 frames=150 commit_frames=20[0m
[0m[INFO] [1788611585.928721677]: [sim_plan] built plan=2331 start=4646.10 horizon=15.00 frames=150 commit_frames=20[0m
[0m[INFO] [1788611585.937150091]: [sim_plan] built plan=2332 start=4648.10 horizon=15.00 frames=150 commit_frames=20[0m
[0m[INFO] [1788611585.944969524]: [sim_plan] built plan=2333 start=4650.10 horizon=15.00 frames=150 commit_frames=20[0m
[0m[INFO] [1788611585.952960551]: [sim_plan] built plan=2334 start=4652.10 horizon=15.00 frames=150 commit_frames=20[0m
[0m[INFO] [1788611585.961123051]: [sim_plan] built plan=2335 start=4654.10 horizon=15.00 frames=150 commit_frames=20[0m
[0m[INFO] [1788611585.969443262]: [sim_plan] built plan=2336 start=4656.10 horizon=15.00 frames=150 commit_frames=20[0m
[0m[INFO] [1788611585.977304253]: [sim_plan] built plan=2337 start=4658.10 horizon=15.00 frames=150 commit_frames=20[0m
[0m[INFO] [1788611585.985158150]: [sim_plan] built plan=2338 start=4660.10 horizon=15.00 frames=150 commit_frames=20[0m
[0m[INFO] [1788611585.993107247]: [sim_plan] built plan=2339 start=4662.10 horizon=15.00 frames=150 commit_frames=20[0m
[0m[INFO] [1788611586.002008005]: [sim_plan] built plan=2340 start=4664.10 horizon=15.00 frames=150 commit_frames=20[0m
[0m[INFO] [1788611586.010406806]: [sim_plan] built plan=2341 start=4666.10 horizon=15.00 frames=150 commit_frames=20[0m
[0m[INFO] [1788611586.018212411]: [sim_plan] built plan=2342 start=4668.10 horizon=15.00 frames=150 commit_frames=20[0m
[0m[INFO] [1788611586.026189912]: [sim_plan] built plan=2343 start=4670.10 horizon=15.00 frames=150 commit_frames=20[0m
[0m[INFO] [1788611586.034042046]: [sim_plan] built plan=2344 start=4672.10 horizon=15.00 frames=150 commit_frames=20[0m
[0m[INFO] [1788611586.042321126]: [sim_plan] built plan=2345 start=4674.10 horizon=15.00 frames=150 commit_frames=20[0m
[0m[INFO] [1788611586.050066368]: [sim_plan] built plan=2346 start=4676.10 horizon=15.00 frames=150 commit_frames=20[0m
[0m[INFO] [1788611586.058088683]: [sim_plan] built plan=2347 start=4678.10 horizon=15.00 frames=150 commit_frames=20[0m
[0m[INFO] [1788611586.066160132]: [sim_plan] built plan=2348 start=4680.10 horizon=15.00 frames=150 commit_frames=20[0m
[0m[INFO] [1788611586.074430959]: [sim_plan] built plan=2349 start=4682.10 horizon=15.00 frames=150 commit_frames=20[0m
[0m[INFO] [1788611586.082394383]: [sim_plan] built plan=2350 start=4684.10 horizon=15.00 frames=150 commit_frames=20[0m
[0m[INFO] [1788611586.091358834]: [sim_plan] built plan=2351 start=4686.10 horizon=15.00 frames=150 commit_frames=20[0m
[0m[INFO] [1788611586.099701587]: [sim_plan] built plan=2352 start=4688.10 horizon=15.00 frames=150 commit_frames=20[0m
[0m[INFO] [1788611586.107930173]: [sim_plan] built plan=2353 start=4690.10 horizon=15.00 frames=150 commit_frames=20[0m
[0m[INFO] [1788611586.115841269]: [sim_plan] built plan=2354 start=4692.10 horizon=15.00 frames=150 commit_frames=20[0m
[0m[INFO] [1788611586.123992780]: [sim_plan] built plan=2355 start=4694.10 horizon=15.00 frames=150 commit_frames=20[0m
[0m[INFO] [1788611586.132114676]: [sim_plan] built plan=2356 start=4696.10 horizon=15.00 frames=150 commit_frames=20[0m
[0m[INFO] [1788611586.140123685]: [sim_plan] built plan=2357 start=4698.10 horizon=15.00 frames=150 commit_frames=20[0m
[0m[INFO] [1788611586.148313718]: [sim_plan] built plan=2358 start=4700.10 horizon=15.00 frames=150 commit_frames=20[0m
[0m[INFO] [1788611586.156947202]: [sim_plan] built plan=2359 start=4702.10 horizon=15.00 frames=150 commit_frames=20[0m
[0m[INFO] [1788611586.165487920]: [sim_plan] built plan=2360 start=4704.10 horizon=15.00 frames=150 commit_frames=20[0m
[0m[INFO] [1788611586.174158144]: [sim_plan] built plan=2361 start=4706.10 horizon=15.00 frames=150 commit_frames=20[0m
[0m[INFO] [1788611586.182643928]: [sim_plan] built plan=2362 start=4708.10 horizon=15.00 frames=150 commit_frames=20[0m
[0m[INFO] [1788611586.191069637]: [sim_plan] built plan=2363 start=4710.10 horizon=15.00 frames=150 commit_frames=20[0m
[0m[INFO] [1788611586.199481601]: [sim_plan] built plan=2364 start=4712.10 horizon=15.00 frames=150 commit_frames=20[0m
[0m[INFO] [1788611586.208511476]: [sim_plan] built plan=2365 start=4714.10 horizon=15.00 frames=150 commit_frames=20[0m
[0m[INFO] [1788611586.216857004]: [sim_plan] built plan=2366 start=4716.10 horizon=15.00 frames=150 commit_frames=20[0m
[0m[INFO] [1788611586.225215877]: [sim_plan] built plan=2367 start=4718.10 horizon=15.00 frames=150 commit_frames=20[0m
[0m[INFO] [1788611586.233874409]: [sim_plan] built plan=2368 start=4720.10 horizon=15.00 frames=150 commit_frames=20[0m
[0m[INFO] [1788611586.242173959]: [sim_plan] built plan=2369 start=4722.10 horizon=15.00 frames=150 commit_frames=20[0m
[0m[INFO] [1788611586.250275355]: [sim_plan] built plan=2370 start=4724.10 horizon=15.00 frames=150 commit_frames=20[0m
[0m[INFO] [1788611586.259012707]: [sim_plan] built plan=2371 start=4726.10 horizon=15.00 frames=150 commit_frames=20[0m
[0m[INFO] [1788611586.266829453]: [sim_plan] built plan=2372 start=4728.10 horizon=15.00 frames=150 commit_frames=20[0m
[0m[INFO] [1788611586.275642876]: [sim_plan] built plan=2373 start=4730.10 horizon=15.00 frames=150 commit_frames=20[0m
[0m[INFO] [1788611586.283991591]: [sim_plan] built plan=2374 start=4732.10 horizon=15.00 frames=150 commit_frames=20[0m
[0m[INFO] [1788611586.292118485]: [sim_plan] built plan=2375 start=4734.10 horizon=15.00 frames=150 commit_frames=20[0m
[0m[INFO] [1788611586.300219100]: [sim_plan] built plan=2376 start=4736.10 horizon=15.00 frames=150 commit_frames=20[0m
[0m[INFO] [1788611586.308190699]: [sim_plan] built plan=2377 start=4738.10 horizon=15.00 frames=150 commit_frames=20[0m
[0m[INFO] [1788611586.316382115]: [sim_plan] built plan=2378 start=4740.10 horizon=15.00 frames=150 commit_frames=20[0m
[0m[INFO] [1788611586.324506915]: [sim_plan] built plan=2379 start=4742.10 horizon=15.00 frames=150 commit_frames=20[0m
[0m[INFO] [1788611586.332759637]: [sim_plan] built plan=2380 start=4744.10 horizon=15.00 frames=150 commit_frames=20[0m
[0m[INFO] [1788611586.340842889]: [sim_plan] built plan=2381 start=4746.10 horizon=15.00 frames=150 commit_frames=20[0m
[0m[INFO] [1788611586.348868160]: [sim_plan] built plan=2382 start=4748.10 horizon=15.00 frames=150 commit_frames=20[0m
[0m[INFO] [1788611586.356948166]: [sim_plan] built plan=2383 start=4750.10 horizon=15.00 frames=150 commit_frames=20[0m
[0m[INFO] [1788611586.364964600]: [sim_plan] built plan=2384 start=4752.10 horizon=15.00 frames=150 commit_frames=20[0m
[0m[INFO] [1788611586.373264612]: [sim_plan] built plan=2385 start=4754.10 horizon=15.00 frames=150 commit_frames=20[0m
[0m[INFO] [1788611586.381270487]: [sim_plan] built plan=2386 start=4756.10 horizon=15.00 frames=150 commit_frames=20[0m
[0m[INFO] [1788611586.389204476]: [sim_plan] built plan=2387 start=4758.10 horizon=15.00 frames=150 commit_frames=20[0m
[0m[INFO] [1788611586.397166377]: [sim_plan] built plan=2388 start=4760.10 horizon=15.00 frames=150 commit_frames=20[0m
[0m[INFO] [1788611586.405275427]: [sim_plan] built plan=2389 start=4762.10 horizon=15.00 frames=150 commit_frames=20[0m
[0m[INFO] [1788611586.413315457]: [sim_plan] built plan=2390 start=4764.10 horizon=15.00 frames=150 commit_frames=20[0m
[0m[INFO] [1788611586.421703135]: [sim_plan] built plan=2391 start=4766.10 horizon=15.00 frames=150 commit_frames=20[0m
[0m[INFO] [1788611586.429581779]: [sim_plan] built plan=2392 start=4768.10 horizon=15.00 frames=150 commit_frames=20[0m
[0m[INFO] [1788611586.437577684]: [sim_plan] built plan=2393 start=4770.10 horizon=15.00 frames=150 commit_frames=20[0m
[0m[INFO] [1788611586.445605931]: [sim_plan] built plan=2394 start=4772.10 horizon=15.00 frames=150 commit_frames=20[0m
[0m[INFO] [1788611586.453531616]: [sim_plan] built plan=2395 start=4774.10 horizon=15.00 frames=150 commit_frames=20[0m
[0m[INFO] [1788611586.461467647]: [sim_plan] built plan=2396 start=4776.10 horizon=15.00 frames=150 commit_frames=20[0m
[0m[INFO] [1788611586.469392530]: [sim_plan] built plan=2397 start=4778.10 horizon=15.00 frames=150 commit_frames=20[0m
[0m[INFO] [1788611586.477588283]: [sim_plan] built plan=2398 start=4780.10 horizon=15.00 frames=150 commit_frames=20[0m
[0m[INFO] [1788611586.485479841]: [sim_plan] built plan=2399 start=4782.10 horizon=15.00 frames=150 commit_frames=20[0m
[0m[INFO] [1788611586.493566188]: [sim_plan] built plan=2400 start=4784.10 horizon=15.00 frames=150 commit_frames=20[0m
[0m[INFO] [1788611586.501795117]: [sim_plan] built plan=2401 start=4786.10 horizon=15.00 frames=150 commit_frames=20[0m
[0m[INFO] [1788611586.510052356]: [sim_plan] built plan=2402 start=4788.10 horizon=15.00 frames=150 commit_frames=20[0m
[0m[INFO] [1788611586.517883019]: [sim_plan] built plan=2403 start=4790.10 horizon=15.00 frames=150 commit_frames=20[0m
[0m[INFO] [1788611586.526006277]: [sim_plan] built plan=2404 start=4792.10 horizon=15.00 frames=150 commit_frames=20[0m
[0m[INFO] [1788611586.533862197]: [sim_plan] built plan=2405 start=4794.10 horizon=15.00 frames=150 commit_frames=20[0m
[0m[INFO] [1788611586.541901407]: [sim_plan] built plan=2406 start=4796.10 horizon=15.00 frames=150 commit_frames=20[0m
[0m[INFO] [1788611586.549907019]: [sim_plan] built plan=2407 start=4798.10 horizon=15.00 frames=150 commit_frames=20[0m
[0m[INFO] [1788611586.557859904]: [sim_plan] built plan=2408 start=4800.10 horizon=15.00 frames=150 commit_frames=20[0m
[0m[INFO] [1788611586.565876539]: [sim_plan] built plan=2409 start=4802.10 horizon=15.00 frames=150 commit_frames=20[0m
[0m[INFO] [1788611586.576610100]: [sim_plan] built plan=2410 start=4804.10 horizon=15.00 frames=150 commit_frames=20[0m
[0m[INFO] [1788611586.585766917]: [sim_plan] built plan=2411 start=4806.10 horizon=15.00 frames=150 commit_frames=20[0m
[0m[INFO] [1788611586.594704577]: [sim_plan] built plan=2412 start=4808.10 horizon=15.00 frames=150 commit_frames=20[0m
[0m[INFO] [1788611586.603753046]: [sim_plan] built plan=2413 start=4810.10 horizon=15.00 frames=150 commit_frames=20[0m
[0m[INFO] [1788611586.612077714]: [sim_plan] built plan=2414 start=4812.10 horizon=15.00 frames=150 commit_frames=20[0m
[0m[INFO] [1788611586.620966081]: [sim_plan] built plan=2415 start=4814.10 horizon=15.00 frames=150 commit_frames=20[0m
[0m[INFO] [1788611586.629654868]: [sim_plan] built plan=2416 start=4816.10 horizon=15.00 frames=150 commit_frames=20[0m
[0m[INFO] [1788611586.638174657]: [sim_plan] built plan=2417 start=4818.10 horizon=15.00 frames=150 commit_frames=20[0m
[0m[INFO] [1788611586.646330767]: [sim_plan] built plan=2418 start=4820.10 horizon=15.00 frames=150 commit_frames=20[0m
[0m[INFO] [1788611586.654335689]: [sim_plan] built plan=2419 start=4822.10 horizon=15.00 frames=150 commit_frames=20[0m
[0m[INFO] [1788611586.662310567]: [sim_plan] built plan=2420 start=4824.10 horizon=15.00 frames=150 commit_frames=20[0m
[0m[INFO] [1788611586.670380380]: [sim_plan] built plan=2421 start=4826.10 horizon=15.00 frames=150 commit_frames=20[0m
[0m[INFO] [1788611586.678280846]: [sim_plan] built plan=2422 start=4828.10 horizon=15.00 frames=150 commit_frames=20[0m
[0m[INFO] [1788611586.686151256]: [sim_plan] built plan=2423 start=4830.10 horizon=15.00 frames=150 commit_frames=20[0m
[0m[INFO] [1788611586.694189872]: [sim_plan] built plan=2424 start=4832.10 horizon=15.00 frames=150 commit_frames=20[0m
[0m[INFO] [1788611586.702229560]: [sim_plan] built plan=2425 start=4834.10 horizon=15.00 frames=150 commit_frames=20[0m
[0m[INFO] [1788611586.710092255]: [sim_plan] built plan=2426 start=4836.10 horizon=15.00 frames=150 commit_frames=20[0m
[0m[INFO] [1788611586.718043544]: [sim_plan] built plan=2427 start=4838.10 horizon=15.00 frames=150 commit_frames=20[0m
[0m[INFO] [1788611586.726214181]: [sim_plan] built plan=2428 start=4840.10 horizon=15.00 frames=150 commit_frames=20[0m
[0m[INFO] [1788611586.734360733]: [sim_plan] built plan=2429 start=4842.10 horizon=15.00 frames=150 commit_frames=20[0m
[0m[INFO] [1788611586.742307696]: [sim_plan] built plan=2430 start=4844.10 horizon=15.00 frames=150 commit_frames=20[0m
[0m[INFO] [1788611586.750281650]: [sim_plan] built plan=2431 start=4846.10 horizon=15.00 frames=150 commit_frames=20[0m
[0m[INFO] [1788611586.758234214]: [sim_plan] built plan=2432 start=4848.10 horizon=15.00 frames=150 commit_frames=20[0m
[0m[INFO] [1788611586.766138226]: [sim_plan] built plan=2433 start=4850.10 horizon=15.00 frames=150 commit_frames=20[0m
[0m[INFO] [1788611586.773869903]: [sim_plan] built plan=2434 start=4852.10 horizon=15.00 frames=150 commit_frames=20[0m
[0m[INFO] [1788611586.781716695]: [sim_plan] built plan=2435 start=4854.10 horizon=15.00 frames=150 commit_frames=20[0m
[0m[INFO] [1788611586.789471524]: [sim_plan] built plan=2436 start=4856.10 horizon=15.00 frames=150 commit_frames=20[0m
[0m[INFO] [1788611586.797288631]: [sim_plan] built plan=2437 start=4858.10 horizon=15.00 frames=150 commit_frames=20[0m
[0m[INFO] [1788611586.805337467]: [sim_plan] built plan=2438 start=4860.10 horizon=15.00 frames=150 commit_frames=20[0m
[0m[INFO] [1788611586.813157822]: [sim_plan] built plan=2439 start=4862.10 horizon=15.00 frames=150 commit_frames=20[0m
[0m[INFO] [1788611586.821044191]: [sim_plan] built plan=2440 start=4864.10 horizon=15.00 frames=150 commit_frames=20[0m
[0m[INFO] [1788611586.829100750]: [sim_plan] built plan=2441 start=4866.10 horizon=15.00 frames=150 commit_frames=20[0m
[0m[INFO] [1788611586.837125310]: [sim_plan] built plan=2442 start=4868.10 horizon=15.00 frames=150 commit_frames=20[0m
[0m[INFO] [1788611586.845134982]: [sim_plan] built plan=2443 start=4870.10 horizon=15.00 frames=150 commit_frames=20[0m
[0m[INFO] [1788611586.853287155]: [sim_plan] built plan=2444 start=4872.10 horizon=15.00 frames=150 commit_frames=20[0m
[0m[INFO] [1788611586.861207137]: [sim_plan] built plan=2445 start=4874.10 horizon=15.00 frames=150 commit_frames=20[0m
[0m[INFO] [1788611586.869147096]: [sim_plan] built plan=2446 start=4876.10 horizon=15.00 frames=150 commit_frames=20[0m
[0m[INFO] [1788611586.876967661]: [sim_plan] built plan=2447 start=4878.10 horizon=15.00 frames=150 commit_frames=20[0m
[0m[INFO] [1788611586.884954149]: [sim_plan] built plan=2448 start=4880.10 horizon=15.00 frames=150 commit_frames=20[0m
[0m[INFO] [1788611586.892879942]: [sim_plan] built plan=2449 start=4882.10 horizon=15.00 frames=150 commit_frames=20[0m
[0m[INFO] [1788611586.900962651]: [sim_plan] built plan=2450 start=4884.10 horizon=15.00 frames=150 commit_frames=20[0m
[0m[INFO] [1788611586.908625596]: [sim_plan] built plan=2451 start=4886.10 horizon=15.00 frames=150 commit_frames=20[0m
[0m[INFO] [1788611586.916815029]: [sim_plan] built plan=2452 start=4888.10 horizon=15.00 frames=150 commit_frames=20[0m
[0m[INFO] [1788611586.924573946]: [sim_plan] built plan=2453 start=4890.10 horizon=15.00 frames=150 commit_frames=20[0m
[0m[INFO] [1788611586.932536939]: [sim_plan] built plan=2454 start=4892.10 horizon=15.00 frames=150 commit_frames=20[0m
[0m[INFO] [1788611586.940258576]: [sim_plan] built plan=2455 start=4894.10 horizon=15.00 frames=150 commit_frames=20[0m
[0m[INFO] [1788611586.948184669]: [sim_plan] built plan=2456 start=4896.10 horizon=15.00 frames=150 commit_frames=20[0m
[0m[INFO] [1788611586.955889225]: [sim_plan] built plan=2457 start=4898.10 horizon=15.00 frames=150 commit_frames=20[0m
[0m[INFO] [1788611586.963668849]: [sim_plan] built plan=2458 start=4900.10 horizon=15.00 frames=150 commit_frames=20[0m
[0m[INFO] [1788611586.971435070]: [sim_plan] built plan=2459 start=4902.10 horizon=15.00 frames=150 commit_frames=20[0m
[0m[INFO] [1788611586.979707891]: [sim_plan] built plan=2460 start=4904.10 horizon=15.00 frames=150 commit_frames=20[0m
[0m[INFO] [1788611586.987650546]: [sim_plan] built plan=2461 start=4906.10 horizon=15.00 frames=150 commit_frames=20[0m
[0m[INFO] [1788611586.995621745]: [sim_plan] built plan=2462 start=4908.10 horizon=15.00 frames=150 commit_frames=20[0m
[0m[INFO] [1788611587.003603113]: [sim_plan] built plan=2463 start=4910.10 horizon=15.00 frames=150 commit_frames=20[0m
[0m[INFO] [1788611587.011504249]: [sim_plan] built plan=2464 start=4912.10 horizon=15.00 frames=150 commit_frames=20[0m
[0m[INFO] [1788611587.019415806]: [sim_plan] built plan=2465 start=4914.10 horizon=15.00 frames=150 commit_frames=20[0m
[0m[INFO] [1788611587.027871352]: [sim_plan] built plan=2466 start=4916.10 horizon=15.00 frames=150 commit_frames=20[0m
[0m[INFO] [1788611587.035711884]: [sim_plan] built plan=2467 start=4918.10 horizon=15.00 frames=150 commit_frames=20[0m
[0m[INFO] [1788611587.043584947]: [sim_plan] built plan=2468 start=4920.10 horizon=15.00 frames=150 commit_frames=20[0m
[0m[INFO] [1788611587.051499318]: [sim_plan] built plan=2469 start=4922.10 horizon=15.00 frames=150 commit_frames=20[0m
[0m[INFO] [1788611587.059898258]: [sim_plan] built plan=2470 start=4924.10 horizon=15.00 frames=150 commit_frames=20[0m
[0m[INFO] [1788611587.067869337]: [sim_plan] built plan=2471 start=4926.10 horizon=15.00 frames=150 commit_frames=20[0m
[0m[INFO] [1788611587.075665494]: [sim_plan] built plan=2472 start=4928.10 horizon=15.00 frames=150 commit_frames=20[0m
[0m[INFO] [1788611587.083443006]: [sim_plan] built plan=2473 start=4930.10 horizon=15.00 frames=150 commit_frames=20[0m
[0m[INFO] [1788611587.092092320]: [sim_plan] built plan=2474 start=4932.10 horizon=15.00 frames=150 commit_frames=20[0m
[0m[INFO] [1788611587.099827231]: [sim_plan] built plan=2475 start=4934.10 horizon=15.00 frames=150 commit_frames=20[0m
[0m[INFO] [1788611587.107493565]: [sim_plan] built plan=2476 start=4936.10 horizon=15.00 frames=150 commit_frames=20[0m
[0m[INFO] [1788611587.115625948]: [sim_plan] built plan=2477 start=4938.10 horizon=15.00 frames=150 commit_frames=20[0m
[0m[INFO] [1788611587.123377091]: [sim_plan] built plan=2478 start=4940.10 horizon=15.00 frames=150 commit_frames=20[0m
[0m[INFO] [1788611587.131023844]: [sim_plan] built plan=2479 start=4942.10 horizon=15.00 frames=150 commit_frames=20[0m
[0m[INFO] [1788611587.139101766]: [sim_plan] built plan=2480 start=4944.10 horizon=15.00 frames=150 commit_frames=20[0m
[0m[INFO] [1788611587.146808423]: [sim_plan] built plan=2481 start=4946.10 horizon=15.00 frames=150 commit_frames=20[0m
[0m[INFO] [1788611587.154731782]: [sim_plan] built plan=2482 start=4948.10 horizon=15.00 frames=150 commit_frames=20[0m
[0m[INFO] [1788611587.162429063]: [sim_plan] built plan=2483 start=4950.10 horizon=15.00 frames=150 commit_frames=20[0m
[0m[INFO] [1788611587.170436931]: [sim_plan] built plan=2484 start=4952.10 horizon=15.00 frames=150 commit_frames=20[0m
[0m[INFO] [1788611587.178918116]: [sim_plan] built plan=2485 start=4954.10 horizon=15.00 frames=150 commit_frames=20[0m
[0m[INFO] [1788611587.186748741]: [sim_plan] built plan=2486 start=4956.10 horizon=15.00 frames=150 commit_frames=20[0m
[0m[INFO] [1788611587.194500943]: [sim_plan] built plan=2487 start=4958.10 horizon=15.00 frames=150 commit_frames=20[0m
[0m[INFO] [1788611587.202494865]: [sim_plan] built plan=2488 start=4960.10 horizon=15.00 frames=150 commit_frames=20[0m
[0m[INFO] [1788611587.210303596]: [sim_plan] built plan=2489 start=4962.10 horizon=15.00 frames=150 commit_frames=20[0m
[0m[INFO] [1788611587.217969698]: [sim_plan] built plan=2490 start=4964.10 horizon=15.00 frames=150 commit_frames=20[0m
[0m[INFO] [1788611587.225930088]: [sim_plan] built plan=2491 start=4966.10 horizon=15.00 frames=150 commit_frames=20[0m
[0m[INFO] [1788611587.233627428]: [sim_plan] built plan=2492 start=4968.10 horizon=15.00 frames=150 commit_frames=20[0m
[0m[INFO] [1788611587.241412473]: [sim_plan] built plan=2493 start=4970.10 horizon=15.00 frames=150 commit_frames=20[0m
[0m[INFO] [1788611587.248972896]: [sim_plan] built plan=2494 start=4972.10 horizon=15.00 frames=150 commit_frames=20[0m
[0m[INFO] [1788611587.256792658]: [sim_plan] built plan=2495 start=4974.10 horizon=15.00 frames=150 commit_frames=20[0m
[0m[INFO] [1788611587.264683234]: [sim_plan] built plan=2496 start=4976.10 horizon=15.00 frames=150 commit_frames=20[0m
[0m[INFO] [1788611587.272665693]: [sim_plan] built plan=2497 start=4978.10 horizon=15.00 frames=150 commit_frames=20[0m
[0m[INFO] [1788611587.280771958]: [sim_plan] built plan=2498 start=4980.10 horizon=15.00 frames=150 commit_frames=20[0m
[0m[INFO] [1788611587.288758658]: [sim_plan] built plan=2499 start=4982.10 horizon=15.00 frames=150 commit_frames=20[0m
[0m[INFO] [1788611587.296572748]: [sim_plan] built plan=2500 start=4984.10 horizon=15.00 frames=150 commit_frames=20[0m
[0m[INFO] [1788611587.304685976]: [sim_plan] built plan=2501 start=4986.10 horizon=15.00 frames=150 commit_frames=20[0m
[0m[INFO] [1788611587.312585269]: [sim_plan] built plan=2502 start=4988.10 horizon=15.00 frames=150 commit_frames=20[0m
[0m[INFO] [1788611587.320660996]: [sim_plan] built plan=2503 start=4990.10 horizon=15.00 frames=150 commit_frames=20[0m
[0m[INFO] [1788611587.328654918]: [sim_plan] built plan=2504 start=4992.10 horizon=15.00 frames=150 commit_frames=20[0m
[0m[INFO] [1788611587.336649572]: [sim_plan] built plan=2505 start=4994.10 horizon=15.00 frames=150 commit_frames=20[0m
[0m[INFO] [1788611587.344576136]: [sim_plan] built plan=2506 start=4996.10 horizon=15.00 frames=150 commit_frames=20[0m
[0m[INFO] [1788611587.352344102]: [sim_plan] built plan=2507 start=4998.10 horizon=15.00 frames=150 commit_frames=20[0m
[0m[INFO] [1788611587.360319919]: [sim_plan] built plan=2508 start=5000.10 horizon=15.00 frames=150 commit_frames=20[0m
[0m[INFO] [1788611587.368002090]: [sim_plan] built plan=2509 start=5002.10 horizon=15.00 frames=150 commit_frames=20[0m
[0m[INFO] [1788611587.375876736]: [sim_plan] built plan=2510 start=5004.10 horizon=15.00 frames=150 commit_frames=20[0m
[0m[INFO] [1788611587.383561152]: [sim_plan] built plan=2511 start=5006.10 horizon=15.00 frames=150 commit_frames=20[0m
[0m[INFO] [1788611587.391416592]: [sim_plan] built plan=2512 start=5008.10 horizon=15.00 frames=150 commit_frames=20[0m
[0m[INFO] [1788611587.399277392]: [sim_plan] built plan=2513 start=5010.10 horizon=15.00 frames=150 commit_frames=20[0m
[0m[INFO] [1788611587.406955886]: [sim_plan] built plan=2514 start=5012.10 horizon=15.00 frames=150 commit_frames=20[0m
[0m[INFO] [1788611587.414605618]: [sim_plan] built plan=2515 start=5014.10 horizon=15.00 frames=150 commit_frames=20[0m
[0m[INFO] [1788611587.422461507]: [sim_plan] built plan=2516 start=5016.10 horizon=15.00 frames=150 commit_frames=20[0m
[0m[INFO] [1788611587.430159960]: [sim_plan] built plan=2517 start=5018.10 horizon=15.00 frames=150 commit_frames=20[0m
[0m[INFO] [1788611587.437989871]: [sim_plan] built plan=2518 start=5020.10 horizon=15.00 frames=150 commit_frames=20[0m
[0m[INFO] [1788611587.458224430]: [sim_plan] built plan=2519 start=5022.10 horizon=15.00 frames=150 commit_frames=20[0m
[0m[INFO] [1788611587.467912751]: [sim_plan] built plan=2520 start=5024.10 horizon=15.00 frames=150 commit_frames=20[0m
[0m[INFO] [1788611587.476299369]: [sim_plan] built plan=2521 start=5026.10 horizon=15.00 frames=150 commit_frames=20[0m
[0m[INFO] [1788611587.484319159]: [sim_plan] built plan=2522 start=5028.10 horizon=15.00 frames=150 commit_frames=20[0m
[0m[INFO] [1788611587.491931728]: [sim_plan] built plan=2523 start=5030.10 horizon=15.00 frames=150 commit_frames=20[0m
[0m[INFO] [1788611587.499578914]: [sim_plan] built plan=2524 start=5032.10 horizon=15.00 frames=150 commit_frames=20[0m
[0m[INFO] [1788611587.508501888]: [sim_plan] built plan=2525 start=5034.10 horizon=15.00 frames=150 commit_frames=20[0m
[0m[INFO] [1788611587.516399826]: [sim_plan] built plan=2526 start=5036.10 horizon=15.00 frames=150 commit_frames=20[0m
[0m[INFO] [1788611587.524242321]: [sim_plan] built plan=2527 start=5038.10 horizon=15.00 frames=150 commit_frames=20[0m
[0m[INFO] [1788611587.524576816]: [batch] 50400/72000 ticks (sim_t=5040s) hard_guard=0[0m
[0m[INFO] [1788611587.532396336]: [sim_plan] built plan=2528 start=5040.10 horizon=15.00 frames=150 commit_frames=20[0m
[0m[INFO] [1788611587.540557024]: [sim_plan] built plan=2529 start=5042.10 horizon=15.00 frames=150 commit_frames=20[0m
[0m[INFO] [1788611587.548532311]: [sim_plan] built plan=2530 start=5044.10 horizon=15.00 frames=150 commit_frames=20[0m
[0m[INFO] [1788611587.556644577]: [sim_plan] built plan=2531 start=5046.10 horizon=15.00 frames=150 commit_frames=20[0m
[0m[INFO] [1788611587.564616909]: [sim_plan] built plan=2532 start=5048.10 horizon=15.00 frames=150 commit_frames=20[0m
[0m[INFO] [1788611587.572861257]: [sim_plan] built plan=2533 start=5050.10 horizon=15.00 frames=150 commit_frames=20[0m
[0m[INFO] [1788611587.580694675]: [sim_plan] built plan=2534 start=5052.10 horizon=15.00 frames=150 commit_frames=20[0m
[0m[INFO] [1788611587.589647694]: [sim_plan] built plan=2535 start=5054.10 horizon=15.00 frames=150 commit_frames=20[0m
[0m[INFO] [1788611587.597680720]: [sim_plan] built plan=2536 start=5056.10 horizon=15.00 frames=150 commit_frames=20[0m
[0m[INFO] [1788611587.605796643]: [sim_plan] built plan=2537 start=5058.10 horizon=15.00 frames=150 commit_frames=20[0m
[0m[INFO] [1788611587.613866950]: [sim_plan] built plan=2538 start=5060.10 horizon=15.00 frames=150 commit_frames=20[0m
[0m[INFO] [1788611587.621953848]: [sim_plan] built plan=2539 start=5062.10 horizon=15.00 frames=150 commit_frames=20[0m
[0m[INFO] [1788611587.630751192]: [sim_plan] built plan=2540 start=5064.10 horizon=15.00 frames=150 commit_frames=20[0m
[0m[INFO] [1788611587.638674450]: [sim_plan] built plan=2541 start=5066.10 horizon=15.00 frames=150 commit_frames=20[0m
[0m[INFO] [1788611587.647209658]: [sim_plan] built plan=2542 start=5068.10 horizon=15.00 frames=150 commit_frames=20[0m
[0m[INFO] [1788611587.655317176]: [sim_plan] built plan=2543 start=5070.10 horizon=15.00 frames=150 commit_frames=20[0m
[0m[INFO] [1788611587.663449450]: [sim_plan] built plan=2544 start=5072.10 horizon=15.00 frames=150 commit_frames=20[0m
[0m[INFO] [1788611587.671316732]: [sim_plan] built plan=2545 start=5074.10 horizon=15.00 frames=150 commit_frames=20[0m
[0m[INFO] [1788611587.679899790]: [sim_plan] built plan=2546 start=5076.10 horizon=15.00 frames=150 commit_frames=20[0m
[0m[INFO] [1788611587.687985326]: [sim_plan] built plan=2547 start=5078.10 horizon=15.00 frames=150 commit_frames=20[0m
[0m[INFO] [1788611587.696500255]: [sim_plan] built plan=2548 start=5080.10 horizon=15.00 frames=150 commit_frames=20[0m
[0m[INFO] [1788611587.704332060]: [sim_plan] built plan=2549 start=5082.10 horizon=15.00 frames=150 commit_frames=20[0m
[0m[INFO] [1788611587.712081028]: [sim_plan] built plan=2550 start=5084.10 horizon=15.00 frames=150 commit_frames=20[0m
[0m[INFO] [1788611587.719918454]: [sim_plan] built plan=2551 start=5086.10 horizon=15.00 frames=150 commit_frames=20[0m
[0m[INFO] [1788611587.728314187]: [sim_plan] built plan=2552 start=5088.10 horizon=15.00 frames=150 commit_frames=20[0m
[0m[INFO] [1788611587.736441692]: [sim_plan] built plan=2553 start=5090.10 horizon=15.00 frames=150 commit_frames=20[0m
[0m[INFO] [1788611587.744471091]: [sim_plan] built plan=2554 start=5092.10 horizon=15.00 frames=150 commit_frames=20[0m
[0m[INFO] [1788611587.752613795]: [sim_plan] built plan=2555 start=5094.10 horizon=15.00 frames=150 commit_frames=20[0m
[0m[INFO] [1788611587.760685805]: [sim_plan] built plan=2556 start=5096.10 horizon=15.00 frames=150 commit_frames=20[0m
[0m[INFO] [1788611587.768782402]: [sim_plan] built plan=2557 start=5098.10 horizon=15.00 frames=150 commit_frames=20[0m
[0m[INFO] [1788611587.776759081]: [sim_plan] built plan=2558 start=5100.10 horizon=15.00 frames=150 commit_frames=20[0m
[0m[INFO] [1788611587.784786567]: [sim_plan] built plan=2559 start=5102.10 horizon=15.00 frames=150 commit_frames=20[0m
[0m[INFO] [1788611587.793098882]: [sim_plan] built plan=2560 start=5104.10 horizon=15.00 frames=150 commit_frames=20[0m
[0m[INFO] [1788611587.800930257]: [sim_plan] built plan=2561 start=5106.10 horizon=15.00 frames=150 commit_frames=20[0m
[0m[INFO] [1788611587.808798741]: [sim_plan] built plan=2562 start=5108.10 horizon=15.00 frames=150 commit_frames=20[0m
[0m[INFO] [1788611587.816796991]: [sim_plan] built plan=2563 start=5110.10 horizon=15.00 frames=150 commit_frames=20[0m
[0m[INFO] [1788611587.824495684]: [sim_plan] built plan=2564 start=5112.10 horizon=15.00 frames=150 commit_frames=20[0m
[0m[INFO] [1788611587.832145955]: [sim_plan] built plan=2565 start=5114.10 horizon=15.00 frames=150 commit_frames=20[0m
[0m[INFO] [1788611587.840213527]: [sim_plan] built plan=2566 start=5116.10 horizon=15.00 frames=150 commit_frames=20[0m
[0m[INFO] [1788611587.848093093]: [sim_plan] built plan=2567 start=5118.10 horizon=15.00 frames=150 commit_frames=20[0m
[0m[INFO] [1788611587.856094449]: [sim_plan] built plan=2568 start=5120.10 horizon=15.00 frames=150 commit_frames=20[0m
[0m[INFO] [1788611587.863932185]: [sim_plan] built plan=2569 start=5122.10 horizon=15.00 frames=150 commit_frames=20[0m
[0m[INFO] [1788611587.871949201]: [sim_plan] built plan=2570 start=5124.10 horizon=15.00 frames=150 commit_frames=20[0m
[0m[INFO] [1788611587.879767741]: [sim_plan] built plan=2571 start=5126.10 horizon=15.00 frames=150 commit_frames=20[0m
[0m[INFO] [1788611587.887865219]: [sim_plan] built plan=2572 start=5128.10 horizon=15.00 frames=150 commit_frames=20[0m
[0m[INFO] [1788611587.895764472]: [sim_plan] built plan=2573 start=5130.10 horizon=15.00 frames=150 commit_frames=20[0m
[0m[INFO] [1788611587.903713519]: [sim_plan] built plan=2574 start=5132.10 horizon=15.00 frames=150 commit_frames=20[0m
[0m[INFO] [1788611587.911432872]: [sim_plan] built plan=2575 start=5134.10 horizon=15.00 frames=150 commit_frames=20[0m
[0m[INFO] [1788611587.919292659]: [sim_plan] built plan=2576 start=5136.10 horizon=15.00 frames=150 commit_frames=20[0m
[0m[INFO] [1788611587.927275330]: [sim_plan] built plan=2577 start=5138.10 horizon=15.00 frames=150 commit_frames=20[0m
[0m[INFO] [1788611587.935434596]: [sim_plan] built plan=2578 start=5140.10 horizon=15.00 frames=150 commit_frames=20[0m
[0m[INFO] [1788611587.943150892]: [sim_plan] built plan=2579 start=5142.10 horizon=15.00 frames=150 commit_frames=20[0m
[0m[INFO] [1788611587.950911642]: [sim_plan] built plan=2580 start=5144.10 horizon=15.00 frames=150 commit_frames=20[0m
[0m[INFO] [1788611587.958317090]: [sim_plan] built plan=2581 start=5146.10 horizon=15.00 frames=150 commit_frames=20[0m
[0m[INFO] [1788611587.965957863]: [sim_plan] built plan=2582 start=5148.10 horizon=15.00 frames=150 commit_frames=20[0m
[0m[INFO] [1788611587.974047957]: [sim_plan] built plan=2583 start=5150.10 horizon=15.00 frames=150 commit_frames=20[0m
[0m[INFO] [1788611587.981814599]: [sim_plan] built plan=2584 start=5152.10 horizon=15.00 frames=150 commit_frames=20[0m
[0m[INFO] [1788611587.991231406]: [sim_plan] built plan=2585 start=5154.10 horizon=15.00 frames=150 commit_frames=20[0m
[0m[INFO] [1788611588.001273608]: [sim_plan] built plan=2586 start=5156.10 horizon=15.00 frames=150 commit_frames=20[0m
[0m[INFO] [1788611588.009282960]: [sim_plan] built plan=2587 start=5158.10 horizon=15.00 frames=150 commit_frames=20[0m
[0m[INFO] [1788611588.016882364]: [sim_plan] built plan=2588 start=5160.10 horizon=15.00 frames=150 commit_frames=20[0m
[0m[INFO] [1788611588.024489494]: [sim_plan] built plan=2589 start=5162.10 horizon=15.00 frames=150 commit_frames=20[0m
[0m[INFO] [1788611588.032310098]: [sim_plan] built plan=2590 start=5164.10 horizon=15.00 frames=150 commit_frames=20[0m
[0m[INFO] [1788611588.040155939]: [sim_plan] built plan=2591 start=5166.10 horizon=15.00 frames=150 commit_frames=20[0m
[0m[INFO] [1788611588.047665143]: [sim_plan] built plan=2592 start=5168.10 horizon=15.00 frames=150 commit_frames=20[0m
[0m[INFO] [1788611588.055318420]: [sim_plan] built plan=2593 start=5170.10 horizon=15.00 frames=150 commit_frames=20[0m
[0m[INFO] [1788611588.062834147]: [sim_plan] built plan=2594 start=5172.10 horizon=15.00 frames=150 commit_frames=20[0m
[0m[INFO] [1788611588.071038618]: [sim_plan] built plan=2595 start=5174.10 horizon=15.00 frames=150 commit_frames=20[0m
[0m[INFO] [1788611588.078764341]: [sim_plan] built plan=2596 start=5176.10 horizon=15.00 frames=150 commit_frames=20[0m
[0m[INFO] [1788611588.086570739]: [sim_plan] built plan=2597 start=5178.10 horizon=15.00 frames=150 commit_frames=20[0m
[0m[INFO] [1788611588.095157404]: [sim_plan] built plan=2598 start=5180.10 horizon=15.00 frames=150 commit_frames=20[0m
[0m[INFO] [1788611588.102844083]: [sim_plan] built plan=2599 start=5182.10 horizon=15.00 frames=150 commit_frames=20[0m
[0m[INFO] [1788611588.110528499]: [sim_plan] built plan=2600 start=5184.10 horizon=15.00 frames=150 commit_frames=20[0m
[0m[INFO] [1788611588.118438212]: [sim_plan] built plan=2601 start=5186.10 horizon=15.00 frames=150 commit_frames=20[0m
[0m[INFO] [1788611588.125948518]: [sim_plan] built plan=2602 start=5188.10 horizon=15.00 frames=150 commit_frames=20[0m
[0m[INFO] [1788611588.134642076]: [sim_plan] built plan=2603 start=5190.10 horizon=15.00 frames=150 commit_frames=20[0m
[0m[INFO] [1788611588.142229027]: [sim_plan] built plan=2604 start=5192.10 horizon=15.00 frames=150 commit_frames=20[0m
[0m[INFO] [1788611588.149902782]: [sim_plan] built plan=2605 start=5194.10 horizon=15.00 frames=150 commit_frames=20[0m
[0m[INFO] [1788611588.158686901]: [sim_plan] built plan=2606 start=5196.10 horizon=15.00 frames=150 commit_frames=20[0m
[0m[INFO] [1788611588.166911150]: [sim_plan] built plan=2607 start=5198.10 horizon=15.00 frames=150 commit_frames=20[0m
[0m[INFO] [1788611588.174952902]: [sim_plan] built plan=2608 start=5200.10 horizon=15.00 frames=150 commit_frames=20[0m
[0m[INFO] [1788611588.182545765]: [sim_plan] built plan=2609 start=5202.10 horizon=15.00 frames=150 commit_frames=20[0m
[0m[INFO] [1788611588.190547852]: [sim_plan] built plan=2610 start=5204.10 horizon=15.00 frames=150 commit_frames=20[0m
[0m[INFO] [1788611588.198090750]: [sim_plan] built plan=2611 start=5206.10 horizon=15.00 frames=150 commit_frames=20[0m
[0m[INFO] [1788611588.205711245]: [sim_plan] built plan=2612 start=5208.10 horizon=15.00 frames=150 commit_frames=20[0m
[0m[INFO] [1788611588.213391463]: [sim_plan] built plan=2613 start=5210.10 horizon=15.00 frames=150 commit_frames=20[0m
[0m[INFO] [1788611588.221308981]: [sim_plan] built plan=2614 start=5212.10 horizon=15.00 frames=150 commit_frames=20[0m
[0m[INFO] [1788611588.229225626]: [sim_plan] built plan=2615 start=5214.10 horizon=15.00 frames=150 commit_frames=20[0m
[0m[INFO] [1788611588.237221732]: [sim_plan] built plan=2616 start=5216.10 horizon=15.00 frames=150 commit_frames=20[0m
[0m[INFO] [1788611588.245216086]: [sim_plan] built plan=2617 start=5218.10 horizon=15.00 frames=150 commit_frames=20[0m
[0m[INFO] [1788611588.253326969]: [sim_plan] built plan=2618 start=5220.10 horizon=15.00 frames=150 commit_frames=20[0m
[0m[INFO] [1788611588.261159485]: [sim_plan] built plan=2619 start=5222.10 horizon=15.00 frames=150 commit_frames=20[0m
[0m[INFO] [1788611588.268720498]: [sim_plan] built plan=2620 start=5224.10 horizon=15.00 frames=150 commit_frames=20[0m
[0m[INFO] [1788611588.276302169]: [sim_plan] built plan=2621 start=5226.10 horizon=15.00 frames=150 commit_frames=20[0m
[0m[INFO] [1788611588.283904209]: [sim_plan] built plan=2622 start=5228.10 horizon=15.00 frames=150 commit_frames=20[0m
[0m[INFO] [1788611588.291529383]: [sim_plan] built plan=2623 start=5230.10 horizon=15.00 frames=150 commit_frames=20[0m
[0m[INFO] [1788611588.299136452]: [sim_plan] built plan=2624 start=5232.10 horizon=15.00 frames=150 commit_frames=20[0m
[0m[INFO] [1788611588.307255291]: [sim_plan] built plan=2625 start=5234.10 horizon=15.00 frames=150 commit_frames=20[0m
[0m[INFO] [1788611588.315316070]: [sim_plan] built plan=2626 start=5236.10 horizon=15.00 frames=150 commit_frames=20[0m
[0m[INFO] [1788611588.323424438]: [sim_plan] built plan=2627 start=5238.10 horizon=15.00 frames=150 commit_frames=20[0m
[0m[INFO] [1788611588.331551573]: [sim_plan] built plan=2628 start=5240.10 horizon=15.00 frames=150 commit_frames=20[0m
[0m[INFO] [1788611588.339734233]: [sim_plan] built plan=2629 start=5242.10 horizon=15.00 frames=150 commit_frames=20[0m
[0m[INFO] [1788611588.347757901]: [sim_plan] built plan=2630 start=5244.10 horizon=15.00 frames=150 commit_frames=20[0m
[0m[INFO] [1788611588.355800896]: [sim_plan] built plan=2631 start=5246.10 horizon=15.00 frames=150 commit_frames=20[0m
[0m[INFO] [1788611588.363751336]: [sim_plan] built plan=2632 start=5248.10 horizon=15.00 frames=150 commit_frames=20[0m
[0m[INFO] [1788611588.371763192]: [sim_plan] built plan=2633 start=5250.10 horizon=15.00 frames=150 commit_frames=20[0m
[0m[INFO] [1788611588.379791439]: [sim_plan] built plan=2634 start=5252.10 horizon=15.00 frames=150 commit_frames=20[0m
[0m[INFO] [1788611588.387797644]: [sim_plan] built plan=2635 start=5254.10 horizon=15.00 frames=150 commit_frames=20[0m
[0m[INFO] [1788611588.396241408]: [sim_plan] built plan=2636 start=5256.10 horizon=15.00 frames=150 commit_frames=20[0m
[0m[INFO] [1788611588.404297048]: [sim_plan] built plan=2637 start=5258.10 horizon=15.00 frames=150 commit_frames=20[0m
[0m[INFO] [1788611588.412576461]: [sim_plan] built plan=2638 start=5260.10 horizon=15.00 frames=150 commit_frames=20[0m
[0m[INFO] [1788611588.420423785]: [sim_plan] built plan=2639 start=5262.10 horizon=15.00 frames=150 commit_frames=20[0m
[0m[INFO] [1788611588.429246707]: [sim_plan] built plan=2640 start=5264.10 horizon=15.00 frames=150 commit_frames=20[0m
[0m[INFO] [1788611588.437153905]: [sim_plan] built plan=2641 start=5266.10 horizon=15.00 frames=150 commit_frames=20[0m
[0m[INFO] [1788611588.445119995]: [sim_plan] built plan=2642 start=5268.10 horizon=15.00 frames=150 commit_frames=20[0m
[0m[INFO] [1788611588.453018817]: [sim_plan] built plan=2643 start=5270.10 horizon=15.00 frames=150 commit_frames=20[0m
[0m[INFO] [1788611588.460932717]: [sim_plan] built plan=2644 start=5272.10 horizon=15.00 frames=150 commit_frames=20[0m
[0m[INFO] [1788611588.468744815]: [sim_plan] built plan=2645 start=5274.10 horizon=15.00 frames=150 commit_frames=20[0m
[0m[INFO] [1788611588.476845620]: [sim_plan] built plan=2646 start=5276.10 horizon=15.00 frames=150 commit_frames=20[0m
[0m[INFO] [1788611588.484671704]: [sim_plan] built plan=2647 start=5278.10 horizon=15.00 frames=150 commit_frames=20[0m
[0m[INFO] [1788611588.492680704]: [sim_plan] built plan=2648 start=5280.10 horizon=15.00 frames=150 commit_frames=20[0m
[0m[INFO] [1788611588.500676280]: [sim_plan] built plan=2649 start=5282.10 horizon=15.00 frames=150 commit_frames=20[0m
[0m[INFO] [1788611588.508862997]: [sim_plan] built plan=2650 start=5284.10 horizon=15.00 frames=150 commit_frames=20[0m
[0m[INFO] [1788611588.516984992]: [sim_plan] built plan=2651 start=5286.10 horizon=15.00 frames=150 commit_frames=20[0m
[0m[INFO] [1788611588.524948607]: [sim_plan] built plan=2652 start=5288.10 horizon=15.00 frames=150 commit_frames=20[0m
[0m[INFO] [1788611588.533250733]: [sim_plan] built plan=2653 start=5290.10 horizon=15.00 frames=150 commit_frames=20[0m
[0m[INFO] [1788611588.541424696]: [sim_plan] built plan=2654 start=5292.10 horizon=15.00 frames=150 commit_frames=20[0m
[0m[INFO] [1788611588.549214621]: [sim_plan] built plan=2655 start=5294.10 horizon=15.00 frames=150 commit_frames=20[0m
[0m[INFO] [1788611588.557252507]: [sim_plan] built plan=2656 start=5296.10 horizon=15.00 frames=150 commit_frames=20[0m
[0m[INFO] [1788611588.565692454]: [sim_plan] built plan=2657 start=5298.10 horizon=15.00 frames=150 commit_frames=20[0m
[0m[INFO] [1788611588.573688250]: [sim_plan] built plan=2658 start=5300.10 horizon=15.00 frames=150 commit_frames=20[0m
[0m[INFO] [1788611588.581641003]: [sim_plan] built plan=2659 start=5302.10 horizon=15.00 frames=150 commit_frames=20[0m
[0m[INFO] [1788611588.589581645]: [sim_plan] built plan=2660 start=5304.10 horizon=15.00 frames=150 commit_frames=20[0m
[0m[INFO] [1788611588.597589834]: [sim_plan] built plan=2661 start=5306.10 horizon=15.00 frames=150 commit_frames=20[0m
[0m[INFO] [1788611588.605543610]: [sim_plan] built plan=2662 start=5308.10 horizon=15.00 frames=150 commit_frames=20[0m
[0m[INFO] [1788611588.613662028]: [sim_plan] built plan=2663 start=5310.10 horizon=15.00 frames=150 commit_frames=20[0m
[0m[INFO] [1788611588.621765007]: [sim_plan] built plan=2664 start=5312.10 horizon=15.00 frames=150 commit_frames=20[0m
[0m[INFO] [1788611588.629858698]: [sim_plan] built plan=2665 start=5314.10 horizon=15.00 frames=150 commit_frames=20[0m
[0m[INFO] [1788611588.637954092]: [sim_plan] built plan=2666 start=5316.10 horizon=15.00 frames=150 commit_frames=20[0m
[0m[INFO] [1788611588.645694114]: [sim_plan] built plan=2667 start=5318.10 horizon=15.00 frames=150 commit_frames=20[0m
[0m[INFO] [1788611588.654043449]: [sim_plan] built plan=2668 start=5320.10 horizon=15.00 frames=150 commit_frames=20[0m
[0m[INFO] [1788611588.662165293]: [sim_plan] built plan=2669 start=5322.10 horizon=15.00 frames=150 commit_frames=20[0m
[0m[INFO] [1788611588.670507866]: [sim_plan] built plan=2670 start=5324.10 horizon=15.00 frames=150 commit_frames=20[0m
[0m[INFO] [1788611588.679142271]: [sim_plan] built plan=2671 start=5326.10 horizon=15.00 frames=150 commit_frames=20[0m
[0m[INFO] [1788611588.688108715]: [sim_plan] built plan=2672 start=5328.10 horizon=15.00 frames=150 commit_frames=20[0m
[0m[INFO] [1788611588.696850124]: [sim_plan] built plan=2673 start=5330.10 horizon=15.00 frames=150 commit_frames=20[0m
[0m[INFO] [1788611588.705154233]: [sim_plan] built plan=2674 start=5332.10 horizon=15.00 frames=150 commit_frames=20[0m
[0m[INFO] [1788611588.713890642]: [sim_plan] built plan=2675 start=5334.10 horizon=15.00 frames=150 commit_frames=20[0m
[0m[INFO] [1788611588.722859461]: [sim_plan] built plan=2676 start=5336.10 horizon=15.00 frames=150 commit_frames=20[0m
[0m[INFO] [1788611588.730815641]: [sim_plan] built plan=2677 start=5338.10 horizon=15.00 frames=150 commit_frames=20[0m
[0m[INFO] [1788611588.739407376]: [sim_plan] built plan=2678 start=5340.10 horizon=15.00 frames=150 commit_frames=20[0m
[0m[INFO] [1788611588.747961619]: [sim_plan] built plan=2679 start=5342.10 horizon=15.00 frames=150 commit_frames=20[0m
[0m[INFO] [1788611588.756672830]: [sim_plan] built plan=2680 start=5344.10 horizon=15.00 frames=150 commit_frames=20[0m
[0m[INFO] [1788611588.765113739]: [sim_plan] built plan=2681 start=5346.10 horizon=15.00 frames=150 commit_frames=20[0m
[0m[INFO] [1788611588.773289495]: [sim_plan] built plan=2682 start=5348.10 horizon=15.00 frames=150 commit_frames=20[0m
[0m[INFO] [1788611588.781582224]: [sim_plan] built plan=2683 start=5350.10 horizon=15.00 frames=150 commit_frames=20[0m
[0m[INFO] [1788611588.790813710]: [sim_plan] built plan=2684 start=5352.10 horizon=15.00 frames=150 commit_frames=20[0m
[0m[INFO] [1788611588.799467141]: [sim_plan] built plan=2685 start=5354.10 horizon=15.00 frames=150 commit_frames=20[0m
[0m[INFO] [1788611588.808154337]: [sim_plan] built plan=2686 start=5356.10 horizon=15.00 frames=150 commit_frames=20[0m
[0m[INFO] [1788611588.817094902]: [sim_plan] built plan=2687 start=5358.10 horizon=15.00 frames=150 commit_frames=20[0m
[0m[INFO] [1788611588.825420021]: [sim_plan] built plan=2688 start=5360.10 horizon=15.00 frames=150 commit_frames=20[0m
[0m[INFO] [1788611588.834038366]: [sim_plan] built plan=2689 start=5362.10 horizon=15.00 frames=150 commit_frames=20[0m
[0m[INFO] [1788611588.842114725]: [sim_plan] built plan=2690 start=5364.10 horizon=15.00 frames=150 commit_frames=20[0m
[0m[INFO] [1788611588.850305469]: [sim_plan] built plan=2691 start=5366.10 horizon=15.00 frames=150 commit_frames=20[0m
[0m[INFO] [1788611588.858982455]: [sim_plan] built plan=2692 start=5368.10 horizon=15.00 frames=150 commit_frames=20[0m
[0m[INFO] [1788611588.867811159]: [sim_plan] built plan=2693 start=5370.10 horizon=15.00 frames=150 commit_frames=20[0m
[0m[INFO] [1788611588.875832854]: [sim_plan] built plan=2694 start=5372.10 horizon=15.00 frames=150 commit_frames=20[0m
[0m[INFO] [1788611588.883660731]: [sim_plan] built plan=2695 start=5374.10 horizon=15.00 frames=150 commit_frames=20[0m
[0m[INFO] [1788611588.892200768]: [sim_plan] built plan=2696 start=5376.10 horizon=15.00 frames=150 commit_frames=20[0m
[0m[INFO] [1788611588.899999470]: [sim_plan] built plan=2697 start=5378.10 horizon=15.00 frames=150 commit_frames=20[0m
[0m[INFO] [1788611588.908853181]: [sim_plan] built plan=2698 start=5380.10 horizon=15.00 frames=150 commit_frames=20[0m
[0m[INFO] [1788611588.916756752]: [sim_plan] built plan=2699 start=5382.10 horizon=15.00 frames=150 commit_frames=20[0m
[0m[INFO] [1788611588.924801911]: [sim_plan] built plan=2700 start=5384.10 horizon=15.00 frames=150 commit_frames=20[0m
[0m[INFO] [1788611588.933756673]: [sim_plan] built plan=2701 start=5386.10 horizon=15.00 frames=150 commit_frames=20[0m
[0m[INFO] [1788611588.941760574]: [sim_plan] built plan=2702 start=5388.10 horizon=15.00 frames=150 commit_frames=20[0m
[0m[INFO] [1788611588.949765906]: [sim_plan] built plan=2703 start=5390.10 horizon=15.00 frames=150 commit_frames=20[0m
[0m[INFO] [1788611588.957587103]: [sim_plan] built plan=2704 start=5392.10 horizon=15.00 frames=150 commit_frames=20[0m
[0m[INFO] [1788611588.965478802]: [sim_plan] built plan=2705 start=5394.10 horizon=15.00 frames=150 commit_frames=20[0m
[0m[INFO] [1788611588.974063162]: [sim_plan] built plan=2706 start=5396.10 horizon=15.00 frames=150 commit_frames=20[0m
[0m[INFO] [1788611588.983335977]: [sim_plan] built plan=2707 start=5398.10 horizon=15.00 frames=150 commit_frames=20[0m
[0m[INFO] [1788611588.991362992]: [sim_plan] built plan=2708 start=5400.10 horizon=15.00 frames=150 commit_frames=20[0m
[0m[INFO] [1788611588.999183575]: [sim_plan] built plan=2709 start=5402.10 horizon=15.00 frames=150 commit_frames=20[0m
[0m[INFO] [1788611589.007267127]: [sim_plan] built plan=2710 start=5404.10 horizon=15.00 frames=150 commit_frames=20[0m
[0m[INFO] [1788611589.015288231]: [sim_plan] built plan=2711 start=5406.10 horizon=15.00 frames=150 commit_frames=20[0m
[0m[INFO] [1788611589.023475950]: [sim_plan] built plan=2712 start=5408.10 horizon=15.00 frames=150 commit_frames=20[0m
[0m[INFO] [1788611589.032415874]: [sim_plan] built plan=2713 start=5410.10 horizon=15.00 frames=150 commit_frames=20[0m
[0m[INFO] [1788611589.041566828]: [sim_plan] built plan=2714 start=5412.10 horizon=15.00 frames=150 commit_frames=20[0m
[0m[INFO] [1788611589.049395497]: [sim_plan] built plan=2715 start=5414.10 horizon=15.00 frames=150 commit_frames=20[0m
[0m[INFO] [1788611589.062517914]: [sim_plan] built plan=2716 start=5416.10 horizon=15.00 frames=150 commit_frames=20[0m
[0m[INFO] [1788611589.071213355]: [sim_plan] built plan=2717 start=5418.10 horizon=15.00 frames=150 commit_frames=20[0m
[0m[INFO] [1788611589.079532974]: [sim_plan] built plan=2718 start=5420.10 horizon=15.00 frames=150 commit_frames=20[0m
[0m[INFO] [1788611589.087837134]: [sim_plan] built plan=2719 start=5422.10 horizon=15.00 frames=150 commit_frames=20[0m
[0m[INFO] [1788611589.097847326]: [sim_plan] built plan=2720 start=5424.10 horizon=15.00 frames=150 commit_frames=20[0m
[0m[INFO] [1788611589.106257235]: [sim_plan] built plan=2721 start=5426.10 horizon=15.00 frames=150 commit_frames=20[0m
[0m[INFO] [1788611589.114519075]: [sim_plan] built plan=2722 start=5428.10 horizon=15.00 frames=150 commit_frames=20[0m
[0m[INFO] [1788611589.122967879]: [sim_plan] built plan=2723 start=5430.10 horizon=15.00 frames=150 commit_frames=20[0m
[0m[INFO] [1788611589.130926654]: [sim_plan] built plan=2724 start=5432.10 horizon=15.00 frames=150 commit_frames=20[0m
[0m[INFO] [1788611589.140242761]: [sim_plan] built plan=2725 start=5434.10 horizon=15.00 frames=150 commit_frames=20[0m
[0m[INFO] [1788611589.148389623]: [sim_plan] built plan=2726 start=5436.10 horizon=15.00 frames=150 commit_frames=20[0m
[0m[INFO] [1788611589.156773694]: [sim_plan] built plan=2727 start=5438.10 horizon=15.00 frames=150 commit_frames=20[0m
[0m[INFO] [1788611589.164685581]: [sim_plan] built plan=2728 start=5440.10 horizon=15.00 frames=150 commit_frames=20[0m
[0m[INFO] [1788611589.172453264]: [sim_plan] built plan=2729 start=5442.10 horizon=15.00 frames=150 commit_frames=20[0m
[0m[INFO] [1788611589.180378416]: [sim_plan] built plan=2730 start=5444.10 horizon=15.00 frames=150 commit_frames=20[0m
[0m[INFO] [1788611589.188695170]: [sim_plan] built plan=2731 start=5446.10 horizon=15.00 frames=150 commit_frames=20[0m
[0m[INFO] [1788611589.197378949]: [sim_plan] built plan=2732 start=5448.10 horizon=15.00 frames=150 commit_frames=20[0m
[0m[INFO] [1788611589.205802514]: [sim_plan] built plan=2733 start=5450.10 horizon=15.00 frames=150 commit_frames=20[0m
[0m[INFO] [1788611589.213972691]: [sim_plan] built plan=2734 start=5452.10 horizon=15.00 frames=150 commit_frames=20[0m
[0m[INFO] [1788611589.221952326]: [sim_plan] built plan=2735 start=5454.10 horizon=15.00 frames=150 commit_frames=20[0m
[0m[INFO] [1788611589.230303094]: [sim_plan] built plan=2736 start=5456.10 horizon=15.00 frames=150 commit_frames=20[0m
[0m[INFO] [1788611589.238542561]: [sim_plan] built plan=2737 start=5458.10 horizon=15.00 frames=150 commit_frames=20[0m
[0m[INFO] [1788611589.246581398]: [sim_plan] built plan=2738 start=5460.10 horizon=15.00 frames=150 commit_frames=20[0m
[0m[INFO] [1788611589.254454642]: [sim_plan] built plan=2739 start=5462.10 horizon=15.00 frames=150 commit_frames=20[0m
[0m[INFO] [1788611589.262201446]: [sim_plan] built plan=2740 start=5464.10 horizon=15.00 frames=150 commit_frames=20[0m
[0m[INFO] [1788611589.270117741]: [sim_plan] built plan=2741 start=5466.10 horizon=15.00 frames=150 commit_frames=20[0m
[0m[INFO] [1788611589.277883431]: [sim_plan] built plan=2742 start=5468.10 horizon=15.00 frames=150 commit_frames=20[0m
[0m[INFO] [1788611589.285866823]: [sim_plan] built plan=2743 start=5470.10 horizon=15.00 frames=150 commit_frames=20[0m
[0m[INFO] [1788611589.293631251]: [sim_plan] built plan=2744 start=5472.10 horizon=15.00 frames=150 commit_frames=20[0m
[0m[INFO] [1788611589.301988240]: [sim_plan] built plan=2745 start=5474.10 horizon=15.00 frames=150 commit_frames=20[0m
[0m[INFO] [1788611589.309792002]: [sim_plan] built plan=2746 start=5476.10 horizon=15.00 frames=150 commit_frames=20[0m
[0m[INFO] [1788611589.317784632]: [sim_plan] built plan=2747 start=5478.10 horizon=15.00 frames=150 commit_frames=20[0m
[0m[INFO] [1788611589.326082750]: [sim_plan] built plan=2748 start=5480.10 horizon=15.00 frames=150 commit_frames=20[0m
[0m[INFO] [1788611589.334000107]: [sim_plan] built plan=2749 start=5482.10 horizon=15.00 frames=150 commit_frames=20[0m
[0m[INFO] [1788611589.343785703]: [sim_plan] built plan=2750 start=5484.10 horizon=15.00 frames=150 commit_frames=20[0m
[0m[INFO] [1788611589.351699073]: [sim_plan] built plan=2751 start=5486.10 horizon=15.00 frames=150 commit_frames=20[0m
[0m[INFO] [1788611589.360602077]: [sim_plan] built plan=2752 start=5488.10 horizon=15.00 frames=150 commit_frames=20[0m
[0m[INFO] [1788611589.368683345]: [sim_plan] built plan=2753 start=5490.10 horizon=15.00 frames=150 commit_frames=20[0m
[0m[INFO] [1788611589.377335844]: [sim_plan] built plan=2754 start=5492.10 horizon=15.00 frames=150 commit_frames=20[0m
[0m[INFO] [1788611589.385170274]: [sim_plan] built plan=2755 start=5494.10 horizon=15.00 frames=150 commit_frames=20[0m
[0m[INFO] [1788611589.393136414]: [sim_plan] built plan=2756 start=5496.10 horizon=15.00 frames=150 commit_frames=20[0m
[0m[INFO] [1788611589.400962568]: [sim_plan] built plan=2757 start=5498.10 horizon=15.00 frames=150 commit_frames=20[0m
[0m[INFO] [1788611589.408809933]: [sim_plan] built plan=2758 start=5500.10 horizon=15.00 frames=150 commit_frames=20[0m
[0m[INFO] [1788611589.416656716]: [sim_plan] built plan=2759 start=5502.10 horizon=15.00 frames=150 commit_frames=20[0m
[0m[INFO] [1788611589.424455128]: [sim_plan] built plan=2760 start=5504.10 horizon=15.00 frames=150 commit_frames=20[0m
[0m[INFO] [1788611589.432210438]: [sim_plan] built plan=2761 start=5506.10 horizon=15.00 frames=150 commit_frames=20[0m
[0m[INFO] [1788611589.439992068]: [sim_plan] built plan=2762 start=5508.10 horizon=15.00 frames=150 commit_frames=20[0m
[0m[INFO] [1788611589.447786562]: [sim_plan] built plan=2763 start=5510.10 horizon=15.00 frames=150 commit_frames=20[0m
[0m[INFO] [1788611589.455539508]: [sim_plan] built plan=2764 start=5512.10 horizon=15.00 frames=150 commit_frames=20[0m
[0m[INFO] [1788611589.463395028]: [sim_plan] built plan=2765 start=5514.10 horizon=15.00 frames=150 commit_frames=20[0m
[0m[INFO] [1788611589.471446930]: [sim_plan] built plan=2766 start=5516.10 horizon=15.00 frames=150 commit_frames=20[0m
[0m[INFO] [1788611589.479201379]: [sim_plan] built plan=2767 start=5518.10 horizon=15.00 frames=150 commit_frames=20[0m
[0m[INFO] [1788611589.486949826]: [sim_plan] built plan=2768 start=5520.10 horizon=15.00 frames=150 commit_frames=20[0m
[0m[INFO] [1788611589.494765931]: [sim_plan] built plan=2769 start=5522.10 horizon=15.00 frames=150 commit_frames=20[0m
[0m[INFO] [1788611589.502493087]: [sim_plan] built plan=2770 start=5524.10 horizon=15.00 frames=150 commit_frames=20[0m
[0m[INFO] [1788611589.510304244]: [sim_plan] built plan=2771 start=5526.10 horizon=15.00 frames=150 commit_frames=20[0m
[0m[INFO] [1788611589.518743570]: [sim_plan] built plan=2772 start=5528.10 horizon=15.00 frames=150 commit_frames=20[0m
[0m[INFO] [1788611589.526640979]: [sim_plan] built plan=2773 start=5530.10 horizon=15.00 frames=150 commit_frames=20[0m
[0m[INFO] [1788611589.534255913]: [sim_plan] built plan=2774 start=5532.10 horizon=15.00 frames=150 commit_frames=20[0m
[0m[INFO] [1788611589.541941912]: [sim_plan] built plan=2775 start=5534.10 horizon=15.00 frames=150 commit_frames=20[0m
[0m[INFO] [1788611589.549603404]: [sim_plan] built plan=2776 start=5536.10 horizon=15.00 frames=150 commit_frames=20[0m
[0m[INFO] [1788611589.557699099]: [sim_plan] built plan=2777 start=5538.10 horizon=15.00 frames=150 commit_frames=20[0m
[0m[INFO] [1788611589.565732536]: [sim_plan] built plan=2778 start=5540.10 horizon=15.00 frames=150 commit_frames=20[0m
[0m[INFO] [1788611589.573571114]: [sim_plan] built plan=2779 start=5542.10 horizon=15.00 frames=150 commit_frames=20[0m
[0m[INFO] [1788611589.581612406]: [sim_plan] built plan=2780 start=5544.10 horizon=15.00 frames=150 commit_frames=20[0m
[0m[INFO] [1788611589.589310849]: [sim_plan] built plan=2781 start=5546.10 horizon=15.00 frames=150 commit_frames=20[0m
[0m[INFO] [1788611589.597718755]: [sim_plan] built plan=2782 start=5548.10 horizon=15.00 frames=150 commit_frames=20[0m
[0m[INFO] [1788611589.605475287]: [sim_plan] built plan=2783 start=5550.10 horizon=15.00 frames=150 commit_frames=20[0m
[0m[INFO] [1788611589.613323333]: [sim_plan] built plan=2784 start=5552.10 horizon=15.00 frames=150 commit_frames=20[0m
[0m[INFO] [1788611589.621048666]: [sim_plan] built plan=2785 start=5554.10 horizon=15.00 frames=150 commit_frames=20[0m
[0m[INFO] [1788611589.628985781]: [sim_plan] built plan=2786 start=5556.10 horizon=15.00 frames=150 commit_frames=20[0m
[0m[INFO] [1788611589.637024027]: [sim_plan] built plan=2787 start=5558.10 horizon=15.00 frames=150 commit_frames=20[0m
[0m[INFO] [1788611589.645815600]: [sim_plan] built plan=2788 start=5560.10 horizon=15.00 frames=150 commit_frames=20[0m
[0m[INFO] [1788611589.653573145]: [sim_plan] built plan=2789 start=5562.10 horizon=15.00 frames=150 commit_frames=20[0m
[0m[INFO] [1788611589.661454834]: [sim_plan] built plan=2790 start=5564.10 horizon=15.00 frames=150 commit_frames=20[0m
[0m[INFO] [1788611589.669413299]: [sim_plan] built plan=2791 start=5566.10 horizon=15.00 frames=150 commit_frames=20[0m
[0m[INFO] [1788611589.677793613]: [sim_plan] built plan=2792 start=5568.10 horizon=15.00 frames=150 commit_frames=20[0m
[0m[INFO] [1788611589.685600752]: [sim_plan] built plan=2793 start=5570.10 horizon=15.00 frames=150 commit_frames=20[0m
[0m[INFO] [1788611589.694101754]: [sim_plan] built plan=2794 start=5572.10 horizon=15.00 frames=150 commit_frames=20[0m
[0m[INFO] [1788611589.701883154]: [sim_plan] built plan=2795 start=5574.10 horizon=15.00 frames=150 commit_frames=20[0m
[0m[INFO] [1788611589.709560897]: [sim_plan] built plan=2796 start=5576.10 horizon=15.00 frames=150 commit_frames=20[0m
[0m[INFO] [1788611589.717879334]: [sim_plan] built plan=2797 start=5578.10 horizon=15.00 frames=150 commit_frames=20[0m
[0m[INFO] [1788611589.725687484]: [sim_plan] built plan=2798 start=5580.10 horizon=15.00 frames=150 commit_frames=20[0m
[0m[INFO] [1788611589.734085371]: [sim_plan] built plan=2799 start=5582.10 horizon=15.00 frames=150 commit_frames=20[0m
[0m[INFO] [1788611589.742609377]: [sim_plan] built plan=2800 start=5584.10 horizon=15.00 frames=150 commit_frames=20[0m
[0m[INFO] [1788611589.750920100]: [sim_plan] built plan=2801 start=5586.10 horizon=15.00 frames=150 commit_frames=20[0m
[0m[INFO] [1788611589.758756934]: [sim_plan] built plan=2802 start=5588.10 horizon=15.00 frames=150 commit_frames=20[0m
[0m[INFO] [1788611589.766700912]: [sim_plan] built plan=2803 start=5590.10 horizon=15.00 frames=150 commit_frames=20[0m
[0m[INFO] [1788611589.774510315]: [sim_plan] built plan=2804 start=5592.10 horizon=15.00 frames=150 commit_frames=20[0m
[0m[INFO] [1788611589.782670561]: [sim_plan] built plan=2805 start=5594.10 horizon=15.00 frames=150 commit_frames=20[0m
[0m[INFO] [1788611589.791248059]: [sim_plan] built plan=2806 start=5596.10 horizon=15.00 frames=150 commit_frames=20[0m
[0m[INFO] [1788611589.800003053]: [sim_plan] built plan=2807 start=5598.10 horizon=15.00 frames=150 commit_frames=20[0m
[0m[INFO] [1788611589.808740944]: [sim_plan] built plan=2808 start=5600.10 horizon=15.00 frames=150 commit_frames=20[0m
[0m[INFO] [1788611589.817114776]: [sim_plan] built plan=2809 start=5602.10 horizon=15.00 frames=150 commit_frames=20[0m
[0m[INFO] [1788611589.826135664]: [sim_plan] built plan=2810 start=5604.10 horizon=15.00 frames=150 commit_frames=20[0m
[0m[INFO] [1788611589.834584618]: [sim_plan] built plan=2811 start=5606.10 horizon=15.00 frames=150 commit_frames=20[0m
[0m[INFO] [1788611589.843316608]: [sim_plan] built plan=2812 start=5608.10 horizon=15.00 frames=150 commit_frames=20[0m
[0m[INFO] [1788611589.851420408]: [sim_plan] built plan=2813 start=5610.10 horizon=15.00 frames=150 commit_frames=20[0m
[0m[INFO] [1788611589.859900441]: [sim_plan] built plan=2814 start=5612.10 horizon=15.00 frames=150 commit_frames=20[0m
[0m[INFO] [1788611589.868095364]: [sim_plan] built plan=2815 start=5614.10 horizon=15.00 frames=150 commit_frames=20[0m
[0m[INFO] [1788611589.875980029]: [sim_plan] built plan=2816 start=5616.10 horizon=15.00 frames=150 commit_frames=20[0m
[0m[INFO] [1788611589.883674133]: [sim_plan] built plan=2817 start=5618.10 horizon=15.00 frames=150 commit_frames=20[0m
[0m[INFO] [1788611589.891757895]: [sim_plan] built plan=2818 start=5620.10 horizon=15.00 frames=150 commit_frames=20[0m
[0m[INFO] [1788611589.899895099]: [sim_plan] built plan=2819 start=5622.10 horizon=15.00 frames=150 commit_frames=20[0m
[0m[INFO] [1788611589.908485331]: [sim_plan] built plan=2820 start=5624.10 horizon=15.00 frames=150 commit_frames=20[0m
[0m[INFO] [1788611589.916488661]: [sim_plan] built plan=2821 start=5626.10 horizon=15.00 frames=150 commit_frames=20[0m
[0m[INFO] [1788611589.925347912]: [sim_plan] built plan=2822 start=5628.10 horizon=15.00 frames=150 commit_frames=20[0m
[0m[INFO] [1788611589.933454147]: [sim_plan] built plan=2823 start=5630.10 horizon=15.00 frames=150 commit_frames=20[0m
[0m[INFO] [1788611589.941175863]: [sim_plan] built plan=2824 start=5632.10 horizon=15.00 frames=150 commit_frames=20[0m
[0m[INFO] [1788611589.949037665]: [sim_plan] built plan=2825 start=5634.10 horizon=15.00 frames=150 commit_frames=20[0m
[0m[INFO] [1788611589.957132188]: [sim_plan] built plan=2826 start=5636.10 horizon=15.00 frames=150 commit_frames=20[0m
[0m[INFO] [1788611589.965290942]: [sim_plan] built plan=2827 start=5638.10 horizon=15.00 frames=150 commit_frames=20[0m
[0m[INFO] [1788611589.972875830]: [sim_plan] built plan=2828 start=5640.10 horizon=15.00 frames=150 commit_frames=20[0m
[0m[INFO] [1788611589.981050264]: [sim_plan] built plan=2829 start=5642.10 horizon=15.00 frames=150 commit_frames=20[0m
[0m[INFO] [1788611589.988583493]: [sim_plan] built plan=2830 start=5644.10 horizon=15.00 frames=150 commit_frames=20[0m
[0m[INFO] [1788611589.996482125]: [sim_plan] built plan=2831 start=5646.10 horizon=15.00 frames=150 commit_frames=20[0m
[0m[INFO] [1788611590.004537333]: [sim_plan] built plan=2832 start=5648.10 horizon=15.00 frames=150 commit_frames=20[0m
[0m[INFO] [1788611590.012021019]: [sim_plan] built plan=2833 start=5650.10 horizon=15.00 frames=150 commit_frames=20[0m
[0m[INFO] [1788611590.019830602]: [sim_plan] built plan=2834 start=5652.10 horizon=15.00 frames=150 commit_frames=20[0m
[0m[INFO] [1788611590.027547749]: [sim_plan] built plan=2835 start=5654.10 horizon=15.00 frames=150 commit_frames=20[0m
[0m[INFO] [1788611590.035594121]: [sim_plan] built plan=2836 start=5656.10 horizon=15.00 frames=150 commit_frames=20[0m
[0m[INFO] [1788611590.043796879]: [sim_plan] built plan=2837 start=5658.10 horizon=15.00 frames=150 commit_frames=20[0m
[0m[INFO] [1788611590.051603196]: [sim_plan] built plan=2838 start=5660.10 horizon=15.00 frames=150 commit_frames=20[0m
[0m[INFO] [1788611590.059955416]: [sim_plan] built plan=2839 start=5662.10 horizon=15.00 frames=150 commit_frames=20[0m
[0m[INFO] [1788611590.068101537]: [sim_plan] built plan=2840 start=5664.10 horizon=15.00 frames=150 commit_frames=20[0m
[0m[INFO] [1788611590.076433449]: [sim_plan] built plan=2841 start=5666.10 horizon=15.00 frames=150 commit_frames=20[0m
[0m[INFO] [1788611590.084054154]: [sim_plan] built plan=2842 start=5668.10 horizon=15.00 frames=150 commit_frames=20[0m
[0m[INFO] [1788611590.092233908]: [sim_plan] built plan=2843 start=5670.10 horizon=15.00 frames=150 commit_frames=20[0m
[0m[INFO] [1788611590.100115688]: [sim_plan] built plan=2844 start=5672.10 horizon=15.00 frames=150 commit_frames=20[0m
[0m[INFO] [1788611590.108437792]: [sim_plan] built plan=2845 start=5674.10 horizon=15.00 frames=150 commit_frames=20[0m
[0m[INFO] [1788611590.116631182]: [sim_plan] built plan=2846 start=5676.10 horizon=15.00 frames=150 commit_frames=20[0m
[0m[INFO] [1788611590.125596644]: [sim_plan] built plan=2847 start=5678.10 horizon=15.00 frames=150 commit_frames=20[0m
[0m[INFO] [1788611590.133966599]: [sim_plan] built plan=2848 start=5680.10 horizon=15.00 frames=150 commit_frames=20[0m
[0m[INFO] [1788611590.142463273]: [sim_plan] built plan=2849 start=5682.10 horizon=15.00 frames=150 commit_frames=20[0m
[0m[INFO] [1788611590.150608532]: [sim_plan] built plan=2850 start=5684.10 horizon=15.00 frames=150 commit_frames=20[0m
[0m[INFO] [1788611590.158822511]: [sim_plan] built plan=2851 start=5686.10 horizon=15.00 frames=150 commit_frames=20[0m
[0m[INFO] [1788611590.167517972]: [sim_plan] built plan=2852 start=5688.10 horizon=15.00 frames=150 commit_frames=20[0m
[0m[INFO] [1788611590.176269519]: [sim_plan] built plan=2853 start[33m[WARN] [1788611602.169878862]: [DIAG cycle] 等待图检测到环 V0->V1 —— 严格全序下本不该出现,疑为 slot 资源前置约束成环(循环占位)。暂由破环逃生兜底。[0m
=5690.10 horizon=15.00 frames=150 commit_frames=20[0m
[0m[INFO] [1788611590.184718763]: [sim_plan] built plan=2854 start=5692.10 horizon=15.00 frames=150 commit_frames=20[0m
[0m[INFO] [1788611590.193371143]: [sim_plan] built plan=2855 start=5694.10 horizon=15.00 frames=150 commit_frames=20[0m
[0m[INFO] [1788611602.174850970]: [sim_plan] built plan=2856 start=5696.10 horizon=15.00 frames=150 commit_frames=20[0m
[0m[INFO] [1788611602.183669475]: [sim_plan] built plan=2857 start=5698.10 horizon=15.00 frames=150 commit_frames=20[0m
[0m[INFO] [1788611602.191997880]: [sim_plan] built plan=2858 start=5700.10 horizon=15.00 frames=150 commit_frames=20[0m
[0m[INFO] [1788611602.200603591]: [sim_plan] built plan=2859 start=5702.10 horizon=15.00 frames=150 commit_frames=20[0m
[0m[INFO] [1788611602.209051704]: [sim_plan] built plan=2860 start=5704.10 horizon=15.00 frames=150 commit_frames=20[0m
[0m[INFO] [1788611602.217841233]: [sim_plan] built plan=2861 start=5706.10 horizon=15.00 frames=150 commit_frames=20[0m
[0m[INFO] [1788611602.226726023]: [sim_plan] built plan=2862 start=5708.10 horizon=15.00 frames=150 commit_frames=20[0m
[0m[INFO] [1788611602.235576998]: [sim_plan] built plan=2863 start=5710.10 horizon=15.00 frames=150 commit_frames=20[0m
[0m[INFO] [1788611602.244158083]: [sim_plan] built plan=2864 start=5712.10 horizon=15.00 frames=150 commit_frames=20[0m
[0m[INFO] [1788611602.252732344]: [sim_plan] built plan=2865 start=5714.10 horizon=15.00 frames=150 commit_frames=20[0m
[0m[INFO] [1788611602.261526923]: [sim_plan] built plan=2866 start=5716.10 horizon=15.00 frames=150 commit_frames=20[0m
[0m[INFO] [1788611602.270043264]: [sim_plan] built plan=2867 start=5718.10 horizon=15.00 frames=150 commit_frames=20[0m
[0m[INFO] [1788611602.278637504]: [sim_plan] built plan=2868 start=5720.10 horizon=15.00 frames=150 commit_frames=20[0m
[0m[INFO] [1788611602.286622830]: [sim_plan] built plan=2869 start=5722.10 horizon=15.00 frames=150 commit_frames=20[0m
[0m[INFO] [1788611602.295187382]: [sim_plan] built plan=2870 start=5724.10 horizon=15.00 frames=150 commit_frames=20[0m
[0m[INFO] [1788611602.303662877]: [sim_plan] built plan=2871 start=5726.10 horizon=15.00 frames=150 commit_frames=20[0m
[0m[INFO] [1788611602.312032371]: [sim_plan] built plan=2872 start=5728.10 horizon=15.00 frames=150 commit_frames=20[0m
[0m[INFO] [1788611602.320535247]: [sim_plan] built plan=2873 start=5730.10 horizon=15.00 frames=150 commit_frames=20[0m
[0m[INFO] [1788611602.331717598]: [sim_plan] built plan=2874 start=5732.10 horizon=15.00 frames=150 commit_frames=20[0m
[0m[INFO] [1788611602.340307499]: [sim_plan] built plan=2875 start=5734.10 horizon=15.00 frames=150 commit_frames=20[0m
[0m[INFO] [1788611602.349084425]: [sim_plan] built plan=2876 start=5736.10 horizon=15.00 frames=150 commit_frames=20[0m
[0m[INFO] [1788611602.357343259]: [sim_plan] built plan=2877 start=5738.10 horizon=15.00 frames=150 commit_frames=20[0m
[0m[INFO] [1788611602.365967274]: [sim_plan] built plan=2878 start=5740.10 horizon=15.00 frames=150 commit_frames=20[0m
[0m[INFO] [1788611602.373934666]: [sim_plan] built plan=2879 start=5742.10 horizon=15.00 frames=150 commit_frames=20[0m
[0m[INFO] [1788611602.382607253]: [sim_plan] built plan=2880 start=5744.10 horizon=15.00 frames=150 commit_frames=20[0m
[0m[INFO] [1788611602.390731042]: [sim_plan] built plan=2881 start=5746.10 horizon=15.00 frames=150 commit_frames=20[0m
[0m[INFO] [1788611602.401510601]: [sim_plan] built plan=2882 start=5748.10 horizon=15.00 frames=150 commit_frames=20[0m
[0m[INFO] [1788611602.409632144]: [sim_plan] built plan=2883 start=5750.10 horizon=15.00 frames=150 commit_frames=20[0m
[0m[INFO] [1788611602.417542278]: [sim_plan] built plan=2884 start=5752.10 horizon=15.00 frames=150 commit_frames=20[0m
[0m[INFO] [1788611602.425560125]: [sim_plan] built plan=2885 start=5754.10 horizon=15.00 frames=150 commit_frames=20[0m
[0m[INFO] [1788611602.433993590]: [sim_plan] built plan=2886 start=5756.10 horizon=15.00 frames=150 commit_frames=20[0m
[0m[INFO] [178[33m[WARN] [1788611590.474786474]: [DIAG cycle] 等待图检测到环 V0->V1 —— 严格全序下本不该出现,疑为 slot 资源前置约束成环(循环占位)。暂由破环逃生兜底。[0m
8611602.442037366]: [sim_plan] built plan=2887 start=5758.10 horizon=15.00 frames=150 commit_frames=20[0m
[0m[INFO] [1788611602.442537915]: [batch] 57600/72000 ticks (sim_t=5760s) hard_guard=0[0m
[0m[INFO] [1788611602.450454751]: [sim_plan] built plan=2888 start=5760.10 horizon=15.00 frames=150 commit_frames=20[0m
[0m[INFO] [1788611602.459019444]: [sim_plan] built plan=2889 start=5762.10 horizon=15.00 frames=150 commit_frames=20[0m
[0m[INFO] [1788611602.467073640]: [sim_plan] built plan=2890 start=5764.10 horizon=15.00 frames=150 commit_frames=20[0m
[0m[INFO] [1788611590.482514683]: [sim_plan] built plan=2891 start=5766.10 horizon=15.00 frames=150 commit_frames=20[0m
[0m[INFO] [1788611590.490794476]: [sim_plan] built plan=2892 start=5768.10 horizon=15.00 frames=150 commit_frames=20[0m
[0m[INFO] [1788611590.499099017]: [sim_plan] built plan=2893 start=5770.10 horizon=15.00 frames=150 commit_frames=20[0m
[0m[INFO] [1788611590.507758479]: [sim_plan] built plan=2894 start=5772.10 horizon=15.00 frames=150 commit_frames=20[0m
[0m[INFO] [1788611590.515896304]: [sim_plan] built plan=2895 start=5774.10 horizon=15.00 frames=150 commit_frames=20[0m
[0m[INFO] [1788611590.525799112]: [sim_plan] built plan=2896 start=5776.10 horizon=15.00 frames=150 commit_frames=20[0m
[0m[INFO] [1788611590.534329711]: [sim_plan] built plan=2897 start=5778.10 horizon=15.00 frames=150 commit_frames=20[0m
[0m[INFO] [1788611590.543217756]: [sim_plan] built plan=2898 start=5780.10 horizon=15.00 frames=150 commit_frames=20[0m
[0m[INFO] [1788611590.551549899]: [sim_plan] built plan=2899 start=5782.10 horizon=15.00 frames=150 commit_frames=20[0m
[0m[INFO] [1788611590.560511624]: [sim_plan] built plan=2900 start=5784.10 horizon=15.00 frames=150 commit_frames=20[0m
[0m[INFO] [1788611590.569985781]: [sim_plan] built plan=2901 start=5786.10 horizon=15.00 frames=150 commit_frames=20[0m
[0m[INFO] [1788611590.578186895]: [sim_plan] built plan=2902 start=5788.10 horizon=15.00 frames=150 commit_frames=20[0m
[0m[INFO] [1788611590.586475886]: [sim_plan] built plan=2903 start=5790.10 horizon=15.00 frames=150 commit_frames=20[0m
[0m[INFO] [1788611590.594777682]: [sim_plan] built plan=2904 start=5792.10 horizon=15.00 frames=150 commit_frames=20[0m
[0m[INFO] [1788611590.603295255]: [sim_plan] built plan=2905 start=5794.10 horizon=15.00 frames=150 commit_frames=20[0m
[0m[INFO] [1788611590.612304841]: [sim_plan] built plan=2906 start=5796.10 horizon=15.00 frames=150 commit_frames=20[0m
[0m[INFO] [1788611590.620559788]: [sim_plan] built plan=2907 start=5798.10 horizon=15.00 frames=150 commit_frames=20[0m
[0m[INFO] [1788611590.629649756]: [sim_plan] built plan=2908 start=5800.10 horizon=15.00 frames=150 commit_frames=20[0m
[0m[INFO] [1788611590.638087539]: [sim_plan] built plan=2909 start=5802.10 horizon=15.00 frames=150 commit_frames=20[0m
[0m[INFO] [1788611590.646197340]: [sim_plan] built plan=2910 start=5804.10 horizon=15.00 frames=150 commit_frames=20[0m
[0m[INFO] [1788611590.654151688]: [sim_plan] built plan=2911 start=5806.10 horizon=15.00 frames=150 commit_frames=20[0m
[0m[INFO] [1788611590.662302367]: [sim_plan] built plan=2912 start=5808.10 horizon=15.00 frames=150 commit_frames=20[0m
[0m[INFO] [1788611590.670454208]: [sim_plan] built plan=2913 start=5810.10 horizon=15.00 frames=150 commit_frames=20[0m
[0m[INFO] [1788611590.678821677]: [sim_plan] built plan=2914 start=5812.10 horizon=15.00 frames=150 commit_frames=20[0m
[0m[INFO] [1788611590.687216800]: [sim_plan] built plan=2915 start=5814.10 horizon=15.00 frames=150 commit_frames=20[0m
[0m[INFO] [1788611590.695878397]: [sim_plan] built plan=2916 start=5816.10 horizon=15.00 frames=150 commit_frames=20[0m
[0m[INFO] [1788611590.704057780]: [sim_plan] built plan=2917 start=5818.10 horizon=15.00 frames=150 commit_frames=20[0m
[0m[INFO] [1788611590.712155789]: [sim_plan] built plan=2918 start=5820.10 horizon=15.00 frames=150 commit_frames=20[0m
[0m[INFO] [1788611590.720277504]: [sim_plan] built plan=2919 start=5822.10 horizon=15.00 frames=150 commit_frames=20[0m
[0m[INFO] [1788611590.728519025]: [sim_plan] built plan=2920 start=5824.10 horizon=15.00 frames=150 commit_frames=20[0m
[0m[INFO] [1788611590.736808677]: [sim_plan] built plan=2921 start=5826.10 horizon=15.00 frames=150 commit_frames=20[0m
[0m[INFO] [1788611590.745040169]: [sim_plan] built plan=2922 start=5828.10 horizon=15.00 frames=150 commit_frames=20[0m
[0m[INFO] [1788611590.753210445]: [sim_plan] built plan=2923 start=5830.10 horizon=15.00 frames=150 commit_frames=20[0m
[0m[INFO] [1788611590.761302433]: [sim_plan] built plan=2924 start=5832.10 horizon=15.00 frames=150 commit_frames=20[0m
[0m[INFO] [1788611590.769263784]: [sim_plan] built plan=2925 start=5834.10 horizon=15.00 frames=150 commit_frames=20[0m
[0m[INFO] [1788611590.777301719]: [sim_plan] built plan=2926 start=5836.10 horizon=15.00 frames=150 commit_frames=20[0m
[0m[INFO] [1788611590.785329395]: [sim_plan] built plan=2927 start=5838.10 horizon=15.00 frames=150 commit_frames=20[0m
[0m[INFO] [1788611590.793327165]: [sim_plan] built plan=2928 start=5840.10 horizon=15.00 frames=150 commit_frames=20[0m
[0m[INFO] [1788611590.801514383]: [sim_plan] built plan=2929 start=5842.10 horizon=15.00 frames=150 commit_frames=20[0m
[0m[INFO] [1788611590.809560363]: [sim_plan] built plan=2930 start=5844.10 horizon=15.00 frames=150 commit_frames=20[0m
[0m[INFO] [1788611590.817468103]: [sim_plan] built plan=2931 start=5846.10 horizon=15.00 frames=150 commit_frames=20[0m
[0m[INFO] [1788611590.825436647]: [sim_plan] built plan=2932 start=5848.10 horizon=15.00 frames=150 commit_frames=20[0m
[0m[INFO] [1788611590.833479762]: [sim_plan] built plan=2933 start=5850.10 horizon=15.00 frames=150 commit_frames=20[0m
[0m[INFO] [1788611590.841657442]: [sim_plan] built plan=2934 start=5852.10 horizon=15.00 frames=150 commit_frames=20[0m
[0m[INFO] [1788611590.850386347]: [sim_plan] built plan=2935 start=5854.10 horizon=15.00 frames=150 commit_frames=20[0m
[0m[INFO] [1788611590.858232048]: [sim_plan] built plan=2936 start=5856.10 horizon=15.00 frames=150 commit_frames=20[0m
[0m[INFO] [1788611590.866793846]: [sim_plan] built plan=2937 start=5858.10 horizon=15.00 frames=150 commit_frames=20[0m
[0m[INFO] [1788611590.874657962]: [sim_plan] built plan=2938 start=5860.10 horizon=15.00 frames=150 commit_frames=20[0m
[0m[INFO] [1788611590.882672363]: [sim_plan] built plan=2939 start=5862.10 horizon=15.00 frames=150 commit_frames=20[0m
[0m[INFO] [1788611590.890700510]: [sim_plan] built plan=2940 start=5864.10 horizon=15.00 frames=150 commit_frames=20[0m
[0m[INFO] [1788611590.898610863]: [sim_plan] built plan=2941 start=5866.10 horizon=15.00 frames=150 commit_frames=20[0m
[0m[INFO] [1788611590.906322381]: [sim_plan] built plan=2942 start=5868.10 horizon=15.00 frames=150 commit_frames=20[0m
[0m[INFO] [1788611590.914169074]: [sim_plan] built plan=2943 start=5870.10 horizon=15.00 frames=150 commit_frames=20[0m
[0m[INFO] [1788611590.922042508]: [sim_plan] built plan=2944 start=5872.10 horizon=15.00 frames=150 commit_frames=20[0m
[0m[INFO] [1788611590.930132853]: [sim_plan] built plan=2945 start=5874.10 horizon=15.00 frames=150 commit_frames=20[0m
[0m[INFO] [1788611590.938004233]: [sim_plan] built plan=2946 start=5876.10 horizon=15.00 frames=150 commit_frames=20[0m
[0m[INFO] [1788611590.946017982]: [sim_plan] built plan=2947 start=5878.10 horizon=15.00 frames=150 commit_frames=20[0m
[0m[INFO] [1788611590.953812717]: [sim_plan] built plan=2948 start=5880.10 horizon=15.00 frames=150 commit_frames=20[0m
[0m[INFO] [1788611590.961555454]: [sim_plan] built plan=2949 start=5882.10 horizon=15.00 frames=150 commit_frames=20[0m
[0m[INFO] [1788611590.969412977]: [sim_plan] built plan=2950 start=5884.10 horizon=15.00 frames=150 commit_frames=20[0m
[0m[INFO] [1788611590.977402241]: [sim_plan] built plan=2951 start=5886.10 horizon=15.00 frames=150 commit_frames=20[0m
[0m[INFO] [1788611590.985438283]: [sim_plan] built plan=2952 start=5888.10 horizon=15.00 frames=150 commit_frames=20[0m
[0m[INFO] [1788611590.993616143]: [sim_plan] built plan=2953 start=5890.10 horizon=15.00 frames=150 commit_frames=20[0m
[0m[INFO] [1788611591.001996658]: [sim_plan] built plan=2954 start=5892.10 horizon=15.00 frames=150 commit_frames=20[0m
[0m[INFO] [1788611591.010868703]: [sim_plan] built plan=2955 start=5894.10 horizon=15.00 frames=150 commit_frames=20[0m
[0m[INFO] [1788611591.020160784]: [sim_plan] built plan=2956 start=5896.10 horizon=15.00 frames=150 commit_frames=20[0m
[0m[INFO] [1788611591.028099392]: [sim_plan] built plan=2957 start=5898.10 horizon=15.00 frames=150 commit_frames=20[0m
[0m[INFO] [1788611591.036373745]: [sim_plan] built plan=2958 start=5900.10 horizon=15.00 frames=150 commit_frames=20[0m
[0m[INFO] [1788611591.047271408]: [sim_plan] built plan=2959 start=5902.10 horizon=15.00 frames=150 commit_frames=20[0m
[0m[INFO] [1788611591.055104054]: [sim_plan] built plan=2960 start=5904.10 horizon=15.00 frames=150 commit_frames=20[0m
[0m[INFO] [1788611591.063531678]: [sim_plan] built plan=2961 start=5906.10 horizon=15.00 frames=150 commit_frames=20[0m
[0m[INFO] [1788611591.073067470]: [sim_plan] built plan=2962 start=5908.10 horizon=15.00 frames=150 commit_frames=20[0m
[0m[INFO] [1788611591.081240862]: [sim_plan] built plan=2963 start=5910.10 horizon=15.00 frames=150 commit_frames=20[0m
[0m[INFO] [1788611591.089193186]: [sim_plan] built plan=2964 start=5912.10 horizon=15.00 frames=150 commit_frames=20[0m
[0m[INFO] [1788611591.097702484]: [sim_plan] built plan=2965 start=5914.10 horizon=15.00 frames=150 commit_frames=20[0m
[0m[INFO] [1788611591.105766409]: [sim_plan] built plan=2966 start=5916.10 horizon=15.00 frames=150 commit_frames=20[0m
[0m[INFO] [1788611591.113761854]: [sim_plan] built plan=2967 start=5918.10 horizon=15.00 frames=150 commit_frames=20[0m
[0m[INFO] [1788611591.122592471]: [sim_plan] built plan=2968 start=5920.10 horizon=15.00 frames=150 commit_frames=20[0m
[0m[INFO] [1788611591.132732168]: [sim_plan] built plan=2969 start=5922.10 horizon=15.00 frames=150 commit_frames=20[0m
[0m[INFO] [1788611591.141225075]: [sim_plan] built plan=2970 start=5924.10 horizon=15.00 frames=150 commit_frames=20[0m
[0m[INFO] [1788611591.149298538]: [sim_plan] built plan=2971 start=5926.10 horizon=15.00 frames=150 commit_frames=20[0m
[0m[INFO] [1788611591.157933845]: [sim_plan] built plan=2972 start=5928.10 horizon=15.00 frames=150 commit_frames=20[0m
[0m[INFO] [1788611591.166156380]: [sim_plan] built plan=2973 start=5930.10 horizon=15.00 frames=150 commit_frames=20[0m
[0m[INFO] [1788611591.176720200]: [sim_plan] built plan=2974 start=5932.10 horizon=15.00 frames=150 commit_frames=20[0m
[0m[INFO] [1788611591.184887540]: [sim_plan] built plan=2975 start=5934.10 horizon=15.00 frames=150 commit_frames=20[0m
[0m[INFO] [1788611591.193090338]: [sim_plan] built plan=2976 start=5936.10 horizon=15.00 frames=150 commit_frames=20[0m
[0m[INFO] [1788611591.201893642]: [sim_plan] built plan=2977 start=5938.10 horizon=15.00 frames=150 commit_frames=20[0m
[0m[INFO] [1788611591.212628768]: [sim_plan] built plan=2978 start=5940.10 horizon=15.00 frames=150 commit_frames=20[0m
[0m[INFO] [1788611591.222719380]: [sim_plan] built plan=2979 start=5942.10 horizon=15.00 frames=150 commit_frames=20[0m
[0m[INFO] [1788611591.232555273]: [sim_plan] built plan=2980 start=5944.10 horizon=15.00 frames=150 commit_frames=20[0m
[0m[INFO] [1788611591.241966810]: [sim_plan] built plan=2981 start=5946.10 horizon=15.00 frames=150 commit_frames=20[0m
[0m[INFO] [1788611591.251914152]: [sim_plan] built plan=2982 start=5948.10 horizon=15.00 frames=150 commit_frames=20[0m
[0m[INFO] [1788611591.261136562]: [sim_plan] built plan=2983 start=5950.10 horizon=15.00 frames=150 commit_frames=20[0m
[0m[INFO] [1788611591.270158631]: [sim_plan] built plan=2984 start=5952.10 horizon=15.00 frames=150 commit_frames=20[0m
[0m[INFO] [1788611591.279344800]: [sim_plan] built plan=2985 start=5954.10 horizon=15.00 frames=150 commit_frames=20[0m
[0m[INFO] [1788611591.288312799]: [sim_plan] built plan=2986 start=5956.10 horizon=15.00 frames=150 commit_frames=20[0m
[0m[INFO] [1788611591.297195655]: [sim_plan] built plan=2987 start=5958.10 horizon=15.00 frames=150 commit_frames=20[0m
[0m[INFO] [1788611591.306546806]: [sim_plan] built plan=2988 start=5960.10 horizon=15.00 frames=150 commit_frames=20[0m
[0m[INFO] [1788611591.315679066]: [sim_plan] built plan=2989 start=5962.10 horizon=15.00 frames=150 commit_frames=20[0m
[0m[INFO] [1788611591.324352065]: [sim_plan] built plan=2990 start=5964.10 horizon=15.00 frames=150 commit_frames=20[0m
[0m[INFO] [1788611591.332578726]: [sim_plan] built plan=2991 start=5966.10 horizon=15.00 frames=150 commit_frames=20[0m
[0m[INFO] [1788611591.340769272]: [sim_plan] built plan=2992 start=5968.10 horizon=15.00 frames=150 commit_frames=20[0m
[0m[INFO] [1788611591.349531149]: [sim_plan] built plan=2993 start=5970.10 horizon=15.00 frames=150 commit_frames=20[0m
[0m[INFO] [1788611591.358736646]: [sim_plan] built plan=2994 start=5972.10 horizon=15.00 frames=150 commit_frames=20[0m
[0m[INFO] [1788611591.367652164]: [sim_plan] built plan=2995 start=5974.10 horizon=15.00 frames=150 commit_frames=20[0m
[0m[INFO] [1788611591.376872640]: [sim_plan] built plan=2996 start=5976.10 horizon=15.00 frames=150 commit_frames=20[0m
[0m[INFO] [1788611591.385592006]: [sim_plan] built plan=2997 start=5978.10 horizon=15.00 frames=150 commit_frames=20[0m
[0m[INFO] [1788611591.394104480]: [sim_plan] built plan=2998 start=5980.10 horizon=15.00 frames=150 commit_frames=20[0m
[0m[INFO] [1788611591.402647072]: [sim_plan] built plan=2999 start=5982.10 horizon=15.00 frames=150 commit_frames=20[0m
[0m[INFO] [1788611591.411303018]: [sim_plan] built plan=3000 start=5984.10 horizon=15.00 frames=150 commit_frames=20[0m
[0m[INFO] [1788611591.419544880]: [sim_plan] built plan=3001 start=5986.10 horizon=15.00 frames=150 commit_frames=20[0m
[0m[INFO] [1788611591.427846946]: [sim_plan] built plan=3002 start=5988.10 horizon=15.00 frames=150 commit_frames=20[0m
[0m[INFO] [1788611591.436149783]: [sim_plan] built plan=3003 start=5990.10 horizon=15.00 frames=150 commit_frames=20[0m
[0m[INFO] [1788611591.444474712]: [sim_plan] built plan=3004 start=5992.10 horizon=15.00 frames=150 commit_frames=20[0m
[0m[INFO] [1788611591.452811503]: [sim_plan] built plan=3005 start=5994.10 horizon=15.00 frames=150 commit_frames=20[0m
[0m[INFO] [1788611591.461094132]: [sim_plan] built plan=3006 start=5996.10 horizon=15.00 frames=150 commit_frames=20[0m
[0m[INFO] [1788611591.469364418]: [sim_plan] built plan=3007 start=5998.10 horizon=15.00 frames=150 commit_frames=20[0m
[0m[INFO] [1788611591.477536698]: [sim_plan] built plan=3008 start=6000.10 horizon=15.00 frames=150 commit_frames=20[0m
[0m[INFO] [1788611591.485925638]: [sim_plan] built plan=3009 start=6002.10 horizon=15.00 frames=150 commit_frames=20[0m
[0m[INFO] [1788611591.494461196]: [sim_plan] built plan=3010 start=6004.10 horizon=15.00 frames=150 commit_frames=20[0m
[0m[INFO] [1788611591.502809199]: [sim_plan] built plan=3011 start=6006.10 horizon=15.00 frames=150 commit_frames=20[0m
[0m[INFO] [1788611591.511074435]: [sim_plan] built plan=3012 start=6008.10 horizon=15.00 frames=150 commit_frames=20[0m
[0m[INFO] [1788611591.519461262]: [sim_plan] built plan=3013 start=6010.10 horizon=15.00 frames=150 commit_frames=20[0m
[0m[INFO] [1788611591.527906779]: [sim_plan] built plan=3014 start=6012.10 horizon=15.00 frames=150 commit_frames=20[0m
[0m[INFO] [1788611591.537057503]: [sim_plan] built plan=3015 start=6014.10 horizon=15.00 frames=150 commit_frames=20[0m
[0m[INFO] [1788611591.545434130]: [sim_plan] built plan=3016 start=6016.10 horizon=15.00 frames=150 commit_frames=20[0m
[0m[INFO] [1788611591.553729934]: [sim_plan] built plan=3017 start=6018.10 horizon=15.00 frames=150 commit_frames=20[0m
[0m[INFO] [1788611591.562132119]: [sim_plan] built plan=3018 start=6020.10 horizon=15.00 frames=150 commit_frames=20[0m
[0m[INFO] [1788611591.570518284]: [sim_plan] built plan=3019 start=6022.10 horizon=15.00 frames=150 commit_frames=20[0m
[0m[INFO] [1788611591.578751700]: [sim_plan] built plan=3020 start=6024.10 horizon=15.00 frames=150 commit_frames=20[0m
[0m[INFO] [1788611591.587161580]: [sim_plan] built plan=3021 start=6026.10 horizon=15.00 frames=150 commit_frames=20[0m
[0m[INFO] [1788611591.595397390]: [sim_plan] built plan=3022 start=6028.10 horizon=15.00 frames=150 commit_frames=20[0m
[0m[INFO] [1788611591.603507231]: [sim_plan] built plan=3023 start=6030.10 horizon=15.00 frames=150 commit_frames=20[0m
[0m[INFO] [1788611591.611907474]: [sim_plan] built plan=3024 start=6032.10 horizon=15.00 frames=150 commit_frames=20[0m
[0m[INFO] [1788611591.620332211]: [sim_plan] built plan=3025 start=6034.10 horizon=15.00 frames=150 commit_frames=20[0m
[0m[INFO] [1788611591.628616374]: [sim_plan] built plan=3026 start=6036.10 horizon=15.00 frames=150 commit_frames=20[0m
[0m[INFO] [1788611591.637039359]: [sim_plan] built plan=3027 start=6038.10 horizon=15.00 frames=150 commit_frames=20[0m
[0m[INFO] [1788611591.645321517]: [sim_plan] built plan=3028 start=6040.10 horizon=15.00 frames=150 commit_frames=20[0m
[0m[INFO] [1788611591.653271264]: [sim_plan] built plan=3029 start=6042.10 horizon=15.00 frames=150 commit_frames=20[0m
[0m[INFO] [1788611591.661630830]: [sim_plan] built plan=3030 start=6044.10 horizon=15.00 frames=150 commit_frames=20[0m
[0m[INFO] [1788611591.669769336]: [sim_plan] built plan=3031 start=6046.10 horizon=15.00 frames=150 commit_frames=20[0m
[0m[INFO] [1788611591.677913481]: [sim_plan] built plan=3032 start=6048.10 horizon=15.00 frames=150 commit_frames=20[0m
[0m[INFO] [1788611591.685783509]: [sim_plan] built plan=3033 start=6050.10 horizon=15.00 frames=150 commit_frames=20[0m
[0m[INFO] [1788611591.694028637]: [sim_plan] built plan=3034 start=6052.10 horizon=15.00 frames=150 commit_frames=20[0m
[0m[INFO] [1788611591.702270981]: [sim_plan] built plan=3035 start=6054.10 horizon=15.00 frames=150 commit_frames=20[0m
[0m[INFO] [1788611591.710758867]: [sim_plan] built plan=3036 start=6056.10 horizon=15.00 frames=150 commit_frames=20[0m
[0m[INFO] [1788611591.718775482]: [sim_plan] built plan=3037 start=6058.10 horizon=15.00 frames=150 commit_frames=20[0m
[0m[INFO] [1788611591.727178321]: [sim_plan] built plan=3038 start=6060.10 horizon=15.00 frames=150 commit_frames=20[0m
[0m[INFO] [1788611591.735297550]: [sim_plan] built plan=3039 start=6062.10 horizon=15.00 frames=150 commit_frames=20[0m
[0m[INFO] [1788611591.743484488]: [sim_plan] built plan=3040 start=6064.10 horizon=15.00 frames=150 commit_frames=20[0m
[0m[INFO] [1788611591.751479571]: [sim_plan] built plan=3041 start=6066.10 horizon=15.00 frames=150 commit_frames=20[0m
[0m[INFO] [1788611591.760495389]: [sim_plan] built plan=3042 start=6068.10 horizon=15.00 frames=150 commit_frames=20[0m
[0m[INFO] [1788611591.768815088]: [sim_plan] built plan=3043 start=6070.10 horizon=15.00 frames=150 commit_frames=20[0m
[0m[INFO] [1788611591.777759853]: [sim_plan] built plan=3044 start=6072.10 horizon=15.00 frames=150 commit_frames=20[0m
[0m[INFO] [1788611591.786109920]: [sim_plan] built plan=3045 start=6074.10 horizon=15.00 frames=150 commit_frames=20[0m
[0m[INFO] [1788611591.794337034]: [sim_plan] built plan=3046 start=6076.10 horizon=15.00 frames=150 commit_frames=20[0m
[0m[INFO] [1788611591.802323660]: [sim_plan] built plan=3047 start=6078.10 horizon=15.00 frames=150 commit_frames=20[0m
[0m[INFO] [1788611591.810496421]: [sim_plan] built plan=3048 start=6080.10 horizon=15.00 frames=150 commit_frames=20[0m
[0m[INFO] [1788611591.818884682]: [sim_plan] built plan=3049 start=6082.10 horizon=15.00 frames=150 commit_frames=20[0m
[0m[INFO] [1788611591.827149898]: [sim_plan] built plan=3050 start=6084.10 horizon=15.00 frames=150 commit_frames=20[0m
[0m[INFO] [1788611591.835308551]: [sim_plan] built plan=3051 start=6086.10 horizon=15.00 frames=150 commit_frames=20[0m
[0m[INFO] [1788611591.843528871]: [sim_plan] built plan=3052 start=6088.10 horizon=15.00 frames=150 commit_frames=20[0m
[0m[INFO] [1788611591.851715871]: [sim_plan] built plan=3053 start=6090.10 horizon=15.00 frames=150 commit_frames=20[0m
[0m[INFO] [1788611591.860018298]: [sim_plan] built plan=3054 start=6092.10 horizon=15.00 frames=150 commit_frames=20[0m
[0m[INFO] [1788611591.868436684]: [sim_plan] built plan=3055 start=6094.10 horizon=15.00 frames=150 commit_frames=20[0m
[0m[INFO] [1788611591.876578336]: [sim_plan] built plan=3056 start=6096.10 horizon=15.00 frames=150 commit_frames=20[0m
[0m[INFO] [1788611591.884684180]: [sim_plan] built plan=3057 start=6098.10 horizon=15.00 frames=150 commit_frames=20[0m
[0m[INFO] [1788611591.892966118]: [sim_plan] built plan=3058 start=6100.10 horizon=15.00 frames=150 commit_frames=20[0m
[0m[INFO] [1788611591.901210424]: [sim_plan] built plan=3059 start=6102.10 horizon=15.00 frames=150 commit_frames=20[0m
[0m[INFO] [1788611591.909473716]: [sim_plan] built plan=3060 start=6104.10 horizon=15.00 frames=150 commit_frames=20[0m
[0m[INFO] [1788611591.917562338]: [sim_plan] built plan=3061 start=6106.10 horizon=15.00 frames=150 commit_frames=20[0m
[0m[INFO] [1788611591.925911533]: [sim_plan] built plan=3062 start=6108.10 horizon=15.00 frames=150 commit_frames=20[0m
[0m[INFO] [1788611591.933963074]: [sim_plan] built plan=3063 start=6110.10 horizon=15.00 frames=150 commit_frames=20[0m
[0m[INFO] [1788611591.942362625]: [sim_plan] built plan=3064 start=6112.10 horizon=15.00 frames=150 commit_frames=20[0m
[0m[INFO] [1788611591.950808713]: [sim_plan] built plan=3065 start=6114.10 horizon=15.00 frames=150 commit_frames=20[0m
[0m[INFO] [1788611591.959239463]: [sim_plan] built plan=3066 start=6116.10 horizon=15.00 frames=150 commit_frames=20[0m
[0m[INFO] [1788611591.967538694]: [sim_plan] built plan=3067 start=6118.10 horizon=15.00 frames=150 commit_frames=20[0m
[0m[INFO] [1788611591.975612587]: [sim_plan] built plan=3068 start=6120.10 horizon=15.00 frames=150 commit_frames=20[0m
[0m[INFO] [1788611591.983769368]: [sim_plan] built plan=3069 start=6122.10 horizon=15.00 frames=150 commit_frames=20[0m
[0m[INFO] [1788611591.992022741]: [sim_plan] built plan=3070 start=6124.10 horizon=15.00 frames=150 commit_frames=20[0m
[0m[INFO] [1788611592.000298577]: [sim_plan] built plan=3071 start=6126.10 horizon=15.00 frames=150 commit_frames=20[0m
[0m[INFO] [1788611592.008522014]: [sim_plan] built plan=3072 start=6128.10 horizon=15.00 frames=150 commit_frames=20[0m
[0m[INFO] [1788611592.016852664]: [sim_plan] built plan=3073 start=6130.10 horizon=15.00 frames=150 commit_frames=20[0m
[0m[INFO] [1788611592.025340271]: [sim_plan] built plan=3074 start=6132.10 horizon=15.00 frames=150 commit_frames=20[0m
[0m[INFO] [1788611592.033464050]: [sim_plan] built plan=3075 start=6134.10 horizon=15.00 frames=150 commit_frames=20[0m
[0m[INFO] [1788611592.041999788]: [sim_plan] built plan=3076 start=6136.10 horizon=15.00 frames=150 commit_frames=20[0m
[0m[INFO] [1788611592.050184642]: [sim_plan] built plan=3077 start=6138.10 horizon=15.00 frames=150 commit_frames=20[0m
[0m[INFO] [1788611592.058355890]: [sim_plan] built plan=3078 start=6140.10 horizon=15.00 frames=150 commit_frames=20[0m
[0m[INFO] [1788611592.066626045]: [sim_plan] built plan=3079 start=6142.10 horizon=15.00 frames=150 commit_frames=20[0m
[0m[INFO] [1788611592.074939032]: [sim_plan] built plan=3080 start=6144.10 horizon=15.00 frames=150 commit_frames=20[0m
[0m[INFO] [1788611592.083172568]: [sim_plan] built plan=3081 start=6146.10 horizon=15.00 frames=150 commit_frames=20[0m
[0m[INFO] [1788611592.091544416]: [sim_plan] built plan=3082 start=6148.10 horizon=15.00 frames=150 commit_frames=20[0m
[0m[INFO] [1788611592.099701896]: [sim_plan] built plan=3083 start=6150.10 horizon=15.00 frames=150 commit_frames=20[0m
[0m[INFO] [1788611592.108060160]: [sim_plan] built plan=3084 start=6152.10 horizon=15.00 frames=150 commit_frames=20[0m
[0m[INFO] [1788611592.116086973]: [sim_plan] built plan=3085 start=6154.10 horizon=15.00 frames=150 commit_frames=20[0m
[0m[INFO] [1788611592.124281877]: [sim_plan] built plan=3086 start=6156.10 horizon=15.00 frames=150 commit_frames=20[0m
[0m[INFO] [1788611592.132540661]: [sim_plan] built plan=3087 start=6158.10 horizon=15.00 frames=150 commit_frames=20[0m
[0m[INFO] [1788611592.141155229]: [sim_plan] built plan=3088 start=6160.10 horizon=15.00 frames=150 commit_frames=20[0m
[0m[INFO] [1788611592.149377133]: [sim_plan] built plan=3089 start=6162.10 horizon=15.00 frames=150 commit_frames=20[0m
[0m[INFO] [1788611592.158391277]: [sim_plan] built plan=3090 start=6164.10 horizon=15.00 frames=150 commit_frames=20[0m
[0m[INFO] [1788611592.166549680]: [sim_plan] built plan=3091 start=6166.10 horizon=15.00 frames=150 commit_frames=20[0m
[0m[INFO] [1788611592.174935566]: [sim_plan] built plan=3092 start=6168.10 horizon=15.00 frames=150 commit_frames=20[0m
[0m[INFO] [1788611592.183034186]: [sim_plan] built plan=3093 start=6170.10 horizon=15.00 frames=150 commit_frames=20[0m
[0m[INFO] [1788611592.191305374]: [sim_plan] built plan=3094 start=6172.10 horizon=15.00 frames=150 commit_frames=20[0m
[0m[INFO] [1788611592.199635924]: [sim_plan] built plan=3095 start=6174.10 horizon=15.00 frames=150 commit_frames=20[0m
[0m[INFO] [1788611592.207780940]: [sim_plan] built plan=3096 start=6176.10 horizon=15.00 frames=150 commit_frames=20[0m
[0m[INFO] [1788611592.216109608]: [sim_plan] built plan=3097 start=6178.10 horizon=15.00 frames=150 commit_frames=20[0m
[0m[INFO] [1788611592.224136833]: [sim_plan] built plan=3098 start=6180.10 horizon=15.00 frames=150 commit_frames=20[0m
[0m[INFO] [1788611592.232369786]: [sim_plan] built plan=3099 start=6182.10 horizon=15.00 frames=150 commit_frames=20[0m
[0m[INFO] [1788611592.240472957]: [sim_plan] built plan=3100 start=6184.10 horizon=15.00 frames=150 commit_frames=20[0m
[0m[INFO] [1788611592.248708828]: [sim_plan] built plan=3101 start=6186.10 horizon=15.00 frames=150 commit_frames=20[0m
[0m[INFO] [1788611592.256549518]: [sim_plan] built plan=3102 start=6188.10 horizon=15.00 frames=150 commit_frames=20[0m
[0m[INFO] [1788611592.264753017]: [sim_plan] built plan=3103 start=6190.10 horizon=15.00 frames=150 commit_frames=20[0m
[0m[INFO] [1788611592.272900470]: [sim_plan] built plan=3104 start=6192.10 horizon=15.00 frames=150 commit_frames=20[0m
[0m[INFO] [1788611592.281228947]: [sim_plan] built plan=3105 start=6194.10 horizon=15.00 frames=150 commit_frames=20[0m
[0m[INFO] [1788611592.289346424]: [sim_plan] built plan=3106 start=6196.10 horizon=15.00 frames=150 commit_frames=20[0m
[0m[INFO] [1788611592.297280140]: [sim_plan] built plan=3107 start=6198.10 horizon=15.00 frames=150 commit_frames=20[0m
[0m[INFO] [1788611592.305305742]: [sim_plan] built plan=3108 start=6200.10 horizon=15.00 frames=150 commit_frames=20[0m
[0m[INFO] [1788611592.313378534]: [sim_plan] built plan=3109 start=6202.10 horizon=15.00 frames=150 commit_frames=20[0m
[0m[INFO] [1788611592.321441096]: [sim_plan] built plan=3110 start=6204.10 horizon=15.00 frames=150 commit_frames=20[0m
[0m[INFO] [1788611592.329704700]: [sim_plan] built plan=3111 start=6206.10 horizon=15.00 frames=150 commit_frames=20[0m
[0m[INFO] [1788611592.338035379]: [sim_plan] built plan=3112 start=6208.10 horizon=15.00 frames=150 commit_frames=20[0m
[0m[INFO] [1788611592.346139652]: [sim_plan] built plan=3113 start=6210.10 horizon=15.00 frames=150 commit_frames=20[0m
[0m[INFO] [1788611592.354136738]: [sim_plan] built plan=3114 start=6212.10 horizon=15.00 frames=150 commit_frames=20[0m
[0m[INFO] [1788611592.362339917]: [sim_plan] built plan=3115 start=6214.10 horizon=15.00 frames=150 commit_frames=20[0m
[0m[INFO] [1788611592.370546061]: [sim_plan] built plan=3116 start=6216.10 horizon=15.00 frames=150 commit_frames=20[0m
[0m[INFO] [1788611592.378902231]: [sim_plan] built plan=3117 start=6218.10 horizon=15.00 frames=150 commit_frames=20[0m
[0m[INFO] [1788611592.386823584]: [sim_plan] built plan=3118 start=6220.10 horizon=15.00 frames=150 commit_frames=20[0m
[0m[INFO] [1788611592.394795286]: [sim_plan] built plan=3119 start=6222.10 horizon=15.00 frames=150 commit_frames=20[0m
[0m[INFO] [1788611592.403124803]: [sim_plan] built plan=3120 start=6224.10 horizon=15.00 frames=150 commit_frames=20[0m
[0m[INFO] [1788611592.411591611]: [sim_plan] built plan=3121 start=6226.10 horizon=15.00 frames=150 commit_frames=20[0m
[0m[INFO] [1788611592.419921508]: [sim_plan] built plan=3122 start=6228.10 horizon=15.00 frames=150 commit_frames=20[0m
[0m[INFO] [1788611592.428819152]: [sim_plan] built plan=3123 start=6230.10 horizon=15.00 frames=150 commit_frames=20[0m
[0m[INFO] [1788611592.437605266]: [sim_plan] built plan=3124 start=6232.10 horizon=15.00 frames=150 commit_frames=20[0m
[0m[INFO] [1788611592.446354708]: [sim_plan] built plan=3125 start=6234.10 horizon=15.00 frames=150 commit_frames=20[0m
[0m[INFO] [1788611592.454589428]: [sim_plan] built plan=3126 start=6236.10 horizon=15.00 frames=150 commit_frames=20[0m
[0m[INFO] [1788611592.462967908]: [sim_plan] built plan=3127 start=6238.10 horizon=15.00 frames=150 commit_frames=20[0m
[0m[INFO] [1788611592.471262300]: [sim_plan] built plan=3128 start=6240.10 horizon=15.00 frames=150 commit_frames=20[0m
[0m[INFO] [1788611592.479430430]: [sim_plan] built plan=3129 start=6242.10 horizon=15.00 frames=150 commit_frames=20[0m
[0m[INFO] [1788611592.487595648]: [sim_plan] built plan=3130 start=6244.10 horizon=15.00 frames=150 commit_frames=20[0m
[0m[INFO] [1788611592.495749985]: [sim_plan] built plan=3131 start=6246.10 horizon=15.00 frames=150 commit_frames=20[0m
[0m[INFO] [1788611592.503803079]: [sim_plan] built plan=3132 start=6248.10 horizon=15.00 frames=150 commit_frames=20[0m
[0m[INFO] [1788611592.512580064]: [sim_plan] built plan=3133 start=6250.10 horizon=15.00 frames=150 commit_frames=20[0m
[0m[INFO] [1788611592.520593381]: [sim_plan] built plan=3134 start=6252.10 horizon=15.00 frames=150 commit_frames=20[0m
[0m[INFO] [1788611592.528821759]: [sim_plan] built plan=3135 start=6254.10 horizon=15.00 frames=150 commit_frames=20[0m
[0m[INFO] [1788611592.536759433]: [sim_plan] built plan=3136 start=6256.10 horizon=15.00 frames=150 commit_frames=20[0m
[0m[INFO] [1788611592.545092850]: [sim_plan] built plan=3137 start=6258.10 horizon=15.00 frames=150 commit_frames=20[0m
[0m[INFO] [1788611592.553219914]: [sim_plan] built plan=3138 start=6260.10 horizon=15.00 frames=150 commit_frames=20[0m
[0m[INFO] [1788611592.561654210]: [sim_plan] built plan=3139 start=6262.10 horizon=15.00 frames=150 commit_frames=20[0m
[0m[INFO] [1788611592.570167597]: [sim_plan] built plan=3140 start=6264.10 horizon=15.00 frames=150 commit_frames=20[0m
[0m[INFO] [1788611592.578421892]: [sim_plan] built plan=3141 start=6266.10 horizon=15.00 frames=150 commit_frames=20[0m
[0m[INFO] [1788611592.586821262]: [sim_plan] built plan=3142 start=6268.10 horizon=15.00 frames=150 commit_frames=20[0m
[0m[INFO] [1788611592.595154667]: [sim_plan] built plan=3143 start=6270.10 horizon=15.00 frames=150 commit_frames=20[0m
[0m[INFO] [1788611592.603597760]: [sim_plan] built plan=3144 start=6272.10 horizon=15.00 frames=150 commit_frames=20[0m
[0m[INFO] [1788611592.611953598]: [sim_plan] built plan=3145 start=6274.10 horizon=15.00 frames=150 commit_frames=20[0m
[0m[INFO] [1788611592.620276662]: [sim_plan] built plan=3146 start=6276.10 horizon=15.00 frames=150 commit_frames=20[0m
[0m[INFO] [1788611592.628417633]: [sim_plan] built plan=3147 start=6278.10 horizon=15.00 frames=150 commit_frames=20[0m
[0m[INFO] [1788611592.636552091]: [sim_plan] built plan=3148 start=6280.10 horizon=15.00 frames=150 commit_frames=20[0m
[0m[INFO] [1788611592.644469118]: [sim_plan] built plan=3149 start=6282.10 horizon=15.00 frames=150 commit_frames=20[0m
[0m[INFO] [1788611592.652410149]: [sim_plan] built plan=3150 start=6284.10 horizon=15.00 frames=150 commit_frames=20[0m
[0m[INFO] [1788611592.660541864]: [sim_plan] built plan=3151 start=6286.10 horizon=15.00 frames=150 commit_frames=20[0m
[0m[INFO] [1788611592.668546074]: [sim_plan] built plan=3152 start=6288.10 horizon=15.00 frames=150 commit_frames=20[0m
[0m[INFO] [1788611592.676669403]: [sim_plan] built plan=3153 start=6290.10 horizon=15.00 frames=150 commit_frames=20[0m
[0m[INFO] [1788611592.684790514]: [sim_plan] built plan=3154 start=6292.10 horizon=15.00 frames=150 commit_frames=20[0m
[0m[INFO] [1788611592.693084567]: [sim_plan] built plan=3155 start=6294.10 horizon=15.00 frames=150 commit_frames=20[0m
[0m[INFO] [1788611592.701546105]: [sim_plan] built plan=3156 start=6296.10 horizon=15.00 frames=150 commit_frames=20[0m
[0m[INFO] [1788611592.709978227]: [sim_plan] built plan=3157 start=6298.10 horizon=15.00 frames=150 commit_frames=20[0m
[0m[INFO] [1788611592.717967198]: [sim_plan] built plan=3158 start=6300.10 horizon=15.00 frames=150 commit_frames=20[0m
[0m[INFO] [1788611592.726290476]: [sim_plan] built plan=3159 start=6302.10 horizon=15.00 frames=150 commit_frames=20[0m
[0m[INFO] [1788611592.734372625]: [sim_plan] built plan=3160 start=6304.10 horizon=15.00 frames=150 commit_frames=20[0m
[0m[INFO] [1788611592.742621248]: [sim_plan] built plan=3161 start=6306.10 horizon=15.00 frames=150 commit_frames=20[0m
[0m[INFO] [1788611592.750778631]: [sim_plan] built plan=3162 start=6308.10 horizon=15.00 frames=150 commit_frames=20[0m
[0m[INFO] [1788611592.758996998]: [sim_plan] built plan=3163 start=6310.10 horizon=15.00 frames=150 commit_frames=20[0m
[0m[INFO] [1788611592.767099206]: [sim_plan] built plan=3164 start=6312.10 horizon=15.00 frames=150 commit_frames=20[0m
[0m[INFO] [1788611592.775329164]: [sim_plan] built plan=3165 start=6314.10 horizon=15.00 frames=150 commit_frames=20[0m
[0m[INFO] [1788611592.783561198]: [sim_plan] built plan=3166 start=6316.10 horizon=15.00 frames=150 commit_frames=20[0m
[0m[INFO] [1788611592.791712148]: [sim_plan] built plan=3167 start=6318.10 horizon=15.00 frames=150 commit_frames=20[0m
[0m[INFO] [1788611592.799836437]: [sim_plan] built plan=3168 start=6320.10 horizon=15.00 frames=150 commit_frames=20[0m
[0m[INFO] [1788611592.808013606]: [sim_plan] built plan=3169 start=6322.10 horizon=15.00 frames=150 commit_frames=20[0m
[0m[INFO] [1788611592.816379944]: [sim_plan] built plan=3170 start=6324.10 horizon=15.00 frames=150 commit_frames=20[0m
[0m[INFO] [1788611592.824759386]: [sim_plan] built plan=3171 start=6326.10 horizon=15.00 frames=150 commit_frames=20[0m
[0m[INFO] [1788611592.832916096]: [sim_plan] built plan=3172 start=6328.10 horizon=15.00 frames=150 commit_frames=20[0m
[0m[INFO] [1788611592.842095574]: [sim_plan] built plan=3173 start=6330.10 horizon=15.00 frames=150 commit_frames=20[0m
[0m[INFO] [1788611592.850823277]: [sim_plan] built plan=3174 start=6332.10 horizon=15.00 frames=150 commit_frames=20[0m
[0m[INFO] [1788611592.859031695]: [sim_plan] built plan=3175 start=6334.10 horizon=15.00 frames=150 commit_frames=20[0m
[0m[INFO] [1788611592.867418371]: [sim_plan] built plan=3176 start=6336.10 horizon=15.00 frames=150 commit_frames=20[0m
[0m[INFO] [1788611592.875675993]: [sim_plan] built plan=3177 start=6338.10 horizon=15.00 frames=150 commit_frames=20[0m
[0m[INFO] [1788611592.883898367]: [sim_plan] built plan=3178 start=6340.10 horizon=15.00 frames=150 commit_frames=20[0m
[0m[INFO] [1788611592.892125201]: [sim_plan] built plan=3179 start=6342.10 horizon=15.00 frames=150 commit_frames=20[0m
[0m[INFO] [1788611592.900442806]: [sim_plan] built plan=3180 start=6344.10 horizon=15.00 frames=150 commit_frames=20[0m
[0m[INFO] [1788611592.908690469]: [sim_plan] built plan=3181 start=6346.10 horizon=15.00 frames=150 commit_frames=20[0m
[0m[INFO] [1788611592.917634270]: [sim_plan] built plan=3182 start=6348.10 horizon=15.00 frames=150 commit_frames=20[0m
[0m[INFO] [1788611592.925854822]: [sim_plan] built plan=3183 start=6350.10 horizon=15.00 frames=150 commit_frames=20[0m
[0m[INFO] [1788611592.934109187]: [sim_plan] built plan=3184 start=6352.10 horizon=15.00 frames=150 commit_frames=20[0m
[0m[INFO] [1788611592.942274704]: [sim_plan] built plan=3185 start=6354.10 horizon=15.00 frames=150 commit_frames=20[0m
[0m[INFO] [1788611592.950573624]: [sim_plan] built plan=3186 start=6356.10 horizon=15.00 frames=150 commit_frames=20[0m
[0m[INFO] [1788611592.958710718]: [sim_plan] built plan=3187 start=6358.10 horizon=15.00 frames=150 commit_frames=20[0m
[0m[INFO] [1788611592.966821451]: [sim_plan] built plan=3188 start=6360.10 horizon=15.00 frames=150 commit_frames=20[0m
[0m[INFO] [1788611592.974865186]: [sim_plan] built plan=3189 start=6362.10 horizon=15.00 frames=150 commit_frames=20[0m
[0m[INFO] [1788611592.982976991]: [sim_plan] built plan=3190 start=6364.10 horizon=15.00 frames=150 commit_frames=20[0m
[0m[INFO] [1788611592.990696804]: [sim_plan] built plan=3191 start=6366.10 horizon=15.00 frames=150 commit_frames=20[0m
[0m[INFO] [1788611592.998873863]: [sim_plan] built plan=3192 start=6368.10 horizon=15.00 frames=150 commit_frames=20[0m
[0m[INFO] [1788611593.007163156]: [sim_plan] built plan=3193 start=6370.10 horizon=15.00 frames=150 commit_frames=20[0m
[0m[INFO] [1788611593.015177215]: [sim_plan] built plan=3194 start=6372.10 horizon=15.00 frames=150 commit_frames=20[0m
[0m[INFO] [1788611593.023124900]: [sim_plan] built plan=3195 start=6374.10 horizon=15.00 frames=150 commit_frames=20[0m
[0m[INFO] [1788611593.031315244]: [sim_plan] built plan=3196 start=6376.10 horizon=15.00 frames=150 commit_frames=20[0m
[0m[INFO] [1788611593.039567928]: [sim_plan] built plan=3197 start=6378.10 horizon=15.00 frames=150 commit_frames=20[0m
[0m[INFO] [1788611593.047662501]: [sim_plan] built plan=3198 start=6380.10 horizon=15.00 frames=150 commit_frames=20[0m
[0m[INFO] [1788611593.055586358]: [sim_plan] built plan=3199 start=6382.10 horizon=15.00 frames=150 commit_frames=20[0m
[0m[INFO] [1788611593.063342961]: [sim_plan] built plan=3200 start=6384.10 horizon=15.00 frames=150 commit_frames=20[0m
[0m[INFO] [1788611593.071390495]: [sim_plan] built plan=3201 start=6386.10 horizon=15.00 frames=150 commit_frames=20[0m
[0m[INFO] [1788611593.079708853]: [sim_plan] built plan=3202 start=6388.10 horizon=15.00 frames=150 commit_frames=20[0m
[0m[INFO] [1788611593.087792926]: [sim_plan] built plan=3203 start=6390.10 horizon=15.00 frames=150 commit_frames=20[0m
[0m[INFO] [1788611593.095977690]: [sim_plan] built plan=3204 start=6392.10 horizon=15.00 frames=150 commit_frames=20[0m
[0m[INFO] [1788611593.104102438]: [sim_plan] built plan=3205 start=6394.10 horizon=15.00 frames=150 commit_frames=20[0m
[0m[INFO] [1788611593.111978648]: [sim_plan] built plan=3206 start=6396.10 horizon=15.00 frames=150 commit_frames=20[0m
[0m[INFO] [1788611593.120148925]: [sim_plan] built plan=3207 start=6398.10 horizon=15.00 frames=150 commit_frames=20[0m
[0m[INFO] [1788611593.128512096]: [sim_plan] built plan=3208 start=6400.10 horizon=15.00 frames=150 commit_frames=20[0m
[0m[INFO] [1788611593.136459188]: [sim_plan] built plan=3209 start=6402.10 horizon=15.00 frames=150 commit_frames=20[0m
[0m[INFO] [1788611593.144330949]: [sim_plan] built plan=3210 start=6404.10 horizon=15.00 frames=150 commit_frames=20[0m
[0m[INFO] [1788611593.152187801]: [sim_plan] built plan=3211 start=6406.10 horizon=15.00 frames=150 commit_frames=20[0m
[0m[INFO] [1788611593.160310898]: [sim_plan] built plan=3212 start=6408.10 horizon=15.00 frames=150 commit_frames=20[0m
[0m[INFO] [1788611593.168577739]: [sim_plan] built plan=3213 start=6410.10 horizon=15.00 frames=150 commit_frames=20[0m
[0m[INFO] [1788611593.176634168]: [sim_plan] built plan=3214 start=6412.10 horizon=15.00 frames=150 commit_frames=20[0m
[0m[INFO] [1788611593.184299578]: [sim_plan] built plan=3215 start=6414.10 horizon=15.00 frames=150 commit_frames=20[0m
[0m[INFO] [1788611593.192229809]: [sim_plan] built plan=3216 start=6416.10 horizon=15.00 frames=150 commit_frames=20[0m
[0m[INFO] [1788611593.200191129]: [sim_plan] built plan=3217 start=6418.10 horizon=15.00 frames=150 commit_frames=20[0m
[0m[INFO] [1788611593.208098229]: [sim_plan] built plan=3218 start=6420.10 horizon=15.00 frames=150 commit_frames=20[0m
[0m[INFO] [1788611593.216121695]: [sim_plan] built plan=3219 start=6422.10 horizon=15.00 frames=150 commit_frames=20[0m
[0m[INFO] [1788611593.224347408]: [sim_plan] built plan=3220 start=6424.10 horizon=15.00 frames=150 commit_frames=20[0m
[0m[INFO] [1788611593.232814386]: [sim_plan] built plan=3221 start=6426.10 horizon=15.00 frames=150 commit_frames=20[0m
[0m[INFO] [1788611593.241469461]: [sim_plan] built plan=3222 start=6428.10 horizon=15.00 frames=150 commit_frames=20[0m
[0m[INFO] [1788611593.250199447]: [sim_plan] built plan=3223 start=6430.10 horizon=15.00 frames=150 commit_frames=20[0m
[0m[INFO] [1788611593.258581885]: [sim_plan] built plan=3224 start=6432.10 horizon=15.00 frames=150 commit_frames=20[0m
[0m[INFO] [1788611593.266960455]: [sim_plan] built plan=3225 start=6434.10 horizon=15.00 frames=150 commit_frames=20[0m
[0m[INFO] [1788611593.275075377]: [sim_plan] built plan=3226 start=6436.10 horizon=15.00 frames=150 commit_frames=20[0m
[0m[INFO] [1788611593.283494194]: [sim_plan] built plan=3227 start=6438.10 horizon=15.00 frames=150 commit_frames=20[0m
[0m[INFO] [1788611593.291915817]: [sim_plan] built plan=3228 start=6440.10 horizon=15.00 frames=150 commit_frames=20[0m
[0m[INFO] [1788611593.300205589]: [sim_plan] built plan=3229 start=6442.10 horizon=15.00 frames=150 commit_frames=20[0m
[0m[INFO] [1788611593.308479231]: [sim_plan] built plan=3230 start=6444.10 horizon=15.00 frames=150 commit_frames=20[0m
[0m[INFO] [1788611593.316790735]: [sim_plan] built plan=3231 start=6446.10 horizon=15.00 frames=150 commit_frames=20[0m
[0m[INFO] [1788611593.324972242]: [sim_plan] built plan=3232 start=6448.10 horizon=15.00 frames=150 commit_frames=20[0m
[0m[INFO] [1788611593.333452025]: [sim_plan] built plan=3233 start=6450.10 horizon=15.00 frames=150 commit_frames=20[0m
[0m[INFO] [1788611593.341745935]: [sim_plan] built plan=3234 start=6452.10 horizon=15.00 frames=150 commit_frames=20[0m
[0m[INFO] [1788611593.350333382]: [sim_plan] built plan=3235 start=6454.10 horizon=15.00 frames=150 commit_frames=20[0m
[0m[INFO] [1788611593.358506303]: [sim_plan] built plan=3236 start=6456.10 horizon=15.00 frames=150 commit_frames=20[0m
[0m[INFO] [1788611593.366930730]: [sim_plan] built plan=3237 start=6458.10 horizon=15.00 frames=150 commit_frames=20[0m
[0m[INFO] [1788611593.375126384]: [sim_plan] built plan=3238 start=6460.10 horizon=15.00 frames=150 commit_frames=20[0m
[0m[INFO] [1788611593.383516998]: [sim_plan] built plan=3239 start=6462.10 horizon=15.00 frames=150 commit_frames=20[0m
[0m[INFO] [1788611593.391761816]: [sim_plan] built plan=3240 start=6464.10 horizon=15.00 frames=150 commit_frames=20[0m
[0m[INFO] [1788611593.399995412]: [sim_plan] built plan=3241 start=6466.10 horizon=15.00 frames=150 commit_frames=20[0m
[0m[INFO] [1788611593.408131723]: [sim_plan] built plan=3242 start=6468.10 horizon=15.00 frames=150 commit_frames=20[0m
[0m[INFO] [1788611593.416492491]: [sim_plan] built plan=3243 start=6470.10 horizon=15.00 frames=150 commit_frames=20[0m
[0m[INFO] [1788611593.424537488]: [sim_plan] built plan=3244 start=6472.10 horizon=15.00 frames=150 commit_frames=20[0m
[0m[INFO] [1788611593.432491845]: [sim_plan] built plan=3245 start=6474.10 horizon=15.00 frames=150 commit_frames=20[0m
[0m[INFO] [1788611593.440619642]: [sim_plan] built plan=3246 start=6476.10 horizon=15.00 frames=150 commit_frames=20[0m
[0m[INFO] [1788611593.448589469]: [sim_plan] built plan=3247 start=6478.10 horizon=15.00 frames=150 commit_frames=20[0m
[0m[INFO] [1788611593.448919304]: [batch] 64800/72000 ticks (sim_t=6480s) hard_guard=0[0m
[0m[INFO] [1788611593.456911522]: [sim_plan] built plan=3248 start=6480.10 horizon=15.00 frames=150 commit_frames=20[0m
[0m[INFO] [1788611593.464922106]: [sim_plan] built plan=3249 start=6482.10 horizon=15.00 frames=150 commit_frames=20[0m
[0m[INFO] [1788611593.473138159]: [sim_plan] built plan=3250 start=6484.10 horizon=15.00 frames=150 commit_frames=20[0m
[0m[INFO] [1788611593.481292465]: [sim_plan] built plan=3251 start=6486.10 horizon=15.00 frames=150 commit_frames=20[0m
[0m[INFO] [1788611593.489510622]: [sim_plan] built plan=3252 start=6488.10 horizon=15.00 frames=150 commit_frames=20[0m
[0m[INFO] [1788611593.497899593]: [sim_plan] built plan=3253 start=6490.10 horizon=15.00 frames=150 commit_frames=20[0m
[0m[INFO] [1788611593.506499562]: [sim_plan] built plan=3254 start=6492.10 horizon=15.00 frames=150 commit_frames=20[0m
[0m[INFO] [1788611593.514877823]: [sim_plan] built plan=3255 start=6494.10 horizon=15.00 frames=150 commit_frames=20[0m
[0m[INFO] [1788611593.523046576]: [sim_plan] built plan=3256 start=6496.10 horizon=15.00 frames=150 commit_frames=20[0m
[0m[INFO] [1788611593.531106373]: [sim_plan] built plan=3257 start=6498.10 horizon=15.00 frames=150 commit_frames=20[0m
[0m[INFO] [1788611593.539153085]: [sim_plan] built plan=3258 start=6500.10 horizon=15.00 frames=150 commit_frames=20[0m
[0m[INFO] [1788611593.547620865]: [sim_plan] built plan=3259 start=6502.10 horizon=15.00 frames=150 commit_frames=20[0m
[0m[INFO] [1788611593.555964048]: [sim_plan] built plan=3260 start=6504.10 horizon=15.00 frames=150 commit_frames=20[0m
[0m[INFO] [1788611593.564057006]: [sim_plan] built plan=3261 start=6506.10 horizon=15.00 frames=150 commit_frames=20[0m
[0m[INFO] [1788611593.572088049]: [sim_plan] built plan=3262 start=6508.10 horizon=15.00 frames=150 commit_frames=20[0m
[0m[INFO] [1788611593.580175518]: [sim_plan] built plan=3263 start=6510.10 horizon=15.00 frames=150 commit_frames=20[0m
[0m[INFO] [1788611593.588162968]: [sim_plan] built plan=3264 start=6512.10 horizon=15.00 frames=150 commit_frames=20[0m
[0m[INFO] [1788611593.596714587]: [sim_plan] built plan=3265 start=6514.10 horizon=15.00 frames=150 commit_frames=20[0m
[0m[INFO] [1788611593.604749758]: [sim_plan] built plan=3266 start=6516.10 horizon=15.00 frames=150 commit_frames=20[0m
[0m[INFO] [1788611593.612898402]: [sim_plan] built plan=3267 start=6518.10 horizon=15.00 frames=150 commit_frames=20[0m
[0m[INFO] [1788611593.620710390]: [sim_plan] built plan=3268 start=6520.10 horizon=15.00 frames=150 commit_frames=20[0m
[0m[INFO] [1788611593.629093861]: [sim_plan] built plan=3269 start=6522.10 horizon=15.00 frames=150 commit_frames=20[0m
[0m[INFO] [1788611593.637007500]: [sim_plan] built plan=3270 start=6524.10 horizon=15.00 frames=150 commit_frames=20[0m
[0m[INFO] [1788611593.644903747]: [sim_plan] built plan=3271 start=6526.10 horizon=15.00 frames=150 commit_frames=20[0m
[0m[INFO] [1788611593.652597410]: [sim_plan] built plan=3272 start=6528.10 horizon=15.00 frames=150 commit_frames=20[0m
[0m[INFO] [1788611593.660532541]: [sim_plan] built plan=3273 start=6530.10 horizon=15.00 frames=150 commit_frames=20[0m
[0m[INFO] [1788611593.668258616]: [sim_plan] built plan=3274 start=6532.10 horizon=15.00 frames=150 commit_frames=20[0m
[0m[INFO] [1788611593.676135717]: [sim_plan] built plan=3275 start=6534.10 horizon=15.00 frames=150 commit_frames=20[0m
[0m[INFO] [1788611593.684089393]: [sim_plan] built plan=3276 start=6536.10 horizon=15.00 frames=150 commit_frames=20[0m
[0m[INFO] [1788611593.692232287]: [sim_plan] built plan=3277 start=6538.10 horizon=15.00 frames=150 commit_frames=20[0m
[0m[INFO] [1788611593.700295009]: [sim_plan] built plan=3278 start=6540.10 horizon=15.00 frames=150 commit_frames=20[0m
[0m[INFO] [1788611593.708170327]: [sim_plan] built plan=3279 start=6542.10 horizon=15.00 frames=150 commit_frames=20[0m
[0m[INFO] [1788611593.716149090]: [sim_plan] built plan=3280 start=6544.10 horizon=15.00 frames=150 commit_frames=20[0m
[0m[INFO] [1788611593.724202525]: [sim_plan] built plan=3281 start=6546.10 horizon=15.00 frames=150 commit_frames=20[0m
[0m[INFO] [1788611593.732192941]: [sim_plan] built plan=3282 start=6548.10 horizon=15.00 frames=150 commit_frames=20[0m
[0m[INFO] [1788611593.740094247]: [sim_plan] built plan=3283 start=6550.10 horizon=15.00 frames=150 commit_frames=20[0m
[0m[INFO] [1788611593.748209169]: [sim_plan] built plan=3284 start=6552.10 horizon=15.00 frames=150 commit_frames=20[0m
[0m[INFO] [1788611593.756328759]: [sim_plan] built plan=3285 start=6554.10 horizon=15.00 frames=150 commit_frames=20[0m
[0m[INFO] [1788611593.764494045]: [sim_plan] built plan=3286 start=6556.10 horizon=15.00 frames=150 commit_frames=20[0m
[0m[INFO] [1788611593.772243675]: [sim_plan] built plan=3287 start=6558.10 horizon=15.00 frames=150 commit_frames=20[0m
[0m[INFO] [1788611593.780577801]: [sim_plan] built plan=3288 start=6560.10 horizon=15.00 frames=150 commit_frames=20[0m
[0m[INFO] [1788611593.789085759]: [sim_plan] built plan=3289 start=6562.10 horizon=15.00 frames=150 commit_frames=20[0m
[0m[INFO] [1788611593.797090421]: [sim_plan] built plan=3290 start=6564.10 horizon=15.00 frames=150 commit_frames=20[0m
[0m[INFO] [1788611593.805025581]: [sim_plan] built plan=3291 start=6566.10 horizon=15.00 frames=150 commit_frames=20[0m
[0m[INFO] [1788611593.813069679]: [sim_plan] built plan=3292 start=6568.10 horizon=15.00 frames=150 commit_frames=20[0m
[0m[INFO] [1788611593.820910089]: [sim_plan] built plan=3293 start=6570.10 horizon=15.00 frames=150 commit_frames=20[0m
[0m[INFO] [1788611593.829023137]: [sim_plan] built plan=3294 start=6572.10 horizon=15.00 frames=150 commit_frames=20[0m
[0m[INFO] [1788611593.837057475]: [sim_plan] built plan=3295 start=6574.10 horizon=15.00 frames=150 commit_frames=20[0m
[0m[INFO] [1788611593.845123356]: [sim_plan] built plan=3296 start=6576.10 horizon=15.00 frames=150 commit_frames=20[0m
[0m[INFO] [1788611593.853638084]: [sim_plan] built plan=3297 start=6578.10 horizon=15.00 frames=150 commit_frames=20[0m
[0m[INFO] [1788611593.861791868]: [sim_plan] built plan=3298 start=6580.10 horizon=15.00 frames=150 commit_frames=20[0m
[0m[INFO] [1788611593.869844212]: [sim_plan] built plan=3299 start=6582.10 horizon=15.00 frames=150 commit_frames=20[0m
[0m[INFO] [1788611593.877881707]: [sim_plan] built plan=3300 start=6584.10 horizon=15.00 frames=150 commit_frames=20[0m
[0m[INFO] [1788611593.886202366]: [sim_plan] built plan=3301 start=6586.10 horizon=15.00 frames=150 commit_frames=20[0m
[0m[INFO] [1788611593.894399465]: [sim_plan] built plan=3302 start=6588.10 horizon=15.00 frames=150 commit_frames=20[0m
[0m[INFO] [1788611593.902527271]: [sim_plan] built plan=3303 start=6590.10 horizon=15.00 frames=150 commit_frames=20[0m
[0m[INFO] [1788611593.910946107]: [sim_plan] built plan=3304 start=6592.10 horizon=15.00 frames=150 commit_frames=20[0m
[0m[INFO] [1788611593.919125381]: [sim_plan] built plan=3305 start=6594.10 horizon=15.00 frames=150 commit_frames=20[0m
[0m[INFO] [1788611593.927361061]: [sim_plan] built plan=3306 start=6596.10 horizon=15.00 frames=150 commit_frames=20[0m
[0m[INFO] [1788611593.935669018]: [sim_plan] built plan=3307 start=6598.10 horizon=15.00 frames=150 commit_frames=20[0m
[0m[INFO] [1788611593.943905690]: [sim_plan] built plan=3308 start=6600.10 horizon=15.00 frames=150 commit_frames=20[0m
[0m[INFO] [1788611593.952259522]: [sim_plan] built plan=3309 start=6602.10 horizon=15.00 frames=150 commit_frames=20[0m
[0m[INFO] [1788611593.960738184]: [sim_plan] built plan=3310 start=6604.10 horizon=15.00 frames=150 commit_frames=20[0m
[0m[INFO] [1788611593.968929209]: [sim_plan] built plan=3311 start=6606.10 horizon=15.00 frames=150 commit_frames=20[0m
[0m[INFO] [1788611593.977242587]: [sim_plan] built plan=3312 start=6608.10 horizon=15.00 frames=150 commit_frames=20[0m
[0m[INFO] [1788611593.985700488]: [sim_plan] built plan=3313 start=6610.10 horizon=15.00 frames=150 commit_frames=20[0m
[0m[INFO] [1788611593.993980119]: [sim_plan] built plan=3314 start=6612.10 horizon=15.00 frames=150 commit_frames=20[0m
[0m[INFO] [1788611594.002148021]: [sim_plan] built plan=3315 start=6614.10 horizon=15.00 frames=150 commit_frames=20[0m
[0m[INFO] [1788611594.010233178]: [sim_plan] built plan=3316 start=6616.10 horizon=15.00 frames=150 commit_frames=20[0m
[0m[INFO] [1788611594.018520025]: [sim_plan] built plan=3317 start=6618.10 horizon=15.00 frames=150 commit_frames=20[0m
[0m[INFO] [1788611594.026471577]: [sim_plan] built plan=3318 start=6620.10 horizon=15.00 frames=150 commit_frames=20[0m
[0m[INFO] [1788611594.034694162]: [sim_plan] built plan=3319 start=6622.10 horizon=15.00 frames=150 commit_frames=20[0m
[0m[INFO] [1788611594.042858577]: [sim_plan] built plan=3320 start=6624.10 horizon=15.00 frames=150 commit_frames=20[0m
[0m[INFO] [1788611594.051230694]: [sim_plan] built plan=3321 start=6626.10 horizon=15.00 frames=150 commit_frames=20[0m
[0m[INFO] [1788611594.059121380]: [sim_plan] built plan=3322 start=6628.10 horizon=15.00 frames=150 commit_frames=20[0m
[0m[INFO] [1788611594.067239219]: [sim_plan] built plan=3323 start=6630.10 horizon=15.00 frames=150 commit_frames=20[0m
[0m[INFO] [1788611594.075272175]: [sim_plan] built plan=3324 start=6632.10 horizon=15.00 frames=150 commit_frames=20[0m
[0m[INFO] [1788611594.083413466]: [sim_plan] built plan=3325 start=6634.10 horizon=15.00 frames=150 commit_frames=20[0m
[0m[INFO] [1788611594.091412889]: [sim_plan] built plan=3326 start=6636.10 horizon=15.00 frames=150 commit_frames=20[0m
[0m[INFO] [1788611594.099420106]: [sim_plan] built plan=3327 start=6638.10 horizon=15.00 frames=150 commit_frames=20[0m
[0m[INFO] [1788611594.107600461]: [sim_plan] built plan=3328 start=6640.10 horizon=15.00 frames=150 commit_frames=20[0m
[0m[INFO] [1788611594.115481147]: [sim_plan] built plan=3329 start=6642.10 horizon=15.00 frames=150 commit_frames=20[0m
[0m[INFO] [1788611594.123338742]: [sim_plan] built plan=3330 start=6644.10 horizon=15.00 frames=150 commit_frames=20[0m
[0m[INFO] [1788611594.131480194]: [sim_plan] built plan=3331 start=6646.10 horizon=15.00 frames=150 commit_frames=20[0m
[0m[INFO] [1788611594.139283073]: [sim_plan] built plan=3332 start=6648.10 horizon=15.00 frames=150 commit_frames=20[0m
[0m[INFO] [1788611594.147089740]: [sim_plan] built plan=3333 start=6650.10 horizon=15.00 frames=150 commit_frames=20[0m
[0m[INFO] [1788611594.155034399]: [sim_plan] built plan=3334 start=6652.10 horizon=15.00 frames=150 commit_frames=20[0m
[0m[INFO] [1788611594.163546834]: [sim_plan] built plan=3335 start=6654.10 horizon=15.00 frames=150 commit_frames=20[0m
[0m[INFO] [1788611594.171375673]: [sim_plan] built plan=3336 start=6656.10 horizon=15.00 frames=150 commit_frames=20[0m
[0m[INFO] [1788611594.179195365]: [sim_plan] built plan=3337 start=6658.10 horizon=15.00 frames=150 commit_frames=20[0m
[0m[INFO] [1788611594.187045786]: [sim_plan] built plan=3338 start=6660.10 horizon=15.00 frames=150 commit_frames=20[0m
[0m[INFO] [1788611594.194892589]: [sim_plan] built plan=3339 start=6662.10 horizon=15.00 frames=150 commit_frames=20[0m
[0m[INFO] [1788611594.202887705]: [sim_plan] built plan=3340 start=6664.10 horizon=15.00 frames=150 commit_frames=20[0m
[0m[INFO] [1788611594.210823175]: [sim_plan] built plan=3341 start=6666.10 horizon=15.00 frames=150 commit_frames=20[0m
[0m[INFO] [1788611594.220172535]: [sim_plan] built plan=3342 start=6668.10 horizon=15.00 frames=150 commit_frames=20[0m
[0m[INFO] [1788611594.228375823]: [sim_plan] built plan=3343 start=6670.10 horizon=15.00 frames=150 commit_frames=20[0m
[0m[INFO] [1788611594.236273904]: [sim_plan] built plan=3344 start=6672.10 horizon=15.00 frames=150 commit_frames=20[0m
[0m[INFO] [1788611594.244826326]: [sim_plan] built plan=3345 start=6674.10 horizon=15.00 frames=150 commit_frames=20[0m
[0m[INFO] [1788611594.252737310]: [sim_plan] built plan=3346 start=6676.10 horizon=15.00 frames=150 commit_frames=20[0m
[0m[INFO] [1788611594.260741471]: [sim_plan] built plan=3347 start=6678.10 horizon=15.00 frames=150 commit_frames=20[0m
[0m[INFO] [1788611594.268743430]: [sim_plan] built plan=3348 start=6680.10 horizon=15.00 frames=150 commit_frames=20[0m
[0m[INFO] [1788611594.276778137]: [sim_plan] built plan=3349 start=6682.10 horizon=15.00 frames=150 commit_frames=20[0m
[0m[INFO] [1788611594.284579284]: [sim_plan] built plan=3350 start=6684.10 horizon=15.00 frames=150 commit_frames=20[0m
[0m[INFO] [1788611594.292348421]: [sim_plan] built plan=3351 start=6686.10 horizon=15.00 frames=150 commit_frames=20[0m
[0m[INFO] [1788611594.301083066]: [sim_plan] built plan=3352 start=6688.10 horizon=15.00 frames=150 commit_frames=20[0m
[0m[INFO] [1788611594.309501993]: [sim_plan] built plan=3353 start=6690.10 horizon=15.00 frames=150 commit_frames=20[0m
[0m[INFO] [1788611594.317349057]: [sim_plan] built plan=3354 start=6692.10 horizon=15.00 frames=150 commit_frames=20[0m
[0m[INFO] [1788611594.325388427]: [sim_plan] built plan=3355 start=6694.10 horizon=15.00 frames=150 commit_frames=20[0m
[0m[INFO] [1788611594.333602584]: [sim_plan] built plan=3356 start=6696.10 horizon=15.00 frames=150 commit_frames=20[0m
[0m[INFO] [1788611594.341505195]: [sim_plan] built plan=3357 start=6698.10 horizon=15.00 frames=150 commit_frames=20[0m
[0m[INFO] [1788611594.349243613]: [sim_plan] built plan=3358 start=6700.10 horizon=15.00 frames=150 commit_frames=20[0m
[0m[INFO] [1788611594.356954989]: [sim_plan] built plan=3359 start=6702.10 horizon=15.00 frames=150 commit_frames=20[0m
[0m[INFO] [1788611594.364861265]: [sim_plan] built plan=3360 start=6704.10 horizon=15.00 frames=150 commit_frames=20[0m
[0m[INFO] [1788611594.372998550]: [sim_plan] built plan=3361 start=6706.10 horizon=15.00 frames=150 commit_frames=20[0m
[0m[INFO] [1788611594.380986461]: [sim_plan] built plan=3362 start=6708.10 horizon=15.00 frames=150 commit_frames=20[0m
[0m[INFO] [1788611594.388837921]: [sim_plan] built plan=3363 start=6710.10 horizon=15.00 frames=150 commit_frames=20[0m
[0m[INFO] [1788611594.396753485]: [sim_plan] built plan=3364 start=6712.10 horizon=15.00 frames=150 commit_frames=20[0m
[0m[INFO] [1788611594.404401632]: [sim_plan] built plan=3365 start=6714.10 horizon=15.00 frames=150 commit_frames=20[0m
[0m[INFO] [1788611594.413212712]: [sim_plan] built plan=3366 start=6716.10 horizon=15.00 frames=150 commit_frames=20[0m
[0m[INFO] [1788611594.421291365]: [sim_plan] built plan=3367 start=6718.10 horizon=15.00 frames=150 commit_frames=20[0m
[0m[INFO] [1788611594.429332136]: [sim_plan] built plan=3368 start=6720.10 horizon=15.00 frames=150 commit_frames=20[0m
[0m[INFO] [1788611594.437692552]: [sim_plan] built plan=3369 start=6722.10 horizon=15.00 frames=150 commit_frames=20[0m
[0m[INFO] [1788611594.445628546]: [sim_plan] built plan=3370 start=6724.10 horizon=15.00 frames=150 commit_frames=20[0m
[0m[INFO] [1788611594.453652133]: [sim_plan] built plan=3371 start=6726.10 horizon=15.00 frames=150 commit_frames=20[0m
[0m[INFO] [1788611594.461694998]: [sim_plan] built plan=3372 start=6728.10 horizon=15.00 frames=150 commit_frames=20[0m
[0m[INFO] [1788611594.469874091]: [sim_plan] built plan=3373 start=6730.10 horizon=15.00 frames=150 commit_frames=20[0m
[0m[INFO] [1788611594.477981538]: [sim_plan] built plan=3374 start=6732.10 horizon=15.00 frames=150 commit_frames=20[0m
[0m[INFO] [1788611594.486333027]: [sim_plan] built plan=3375 start=6734.10 horizon=15.00 frames=150 commit_frames=20[0m
[0m[INFO] [1788611594.494428061]: [sim_plan] built plan=3376 start=6736.10 horizon=15.00 frames=150 commit_frames=20[0m
[0m[INFO] [1788611594.502788519]: [sim_plan] built plan=3377 start=6738.10 horizon=15.00 frames=150 commit_frames=20[0m
[0m[INFO] [1788611594.510687981]: [sim_plan] built plan=3378 start=6740.10 horizon=15.00 frames=150 commit_frames=20[0m
[0m[INFO] [1788611594.518749671]: [sim_plan] built plan=3379 start=6742.10 horizon=15.00 frames=150 commit_frames=20[0m
[0m[INFO] [1788611594.527084469]: [sim_plan] built plan=3380 start=6744.10 horizon=15.00 frames=150 commit_frames=20[0m
[0m[INFO] [1788611594.535316934]: [sim_plan] built plan=3381 start=6746.10 horizon=15.00 frames=150 commit_frames=20[0m
[0m[INFO] [1788611594.543369075]: [sim_plan] built plan=3382 start=6748.10 horizon=15.00 frames=150 commit_frames=20[0m
[0m[INFO] [1788611594.551467846]: [sim_plan] built plan=3383 start=6750.10 horizon=15.00 frames=150 commit_frames=20[0m
[0m[INFO] [1788611594.559681915]: [sim_plan] built plan=3384 start=6752.10 horizon=15.00 frames=150 commit_frames=20[0m
[0m[INFO] [1788611594.568423866]: [sim_plan] built plan=3385 start=6754.10 horizon=15.00 frames=150 commit_frames=20[0m
[0m[INFO] [1788611594.576496415]: [sim_plan] built plan=3386 start=6756.10 horizon=15.00 frames=150 commit_frames=20[0m
[0m[INFO] [1788611594.585112806]: [sim_plan] built plan=3387 start=6758.10 horizon=15.00 frames=150 commit_frames=20[0m
[0m[INFO] [1788611594.593072954]: [sim_plan] built plan=3388 start=6760.10 horizon=15.00 frames=150 commit_frames=20[0m
[0m[INFO] [1788611594.601174059]: [sim_plan] built plan=3389 start=6762.10 horizon=15.00 frames=150 commit_frames=20[0m
[0m[INFO] [1788611594.609788328]: [sim_plan] built plan=3390 start=6764.10 horizon=15.00 frames=150 commit_frames=20[0m
[0m[INFO] [1788611594.617876127]: [sim_plan] built plan=3391 start=6766.10 horizon=15.00 frames=150 commit_frames=20[0m
[0m[INFO] [1788611594.625871001]: [sim_plan] built plan=3392 start=6768.10 horizon=15.00 frames=150 commit_frames=20[0m
[0m[INFO] [1788611594.634369518]: [sim_plan] built plan=3393 start=6770.10 horizon=15.00 frames=150 commit_frames=20[0m
[0m[INFO] [1788611594.642369542]: [sim_plan] built plan=3394 start=6772.10 horizon=15.00 frames=150 commit_frames=20[0m
[0m[INFO] [1788611594.650402889]: [sim_plan] built plan=3395 start=6774.10 horizon=15.00 frames=150 commit_frames=20[0m
[0m[INFO] [1788611594.658611429]: [sim_plan] built plan=3396 start=6776.10 horizon=15.00 frames=150 commit_frames=20[0m
[0m[INFO] [1788611594.666708527]: [sim_plan] built plan=3397 start=6778.10 horizon=15.00 frames=150 commit_frames=20[0m
[0m[INFO] [1788611594.675275172]: [sim_plan] built plan=3398 start=6780.10 horizon=15.00 frames=150 commit_frames=20[0m
[0m[INFO] [1788611594.683139459]: [sim_plan] built plan=3399 start=6782.10 horizon=15.00 frames=150 commit_frames=20[0m
[0m[INFO] [1788611594.691048572]: [sim_plan] built plan=3400 start=6784.10 horizon=15.00 frames=150 commit_frames=20[0m
[0m[INFO] [1788611594.699039066]: [sim_plan] built plan=3401 start=6786.10 horizon=15.00 frames=150 commit_frames=20[0m
[0m[INFO] [1788611594.706735053]: [sim_plan] built plan=3402 start=6788.10 horizon=15.00 frames=150 commit_frames=20[0m
[0m[INFO] [1788611594.714758472]: [sim_plan] built plan=3403 start=6790.10 horizon=15.00 frames=150 commit_frames=20[0m
[0m[INFO] [1788611594.722603251]: [sim_plan] built plan=3404 start=6792.10 horizon=15.00 frames=150 commit_frames=20[0m
[0m[INFO] [1788611594.730525978]: [sim_plan] built plan=3405 start=6794.10 horizon=15.00 frames=150 commit_frames=20[0m
[0m[INFO] [1788611594.738547875]: [sim_plan] built plan=3406 start=6796.10 horizon=15.00 frames=150 commit_frames=20[0m
[0m[INFO] [1788611594.746454721]: [sim_plan] built plan=3407 start=6798.10 horizon=15.00 frames=150 commit_frames=20[0m
[0m[INFO] [1788611594.754302115]: [sim_plan] built plan=3408 start=6800.10 horizon=15.00 frames=150 commit_frames=20[0m
[0m[INFO] [1788611594.762162717]: [sim_plan] built plan=3409 start=6802.10 horizon=15.00 frames=150 commit_frames=20[0m
[0m[INFO] [1788611594.770218666]: [sim_plan] built plan=3410 start=6804.10 horizon=15.00 frames=150 commit_frames=20[0m
[0m[INFO] [1788611594.778581227]: [sim_plan] built plan=3411 start=6806.10 horizon=15.00 frames=150 commit_frames=20[0m
[0m[INFO] [1788611594.786667895]: [sim_plan] built plan=3412 start=6808.10 horizon=15.00 frames=150 commit_frames=20[0m
[0m[INFO] [1788611594.794495722]: [sim_plan] built plan=3413 start=6810.10 horizon=15.00 frames=150 commit_frames=20[0m
[0m[INFO] [1788611594.802277903]: [sim_plan] built plan=3414 start=6812.10 horizon=15.00 frames=150 commit_frames=20[0m
[0m[INFO] [1788611594.810391312]: [sim_plan] built plan=3415 start=6814.10 horizon=15.00 frames=150 commit_frames=20[0m
[0m[INFO] [1788611594.818549726]: [sim_plan] built plan=3416 start=6816.10 horizon=15.00 frames=150 commit_frames=20[0m
[0m[INFO] [1788611594.826634029]: [sim_plan] built plan=3417 start=6818.10 horizon=15.00 frames=150 commit_frames=20[0m
[0m[INFO] [1788611594.834460464]: [sim_plan] built plan=3418 start=6820.10 horizon=15.00 frames=150 commit_frames=20[0m
[0m[INFO] [1788611594.842626863]: [sim_plan] built plan=3419 start=6822.10 horizon=15.00 frames=150 commit_frames=20[0m
[0m[INFO] [1788611594.851817251]: [sim_plan] built plan=3420 start=6824.10 horizon=15.00 frames=150 commit_frames=20[0m
[0m[INFO] [1788611594.859860297]: [sim_plan] built plan=3421 start=6826.10 horizon=15.00 frames=150 commit_frames=20[0m
[0m[INFO] [1788611594.867685950]: [sim_plan] built plan=3422 start=6828.10 horizon=15.00 frames=150 commit_frames=20[0m
[0m[INFO] [1788611594.875834184]: [sim_plan] built plan=3423 start=6830.10 horizon=15.00 frames=150 commit_frames=20[0m
[0m[INFO] [1788611594.883755719]: [sim_plan] built plan=3424 start=6832.10 horizon=15.00 frames=150 commit_frames=20[0m
[0m[INFO] [1788611594.891757536]: [sim_plan] built plan=3425 start=6834.10 horizon=15.00 frames=150 commit_frames=20[0m
[0m[INFO] [1788611594.899614840]: [sim_plan] built plan=3426 start=6836.10 horizon=15.00 frames=150 commit_frames=20[0m
[0m[INFO] [1788611594.907863845]: [sim_plan] built plan=3427 start=6838.10 horizon=15.00 frames=150 commit_frames=20[0m
[0m[INFO] [1788611594.916009895]: [sim_plan] built plan=3428 start=6840.10 horizon=15.00 frames=150 commit_frames=20[0m
[0m[INFO] [1788611594.925922311]: [sim_plan] built plan=3429 start=6842.10 horizon=15.00 frames=150 commit_frames=20[0m
[0m[INFO] [1788611594.933794724]: [sim_plan] built plan=3430 start=6844.10 horizon=15.00 frames=150 commit_frames=20[0m
[0m[INFO] [1788611594.941631267]: [sim_plan] built plan=3431 start=6846.10 horizon=15.00 frames=150 commit_frames=20[0m
[0m[INFO] [1788611594.949685885]: [sim_plan] built plan=3432 start=6848.10 horizon=15.00 frames=150 commit_frames=20[0m
[0m[INFO] [1788611594.957611608]: [sim_plan] built plan=3433 start=6850.10 horizon=15.00 frames=150 commit_frames=20[0m
[0m[INFO] [1788611594.965754341]: [sim_plan] built plan=3434 start=6852.10 horizon=15.00 frames=150 commit_frames=20[0m
[0m[INFO] [1788611594.973598019]: [sim_plan] built plan=3435 start=6854.10 horizon=15.00 frames=150 commit_frames=20[0m
[0m[INFO] [1788611594.981517741]: [sim_plan] built plan=3436 start=6856.10 horizon=15.00 frames=150 commit_frames=20[0m
[0m[INFO] [1788611594.989341911]: [sim_plan] built plan=3437 start=6858.10 horizon=15.00 frames=150 commit_frames=20[0m
[0m[INFO] [1788611594.997474246]: [sim_plan] built plan=3438 start=6860.10 horizon=15.00 frames=150 commit_frames=20[0m
[0m[INFO] [1788611595.005761794]: [sim_plan] built plan=3439 start=6862.10 horizon=15.00 frames=150 commit_frames=20[0m
[0m[INFO] [1788611595.013708617]: [sim_plan] built plan=3440 start=6864.10 horizon=15.00 frames=150 commit_frames=20[0m
[0m[INFO] [1788611595.021602580]: [sim_plan] built plan=3441 start=6866.10 horizon=15.00 frames=150 commit_frames=20[0m
[0m[INFO] [1788611595.029436789]: [sim_plan] built plan=3442 start=6868.10 horizon=15.00 frames=150 commit_frames=20[0m
[0m[INFO] [1788611595.037465938]: [sim_plan] built plan=3443 start=6870.10 horizon=15.00 frames=150 commit_frames=20[0m
[0m[INFO] [1788611595.045419153]: [sim_plan] built plan=3444 start=6872.10 horizon=15.00 frames=150 commit_frames=20[0m
[0m[INFO] [1788611595.053365676]: [sim_plan] built plan=3445 start=6874.10 horizon=15.00 frames=150 commit_frames=20[0m
[0m[INFO] [1788611595.061472211]: [sim_plan] built plan=3446 start=6876.10 horizon=15.00 frames=150 commit_frames=20[0m
[0m[INFO] [1788611595.069395239]: [sim_plan] built plan=3447 start=6878.10 horizon=15.00 frames=150 commit_frames=20[0m
[0m[INFO] [1788611595.077326903]: [sim_plan] built plan=3448 start=6880.10 horizon=15.00 frames=150 commit_frames=20[0m
[0m[INFO] [1788611595.085183405]: [sim_plan] built plan=3449 start=6882.10 horizon=15.00 frames=150 commit_frames=20[0m
[0m[INFO] [1788611595.093124807]: [sim_plan] built plan=3450 start=6884.10 horizon=15.00 frames=150 commit_frames=20[0m
[0m[INFO] [1788611595.101181568]: [sim_plan] built plan=3451 start=6886.10 horizon=15.00 frames=150 commit_frames=20[0m
[0m[INFO] [1788611595.108929435]: [sim_plan] built plan=3452 start=6888.10 horizon=15.00 frames=150 commit_frames=20[0m
[0m[INFO] [1788611595.116742604]: [sim_plan] built plan=3453 start=6890.10 horizon=15.00 frames=150 commit_frames=20[0m
[0m[INFO] [1788611595.124598946]: [sim_plan] built plan=3454 start=6892.10 horizon=15.00 frames=150 commit_frames=20[0m
[0m[INFO] [1788611595.132369866]: [sim_plan] built plan=3455 start=6894.10 horizon=15.00 frames=150 commit_frames=20[0m
[0m[INFO] [1788611595.140136167]: [sim_plan][33m[WARN] [1788611607.173192124]: [DIAG cycle] 等待图检测到环 V0->V1 —— 严格全序下本不该出现,疑为 slot 资源前置约束成环(循环占位)。暂由破环逃生兜底。[0m
 built plan=3456 start=6896.10 horizon=15.00 frames=150 commit_frames=20[0m
[0m[INFO] [1788611595.148109540]: [sim_plan] built plan=3457 start=6898.10 horizon=15.00 frames=150 commit_frames=20[0m
[0m[INFO] [1788611595.155908232]: [sim_plan] built plan=3458 start=6900.10 horizon=15.00 frames=150 commit_frames=20[0m
[0m[INFO] [1788611595.163724267]: [sim_plan] built plan=3459 start=6902.10 horizon=15.00 frames=150 commit_frames=20[0m
[0m[INFO] [1788611595.171820122]: [sim_plan] built plan=3460 start=6904.10 horizon=15.00 frames=150 commit_frames=20[0m
[0m[INFO] [1788611595.179584220]: [sim_plan] built plan=3461 start=6906.10 horizon=15.00 frames=150 commit_frames=20[0m
[0m[INFO] [1788611607.180844064]: [sim_plan] built plan=3462 start=6908.10 horizon=15.00 frames=150 commit_frames=20[0m
[0m[INFO] [1788611607.188622188]: [sim_plan] built plan=3463 start=6910.10 horizon=15.00 frames=150 commit_frames=20[0m
[0m[INFO] [1788611607.197301869]: [sim_plan] built plan=3464 start=6912.10 horizon=15.00 frames=150 commit_frames=20[0m
[0m[INFO] [1788611607.205148342]: [sim_plan] built plan=3465 start=6914.10 horizon=15.00 frames=150 commit_frames=20[0m
[0m[INFO] [1788611607.213066791]: [sim_plan] built plan=3466 start=6916.10 horizon=15.00 frames=150 commit_frames=20[0m
[0m[INFO] [1788611607.220839825]: [sim_plan] built plan=3467 start=6918.10 horizon=15.00 frames=150 commit_frames=20[0m
[0m[INFO] [1788611607.228549318]: [sim_plan] built plan=3468 start=6920.10 horizon=15.00 frames=150 commit_frames=20[0m
[0m[INFO] [1788611607.236306712]: [sim_plan] built plan=3469 start=6922.10 horizon=15.00 frames=150 commit_frames=20[0m
[0m[INFO] [1788611607.244125653]: [sim_plan] built plan=3470 start=6924.10 horizon=15.00 frames=150 commit_frames=20[0m
[0m[INFO] [1788611607.251971254]: [sim_plan] built plan=3471 start=6926.10 horizon=15.00 frames=150 commit_frames=20[0m
[0m[INFO] [1788611607.260111393]: [sim_plan] built plan=3472 start=6928.10 horizon=15.00 frames=150 commit_frames=20[0m
[0m[INFO] [1788611607.267786541]: [sim_plan] built plan=3473 start=6930.10 horizon=15.00 frames=150 commit_frames=20[0m
[0m[INFO] [1788611607.275492137]: [sim_plan] built plan=3474 start=6932.10 horizon=15.00 frames=150 commit_frames=20[0m
[0m[INFO] [1788611607.283222009]: [sim_plan] built plan=3475 start=6934.10 horizon=15.00 frames=150 commit_frames=20[0m
[0m[INFO] [1788611607.291157691]: [sim_plan] built plan=3476 start=6936.10 horizon=15.00 frames=150 commit_frames=20[0m
[0m[INFO] [1788611607.299808016]: [sim_plan] built plan=3477 start=6938.10 horizon=15.00 frames=150 commit_frames=20[0m
[0m[INFO] [1788611607.307551905]: [sim_plan] built plan=3478 start=6940.10 horizon=15.00 frames=150 commit_frames=20[0m
[0m[INFO] [1788611607.315413637]: [sim_plan] built plan=3479 start=6942.10 horizon=15.00 frames=150 commit_frames=20[0m
[0m[INFO] [1788611607.323181851]: [sim_plan] built plan=3480 start=6944.10 horizon=15.00 frames=150 commit_frames=20[0m
[0m[INFO] [1788611607.331198467]: [sim_plan] built plan=3481 start=6946.10 horizon=15.00 frames=150 commit_frames=20[0m
[0m[INFO] [1788611607.338959287]: [sim_plan] built plan=3482 start=6948.10 horizon=15.00 frames=150 commit_frames=20[0m
[0m[INFO] [1788611607.346844824]: [sim_plan] built plan=3483 start=6950.10 horizon=15.00 frames=150 commit_frames=20[0m
[0m[INFO] [1788611607.354690896]: [sim_plan] built plan=3484 start=6952.10 horizon=15.00 frames=150 commit_frames=20[0m
[0m[INFO] [1788611607.362675160]: [sim_plan] built plan=3485 start=6954.10 horizon=15.00 frames=150 commit_frames=20[0m
[0m[INFO] [1788611607.370469794]: [sim_plan] built plan=3486 start=6956.10 horizon=15.00 frames=150 commit_frames=20[0m
[0m[INFO] [1788611607.379067370]: [sim_plan] built plan=3487 start=6958.10 horizon=15.00 frames=150 commit_frames=20[0m
[0m[INFO] [1788611607.386787754]: [sim_plan] built plan=3488 start=6960.10 horizon=15.00 frames=150 commit_frames=20[0m
[0m[INFO] [1788611607.395292253]: [sim_plan] built plan=3489 start=6962.10 horizon=15.00 frames=150 commit_frames=[33m[WARN] [1788611595.469455966]: [DIAG cycle] 等待图检测到环 V0->V1 —— 严格全序下本不该出现,疑为 slot 资源前置约束成环(循环占位)。暂由破环逃生兜底。[0m
20[0m
[0m[INFO] [1788611607.403152222]: [sim_plan] built plan=3490 start=6964.10 horizon=15.00 frames=150 commit_frames=20[0m
[0m[INFO] [1788611607.410781653]: [sim_plan] built plan=3491 start=6966.10 horizon=15.00 frames=150 commit_frames=20[0m
[0m[INFO] [1788611607.418786767]: [sim_plan] built plan=3492 start=6968.10 horizon=15.00 frames=150 commit_frames=20[0m
[0m[INFO] [1788611607.427336582]: [sim_plan] built plan=3493 start=6970.10 horizon=15.00 frames=150 commit_frames=20[0m
[0m[INFO] [1788611607.435518470]: [sim_plan] built plan=3494 start=6972.10 horizon=15.00 frames=150 commit_frames=20[0m
[0m[INFO] [1788611595.470166492]: [sim_plan] built plan=3495 start=6974.10 horizon=15.00 frames=150 commit_frames=20[0m
[0m[INFO] [1788611595.478314976]: [sim_plan] built plan=3496 start=6976.10 horizon=15.00 frames=150 commit_frames=20[0m
[0m[INFO] [1788611595.486667648]: [sim_plan] built plan=3497 start=6978.10 horizon=15.00 frames=150 commit_frames=20[0m
[0m[INFO] [1788611595.495154113]: [sim_plan] built plan=3498 start=6980.10 horizon=15.00 frames=150 commit_frames=20[0m
[0m[INFO] [1788611595.503165198]: [sim_plan] built plan=3499 start=6982.10 horizon=15.00 frames=150 commit_frames=20[0m
[0m[INFO] [1788611595.511158328]: [sim_plan] built plan=3500 start=6984.10 horizon=15.00 frames=150 commit_frames=20[0m
[0m[INFO] [1788611595.519201374]: [sim_plan] built plan=3501 start=6986.10 horizon=15.00 frames=150 commit_frames=20[0m
[0m[INFO] [1788611595.527156613]: [sim_plan] built plan=3502 start=6988.10 horizon=15.00 frames=150 commit_frames=20[0m
[0m[INFO] [1788611595.534887136]: [sim_plan] built plan=3503 start=6990.10 horizon=15.00 frames=150 commit_frames=20[0m
[0m[INFO] [1788611595.542860679]: [sim_plan] built plan=3504 start=6992.10 horizon=15.00 frames=150 commit_frames=20[0m
[0m[INFO] [1788611595.550631339]: [sim_plan] built plan=3505 start=6994.10 horizon=15.00 frames=150 commit_frames=20[0m
[0m[INFO] [1788611595.558416445]: [sim_plan] built plan=3506 start=6996.10 horizon=15.00 frames=150 commit_frames=20[0m
[0m[INFO] [1788611595.566949248]: [sim_plan] built plan=3507 start=6998.10 horizon=15.00 frames=150 commit_frames=20[0m
[0m[INFO] [1788611595.574852949]: [sim_plan] built plan=3508 start=7000.10 horizon=15.00 frames=150 commit_frames=20[0m
[0m[INFO] [1788611595.582865527]: [sim_plan] built plan=3509 start=7002.10 horizon=15.00 frames=150 commit_frames=20[0m
[0m[INFO] [1788611595.591636300]: [sim_plan] built plan=3510 start=7004.10 horizon=15.00 frames=150 commit_frames=20[0m
[0m[INFO] [1788611595.599478585]: [sim_plan] built plan=3511 start=7006.10 horizon=15.00 frames=150 commit_frames=20[0m
[0m[INFO] [1788611595.607219608]: [sim_plan] built plan=3512 start=7008.10 horizon=15.00 frames=150 commit_frames=20[0m
[0m[INFO] [1788611595.615097621]: [sim_plan] built plan=3513 start=7010.10 horizon=15.00 frames=150 commit_frames=20[0m
[0m[INFO] [1788611595.623020168]: [sim_plan] built plan=3514 start=7012.10 horizon=15.00 frames=150 commit_frames=20[0m
[0m[INFO] [1788611595.630691168]: [sim_plan] built plan=3515 start=7014.10 horizon=15.00 frames=150 commit_frames=20[0m
[0m[INFO] [1788611595.638453572]: [sim_plan] built plan=3516 start=7016.10 horizon=15.00 frames=150 commit_frames=20[0m
[0m[INFO] [1788611595.646312939]: [sim_plan] built plan=3517 start=7018.10 horizon=15.00 frames=150 commit_frames=20[0m
[0m[INFO] [1788611595.654129535]: [sim_plan] built plan=3518 start=7020.10 horizon=15.00 frames=150 commit_frames=20[0m
[0m[INFO] [1788611595.661788083]: [sim_plan] built plan=3519 start=7022.10 horizon=15.00 frames=150 commit_frames=20[0m
[0m[INFO] [1788611595.669511442]: [sim_plan] built plan=3520 start=7024.10 horizon=15.00 frames=150 commit_frames=20[0m
[0m[INFO] [1788611595.677242095]: [sim_plan] built plan=3521 start=7026.10 horizon=15.00 frames=150 commit_frames=20[0m
[0m[INFO] [1788611595.685134725]: [sim_plan] built plan=3522 start=7028.10 horizon=15.00 frames=150 commit_frames=20[0m
[0m[INFO] [1788611595.692853186]: [sim_plan] built plan=3523 start=7030.10 horizon=15.00 frames=150 commit_frames=20[0m
[0m[INFO] [1788611595.700938562]: [sim_plan] built plan=3524 start=7032.10 horizon=15.00 frames=150 commit_frames=20[0m
[0m[INFO] [1788611595.708594553]: [sim_plan] built plan=3525 start=7034.10 horizon=15.00 frames=150 commit_frames=20[0m
[0m[INFO] [1788611595.716236178]: [sim_plan] built plan=3526 start=7036.10 horizon=15.00 frames=150 commit_frames=20[0m
[0m[INFO] [1788611595.724079816]: [sim_plan] built plan=3527 start=7038.10 horizon=15.00 frames=150 commit_frames=20[0m
[0m[INFO] [1788611595.732002352]: [sim_plan] built plan=3528 start=7040.10 horizon=15.00 frames=150 commit_frames=20[0m
[0m[INFO] [1788611595.740279271]: [sim_plan] built plan=3529 start=7042.10 horizon=15.00 frames=150 commit_frames=20[0m
[0m[INFO] [1788611595.748254177]: [sim_plan] built plan=3530 start=7044.10 horizon=15.00 frames=150 commit_frames=20[0m
[0m[INFO] [1788611595.756279689]: [sim_plan] built plan=3531 start=7046.10 horizon=15.00 frames=150 commit_frames=20[0m
[0m[INFO] [1788611595.764092318]: [sim_plan] built plan=3532 start=7048.10 horizon=15.00 frames=150 commit_frames=20[0m
[0m[INFO] [1788611595.771828041]: [sim_plan] built plan=3533 start=7050.10 horizon=15.00 frames=150 commit_frames=20[0m
[0m[INFO] [1788611595.779968608]: [sim_plan] built plan=3534 start=7052.10 horizon=15.00 frames=150 commit_frames=20[0m
[0m[INFO] [1788611595.787844499]: [sim_plan] built plan=3535 start=7054.10 horizon=15.00 frames=150 commit_frames=20[0m
[0m[INFO] [1788611595.796198533]: [sim_plan] built plan=3536 start=7056.10 horizon=15.00 frames=150 commit_frames=20[0m
[0m[INFO] [1788611595.804124216]: [sim_plan] built plan=3537 start=7058.10 horizon=15.00 frames=150 commit_frames=20[0m
[0m[INFO] [1788611595.812139408]: [sim_plan] built plan=3538 start=7060.10 horizon=15.00 frames=150 commit_frames=20[0m
[0m[INFO] [1788611595.820045805]: [sim_plan] built plan=3539 start=7062.10 horizon=15.00 frames=150 commit_frames=20[0m
[0m[INFO] [1788611595.828351337]: [sim_plan] built plan=3540 start=7064.10 horizon=15.00 frames=150 commit_frames=20[0m
[0m[INFO] [1788611595.836387349]: [sim_plan] built plan=3541 start=7066.10 horizon=15.00 frames=150 commit_frames=20[0m
[0m[INFO] [1788611595.844376763]: [sim_plan] built plan=3542 start=7068.10 horizon=15.00 frames=150 commit_frames=20[0m
[0m[INFO] [1788611595.852360155]: [sim_plan] built plan=3543 start=7070.10 horizon=15.00 frames=150 commit_frames=20[0m
[0m[INFO] [1788611595.859963085]: [sim_plan] built plan=3544 start=7072.10 horizon=15.00 frames=150 commit_frames=20[0m
[0m[INFO] [1788611595.867841718]: [sim_plan] built plan=3545 start=7074.10 horizon=15.00 frames=150 commit_frames=20[0m
[0m[INFO] [1788611595.876435769]: [sim_plan] built plan=3546 start=7076.10 horizon=15.00 frames=150 commit_frames=20[0m
[0m[INFO] [1788611595.884672511]: [sim_plan] built plan=3547 start=7078.10 horizon=15.00 frames=150 commit_frames=20[0m
[0m[INFO] [1788611595.892362467]: [sim_plan] built plan=3548 start=7080.10 horizon=15.00 frames=150 commit_frames=20[0m
[0m[INFO] [1788611595.900227175]: [sim_plan] built plan=3549 start=7082.10 horizon=15.00 frames=150 commit_frames=20[0m
[0m[INFO] [1788611595.907840456]: [sim_plan] built plan=3550 start=7084.10 horizon=15.00 frames=150 commit_frames=20[0m
[0m[INFO] [1788611595.915524140]: [sim_plan] built plan=3551 start=7086.10 horizon=15.00 frames=150 commit_frames=20[0m
[0m[INFO] [1788611595.923552819]: [sim_plan] built plan=3552 start=7088.10 horizon=15.00 frames=150 commit_frames=20[0m
[0m[INFO] [1788611595.931303079]: [sim_plan] built plan=3553 start=7090.10 horizon=15.00 frames=150 commit_frames=20[0m
[0m[INFO] [1788611595.939371132]: [sim_plan] built plan=3554 start=7092.10 horizon=15.00 frames=150 commit_frames=20[0m
[0m[INFO] [1788611595.947029829]: [sim_plan] built plan=3555 start=7094.10 horizon=15.00 frames=150 commit_frames=20[0m
[0m[INFO] [1788611595.955781877]: [sim_plan] built plan=3556 start=7096.10 horizon=15.00 frames=150 commit_frames=20[0m
[0m[INFO] [1788611595.963639741]: [sim_plan] built plan=3557 start=7098.10 horizon=15.00 frames=150 commit_frames=20[0m
[0m[INFO] [1788611595.971644524]: [sim_plan] built plan=3558 start=7100.10 horizon=15.00 frames=150 commit_frames=20[0m
[0m[INFO] [1788611595.979405175]: [sim_plan] built plan=3559 start=7102.10 horizon=15.00 frames=150 commit_frames=20[0m
[0m[INFO] [1788611595.987241698]: [sim_plan] built plan=3560 start=7104.10 horizon=15.00 frames=150 commit_frames=20[0m
[0m[INFO] [1788611595.995183793]: [sim_plan] built plan=3561 start=7106.10 horizon=15.00 frames=150 commit_frames=20[0m
[0m[INFO] [1788611596.003498372]: [sim_plan] built plan=3562 start=7108.10 horizon=15.00 frames=150 commit_frames=20[0m
[0m[INFO] [1788611596.011300280]: [sim_plan] built plan=3563 start=7110.10 horizon=15.00 frames=150 commit_frames=20[0m
[0m[INFO] [1788611596.019086680]: [sim_plan] built plan=3564 start=7112.10 horizon=15.00 frames=150 commit_frames=20[0m
[0m[INFO] [1788611596.027689365]: [sim_plan] built plan=3565 start=7114.10 horizon=15.00 frames=150 commit_frames=20[0m
[0m[INFO] [1788611596.035536228]: [sim_plan] built plan=3566 start=7116.10 horizon=15.00 frames=150 commit_frames=20[0m
[0m[INFO] [1788611596.043389494]: [sim_plan] built plan=3567 start=7118.10 horizon=15.00 frames=150 commit_frames=20[0m
[0m[INFO] [1788611596.051231298]: [sim_plan] built plan=3568 start=7120.10 horizon=15.00 frames=150 commit_frames=20[0m
[0m[INFO] [1788611596.059061390]: [sim_plan] built plan=3569 start=7122.10 horizon=15.00 frames=150 commit_frames=20[0m
[0m[INFO] [1788611596.066786964]: [sim_plan] built plan=3570 start=7124.10 horizon=15.00 frames=150 commit_frames=20[0m
[0m[INFO] [1788611596.074775806]: [sim_plan] built plan=3571 start=7126.10 horizon=15.00 frames=150 commit_frames=20[0m
[0m[INFO] [1788611596.083615971]: [sim_plan] built plan=3572 start=7128.10 horizon=15.00 frames=150 commit_frames=20[0m
[0m[INFO] [1788611596.091459969]: [sim_plan] built plan=3573 start=7130.10 horizon=15.00 frames=150 commit_frames=20[0m
[0m[INFO] [1788611596.099427581]: [sim_plan] built plan=3574 start=7132.10 horizon=15.00 frames=150 commit_frames=20[0m
[0m[INFO] [1788611596.108003797]: [sim_plan] built plan=3575 start=7134.10 horizon=15.00 frames=150 commit_frames=20[0m
[0m[INFO] [1788611596.115884535]: [sim_plan] built plan=3576 start=7136.10 horizon=15.00 frames=150 commit_frames=20[0m
[0m[INFO] [1788611596.124274386]: [sim_plan] built plan=3577 start=7138.10 horizon=15.00 frames=150 commit_frames=20[0m
[0m[INFO] [1788611596.132246357]: [sim_plan] built plan=3578 start=7140.10 horizon=15.00 frames=150 commit_frames=20[0m
[0m[INFO] [1788611596.140293871]: [sim_plan] built plan=3579 start=7142.10 horizon=15.00 frames=150 commit_frames=20[0m
[0m[INFO] [1788611596.148306588]: [sim_plan] built plan=3580 start=7144.10 horizon=15.00 frames=150 commit_frames=20[0m
[0m[INFO] [1788611596.156425307]: [sim_plan] built plan=3581 start=7146.10 horizon=15.00 frames=150 commit_frames=20[0m
[0m[INFO] [1788611596.164463934]: [sim_plan] built plan=3582 start=7148.10 horizon=15.00 frames=150 commit_frames=20[0m
[0m[INFO] [1788611596.172427138]: [sim_plan] built plan=3583 start=7150.10 horizon=15.00 frames=150 commit_frames=20[0m
[0m[INFO] [1788611596.180545826]: [sim_plan] built plan=3584 start=7152.10 horizon=15.00 frames=150 commit_frames=20[0m
[0m[INFO] [1788611596.188810001]: [sim_plan] built plan=3585 start=7154.10 horizon=15.00 frames=150 commit_frames=20[0m
[0m[INFO] [1788611596.197005665]: [sim_plan] built plan=3586 start=7156.10 horizon=15.00 frames=150 commit_frames=20[0m
[0m[INFO] [1788611596.205306388]: [sim_plan] built plan=3587 start=7158.10 horizon=15.00 frames=150 commit_frames=20[0m
[0m[INFO] [1788611596.213407093]: [sim_plan] built plan=3588 start=7160.10 horizon=15.00 frames=150 commit_frames=20[0m
[0m[INFO] [1788611596.221260839]: [sim_plan] built plan=3589 start=7162.10 horizon=15.00 frames=150 commit_frames=20[0m
[0m[INFO] [1788611596.230746847]: [sim_plan] built plan=3590 start=7164.10 horiz[33m[WARN] [1788611596.369190849]: [END] ====== 结尾全队快照 ======
tick=72000
  V0 mode=1 act=0 reason=a1_admission_invariant_violation blk=1 brkr=0 task=3 slot=64->-1 s=3.168/6.464 rem=3.296 spd=0.000 wait=7004.0 gen=7
  V1 mode=1 act=0 reason=a1_admission_invariant_violation blk=0 brkr=0 task=2 slot=63->-1 s=4.113/6.245 rem=2.132 spd=0.000 wait=7004.0 gen=5[0m
[33m[WARN] [1788611596.369369036]: [END] 永久楔死嫌疑=V0 (wait=7004.0s),其与各车冲突几何:[0m
[33m[WARN] [1788611596.369533328]: [SOURCE=REAL] [plan=3607] [frame=19] [rollout_step=-1] [CONFLICT] V0(s=3.168 rem=3.296 act=0 blk=1) vs V1(s=4.113 rem=2.132 act=0 blk=0) | owner=V-1 following=0 nzones=1 all_same_dir=1[0m
[33m[WARN] [1788611596.369696727]: [SOURCE=REAL] [plan=3607] [frame=19] [rollout_step=-1] [CONFLICT]   zone0 same_dir=1 | A[0.100,6.450] stopA=-0.079 committedA=1 | B[0.275,6.225] stopB=0.096 committedB=1 | @(1.25,4.26)[0m
[33m[WARN] [1788611596.369868904]: [batch] ==== 汇总: ticks=72000 sim_t=7200s | 碰撞(hard_guard)事件=0 首次@tick=0 涉及对=[] | 死锁检出拍=13958 重规划脱困=0 | 最大wait=7004.0s(V0) ====[0m
[33m[WARN] [1788611596.370049951]: [BATCH_ACTION_METRICS] V0 tasks=3 max_wait=7004.0 active_s=7170.6 STOP=7006.0 CREEP=6.5 YIELD=7.5 NOMINAL=150.6 BOOST=0.0 nominal_ratio=0.021002 transitions=6[0m
[33m[WARN] [1788611596.370221887]: [BATCH_ACTION_METRICS] V1 tasks=2 max_wait=7004.0 active_s=7180.4 STOP=7049.9 CREEP=2.5 YIELD=0.0 NOMINAL=128.0 BOOST=0.0 nominal_ratio=0.017826 transitions=19[0m
[33m[WARN] [1788611596.370388949]: [BATCH_DYN_SPEED_EVALUATED] baseline_conflicts=36 crossing=7 opposing=10 same_direction=0 bridge_checked=17 bridge_related_a=9 bridge_related_b=9 bridge_corrected_pairs=10 bridge_backtrack_avg=11.68 bridge_backtrack_max=50 bridge_nearest_evaluations=7410 far=2 mid=4 near=11 emergency_stop=8 yield_eval=4 yield_clear=0 yield_delayed=0 creep_eval=3 creep_clear=0 creep_delayed=0 selected_conflict_remaining=0 a1_fallback=19 existing_reservation=1348 nominal_recovery=1 reservation_create=19 reservation_update=0 reservation_delete=28 ordinary_create=0 a1_create=19 terminal_create=0 inside_create=0 braking_create=0 deadlock_create=0 multi_vehicle_create=0 other_create=0 duplicate_pair_authority=0[0m
[33m[WARN] [1788611596.370559446]: [BATCH_DYN_SPEED_EXECUTED] far_periods=2 mid_periods=4 near_periods=11 legacy_periods=0 far_to_nominal=2 mid_to_yield=4 near_to_creep=3 nominal_to_creep=0 nominal_to_stop=1 yield_to_stop=0 creep_to_stop=1 selected_rollout_clear=0 yield_delayed=0 creep_delayed=0 eventually_resolved=3 target_STOP=7055 target_CREEP=3 target_YIELD=4 target_NOMINAL=152 target_BOOST=0 reservation_create=3 reservation_update=0 reservation_delete=3 existing_reservation=243 ordinary_create=0 a1_create=3 terminal_create=0 inside_create=0 braking_create=0 deadlock_create=0 multi_vehicle_create=0 other_create=0[0m
[33m[WARN] [1788611596.370719099]: [BATCH_A1_SERVICE] create=6 hold=3557 change=0 release=5 invalidate=0 arrival_preemptions=0 faster_candidate_observed=0 max_duration=7003.9[0m
[33m[WARN] [1788611596.370889441]: [BATCH_A1_LAUNCH] allow=5 hold=0 a1_prefix_hold=0 ordinary_road_hold=0 retries=0 released_after_hold=0 max_hold=0.0 active_holds=0[0m
[33m[WARN] [1788611596.371055225]: [BATCH_RUNTIME] requested_ticks=72000 completed_ticks=72000 real_sim_t=7200.0 dt=0.100 wedge_episodes=1 reciprocal_stop_cycles=0[0m
on=15.00 frames=150 commit_frames=20[0m
[0m[INFO] [1788611596.238722996]: [sim_plan] built plan=3591 start=7166.10 horizon=15.00 frames=150 commit_frames=20[0m
[0m[INFO] [1788611596.246767403]: [sim_plan] built plan=3592 start=7168.10 horizon=15.00 frames=150 commit_frames=20[0m
[0m[INFO] [1788611596.254811771]: [sim_plan] built plan=3593 start=7170.10 horizon=15.00 frames=150 commit_frames=20[0m
[0m[INFO] [1788611596.262976808]: [sim_plan] built plan=3594 start=7172.10 horizon=15.00 frames=150 commit_frames=20[0m
[0m[INFO] [1788611596.271083373]: [sim_plan] built plan=3595 start=7174.10 horizon=15.00 frames=150 commit_frames=20[0m
[0m[INFO] [1788611596.279152908]: [sim_plan] built plan=3596 start=7176.10 horizon=15.00 frames=150 commit_frames=20[0m
[0m[INFO] [1788611596.287376766]: [sim_plan] built plan=3597 start=7178.10 horizon=15.00 frames=150 commit_frames=20[0m
[0m[INFO] [1788611596.295567832]: [sim_plan] built plan=3598 start=7180.10 horizon=15.00 frames=150 commit_frames=20[0m
[0m[INFO] [1788611596.303722739]: [sim_plan] built plan=3599 start=7182.10 horizon=15.00 frames=150 commit_frames=20[0m
[0m[INFO] [1788611596.311695491]: [sim_plan] built plan=3600 start=7184.10 horizon=15.00 frames=150 commit_frames=20[0m
[0m[INFO] [1788611596.319623047]: [sim_plan] built plan=3601 start=7186.10 horizon=15.00 frames=150 commit_frames=20[0m
[0m[INFO] [1788611596.327637228]: [sim_plan] built plan=3602 start=7188.10 horizon=15.00 frames=150 commit_frames=20[0m
[0m[INFO] [1788611596.335581786]: [sim_plan] built plan=3603 start=7190.10 horizon=15.00 frames=150 commit_frames=20[0m
[0m[INFO] [1788611596.343635061]: [sim_plan] built plan=3604 start=7192.10 horizon=15.00 frames=150 commit_frames=20[0m
[0m[INFO] [1788611596.352283282]: [sim_plan] built plan=3605 start=7194.10 horizon=15.00 frames=150 commit_frames=20[0m
[0m[INFO] [1788611596.360559219]: [sim_plan] built plan=3606 start=7196.10 horizon=15.00 frames=150 commit_frames=20[0m
[0m[INFO] [1788611596.368863609]: [sim_plan] built plan=3607 start=7198.10 horizon=15.00 frames=150 commit_frames=20[0m
[0m[INFO] [1788611596.369155632]: [batch] 72000/72000 ticks (sim_t=7200s) hard_guard=0[0m
[31m================================================================================REQUIRED process [multi_vehicle_patrol_node-2] has died!
process has finished cleanly
log file: /home/lsj/.ros/log/e2aaca7c-a925-11f1-bcc4-5d39cb12f48f/multi_vehicle_patrol_node-2*.log
Initiating shutdown!
================================================================================[0m
... logging to /home/lsj/.ros/log/e2aaca7c-a925-11f1-bcc4-5d39cb12f48f/roslaunch-Lacia-633.log
Checking log directory for disk usage. This may take a while.
Press Ctrl-C to interrupt
Done checking log file disk usage. Usage is <1GB.
]2;/mnt/d/desktop/叉车/src/forklift_planner/launch/multi_vehicle_phase2_batch.launch
[1mstarted roslaunch server http://Lacia:42521/[0m

SUMMARY
========

PARAMETERS
 * /forklift_map/arrow_size: 0.06
 * /forklift_map/bottom_shelf_depth: 0.25
 * /forklift_map/corridor_height: 0.6385
 * /forklift_map/field_height: 4.5
 * /forklift_map/field_width: 2.5
 * /forklift_map/frame_id: map
 * /forklift_map/max_steer_angle: 0.4
 * /forklift_map/max_steer_rate: 0.25
 * /forklift_map/path_resolution: 0.01
 * /forklift_map/pre_dock_clearance: 0.15
 * /forklift_map/road_line_width: 0.02
 * /forklift_map/row1_left_aisle: 0.58
 * /forklift_map/row1_mini_shelf: 0.2
 * /forklift_map/row1_shelf_width: 1.14
 * /forklift_map/row2_gap: 0.25
 * /forklift_map/row2_left_width: 1.125
 * /forklift_map/row3_center_aisle: 0.5
 * /forklift_map/row3_left_shelf: 1.0
 * /forklift_map/shelf_row_depth: 0.482
 * /forklift_map/show_slot_ids: True
 * /forklift_map/show_slot_poses: True
 * /forklift_map/tb_shelf_width: 1.125
 * /forklift_map/turn_speed: 0.2
 * /forklift_map/vehicle_length: 0.211
 * /forklift_map/vehicle_width: 0.191
 * /forklift_map/wheel_base: 0.143
 * /forklift_planner/frame_id: map
 * /forklift_planner/max_steer_angle: 0.4
 * /forklift_planner/max_steer_rate: 0.25
 * /forklift_planner/multi_vehicle/a1_pickup_center_x: 1.25
 * /forklift_planner/multi_vehicle/a1_pickup_center_y: 4.375
 * /forklift_planner/multi_vehicle/a1_pickup_theta: 1.5707963267948966
 * /forklift_planner/multi_vehicle/a1_pre_dock_x: 1.25
 * /forklift_planner/multi_vehicle/a1_pre_dock_y: 4.1
 * /forklift_planner/multi_vehicle/a1_stop_margin: 0.1
 * /forklift_planner/multi_vehicle/action_hold_time: 0.4
 * /forklift_planner/multi_vehicle/boost_ratio: 1.2
 * /forklift_planner/multi_vehicle/bridge_backtrack_step: 0.025
 * /forklift_planner/multi_vehicle/bridge_opposing_threshold: -0.5
 * /forklift_planner/multi_vehicle/conflict_margin: 0.04
 * /forklift_planner/multi_vehicle/creep_ratio: 0.25
 * /forklift_planner/multi_vehicle/dwell_time: 5.0
 * /forklift_planner/multi_vehicle/dynamic_speed_far_threshold: 10.0
 * /forklift_planner/multi_vehicle/dynamic_speed_near_threshold: 5.0
 * /forklift_planner/multi_vehicle/dynamic_stop_time_margin: 0.1
 * /forklift_planner/multi_vehicle/emergency_time: 0.8
 * /forklift_planner/multi_vehicle/enable_boost: True
 * /forklift_planner/multi_vehicle/enable_cycle_break: False
 * /forklift_planner/multi_vehicle/enable_deadlock_recovery: False
 * /forklift_planner/multi_vehicle/enable_deadlock_reverse: False
 * /forklift_planner/multi_vehicle/enable_priority_tiebreak: True
 * /forklift_planner/multi_vehicle/enable_stall_release: False
 * /forklift_planner/multi_vehicle/final_decision_time: 2.0
 * /forklift_planner/multi_vehicle/following_creep_distance: 0.22
 * /forklift_planner/multi_vehicle/following_min_distance: 0.13
 * /forklift_planner/multi_vehicle/following_normal_distance: 0.35
 * /forklift_planner/multi_vehicle/kink_cusp_angle: 2.53
 * /forklift_planner/multi_vehicle/kink_min_angle: 0.61
 * /forklift_planner/multi_vehicle/lat_accel_max: 0.06
 * /forklift_planner/multi_vehicle/log_invalid_task_pairs: False
 * /forklift_planner/multi_vehicle/max_accel: 0.2
 * /forklift_planner/multi_vehicle/max_decel: 0.3
 * /forklift_planner/multi_vehicle/max_speed: 0.26
 * /forklift_planner/multi_vehicle/nominal_speed: 0.2
 * /forklift_planner/multi_vehicle/one_shot_traj: False
 * /forklift_planner/multi_vehicle/path_validation_step: 0.02
 * /forklift_planner/multi_vehicle/pickup_dwell_time: 5.0
 * /forklift_planner/multi_vehicle/precompute_task_filter: True
 * /forklift_planner/multi_vehicle/prediction_horizon: 15.0
 * /forklift_planner/multi_vehicle/prediction_step: 0.05
 * /forklift_planner/multi_vehicle/quiet_task_filter_precompute: True
 * /forklift_planner/multi_vehicle/random_seed: 2026
 * /forklift_planner/multi_vehicle/randomize_start: False
 * /forklift_planner/multi_vehicle/real_mode: False
 * /forklift_planner/multi_vehicle/recent_row_memory: 4
 * /forklift_planner/multi_vehicle/recent_target_memory: 5
 * /forklift_planner/multi_vehicle/reject_boundary_violations: True
 * /forklift_planner/multi_vehicle/reject_curvature_discontinuity: False
 * /forklift_planner/multi_vehicle/reject_path_kinks: True
 * /forklift_planner/multi_vehicle/reject_shelf_collisions: False
 * /forklift_planner/multi_vehicle/reproducible_task_random: True
 * /forklift_planner/multi_vehicle/rolling_horizon: 15.0
 * /forklift_planner/multi_vehicle/rolling_refresh_period: 2.0
 * /forklift_planner/multi_vehicle/safety_margin: 0.0
 * /forklift_planner/multi_vehicle/save_a1_cycle_catalog: False
 * /forklift_planner/multi_vehicle/show_paths: False
 * /forklift_planner/multi_vehicle/show_prediction_conflicts: True
 * /forklift_planner/multi_vehicle/simple_forward_demo: False
 * /forklift_planner/multi_vehicle/skip_arc_fallback_paths: False
 * /forklift_planner/multi_vehicle/start_slots: [38, 20]
 * /forklift_planner/multi_vehicle/starvation_wait_time: 8.0
 * /forklift_planner/multi_vehicle/target_request_distance: 0.45
 * /forklift_planner/multi_vehicle/target_slots: [9, 10, 8, 41, 52...
 * /forklift_planner/multi_vehicle/target_stop_distance: 0.12
 * /forklift_planner/multi_vehicle/unload_dwell_time: 5.0
 * /forklift_planner/multi_vehicle/use_a1_cycle: True
 * /forklift_planner/multi_vehicle/vehicle_count: 2
 * /forklift_planner/multi_vehicle/warning_time: 5.0
 * /forklift_planner/multi_vehicle/yield_ratio: 0.5
 * /forklift_planner/path_color_b: 1.0
 * /forklift_planner/path_color_g: 0.8
 * /forklift_planner/path_color_r: 0.2
 * /forklift_planner/path_resolution: 0.01
 * /forklift_planner/random_seed: 2026
 * /forklift_planner/stop_duration: 2.0
 * /forklift_planner/terminal_docking_mode: auto
 * /forklift_planner/turn_model: clothoid
 * /forklift_planner/update_rate: 10.0
 * /forklift_planner/vehicle_speed: 0.2
 * /forklift_planner/wheel_base: 0.143
 * /multi_vehicle_patrol_node/batch_minutes: 120
 * /multi_vehicle_patrol_node/coord_log_file: <...>
 * /multi_vehicle_patrol_node/debug_log_dir: <...>
 * /multi_vehicle_patrol_node/one_shot: False
 * /multi_vehicle_patrol_node/target_only: -1
 * /rosdistro: noetic
 * /rosversion: 1.17.4
 * /use_sim_time: False

NODES
  /
    multi_vehicle_patrol_node (forklift_planner/multi_vehicle_patrol_node)

auto-starting new master
[1mprocess[master]: started with pid [646][0m
[1mROS_MASTER_URI=http://localhost:11311[0m
]2;/mnt/d/desktop/叉车/src/forklift_planner/launch/multi_vehicle_phase2_batch.launch http://localhost:11311
[1msetting /run_id to e2aaca7c-a925-11f1-bcc4-5d39cb12f48f[0m
[1mprocess[rosout-1]: started with pid [658][0m
started core service [/rosout]
[1mprocess[multi_vehicle_patrol_node-2]: started with pid [665][0m
[multi_vehicle_patrol_node-2] killing on exit
[rosout-1] killing on exit
[master] killing on exit
shutting down processing monitor...
... shutting down processing monitor complete
[1mdone[0m
